ply
format ascii 1.0
element vertex 2954
property float x
property float y
property float z
property uchar red
property uchar green
property uchar blue
property float nx
property float ny
property float nz
element face 5770
property list uchar int vertex_indices
end_header
2.09026e+06 719671 80.2719 203 248 175 0.934187 -0.356781 0.00126071 
2.09025e+06 719702 80.2719 203 248 176 -0.598461 -0.168175 0.783302 
2.09026e+06 719671 80.2719 203 248 175 0.0294386 -0.995462 0.0904965 
2.09024e+06 719686 80.2719 203 247 175 -0.44308 0.616968 0.650408 
2.09026e+06 719671 80.2719 203 248 175 -0.102032 -0.944787 -0.311395 
2.09026e+06 719671 80.2719 203 248 175 -0.461758 -0.838005 0.290736 
2.09025e+06 719704 80.2719 203 248 176 -0.571215 0.150634 0.80686 
2.09025e+06 719675 80.2719 203 248 175 -0.738212 -0.531052 0.415964 
2.09024e+06 719686 80.2719 203 247 175 -0.616052 0.649443 0.445762 
2.09025e+06 719676 80.2719 203 248 175 -0.0676237 -0.99771 0.00104037 
2.09025e+06 719704 80.2719 203 248 176 -0.550193 0.45046 0.703117 
2.09029e+06 719694 80.2719 202 247 176 0.444831 0.278596 0.851181 
2.09026e+06 719664 80.2719 203 247 175 0.0563227 0.0329435 0.997869 
2.09025e+06 719705 80.2719 205 248 174 -0.479416 0.456351 0.749602 
2.09025e+06 719686 80.2719 204 247 175 -0.999999 0.000977516 0.000977516 
2.09025e+06 719706 80.2719 203 248 175 -0.442166 0.619033 0.649067 
2.09027e+06 719666 80.2719 204 248 175 0.0421465 -0.135552 0.989873 
2.09025e+06 719706 80.2719 203 248 175 -0.194818 0.524045 0.829109 
2.09027e+06 719666 80.2719 204 248 175 0.027545 -0.226348 0.973657 
2.09026e+06 719665 80.2719 203 247 175 0.0950315 0.0273079 0.9951 
2.09027e+06 719666 80.2719 204 248 175 -0.129603 -0.331511 0.934507 
2.09024e+06 719687 80.2719 204 247 174 -0.777654 -0.248787 0.577373 
2.09025e+06 719706 80.2719 203 248 175 -0.400899 0.585675 0.70446 
2.09026e+06 719666 80.2719 203 247 175 0.0709285 0.0491043 0.996272 
2.09024e+06 719688 80.2719 204 247 174 -0.601075 0.0408224 0.798149 
2.09025e+06 719707 80.2719 205 248 174 -0.148928 0.618279 0.77172 
2.09025e+06 719707 80.2719 205 248 174 -0.063466 0.839162 0.540166 
2.09024e+06 719689 80.2719 204 247 174 -0.56808 0.137941 0.811331 
2.09029e+06 719694 80.2719 202 247 176 0.321409 0.218558 0.921373 
2.09025e+06 719688 80.2719 204 247 174 0.000977516 0.999999 0.000977516 
2.09027e+06 719666 80.2719 204 248 175 -0.0975664 -0.473692 0.87527 
2.09025e+06 719689 80.2719 204 247 174 -0.288984 0.608304 0.739225 
2.09027e+06 719666 80.2719 203 247 175 -0.00307933 -0.0502957 0.99873 
2.09028e+06 719698 80.2719 203 247 175 0.592842 0.586086 0.552306 
2.09029e+06 719693 80.2719 203 247 176 0.326732 0.326732 0.886844 
2.09028e+06 719698 80.2719 203 247 175 0.43881 0.675733 0.592309 
2.09027e+06 719665 80.2719 203 247 175 -0.101247 -0.293221 0.950668 
2.09025e+06 719689 80.2719 204 247 175 -0.999999 0.000977516 0.000977516 
2.09024e+06 719675 80.2719 203 248 175 -0.0295777 -0.353646 0.934912 
2.09027e+06 719665 80.2719 203 248 175 -0.109685 -0.48005 0.870357 
2.09024e+06 719689 80.2719 203 247 175 -0.481128 0.331867 0.811407 
2.09029e+06 719695 80.2719 202 247 176 0.109691 0.342615 0.93305 
2.09025e+06 719690 80.2719 203 247 175 -0.865413 -0.407522 0.291524 
2.09027e+06 719665 80.2719 203 248 175 -0.165187 -0.610739 0.77441 
2.09025e+06 719690 80.2719 203 247 175 -0.632187 0.0209333 0.774533 
2.09027e+06 719664 80.2719 203 248 175 -0.103476 -0.334616 0.936656 
2.09024e+06 719675 80.2719 203 248 175 -0.506047 -0.411061 0.758252 
2.09025e+06 719691 80.2719 203 248 175 -0.731113 0.216684 0.646933 
2.09025e+06 719691 80.2719 203 248 175 -0.668137 0.460496 0.584411 
2.09025e+06 719692 80.2719 203 247 175 -0.869826 0.287911 0.400638 
2.09025e+06 719693 80.2719 203 248 175 -0.756511 0.0766637 0.649472 
2.09025e+06 719694 80.2719 205 248 174 -0.435148 0.00392025 0.900351 
2.09027e+06 719699 80.2719 203 247 175 0.287599 0.8926 0.347205 
2.09025e+06 719696 80.2719 205 248 174 -0.567718 0.121759 0.814169 
2.09024e+06 719675 80.2719 203 248 176 -0.0408876 -0.610495 0.790964 
2.09027e+06 719665 80.2719 203 248 175 -0.218569 -0.518146 0.826893 
2.09025e+06 719697 80.2719 203 247 175 -0.433076 0.38833 0.813416 
2.09027e+06 719699 80.2719 203 247 175 0.518461 0.613033 0.596145 
2.09025e+06 719675 80.2719 203 248 176 0.0525634 -0.623658 0.779928 
2.09028e+06 719664 80.2719 203 248 175 0.0165136 -0.344245 0.938735 
2.09027e+06 719700 80.2719 203 248 176 0.281989 0.106238 0.953517 
2.09027e+06 719699 80.2719 203 248 176 0.265294 0.66244 0.700566 
2.09028e+06 719665 80.2719 203 248 175 0.24071 -0.55441 0.796673 
2.09027e+06 719701 80.2719 203 247 175 0.223244 0.0971174 0.969913 
2.09025e+06 719675 80.2719 203 248 176 0.186686 -0.8029 0.566128 
2.09028e+06 719664 80.2719 203 248 175 0.0898835 -0.350143 0.932374 
2.09024e+06 719676 80.2719 203 248 175 -0.607527 -0.450206 0.654389 
2.09024e+06 719677 80.2719 203 248 175 -0.656487 -0.199263 0.727543 
2.09028e+06 719665 80.2719 203 248 175 -0.274712 -0.592297 0.757442 
2.09024e+06 719677 80.2719 203 248 175 -0.708007 -0.189727 0.680242 
2.09028e+06 719665 80.2719 203 248 175 0.00127335 -0.925729 0.378186 
2.09024e+06 719678 80.2719 203 248 175 -0.805613 -0.020799 0.592077 
2.09027e+06 719666 80.2719 204 248 175 -0.0893241 -0.50617 0.857795 
2.09027e+06 719701 80.2719 203 247 175 0.14945 0.159497 0.97582 
2.09024e+06 719680 80.2719 203 248 175 -0.726264 -0.00694325 0.687381 
2.09025e+06 719675 80.2719 204 248 175 0.309385 -0.946588 0.0908408 
2.09024e+06 719681 80.2719 203 248 175 -0.588363 0.158 0.79301 
2.09025e+06 719697 80.2719 203 247 175 -0.663563 0.39218 0.637086 
2.09024e+06 719681 80.2719 203 248 175 -0.656157 0.435769 0.616087 
2.09027e+06 719702 80.2719 203 247 175 0.161129 0.192066 0.968064 
2.09025e+06 719698 80.2719 203 247 175 -0.575979 0.151101 0.803378 
2.09027e+06 719666 80.2719 204 248 175 -0.139567 -0.733851 0.664818 
2.09025e+06 719699 80.2719 203 248 176 -0.537654 0.350363 0.766925 
2.09024e+06 719682 80.2719 203 248 175 -0.879315 0.358688 0.313285 
2.09025e+06 719701 80.2719 203 248 176 -0.239542 -0.193528 0.951402 
2.09027e+06 719668 80.2719 204 248 175 -0.487638 0.387194 0.782489 
2.09025e+06 719701 80.2719 203 248 176 -0.499307 -0.177366 0.848077 
2.09024e+06 719683 80.2719 203 247 175 -0.805527 0.0789732 0.587273 
2.09027e+06 719668 80.2719 204 248 175 -0.987374 -0.143724 0.0666039 
2.09024e+06 719684 80.2719 203 248 175 -0.702419 0.0953179 0.705352 
2.09027e+06 719669 80.2719 204 247 175 -0.746638 -0.155991 0.646683 
2.09027e+06 719670 80.2719 204 247 175 -0.372047 -0.928213 0.00126979 
2.09028e+06 719668 80.2719 203 248 176 0.953997 0.0339367 0.297888 
2.09028e+06 719669 80.2719 203 248 176 0.980118 -0.0813728 0.180964 
2.09025e+06 719699 80.2719 208 248 172 -0.39151 0.436254 0.810186 
2.09028e+06 719671 80.2719 203 247 175 0.999999 0.000977516 0.000977516 
2.09025e+06 719674 80.2719 203 248 176 -0.142872 -0.403153 0.903911 
2.09025e+06 719700 80.2719 208 248 172 -0.598755 0.46458 0.652425 
2.09028e+06 719697 80.2719 203 248 176 0.000977516 0.999999 0.000977516 
2.09025e+06 719700 80.2719 208 248 172 -0.983996 0.00113494 0.178186 
2.09028e+06 719671 80.2719 203 247 176 0.394801 -0.294195 0.870391 
2.09025e+06 719701 80.2719 203 248 175 -0.511958 -0.462253 0.724031 
2.09028e+06 719672 80.2719 203 247 175 0.717561 -0.429211 0.548528 
2.09028e+06 719697 80.2719 203 248 176 0.584442 0.75417 0.299426 
2.09028e+06 719672 80.2719 203 247 176 0.661664 -0.438332 0.608331 
2.09028e+06 719697 80.2719 204 248 176 -0.538261 0.508078 0.672407 
2.09028e+06 719673 80.2719 203 248 176 0.598449 -0.15828 0.78537 
2.09028e+06 719698 80.2719 203 248 176 -0.387428 0.00127864 0.921899 
2.09028e+06 719674 80.2719 203 247 176 0.745927 -0.429772 0.508811 
2.09028e+06 719674 80.2719 203 247 176 0.559183 -0.589592 0.582834 
2.09028e+06 719675 80.2719 203 247 176 0.532542 -0.452909 0.715033 
2.09028e+06 719698 80.2719 203 248 176 0.0353326 0.710892 0.702413 
2.09025e+06 719674 80.2719 203 248 176 -0.358067 -0.119356 0.926036 
2.09028e+06 719698 80.2719 203 248 176 0.072021 0.523918 0.848719 
2.09028e+06 719698 80.2719 203 248 176 -0.123509 0.438671 0.89012 
2.09028e+06 719698 80.2719 203 248 176 -0.13798 0.0813727 0.987087 
2.09025e+06 719673 80.2719 203 248 175 -0.418497 -0.74673 0.516967 
2.09028e+06 719700 80.2719 203 248 176 -0.120249 -0.169836 0.978108 
2.09028e+06 719700 80.2719 203 248 176 -0.0322441 -0.114522 0.992897 
2.09028e+06 719698 80.2719 203 248 176 -0.111142 0.00107905 0.993804 
2.09026e+06 719666 80.2719 203 247 175 0.0797954 0.0448166 0.995803 
2.09028e+06 719699 80.2719 203 248 176 -0.179262 -0.107557 0.977904 
2.09026e+06 719667 80.2719 203 247 175 0.166031 -0.0217558 0.98588 
2.09028e+06 719701 80.2719 203 248 175 -0.108021 0.0163669 0.994014 
2.09026e+06 719668 80.2719 203 247 175 0.139877 -0.177681 0.974096 
2.09028e+06 719702 80.2719 203 248 175 -0.169394 0.0241992 0.985251 
2.09026e+06 719669 80.2719 203 248 176 0.484175 -0.0711611 0.872073 
2.09026e+06 719669 80.2719 203 248 176 -0.33248 -0.426137 0.841347 
2.09026e+06 719670 80.2719 203 248 176 0.776547 -0.553309 0.30137 
2.09026e+06 719668 80.2719 203 248 175 0.204408 -0.145271 0.968046 
2.09027e+06 719667 80.2719 204 248 175 -0.153918 -0.0428192 0.987155 
2.09027e+06 719667 80.2719 204 248 175 -0.273924 0.00120671 0.961751 
2.09027e+06 719667 80.2719 203 247 175 -0.126787 0.0983488 0.987042 
2.09026e+06 719669 80.2719 203 247 175 0.5485 -0.257842 0.795403 
2.09027e+06 719670 80.2719 204 248 175 -0.414102 -0.813815 0.407707 
2.09028e+06 719675 80.2719 211 248 171 0.405246 -0.49313 0.769804 
2.09026e+06 719707 80.2719 204 248 175 0.181851 0.306787 0.934244 
2.09024e+06 719685 80.2719 203 248 176 -0.323601 0.180712 0.928776 
2.09026e+06 719707 80.2719 204 248 175 0.118169 0.214738 0.969497 
2.09026e+06 719705 80.2719 204 248 175 0.109184 0.133181 0.985059 
2.09026e+06 719706 80.2719 204 248 175 0.150158 0.19636 0.968966 
2.09025e+06 719707 80.2719 204 248 175 -0.172054 0.417845 0.892078 
2.09026e+06 719706 80.2719 204 248 175 0.0848897 0.156627 0.984003 
2.09026e+06 719702 80.2719 203 248 175 0.258722 0.195753 0.945909 
2.09026e+06 719704 80.2719 203 248 175 0.258638 0.214379 0.941885 
2.09026e+06 719704 80.2719 203 248 175 0.189729 0.184495 0.964347 
2.09026e+06 719705 80.2719 203 248 175 0.130753 0.113959 0.984844 
2.09028e+06 719668 79.7236 203 248 176 0.090919 -0.00748744 0.99583 
2.09026e+06 719671 80.1116 203 248 175 0.10627 -0.101599 0.989133 
2.09026e+06 719664 80.2588 203 247 175 0.093588 0.0665264 0.993386 
2.09029e+06 719668 79.6715 203 248 176 0.0192438 0.0172182 0.999667 
2.09026e+06 719671 80.2016 203 248 175 -0.0359146 -0.163354 0.985914 
2.09025e+06 719702 79.7001 203 248 176 -0.129267 -0.0756968 0.988716 
2.09026e+06 719665 80.1797 203 247 175 0.079782 -0.0117014 0.996744 
2.09025e+06 719675 79.8741 203 248 175 -0.0222149 -0.192919 0.980963 
2.09029e+06 719686 79.7701 202 247 176 0.0109874 -0.0129851 0.999855 
2.09026e+06 719664 80.15 204 247 176 0.0581862 0.0713604 0.995752 
2.09027e+06 719659 80.0494 203 247 175 0.0759119 -0.0539085 0.995656 
2.09025e+06 719702 79.9311 203 248 176 -0.338072 -0.130028 0.932094 
2.09026e+06 719665 80.0736 204 247 176 0.00907847 -0.025218 0.999641 
2.0903e+06 719686 79.7778 202 247 176 0.0271799 -0.00503332 0.999618 
2.09027e+06 719659 79.964 203 247 175 0.0630761 -0.0331417 0.997458 
2.09026e+06 719666 80.2505 203 247 175 0.085911 0.132985 0.987388 
2.09029e+06 719688 79.7739 202 247 176 0.0149533 -0.00498443 0.999876 
2.09025e+06 719704 79.7418 203 248 176 -0.161998 0.0124614 0.986712 
2.09026e+06 719666 80.2084 203 247 175 0.0330755 0.0608163 0.997601 
2.09027e+06 719660 80.0912 203 247 175 0.0857956 -0.0293226 0.995881 
2.09027e+06 719660 79.9942 203 247 175 0.0741922 -0.0311822 0.996756 
2.09025e+06 719704 80.0825 203 248 176 -0.360265 0.0510922 0.93145 
2.09027e+06 719659 79.8881 203 247 175 0.0601903 -0.0242873 0.997891 
2.09026e+06 719666 80.2144 203 247 175 -0.0196693 0.0403737 0.998991 
2.09025e+06 719705 79.7621 203 248 176 -0.0459168 0.00102037 0.998945 
2.09028e+06 719669 79.773 203 248 176 0.072364 0.00524377 0.997364 
2.09027e+06 719664 80.1297 204 247 176 0.00708896 0.0293686 0.999544 
2.09025e+06 719705 79.7272 203 248 176 -0.199556 0.0929606 0.975467 
2.09029e+06 719669 79.6472 203 248 176 0.0510221 0.015619 0.998575 
2.09027e+06 719665 80.1815 204 247 176 -0.00103634 -0.063217 0.997999 
2.09027e+06 719660 79.9178 203 247 175 0.0497488 -0.03493 0.998151 
2.09025e+06 719705 80.1168 203 248 176 -0.365229 0.137482 0.92071 
2.09029e+06 719668 79.7057 203 248 176 -0.0238118 0.0362353 0.99906 
2.09027e+06 719661 80.1232 203 247 175 0.080618 -0.0247229 0.996438 
2.09027e+06 719661 80.0321 203 247 175 0.0766589 -0.0313114 0.996566 
2.09027e+06 719661 79.9562 203 247 175 0.0496474 -0.0327462 0.99823 
2.09027e+06 719659 79.8325 203 247 175 0.0383048 -0.0217405 0.99903 
2.0903e+06 719688 79.7502 202 247 176 0.0231088 -0.00703312 0.999708 
2.09025e+06 719706 79.7226 203 248 176 -0.0398853 -0.00715891 0.999179 
2.09027e+06 719660 79.86 203 247 175 0.0347865 -0.0474362 0.998268 
2.09025e+06 719706 79.8535 203 248 176 -0.135432 0.0212662 0.990558 
2.09027e+06 719659 79.7985 203 247 175 0.0194351 -0.029664 0.999371 
2.09027e+06 719664 80.1312 203 247 175 0.0402904 0.0196287 0.998995 
2.09027e+06 719660 79.838 203 247 175 0.017527 -0.0402089 0.999038 
2.09027e+06 719665 80.0734 203 247 175 0.0651844 -0.0696037 0.995443 
2.0903e+06 719686 79.7091 203 248 176 0.0294861 -0.0132179 0.999478 
2.09027e+06 719666 80.2716 203 247 175 -0.0677984 -0.07669 0.994747 
2.09027e+06 719661 79.9376 203 247 175 0.0303881 -0.0429624 0.998614 
2.09029e+06 719669 79.6492 203 248 176 -0.015435 0.0380729 0.999156 
2.09025e+06 719706 80.0748 203 248 176 -0.168741 0.136243 0.976199 
2.09024e+06 719673 79.7848 203 248 176 -0.00306764 0.0439695 0.999028 
2.09028e+06 719671 79.7593 203 248 176 0.0478229 0.043572 0.997905 
2.09025e+06 719707 79.7157 203 248 176 -0.0171154 0.0151018 0.999739 
2.09027e+06 719661 79.8832 203 247 175 0.0239069 -0.0405378 0.998892 
2.09029e+06 719671 79.6347 203 248 176 0.0594531 -0.00938734 0.998187 
2.09025e+06 719707 79.7794 203 248 176 -0.0618245 0.0509781 0.996784 
2.09029e+06 719671 79.6061 203 248 176 0.0272348 0.00504347 0.999616 
2.09027e+06 719659 79.7804 203 248 176 0.0196302 -0.0382273 0.999076 
2.09027e+06 719660 79.8471 203 248 176 0.00505307 -0.031329 0.999496 
2.09025e+06 719707 79.8414 203 248 176 -0.0582975 0.120024 0.991058 
2.09027e+06 719659 79.7651 203 248 175 0.0113847 -0.0486438 0.998751 
2.09029e+06 719668 79.7273 202 248 176 0.0149531 0.00697811 0.999864 
2.09027e+06 719660 79.8412 203 248 175 0.017598 -0.0424422 0.998944 
2.09027e+06 719661 79.8552 203 248 175 0.0112281 -0.0357257 0.999299 
2.09025e+06 719708 79.7021 203 248 176 0.00493571 0.00493571 0.999976 
2.09029e+06 719669 79.7025 202 248 176 -0.0114296 0.0529917 0.99853 
2.0903e+06 719688 79.7223 203 248 176 0.0272348 -0.00504347 0.999616 
2.09024e+06 719673 79.7743 203 248 176 -0.00934954 0.057136 0.998323 
2.09025e+06 719708 79.7197 203 248 176 -0.0321578 0.0321578 0.998965 
2.09024e+06 719674 79.7396 203 248 176 0.00511269 0.0439691 0.99902 
2.09027e+06 719661 79.8576 203 248 176 0.00508318 -0.0355823 0.999354 
2.09024e+06 719674 79.7243 203 248 176 -0.0172858 0.0254203 0.999527 
2.09024e+06 719673 79.8217 203 248 176 -0.0413625 0.047726 0.998004 
2.09029e+06 719689 79.7862 202 247 176 -0.000979427 -0.00293828 0.999995 
2.09024e+06 719674 79.775 203 248 176 -0.054422 0.0394826 0.997737 
2.0903e+06 719689 79.7939 202 247 176 0.0274534 -0.0152519 0.999507 
2.09027e+06 719659 79.7522 203 248 176 0.0281223 -0.0385379 0.998861 
2.09024e+06 719675 79.7005 203 248 176 -0.0235272 0.0255731 0.999396 
2.09027e+06 719660 79.7967 203 248 176 0.0480221 -0.0458877 0.997792 
2.09024e+06 719675 79.7491 203 248 176 -0.00496489 0.0109227 0.999928 
2.0903e+06 719689 79.7208 202 247 176 0.0355823 0.00508318 0.999354 
2.09029e+06 719668 79.6567 203 248 176 0.0353671 0.00101049 0.999374 
2.09024e+06 719675 79.711 203 248 176 -0.0547263 0.00309771 0.998497 
2.09025e+06 719708 79.7589 203 248 176 -0.0493416 0.0283452 0.99838 
2.09024e+06 719673 79.8634 203 248 176 -0.0277294 0.0256754 0.999286 
2.0903e+06 719686 79.694 202 248 176 0.0151018 -0.0171154 0.999739 
2.0903e+06 719688 79.7292 202 248 176 0.0210163 -0.00300233 0.999775 
2.0903e+06 719686 79.6738 203 247 176 0.0232481 -0.0111187 0.999668 
2.09025e+06 719709 79.6903 203 248 176 0.0129084 0.00496477 0.999904 
2.09029e+06 719669 79.6808 203 248 176 0.0296046 0.0173544 0.999411 
2.0903e+06 719688 79.6646 203 247 176 0.0271256 0.00301395 0.999627 
2.09024e+06 719674 79.8569 203 248 176 -0.0747627 0.00526498 0.997187 
2.09025e+06 719709 79.6971 203 248 176 -0.0293681 -0.00911423 0.999527 
2.09024e+06 719673 79.9071 203 248 175 -0.00499404 -0.0189774 0.999807 
2.0903e+06 719689 79.7091 202 247 176 0.0232939 0.0151917 0.999613 
2.09029e+06 719671 79.6098 202 248 176 -0.0252689 -0.00909682 0.999639 
2.0903e+06 719689 79.6655 202 248 176 0.0291919 0.00301985 0.999569 
2.09028e+06 719659 79.6866 203 248 175 0.0214385 -0.0255221 0.999444 
2.09029e+06 719671 79.6139 202 248 176 0.00297888 -0.0129085 0.999912 
2.09025e+06 719709 79.7532 203 248 176 -0.0503986 0.00514272 0.998716 
2.09029e+06 719666 79.5989 203 248 176 0.0134808 -0.0508123 0.998617 
2.09029e+06 719666 79.6094 203 248 176 0.0217388 -0.040372 0.998948 
2.09025e+06 719710 79.691 203 247 176 -0.00699205 0.014983 0.999863 
2.09028e+06 719660 79.7199 203 248 175 0.00728622 -0.0593306 0.998212 
2.0903e+06 719686 79.6603 203 247 176 0.0130111 -0.0110094 0.999855 
2.09025e+06 719710 79.7593 203 247 176 -0.0355101 -0.00507288 0.999356 
2.09024e+06 719674 79.9342 203 248 175 -0.093376 -0.131199 0.986949 
2.0903e+06 719688 79.6542 203 247 176 0.0108797 0.000989061 0.99994 
2.09024e+06 719675 79.8608 203 248 175 -0.238288 -0.148765 0.959733 
2.0903e+06 719686 79.6269 203 247 176 0.00891915 -0.00693712 0.999936 
2.09029e+06 719667 79.6685 203 248 176 0.0215252 -0.0276753 0.999385 
2.09029e+06 719667 79.6568 203 248 176 0.0462923 -0.00925846 0.998885 
2.09029e+06 719666 79.5417 203 248 176 0.033958 -0.0216097 0.99919 
2.0903e+06 719688 79.6386 203 247 176 -0.000989061 -0.0108797 0.99994 
2.09029e+06 719667 79.5584 203 248 176 0.0192431 -0.0192431 0.99963 
2.0903e+06 719689 79.6563 203 247 176 0.000990998 -0.012883 0.999917 
2.09024e+06 719671 79.9132 203 248 175 0.00306165 0.0418426 0.99912 
2.09029e+06 719668 79.6317 203 248 176 0.037461 0.00101246 0.999298 
2.09024e+06 719671 79.8913 203 248 175 0.01802 0.0689001 0.997461 
2.09029e+06 719668 79.576 202 247 176 0.0251676 -0.00704694 0.999658 
2.0903e+06 719689 79.6477 203 247 176 0.00490671 -0.000981342 0.999987 
2.09029e+06 719669 79.6393 203 248 176 0.0355818 0.00711637 0.999341 
2.09025e+06 719710 79.7726 203 247 176 -0.0297248 -0.0194749 0.999368 
2.09029e+06 719669 79.5861 203 248 176 0.0129595 -0.00897197 0.999876 
2.09029e+06 719690 79.7967 202 247 176 -0.00898964 0.0149827 0.999847 
2.09029e+06 719671 79.6072 203 248 176 0.0195136 -0.031838 0.999303 
2.0903e+06 719690 79.797 202 247 176 0.0318367 0.0215668 0.99926 
2.09024e+06 719672 79.8915 203 248 175 0.0253696 0.0152218 0.999562 
2.09029e+06 719671 79.5985 203 248 176 0.00706078 -0.0272344 0.999604 
2.09027e+06 719661 79.8406 203 248 176 0.015619 -0.0510221 0.998575 
2.09024e+06 719672 79.7831 203 248 175 0.0319021 0.0216111 0.999257 
2.09028e+06 719672 79.6318 203 248 176 0.032287 0.0364531 0.998814 
2.09025e+06 719671 79.8696 203 248 175 0.00735657 0.0725147 0.99734 
2.09029e+06 719672 79.7038 203 248 176 0.0297832 0.0236211 0.999277 
2.09025e+06 719672 79.8097 203 248 175 0.00907892 0.0232017 0.99969 
2.09028e+06 719661 79.8269 203 248 175 0.0180882 -0.0755448 0.996978 
2.09024e+06 719673 79.8591 203 248 175 0.0453324 -0.0347899 0.998366 
2.09029e+06 719672 79.5991 203 248 176 -0.0191674 -0.0131145 0.99973 
2.09027e+06 719663 80.142 203 248 175 0.0532077 0.0177359 0.998426 
2.09027e+06 719663 80.0685 203 248 175 0.0645392 -0.0201024 0.997713 
2.09025e+06 719711 79.6656 203 248 176 -0.0294869 -0.0111847 0.999503 
2.09028e+06 719673 79.6366 203 248 176 0.0979196 -0.123874 0.987455 
2.09027e+06 719663 79.9918 203 248 175 0.0385356 -0.0302036 0.998801 
2.0903e+06 719690 79.7138 202 247 176 0.0400475 0.0112954 0.999134 
2.09029e+06 719673 79.615 203 248 176 0.00304947 -0.0396431 0.999209 
2.09027e+06 719664 80.069 203 248 175 0.0510221 0.015619 0.998575 
2.09029e+06 719673 79.5917 203 248 176 -0.0157117 -0.0576095 0.998216 
2.09029e+06 719691 79.7523 203 248 176 0.009223 0.0399663 0.999159 
2.09025e+06 719673 79.7929 203 248 176 0.0599456 0.0178785 0.998042 
2.09027e+06 719664 80.0261 203 248 175 0.0420977 0.0112945 0.99905 
2.0903e+06 719691 79.723 203 248 176 0.0218685 0.0468611 0.998662 
2.09025e+06 719671 79.864 203 248 175 0.00103648 0.0611522 0.998128 
2.09025e+06 719672 79.7871 203 248 175 -0.017598 0.0424422 0.998944 
2.09025e+06 719671 79.9105 203 248 176 -0.05713 0.0506625 0.99708 
2.09028e+06 719674 79.8087 203 248 176 0.171959 -0.238609 0.95577 
2.09025e+06 719672 79.8712 203 248 176 -0.0510221 0.015619 0.998575 
2.09025e+06 719711 79.7062 203 248 176 -0.0444195 -0.0134292 0.998923 
2.09027e+06 719663 79.9698 204 248 175 0.0194362 -0.0276199 0.99943 
2.09029e+06 719674 79.8124 203 248 176 0.0313205 -0.170523 0.984856 
2.09029e+06 719674 79.7372 202 248 176 -0.00106879 -0.0993978 0.995047 
2.09027e+06 719663 79.9376 203 247 175 0.0219141 -0.0469588 0.998656 
2.09028e+06 719675 80.0822 202 248 176 0.114528 -0.240637 0.963835 
2.09027e+06 719664 79.9872 204 248 175 -0.000987127 -0.00888415 0.99996 
2.09027e+06 719664 79.9986 203 247 175 -0.0181237 -0.0778252 0.996802 
2.09025e+06 719673 79.7455 203 248 175 -0.0547263 -0.00309771 0.998497 
2.09027e+06 719665 80.0258 203 248 175 0.0446445 -0.0729557 0.996335 
2.09027e+06 719665 79.961 203 248 175 -0.00533583 -0.0928435 0.995666 
2.09027e+06 719666 80.2495 204 248 175 0.0323071 -0.218971 0.975196 
2.09025e+06 719673 79.8866 203 248 175 -0.0974518 -0.0836939 0.991715 
2.09027e+06 719666 80.2064 204 248 175 0.0106519 -0.226057 0.974056 
2.09027e+06 719665 80.0266 203 247 175 -0.0766333 -0.142656 0.986801 
2.09024e+06 719674 79.9022 203 248 176 0.049131 -0.197723 0.979026 
2.09027e+06 719665 80.1773 204 248 175 -0.0529421 -0.165885 0.984723 
2.0903e+06 719691 79.702 203 248 176 0.0256242 0.0256242 0.999343 
2.09025e+06 719674 79.7477 203 248 176 0.0415059 -0.190927 0.980726 
2.09029e+06 719675 79.9957 202 248 176 0.0909287 -0.212997 0.972812 
2.09025e+06 719711 79.814 203 248 176 -0.031392 -0.00708852 0.999482 
2.09029e+06 719675 79.9102 202 248 176 0.0486492 -0.186291 0.981289 
2.0903e+06 719690 79.6785 203 248 176 0.0212263 0.0151617 0.99966 
2.09025e+06 719674 79.8047 203 248 176 -0.0282474 -0.264051 0.964095 
2.09024e+06 719686 79.8799 203 247 175 -0.261951 0.19612 0.944944 
2.09027e+06 719663 79.9266 203 248 175 0.0114283 -0.0550636 0.998417 
2.09025e+06 719674 79.9066 203 247 176 -0.158678 -0.0775493 0.98428 
2.09025e+06 719706 80.2069 203 248 175 -0.0994081 0.311479 0.945039 
2.0903e+06 719690 79.6651 203 248 176 -0.00295558 -0.00689636 0.999972 
2.09025e+06 719675 80.2043 203 248 176 0.132533 -0.188071 0.973172 
2.09025e+06 719707 79.8381 203 248 175 -0.107828 0.151444 0.982567 
2.09024e+06 719675 79.6588 203 248 176 -0.0155575 0.0466724 0.998789 
2.09025e+06 719707 80.1456 203 248 175 -0.155088 0.185849 0.970262 
2.0903e+06 719691 79.6754 203 248 176 0.00888415 -0.000987127 0.99996 
2.09024e+06 719675 79.6825 203 248 176 -0.0134808 0.0508123 0.998617 
2.09024e+06 719686 80.0698 203 247 175 -0.300017 0.00122456 0.953933 
2.09024e+06 719676 79.6042 203 248 176 0.00507323 0.0334833 0.999426 
2.09025e+06 719707 80.27 205 248 174 0.0103483 0.182821 0.983092 
2.09027e+06 719663 79.9082 203 248 175 0.0112945 -0.0420977 0.99905 
2.09024e+06 719688 79.7104 204 247 174 -0.237821 0.084307 0.967643 
2.09027e+06 719664 79.9899 203 247 176 0.00764577 -0.119056 0.992858 
2.09025e+06 719707 80.1133 205 248 174 -0.00113287 0.175594 0.984462 
2.09024e+06 719689 79.5641 204 247 174 -0.231025 0.159738 0.959745 
2.09027e+06 719664 79.9492 203 248 175 -0.0356409 -0.152911 0.987597 
2.0903e+06 719691 79.6914 203 248 176 -0.0192822 -0.0192822 0.999628 
2.09025e+06 719708 79.849 203 248 175 -0.0617874 0.0115197 0.998023 
2.09027e+06 719663 79.9163 203 247 176 -0.0116103 -0.0707172 0.997429 
2.09025e+06 719689 80.0047 204 247 174 0.000977516 0.000977516 0.999999 
2.09028e+06 719663 79.9096 203 247 175 -0.00541841 -0.111619 0.993736 
2.09029e+06 719692 79.6961 202 248 176 0.00717233 0.0440586 0.999003 
2.09024e+06 719676 79.6294 203 248 176 -0.030085 0.0321598 0.99903 
2.0903e+06 719692 79.6928 202 248 176 0.011162 0.029427 0.999505 
2.09027e+06 719664 80.0405 203 247 175 -0.0534291 -0.181659 0.981909 
2.09024e+06 719676 79.6776 203 248 176 -0.0300247 0.0300247 0.999098 
2.09028e+06 719664 80.1137 204 248 176 -0.0528645 -0.237276 0.970003 
2.09024e+06 719677 79.5556 203 248 176 -0.00102845 0.0524508 0.998623 
2.09027e+06 719665 80.1967 203 248 175 -0.022133 -0.187548 0.982006 
2.09024e+06 719691 79.4271 203 247 176 0.0171493 0.0171493 0.999706 
2.09024e+06 719677 79.6088 203 248 176 -0.0329435 0.0563227 0.997869 
2.09027e+06 719665 80.2275 204 248 176 -0.0154014 -0.221544 0.975029 
2.09024e+06 719677 79.6299 203 248 176 -0.0306323 0.051758 0.99819 
2.09024e+06 719691 79.4602 203 247 176 0.0109874 0.0129851 0.999855 
2.09024e+06 719678 79.4867 203 248 177 0.0117449 0.0864854 0.996184 
2.09024e+06 719678 79.5013 203 248 177 -0.0186292 0.108488 0.993923 
2.09024e+06 719678 79.5435 203 247 176 -0.0413389 0.108375 0.99325 
2.09028e+06 719661 79.8196 203 248 175 0.0201392 -0.0688973 0.99742 
2.09024e+06 719680 79.3755 203 247 176 0.0180911 0.0734284 0.997136 
2.09024e+06 719680 79.3368 203 247 176 0.0249228 0.0877716 0.995829 
2.09028e+06 719663 79.9032 203 248 175 -0.00783885 -0.148938 0.988815 
2.09025e+06 719708 79.9323 203 248 176 -0.0961522 0.0984692 0.990484 
2.09024e+06 719680 79.364 203 247 176 -0.0518047 0.139297 0.988895 
2.09024e+06 719692 79.4197 203 247 176 0.00906105 0.0211424 0.999735 
2.09024e+06 719692 79.4745 203 247 176 0.0382273 0.0196302 0.999076 
2.09024e+06 719676 79.6979 203 248 175 -0.0257282 0.0277864 0.999283 
2.09024e+06 719691 79.3489 203 248 176 -0.0198259 0.049043 0.9986 
2.09024e+06 719676 79.7707 203 248 175 -0.217793 -0.0523189 0.974592 
2.09025e+06 719709 79.8405 203 248 176 -0.0492438 0.024098 0.998496 
2.09028e+06 719661 79.734 203 248 175 0.0135354 -0.0531005 0.998497 
2.09024e+06 719677 79.6778 203 248 175 -0.0220013 0.0513363 0.998439 
2.09028e+06 719663 79.8967 203 248 175 0.0324333 -0.121904 0.992012 
2.09024e+06 719677 79.669 203 248 175 -0.282639 -0.0209819 0.958997 
2.0903e+06 719692 79.6701 202 247 176 0.00900763 0.0150127 0.999847 
2.09024e+06 719676 80.1619 203 247 175 -0.362158 -0.236063 0.90173 
2.09025e+06 719709 79.8583 203 248 175 -0.0426129 0.0239048 0.998806 
2.09029e+06 719693 79.6501 202 248 176 0.016913 0.000994882 0.999856 
2.09024e+06 719692 79.3325 203 248 176 0.0172524 -0.0213118 0.999624 
2.09024e+06 719678 79.595 203 248 176 -0.101585 0.0764743 0.991883 
2.0903e+06 719693 79.6533 202 248 176 -0.00494534 0.00890162 0.999948 
2.09024e+06 719693 79.4191 203 248 176 0.0198631 -0.0533166 0.99838 
2.0903e+06 719693 79.6672 202 248 176 0.000983272 0.00491636 0.999987 
2.09024e+06 719693 79.3695 203 248 176 0.00909682 -0.0252689 0.999639 
2.09024e+06 719693 79.3965 203 248 176 -0.0846817 -0.0472898 0.995285 
2.09025e+06 719708 80.0047 203 248 175 -0.0456515 0.16973 0.984433 
2.0903e+06 719692 79.6713 203 248 176 -0.00897218 0.010966 0.9999 
2.09024e+06 719690 79.4452 203 247 175 -0.067522 0.0719497 0.99512 
2.09025e+06 719708 79.9995 203 248 175 -0.0392526 0.115515 0.99253 
2.0903e+06 719692 79.7226 202 247 176 -0.0110094 0.0130111 0.999855 
2.09024e+06 719678 79.801 203 248 176 -0.359825 0.00126254 0.933019 
2.09028e+06 719664 80.2025 203 248 175 0.0101388 -0.154335 0.987967 
2.0903e+06 719693 79.6578 203 248 176 0.00491636 0.000983272 0.999987 
2.09028e+06 719664 80.0697 203 248 175 0.080556 -0.216882 0.972869 
2.09025e+06 719709 79.8925 203 248 175 -0.0343012 0.0322223 0.998892 
2.09024e+06 719680 79.4654 203 248 176 -0.132622 0.103947 0.985701 
2.09024e+06 719690 79.7231 203 247 175 -0.479953 0.219537 0.849381 
2.09028e+06 719665 80.1845 203 248 175 0.00102833 -0.0545017 0.998513 
2.0903e+06 719693 79.6594 203 248 176 -0.0209744 0.000998781 0.99978 
2.09025e+06 719709 79.9368 203 248 175 -0.0216957 0.0382257 0.999034 
2.09024e+06 719691 79.5498 203 247 175 -0.375499 0.178469 0.909478 
2.09024e+06 719692 79.4342 203 248 175 -0.189794 -0.0221233 0.981575 
2.0903e+06 719690 79.7003 203 248 176 0.0170815 -0.0130623 0.999769 
2.09025e+06 719710 79.7837 203 248 175 -0.0417576 0.00101848 0.999127 
2.09025e+06 719692 79.8062 203 248 175 -0.504284 0.17107 0.846424 
2.09025e+06 719710 79.8858 203 248 175 -0.0595743 -0.0135871 0.998131 
2.09028e+06 719664 79.7144 202 248 176 0.0421842 -0.0113177 0.999046 
2.09024e+06 719693 79.6308 203 248 175 -0.162783 -0.0880235 0.982728 
2.09029e+06 719664 79.6741 202 248 176 0.0253196 -0.0111406 0.999617 
2.0903e+06 719690 79.6237 203 248 176 -0.000983272 0.00491636 0.999987 
2.09025e+06 719711 79.7924 203 248 175 -0.0272348 -0.00504347 0.999616 
2.09024e+06 719680 79.6684 203 248 176 -0.382648 0.0326491 0.923317 
2.09025e+06 719693 79.7698 203 248 175 -0.341087 -0.103809 0.934282 
2.09028e+06 719665 79.7393 202 248 176 0.0885319 -0.0638775 0.994023 
2.09025e+06 719711 79.8766 203 248 175 -0.0658246 0.00522418 0.997818 
2.0903e+06 719691 79.7068 202 248 176 0.0312661 -0.00302575 0.999507 
2.09025e+06 719710 79.9333 203 248 175 -0.0109442 -0.00895433 0.9999 
2.09024e+06 719681 79.2152 203 248 175 -0.0265623 0.062687 0.99768 
2.09024e+06 719694 79.5424 203 248 176 -0.0131919 -0.0273985 0.999538 
2.09024e+06 719681 79.3692 203 248 175 -0.245305 0.061015 0.967524 
2.0903e+06 719691 79.6066 203 248 176 0.0130627 0.0150724 0.999801 
2.09025e+06 719710 79.8877 203 248 175 0.0129595 0.00897197 0.999876 
2.09024e+06 719681 79.83 203 248 175 -0.493332 0.0147865 0.869716 
2.09024e+06 719682 79.1933 203 248 175 -0.0131405 -0.021227 0.999688 
2.09025e+06 719711 79.9417 203 247 175 -0.0210583 -0.00501387 0.999766 
2.09024e+06 719682 79.2942 203 248 175 -0.165244 0.0335109 0.985683 
2.09024e+06 719682 79.5783 203 248 175 -0.321408 0.173922 0.930832 
2.0903e+06 719692 79.6924 203 248 176 0.0641398 0.0136691 0.997847 
2.09025e+06 719711 79.9148 203 248 175 0.0192056 -0.0151623 0.999701 
2.09024e+06 719694 79.4832 203 248 176 0.00321388 -0.0974877 0.995232 
2.0903e+06 719692 79.5894 203 248 176 -0.0129595 0.00897197 0.999876 
2.09024e+06 719694 79.4678 203 248 176 -0.0472036 -0.0801363 0.995666 
2.09024e+06 719696 79.5138 203 247 176 -0.0590858 -0.00518297 0.998239 
2.09029e+06 719665 79.712 202 248 176 0.0275635 -0.0193965 0.999432 
2.09024e+06 719696 79.6388 203 247 176 -0.0554237 -0.0619441 0.99654 
2.0903e+06 719693 79.6781 203 248 176 0.0484454 0.00721527 0.9988 
2.09025e+06 719709 79.9799 203 247 175 -0.0391654 0.115258 0.992563 
2.0903e+06 719693 79.5728 203 248 176 -0.00886664 -0.000985182 0.99996 
2.09029e+06 719664 79.6626 203 248 176 0.0402103 -0.0154655 0.999072 
2.09029e+06 719665 79.6711 203 248 176 0.0596971 -0.0157098 0.998093 
2.09025e+06 719710 79.9053 203 247 175 -0.0154044 0.0359437 0.999235 
2.09028e+06 719666 79.7581 203 248 176 0.102381 -0.0075439 0.994717 
2.09029e+06 719694 80.1424 202 247 176 0.204644 0.106716 0.973002 
2.09029e+06 719666 79.7213 203 248 176 0.031329 0.00505307 0.999496 
2.09029e+06 719693 79.9985 203 247 176 0.16479 0.149695 0.974903 
2.09029e+06 719666 79.6931 203 248 176 0.0298444 -0.0236697 0.999274 
2.09024e+06 719696 79.6378 203 247 176 0.0173899 -0.0296651 0.999409 
2.09024e+06 719682 79.9489 203 248 175 -0.450062 0.254781 0.85588 
2.09024e+06 719697 79.5096 203 247 176 -0.0338228 0.015374 0.99931 
2.09029e+06 719694 79.8959 203 247 176 0.1513 0.0645077 0.986381 
2.09024e+06 719683 79.2714 205 247 174 0.0160234 -0.0801171 0.996657 
2.09024e+06 719683 79.3007 205 247 174 -0.0903005 -0.0293749 0.995481 
2.09029e+06 719696 80.165 202 247 176 0.0418942 0.204683 0.977931 
2.09024e+06 719683 79.5069 205 247 174 -0.200469 0.0516179 0.978339 
2.09024e+06 719697 79.6227 203 247 176 -0.0223526 0.0691867 0.997353 
2.09024e+06 719684 79.3801 205 247 174 0.0134808 -0.0508123 0.998617 
2.09024e+06 719697 79.5391 203 247 176 0.0203381 0.0802818 0.996565 
2.09029e+06 719664 79.5805 202 248 176 0.04388 -0.00102047 0.999036 
2.09024e+06 719698 79.4457 203 248 176 -0.000987127 0.00888415 0.99996 
2.09026e+06 719709 79.9237 203 247 175 -0.0445207 0.135845 0.989729 
2.09029e+06 719665 79.5887 202 248 176 0.0447827 -0.0218706 0.998757 
2.09024e+06 719698 79.4564 203 248 176 -0.00101451 0.037537 0.999295 
2.09024e+06 719684 79.391 205 247 174 -0.0154337 -0.0401276 0.999075 
2.09029e+06 719664 79.5461 202 248 176 0.0209743 0.00299633 0.999776 
2.09024e+06 719698 79.4543 203 248 176 0.00734334 0.0681882 0.997645 
2.09024e+06 719684 79.4277 205 247 174 -0.225336 -0.0202683 0.97407 
2.09024e+06 719694 79.6426 203 247 175 -0.239904 -0.0253165 0.970466 
2.09029e+06 719665 79.5558 202 248 176 0.00907892 -0.0232017 0.99969 
2.09025e+06 719694 80.0921 203 248 175 -0.414855 -0.0693691 0.907239 
2.09024e+06 719683 79.7348 203 248 175 -0.37373 0.0245705 0.927212 
2.09029e+06 719666 79.6208 202 248 176 0.0479246 -0.0436646 0.997896 
2.09024e+06 719696 79.6084 203 248 175 -0.141991 0.03067 0.989393 
2.09029e+06 719696 79.9908 202 247 176 0.136963 0.122418 0.982983 
2.09029e+06 719664 79.533 202 248 176 0.0272344 -0.00706078 0.999604 
2.09026e+06 719710 79.911 203 247 175 -0.0429624 0.0303881 0.998614 
2.09029e+06 719665 79.5698 202 248 176 0.0216111 -0.0319021 0.999257 
2.09025e+06 719696 79.9463 203 248 175 -0.370505 0.105273 0.922845 
2.09029e+06 719696 79.859 202 247 176 0.0982274 0.0386287 0.994414 
2.09025e+06 719711 79.9021 203 248 176 0.0029498 -0.00491634 0.999984 
2.09024e+06 719697 79.5581 203 248 175 -0.0679487 0.07686 0.994724 
2.09029e+06 719697 79.9601 202 247 176 0.0496922 0.0872373 0.994947 
2.09024e+06 719684 79.9436 203 248 175 -0.426413 -0.0198025 0.904312 
2.09025e+06 719697 79.7308 203 247 175 -0.279776 0.188814 0.941315 
2.09024e+06 719698 79.4703 203 248 175 -0.0488005 0.0661518 0.996616 
2.09025e+06 719698 79.5844 203 248 175 -0.131039 0.0660994 0.989171 
2.09029e+06 719697 79.8714 202 247 176 0.0705968 0.0840438 0.993958 
2.09025e+06 719697 80.1901 203 247 175 -0.293748 0.363043 0.884258 
2.09029e+06 719697 79.8213 202 247 176 0.0411961 0.0433087 0.998212 
2.09025e+06 719698 79.7589 203 248 175 -0.33266 0.165634 0.928387 
2.09025e+06 719671 80.0156 203 248 175 -0.0555192 0.0178081 0.998299 
2.09029e+06 719698 79.8792 202 247 176 0.0585609 0.0351366 0.997665 
2.09024e+06 719699 79.4169 203 248 176 0.0210163 0.00300233 0.999775 
2.09026e+06 719711 79.8942 203 247 175 -0.0250672 0.00300807 0.999681 
2.09029e+06 719698 79.8224 202 247 176 0.0449652 0.0261426 0.998646 
2.09024e+06 719699 79.4164 203 248 176 -0.0532095 0.0156499 0.998461 
2.09025e+06 719699 79.5605 203 248 176 -0.135555 -0.00330622 0.990764 
2.09029e+06 719698 79.7967 203 247 176 0.0129851 0.0109874 0.999855 
2.09024e+06 719700 79.4295 203 248 176 0.0182304 -0.0847178 0.996238 
2.09024e+06 719700 79.4293 203 248 176 -0.0530404 -0.0573702 0.996943 
2.09029e+06 719664 79.4858 203 248 177 0.0232012 -0.0110962 0.999669 
2.09025e+06 719700 79.5903 203 248 176 -0.146741 -0.0123217 0.989098 
2.09029e+06 719693 79.8747 203 248 176 0.167989 0.109131 0.97973 
2.09029e+06 719665 79.5177 203 248 177 0.0194362 -0.0276199 0.99943 
2.09027e+06 719668 80.0985 204 248 175 -0.127418 0.0372104 0.991151 
2.09025e+06 719699 79.718 203 248 176 -0.255349 0.0431749 0.965885 
2.09027e+06 719669 80.1594 204 247 175 -0.128962 -0.179044 0.975352 
2.09025e+06 719699 80.1173 203 248 176 -0.366002 0.180865 0.912869 
2.09028e+06 719668 80.211 203 248 176 0.169741 0.0125312 0.985409 
2.09025e+06 719700 79.791 203 248 176 -0.233866 -0.0502016 0.970972 
2.09025e+06 719700 79.9887 203 248 176 -0.165607 -0.0359009 0.985538 
2.09028e+06 719669 80.2493 203 248 176 0.190761 0.0127174 0.981554 
2.09024e+06 719701 79.639 203 247 176 0.00938734 -0.0594531 0.998187 
2.09024e+06 719701 79.5246 203 247 176 0.0159607 -0.0755475 0.997014 
2.09028e+06 719668 80.0864 203 247 175 0.148354 0.0237819 0.988648 
2.09025e+06 719701 79.6026 203 247 176 -0.0950242 -0.0570145 0.993841 
2.09028e+06 719669 80.0241 203 247 175 0.190927 0.0415059 0.980726 
2.09024e+06 719702 79.584 203 247 176 -0.00100269 0.0250673 0.999685 
2.09025e+06 719672 79.8691 203 248 175 -0.0954272 0.0340028 0.994856 
2.09025e+06 719713 79.7868 203 248 176 -0.0170141 0.00700582 0.999831 
2.09024e+06 719702 79.6042 203 247 176 -0.0300228 -0.0320933 0.999034 
2.09025e+06 719671 80.1258 203 248 175 -0.133679 -0.00773351 0.990994 
2.09025e+06 719672 80.111 203 248 175 -0.201881 -0.0011536 0.979409 
2.09025e+06 719701 79.7202 203 248 176 -0.264782 -0.05898 0.962503 
2.09025e+06 719673 79.8901 203 248 176 -0.0871133 -0.190177 0.977877 
2.09025e+06 719713 79.828 203 248 176 -0.0298444 0.0236697 0.999274 
2.09025e+06 719673 80.0965 203 248 175 -0.207463 -0.143033 0.96773 
2.09025e+06 719713 79.8574 203 248 176 -0.051758 0.0306323 0.99819 
2.09026e+06 719667 80.0835 203 247 175 0.114285 -0.0277391 0.993061 
2.09025e+06 719700 80.0351 208 248 172 -0.186011 0.00114117 0.982547 
2.09028e+06 719671 80.2309 203 247 175 0.229875 0.0154838 0.973097 
2.09026e+06 719669 80.2596 203 248 176 0.000977516 0.000977516 0.999999 
2.09028e+06 719671 79.9666 203 248 176 0.23763 -0.0253311 0.971025 
2.09028e+06 719668 79.8874 203 248 176 0.147088 0.0330664 0.988571 
2.09026e+06 719667 80.0443 203 247 175 0.0433087 0.0411961 0.998212 
2.09028e+06 719669 79.7983 203 248 176 0.110357 0.0367856 0.993211 
2.09026e+06 719667 79.991 203 247 175 -0.0690401 0.0223053 0.997365 
2.09029e+06 719694 79.8055 203 248 176 0.0816405 0.0359218 0.996014 
2.09025e+06 719714 79.716 203 248 176 -0.00915071 0.0315191 0.999461 
2.09028e+06 719671 79.8009 203 247 175 0.11453 0.0300225 0.992966 
2.09029e+06 719693 79.719 203 248 176 0.0687547 0.017982 0.997472 
2.09025e+06 719714 79.7585 203 248 176 -0.0315827 0.0112067 0.999438 
2.09028e+06 719672 79.9642 203 247 175 0.281948 -0.0922502 0.954984 
2.09029e+06 719694 79.703 203 248 176 0.0570195 0.00518359 0.99836 
2.09026e+06 719668 80.1682 203 248 175 0.110818 -0.0436554 0.992881 
2.09028e+06 719672 79.7149 203 247 175 0.198605 -0.054165 0.978582 
2.09025e+06 719714 79.8001 203 248 176 -0.0359437 0.0154044 0.999235 
2.09026e+06 719668 80.0829 203 248 175 -0.00300807 0.0250672 0.999681 
2.09028e+06 719673 79.818 203 248 176 0.263236 -0.119177 0.957342 
2.09025e+06 719713 79.9502 203 248 176 -0.0325467 0.0451455 0.99845 
2.09028e+06 719674 80.1152 203 247 176 0.216758 -0.252654 0.942965 
2.09027e+06 719668 80.0932 203 247 175 -0.031937 0.100216 0.994453 
2.09029e+06 719696 79.7823 203 248 175 0.058843 0.00103233 0.998267 
2.09025e+06 719713 79.9288 203 248 176 0.00502372 0.0231091 0.99972 
2.09029e+06 719696 79.7393 203 248 176 0.0192438 -0.0172182 0.999667 
2.09028e+06 719667 79.7537 202 248 176 0.106085 0.0207796 0.99414 
2.09026e+06 719669 80.1128 203 247 175 0.0907257 -0.00747153 0.995848 
2.09029e+06 719693 79.6702 203 248 176 0.0335504 0.00915011 0.999395 
2.09026e+06 719669 80.0226 203 248 175 -0.0224411 -0.073735 0.997025 
2.09024e+06 719704 79.5813 203 248 176 -0.00293828 -0.000979427 0.999995 
2.09029e+06 719694 79.7233 203 248 176 0.0152829 -0.0275093 0.999505 
2.09025e+06 719714 79.8385 203 248 176 -0.032029 0.0278962 0.999098 
2.09024e+06 719704 79.6277 203 248 176 -0.0758636 -0.0203015 0.996911 
2.09027e+06 719669 80.0944 204 248 175 -0.0453663 -0.0918392 0.99474 
2.09024e+06 719705 79.5791 203 248 176 -0.0278405 -0.0299028 0.999165 
2.09025e+06 719714 79.8836 203 248 176 -0.0234815 0.0214396 0.999494 
2.09024e+06 719705 79.6571 203 248 176 -0.0562035 -0.0328738 0.997878 
2.09029e+06 719667 79.7008 202 248 176 0.0129851 0.0109874 0.999855 
2.09029e+06 719667 79.7318 203 248 176 -0.00888411 -0.00296137 0.999956 
2.09029e+06 719667 79.7022 202 247 176 0.0326806 -0.0474396 0.998339 
2.09025e+06 719713 79.9164 203 247 175 0.00886664 -0.000985182 0.99996 
2.09026e+06 719713 79.8975 203 247 175 -0.0312661 0.00302575 0.999507 
2.09029e+06 719694 79.6641 203 248 176 0.0192049 -0.0171834 0.999668 
2.09025e+06 719714 79.8916 203 247 175 -0.00898989 0.0129854 0.999875 
2.09029e+06 719696 79.7633 203 247 176 0.0379181 -0.0133226 0.999192 
2.09029e+06 719696 79.6805 203 248 176 0.0250172 0.00100069 0.999686 
2.09029e+06 719697 79.8213 203 247 176 0.0312033 0.00100656 0.999513 
2.09029e+06 719697 79.7537 203 247 176 0.0355818 0.00711637 0.999341 
2.09029e+06 719698 79.8047 203 247 176 0.0376893 0.00509315 0.999277 
2.09029e+06 719698 79.7297 203 248 176 0.033618 0.011206 0.999372 
2.09029e+06 719697 79.7596 203 247 176 0.0212263 0.0151617 0.99966 
2.09029e+06 719697 79.6813 203 248 176 0.0191293 -0.0110748 0.999756 
2.09029e+06 719698 79.7099 203 248 176 0.0170476 -0.0110308 0.999794 
2.09029e+06 719698 79.6825 203 248 176 0.00499422 -0.0169804 0.999843 
2.09029e+06 719699 79.8608 203 248 175 0.0501559 0.043753 0.997783 
2.09029e+06 719699 79.8382 203 248 175 0.0253696 0.0152218 0.999562 
2.09029e+06 719699 79.7997 203 248 176 0.0129595 0.00897197 0.999876 
2.09029e+06 719700 79.781 203 248 176 0.0470521 -0.0261401 0.99855 
2.09029e+06 719700 79.7813 203 248 176 0.0111626 -0.0273992 0.999562 
2.09029e+06 719700 79.7816 203 248 176 0.00497451 -0.0149235 0.999876 
2.09029e+06 719699 79.8036 203 248 176 0.012883 0.000990998 0.999917 
2.09029e+06 719699 79.7491 203 248 176 0.0235284 -0.0235284 0.999446 
2.09029e+06 719700 79.783 203 248 176 0.00902508 -0.0190529 0.999778 
2.09029e+06 719700 79.7848 203 248 176 0.00904321 -0.0190912 0.999777 
2.0903e+06 719694 79.6778 203 248 176 0.000977516 0.000977516 0.999999 
2.0903e+06 719694 79.6627 203 248 176 -0.0148646 -0.00099097 0.999889 
2.0903e+06 719694 79.7242 203 248 176 0.00294404 0.00294404 0.999991 
2.0903e+06 719696 79.6475 203 248 176 0.00296723 -0.00890169 0.999956 
2.0903e+06 719696 79.6568 203 248 176 0.00296137 -0.00888411 0.999956 
2.0903e+06 719696 79.6668 203 247 175 -0.00297888 0.0129085 0.999912 
2.09026e+06 719714 79.9025 203 247 175 -0.0170819 0.011053 0.999793 
2.0903e+06 719694 79.6559 203 247 176 0.0526659 0.00722865 0.998586 
2.0903e+06 719694 79.5896 203 247 176 -0.0129085 -0.00297888 0.999912 
2.09028e+06 719698 80.2461 203 247 175 0.25049 -0.0717484 0.965457 
2.0903e+06 719696 79.6452 203 247 176 0.0209326 0.00099679 0.99978 
2.0903e+06 719696 79.6172 203 247 176 0.000983272 -0.00491636 0.999987 
2.09027e+06 719699 80.1905 203 247 175 0.112166 0.207949 0.971687 
2.09027e+06 719700 80.0133 203 248 176 0.150162 0.097305 0.983861 
2.09027e+06 719702 80.2462 203 247 175 0.145489 0.0378042 0.988637 
2.09027e+06 719699 80.046 203 248 176 -0.0513285 0.192183 0.980016 
2.09027e+06 719702 79.989 203 247 175 0.112714 0.0626187 0.991652 
2.09028e+06 719699 80.2644 203 248 176 0.00313409 0.0679054 0.997687 
2.09027e+06 719704 80.1537 203 247 175 0.0354944 0.067762 0.99707 
2.09027e+06 719700 79.9714 203 248 176 -0.0153123 0.0316454 0.999382 
2.09027e+06 719704 80.0401 203 247 175 0.0807866 -0.0269289 0.996368 
2.09028e+06 719700 80.0849 203 248 176 -0.125343 0.0632465 0.990095 
2.09027e+06 719702 79.9246 203 248 176 0.0112067 0.0315827 0.999438 
2.09027e+06 719701 80.254 203 247 175 0.158613 0.166226 0.973248 
2.09027e+06 719704 79.9988 203 248 176 0.0222204 -0.0624288 0.997802 
2.09027e+06 719701 79.979 203 247 175 0.11184 0.0298979 0.993276 
2.09027e+06 719705 80.0845 203 247 175 -0.00506329 0.0313924 0.999494 
2.09027e+06 719705 80.0807 203 247 175 -0.0111187 -0.0232481 0.999668 
2.09027e+06 719701 80.0229 203 248 176 -0.0439691 -0.00511269 0.99902 
2.09028e+06 719701 80.0871 203 248 176 -0.0924637 0.0271952 0.995345 
2.09027e+06 719702 80.0555 203 248 175 -0.0375368 -0.00304352 0.999291 
2.09028e+06 719702 80.0058 203 248 176 -0.0376889 0.00713032 0.999264 
2.09027e+06 719705 80.0764 203 247 175 -0.00103634 -0.063217 0.997999 
2.09028e+06 719697 80.2007 203 248 176 0.00124007 0.323658 0.946173 
2.09028e+06 719698 79.8657 204 248 176 -0.0094045 0.0637416 0.997922 
2.09028e+06 719698 80.2012 203 248 176 0.000977516 0.000977516 0.999999 
2.09028e+06 719699 80.0586 203 248 176 0.0637479 -0.0861156 0.994244 
2.09027e+06 719704 80.0066 203 247 175 -0.0366738 -0.0387694 0.998575 
2.09028e+06 719699 80.0005 203 248 176 -0.0732729 -0.0180527 0.997149 
2.09028e+06 719704 80.0513 203 247 175 -0.0606912 -0.030878 0.997679 
2.09028e+06 719700 80.2243 203 248 176 -0.0379959 -0.0133499 0.999189 
2.09027e+06 719705 80.0969 203 248 176 -0.0223085 -0.0669255 0.997509 
2.09028e+06 719705 80.1216 203 247 175 -0.0510743 -0.0662879 0.996493 
2.09028e+06 719701 80.216 203 248 175 -0.104588 0.0275231 0.994135 
2.09028e+06 719702 80.1294 203 248 175 -0.120348 0.0165616 0.992594 
2.09029e+06 719684 79.862 202 248 176 0.150322 -0.0355725 0.987997 
2.09029e+06 719684 79.7722 202 248 176 0.039804 -0.0071443 0.999182 
2.09029e+06 719685 79.8962 202 248 176 0.174307 -0.0409446 0.98384 
2.09029e+06 719685 79.7782 202 248 176 0.0732729 -0.0180527 0.997149 
2.09029e+06 719684 79.74 202 248 176 0.0209743 0.00299633 0.999776 
2.09029e+06 719685 79.7531 202 248 176 0.0191674 -0.0131145 0.99973 
2.09029e+06 719686 79.9324 202 248 176 0.155847 -0.00336359 0.987776 
2.09029e+06 719686 79.8049 202 248 176 0.0550648 -0.00935063 0.998439 
2.09029e+06 719688 79.8956 203 248 176 0.171641 0.040867 0.984311 
2.09029e+06 719688 79.7999 203 248 176 0.0549517 0.00725778 0.998463 
2.09029e+06 719689 79.85 202 248 176 0.151462 0.0078536 0.988432 
2.09029e+06 719689 79.7897 202 248 176 0.0484446 0.00927662 0.998783 
2.09029e+06 719690 79.8765 203 248 176 0.169741 -0.0125312 0.985409 
2.09029e+06 719690 79.7775 203 248 176 0.0273437 0.01114 0.999564 
2.09029e+06 719691 79.8374 203 248 176 0.188202 0.0414282 0.981256 
2.09029e+06 719691 79.7672 203 248 176 0.0454209 0.0390831 0.998203 
2.09029e+06 719692 79.7806 202 247 175 0.147323 0.0718934 0.986472 
2.09029e+06 719692 79.7018 202 247 175 0.0368991 0.0432246 0.998384 
2.0903e+06 719684 79.7216 203 248 176 0.0109874 0.0129851 0.999855 
2.0903e+06 719685 79.7468 203 248 176 0.017184 -0.017184 0.999705 
2.0903e+06 719684 79.7052 203 248 176 0.0170819 0.011053 0.999793 
2.0903e+06 719685 79.7001 203 248 176 0.031392 -0.00708852 0.999482 
2.0903e+06 719684 79.6892 203 248 176 0.0295462 0.0132448 0.999476 
2.0903e+06 719685 79.685 203 248 176 0.0251174 -0.00502348 0.999672 
2.0903e+06 719684 79.6481 203 248 176 0.023155 0.00906064 0.999691 
2.0903e+06 719685 79.6369 203 248 176 0.0150425 -0.0110312 0.999826 
2.09025e+06 719659 80.2719 204 247 175 -0.0220887 -0.0557478 0.9982 
2.09025e+06 719659 80.2719 204 247 175 -0.0367507 -0.0388507 0.998569 
2.09025e+06 719661 80.2719 204 247 175 -0.0405378 -0.0239069 0.998892 
2.09026e+06 719658 80.2719 204 247 175 -0.0136691 -0.0641398 0.997847 
2.09026e+06 719658 80.2719 204 247 175 -0.00104253 -0.0677644 0.997701 
2.09025e+06 719664 80.2719 204 247 175 -0.0472467 0.028348 0.998481 
2.09025e+06 719665 80.2719 204 247 175 -0.0440191 0.0569028 0.997409 
2.09026e+06 719659 80.2719 204 247 175 0.0246256 -0.0760182 0.996802 
2.09025e+06 719666 80.2719 204 247 175 -0.0544173 0.0416132 0.997651 
2.09028e+06 719666 80.2719 203 248 175 0.431944 -0.17016 0.885703 
2.09026e+06 719665 80.2719 204 247 175 0.0135354 0.0531005 0.998497 
2.09027e+06 719702 80.2719 203 248 175 0.212993 0.540911 0.813664 
2.09027e+06 719702 80.2719 203 248 175 -0.0391754 0.113049 0.992817 
2.09026e+06 719666 80.2719 204 247 175 0.0474396 0.0326806 0.998339 
2.09026e+06 719658 80.2719 204 247 175 0.0137768 -0.073123 0.997228 
2.09027e+06 719703 80.2719 203 248 175 -0.00316464 0.0791159 0.99686 
2.09026e+06 719659 80.2719 204 247 175 0.0352114 -0.0586856 0.997655 
2.09027e+06 719702 80.2719 203 248 176 0.034754 0.119957 0.992171 
2.09029e+06 719677 80.2719 203 247 176 0.205497 -0.24088 0.94855 
2.09026e+06 719660 80.2719 204 247 175 0.0613187 -0.0419549 0.997236 
2.09028e+06 719695 80.2719 203 248 176 0.159093 0.756072 0.634858 
2.09029e+06 719677 80.2719 203 248 176 0.207235 0.00115774 0.97829 
2.09026e+06 719661 80.2719 204 247 175 0.0773394 -0.0116539 0.996937 
2.09028e+06 719707 80.2719 203 248 176 -0.0392407 -0.0498463 0.997986 
2.09028e+06 719707 80.2719 203 248 176 -0.0238099 -0.038303 0.998982 
2.09028e+06 719696 80.2719 203 248 176 0.230349 0.672243 0.703583 
2.09029e+06 719678 80.2719 203 248 176 0.330983 0.0804381 0.940202 
2.09028e+06 719698 80.2719 203 247 175 0.120775 0.0678642 0.990357 
2.09029e+06 719680 80.2719 203 248 176 0.667044 -0.0861173 0.740025 
2.09028e+06 719698 80.2719 203 248 176 0.10139 0.103721 0.989425 
2.09028e+06 719700 80.2719 203 248 176 0.121237 0.0487216 0.991427 
2.09029e+06 719681 80.2719 203 248 176 0.5677 -0.334798 0.752082 
2.09028e+06 719702 80.2719 203 248 175 0.0879511 -0.029317 0.995693 
2.09029e+06 719682 80.2719 203 248 176 0.446919 -0.26083 0.855705 
2.09029e+06 719684 80.2719 203 248 176 0.269386 -0.205838 0.940777 
2.09029e+06 719684 80.2719 202 248 176 0.254555 -0.0797858 0.963762 
2.09029e+06 719686 80.2719 202 248 176 0.322947 -0.0062345 0.946397 
2.09027e+06 719709 80.2719 203 248 175 -0.0230169 0.00100074 0.999735 
2.09029e+06 719689 80.2719 203 247 176 0.330404 -0.00374042 0.943832 
2.09026e+06 719666 80.2719 203 247 176 -0.0582018 0.0285718 0.997896 
2.09026e+06 719662 80.2719 204 248 176 0.0481146 0.0502531 0.997577 
2.09029e+06 719692 80.2719 203 247 176 0.465719 0.351276 0.812226 
2.09028e+06 719710 80.2719 203 248 175 -0.00906105 0.0211424 0.999735 
2.09028e+06 719705 80.2719 203 247 175 -0.0699029 -0.0354891 0.996922 
2.09028e+06 719705 80.2719 203 247 175 0.0578471 -0.0199835 0.998125 
2.09028e+06 719707 80.2719 203 247 175 0.0337536 0.0153426 0.999312 
2.09028e+06 719709 80.2719 203 247 175 0.0276753 0.0215252 0.999385 
2.09028e+06 719709 80.2719 203 247 175 0.0110744 0.021142 0.999715 
2.09028e+06 719710 80.2719 203 247 175 0.00911475 0.0273443 0.999584 
2.09026e+06 719702 80.2719 204 248 175 0.03314 0.256528 0.965969 
2.09029e+06 719691 80.2719 203 248 176 0.332059 0.0503903 0.941912 
2.09026e+06 719708 80.2719 203 248 175 -0.0486994 0.265974 0.962749 
2.09026e+06 719708 80.2719 203 247 175 0.033715 0.1709 0.984711 
2.09025e+06 719670 80.2719 203 248 175 -0.054224 -0.139598 0.988722 
2.09025e+06 719671 80.2719 203 248 175 -0.147005 -0.0693865 0.986699 
2.09026e+06 719668 80.2719 203 247 175 -0.0052948 0.0836578 0.996481 
2.09026e+06 719670 80.2719 203 248 176 -0.0712701 -0.304518 0.949837 
2.09026e+06 719669 80.2719 203 247 176 -0.137805 -0.573448 0.807569 
2.09025e+06 719673 80.2719 203 247 175 -0.566827 -0.496184 0.657654 
2.09026e+06 719668 80.2719 203 247 175 -0.0648492 -0.211678 0.975186 
2.09028e+06 719665 80.2719 203 248 175 0.19675 -0.491124 0.848579 
2.09023e+06 719648 79.5554 204 247 175 -0.00294405 0.00098135 0.999995 
2.09026e+06 719657 80.1162 204 247 175 0.0312441 -0.0764943 0.99658 
2.09026e+06 719657 80.0327 204 247 175 0.0402027 -0.0749726 0.996375 
2.09026e+06 719659 80.2077 204 247 175 0.0537994 -0.0735625 0.995838 
2.09027e+06 719657 79.9316 204 247 175 0.0486102 -0.0594125 0.997049 
2.0903e+06 719657 79.0179 202 247 176 0.031838 -0.0195136 0.999303 
2.09026e+06 719666 80.2361 203 247 176 0.00100852 0.0332812 0.999445 
2.0903e+06 719657 78.9685 202 247 176 0.0150724 -0.0130627 0.999801 
2.09027e+06 719648 79.5159 203 247 175 0.0380729 -0.015435 0.999156 
2.0903e+06 719659 79.0679 202 247 176 0.0383048 -0.0217405 0.99903 
2.09023e+06 719648 79.562 204 247 175 -0.00491636 0.000983272 0.999987 
2.0903e+06 719659 79.0019 202 247 176 0.0192056 -0.0151623 0.999701 
2.09023e+06 719666 79.5363 203 247 176 -0.0129084 -0.00496477 0.999904 
2.0903e+06 719675 79.5018 203 247 176 0.0517545 -0.0327427 0.998123 
2.09026e+06 719711 80.059 203 247 175 0.00491634 0.0029498 0.999984 
2.09027e+06 719648 79.4283 203 247 175 0.0359437 -0.0154044 0.999235 
2.09023e+06 719666 79.5689 203 247 176 -0.0252689 -0.00909682 0.999639 
2.09027e+06 719650 79.5491 203 247 175 0.0384601 -0.0259865 0.998922 
2.09026e+06 719711 80.0542 203 247 175 0.000992907 -0.0168794 0.999857 
2.09023e+06 719668 79.5481 203 247 176 -0.0189774 -0.00499404 0.999807 
2.09027e+06 719702 80.2358 204 248 175 -0.007328 0.0680457 0.997655 
2.0903e+06 719711 79.6924 203 247 175 0.0131145 -0.0191674 0.99973 
2.0903e+06 719675 79.371 203 247 176 0.0386134 -0.0323518 0.99873 
2.0903e+06 719657 78.9531 202 247 176 0.00696459 -0.0109444 0.999916 
2.09027e+06 719650 79.4631 203 247 175 0.0363065 -0.0280079 0.998948 
2.0903e+06 719677 79.5702 203 247 176 0.0537577 -0.0263518 0.998206 
2.09023e+06 719702 78.4551 203 247 176 -0.0417576 -0.00101848 0.999127 
2.0903e+06 719677 79.4479 203 247 176 0.0428727 -0.0303246 0.99862 
2.0903e+06 719711 79.6706 203 247 175 0.00703344 -0.0211003 0.999753 
2.09027e+06 719648 79.3478 203 247 175 0.031709 -0.0173888 0.999346 
2.0903e+06 719714 79.7379 203 247 175 0.0110526 -0.0190908 0.999757 
2.0903e+06 719659 78.9803 202 247 176 0.0110094 -0.0130111 0.999855 
2.09023e+06 719650 79.5526 204 247 175 -0.00294405 0.00098135 0.999995 
2.09023e+06 719702 78.5518 203 247 176 -0.0766965 0.00105064 0.997054 
2.09023e+06 719668 79.5935 203 247 176 -0.0335504 -0.00915011 0.999395 
2.0903e+06 719661 79.1207 202 247 176 0.0469565 -0.024 0.998609 
2.09023e+06 719650 79.5595 204 247 175 -0.00688282 0.00098326 0.999976 
2.09023e+06 719666 79.6555 203 247 176 -0.0445085 -0.0175964 0.998854 
2.09023e+06 719705 78.4672 203 247 176 -0.037461 -0.00101246 0.999298 
2.09023e+06 719648 79.5814 204 247 175 -0.0108582 0.000987108 0.999941 
2.0903e+06 719661 79.0384 202 247 176 0.0254721 -0.017321 0.999525 
2.0903e+06 719675 79.3108 203 247 176 0.027898 -0.0299645 0.999162 
2.09027e+06 719650 79.3847 203 247 175 0.032029 -0.0278962 0.999098 
2.09023e+06 719668 79.7036 203 247 176 -0.0510221 -0.015619 0.998575 
2.09027e+06 719652 79.6358 203 247 175 0.0392407 -0.0498463 0.997986 
2.09026e+06 719714 80.0364 203 247 175 -0.00701962 0.0190532 0.999794 
2.09023e+06 719650 79.5797 204 247 175 -0.0108582 0.000987108 0.999941 
2.09023e+06 719705 78.5548 203 247 176 -0.069985 0.00104455 0.997548 
2.09023e+06 719671 79.5452 203 247 176 -0.0250172 0.00100069 0.999686 
2.0903e+06 719714 79.7194 203 247 175 0.00500404 -0.0190153 0.999807 
2.09023e+06 719652 79.5506 204 247 175 -0.00294405 0.00098135 0.999995 
2.09023e+06 719671 79.6053 203 247 176 -0.0417576 -0.00101848 0.999127 
2.09023e+06 719702 78.8058 203 247 176 -0.123896 0.00767498 0.992266 
2.0903e+06 719693 79.7079 203 247 176 -0.0525581 0.00515276 0.998605 
2.0903e+06 719711 79.6633 203 247 175 0.00300821 -0.023063 0.99973 
2.09026e+06 719714 80.0481 203 247 175 -0.00697831 0.0129597 0.999892 
2.09027e+06 719652 79.5519 203 247 175 0.0350002 -0.0519699 0.998035 
2.09027e+06 719711 80.0645 203 247 175 -0.0109874 -0.0129851 0.999855 
2.09027e+06 719714 80.0682 203 247 175 -0.0109877 0.0109877 0.999879 
2.09026e+06 719716 79.9678 203 247 175 -0.0131919 0.0273985 0.999538 
2.09023e+06 719705 78.7898 203 247 176 -0.119312 0.00985146 0.992808 
2.0903e+06 719677 79.38 203 247 176 0.0299028 -0.0278405 0.999165 
2.09023e+06 719671 79.7317 203 247 176 -0.0502957 0.00307933 0.99873 
2.09027e+06 719652 79.4778 203 247 175 0.0305678 -0.0516491 0.998197 
2.09024e+06 719666 79.7697 203 247 176 -0.0492412 -0.0261921 0.998443 
2.09024e+06 719668 79.8335 203 247 176 -0.0464812 -0.0134279 0.998829 
2.09024e+06 719666 79.8845 203 247 176 -0.0447805 -0.0239524 0.99871 
2.0903e+06 719696 79.6751 203 247 176 -0.0336187 0.00916874 0.999393 
2.09023e+06 719652 79.5582 204 247 175 -0.00689638 0.000985198 0.999976 
2.09023e+06 719652 79.5805 204 247 175 -0.0128575 0.000989037 0.999917 
2.09024e+06 719668 79.9387 203 247 176 -0.0355104 -0.00304375 0.999365 
2.09023e+06 719707 78.4702 203 247 176 -0.0332812 -0.00100852 0.999445 
2.0903e+06 719698 79.6747 203 247 176 0.012883 0.000990998 0.999917 
2.0903e+06 719680 79.6279 203 247 176 0.0490409 -0.0219119 0.998556 
2.0903e+06 719698 79.6505 203 247 176 0.0129595 0.00897197 0.999876 
2.09026e+06 719716 79.9981 203 247 175 -0.0131405 0.021227 0.999688 
2.0903e+06 719680 79.5066 203 247 176 0.0405357 -0.0259844 0.99884 
2.0903e+06 719698 79.6251 203 247 176 -0.000987127 0.00888415 0.99996 
2.09027e+06 719716 80.0295 203 247 175 -0.0151018 0.0171154 0.999739 
2.0903e+06 719680 79.4386 203 247 176 0.0299028 -0.0278405 0.999165 
2.09026e+06 719716 79.9103 203 247 175 -0.0153132 0.0296056 0.999444 
2.09024e+06 719671 79.8573 203 247 176 -0.0357987 0.011251 0.999296 
2.09026e+06 719716 79.9379 203 247 175 -0.013271 0.0316463 0.999411 
2.09024e+06 719648 79.6121 204 247 175 -0.0148646 0.00099097 0.999889 
2.0903e+06 719661 79.0107 202 247 176 0.0130623 -0.0170815 0.999769 
2.09027e+06 719648 79.279 203 247 175 0.0254721 -0.017321 0.999525 
2.09026e+06 719718 79.8309 203 247 175 -0.017321 0.0254721 0.999525 
2.09027e+06 719650 79.3186 203 247 175 0.0257267 -0.0298429 0.999223 
2.09024e+06 719671 79.9191 203 247 176 -0.0194749 0.0297248 0.999368 
2.09028e+06 719648 79.2247 203 247 175 0.0192822 -0.0192822 0.999628 
2.09024e+06 719650 79.6116 204 247 175 -0.0168794 -0.000992907 0.999857 
2.0903e+06 719714 79.7132 203 247 175 0.00299633 -0.0209743 0.999776 
2.09024e+06 719648 79.6515 204 247 175 -0.0189021 -0.000994847 0.999821 
2.09029e+06 719680 79.7699 202 247 176 0.000987127 -0.00888415 0.99996 
2.09028e+06 719650 79.2678 203 247 175 0.0174244 -0.031774 0.999343 
2.09027e+06 719652 79.4157 203 247 175 0.024098 -0.0492438 0.998496 
2.09026e+06 719718 79.8704 203 247 175 -0.0172524 0.0213118 0.999624 
2.09028e+06 719652 79.3709 203 247 175 0.0156499 -0.0532095 0.998461 
2.09026e+06 719718 79.912 203 247 175 -0.017184 0.017184 0.999705 
2.09027e+06 719655 79.7757 203 247 175 0.0398816 -0.0657507 0.997039 
2.09027e+06 719655 79.6915 203 247 175 0.0374923 -0.0632014 0.997296 
2.09026e+06 719721 79.7904 203 247 175 -0.0212686 0.0172175 0.999626 
2.09027e+06 719655 79.6175 203 247 175 0.030878 -0.0606912 0.997679 
2.09027e+06 719657 79.8361 203 247 175 0.0412831 -0.0434002 0.998204 
2.09029e+06 719661 79.3893 202 247 176 0.051758 -0.0306323 0.99819 
2.09027e+06 719657 79.7521 203 247 175 0.0324193 -0.0386941 0.998725 
2.0903e+06 719716 79.7774 203 247 175 0.00898989 -0.0129854 0.999875 
2.09024e+06 719650 79.6527 204 247 175 -0.0189397 -0.00299048 0.999816 
2.0903e+06 719698 79.7139 203 247 176 0.00697831 -0.0129597 0.999892 
2.09023e+06 719673 79.5342 203 247 176 -0.0293686 0.00708896 0.999544 
2.0903e+06 719661 79.251 202 247 176 0.0562073 -0.030755 0.997945 
2.09027e+06 719655 79.5556 203 247 175 0.0242903 -0.0580856 0.998016 
2.09024e+06 719652 79.6158 204 247 175 -0.016913 -0.000994882 0.999856 
2.09028e+06 719655 79.5054 203 247 175 0.0157098 -0.0596971 0.998093 
2.09024e+06 719652 79.6616 204 247 175 -0.0230628 -0.00501365 0.999721 
2.09029e+06 719700 79.7649 203 247 176 0.0170819 -0.011053 0.999793 
2.09026e+06 719721 79.8387 203 247 175 -0.0191674 0.0131145 0.99973 
2.09023e+06 719673 79.6037 203 247 176 -0.0400465 0.0133488 0.999109 
2.09027e+06 719657 79.6712 203 247 175 0.0217819 -0.0425267 0.998858 
2.0903e+06 719700 79.6932 203 247 176 0.0273437 0.01114 0.999564 
2.09028e+06 719657 79.6395 203 247 175 0.0155268 -0.04451 0.998888 
2.09026e+06 719721 79.8863 203 247 175 -0.0190908 0.0110526 0.999757 
2.0903e+06 719680 79.7275 202 247 176 0.0296056 -0.0153132 0.999444 
2.09028e+06 719648 79.1853 203 247 175 0.0131399 -0.0232475 0.999643 
2.09029e+06 719664 79.4647 202 247 176 0.0384601 -0.0259865 0.998922 
2.09028e+06 719650 79.2341 203 247 175 0.0112281 -0.0357257 0.999299 
2.09026e+06 719718 79.9536 203 247 175 -0.0171159 0.0130886 0.999768 
2.09028e+06 719648 79.1579 203 247 175 0.00909634 -0.027289 0.999586 
2.0903e+06 719664 79.3252 202 247 176 0.0604383 -0.0286286 0.997761 
2.0903e+06 719700 79.6403 203 247 176 0.0212686 0.0172175 0.999626 
2.0903e+06 719664 79.1787 202 247 176 0.0513338 -0.0240955 0.998391 
2.09023e+06 719655 79.544 204 247 175 -0.00294983 0.00294983 0.999991 
2.09028e+06 719650 79.2153 203 247 175 0.0071443 -0.039804 0.999182 
2.09029e+06 719682 79.7743 202 247 176 0.00294405 0.00098135 0.999995 
2.09023e+06 719707 78.547 203 247 176 -0.0633477 0.00311546 0.997987 
2.0903e+06 719682 79.7634 202 247 176 0.0210161 0.00500384 0.999767 
2.09023e+06 719673 79.7192 203 247 176 -0.0382257 0.0216957 0.999034 
2.09028e+06 719652 79.3466 203 247 175 0.00931302 -0.0527738 0.998563 
2.09029e+06 719702 79.742 203 247 176 0.0356543 0.00713086 0.999339 
2.09027e+06 719718 79.9937 203 247 175 -0.0170819 0.011053 0.999793 
2.0903e+06 719702 79.6628 203 247 176 0.0293681 0.00911423 0.999527 
2.09023e+06 719655 79.5529 204 247 175 -0.00689638 0.000985198 0.999976 
2.0903e+06 719702 79.5983 203 247 176 0.0211424 0.00906105 0.999735 
2.09026e+06 719721 79.933 203 247 175 -0.0190529 0.00902508 0.999778 
2.0903e+06 719716 79.7615 203 247 175 0.00497451 -0.0149235 0.999876 
2.0903e+06 719700 79.5949 203 247 176 0.0131145 0.0191674 0.99973 
2.09029e+06 719666 79.5268 202 247 176 0.0340967 -0.0237644 0.999136 
2.09023e+06 719655 79.5791 204 247 175 -0.0148646 -0.00099097 0.999889 
2.09028e+06 719652 79.3401 203 247 175 0.00309736 -0.0567849 0.998382 
2.09023e+06 719657 79.5385 204 247 175 -0.00491634 0.0029498 0.999984 
2.09028e+06 719648 79.1368 203 247 175 0.00913215 -0.0314552 0.999463 
2.09023e+06 719707 78.7611 203 247 176 -0.112339 0.0119973 0.993598 
2.09023e+06 719657 79.5494 204 247 175 -0.00888415 0.000987127 0.99996 
2.0903e+06 719682 79.67 202 247 176 0.0377657 -0.00714487 0.999261 
2.09028e+06 719650 79.2042 203 247 175 0.00512268 -0.0461042 0.998923 
2.09024e+06 719702 79.1316 203 247 176 -0.131794 0.00996765 0.991227 
2.09024e+06 719705 79.1099 203 247 176 -0.134265 0.00998663 0.990895 
2.09023e+06 719657 79.5811 204 247 175 -0.016913 -0.000994882 0.999856 
2.09024e+06 719702 79.4276 203 247 176 -0.0949601 -0.00106697 0.99548 
2.09024e+06 719655 79.6206 204 247 175 -0.0209743 -0.00299633 0.999776 
2.09024e+06 719705 79.4141 203 247 176 -0.107564 0.00977853 0.99415 
2.0903e+06 719682 79.5647 203 247 176 0.038303 -0.0238099 0.998982 
2.0903e+06 719716 79.7562 203 247 175 0.00298463 -0.0169129 0.999852 
2.0903e+06 719682 79.5043 203 247 176 0.0277864 -0.0257282 0.999283 
2.09024e+06 719655 79.6743 204 247 175 -0.0252184 -0.00706115 0.999657 
2.0903e+06 719700 79.5764 203 247 176 0.00904284 0.0211 0.999736 
2.09024e+06 719707 79.0703 203 247 176 -0.132656 0.0167214 0.991021 
2.09024e+06 719707 79.3813 203 247 176 -0.117402 0.0142638 0.992982 
2.09023e+06 719709 78.4802 203 247 176 -0.0270713 -0.00100264 0.999633 
2.09024e+06 719657 79.6308 204 247 175 -0.0251679 -0.00503359 0.999671 
2.09028e+06 719648 79.1141 203 247 175 0.0112289 -0.0336866 0.999369 
2.09024e+06 719657 79.695 204 247 175 -0.0315185 -0.011184 0.999441 
2.0903e+06 719702 79.5549 203 247 176 0.0129854 0.00898989 0.999875 
2.0903e+06 719684 79.6164 203 247 176 0.0191288 -0.0130881 0.999731 
2.09028e+06 719650 79.1906 203 247 175 0.00925846 -0.0462923 0.998885 
2.09023e+06 719709 78.5458 203 247 176 -0.0547263 0.00309771 0.998497 
2.0903e+06 719666 79.3847 202 247 176 0.0646696 -0.0243836 0.997609 
2.09024e+06 719648 79.6964 204 247 175 -0.0209326 -0.00099679 0.99978 
2.0903e+06 719702 79.5385 203 247 176 0.00696459 0.0109444 0.999916 
2.09024e+06 719650 79.6997 204 247 175 -0.0210163 -0.00300233 0.999775 
2.09028e+06 719652 79.3432 203 247 175 0.00103447 -0.0589646 0.99826 
2.0903e+06 719666 79.229 202 247 176 0.0535378 -0.022045 0.998322 
2.09028e+06 719652 79.3402 203 247 175 0.00521401 -0.0636109 0.997961 
2.09027e+06 719721 79.9769 203 247 175 -0.0170141 0.00700582 0.999831 
2.09023e+06 719709 78.7348 203 247 176 -0.103037 0.0140998 0.994578 
2.09024e+06 719648 79.743 204 247 175 -0.0209743 -0.00299633 0.999776 
2.09027e+06 719705 80.0842 203 248 175 -0.0094045 0.0637416 0.997922 
2.0903e+06 719664 79.0821 202 247 176 0.029664 -0.0194351 0.999371 
2.09023e+06 719675 79.4924 203 247 176 -0.0319648 0.025778 0.999156 
2.0903e+06 719684 79.5639 203 247 176 0.0235754 -0.0256255 0.999394 
2.0903e+06 719664 79.0487 202 247 176 0.0151323 -0.0171499 0.999738 
2.09028e+06 719655 79.4876 203 247 175 0.00727199 -0.057137 0.99834 
2.09024e+06 719650 79.7489 204 247 175 -0.0210583 -0.00501387 0.999766 
2.09028e+06 719696 80.1362 203 248 176 0.0661221 0.0862949 0.994073 
2.09028e+06 719655 79.4808 203 247 175 0.00309134 -0.0546137 0.998503 
2.09023e+06 719711 78.482 203 247 176 -0.0229709 -0.000998737 0.999736 
2.09024e+06 719652 79.7146 204 247 175 -0.0252184 -0.00706115 0.999657 
2.09023e+06 719684 78.8579 203 247 176 -0.0419493 0.0634617 0.997102 
2.09027e+06 719705 80.1141 203 248 175 0.00313409 0.0679054 0.997687 
2.09028e+06 719657 79.5991 203 247 175 0.00927753 -0.0463876 0.99888 
2.09028e+06 719698 80.0461 203 247 175 0.081975 0.042627 0.995722 
2.09023e+06 719684 78.9614 203 247 176 -0.0660225 0.0443758 0.996831 
2.09028e+06 719657 79.5922 203 247 175 0.00306139 -0.0438799 0.999032 
2.09023e+06 719675 79.5667 203 247 176 -0.0404557 0.0217838 0.998944 
2.09028e+06 719655 79.4755 203 247 175 -0.00103246 -0.0567851 0.998386 
2.09027e+06 719707 79.9716 203 248 175 -0.0110962 0.0232012 0.999669 
2.09028e+06 719655 79.4859 203 247 175 0.00931402 -0.0507097 0.99867 
2.09028e+06 719700 80.0303 203 248 176 0.0812998 0.0314359 0.996194 
2.09023e+06 719711 78.5368 203 247 176 -0.0461042 0.00512268 0.998923 
2.09023e+06 719686 78.7544 203 247 176 -0.0543064 0.0393987 0.997747 
2.0903e+06 719666 79.1236 202 247 176 0.0318367 -0.0215668 0.99926 
2.09023e+06 719675 79.6621 203 247 176 -0.0234815 0.0214396 0.999494 
2.09028e+06 719657 79.5992 203 247 175 0.00713032 -0.0376889 0.999264 
2.09023e+06 719711 78.6982 203 247 176 -0.0891678 0.0161147 0.995886 
2.09028e+06 719657 79.5569 203 247 175 0.0173899 -0.0296651 0.999409 
2.0903e+06 719666 79.0863 202 247 176 0.0172175 -0.0212686 0.999626 
2.09024e+06 719709 79.0226 203 247 176 -0.131027 0.0235176 0.9911 
2.09024e+06 719652 79.7707 204 247 175 -0.0253196 -0.0111406 0.999617 
2.09028e+06 719659 79.6985 203 247 176 0.00915011 -0.0335504 0.999395 
2.09027e+06 719707 79.9869 203 248 175 -0.0171499 0.0151323 0.999738 
2.09029e+06 719716 79.8387 203 247 175 0.017048 -0.0090254 0.999814 
2.09028e+06 719659 79.6737 203 248 176 0.00303167 -0.0333483 0.999439 
2.09028e+06 719666 80.1312 203 248 175 0.142921 -0.0377312 0.989015 
2.09027e+06 719707 80.0778 203 248 176 -0.0445085 -0.0175964 0.998854 
2.09024e+06 719709 79.3386 203 247 176 -0.118669 0.0255083 0.992606 
2.09028e+06 719661 79.7707 203 247 176 0.00310942 -0.0611519 0.998124 
2.09028e+06 719700 79.9446 203 248 176 0.0549508 0.00933127 0.998446 
2.09028e+06 719659 79.6614 203 248 176 0.0091868 -0.0357264 0.999319 
2.09024e+06 719711 78.9553 203 247 176 -0.119179 0.0300732 0.992417 
2.09028e+06 719702 80.1168 203 248 175 0.0635982 -0.0420395 0.99709 
2.09025e+06 719648 79.7868 204 247 175 -0.0189775 -0.00299645 0.999815 
2.09027e+06 719707 80.2205 203 248 176 -0.0343726 -0.0322894 0.998887 
2.09024e+06 719711 79.2523 203 247 176 -0.122702 0.0371483 0.991748 
2.09028e+06 719702 80.0021 203 248 176 0.0390867 -0.0433123 0.998297 
2.09023e+06 719686 78.8877 203 247 176 -0.092469 0.025021 0.995401 
2.09028e+06 719659 79.6236 203 248 176 0.0174244 -0.031774 0.999343 
2.09027e+06 719709 79.9774 203 248 176 -0.0131399 -0.0232475 0.999643 
2.09028e+06 719661 79.7565 203 247 176 0.0196676 -0.0424405 0.998905 
2.09024e+06 719702 79.6001 203 247 176 -0.0441482 -0.00924033 0.998982 
2.09027e+06 719709 80.042 203 248 176 -0.0361605 -0.0237626 0.999063 
2.09028e+06 719661 79.7091 203 248 176 0.0297236 -0.021524 0.999326 
2.09027e+06 719709 80.1428 203 247 175 -0.0379181 -0.0133226 0.999192 
2.09024e+06 719705 79.6002 203 247 176 -0.04388 0.00102047 0.999036 
2.09023e+06 719684 79.1771 203 247 176 -0.0926474 -0.00319474 0.995694 
2.0903e+06 719716 79.8033 203 247 175 0.0130111 -0.0110094 0.999855 
2.09029e+06 719668 79.5814 203 248 176 0.0338911 -0.017459 0.999273 
2.09028e+06 719664 79.9255 203 248 175 0.0417484 -0.120732 0.991807 
2.09024e+06 719673 79.8023 203 248 176 -0.0216526 0.0360877 0.999114 
2.09023e+06 719686 79.2019 203 247 176 -0.124164 0.00988916 0.992212 
2.0903e+06 719686 79.6325 203 247 176 0.00299058 -0.0169466 0.999852 
2.09029e+06 719718 79.8553 203 247 175 0.0149533 -0.00498443 0.999876 
2.09028e+06 719664 79.8333 203 247 176 0.0611234 -0.0833501 0.994644 
2.0903e+06 719718 79.8237 203 247 175 0.0129339 -0.00696442 0.999892 
2.09029e+06 719671 79.5982 203 248 176 0.0255221 -0.0214385 0.999444 
2.09025e+06 719650 79.7956 204 247 175 -0.0190529 -0.00902508 0.999778 
2.09027e+06 719711 80.1022 203 247 175 -0.021227 -0.0131405 0.999688 
2.09024e+06 719666 79.9815 203 247 175 -0.0359425 -0.0174578 0.999201 
2.09029e+06 719648 79.0839 202 247 176 0.0153426 -0.0337536 0.999312 
2.0903e+06 719689 79.6781 203 247 176 -0.0170139 -0.00900734 0.999815 
2.0903e+06 719718 79.8003 203 247 175 0.00891915 -0.00693712 0.999936 
2.09027e+06 719711 80.1606 203 247 175 -0.0250172 0.00100069 0.999686 
2.09025e+06 719648 79.8231 204 247 175 -0.0149235 -0.00497451 0.999876 
2.09027e+06 719709 80.2367 203 248 175 -0.0419277 -0.00511314 0.999108 
2.0903e+06 719691 79.7057 203 247 176 -0.0417576 0.00101848 0.999127 
2.09024e+06 719707 79.6115 203 248 176 -0.0656876 -0.00521331 0.997827 
2.09027e+06 719711 80.2131 203 248 175 -0.0212263 0.0151617 0.99966 
2.09029e+06 719673 79.779 203 247 176 -0.00718704 -0.044149 0.998999 
2.09025e+06 719650 79.8354 204 247 175 -0.0150124 -0.0110091 0.999827 
2.09028e+06 719711 80.2412 203 248 175 -0.00503332 0.0271799 0.999618 
2.09025e+06 719652 79.8258 204 247 175 -0.0233404 -0.0172516 0.999579 
2.09029e+06 719702 79.9482 203 247 176 0.0326119 -0.0473399 0.998346 
2.09023e+06 719689 78.6681 203 247 176 -0.0629419 0.0330712 0.997469 
2.09029e+06 719675 79.829 202 248 176 0.0506625 -0.05713 0.99708 
2.09024e+06 719668 80.012 203 247 175 -0.0211841 0.013114 0.99969 
2.09029e+06 719673 79.6988 202 248 176 0.0216957 -0.0382257 0.999034 
2.09025e+06 719652 79.8748 204 247 175 -0.0193206 -0.0213543 0.999585 
2.09029e+06 719650 79.1612 202 247 176 0.0155575 -0.0466724 0.998789 
2.09024e+06 719707 79.7226 203 247 176 -0.031774 -0.0174244 0.999343 
2.09024e+06 719666 80.0564 203 247 175 -0.0231091 -0.00502372 0.99972 
2.09029e+06 719702 79.8885 203 247 176 0.025778 -0.0319648 0.999156 
2.09024e+06 719668 80.0473 203 247 175 -0.00911475 0.0273443 0.999584 
2.09024e+06 719709 79.5789 203 248 176 -0.0872155 0.020458 0.995979 
2.09024e+06 719709 79.7401 203 248 176 -0.0294861 0.0132179 0.999478 
2.09029e+06 719673 79.6511 203 248 176 0.0341655 -0.0258829 0.999081 
2.09024e+06 719711 79.5088 203 248 176 -0.0934419 0.0384761 0.994881 
2.09028e+06 719705 80.2462 203 247 175 0.0559739 -0.028515 0.998025 
2.09029e+06 719648 79.0456 202 247 176 0.0194749 -0.0297248 0.999368 
2.09029e+06 719675 79.7671 203 248 176 0.0275093 -0.0152829 0.999505 
2.09024e+06 719671 79.9343 203 247 175 -0.0112281 0.0357257 0.999299 
2.09029e+06 719702 79.8272 203 248 176 0.027289 -0.00909634 0.999586 
2.09023e+06 719689 78.8143 203 247 176 -0.112567 0.0345503 0.993043 
2.09023e+06 719689 79.131 203 247 176 -0.124383 0.0324965 0.991702 
2.09024e+06 719684 79.4343 203 248 176 -0.0390079 -0.0411165 0.998393 
2.09024e+06 719686 79.4631 203 248 176 -0.0660982 0.0094426 0.997768 
2.09024e+06 719686 79.4444 203 248 176 0.000989061 -0.0108797 0.99994 
2.09024e+06 719689 79.414 203 247 176 -0.0669255 0.0223085 0.997509 
2.09024e+06 719689 79.4523 203 248 176 -0.0211 -0.00904284 0.999736 
2.09028e+06 719705 80.1211 203 247 175 0.0450568 -0.0282915 0.998584 
2.09023e+06 719691 78.6028 203 247 176 -0.0563227 0.0329435 0.997869 
2.09028e+06 719707 80.2439 203 247 175 0.0463876 0.00927753 0.99888 
2.09029e+06 719650 79.1106 202 247 176 0.0239546 -0.0427016 0.998801 
2.09028e+06 719707 80.135 203 247 175 0.0481492 0.00102445 0.99884 
2.09029e+06 719652 79.3102 202 247 176 0.0200627 -0.0623 0.997856 
2.09029e+06 719675 79.7072 203 248 176 0.0340264 -0.0237154 0.999139 
2.09029e+06 719652 79.2433 202 247 176 0.0328776 -0.054089 0.997995 
2.09024e+06 719655 79.7369 204 247 175 -0.0294869 -0.0111847 0.999503 
2.09023e+06 719691 78.7365 203 247 176 -0.0958381 0.0363524 0.994733 
2.09028e+06 719709 80.2691 203 247 175 0.0277294 0.0256754 0.999286 
2.09024e+06 719655 79.8044 204 247 175 -0.0296651 -0.0173899 0.999409 
2.09029e+06 719648 79.0039 202 247 176 0.0213959 -0.0234337 0.999496 
2.09024e+06 719657 79.7694 204 247 175 -0.0338216 -0.0174233 0.999276 
2.09024e+06 719657 79.8501 204 247 175 -0.0361622 -0.0216973 0.99911 
2.09023e+06 719691 79.0388 203 247 176 -0.130486 0.0419825 0.990561 
2.09024e+06 719711 79.671 203 248 176 -0.0407849 0.0303272 0.998708 
2.09029e+06 719721 79.8634 203 247 175 0.0149236 -0.00298473 0.999884 
2.09028e+06 719711 80.2393 203 247 175 0.00706115 0.0252184 0.999657 
2.0903e+06 719668 79.4347 203 247 176 0.0624288 -0.0222204 0.997802 
2.09023e+06 719714 78.4868 203 247 176 -0.0189021 0.000994847 0.999821 
2.09028e+06 719711 80.2074 203 247 175 0.0193581 0.0254712 0.999488 
2.09029e+06 719650 79.0499 202 247 176 0.0258829 -0.0341655 0.999081 
2.0903e+06 719668 79.2848 203 247 176 0.0558623 -0.0242421 0.998144 
2.0903e+06 719721 79.8333 203 247 175 0.0129085 -0.00297888 0.999912 
2.09028e+06 719709 80.2023 203 247 175 0.036015 0.019551 0.99916 
2.09025e+06 719666 80.0914 203 247 175 -0.0149531 0.00697811 0.999864 
2.09023e+06 719693 78.5318 203 247 176 -0.0513338 0.0240955 0.998391 
2.09025e+06 719655 79.8726 204 247 175 -0.0297832 -0.0236211 0.999277 
2.09028e+06 719709 80.1113 203 247 175 0.0421831 0.0133751 0.99902 
2.09028e+06 719711 80.1508 203 247 175 0.0276199 0.0194362 0.99943 
2.09028e+06 719711 80.0771 203 247 175 0.0336858 0.0132701 0.999344 
2.09025e+06 719668 80.0478 203 247 175 0.00717233 0.0440586 0.999003 
2.09023e+06 719714 78.5322 203 247 176 -0.0396431 0.00304947 0.999209 
2.09025e+06 719666 80.1011 203 247 175 -0.00507288 0.0355101 0.999356 
2.09025e+06 719668 79.9881 203 247 175 -0.00509315 0.0376893 0.999277 
2.09029e+06 719648 78.966 202 247 176 0.0171499 -0.0151323 0.999738 
2.0903e+06 719671 79.4861 203 247 176 0.0557478 -0.0220887 0.9982 
2.09023e+06 719714 78.6667 203 247 176 -0.0753876 0.015927 0.997027 
2.09025e+06 719655 79.9366 204 247 175 -0.025778 -0.0319648 0.999156 
2.09023e+06 719716 78.4866 203 247 176 -0.0148941 0.000992938 0.999889 
2.09025e+06 719657 79.9333 204 247 175 -0.0363819 -0.0280661 0.998944 
2.09029e+06 719650 78.9942 202 247 176 0.0234804 -0.0234804 0.999448 
2.09025e+06 719657 80.0148 204 247 175 -0.0323543 -0.0365291 0.998809 
2.09029e+06 719652 79.1537 202 247 176 0.0369735 -0.0454245 0.998283 
2.09023e+06 719716 78.5238 203 247 176 -0.0313293 0.00303186 0.999505 
2.09027e+06 719714 80.0989 203 247 175 -0.0150127 0.00900763 0.999847 
2.09023e+06 719716 78.6339 203 247 176 -0.0617874 0.0115197 0.998023 
2.09027e+06 719714 80.1354 203 247 175 -0.0150724 0.0130627 0.999801 
2.09023e+06 719677 79.4006 203 248 176 -0.0460741 0.052503 0.997557 
2.09023e+06 719659 79.5327 204 247 175 -0.00491636 0.000983272 0.999987 
2.09024e+06 719714 78.8837 203 247 176 -0.102621 0.032 0.994206 
2.09023e+06 719659 79.5465 204 247 175 -0.0108582 0.000987108 0.999941 
2.0903e+06 719671 79.3417 203 247 176 0.0559771 -0.0264043 0.998083 
2.09029e+06 719652 79.0645 202 247 176 0.0344418 -0.0344418 0.998813 
2.09023e+06 719659 79.5863 204 247 175 -0.0210163 -0.00300233 0.999775 
2.0903e+06 719668 79.1748 203 247 176 0.0340264 -0.0237154 0.999139 
2.09024e+06 719714 79.1472 203 247 176 -0.115998 0.0461739 0.992176 
2.09023e+06 719693 78.6501 203 247 176 -0.0881358 0.0315548 0.995609 
2.09024e+06 719716 78.8113 203 247 176 -0.0877667 0.0270885 0.995773 
2.09023e+06 719693 78.9315 203 247 176 -0.125468 0.0395619 0.991309 
2.09024e+06 719716 79.0357 203 247 176 -0.103486 0.0433972 0.993684 
2.0903e+06 719668 79.1346 203 247 176 0.0192814 -0.021311 0.999587 
2.09024e+06 719691 79.3569 203 248 176 -0.0856157 0.0270936 0.99596 
2.09023e+06 719718 78.4875 203 247 176 -0.0148646 0.00099097 0.999889 
2.09024e+06 719691 79.5191 203 247 176 -0.0253696 0.0152218 0.999562 
2.0903e+06 719721 79.8108 203 247 175 0.00890162 -0.00494534 0.999948 
2.09023e+06 719661 79.5292 204 247 175 -0.00688282 -0.00098326 0.999976 
2.09023e+06 719677 79.525 203 248 176 -0.0459758 0.052391 0.997568 
2.0903e+06 719671 79.2278 203 247 176 0.0342344 -0.0280099 0.999021 
2.09027e+06 719716 80.0626 203 247 175 -0.015072 0.015072 0.999773 
2.09029e+06 719655 79.4492 202 248 176 0.0260881 -0.0448715 0.998652 
2.0903e+06 719671 79.1841 203 247 176 0.0194362 -0.0276199 0.99943 
2.09023e+06 719677 79.6241 203 248 177 -0.00516281 0.0547258 0.998488 
2.0903e+06 719718 79.7859 203 247 175 0.00494542 -0.00692359 0.999964 
2.09023e+06 719661 79.5471 204 247 175 -0.014894 -0.0029788 0.999885 
2.09029e+06 719655 79.3662 202 248 176 0.0413625 -0.047726 0.998004 
2.09023e+06 719718 78.5196 203 247 176 -0.0271257 0.00100465 0.999632 
2.09023e+06 719661 79.5977 204 247 175 -0.0272895 -0.00707504 0.999603 
2.09029e+06 719657 79.5171 202 247 176 0.0215252 -0.0276753 0.999385 
2.09023e+06 719718 78.6137 203 247 176 -0.0526665 0.00516339 0.998599 
2.0903e+06 719718 79.781 203 247 175 0.00296137 -0.00888411 0.999956 
2.09023e+06 719721 78.4871 203 247 176 -0.0128575 0.000989037 0.999917 
2.09024e+06 719659 79.6476 204 247 175 -0.0294276 -0.00913272 0.999525 
2.09023e+06 719721 78.5171 203 247 176 -0.0229709 0.000998737 0.999736 
2.09027e+06 719716 80.0943 203 247 175 -0.0130627 0.0150724 0.999801 
2.09024e+06 719659 79.7248 204 247 175 -0.0359437 -0.0154044 0.999235 
2.09023e+06 719721 78.6048 203 247 176 -0.0461045 0.00307364 0.998932 
2.09024e+06 719661 79.6733 204 247 175 -0.0358701 -0.0153729 0.999238 
2.09024e+06 719693 79.2296 203 248 176 -0.110582 0.0413288 0.993007 
2.09029e+06 719657 79.4522 202 247 176 0.0364554 -0.0302059 0.998879 
2.09027e+06 719714 80.1675 203 247 175 -0.0110748 0.0191293 0.999756 
2.09029e+06 719655 79.2667 202 247 176 0.0456094 -0.0413666 0.998102 
2.09029e+06 719655 79.1529 202 247 176 0.0453289 -0.0368956 0.998291 
2.09028e+06 719714 80.184 203 247 175 -0.00300821 0.023063 0.99973 
2.09029e+06 719657 79.3502 202 247 176 0.0474362 -0.0347865 0.998268 
2.09024e+06 719693 79.4344 203 247 176 -0.0508136 0.0114071 0.998643 
2.09027e+06 719716 80.1194 203 247 175 -0.0090254 0.017048 0.999814 
2.09023e+06 719680 79.2411 203 248 176 -0.0382477 0.0863305 0.995532 
2.09024e+06 719686 79.4507 203 247 176 -0.1197 0.0324421 0.99228 
2.09028e+06 719716 80.1321 203 247 175 -0.00299048 0.0189397 0.999816 
2.09024e+06 719661 79.7643 204 247 175 -0.0425267 -0.0217819 0.998858 
2.09023e+06 719664 79.5327 204 247 175 -0.00890169 -0.00296723 0.999956 
2.09027e+06 719718 80.0307 203 247 175 -0.0150124 0.0110091 0.999827 
2.09027e+06 719718 80.0626 203 247 175 -0.0129595 0.00897197 0.999876 
2.09023e+06 719680 79.3321 203 248 176 -0.0406064 0.0867002 0.995407 
2.0903e+06 719673 79.5455 203 247 176 0.0493416 -0.0283452 0.99838 
2.09027e+06 719721 80.0163 203 247 175 -0.0149531 0.00697811 0.999864 
2.09024e+06 719689 79.4757 203 247 176 -0.0212693 0.0151924 0.999658 
2.09023e+06 719680 79.412 203 248 176 -0.0182337 0.0825878 0.996417 
2.09027e+06 719721 80.0494 203 247 175 -0.0109227 0.00496489 0.999928 
2.09023e+06 719664 79.5567 204 247 175 -0.0190153 -0.00500404 0.999807 
2.0903e+06 719673 79.4181 203 247 176 0.054089 -0.0328776 0.997995 
2.09029e+06 719657 79.2381 202 247 176 0.0518602 -0.0349262 0.998043 
2.09024e+06 719718 78.7628 203 247 176 -0.073123 0.0137768 0.997228 
2.09023e+06 719682 79.0348 203 247 176 -0.0336682 0.0836276 0.995928 
2.0903e+06 719675 79.6031 203 247 176 0.0451485 -0.030449 0.998516 
2.0903e+06 719721 79.797 203 247 175 0.00492599 -0.00492599 0.999976 
2.0903e+06 719673 79.299 203 247 176 0.0386134 -0.0323518 0.99873 
2.0903e+06 719648 78.9375 202 247 176 0.0129595 -0.00897197 0.999876 
2.09027e+06 719718 80.0864 203 247 175 -0.00895433 0.0109442 0.9999 
2.09023e+06 719696 78.49 204 247 175 -0.0466724 0.0155575 0.998789 
2.09023e+06 719664 79.6229 204 247 175 -0.0337546 -0.0132973 0.999342 
2.0903e+06 719650 78.9519 202 247 176 0.0170815 -0.0130623 0.999769 
2.09023e+06 719682 79.1092 203 247 176 -0.042627 0.081975 0.995722 
2.09024e+06 719718 78.9521 203 247 176 -0.0877716 0.0249228 0.995829 
2.09023e+06 719682 79.234 203 247 176 -0.0438366 0.0545284 0.997549 
2.09024e+06 719664 79.7168 204 247 175 -0.0425285 -0.0197083 0.998901 
2.09024e+06 719664 79.8217 204 247 175 -0.0470521 -0.0261401 0.99855 
2.0903e+06 719673 79.2484 203 247 176 0.0236211 -0.0297832 0.999277 
2.09024e+06 719721 78.7422 203 247 176 -0.0658237 0.00731375 0.997804 
2.09023e+06 719696 78.596 204 247 175 -0.0757023 0.0202584 0.996925 
2.09028e+06 719718 80.099 203 247 175 -0.00296717 0.0108796 0.999936 
2.0903e+06 719721 79.7923 203 247 175 0.0029498 -0.00491634 0.999984 
2.09023e+06 719696 78.8561 204 247 175 -0.123317 0.0233303 0.992093 
2.09027e+06 719721 80.0738 203 247 175 -0.00692359 0.00494542 0.999964 
2.09024e+06 719721 78.9147 203 247 176 -0.0799494 0.0138579 0.996703 
2.09023e+06 719698 78.4579 204 247 175 -0.0461042 0.00512268 0.998923 
2.09024e+06 719659 79.8123 204 247 175 -0.0403737 -0.0196693 0.998991 
2.09029e+06 719677 79.8525 203 248 176 0.106647 0.00323172 0.994292 
2.0903e+06 719648 78.9199 202 247 176 0.00690992 -0.00493566 0.999964 
2.09024e+06 719714 79.4069 203 247 176 -0.0964372 0.0454474 0.994301 
2.09024e+06 719659 79.9057 204 247 175 -0.04062 -0.0260385 0.998835 
2.09028e+06 719721 80.0871 203 247 175 -0.0029498 0.00491634 0.999984 
2.09023e+06 719698 78.5603 204 247 175 -0.0863038 0.00958931 0.996223 
2.09028e+06 719714 80.179 203 247 175 0.00704728 0.0231553 0.999707 
2.09023e+06 719698 78.824 204 247 175 -0.128771 0.00770423 0.991644 
2.09024e+06 719714 79.6131 203 247 176 -0.0696187 0.0289185 0.997154 
2.09024e+06 719682 79.2563 203 247 176 -0.00098326 0.00688282 0.999976 
2.09024e+06 719696 79.1673 204 247 175 -0.117402 0.0142638 0.992982 
2.09024e+06 719716 79.2804 203 247 176 -0.102131 0.0549935 0.99325 
2.09024e+06 719716 79.5098 203 247 176 -0.0807956 0.0586598 0.995003 
2.09024e+06 719696 79.4041 204 247 175 -0.0815541 -0.00529572 0.996655 
2.09024e+06 719661 79.8624 204 247 175 -0.0427016 -0.0239546 0.998801 
2.09025e+06 719714 79.7821 202 247 175 -0.0294276 0.00913272 0.999525 
2.0903e+06 719650 78.926 202 247 176 0.00893687 -0.00695089 0.999936 
2.09025e+06 719716 79.6428 203 248 176 -0.0458829 0.0501511 0.997687 
2.09024e+06 719698 79.1599 204 247 175 -0.135556 -0.00110208 0.990769 
2.09025e+06 719666 80.1202 203 248 175 -0.0328082 0.0539747 0.998003 
2.09029e+06 719680 80.0914 203 248 176 0.173011 0.00113079 0.984919 
2.09025e+06 719716 79.7382 203 248 176 -0.0363819 0.0280661 0.998944 
2.09024e+06 719698 79.4942 204 247 175 -0.0654163 -0.00103835 0.997858 
2.0903e+06 719652 78.9917 202 247 176 0.0255743 -0.0214824 0.999442 
2.09023e+06 719700 78.4572 204 247 175 -0.04388 0.00102047 0.999036 
2.0903e+06 719652 78.9463 202 247 176 0.0150724 -0.0130627 0.999801 
2.09024e+06 719718 79.1596 203 247 176 -0.0888858 0.0384074 0.995301 
2.09023e+06 719700 78.5586 204 247 175 -0.0812119 0.0031641 0.996692 
2.0903e+06 719648 78.9115 202 247 176 0.00294405 -0.00098135 0.999995 
2.09028e+06 719714 80.1527 203 247 175 0.0151617 0.0212263 0.99966 
2.09024e+06 719718 79.3506 203 247 176 -0.0755894 0.0514885 0.995809 
2.09029e+06 719680 79.8143 203 247 176 0.102818 -0.0119052 0.994629 
2.09023e+06 719700 78.8222 204 247 175 -0.130938 0.00330095 0.991385 
2.09024e+06 719661 79.9622 204 247 175 -0.0426129 -0.0239048 0.998806 
2.0903e+06 719650 78.9139 202 247 176 0.00491634 -0.0029498 0.999984 
2.09028e+06 719716 80.1291 203 247 175 0.00499422 0.0169804 0.999843 
2.09024e+06 719700 79.1652 204 247 175 -0.131223 0.00551356 0.991338 
2.0903e+06 719648 78.9092 202 247 176 0.000979431 -0.000979431 0.999999 
2.09024e+06 719721 79.0994 203 247 176 -0.0829351 0.0226187 0.996298 
2.09025e+06 719668 80.002 203 248 175 -0.0438799 0.00306139 0.999032 
2.09024e+06 719700 79.4391 204 247 175 -0.0792809 0.00739955 0.996825 
2.09029e+06 719677 79.7639 203 247 176 0.0273992 0.0111626 0.999562 
2.09024e+06 719721 79.272 203 247 176 -0.0743516 0.0312492 0.996742 
2.09025e+06 719666 80.2368 203 248 175 -0.05713 0.0506625 0.99708 
2.09025e+06 719659 80.002 204 247 175 -0.042786 -0.0281761 0.998687 
2.09024e+06 719700 79.5005 203 247 176 -0.0195123 -0.0338898 0.999235 
2.09025e+06 719718 79.5012 203 247 176 -0.0527175 0.0505657 0.997328 
2.09025e+06 719668 80.1341 203 248 175 -0.0398045 -0.00510314 0.999195 
2.09025e+06 719718 79.6063 203 247 176 -0.0391657 0.0455169 0.998196 
2.09025e+06 719721 79.4151 203 247 176 -0.0564383 0.0351409 0.997787 
2.09026e+06 719668 80.0866 203 247 175 -0.00886664 0.000985182 0.99996 
2.09029e+06 719677 79.7375 203 247 176 0.0129597 -0.00697831 0.999892 
2.09028e+06 719716 80.1098 203 247 175 0.0110312 0.0150425 0.999826 
2.09029e+06 719680 79.7253 203 247 176 0.00891926 -0.00495514 0.999948 
2.09026e+06 719668 80.1736 203 247 175 -0.014894 -0.0029788 0.999885 
2.09025e+06 719659 80.0989 204 247 175 -0.0408647 -0.0345778 0.998566 
2.09029e+06 719682 79.8748 203 248 176 0.127322 -0.103523 0.986444 
2.09028e+06 719714 80.1081 203 247 175 0.0233412 0.0152225 0.999612 
2.09028e+06 719714 80.0507 203 247 175 0.027289 0.00909634 0.999586 
2.09029e+06 719682 79.7861 203 247 176 0.0547568 -0.0461675 0.997432 
2.09028e+06 719716 80.0764 203 247 175 0.0170819 0.011053 0.999793 
2.09025e+06 719661 80.0612 204 247 175 -0.0425285 -0.0197083 0.998901 
2.09028e+06 719716 80.0324 203 247 175 0.021058 0.00701933 0.999754 
2.09025e+06 719661 80.1627 204 247 175 -0.0423546 -0.0175617 0.998948 
2.0903e+06 719677 79.6926 202 247 176 0.0384601 -0.0259865 0.998922 
2.09024e+06 719664 79.925 204 247 175 -0.0426129 -0.0239048 0.998806 
2.0903e+06 719650 78.9104 202 247 176 0.00098135 -0.00294405 0.999995 
2.09028e+06 719718 80.0983 203 247 175 0.00296137 0.00888411 0.999956 
2.09024e+06 719664 80.0186 204 247 175 -0.0360164 -0.0174937 0.999198 
2.09028e+06 719718 80.084 203 247 175 0.00893687 0.00695089 0.999936 
2.09028e+06 719721 80.0879 203 247 175 0.0029498 0.00491634 0.999984 
2.09025e+06 719664 80.1012 204 247 175 -0.0313293 -0.00303186 0.999505 
2.0903e+06 719652 78.9255 202 247 176 0.00693723 -0.00693723 0.999952 
2.09028e+06 719721 80.0759 203 247 175 0.00690997 0.00296142 0.999972 
2.09025e+06 719721 79.5274 203 247 176 -0.0386941 0.0324193 0.998725 
2.0903e+06 719652 78.9195 202 247 176 0.00295562 -0.00492603 0.999984 
2.0903e+06 719655 79.049 202 247 176 0.0383804 -0.0259327 0.998927 
2.09028e+06 719718 80.0576 203 247 175 0.0149235 0.00497451 0.999876 
2.0903e+06 719655 78.9778 202 247 176 0.0233404 -0.0172516 0.999579 
2.09026e+06 719709 80.1307 203 247 175 -0.0315548 0.0881358 0.995609 
2.0903e+06 719657 79.1121 202 247 176 0.0471479 -0.0282887 0.998487 
2.09026e+06 719711 80.0079 203 248 175 -0.0298444 0.0236697 0.999274 
2.09025e+06 719664 80.1762 204 247 175 -0.0338216 0.0174233 0.999276 
2.0903e+06 719655 78.9432 202 247 176 0.0109658 -0.0109658 0.99988 
2.09026e+06 719707 80.2287 204 247 175 0.055544 0.0620786 0.996525 
2.0903e+06 719655 78.9329 202 247 176 0.00495514 -0.00891926 0.999948 
2.09025e+06 719648 79.8473 204 247 175 -0.00891915 -0.00693712 0.999936 
2.09025e+06 719650 79.8633 204 247 175 -0.00898989 -0.0129854 0.999875 
2.09028e+06 719718 80.0217 203 247 175 0.0169466 0.00299058 0.999852 
2.09025e+06 719648 79.8552 204 247 175 0.000985182 -0.00886664 0.99996 
2.09025e+06 719650 79.8749 204 247 175 -0.00299633 -0.0209743 0.999776 
2.09029e+06 719659 79.5786 202 248 176 0.0277864 -0.0257282 0.999283 
2.09025e+06 719652 79.9127 204 247 175 -0.0132187 -0.0274542 0.999536 
2.09029e+06 719659 79.5018 202 248 176 0.0340967 -0.0237644 0.999136 
2.09025e+06 719652 79.9344 204 247 175 -0.00711687 -0.033551 0.999412 
2.09028e+06 719721 80.0522 203 247 175 0.0128829 0.00297298 0.999913 
2.09026e+06 719648 79.8435 204 247 175 0.0109658 -0.0109658 0.99988 
2.09029e+06 719661 79.6307 202 248 176 0.033618 -0.011206 0.999372 
2.09026e+06 719650 79.8669 204 247 175 0.00904284 -0.0211 0.999736 
2.09029e+06 719661 79.5649 202 248 176 0.0315819 -0.013244 0.999413 
2.09028e+06 719721 80.0194 203 247 175 0.0148941 0.000992938 0.999889 
2.09029e+06 719659 79.4236 202 248 176 0.0407024 -0.0281786 0.998774 
2.09026e+06 719707 80.0535 204 247 175 0.0548687 0.0484136 0.997319 
2.09029e+06 719659 79.3154 202 248 176 0.0539747 -0.0328082 0.998003 
2.09026e+06 719648 79.8109 204 247 175 0.0211841 -0.013114 0.99969 
2.09026e+06 719705 80.0715 203 247 175 0.0447344 0.0752847 0.996158 
2.09026e+06 719707 79.9395 203 247 175 0.0258295 0.0340949 0.999085 
2.09026e+06 719650 79.8374 204 247 175 0.0172516 -0.0233404 0.999579 
2.09029e+06 719661 79.4865 202 248 176 0.0338216 -0.0174233 0.999276 
2.09026e+06 719652 79.9357 204 247 175 0.00305568 -0.0397238 0.999206 
2.09026e+06 719709 80.0746 203 247 175 0.0174924 0.0380716 0.999122 
2.09026e+06 719652 79.9139 204 247 175 0.0154947 -0.0444182 0.998893 
2.0903e+06 719659 79.1816 202 247 176 0.0516523 -0.0284615 0.998259 
2.09026e+06 719709 80.0193 203 248 175 0.0272348 0.00504347 0.999616 
2.09025e+06 719655 79.9911 204 247 175 -0.0196302 -0.0382273 0.999076 
2.09029e+06 719705 80.0113 203 247 175 0.04227 -0.0134027 0.999016 
2.09025e+06 719655 80.0299 204 247 175 -0.0134557 -0.0465773 0.998824 
2.09029e+06 719705 79.9136 203 247 175 0.0417574 -0.00305542 0.999123 
2.09025e+06 719657 80.0891 204 247 175 -0.030449 -0.0451485 0.998516 
2.09026e+06 719711 80.072 203 247 175 -0.0110094 0.0130111 0.999855 
2.09025e+06 719657 80.1489 204 247 175 -0.0178081 -0.0555192 0.998299 
2.09029e+06 719707 80.0208 203 247 175 0.0459168 -0.00102037 0.998945 
2.09026e+06 719655 80.0474 204 247 175 -0.00517348 -0.0548389 0.998482 
2.09026e+06 719709 79.9727 203 247 175 0.017184 -0.017184 0.999705 
2.09026e+06 719655 80.0395 204 247 175 0.00730047 -0.0615325 0.998078 
2.09029e+06 719707 79.9124 203 247 175 0.0437908 -0.00101839 0.99904 
2.09026e+06 719657 80.1861 204 247 175 -0.00940573 -0.0616598 0.998053 
2.09025e+06 719716 79.8025 203 248 175 -0.0277849 0.0277849 0.999228 
2.09029e+06 719705 79.8181 203 247 175 0.0397238 0.00305568 0.999206 
2.09026e+06 719657 80.1948 204 247 175 0.00313364 -0.0699847 0.997543 
2.09025e+06 719716 79.8549 203 248 175 -0.021524 0.0297236 0.999326 
2.09029e+06 719705 79.7286 203 247 175 0.0354387 0.00101253 0.999371 
2.09026e+06 719714 79.9772 203 247 175 -0.0255221 0.0214385 0.999444 
2.09029e+06 719707 79.8142 203 247 175 0.0396431 -0.00304947 0.999209 
2.09026e+06 719716 79.8927 203 247 175 -0.0132187 0.0274542 0.999536 
2.09026e+06 719648 79.7578 204 247 175 0.0273985 -0.0131919 0.999538 
2.09029e+06 719707 79.7283 203 247 175 0.0334833 -0.00507323 0.999426 
2.09026e+06 719650 79.7868 204 247 175 0.0256255 -0.0235754 0.999394 
2.09029e+06 719709 80.0114 203 247 175 0.0419277 0.00511314 0.999108 
2.09026e+06 719648 79.6873 204 247 175 0.0337546 -0.0132973 0.999342 
2.09029e+06 719709 79.9139 203 247 175 0.0416728 -0.00101641 0.999131 
2.09025e+06 719718 79.685 203 247 175 -0.0303272 0.0407849 0.998708 
2.09026e+06 719650 79.7181 204 247 175 0.0319648 -0.025778 0.999156 
2.09029e+06 719711 79.996 203 247 175 0.0355823 0.00508318 0.999354 
2.09026e+06 719652 79.8687 204 247 175 0.0240501 -0.0470546 0.998603 
2.09029e+06 719711 79.9156 203 247 175 0.0353671 -0.00101049 0.999374 
2.09026e+06 719652 79.8029 204 247 175 0.0326773 -0.0495429 0.998237 
2.09029e+06 719709 79.8254 203 247 175 0.0355818 -0.00711637 0.999341 
2.09026e+06 719648 79.6045 204 247 175 0.0379947 -0.0154033 0.999159 
2.09029e+06 719709 79.7498 203 247 175 0.0294869 -0.0111847 0.999503 
2.09026e+06 719650 79.6365 204 247 175 0.0383804 -0.0259327 0.998927 
2.09029e+06 719711 79.8419 203 247 175 0.031392 -0.00708852 0.999482 
2.09025e+06 719718 79.7448 203 247 175 -0.0238099 0.038303 0.998982 
2.09029e+06 719711 79.7789 203 247 175 0.025319 -0.0131659 0.999593 
2.09026e+06 719652 79.7225 204 247 175 0.0369698 -0.0475326 0.998185 
2.09025e+06 719721 79.6139 203 247 175 -0.0320933 0.0300228 0.999034 
2.09026e+06 719655 80.0044 204 247 175 0.0201421 -0.066787 0.997564 
2.0903e+06 719705 79.6509 203 247 175 0.0291333 0.0010046 0.999575 
2.09026e+06 719655 79.9439 204 247 175 0.0288611 -0.0673426 0.997312 
2.09025e+06 719721 79.6829 203 247 175 -0.0256242 0.0256242 0.999343 
2.09026e+06 719657 80.1717 204 247 175 0.0180882 -0.0755448 0.996978 
2.0903e+06 719705 79.5912 203 247 175 0.0209744 -0.000998781 0.99978 
2.09026e+06 719718 79.7906 203 247 175 -0.0174244 0.031774 0.999343 
2.0903e+06 719707 79.6583 203 247 175 0.027289 -0.00909634 0.999586 
2.09026e+06 719655 79.864 204 247 175 0.0376426 -0.0677567 0.996992 
2.0903e+06 719707 79.6065 203 247 175 0.0190908 -0.0110526 0.999757 
2.09026e+06 719721 79.7401 203 247 175 -0.0213534 0.0213534 0.999544 
2.0903e+06 719705 79.5531 203 247 175 0.0109011 -0.00495505 0.999928 
2.09025e+06 719659 80.1926 204 247 175 -0.0409473 -0.0367476 0.998485 
2.09026e+06 719714 80.013 203 247 175 -0.0131399 0.0232475 0.999643 
2.0903e+06 719705 79.5398 203 247 175 0.00689636 -0.00295558 0.999972 
2.09025e+06 719661 80.2677 204 247 175 -0.0466708 -0.0176312 0.998755 
2.0903e+06 719707 79.5748 203 247 175 0.00898964 -0.0149827 0.999847 
2.0903e+06 719707 79.5641 203 247 175 0.00497465 -0.0129341 0.999904 
2.09025e+06 719664 80.2702 204 247 175 -0.0424405 0.0196676 0.998905 
2.0903e+06 719709 79.6893 203 247 175 0.0232939 -0.0151917 0.999613 
2.0903e+06 719709 79.6455 203 247 175 0.0151317 -0.0191668 0.999702 
2.0903e+06 719711 79.7287 203 247 175 0.0192049 -0.0171834 0.999668 
2.0903e+06 719709 79.619 203 247 175 0.00904284 -0.0211 0.999736 
2.0903e+06 719709 79.6101 203 247 175 0.00500384 -0.0210161 0.999767 
2.09029e+06 719714 79.9868 203 247 175 0.0271802 0.00302002 0.999626 
2.09029e+06 719714 79.9224 203 247 175 0.0271802 -0.00302002 0.999626 
2.09029e+06 719716 79.9824 203 247 175 0.0230168 0.00300219 0.999731 
2.09029e+06 719716 79.9309 203 247 175 0.0230168 -0.00300219 0.999731 
2.09029e+06 719714 79.8624 203 247 175 0.025218 -0.00907847 0.999641 
2.09029e+06 719714 79.8103 203 247 175 0.0211841 -0.013114 0.99969 
2.09029e+06 719716 79.8819 203 247 175 0.021058 -0.00701933 0.999754 
2.09029e+06 719718 79.9799 203 247 175 0.0189021 0.000994847 0.999821 
2.09029e+06 719718 79.936 203 247 175 0.0189398 -0.00099683 0.99982 
2.09029e+06 719721 79.9807 203 247 175 0.0168794 0.000992907 0.999857 
2.09029e+06 719721 79.9396 203 247 175 0.0189021 -0.000994847 0.999821 
2.09029e+06 719718 79.8935 203 247 175 0.0189397 -0.00299048 0.999816 
2.09029e+06 719721 79.8996 203 247 175 0.0169129 -0.00298463 0.999852 
2.0903e+06 719714 79.7684 203 247 175 0.0151023 -0.0151023 0.999772 
2.09025e+06 719675 81.4085 203 248 175 -0.452985 -0.878472 -0.15196 
2.09024e+06 719676 81.4085 203 248 175 -0.525045 -0.708393 0.471707 
2.09025e+06 719675 81.4085 203 248 175 0.193019 -0.925647 -0.325456 
2.09028e+06 719673 81.4085 203 248 175 0.865531 -0.452946 0.213767 
2.09024e+06 719676 81.4085 203 248 175 -0.791421 -0.441836 0.422415 
2.09024e+06 719677 81.4085 203 248 175 -0.824922 -0.472955 0.309542 
2.09028e+06 719674 81.4085 203 248 175 0.812469 -0.526629 0.25011 
2.09027e+06 719666 81.4085 203 248 175 -0.16542 -0.766396 0.620705 
2.09026e+06 719706 81.4085 204 248 175 0.0756425 0.826358 0.558042 
2.09027e+06 719666 81.4085 203 248 175 -0.218074 -0.777953 0.589265 
2.09025e+06 719697 81.4085 208 248 172 -0.773679 0.374675 0.51092 
2.09029e+06 719693 81.4085 203 248 176 0.701991 0.498564 0.508569 
2.09028e+06 719666 81.4085 203 248 175 -0.143906 -0.820411 0.553369 
2.09026e+06 719706 81.4085 204 248 175 0.155589 0.750756 0.641995 
2.09025e+06 719698 81.4085 208 248 172 -0.644775 0.530298 0.5505 
2.09026e+06 719706 81.4085 204 248 175 0.152923 0.664686 0.731305 
2.09024e+06 719678 81.4085 208 248 173 -0.917884 -0.240638 0.315568 
2.09028e+06 719665 81.4085 203 248 175 -0.0847822 -0.888128 0.451708 
2.09026e+06 719702 81.4085 204 248 175 0.745917 0.546788 0.380303 
2.09028e+06 719665 81.4085 203 248 175 0.186371 -0.881961 0.432909 
2.09026e+06 719704 81.4085 204 248 175 0.576838 0.328006 0.748111 
2.09024e+06 719678 81.4085 208 248 173 -0.934187 0.00126071 0.356781 
2.09027e+06 719667 81.4085 204 248 175 -0.207607 -0.838007 0.504623 
2.09028e+06 719675 81.4085 203 248 175 0.839995 -0.42078 0.342568 
2.09024e+06 719679 81.4085 208 248 173 -0.945428 0.175989 0.274215 
2.09025e+06 719698 81.4085 208 248 172 -0.680349 0.383829 0.62434 
2.09027e+06 719667 81.4085 204 248 175 -0.32089 -0.790252 0.522045 
2.09029e+06 719694 81.4085 203 248 176 0.411724 0.752913 0.513425 
2.09027e+06 719668 81.4085 204 248 175 -0.45662 -0.712327 0.533 
2.09028e+06 719675 81.4085 211 248 171 0.772353 -0.439245 0.45884 
2.09027e+06 719668 81.4085 204 248 175 -0.797924 -0.497303 0.340597 
2.09025e+06 719699 81.4085 208 248 172 -0.819642 0.0818207 0.567003 
2.09024e+06 719680 81.4085 208 248 173 -0.956389 0.149892 0.250704 
2.09028e+06 719676 81.4085 211 248 171 0.66934 -0.4781 0.568687 
2.09026e+06 719704 81.4085 204 248 175 0.491836 0.552266 0.673127 
2.09024e+06 719675 81.4085 204 248 175 -0.293426 -0.883288 0.365654 
2.09028e+06 719677 81.4085 211 248 171 0.473696 -0.421606 0.773215 
2.09027e+06 719667 81.4085 204 248 175 -0.167409 -0.851857 0.4963 
2.09026e+06 719705 81.4085 204 248 175 0.555297 0.616059 0.558673 
2.09025e+06 719675 81.4085 204 248 175 -0.080499 -0.9596 0.269608 
2.09027e+06 719666 81.4085 204 248 175 -0.171095 -0.898609 0.404015 
2.09026e+06 719705 81.4085 204 248 175 0.386441 0.787433 0.480221 
2.09027e+06 719669 81.4085 204 248 175 -0.781723 -0.599574 -0.171524 
2.09026e+06 719706 81.4085 204 248 175 0.319326 0.698628 0.640274 
2.09028e+06 719668 81.4085 203 248 175 0.893591 -0.141093 0.42613 
2.09028e+06 719669 81.4085 203 248 175 0.94473 -0.204303 0.256407 
2.09028e+06 719670 81.4085 203 248 175 0.965936 -0.220527 0.135412 
2.09024e+06 719684 81.4085 211 247 171 -0.780379 0.308002 0.544191 
2.09024e+06 719685 81.4085 211 247 171 -0.840934 0.361743 0.402458 
2.09025e+06 719700 81.4085 205 248 174 -0.961078 -0.12615 0.245797 
2.09024e+06 719686 81.4085 211 247 171 -0.894515 0.401291 0.196998 
2.09025e+06 719701 81.4085 210 248 172 -0.985368 -0.170436 0.00112871 
2.09024e+06 719686 81.4085 211 247 171 -0.969099 0.0839969 0.231932 
2.09026e+06 719705 81.4085 204 248 175 0.313424 0.58988 0.744182 
2.09028e+06 719671 81.4085 203 248 175 0.944109 -0.32963 0.00124389 
2.09025e+06 719702 81.4085 210 248 172 -0.822539 -0.56576 0.0578458 
2.09025e+06 719688 81.4085 208 247 173 -0.908033 0.249235 0.336686 
2.09028e+06 719672 81.4085 203 248 175 0.886915 -0.40422 0.22358 
2.09025e+06 719702 81.4085 210 248 172 -0.875712 -0.266783 0.402436 
2.09028e+06 719673 81.4085 203 248 175 0.884529 -0.376938 0.27482 
2.09028e+06 719698 81.4085 203 247 175 0.497302 0.863587 0.0831185 
2.09028e+06 719698 81.4085 203 247 175 0.440725 0.879985 0.177168 
2.09027e+06 719699 81.4085 203 248 176 0.404124 0.896605 0.181059 
2.09027e+06 719699 81.4085 203 248 176 0.408877 0.889564 0.203706 
2.09025e+06 719689 81.4085 208 247 173 -0.886074 0.433611 0.163873 
2.09027e+06 719700 81.4085 203 248 176 0.165348 0.895756 0.412652 
2.09026e+06 719702 81.4085 206 248 174 0.286388 0.934603 0.210949 
2.09025e+06 719690 81.4085 209 247 172 -0.997658 0.0646728 0.0222644 
2.09026e+06 719702 81.4085 204 247 175 0.290575 0.815181 0.501046 
2.09025e+06 719690 81.4085 209 247 172 -0.940459 0.270088 0.206375 
2.09026e+06 719701 81.4085 204 247 175 0.193059 0.71509 0.671844 
2.09025e+06 719691 81.4085 205 247 174 -0.882053 0.424035 0.205369 
2.09025e+06 719692 81.4085 208 248 173 -0.949319 0.303418 0.0820399 
2.09025e+06 719693 81.4085 208 247 173 -0.968289 0.17406 0.179217 
2.09025e+06 719675 81.4085 204 248 175 -0.0750954 -0.994173 0.077337 
2.09027e+06 719699 81.4085 203 248 176 0.493524 0.73781 0.460512 
2.09025e+06 719693 81.4085 209 248 172 -0.888126 0.403425 0.220184 
2.09025e+06 719704 81.4085 211 248 171 -0.820937 0.275723 0.500039 
2.09024e+06 719681 81.4085 209 248 172 -0.923392 0.137055 0.358558 
2.09025e+06 719694 81.4085 207 248 173 -0.946228 0.223206 0.234161 
2.09024e+06 719682 81.4085 208 248 172 -0.880656 0.338014 0.331951 
2.09027e+06 719698 81.4085 203 248 176 0.412587 0.866281 0.281655 
2.09025e+06 719705 81.4085 211 248 171 -0.654201 0.536479 0.533115 
2.09024e+06 719683 81.4085 205 247 174 -0.922541 0.307514 0.233138 
2.09024e+06 719683 81.4085 205 247 174 -0.864769 0.285206 0.41332 
2.09025e+06 719705 81.4085 205 248 174 -0.51072 0.681518 0.524116 
2.09025e+06 719706 81.4085 205 248 174 -0.445998 0.80022 0.400915 
2.09025e+06 719674 81.4085 203 247 175 -0.46417 -0.798244 0.383864 
2.09025e+06 719674 81.4085 203 247 175 -0.495403 -0.760272 0.420193 
2.09025e+06 719706 81.4085 205 248 174 -0.404832 0.833292 0.376478 
2.09025e+06 719675 81.4085 203 247 175 -0.577099 -0.803763 0.144647 
2.09025e+06 719706 81.4085 205 248 174 -0.20802 0.863506 0.459439 
2.09025e+06 719696 81.4085 209 248 172 -0.846683 0.335243 0.413206 
2.09026e+06 719670 81.4085 203 247 175 -0.00690996 -0.761478 0.648154 
2.09028e+06 719697 81.4085 203 248 176 0.278728 0.960332 -0.00852006 
2.09025e+06 719697 81.4085 205 247 174 -0.789635 0.500156 0.355416 
2.09028e+06 719697 81.4085 203 248 176 -0.155311 0.977837 0.140401 
2.09025e+06 719706 81.4085 205 248 174 -0.177268 0.917537 0.355953 
2.09026e+06 719670 81.4085 203 247 175 -0.0546788 -0.91887 0.390753 
2.09028e+06 719697 81.4085 203 248 176 0.220952 0.836569 0.501332 
2.09028e+06 719697 81.4085 203 248 176 0.166442 0.820213 0.547309 
2.09026e+06 719670 81.4085 203 247 175 0.220789 -0.962851 0.155467 
2.09028e+06 719696 81.4085 203 248 176 0.362226 0.706422 0.60808 
2.09026e+06 719670 81.4085 203 248 175 0.129175 -0.936858 -0.324977 
2.09026e+06 719670 81.4085 203 248 175 -0.182052 -0.921549 -0.342935 
2.09025e+06 719706 81.4085 204 248 175 -0.0678374 0.881887 0.466555 
2.09027e+06 719669 81.4085 203 248 175 -0.603826 -0.749632 -0.271009 
2.09027e+06 719670 81.4085 203 248 175 -0.476052 -0.858088 -0.19251 
2.09029e+06 719684 81.4085 203 248 176 0.700752 -0.330052 0.632465 
2.09029e+06 719685 81.4085 203 248 176 0.800965 -0.147664 0.580215 
2.09029e+06 719686 81.4085 203 248 176 0.743462 -0.101582 0.661019 
2.09029e+06 719688 81.4085 203 248 176 0.803435 -0.00136871 0.595391 
2.09029e+06 719689 81.4085 203 248 176 0.848583 -0.0661416 0.524911 
2.09026e+06 719664 80.3427 204 248 176 0.0468611 0.0218685 0.998662 
2.09028e+06 719673 80.8951 203 248 175 0.88811 -0.308058 0.341118 
2.09026e+06 719665 80.3227 204 248 176 0.0468611 0.0218685 0.998662 
2.09026e+06 719707 80.7778 204 248 175 -0.038232 0.709416 0.703752 
2.09028e+06 719675 81.3141 203 248 175 0.69622 -0.512565 0.502548 
2.09027e+06 719666 80.2775 204 248 176 -0.108776 -0.198798 0.973985 
2.09026e+06 719671 80.5702 203 248 175 0.354199 -0.931609 -0.0815325 
2.09026e+06 719707 80.6559 204 248 175 0.0816285 0.565671 0.820581 
2.09028e+06 719676 81.0822 211 248 171 0.402316 -0.65066 0.644037 
2.09025e+06 719698 80.7184 208 248 172 -0.696602 0.358955 0.621206 
2.09024e+06 719675 80.3214 203 247 175 -0.249234 -0.769646 0.587815 
2.09026e+06 719671 80.4457 203 248 175 -0.0520991 -0.975344 -0.214454 
2.09026e+06 719707 80.5273 204 248 175 0.164284 0.498772 0.851021 
2.09024e+06 719675 80.771 203 248 175 -0.191611 -0.865963 0.461946 
2.09024e+06 719684 81.0648 203 248 176 -0.806474 0.173354 0.565286 
2.09025e+06 719699 81.137 208 248 172 -0.750069 0.428376 0.503875 
2.09025e+06 719675 80.8833 203 248 175 0.0468109 -0.955195 0.292252 
2.09024e+06 719685 80.3929 203 248 176 -0.763139 0.288368 0.578328 
2.09026e+06 719702 80.8771 204 248 175 0.22197 0.466589 0.856168 
2.09029e+06 719693 80.4149 203 248 176 0.620587 0.620587 0.479315 
2.09026e+06 719704 80.7351 204 248 175 0.349723 0.322472 0.879606 
2.09024e+06 719677 80.8405 203 248 175 -0.857647 -0.344604 0.381692 
2.09025e+06 719701 80.4054 210 248 172 -0.413916 -0.462612 0.784005 
2.09026e+06 719705 80.7228 204 248 175 0.355339 0.4023 0.843735 
2.09027e+06 719666 80.3486 203 248 175 -0.129253 -0.78592 0.604668 
2.09026e+06 719705 80.3519 204 248 175 0.257572 0.274648 0.926404 
2.09025e+06 719701 80.8834 210 248 172 -0.66618 -0.505088 0.548717 
2.09024e+06 719680 80.9504 208 248 173 -0.893364 0.107989 0.436164 
2.09026e+06 719706 81.0387 204 248 175 0.264134 0.536082 0.801779 
2.09026e+06 719706 80.6356 204 248 175 0.309891 0.440699 0.842468 
2.09025e+06 719702 80.8214 210 248 172 -0.622767 -0.278732 0.731074 
2.09024e+06 719688 80.7577 208 247 173 -0.888126 0.220184 0.403425 
2.09026e+06 719707 80.3616 204 248 175 0.125718 0.489866 0.862685 
2.09027e+06 719666 80.5688 203 248 175 -0.152741 -0.712288 0.685067 
2.09024e+06 719681 80.8397 209 248 172 -0.861102 0.179334 0.475755 
2.09024e+06 719689 80.3218 208 247 173 -0.506166 0.318932 0.801298 
2.09029e+06 719694 80.6475 203 248 176 0.318664 0.697178 0.64218 
2.09026e+06 719702 80.9302 204 247 175 0.241411 0.421345 0.874179 
2.09025e+06 719689 80.3536 208 247 173 -0.824083 0.43814 -0.359054 
2.09027e+06 719666 80.8332 203 248 175 -0.157524 -0.796623 0.58359 
2.09027e+06 719666 81.1811 203 248 175 -0.207386 -0.797286 0.566856 
2.09027e+06 719665 80.4954 203 248 175 -0.152354 -0.62601 0.764788 
2.09026e+06 719702 80.2992 204 247 175 0.290015 0.703407 0.648929 
2.09028e+06 719665 80.6803 203 248 175 -0.0238384 -0.722162 0.691313 
2.09025e+06 719691 80.9449 209 247 172 -0.844099 0.389946 0.368021 
2.09025e+06 719674 80.4906 203 247 175 -0.635449 -0.635449 0.438644 
2.09025e+06 719704 80.9388 203 247 176 -0.711165 0.230775 0.664068 
2.09026e+06 719666 80.3645 203 247 175 -0.0336858 0.0132701 0.999344 
2.09026e+06 719706 80.3497 204 248 175 0.204751 0.312069 0.927734 
2.09025e+06 719694 80.5947 209 248 172 -0.77104 0.067484 0.633201 
2.09026e+06 719666 80.3519 203 247 175 0.0400465 0.0133488 0.999109 
2.09025e+06 719696 80.9328 209 248 172 -0.723062 0.162879 0.671306 
2.09026e+06 719704 80.376 203 248 175 0.274399 0.373363 0.886174 
2.09026e+06 719667 80.3675 203 247 175 -0.0572536 0.0114507 0.998294 
2.09026e+06 719667 80.3895 203 247 175 0.0233404 -0.0172516 0.999579 
2.09026e+06 719668 80.3362 203 247 175 -0.0718989 0.0311204 0.996926 
2.09026e+06 719668 80.4248 203 247 175 -0.0507062 -0.1093 0.992715 
2.09026e+06 719668 80.3699 203 247 175 0.0901571 -0.299217 0.949916 
2.09028e+06 719665 80.8285 203 248 175 0.081964 -0.806698 0.585252 
2.09027e+06 719700 80.9697 203 248 176 0.0401238 0.532678 0.845367 
2.09026e+06 719669 80.6508 203 247 175 -0.182364 -0.63291 0.752442 
2.09027e+06 719700 80.4314 203 248 176 0.438872 0.498046 0.747891 
2.09026e+06 719669 80.705 203 247 175 0.140206 -0.469762 0.871588 
2.09027e+06 719701 80.4269 203 248 176 0.0473261 0.219642 0.974432 
2.09027e+06 719667 80.3109 203 248 175 -0.240327 0.240327 0.940471 
2.09027e+06 719667 80.6254 203 248 175 -0.357527 -0.28273 0.890077 
2.09028e+06 719697 80.3846 203 248 176 0.0755871 0.972719 -0.219326 
2.09025e+06 719706 80.4576 205 248 174 -0.422217 0.845993 0.325621 
2.09027e+06 719669 80.3834 203 248 175 -0.722019 -0.608443 -0.329371 
2.09028e+06 719698 80.3402 203 248 176 -0.926515 0.205106 0.315439 
2.09027e+06 719667 81.035 204 248 175 -0.19962 -0.651473 0.731939 
2.09028e+06 719697 81.315 203 248 176 0.0209971 0.698502 0.7153 
2.09028e+06 719697 81.241 203 248 176 0.183808 0.39801 0.898778 
2.09028e+06 719698 80.474 203 248 176 -0.00624866 0.331179 0.943547 
2.09028e+06 719700 80.3064 203 248 175 -0.0449652 -0.0261426 0.998646 
2.09025e+06 719707 80.4142 204 248 175 -0.236955 0.726556 0.644956 
2.09028e+06 719699 80.3011 203 248 175 -0.074451 0.00104861 0.997224 
2.09028e+06 719699 80.4073 203 248 175 0.00720115 0.0462931 0.998902 
2.09028e+06 719700 80.3244 203 248 175 -0.0190529 -0.00902508 0.999778 
2.09028e+06 719671 80.4754 203 248 175 0.946858 -0.321456 0.0112572 
2.09028e+06 719700 80.3432 203 248 175 0.00900763 0.0150127 0.999847 
2.09028e+06 719701 80.3139 203 248 175 -0.0149236 -0.00298473 0.999884 
2.09028e+06 719702 80.3228 203 248 175 -0.0232481 0.0111187 0.999668 
2.09029e+06 719684 80.3347 203 248 176 0.66351 -0.162461 0.730316 
2.09029e+06 719685 80.5639 203 248 176 0.628313 -0.158971 0.761545 
2.09029e+06 719686 80.8078 203 248 176 0.640922 -0.0266467 0.767143 
2.09029e+06 719688 80.6583 203 248 176 0.687578 0.0952933 0.719831 
2.09029e+06 719689 80.4678 203 248 176 0.792016 -0.0407966 0.609135 
2.09025e+06 719675 82.545 203 248 175 -0.247307 -0.96872 -0.0205084 
2.09025e+06 719675 82.545 203 248 175 -0.26532 -0.92933 0.256807 
2.09024e+06 719676 82.545 203 248 175 -0.652702 -0.612638 0.445707 
2.09026e+06 719706 82.545 204 248 175 0.182253 0.905523 0.383161 
2.09024e+06 719677 82.545 203 248 175 -0.857623 -0.322961 0.400224 
2.09026e+06 719706 82.545 204 248 175 0.264576 0.803122 0.533849 
2.09024e+06 719678 82.545 208 248 173 -0.889211 -0.126624 0.439626 
2.09026e+06 719705 82.545 204 248 175 0.257634 0.831526 0.492128 
2.09025e+06 719696 82.545 208 248 172 -0.7507 0.51087 0.418881 
2.09024e+06 719680 82.545 208 248 173 -0.958395 0.17945 0.221986 
2.09028e+06 719666 82.545 203 248 175 -0.0285923 -0.867301 0.496962 
2.09026e+06 719704 82.545 204 248 175 0.578325 0.775802 0.252332 
2.09024e+06 719676 82.545 204 248 175 -0.381011 -0.737492 0.557616 
2.09026e+06 719705 82.545 204 248 175 0.438753 0.83847 0.323209 
2.09024e+06 719676 82.545 204 248 175 -0.255381 -0.683659 0.683659 
2.09026e+06 719703 82.545 204 248 175 0.771162 0.622001 0.135736 
2.09025e+06 719697 82.545 208 248 172 -0.495238 0.569104 0.6564 
2.09028e+06 719666 82.545 203 248 175 -0.106624 -0.579857 0.807711 
2.09025e+06 719675 82.545 204 248 175 -0.367998 -0.922062 0.119909 
2.09028e+06 719674 82.545 203 248 175 0.837551 -0.464616 0.287471 
2.09027e+06 719668 82.545 204 248 175 -0.521646 -0.781667 0.341879 
2.09025e+06 719675 82.545 204 248 175 0.0310247 -0.987044 0.157421 
2.09025e+06 719697 82.545 208 248 172 -0.481264 0.481264 0.732646 
2.09024e+06 719681 82.545 209 248 172 -0.904833 0.265437 0.332896 
2.09026e+06 719704 82.545 204 248 175 0.651042 0.736827 0.182292 
2.09026e+06 719702 82.545 204 248 175 0.711474 0.677667 0.185936 
2.09025e+06 719698 82.545 208 248 172 -0.639474 0.3549 0.681996 
2.09024e+06 719682 82.545 211 248 171 -0.690552 0.444283 0.570746 
2.09026e+06 719705 82.545 204 248 175 0.286739 0.860216 0.421674 
2.09024e+06 719682 82.545 210 247 171 -0.760737 0.182148 0.622978 
2.09025e+06 719699 82.545 208 248 172 -0.782314 0.17773 0.596989 
2.09024e+06 719683 82.545 211 248 171 -0.821212 0.326278 0.468138 
2.09028e+06 719697 82.545 203 247 175 0.436469 0.865386 0.246174 
2.09024e+06 719684 82.545 211 248 171 -0.854961 0.221656 0.468947 
2.09027e+06 719698 82.545 203 247 175 0.439816 0.881094 0.173881 
2.09025e+06 719700 82.545 211 248 171 -0.804274 -0.219907 0.552073 
2.09025e+06 719675 82.545 203 247 175 -0.295445 -0.93627 0.190028 
2.09025e+06 719674 82.545 203 247 175 -0.356653 -0.804468 0.475004 
2.09026e+06 719670 82.545 203 247 175 -0.216344 -0.943921 0.249416 
2.09026e+06 719670 82.545 203 247 175 -0.212087 -0.967886 0.134964 
2.09026e+06 719670 82.545 203 247 175 -0.104516 -0.991175 -0.0815451 
2.09026e+06 719670 82.545 203 248 175 -0.0386881 -0.959713 -0.278304 
2.09026e+06 719670 82.545 203 248 175 -0.149375 -0.948731 -0.278563 
2.09027e+06 719669 82.545 203 248 175 -0.552966 -0.791071 0.261602 
2.09027e+06 719669 82.545 203 248 175 -0.483786 -0.875103 0.0120611 
2.09027e+06 719668 82.545 204 248 175 -0.419207 -0.747996 0.514556 
2.09027e+06 719669 82.545 203 248 175 -0.302512 -0.910458 -0.282052 
2.09027e+06 719668 82.545 204 248 175 -0.30511 -0.80783 0.504301 
2.09027e+06 719699 82.545 203 248 176 0.344547 0.92021 0.185743 
2.09028e+06 719674 82.545 203 248 175 0.789152 -0.439138 0.429415 
2.09027e+06 719699 82.545 203 248 176 0.2844 0.94113 0.18273 
2.09027e+06 719698 82.545 203 248 176 0.39162 0.89825 0.199449 
2.09027e+06 719699 82.545 203 248 176 0.207899 0.936243 0.283245 
2.09028e+06 719675 82.545 203 248 175 0.786402 -0.320622 0.52799 
2.09027e+06 719667 82.545 204 248 175 -0.119546 -0.783691 0.609538 
2.09027e+06 719698 82.545 203 248 176 0.424104 0.890184 0.166457 
2.09025e+06 719701 82.545 211 248 171 -0.809358 -0.427918 0.402275 
2.09028e+06 719696 82.545 203 248 176 0.225281 0.769061 0.598159 
2.09028e+06 719676 82.545 211 248 171 0.583926 -0.235127 0.777011 
2.09028e+06 719697 82.545 203 248 176 0.282519 0.847558 0.449252 
2.09028e+06 719697 82.545 203 248 176 0.402313 0.896126 0.187359 
2.09025e+06 719701 82.545 210 248 172 -0.760077 -0.498545 0.416816 
2.09028e+06 719696 82.545 203 248 176 0.30312 0.795095 0.525302 
2.09028e+06 719676 82.545 211 248 171 0.643124 -0.307862 0.701151 
2.09025e+06 719702 82.545 210 248 172 -0.929322 -0.20386 0.307899 
2.09028e+06 719696 82.545 203 248 176 0.367756 0.72407 0.583506 
2.09028e+06 719677 82.545 211 248 171 0.674536 -0.269496 0.687294 
2.09029e+06 719684 82.545 203 248 176 0.757267 -0.323165 0.567548 
2.09027e+06 719667 82.545 204 248 175 -0.156644 -0.822008 0.547508 
2.09029e+06 719685 82.545 203 248 176 0.796262 -0.122615 0.592395 
2.09026e+06 719702 82.545 206 247 174 0.490445 0.826751 0.275584 
2.09029e+06 719686 82.545 203 248 176 0.719831 0.0952933 0.687578 
2.09027e+06 719667 82.545 204 248 175 -0.191461 -0.770441 0.608082 
2.09029e+06 719688 82.545 203 248 176 0.661775 -0.0767485 0.745764 
2.09026e+06 719701 82.545 204 247 175 0.322294 0.801766 0.503287 
2.09029e+06 719689 82.545 203 248 176 0.663978 -0.0860982 0.742779 
2.09024e+06 719685 82.545 211 247 171 -0.941495 0.156689 0.29839 
2.09026e+06 719701 82.545 204 247 175 0.519173 0.724851 0.452825 
2.09028e+06 719668 82.545 203 248 175 0.897178 -0.184074 0.401483 
2.09024e+06 719685 82.545 211 247 171 -0.885265 0.392622 0.249307 
2.09028e+06 719669 82.545 203 248 175 0.833411 -0.172069 0.525184 
2.09026e+06 719701 82.545 204 247 175 0.295768 0.843946 0.447523 
2.09028e+06 719671 82.545 203 248 175 0.721755 -0.209542 0.659668 
2.09025e+06 719686 82.545 211 247 171 -0.925209 0.280841 0.255181 
2.09025e+06 719688 82.545 208 247 173 -0.936227 0.228109 0.267293 
2.09025e+06 719704 82.545 211 248 171 -0.896132 0.183859 0.403911 
2.09028e+06 719672 82.545 203 248 175 0.758361 -0.347649 0.551388 
2.09025e+06 719689 82.545 208 247 173 -0.962871 0.22602 0.147631 
2.09025e+06 719704 82.545 211 248 171 -0.638178 0.493367 0.591031 
2.09028e+06 719672 82.545 203 248 175 0.822253 -0.396018 0.408741 
2.09025e+06 719690 82.545 209 247 172 -0.997066 0.0765361 0.00104844 
2.09028e+06 719673 82.545 203 248 175 0.785072 -0.348386 0.512143 
2.09025e+06 719705 82.545 211 248 171 -0.56367 0.594138 0.573826 
2.09025e+06 719690 82.545 209 248 172 -0.83416 0.294685 0.466194 
2.09025e+06 719705 82.545 205 248 174 -0.425545 0.787986 0.444961 
2.09025e+06 719691 82.545 205 247 174 -0.912306 0.292462 0.286642 
2.09025e+06 719706 82.545 205 248 174 -0.26753 0.761432 0.590466 
2.09025e+06 719692 82.545 208 247 173 -0.955786 0.199736 0.215823 
2.09025e+06 719706 82.545 205 248 174 -0.204667 0.82928 0.520006 
2.09025e+06 719693 82.545 208 247 173 -0.970523 0.239918 -0.0229068 
2.09025e+06 719706 82.545 205 248 174 -0.0736056 0.924753 0.373381 
2.09025e+06 719694 82.545 209 248 172 -0.894675 0.423793 0.141264 
2.09026e+06 719706 82.545 204 248 175 0.0880701 0.922704 0.375314 
2.09025e+06 719706 82.545 204 248 175 0.0161293 0.954113 0.299013 
2.09025e+06 719694 82.545 209 248 172 -0.882899 0.41103 0.227031 
2.09025e+06 719696 82.545 211 248 171 -0.932334 0.241194 0.269404 
2.09028e+06 719680 82.545 219 247 168 0.609231 -0.15494 0.777709 
2.09028e+06 719680 82.545 219 247 168 0.647419 -0.344094 0.680035 
2.09025e+06 719673 82.545 221 246 166 -0.638272 -0.564172 0.523754 
2.09025e+06 719673 82.545 221 246 166 -0.596212 -0.717088 0.360994 
2.09025e+06 719674 82.545 222 246 166 -0.559607 -0.733561 0.385653 
2.09025e+06 719674 82.545 222 246 166 -0.444274 -0.803542 0.396158 
2.09026e+06 719671 82.545 221 247 166 -0.267895 -0.852672 0.448533 
2.09025e+06 719672 82.545 221 247 166 -0.230557 -0.835198 0.499287 
2.09025e+06 719672 82.545 221 247 166 -0.500348 -0.694463 0.517082 
2.09026e+06 719671 82.545 221 247 166 -0.177281 -0.900817 0.396359 
2.09026e+06 719671 82.545 221 247 166 -0.149763 -0.900002 0.409351 
2.09026e+06 719671 82.545 221 246 166 -0.151902 -0.904316 0.398921 
2.09026e+06 719671 82.545 221 246 166 -0.178108 -0.913336 0.366189 
2.09025e+06 719675 81.4187 203 248 175 -0.189192 -0.979701 -0.0662774 
2.09024e+06 719676 82.0357 203 248 175 -0.669324 -0.669324 0.322507 
2.09026e+06 719706 82.4995 204 248 175 0.188227 0.864066 0.466862 
2.09027e+06 719666 81.7628 203 248 175 -0.176708 -0.883541 0.433738 
2.09026e+06 719706 82.0567 204 248 175 0.210505 0.837476 0.504303 
2.09026e+06 719706 81.5537 204 248 175 0.230014 0.810453 0.538758 
2.09024e+06 719678 81.5866 208 248 173 -0.976541 0.00116393 0.215328 
2.09028e+06 719666 82.2653 203 248 175 -0.159761 -0.866227 0.47342 
2.09026e+06 719705 81.4627 204 248 175 0.458842 0.817659 0.347704 
2.09026e+06 719704 81.6966 204 248 175 0.72239 0.626285 0.293121 
2.09025e+06 719697 81.6594 208 248 172 -0.743397 0.574959 0.341736 
2.09028e+06 719666 82.4988 203 248 175 -0.125269 -0.865363 0.485237 
2.09024e+06 719682 82.4412 211 248 171 -0.832875 0.310961 0.457847 
2.09029e+06 719693 82.2732 203 248 176 0.546132 0.781781 0.30093 
2.09027e+06 719699 82.1337 203 248 176 0.348846 0.895125 0.277593 
2.09028e+06 719676 82.4858 211 248 171 0.769917 -0.459335 0.442989 
2.09028e+06 719697 81.9929 203 248 176 0.218811 0.93796 0.268984 
2.09024e+06 719683 81.6343 205 247 174 -0.843816 0.303028 0.442887 
2.09027e+06 719667 81.6667 204 248 175 -0.252399 -0.885636 0.389799 
2.09025e+06 719674 81.8477 203 247 175 -0.454049 -0.841462 0.292885 
2.09028e+06 719677 81.951 211 248 171 0.64047 -0.129886 0.75692 
2.09029e+06 719684 81.449 203 248 176 0.801126 -0.374073 0.46719 
2.09027e+06 719667 82.3811 204 248 175 -0.229771 -0.900059 0.370268 
2.09029e+06 719685 82.0933 203 248 176 0.869994 -0.206716 0.447638 
2.09025e+06 719698 81.954 208 248 172 -0.592842 0.552306 0.586086 
2.09029e+06 719686 82.1498 203 248 176 0.831185 -0.0234331 0.555502 
2.09028e+06 719671 81.7792 203 248 175 0.876878 -0.247325 0.412208 
2.09029e+06 719688 82.1189 203 248 176 0.782358 -0.0466868 0.621076 
2.09029e+06 719689 82.357 203 248 176 0.851727 -0.0836138 0.517272 
2.09026e+06 719701 82.4817 204 247 175 0.321853 0.810182 0.489914 
2.09026e+06 719701 81.7091 204 247 175 0.336157 0.822242 0.459256 
2.09025e+06 719705 81.5677 211 248 171 -0.660985 0.631166 0.405868 
2.09025e+06 719706 82.0473 205 248 174 -0.277169 0.885442 0.373054 
2.09027e+06 719700 82.545 203 248 175 0.163524 0.855921 0.490571 
2.09027e+06 719700 82.545 203 248 175 0.0929205 0.930551 0.354175 
2.09027e+06 719700 82.545 204 247 175 0.348428 0.827714 0.439871 
2.09027e+06 719667 82.545 206 247 174 -0.101249 -0.770372 0.629504 
2.09028e+06 719666 82.545 203 248 175 0.275415 -0.632022 0.724358 
2.09028e+06 719695 82.545 203 248 176 0.219821 0.743649 0.6314 
2.09028e+06 719666 82.545 204 248 175 -0.0583876 -0.602389 0.796064 
2.09028e+06 719696 82.545 203 248 176 0.308694 0.690116 0.65456 
2.09028e+06 719694 82.545 203 248 176 0.248793 0.820552 0.514584 
2.09029e+06 719691 82.545 203 247 176 0.797107 0.197364 0.570673 
2.09028e+06 719667 82.545 203 247 175 0.624295 -0.308115 0.717859 
2.09029e+06 719693 82.545 203 247 176 0.684101 0.441087 0.580903 
2.09029e+06 719693 82.545 203 247 176 0.304739 0.633664 0.711058 
2.09029e+06 719682 82.545 203 247 176 0.552388 -0.385197 0.73925 
2.09029e+06 719683 82.545 203 247 176 0.642093 -0.403175 0.652048 
2.09028e+06 719666 81.4459 203 248 175 0.590736 -0.641226 0.489755 
2.09026e+06 719659 80.2968 204 247 175 0.0240501 -0.0470546 0.998603 
2.09025e+06 719659 80.2735 204 247 175 -0.0303881 -0.0429624 0.998614 
2.09026e+06 719661 80.3924 204 247 175 0.0354387 -0.00101253 0.999371 
2.09028e+06 719680 82.4626 208 248 172 0.728894 -0.162822 0.664983 
2.09027e+06 719700 82.0953 204 247 175 0.297203 0.777179 0.554674 
2.09026e+06 719661 80.3004 204 247 175 0.0338216 -0.0174233 0.999276 
2.09027e+06 719702 80.3257 203 248 176 -0.00108964 0.12095 0.992658 
2.09027e+06 719700 80.5869 203 248 175 0.126002 0.615186 0.778248 
2.09026e+06 719661 80.4565 204 248 175 0.00098326 -0.00688282 0.999976 
2.09026e+06 719661 80.455 204 248 175 0.0090254 -0.017048 0.999814 
2.09026e+06 719664 80.3865 204 248 175 0.00510271 0.0418422 0.999111 
2.09026e+06 719664 80.4123 204 248 175 0.00301395 0.0271256 0.999627 
2.09028e+06 719696 80.5923 203 248 176 0.387493 0.544453 0.743922 
2.09028e+06 719707 80.2736 203 248 176 -0.0148646 -0.00099097 0.999889 
2.09029e+06 719677 80.3282 203 248 176 0.514258 -0.204793 0.832825 
2.09028e+06 719698 80.329 203 248 176 0.214225 0.261216 0.941209 
2.09028e+06 719702 80.3233 203 248 175 0.00689638 0.000985198 0.999976 
2.09028e+06 719709 80.2918 203 248 175 -0.00886664 0.000985182 0.99996 
2.09029e+06 719682 81.2479 203 247 176 0.734613 -0.447371 0.510102 
2.09025e+06 719671 80.5305 203 248 175 -0.388183 -0.542146 0.745246 
2.09028e+06 719705 80.2727 203 247 175 -0.0209744 0.000998781 0.99978 
2.09025e+06 719661 80.3647 204 247 175 -0.033958 -0.0216097 0.99919 
2.09026e+06 719666 80.3475 203 247 175 0.00101253 0.0354387 0.999371 
2.09028e+06 719705 80.3514 203 247 175 0.00888415 -0.000987127 0.99996 
2.09026e+06 719671 81.0291 203 247 175 -0.209161 -0.742135 0.636779 
2.09029e+06 719691 80.8904 203 247 176 0.760097 0.158668 0.63014 
2.09028e+06 719707 80.3246 203 247 175 -0.00491636 -0.000983272 0.999987 
2.09026e+06 719659 80.3306 204 247 175 -0.0197847 -0.048941 0.998606 
2.09026e+06 719671 81.8895 203 247 175 -0.142043 -0.776005 0.614524 
2.09026e+06 719659 80.3554 204 247 175 -0.00514272 -0.0503986 0.998716 
2.09028e+06 719707 80.3164 203 247 175 0.00296137 0.00888411 0.999956 
2.09026e+06 719661 80.4274 204 247 175 -0.0193965 -0.0275635 0.999432 
2.09028e+06 719709 80.2992 203 247 175 -0.000989061 0.0108797 0.99994 
2.09025e+06 719664 80.3833 204 247 175 -0.038303 0.0238099 0.998982 
2.09026e+06 719664 80.442 204 247 175 -0.00503359 0.0251679 0.999671 
2.09026e+06 719659 80.3441 204 247 175 0.0114746 -0.0573728 0.998287 
2.09026e+06 719703 83.6815 221 247 167 0.762434 0.577795 0.291285 
2.09026e+06 719703 83.6815 221 247 167 0.763922 0.590661 0.259891 
2.09026e+06 719704 83.6815 221 247 167 0.651249 0.726212 0.220206 
2.09025e+06 719694 83.6815 219 248 168 -0.281253 0.473935 0.834436 
2.09025e+06 719695 83.6815 219 248 168 -0.172579 0.27042 0.947148 
2.09025e+06 719696 83.6815 219 247 168 -0.300137 0.314922 0.900412 
2.09026e+06 719701 83.6815 221 247 167 0.621362 0.631411 0.463928 
2.09025e+06 719696 83.6815 220 247 168 -0.251135 0.348065 0.903206 
2.09025e+06 719697 83.6815 220 247 168 -0.213149 0.202425 0.95582 
2.09025e+06 719697 83.6815 220 247 168 -0.323601 0.180712 0.928776 
2.09026e+06 719702 83.6815 221 247 167 0.709601 0.533447 0.460327 
2.09025e+06 719698 83.6815 220 247 168 -0.161564 0.0240627 0.986569 
2.09026e+06 719700 83.6815 221 247 166 0.301582 0.773901 0.556889 
2.09028e+06 719680 83.6815 220 247 168 0.186293 -0.0150423 0.982379 
2.09025e+06 719698 83.6815 219 248 168 -0.28709 -0.0650737 0.955691 
2.09025e+06 719699 83.6815 219 248 168 -0.633115 0.0294799 0.773496 
2.09025e+06 719675 83.6815 220 247 168 0 0 0 
2.09027e+06 719699 83.6815 221 246 166 0.39871 0.887834 0.22974 
2.09028e+06 719681 83.6815 220 247 168 0.17739 -0.0411169 0.983281 
2.09027e+06 719668 83.6815 221 247 167 -0.117213 -0.64838 0.75224 
2.09028e+06 719681 83.6815 220 247 168 0.14157 -0.0494921 0.98869 
2.09027e+06 719699 83.6815 221 246 166 0.185902 0.948508 0.256463 
2.09025e+06 719675 83.6815 220 247 168 0.206947 -0.142677 0.967893 
2.09028e+06 719682 83.6815 219 247 168 0.194126 -0.0769179 0.977956 
2.09028e+06 719684 83.6815 219 247 168 0.135639 -0.0837421 0.987213 
2.09026e+06 719701 83.6815 221 247 166 0.474723 0.625695 0.618986 
2.09027e+06 719668 83.6815 221 247 167 -0.315145 -0.648068 0.693319 
2.09028e+06 719671 83.6815 219 247 168 0.193273 -0.0717176 0.97852 
2.09024e+06 719677 83.6815 219 247 168 -0.915805 0.0493229 0.398582 
2.09026e+06 719700 83.6815 221 247 166 0.271317 0.885904 0.376247 
2.09025e+06 719700 83.6815 219 248 168 -0.494697 -0.151198 0.855812 
2.09024e+06 719678 83.6815 219 247 168 -0.518898 0.0428955 0.853759 
2.09028e+06 719685 83.6815 219 247 168 0.175811 -0.0337651 0.983845 
2.09025e+06 719701 83.6815 219 248 168 0.000977516 -0.999999 0.000977516 
2.09028e+06 719671 83.6815 219 247 168 0.252013 -0.124048 0.95974 
2.09024e+06 719679 83.6815 219 247 168 -0.347562 -0.270655 0.897745 
2.09025e+06 719702 83.6815 219 248 168 -0.271059 0.00120471 0.962562 
2.09025e+06 719701 83.6815 219 248 168 0.999999 0.000977516 0.000977516 
2.09028e+06 719686 83.6815 219 247 168 0.118238 -0.0677285 0.990673 
2.09024e+06 719680 83.6815 219 247 168 -0.861259 0.0656064 0.503913 
2.09025e+06 719703 83.6815 219 248 168 -0.291555 0.240355 0.925865 
2.09025e+06 719702 83.6815 219 248 168 0.000977516 0.999999 0.000977516 
2.09027e+06 719698 83.6815 221 246 166 0.400803 0.861497 0.311736 
2.09025e+06 719704 83.6815 219 247 168 -0.376927 0.194962 0.905492 
2.09028e+06 719683 83.6815 219 247 168 0.179316 -0.0914877 0.979528 
2.09028e+06 719672 83.6815 219 247 168 0.19116 -0.172954 0.966201 
2.09025e+06 719704 83.6815 219 247 168 -0.316588 0.310642 0.896255 
2.09027e+06 719698 83.6815 221 246 166 0.451056 0.814451 0.364989 
2.09028e+06 719672 83.6815 219 248 168 0.379241 -0.204877 0.902331 
2.09025e+06 719702 83.6815 219 248 168 -0.168692 -0.158545 0.972834 
2.09028e+06 719683 83.6815 219 247 168 0.136797 -0.0939739 0.986131 
2.09025e+06 719705 83.6815 219 247 168 -0.157969 0.509338 0.845944 
2.09025e+06 719701 83.6815 219 247 168 -0.123642 -0.0930257 0.987957 
2.09025e+06 719676 83.6815 220 247 168 0.0923389 -0.675687 0.731383 
2.09025e+06 719705 83.6815 219 248 169 -0.410336 0.66285 0.626302 
2.09028e+06 719673 83.6815 218 248 168 0.36455 -0.0761149 0.928068 
2.09026e+06 719704 83.6815 219 247 168 0.0115684 0.381758 0.92419 
2.09025e+06 719676 83.6815 220 247 168 -0.345778 -0.58279 0.735387 
2.09026e+06 719705 83.6815 219 247 168 0.355828 0.405989 0.84176 
2.09026e+06 719704 83.6815 219 247 168 -0.0322387 0.609733 0.791951 
2.09027e+06 719698 83.6815 221 246 166 0.422899 0.844238 0.329269 
2.09027e+06 719699 83.6815 221 246 166 0.110436 0.946025 0.304697 
2.09025e+06 719706 83.6815 219 247 168 -0.163881 0.566819 0.807378 
2.09025e+06 719685 83.6815 219 248 168 -0.461101 -0.241964 0.853721 
2.09026e+06 719705 83.6815 219 247 168 0.301248 0.769855 0.562648 
2.09025e+06 719686 83.6815 219 248 168 -0.823342 0.149833 0.547411 
2.09026e+06 719704 83.6815 221 247 167 0.126824 0.747516 0.652025 
2.09025e+06 719684 83.6815 219 248 168 -0.210705 0.0621152 0.975574 
2.09028e+06 719697 83.6815 221 246 166 0.480619 0.810549 0.334688 
2.09028e+06 719674 83.6815 218 248 168 0.200816 -0.103526 0.974143 
2.09028e+06 719695 83.6815 221 247 167 0.344854 0.410391 0.844189 
2.09025e+06 719685 83.6815 219 248 168 -0.209036 -0.13722 0.968233 
2.09024e+06 719677 83.6815 219 247 168 -0.0706804 -0.639009 0.765945 
2.09025e+06 719688 83.6815 219 248 168 -0.940822 0.19147 0.279629 
2.09028e+06 719675 83.6815 218 247 168 0.124651 -0.0348123 0.99159 
2.09024e+06 719678 83.6815 219 247 168 -0.0976548 -0.086166 0.991483 
2.09026e+06 719704 83.6815 221 247 167 0.456496 0.815966 0.354699 
2.09024e+06 719678 83.6815 219 247 168 -0.0380958 -0.0816339 0.995934 
2.09025e+06 719688 83.6815 219 248 168 -0.684094 0.206314 0.699607 
2.09028e+06 719676 83.6815 219 247 168 0.127897 -0.0633723 0.989761 
2.09025e+06 719677 83.6815 219 247 168 -0.376078 -0.288478 0.880537 
2.09028e+06 719677 83.6815 219 247 168 0.170051 -0.103988 0.979933 
2.09025e+06 719689 83.6815 219 248 168 -0.369784 0.223624 0.901805 
2.09024e+06 719681 83.6815 220 247 168 -0.517038 0.287593 0.806202 
2.09028e+06 719696 83.6815 221 247 167 0.368279 0.577789 0.728375 
2.09028e+06 719677 83.6815 219 247 168 0.199944 -0.0981093 0.974883 
2.09025e+06 719690 83.6815 219 248 168 -0.653099 0.420443 0.629833 
2.09028e+06 719678 83.6815 219 247 168 0.182607 -0.0267514 0.982822 
2.09024e+06 719681 83.6815 220 248 168 -0.216882 0.340404 0.914925 
2.09024e+06 719681 83.6815 220 248 168 -0.348065 0.251135 0.903206 
2.09025e+06 719682 83.6815 220 248 168 -0.291258 0.00121865 0.956644 
2.09028e+06 719696 83.6815 221 247 167 0.543396 0.651066 0.529937 
2.09024e+06 719683 83.6815 220 247 168 -0.574448 0.00959698 0.818485 
2.09024e+06 719683 83.6815 220 247 168 -0.894688 0.00130994 0.446689 
2.09024e+06 719683 83.6815 220 247 168 -0.62017 0.532299 0.576235 
2.09025e+06 719684 83.6815 220 247 168 -0.11699 0.232694 0.965488 
2.09028e+06 719697 83.6815 221 247 167 0.47154 0.796629 0.378197 
2.09025e+06 719675 83.6815 221 246 166 -0.0730278 -0.957048 0.28058 
2.09025e+06 719690 83.6815 219 248 168 -0.591296 0.198123 0.781739 
2.09025e+06 719675 83.6815 221 246 166 -0.400389 -0.713451 0.575045 
2.09025e+06 719691 83.6815 219 248 168 -0.267711 0.0435808 0.962513 
2.09025e+06 719675 83.6815 221 246 166 -0.192289 -0.860084 0.472525 
2.09025e+06 719692 83.6815 219 248 168 -0.571011 -0.0787107 0.817161 
2.09025e+06 719673 83.6815 222 246 166 -0.571896 -0.619132 0.538155 
2.09025e+06 719674 83.6815 222 246 166 -0.640914 -0.446799 0.62418 
2.09028e+06 719686 83.6815 218 248 169 0.142921 -0.0377312 0.989015 
2.09025e+06 719674 83.6815 222 246 166 -0.355059 -0.662669 0.659396 
2.09025e+06 719692 83.6815 219 248 168 -0.921899 0.00127864 0.387428 
2.09025e+06 719672 83.6815 221 247 166 -0.401006 -0.780907 0.478935 
2.09025e+06 719673 83.6815 221 247 166 -0.555242 -0.665955 0.498208 
2.09025e+06 719692 83.6815 219 248 168 -0.576994 0.33456 0.745082 
2.09026e+06 719672 83.6815 221 247 166 -0.284388 -0.761017 0.583075 
2.09025e+06 719693 83.6815 219 248 168 -0.444373 0.203609 0.872397 
2.09026e+06 719671 83.6815 221 247 166 -0.179544 -0.903464 0.389251 
2.09026e+06 719672 83.6815 221 247 166 -0.332196 -0.737313 0.58823 
2.09025e+06 719694 83.6815 219 247 169 -0.744959 0.288731 0.601391 
2.09026e+06 719671 83.6815 221 247 166 -0.120561 -0.889317 0.441113 
2.09025e+06 719701 83.6815 218 248 169 -0.999999 0.000977516 0.000977516 
2.09026e+06 719670 83.6815 221 246 166 -0.354199 -0.931609 0.0815325 
2.09029e+06 719688 83.6815 218 248 169 0.190862 -0.076588 0.978625 
2.09029e+06 719689 83.6815 218 248 168 0.169675 -0.0605135 0.98364 
2.09026e+06 719670 83.6815 221 246 166 -0.141172 -0.964894 -0.221472 
2.09026e+06 719670 83.6815 221 246 166 0.0130886 -0.999768 0.0171159 
2.09027e+06 719669 83.6815 221 246 166 -0.0630123 -0.991012 0.118005 
2.09027e+06 719670 83.6815 221 246 166 0.0526566 -0.621917 0.78131 
2.09026e+06 719671 83.6815 221 246 166 -0.226118 -0.845288 0.484106 
2.09026e+06 719671 83.6815 221 246 166 -0.293191 -0.790822 0.537252 
2.09026e+06 719671 83.6815 221 246 166 -0.344359 -0.834952 0.429269 
2.09028e+06 719671 83.6479 219 247 168 0.347196 -0.157563 0.924461 
2.09028e+06 719680 83.5971 220 247 168 0.205605 -0.0320886 0.978109 
2.09025e+06 719675 83.6136 220 247 168 -0.24542 -0.956477 0.157865 
2.09028e+06 719671 83.1478 219 247 168 0.482629 -0.159898 0.861105 
2.09025e+06 719696 82.993 219 248 168 -0.534725 0.471424 0.701305 
2.09028e+06 719681 83.6453 220 247 168 0.19537 -0.0539364 0.979245 
2.09025e+06 719675 82.9519 220 247 168 -0.363489 -0.866545 0.342017 
2.09028e+06 719684 83.6246 219 247 168 0.166237 -0.0934326 0.981649 
2.09028e+06 719672 83.5723 219 247 168 0.543214 -0.278692 0.79199 
2.09028e+06 719680 83.3575 219 248 168 0.441532 -0.132888 0.88735 
2.09025e+06 719702 83.3846 219 248 168 -0.58252 -0.00685318 0.812787 
2.09025e+06 719696 83.5009 219 248 168 -0.333612 0.469587 0.817429 
2.09028e+06 719681 83.4321 219 248 168 0.286855 -0.086965 0.954019 
2.09024e+06 719678 83.566 219 247 168 -0.757211 -0.17521 0.629232 
2.09028e+06 719685 83.6078 219 247 168 0.0901159 -0.0249719 0.995618 
2.09027e+06 719698 82.6876 221 246 166 0.415621 0.872048 0.258441 
2.09025e+06 719697 82.86 220 247 168 -0.384273 0.46788 0.795879 
2.09028e+06 719681 82.8781 219 247 168 0.515322 -0.184795 0.836836 
2.09027e+06 719668 83.5091 221 247 167 -0.321919 -0.729576 0.603396 
2.09025e+06 719697 83.4246 220 247 168 -0.423357 0.357256 0.832549 
2.09024e+06 719677 83.6297 219 247 168 -0.128492 -0.583384 0.801968 
2.09028e+06 719696 83.4842 221 247 167 0.292476 0.589747 0.752766 
2.09028e+06 719682 83.5003 219 247 168 0.23821 -0.114598 0.964429 
2.09025e+06 719698 83.0045 220 247 168 -0.543589 0.176177 0.820654 
2.09028e+06 719682 83.1731 219 247 168 0.3835 -0.208519 0.899693 
2.09028e+06 719697 82.708 221 247 167 0.42681 0.81046 0.401233 
2.09028e+06 719672 82.6139 218 247 168 0.561786 -0.32355 0.761388 
2.09024e+06 719681 83.5045 220 247 168 -0.790965 0.405996 0.457757 
2.09025e+06 719704 82.7299 219 248 168 -0.543814 0.383772 0.746315 
2.09028e+06 719683 83.6418 219 247 168 0.177528 -0.117938 0.977023 
2.09028e+06 719673 83.1918 218 248 168 0.510447 -0.270053 0.816404 
2.09029e+06 719684 83.3424 218 248 169 0.270307 -0.290544 0.917888 
2.09025e+06 719704 83.2676 219 248 168 -0.480147 0.37095 0.794893 
2.09024e+06 719682 83.5993 220 248 168 -0.662825 0.0618253 0.746217 
2.09029e+06 719685 83.5332 218 248 169 0.0444652 -0.0683246 0.996672 
2.09028e+06 719683 83.4318 219 247 168 0.276488 -0.209798 0.937837 
2.09025e+06 719705 82.9606 219 248 169 -0.479443 0.499351 0.721653 
2.09024e+06 719684 82.6631 220 247 168 -0.735954 0.213162 0.642599 
2.09025e+06 719698 83.6344 220 247 168 -0.499184 -0.036926 0.865709 
2.09025e+06 719684 83.6127 220 247 168 -0.51147 0.294292 0.807336 
2.09025e+06 719705 83.561 219 247 168 -0.286593 0.661245 0.693267 
2.09024e+06 719685 83.0896 218 247 168 -0.807902 0.0207865 0.588951 
2.09028e+06 719674 83.5893 218 248 168 0.452062 -0.210366 0.866825 
2.09025e+06 719685 83.6462 219 248 168 -0.534549 -0.169199 0.828027 
2.09028e+06 719674 82.6285 218 247 168 0.614921 -0.34416 0.709525 
2.09025e+06 719706 82.5754 219 248 169 -0.321118 0.85166 0.414195 
2.09026e+06 719705 83.5574 219 247 168 0.162903 0.720124 0.67445 
2.09026e+06 719705 83.3469 219 247 168 0.167041 0.802097 0.573356 
2.09025e+06 719673 82.9602 221 246 166 -0.609214 -0.719684 0.333037 
2.09025e+06 719706 83.2831 219 247 168 0.13134 0.970383 0.202748 
2.09025e+06 719674 83.1176 222 246 166 -0.568957 -0.689089 0.448825 
2.09026e+06 719705 82.939 221 247 167 0.236435 0.900215 0.365666 
2.09029e+06 719684 82.9193 218 248 169 0.42579 -0.419363 0.801771 
2.09029e+06 719685 83.6575 218 248 169 0.453514 -0.0968808 0.885968 
2.09029e+06 719686 83.5439 218 248 169 0.145276 0.0791339 0.986221 
2.09026e+06 719672 83.1671 221 247 166 -0.299091 -0.885248 0.356203 
2.09029e+06 719686 83.2064 218 248 169 0.464851 0.146261 0.873225 
2.09028e+06 719675 83.5757 218 247 168 0.263017 -0.0486146 0.963566 
2.09025e+06 719699 82.6563 219 247 168 -0.700729 0.0984253 0.706605 
2.09028e+06 719675 83.1756 218 248 168 0.537325 -0.189199 0.82188 
2.09027e+06 719669 83.5658 221 246 166 -0.323755 -0.758649 0.565363 
2.09025e+06 719700 82.7877 219 247 168 -0.65638 -0.254644 0.710156 
2.09028e+06 719676 83.65 219 247 168 0.229365 -0.0706692 0.970772 
2.09025e+06 719689 83.4702 219 248 168 -0.810835 0.348866 0.469934 
2.09029e+06 719688 83.5343 218 248 169 0.264782 -0.05898 0.962503 
2.09025e+06 719701 83.6307 219 248 168 0.000977516 0.000977516 -0.999999 
2.09029e+06 719688 83.099 218 248 169 0.465341 -0.0736211 0.882064 
2.09026e+06 719671 82.9736 221 246 166 -0.300624 -0.919133 0.254596 
2.09029e+06 719689 83.6563 218 248 168 0.181716 -0.0710016 0.980784 
2.09025e+06 719701 83.5104 219 248 168 -0.469239 -0.345169 0.812818 
2.09028e+06 719676 83.3314 219 247 168 0.439426 -0.163878 0.883203 
2.09029e+06 719689 83.3995 218 248 168 0.459118 -0.124434 0.879618 
2.09028e+06 719677 83.5411 219 247 168 0.379452 -0.10548 0.919179 
2.09028e+06 719677 82.9208 219 247 168 0.513455 -0.171152 0.840875 
2.09028e+06 719678 83.6052 219 247 168 0.338865 -0.0863773 0.936862 
2.09025e+06 719690 82.5816 219 248 168 -0.818204 0.35429 0.452792 
2.09025e+06 719691 83.5612 219 248 168 -0.782578 0.0674884 0.618883 
2.09025e+06 719693 82.9335 219 248 168 -0.751368 0.299586 0.587958 
2.09026e+06 719699 84.2498 220 248 168 0.0303752 -0.129376 0.99113 
2.09026e+06 719700 84.2498 220 248 168 0.138523 -0.0640233 0.988288 
2.09026e+06 719699 84.2498 220 248 168 -0.295333 -0.202954 0.933589 
2.09026e+06 719700 84.2498 220 248 168 -0.313379 -0.1519 0.937401 
2.09026e+06 719700 84.2498 220 248 168 -0.0357018 0.0768131 0.996406 
2.09026e+06 719700 84.2498 220 248 168 -0.117359 -0.136717 0.983634 
2.09026e+06 719700 84.2498 220 248 168 -0.0796132 0.0116766 0.996757 
2.09026e+06 719701 84.2498 220 247 168 -0.0745009 -0.0356309 0.996584 
2.09026e+06 719701 84.2498 220 247 168 -0.0628356 -0.0716546 0.995448 
2.09026e+06 719699 84.2498 221 247 167 -0.319521 0.0607995 0.945627 
2.09026e+06 719700 84.2498 221 247 167 0.0013508 0.54437 0.838844 
2.09026e+06 719700 84.2498 221 247 167 0.0616324 0.0907678 0.993963 
2.09026e+06 719700 84.2498 221 247 167 -0.149555 0.0897333 0.984673 
2.09026e+06 719700 84.2498 221 247 167 0.0012127 -0.28256 0.959249 
2.09026e+06 719702 84.2498 221 247 167 0.6116 0.116425 0.782554 
2.09026e+06 719702 84.2498 221 247 167 0.823324 -0.0405372 0.566122 
2.09026e+06 719703 84.2498 221 247 167 -0.1075 0.0843817 0.990618 
2.09026e+06 719703 84.2498 221 247 167 -0.217443 0.214742 0.952158 
2.09026e+06 719704 84.2498 221 247 167 -0.0700918 0.446663 0.891952 
2.09026e+06 719703 84.2498 221 247 167 0.110776 0.504968 0.856 
2.09026e+06 719704 84.2498 221 247 167 0.152511 0.40337 0.902238 
2.09026e+06 719703 84.2498 221 247 167 0.779685 0.447627 0.437861 
2.09026e+06 719703 84.2498 221 247 167 0.498511 0.676431 0.542152 
2.09026e+06 719699 84.2079 220 248 168 -0.0117449 0.0864854 0.996184 
2.09026e+06 719699 84.1309 220 248 168 0.0138285 0.0797799 0.996717 
2.09026e+06 719700 84.1535 220 248 168 0.00107289 -0.10407 0.994569 
2.09026e+06 719699 84.2025 220 248 168 -0.186044 0.0612145 0.980633 
2.09026e+06 719700 84.2093 220 248 168 -0.0621715 0.0179138 0.997905 
2.09026e+06 719701 84.2308 220 247 168 -0.0588062 -0.0374222 0.997568 
2.09026e+06 719700 84.1969 221 247 167 0.000977516 0.000977516 0.999999 
2.09026e+06 719702 84.1339 221 247 167 0.779004 0.390312 0.490724 
2.09026e+06 719703 84.2431 221 247 167 -0.12661 0.216133 0.96812 
2.09026e+06 719704 84.1482 221 247 167 -0.14862 0.345854 0.926443 
2.09026e+06 719704 84.1498 221 247 167 0.366695 0.646239 0.66926 
2.09026e+06 719704 83.7417 221 247 167 0.501191 0.685575 0.52801 
2.09026e+06 719702 84.818 221 247 167 0.530675 -0.707012 0.46746 
2.09026e+06 719702 84.818 221 247 167 -0.553246 -0.322326 0.76813 
2.09026e+06 719702 84.818 221 247 167 0.820039 0.316368 0.476914 
2.09026e+06 719703 84.818 221 247 167 -0.274563 0.351738 0.894928 
2.09026e+06 719700 84.2695 220 248 168 -0.0641378 0.0157716 0.997816 
2.09026e+06 719700 84.3435 220 248 168 -0.174658 0.0242902 0.98433 
2.09026e+06 719700 84.2612 220 248 168 -0.164058 0.0430507 0.985511 
2.09026e+06 719700 84.4425 220 248 168 -0.0419272 -0.00715831 0.999095 
2.09026e+06 719701 84.2817 220 247 168 -0.0625578 -0.0243869 0.997743 
2.09026e+06 719701 84.3054 220 247 168 -0.0614055 0.00520385 0.998099 
2.09026e+06 719701 84.275 220 247 168 -0.112558 0.0367765 0.992964 
2.09026e+06 719701 84.2912 220 247 168 -0.0511266 -0.0177378 0.998535 
2.09026e+06 719701 84.3338 220 247 168 -0.0734254 -0.0202186 0.997096 
2.09026e+06 719699 84.4132 221 247 167 -0.259828 0.0108765 0.965594 
2.09026e+06 719700 84.562 221 247 167 -0.118519 0.123308 0.985266 
2.09026e+06 719699 84.5048 221 247 167 -0.0491043 0.0709285 0.996272 
2.09026e+06 719700 84.4511 221 247 167 -0.0340028 0.0954272 0.994856 
2.09026e+06 719700 84.4085 221 247 167 -0.191511 0.0293728 0.981051 
2.09026e+06 719701 84.3805 221 247 167 -0.0755453 -0.126684 0.989062 
2.09026e+06 719701 84.4142 221 247 167 -0.102179 -0.0296649 0.994324 
2.09026e+06 719701 84.373 221 247 167 -0.122084 -0.0779009 0.989458 
2.09026e+06 719701 84.4261 221 247 167 -0.0334739 -0.0745064 0.996659 
2.09026e+06 719702 84.327 221 247 167 -0.1188 0.00544952 0.992903 
2.09026e+06 719702 84.5227 221 247 167 -0.108483 -0.02082 0.99388 
2.09026e+06 719702 84.4512 221 247 167 0.0884521 0.133268 0.987125 
2.09026e+06 719702 84.3083 221 247 167 -0.0676711 0.0721086 0.995098 
2.09026e+06 719702 84.39 221 247 167 -0.0513998 0.129071 0.990302 
2.09026e+06 719702 84.2849 221 247 167 -0.0133751 -0.0421831 0.99902 
2.09026e+06 719701 84.4553 221 247 167 -0.0361622 0.0216973 0.99911 
2.09026e+06 719702 84.408 221 247 167 -0.00110382 0.140185 0.990125 
2.09026e+06 719701 84.4732 221 247 167 -0.0175617 0.0423546 0.998948 
2.09026e+06 719702 84.4216 221 247 167 -0.00752939 0.100033 0.994956 
2.09026e+06 719702 84.3456 221 247 167 0.0359437 0.0154044 0.999235 
2.09026e+06 719702 84.3706 221 247 167 -0.338173 -0.0808962 0.937601 
2.09026e+06 719701 84.4755 221 247 167 -0.0754434 0.166454 0.983159 
2.09026e+06 719702 84.3995 221 247 167 0.132712 -0.130277 0.982556 
2.09026e+06 719701 84.3747 221 247 167 0.327084 0.35751 0.874759 
2.09026e+06 719702 84.2845 221 247 167 0.473265 0.333977 0.815156 
2.09026e+06 719703 84.384 221 247 167 -0.188804 0.0613313 0.980098 
2.09026e+06 719703 84.5587 221 247 167 0.0784772 -0.0268758 0.996554 
2.09026e+06 719704 84.2516 221 247 167 -0.200034 0.398607 0.895041 
2.09026e+06 719704 84.3632 221 247 167 -0.0679151 0.469861 0.880124 
2.09026e+06 719703 84.2524 221 247 167 0.122084 0.0779009 0.989458 
2.09026e+06 719703 84.3963 221 247 167 -0.317295 0.293682 0.901707 
2.09026e+06 719704 84.2879 221 247 167 0.243537 0.488605 0.837828 
2.09026e+06 719703 84.4451 221 247 167 0.489445 0.721725 0.489445 
2.09027e+06 719686 84.818 221 246 166 0.0997858 -0.0296068 0.994568 
2.09027e+06 719688 84.818 221 246 166 0.103057 -0.0365687 0.994003 
2.09026e+06 719671 84.818 221 247 166 0.000977516 -0.999999 0.000977516 
2.09027e+06 719688 84.818 221 246 166 0.0918945 -0.0782805 0.992687 
2.09026e+06 719684 84.818 221 247 167 -0.0986425 0.0432254 0.994184 
2.09027e+06 719689 84.818 221 246 166 0.126225 -0.0955538 0.987389 
2.09025e+06 719672 84.818 221 247 166 -0.999999 0.000977516 0.000977516 
2.09026e+06 719675 84.818 221 246 166 -0.285196 0.0110162 0.958406 
2.09027e+06 719690 84.818 221 246 166 0.113526 -0.123086 0.985881 
2.09026e+06 719685 84.818 221 247 167 -0.11601 0.043926 0.992276 
2.09028e+06 719690 84.818 221 246 166 0.0648032 -0.0265587 0.997545 
2.09027e+06 719698 84.818 221 246 166 0.0323521 0.758164 0.651261 
2.09026e+06 719686 84.818 221 246 166 -0.0792819 0.00528546 0.996838 
2.09026e+06 719676 84.818 221 246 166 -0.163217 0.0528401 0.985174 
2.09026e+06 719672 84.818 221 247 166 0.000977516 0.999999 0.000977516 
2.09026e+06 719693 84.818 221 247 166 -0.0989442 -0.0206587 0.994879 
2.09027e+06 719698 84.818 221 246 166 0.248947 0.824155 0.508718 
2.09026e+06 719686 84.818 221 246 166 -0.0881515 0.0613713 0.994215 
2.09026e+06 719672 84.818 221 247 166 0.999999 0.000977516 0.000977516 
2.09027e+06 719698 84.818 221 246 166 0.567411 0.477027 0.671185 
2.09026e+06 719694 84.818 221 247 166 -0.0567812 0.043925 0.99742 
2.09027e+06 719691 84.818 222 246 166 0.109751 0.057704 0.992283 
2.09026e+06 719672 84.818 221 247 166 -0.172963 -0.693381 0.699504 
2.09027e+06 719691 84.818 222 246 166 0.118289 0.00108522 0.992979 
2.09027e+06 719675 84.818 221 247 166 0.126537 -0.0512987 0.990635 
2.09028e+06 719695 84.818 221 247 167 0.100285 -0.121522 0.98751 
2.09026e+06 719687 84.818 221 246 166 -0.0497016 0.085045 0.995137 
2.09026e+06 719677 84.818 221 247 166 -0.154574 0.049975 0.986716 
2.09027e+06 719675 84.818 221 247 166 0.116741 -0.0532702 0.991733 
2.09026e+06 719688 84.818 221 246 166 -0.110078 0.143948 0.983444 
2.09026e+06 719673 84.818 221 247 166 -0.385894 -0.414478 0.824193 
2.09026e+06 719695 84.818 221 247 166 -0.0493938 0.0801278 0.99556 
2.09027e+06 719676 84.818 221 247 166 0.168933 -0.0555233 0.984062 
2.09026e+06 719672 84.818 221 247 166 0.0408665 -0.607361 0.793374 
2.09027e+06 719677 84.818 222 247 166 0.132651 -0.0189502 0.990982 
2.09025e+06 719673 84.818 222 246 166 -0.13813 -0.428629 0.892859 
2.09027e+06 719691 84.818 221 246 166 0.0974074 -0.0273616 0.994868 
2.09026e+06 719696 84.818 221 247 166 -0.041781 0.0589219 0.997388 
2.09027e+06 719678 84.818 221 247 166 0.0843631 -0.0138825 0.996338 
2.09025e+06 719674 84.818 222 246 166 -0.468664 -0.273774 0.839882 
2.09026e+06 719696 84.818 221 247 166 -0.0549747 0.0528188 0.99709 
2.09028e+06 719696 84.818 221 247 167 0.526855 0.15583 0.835548 
2.09026e+06 719697 84.818 221 247 166 -0.0571291 0.0974556 0.993599 
2.09028e+06 719692 84.818 221 246 166 0.183394 0.00113909 0.983039 
2.09026e+06 719697 84.818 221 247 166 -0.0699095 0.111168 0.99134 
2.09027e+06 719679 84.818 221 247 166 0.0748169 -0.0379506 0.996475 
2.09027e+06 719693 84.818 222 246 166 0.154331 0.0123915 0.987942 
2.09026e+06 719688 84.818 221 246 166 -0.127222 -0.0805352 0.988599 
2.09028e+06 719696 84.818 221 247 167 0.418853 0.422063 0.804006 
2.09026e+06 719674 84.818 222 247 166 0.0888781 -0.0405986 0.995215 
2.09027e+06 719694 84.818 222 247 166 0.105707 -0.0647883 0.992284 
2.09026e+06 719680 84.818 221 247 167 -0.145476 0.0400918 0.988549 
2.09027e+06 719695 84.818 221 246 166 0.0983199 0.0118848 0.995084 
2.09025e+06 719675 84.818 222 246 166 -0.104979 0.218811 0.970104 
2.09026e+06 719689 84.818 221 246 166 -0.168242 0.00338742 0.98574 
2.09026e+06 719688 84.818 221 246 166 -0.151965 -0.156988 0.975839 
2.09026e+06 719681 84.818 221 247 167 -0.124124 0.0279558 0.991873 
2.09026e+06 719690 84.818 221 246 166 -0.0697584 0.0332694 0.997009 
2.09026e+06 719690 84.818 222 247 166 -0.18964 0.0664343 0.979604 
2.09026e+06 719682 84.818 221 247 167 -0.130743 -0.0212318 0.991189 
2.09027e+06 719696 84.818 221 246 166 0.160219 0.00112041 0.987081 
2.09026e+06 719674 84.818 221 247 166 -0.273218 -0.0183779 0.961777 
2.09026e+06 719691 84.818 221 246 166 -0.191332 0.0463476 0.98043 
2.09027e+06 719696 84.818 221 246 166 -0.0416728 0.00101641 0.999131 
2.09026e+06 719683 84.818 221 247 167 -0.151459 -0.0100973 0.988412 
2.09027e+06 719697 84.818 221 246 166 0.235276 0.392127 0.889315 
2.09026e+06 719669 84.818 221 246 166 0.000977516 -0.999999 0.000977516 
2.09026e+06 719692 84.818 221 246 166 -0.0553112 -0.0596493 0.996686 
2.09027e+06 719696 84.818 221 246 166 0.0834529 0.0314303 0.996016 
2.09026e+06 719692 84.818 221 246 166 -0.109009 0.0032379 0.994035 
2.09026e+06 719669 84.818 221 246 166 -0.58747 -0.680666 0.43769 
2.09026e+06 719698 84.818 221 247 166 -0.0745315 0.152612 0.985472 
2.09026e+06 719669 84.818 221 246 166 0.414465 -0.888976 0.194784 
2.09027e+06 719680 84.818 221 247 166 0.0690244 -0.0580682 0.995924 
2.09027e+06 719671 84.818 221 247 166 0.143372 -0.277365 0.950007 
2.09027e+06 719672 84.818 221 247 166 0.180064 -0.258588 0.949057 
2.09026e+06 719698 84.818 221 247 166 -0.158255 0.118998 0.980201 
2.09027e+06 719672 84.818 221 247 166 0.107794 -0.0119771 0.994101 
2.09027e+06 719697 84.818 221 246 166 0.356361 0.56139 0.746893 
2.09026e+06 719670 84.818 221 246 166 -0.643863 -0.282788 0.710965 
2.09027e+06 719680 84.818 221 247 166 0.104144 -0.0503921 0.993285 
2.09026e+06 719699 84.818 221 247 167 0.0767014 -0.0655852 0.994895 
2.09026e+06 719670 84.818 221 246 166 0.26245 -0.33576 0.904646 
2.09026e+06 719700 84.818 221 247 167 -0.282349 0.0677126 0.956919 
2.09027e+06 719697 84.818 221 246 166 0.251788 0.701523 0.666684 
2.09027e+06 719670 84.818 221 246 166 0.126643 -0.740487 0.660031 
2.09026e+06 719700 84.818 221 247 167 0.285453 0.00121469 0.958392 
2.09027e+06 719671 84.818 221 246 166 0.361402 -0.346023 0.865827 
2.09027e+06 719673 84.818 221 247 166 0.165621 -0.0335874 0.985617 
2.09026e+06 719700 84.818 221 247 167 0.216523 0.336973 0.916279 
2.09026e+06 719699 84.818 221 247 166 -0.0662774 0.189192 0.979701 
2.09027e+06 719674 84.818 221 247 166 0.164435 -0.0431496 0.985444 
2.09026e+06 719672 84.818 221 246 166 -0.102454 -0.535357 0.838389 
2.09026e+06 719672 84.818 221 246 166 -0.248008 -0.419358 0.873287 
2.09026e+06 719671 84.818 221 246 166 -0.315093 -0.615642 0.722289 
2.09026e+06 719672 84.818 221 246 166 -0.337606 -0.513609 0.788814 
2.09026e+06 719671 84.818 221 246 166 -0.268922 -0.682648 0.679465 
2.09028e+06 719682 84.3798 220 247 167 0.0657507 -0.0398816 0.997039 
2.09028e+06 719682 84.3096 220 247 167 0.0814796 -0.0658533 0.994497 
2.09028e+06 719683 84.3934 220 247 167 0.0402832 -0.0773003 0.996194 
2.09028e+06 719683 84.4198 220 247 167 0.0938442 -0.0408498 0.994748 
2.09025e+06 719675 83.7831 220 247 168 -0.999999 0.000977516 0.000977516 
2.09025e+06 719700 83.8606 220 247 168 -0.172403 -0.0266126 0.984667 
2.09027e+06 719699 83.7509 221 246 166 0.0935168 0.891899 0.44246 
2.09027e+06 719684 84.6903 221 246 166 0.0814639 -0.0358441 0.996032 
2.09027e+06 719673 84.5271 221 247 167 0.0539784 -0.0306936 0.99807 
2.09025e+06 719700 84.0975 220 247 168 -0.127153 -0.0326323 0.991346 
2.09028e+06 719682 84.1942 220 247 167 0.0952262 -0.0317421 0.994949 
2.09027e+06 719698 84.1057 221 246 166 0.350617 0.725697 0.591973 
2.09027e+06 719684 84.6144 221 246 166 0.0645116 -0.060138 0.996103 
2.09028e+06 719683 84.2049 220 247 167 0.122429 -0.0370656 0.991785 
2.09024e+06 719677 83.6973 219 248 169 -0.671554 -0.577771 0.463892 
2.09025e+06 719701 83.8811 220 247 168 -0.136148 0.00553449 0.990673 
2.09028e+06 719693 84.6594 221 247 167 0.158033 -0.00336241 0.987428 
2.09025e+06 719701 84.0668 220 247 168 -0.124559 0.0537089 0.990757 
2.09024e+06 719680 83.9042 219 247 168 -0.0592076 -0.00727111 0.998219 
2.09028e+06 719684 84.5541 220 247 167 0.0845812 -0.0755592 0.993548 
2.09027e+06 719673 84.475 221 247 167 0.0920323 -0.0476794 0.994614 
2.09026e+06 719700 84.1506 220 248 168 -0.0813823 -0.00528457 0.996669 
2.09025e+06 719676 83.7876 220 248 168 -0.44751 -0.331315 0.830642 
2.09028e+06 719693 84.4719 221 247 167 0.116148 0.0010855 0.993231 
2.09026e+06 719701 84.184 220 248 168 -0.0865112 0.0405179 0.995427 
2.09025e+06 719676 83.757 220 248 168 -0.0918862 -0.182547 0.978894 
2.09026e+06 719675 84.788 221 246 166 -0.102346 0.0573588 0.993094 
2.09025e+06 719691 84.3048 221 247 167 -0.0970464 0.0787789 0.992157 
2.09028e+06 719684 84.3705 220 247 167 0.1331 0.00329999 0.991097 
2.09028e+06 719694 84.6692 221 247 167 0.156286 -0.0599291 0.985892 
2.09027e+06 719685 84.7294 221 246 166 0.0720531 -0.0311871 0.996913 
2.09025e+06 719702 83.9142 220 247 168 -0.0816339 -0.0380958 0.995934 
2.09027e+06 719674 84.5658 221 247 167 0.0533187 -0.0177729 0.998419 
2.09025e+06 719702 83.9277 220 247 168 -0.033735 0.0859698 0.995726 
2.09025e+06 719691 84.3592 221 247 167 -0.0502531 0.0481146 0.997577 
2.09028e+06 719694 84.476 221 247 167 0.327469 0.186924 0.926188 
2.09026e+06 719676 84.7932 221 246 166 -0.165502 0.0528197 0.984794 
2.09026e+06 719702 84.0252 220 247 168 -0.121916 0.131573 0.983781 
2.09027e+06 719674 84.524 221 247 167 0.0932385 -0.00750195 0.995616 
2.09028e+06 719684 84.2718 220 247 167 0.0875826 -0.0248691 0.995847 
2.09025e+06 719676 83.9434 220 247 168 -0.255521 -0.0988699 0.961735 
2.09026e+06 719677 84.6903 221 247 166 -0.0912538 0.0406794 0.994996 
2.09025e+06 719692 84.2192 221 247 167 -0.124425 0.100725 0.987103 
2.09026e+06 719702 84.2716 220 248 168 -0.117818 0.113058 0.986578 
2.09027e+06 719685 84.654 221 246 166 0.0548382 -0.00724278 0.998469 
2.09028e+06 719693 84.4266 221 247 167 0.105474 0.119696 0.987192 
2.09026e+06 719693 84.5939 221 247 166 -0.105188 0.0097597 0.994404 
2.09026e+06 719693 84.7246 221 247 166 -0.124124 -0.0279558 0.991873 
2.09028e+06 719682 84.1052 220 247 167 0.0637427 0.00731474 0.99794 
2.09026e+06 719694 84.58 221 247 166 -0.141066 0.023699 0.989717 
2.09028e+06 719683 84.0838 220 247 167 0.0680368 -0.042118 0.996793 
2.09028e+06 719694 84.0285 221 247 167 0.303049 0.410731 0.85992 
2.09025e+06 719692 84.3301 221 247 167 -0.0746332 0.0701775 0.994739 
2.09025e+06 719677 83.8327 220 247 168 -0.110189 -0.117298 0.986965 
2.09025e+06 719677 84.5859 221 247 166 -0.061313 -0.0441024 0.997144 
2.09028e+06 719682 84.0526 220 247 167 0.115982 -0.0209873 0.99303 
2.09028e+06 719696 84.0075 221 247 167 0.571699 0.320473 0.755286 
2.09028e+06 719683 84.0509 220 247 167 0.0470546 -0.0240501 0.998603 
2.09026e+06 719694 84.8043 221 247 166 -0.150135 -0.00111211 0.988665 
2.09026e+06 719691 84.4221 221 247 167 -0.0444652 0.0683246 0.996672 
2.09028e+06 719684 84.1985 220 247 167 0.078911 -0.0655739 0.994723 
2.09026e+06 719692 84.3198 221 247 167 -0.0738887 0.0246296 0.996962 
2.09028e+06 719684 84.0888 220 247 167 0.0950256 -0.0294907 0.995038 
2.09026e+06 719696 84.5318 221 247 166 -0.113191 0.0674574 0.991281 
2.09028e+06 719685 84.6279 221 247 166 0.124116 -0.0301903 0.991808 
2.09026e+06 719696 84.6758 221 247 166 -0.118448 0.0926473 0.988629 
2.09027e+06 719673 84.3007 221 247 167 0.126606 -0.0280101 0.991558 
2.09026e+06 719696 84.7636 221 247 166 -0.0874295 0.0498016 0.994925 
2.09027e+06 719686 84.7617 221 246 166 0.10541 -0.0141271 0.994329 
2.09028e+06 719680 83.9458 220 247 168 0.107448 -0.0343391 0.993617 
2.09028e+06 719680 83.8266 220 247 168 0.143589 -0.0260043 0.989296 
2.09028e+06 719681 84.0409 220 247 168 0.115504 -0.0414918 0.99244 
2.09027e+06 719686 84.6124 221 246 166 0.0655521 -0.00104051 0.997849 
2.09028e+06 719681 83.8375 220 247 168 0.171197 -0.00340126 0.985231 
2.09027e+06 719674 84.33 221 247 167 0.121913 -0.0301986 0.992081 
2.09028e+06 719686 84.6126 221 246 166 0.0676237 -0.00104037 0.99771 
2.09026e+06 719697 84.4087 221 247 166 -0.0995148 0.0812132 0.991716 
2.09028e+06 719697 84.0667 221 247 167 0.446321 0.749358 0.489142 
2.09027e+06 719688 84.7799 221 246 166 0.104581 -0.0297231 0.994072 
2.09025e+06 719677 83.9802 220 247 168 -0.104547 -0.143001 0.984185 
2.09026e+06 719697 84.5704 221 247 166 -0.143902 0.0283272 0.989186 
2.09025e+06 719677 84.6802 221 247 166 -0.0760221 -0.0224854 0.996853 
2.09027e+06 719688 84.6551 221 246 166 0.0752847 -0.0447344 0.996158 
2.09027e+06 719675 84.5567 221 247 167 0.0768565 -0.00526414 0.997028 
2.09026e+06 719697 84.7535 221 247 166 -0.0834584 0.0292646 0.996081 
2.09025e+06 719677 84.0864 220 247 168 -0.0941981 -0.108153 0.989661 
2.09028e+06 719686 83.6879 218 248 169 0.152906 -0.0951145 0.983653 
2.09028e+06 719688 84.6147 221 246 166 0.0926479 0.00106492 0.995698 
2.09024e+06 719678 83.7581 219 247 168 -0.181659 -0.0534291 0.981909 
2.09028e+06 719682 83.8087 220 247 168 0.139396 -0.0737977 0.987483 
2.09025e+06 719678 84.5221 221 247 166 -0.0648067 0.0244353 0.997599 
2.09028e+06 719688 83.7978 218 248 168 0.105026 -0.0598536 0.992667 
2.09026e+06 719698 84.3407 221 247 166 -0.125629 0.0633909 0.99005 
2.09028e+06 719682 83.7459 220 247 168 0.10883 -0.101809 0.988833 
2.09028e+06 719689 83.8601 218 248 168 0.129348 -0.0537994 0.990139 
2.09028e+06 719683 84.0031 219 247 168 0.1093 -0.0507062 0.992715 
2.09026e+06 719698 84.6288 221 247 166 -0.139297 0.0518047 0.988895 
2.09026e+06 719698 84.7075 221 247 166 -0.0356365 0.0723529 0.996742 
2.09027e+06 719675 84.4639 221 247 167 0.0789499 -0.00315799 0.996874 
2.09025e+06 719678 84.0051 219 247 168 -0.16787 -0.088162 0.981859 
2.09026e+06 719697 84.7698 221 247 166 -0.0116312 0.075074 0.99711 
2.09027e+06 719675 84.3657 221 247 167 0.0993694 -0.0229314 0.994786 
2.09024e+06 719680 83.7877 219 248 168 -0.100033 0.00752939 0.994956 
2.09026e+06 719698 84.6485 221 247 166 -0.0246296 0.0738887 0.996962 
2.09025e+06 719678 84.578 221 247 166 -0.0590427 0.0440136 0.997285 
2.09026e+06 719698 84.7055 221 247 166 -0.0273557 0.0995748 0.994654 
2.09027e+06 719673 84.1748 221 247 167 0.0807866 -0.0269289 0.996368 
2.09025e+06 719693 84.0303 221 247 167 -0.102818 0.0119052 0.994629 
2.09026e+06 719678 84.6677 221 247 166 -0.109478 -0.00541971 0.993974 
2.09028e+06 719683 83.815 219 247 168 0.153302 -0.0573419 0.986514 
2.09027e+06 719689 84.7364 221 246 166 0.111538 -0.0484459 0.992579 
2.09027e+06 719674 84.2152 221 247 167 0.0809554 -0.029144 0.996292 
2.09025e+06 719693 84.2533 221 247 167 -0.108952 0.0231111 0.993778 
2.09028e+06 719673 84.1366 221 247 167 0.0299627 -0.0299627 0.999102 
2.09028e+06 719684 83.9556 219 247 168 0.0978136 -0.0340699 0.994621 
2.09026e+06 719698 84.758 221 247 166 -0.0727473 0.163383 0.983877 
2.09028e+06 719684 83.8687 219 247 168 0.111065 -0.0437527 0.99285 
2.09028e+06 719689 84.568 221 247 166 0.120519 -0.0654247 0.990553 
2.09025e+06 719680 84.5264 221 247 166 -0.0771781 0.00951511 0.996972 
2.09026e+06 719699 84.5388 221 247 167 -0.0992787 0.0479661 0.993903 
2.09028e+06 719674 84.136 221 247 167 0.0506059 -0.00722942 0.998693 
2.09026e+06 719700 84.4949 221 247 167 -0.139297 0.0518047 0.988895 
2.09025e+06 719680 84.5737 221 247 166 -0.0889803 0.0139367 0.995936 
2.09028e+06 719684 83.7411 219 247 168 0.0989105 -0.0716248 0.992515 
2.09027e+06 719675 84.2561 221 247 167 0.088692 -0.0383237 0.995322 
2.09026e+06 719693 84.3419 221 247 167 -0.0974868 -0.00535642 0.995222 
2.09026e+06 719680 84.7466 221 247 166 -0.0955647 0.00966385 0.995376 
2.09026e+06 719699 84.6578 221 247 167 -0.0286323 -0.058325 0.997887 
2.09028e+06 719675 84.1643 221 247 167 0.0719035 -0.028976 0.996991 
2.09026e+06 719699 84.5885 221 247 167 0.0646438 0.0624525 0.995952 
2.09026e+06 719700 84.4779 221 247 167 0.271401 0.327149 0.90516 
2.09026e+06 719701 83.7825 221 247 167 0.444837 0.393448 0.804561 
2.09025e+06 719680 84.3065 221 247 167 -0.0638605 -0.0465424 0.996873 
2.09026e+06 719699 84.5905 221 247 166 -0.0229068 0.239918 0.970523 
2.09026e+06 719699 84.7643 221 247 166 -0.00393438 0.444585 0.895728 
2.09026e+06 719700 84.1784 221 247 166 0.119635 0.500163 0.857627 
2.09025e+06 719680 84.354 221 247 167 -0.0151617 -0.0212263 0.99966 
2.09026e+06 719700 84.1668 221 247 166 0.223454 0.701615 0.676613 
2.09025e+06 719680 84.0514 219 247 168 -0.154478 0.0308955 0.987513 
2.09025e+06 719681 84.2657 221 247 167 -0.0669222 0.0244319 0.997459 
2.09025e+06 719702 83.7013 219 248 168 -0.0833072 0.00105452 0.996523 
2.09025e+06 719686 84.0324 219 247 168 -0.224618 -0.0732182 0.971692 
2.09025e+06 719702 83.7965 219 248 169 -0.103267 -0.0410847 0.993805 
2.09025e+06 719704 83.8409 219 248 169 -0.122061 0.0802116 0.989276 
2.09025e+06 719681 84.3144 221 247 167 -0.0357257 0.0112281 0.999299 
2.09025e+06 719704 83.9319 219 247 168 -0.00315851 0.0768571 0.997037 
2.09025e+06 719678 84.1077 220 247 168 -0.0953394 -0.0907447 0.9913 
2.09025e+06 719684 83.8689 219 248 168 -0.256844 -0.00119463 0.966452 
2.09025e+06 719678 84.196 220 248 168 -0.0687711 -0.0935737 0.993234 
2.09025e+06 719685 83.9924 219 248 168 -0.217345 -0.0675366 0.973756 
2.09025e+06 719680 84.1767 220 247 168 -0.123896 -0.00767498 0.992266 
2.09028e+06 719690 84.8165 221 246 166 0.200545 -0.0367864 0.978994 
2.09025e+06 719680 84.3242 221 247 167 -0.0421842 0.0113177 0.999046 
2.09026e+06 719691 84.4435 221 247 167 -0.0912538 0.0406794 0.994996 
2.09025e+06 719705 83.7578 219 248 169 -0.0865203 0.102671 0.990946 
2.09025e+06 719684 84.2169 219 248 168 -0.173875 0.0218783 0.984525 
2.09025e+06 719681 84.3353 221 247 167 -0.0149533 -0.00498443 0.999876 
2.09027e+06 719691 84.8158 222 246 166 0.125512 0.00109141 0.992091 
2.09026e+06 719692 84.5101 221 247 167 -0.127426 -0.0166208 0.991709 
2.09025e+06 719685 84.2103 219 248 168 -0.106876 -0.00323866 0.994267 
2.09028e+06 719668 83.8121 220 248 168 0.0374417 -0.349887 0.936044 
2.09025e+06 719686 84.0671 219 248 168 -0.123583 -0.0256073 0.992004 
2.09026e+06 719691 84.6164 221 247 167 -0.117912 0.0165297 0.992886 
2.09026e+06 719692 84.6088 221 247 167 -0.101947 0.00107313 0.994789 
2.09025e+06 719686 84.2029 219 248 168 -0.0914944 0.0161461 0.995675 
2.09026e+06 719693 84.4799 221 247 167 -0.117402 0.0142638 0.992982 
2.09024e+06 719681 83.8119 220 248 168 -0.10033 0.0597473 0.993159 
2.09025e+06 719688 83.8261 219 248 168 -0.239742 0.142797 0.960277 
2.09028e+06 719668 83.7652 220 248 168 -0.0144357 -0.42126 0.906825 
2.09025e+06 719688 84.0052 219 248 168 -0.150949 0.0796345 0.985329 
2.09028e+06 719669 83.9862 220 248 168 0.0254654 -0.114041 0.99315 
2.09025e+06 719688 84.1579 219 248 168 -0.0996984 0.0526497 0.993624 
2.09028e+06 719669 84.0053 220 248 168 0.0764918 -0.0993252 0.992111 
2.09025e+06 719689 83.892 219 248 168 -0.171728 0.0962166 0.980434 
2.09026e+06 719686 84.7842 221 246 166 -0.0331372 0.0652054 0.997321 
2.09028e+06 719668 83.6947 220 248 168 0.223595 -0.256926 0.94021 
2.09025e+06 719681 83.8848 220 248 168 -0.177372 0.0434621 0.983184 
2.09025e+06 719689 84.0516 219 248 168 -0.141739 0.0691125 0.987488 
2.09028e+06 719691 84.6594 221 246 166 0.144465 0.0520075 0.988142 
2.09025e+06 719690 83.7848 219 247 168 -0.211332 0.115157 0.970607 
2.09028e+06 719669 83.7991 220 248 168 0.278217 -0.117352 0.953322 
2.09025e+06 719682 83.9402 220 248 168 -0.184875 0.022092 0.982514 
2.09025e+06 719690 84.0029 219 248 168 -0.153962 0.0823516 0.984639 
2.09025e+06 719704 83.749 219 248 168 -0.027674 0.0235742 0.999339 
2.09028e+06 719692 84.623 221 246 166 0.175594 0.00113287 0.984462 
2.09028e+06 719671 84.0751 220 248 168 0.0410301 -0.038926 0.998399 
2.09026e+06 719704 83.897 220 248 168 -0.0249669 0.0922691 0.995421 
2.09026e+06 719688 84.7341 221 246 166 -0.0571361 0.0485118 0.997187 
2.09025e+06 719682 84.2545 221 247 167 -0.0987385 0.0162756 0.99498 
2.09025e+06 719705 83.9642 220 248 168 -0.0811246 0.0313682 0.99621 
2.09025e+06 719682 84.3295 221 247 167 -0.0423546 -0.0175617 0.998948 
2.09026e+06 719688 84.7688 221 246 166 -0.0539747 0.0328082 0.998003 
2.09028e+06 719685 84.3674 221 247 167 0.150322 -0.0355725 0.987997 
2.09025e+06 719691 83.9713 219 248 168 -0.137366 0.0786626 0.987392 
2.09028e+06 719671 84.0129 220 248 168 0.0894472 -0.0452757 0.994962 
2.09025e+06 719682 84.3566 221 247 167 -0.0338216 -0.0174233 0.999276 
2.09025e+06 719681 84.1879 220 247 168 -0.166039 0.0194666 0.985927 
2.09025e+06 719692 83.7331 219 248 168 -0.125512 0.00109141 0.992091 
2.09025e+06 719680 84.4013 221 247 167 -0.0856157 0.0270936 0.99596 
2.09026e+06 719688 84.8171 221 246 166 -0.0432254 0.0986425 0.994184 
2.09025e+06 719692 83.8235 219 248 168 -0.106154 0.0696277 0.991909 
2.09026e+06 719705 83.9413 219 248 168 0.0753903 0.0843921 0.993577 
2.09025e+06 719693 83.7619 219 248 168 -0.122702 0.0371483 0.991748 
2.09025e+06 719682 84.1288 220 247 168 -0.149021 0.0473633 0.987699 
2.09026e+06 719704 83.9706 219 247 168 -0.105035 0.265829 0.958281 
2.09026e+06 719689 84.6851 222 247 166 -0.0386941 0.0324193 0.998725 
2.09024e+06 719683 83.7916 220 247 168 -0.133741 0.114463 0.984384 
2.09025e+06 719681 84.3635 221 247 167 -0.0914944 -0.0161461 0.995675 
2.09025e+06 719683 83.8736 220 248 168 -0.120759 0.0926213 0.988351 
2.09028e+06 719685 84.2845 221 247 167 0.0599456 -0.0178785 0.998042 
2.09025e+06 719681 84.529 221 247 167 -0.0761808 -0.0246783 0.996789 
2.09028e+06 719671 83.8705 220 248 168 0.16232 -0.065165 0.984584 
2.09025e+06 719683 84.0007 219 248 168 -0.16763 0.106451 0.980086 
2.09028e+06 719686 84.4508 221 247 167 0.131049 -0.0467218 0.990274 
2.09028e+06 719686 84.2809 221 247 167 0.0653178 -0.0719603 0.995266 
2.09025e+06 719694 83.6935 219 248 169 -0.146869 0.089554 0.985094 
2.09028e+06 719685 84.2541 221 247 167 0.0590481 -0.0418705 0.997377 
2.09028e+06 719685 84.1574 221 247 167 0.0980843 -0.0620073 0.993244 
2.09028e+06 719686 84.3013 221 247 167 0.0369735 -0.0454245 0.998283 
2.09025e+06 719701 83.7688 218 248 169 0.000977516 0.000977516 0.999999 
2.09028e+06 719686 84.2269 221 247 167 0.0856105 -0.0292593 0.995899 
2.09025e+06 719684 84.3663 220 247 167 -0.00898989 0.0129854 0.999875 
2.09025e+06 719683 84.2597 219 247 168 -0.141991 0.03067 0.989393 
2.09025e+06 719684 84.312 220 247 167 0.00703344 0.0211003 0.999753 
2.09028e+06 719688 84.4784 221 247 167 0.0936316 0.0139909 0.995509 
2.09025e+06 719685 84.352 220 247 167 -0.0463867 0.011339 0.998859 
2.09025e+06 719685 84.3565 220 247 167 0.00506296 -0.0334156 0.999429 
2.09025e+06 719684 84.367 220 247 167 -0.0732873 0.0890723 0.993325 
2.09025e+06 719685 84.3112 220 247 167 -0.0195123 -0.0338898 0.999235 
2.09025e+06 719686 84.3343 220 247 167 -0.0486426 0.0134543 0.998726 
2.09028e+06 719688 84.4472 221 247 167 0.0524977 -0.0482122 0.997457 
2.09025e+06 719686 84.3925 220 247 167 -0.0461042 0.00512268 0.998923 
2.09028e+06 719672 84.0784 220 248 168 0.0320952 -0.0279539 0.999094 
2.09025e+06 719686 84.4376 220 247 167 -0.0152829 -0.0275093 0.999505 
2.09025e+06 719675 84.0297 221 246 166 -0.118867 -0.567918 0.814457 
2.09025e+06 719682 84.4266 221 247 167 -0.106647 -0.00107724 0.994296 
2.09025e+06 719675 83.9464 221 246 166 -0.00617578 -0.305084 0.952305 
2.09026e+06 719689 84.7347 222 247 166 -0.0868526 0.0139393 0.996124 
2.09025e+06 719682 84.5857 221 247 167 -0.0552916 -0.0135621 0.998378 
2.09028e+06 719672 84.0776 220 248 168 0.0390831 -0.0454209 0.998203 
2.09025e+06 719683 84.3566 221 247 167 -0.0511266 0.0177378 0.998535 
2.09028e+06 719672 83.9803 220 247 168 0.14772 -0.0546682 0.987517 
2.09025e+06 719688 84.3142 220 247 167 -0.0536476 0.024194 0.998267 
2.09025e+06 719683 84.3832 221 247 167 -0.0251176 0.00301411 0.99968 
2.09028e+06 719673 84.1354 220 247 168 0.0636109 -0.00521401 0.997961 
2.09025e+06 719688 84.345 220 247 167 -0.0427884 0.0260905 0.998743 
2.09028e+06 719689 84.4261 221 247 167 0.0841605 -0.0382548 0.995718 
2.09025e+06 719674 84.4184 222 246 166 -0.688109 -0.248352 0.681782 
2.09028e+06 719673 83.9934 220 248 168 0.13764 0.0167854 0.99034 
2.09025e+06 719684 84.2881 221 247 167 -0.0601903 0.0242873 0.997891 
2.09028e+06 719672 83.7457 219 247 168 0.180128 -0.0608381 0.98176 
2.09025e+06 719675 84.292 221 246 166 -0.192524 -0.349395 0.916983 
2.09028e+06 719689 84.4623 221 247 167 0.0254203 0.0172858 0.999527 
2.09025e+06 719683 84.3881 221 247 167 -0.0481146 0.0502531 0.997577 
2.09025e+06 719688 84.4094 220 247 167 -0.044328 0.0134015 0.998927 
2.09028e+06 719688 84.3287 221 247 167 0.0908715 -0.0361296 0.995207 
2.09028e+06 719688 84.2306 221 247 167 0.108947 -0.0253108 0.993725 
2.09028e+06 719673 83.8013 219 247 168 0.13274 -0.0374394 0.990444 
2.09026e+06 719690 84.6457 221 246 166 -0.0839778 0.0381717 0.995736 
2.09028e+06 719689 84.4068 221 247 167 0.100035 -0.00537821 0.994969 
2.09025e+06 719683 84.538 221 247 167 -0.0900165 0.0831798 0.992461 
2.09028e+06 719689 84.2341 221 247 167 0.0926474 -0.00319474 0.995694 
2.09028e+06 719673 83.7188 219 247 168 0.10089 -0.0141029 0.994798 
2.09025e+06 719689 84.2803 220 247 167 -0.045513 0.0412792 0.998111 
2.09025e+06 719681 84.5351 221 247 167 -0.0417576 0.00101848 0.999127 
2.09028e+06 719674 84.0892 220 247 168 0.0955647 0.00966385 0.995376 
2.09025e+06 719689 84.3245 220 247 167 -0.0517545 0.0327427 0.998123 
2.09026e+06 719681 84.6471 221 247 167 -0.0962435 0.0409311 0.994516 
2.09025e+06 719675 84.3644 222 246 166 -0.297176 -0.0338555 0.954222 
2.09025e+06 719689 84.3918 220 247 167 -0.058325 0.0286323 0.997887 
2.09025e+06 719682 84.5464 221 247 167 -0.0251676 -0.00704694 0.999658 
2.09025e+06 719684 84.4728 221 247 167 -0.0861156 0.0637479 0.994244 
2.09025e+06 719685 84.393 221 247 167 -0.103922 0.0207844 0.994368 
2.09026e+06 719672 84.3295 221 247 166 0.000977516 0.000977516 -0.999999 
2.09026e+06 719684 84.589 221 247 167 -0.132157 0.0350159 0.99061 
2.09026e+06 719690 84.7606 221 246 166 -0.0905345 0.00532556 0.995879 
2.09026e+06 719685 84.5575 221 247 167 -0.13046 0.0189557 0.991272 
2.09028e+06 719685 83.9369 219 248 168 0.0958368 -0.064267 0.99332 
2.09025e+06 719686 84.4377 221 247 167 -0.0562073 -0.030755 0.997945 
2.09028e+06 719685 83.817 219 248 168 0.121756 -0.0534817 0.991118 
2.09026e+06 719686 84.546 221 247 167 -0.137718 0.00110175 0.990471 
2.09026e+06 719691 84.7342 221 246 166 -0.0728187 0.00949809 0.9973 
2.09026e+06 719684 84.7644 221 247 167 -0.130217 0.0373666 0.990781 
2.09028e+06 719686 84.0017 219 247 168 0.101916 -0.0526378 0.993399 
2.09026e+06 719691 84.7623 222 247 166 -0.0570188 0.00725693 0.998347 
2.09026e+06 719685 84.6911 221 247 167 -0.130653 0.00109793 0.991428 
2.09028e+06 719674 83.9312 220 248 168 0.11715 0.0120435 0.993041 
2.09026e+06 719692 84.7151 221 246 166 -0.107334 0.00758927 0.994194 
2.09026e+06 719682 84.6316 221 247 167 -0.0818973 0.00957241 0.996595 
2.09028e+06 719686 83.8763 219 247 168 0.134386 -0.0327494 0.990388 
2.09026e+06 719686 84.7907 221 247 167 -0.106544 0.0230661 0.99404 
2.09025e+06 719673 84.2137 221 247 166 -0.399522 -0.641556 0.654819 
2.09028e+06 719675 84.0923 220 247 168 0.0866698 -0.01177 0.996168 
2.09028e+06 719688 84.0463 220 247 168 0.103922 -0.0207844 0.994368 
2.09026e+06 719673 84.6379 221 247 166 -0.209716 -0.543424 0.81284 
2.09028e+06 719675 83.9671 220 248 168 0.117233 -0.0323788 0.992576 
2.09025e+06 719688 84.4599 221 247 167 -0.0658237 -0.00731375 0.997804 
2.09028e+06 719674 83.8247 220 248 168 0.108776 0.00107699 0.994066 
2.09028e+06 719674 83.7014 220 248 168 0.101947 -0.00107313 0.994789 
2.09026e+06 719688 84.5563 221 247 167 -0.0872191 -0.0183052 0.996021 
2.09026e+06 719680 84.7877 221 247 167 -0.0944259 0.0227925 0.995271 
2.09025e+06 719689 84.4669 221 247 167 -0.0854361 0.0248738 0.996033 
2.09026e+06 719689 84.5942 221 247 167 -0.0926586 0.0294327 0.995263 
2.09026e+06 719688 84.6459 221 247 167 -0.077133 0.040196 0.99621 
2.09026e+06 719689 84.6741 221 247 167 -0.0537577 0.0263518 0.998206 
2.09025e+06 719689 84.2203 220 248 168 -0.0846817 0.0472898 0.995285 
2.09026e+06 719681 84.7666 221 247 167 -0.104588 0.0275231 0.994135 
2.09025e+06 719690 84.1486 220 248 168 -0.081898 0.107275 0.990851 
2.09025e+06 719690 84.2156 220 247 168 -0.0508072 0.111776 0.992434 
2.09026e+06 719682 84.7216 221 247 167 -0.111381 0.00108137 0.993777 
2.09025e+06 719691 83.9594 220 247 168 -0.0342044 0.102613 0.994133 
2.09028e+06 719688 83.84 220 247 168 0.110347 -0.0390117 0.993127 
2.09025e+06 719693 83.8954 219 247 168 -0.0689001 0.01802 0.997461 
2.09025e+06 719683 84.5636 221 247 167 -0.0306936 0.0539784 0.99807 
2.09028e+06 719675 83.8103 220 248 168 0.110592 -0.0390983 0.993097 
2.09026e+06 719683 84.6107 221 247 167 -0.0913017 0.0139638 0.995725 
2.09028e+06 719689 84.0683 220 247 168 0.07116 -0.0180555 0.997301 
2.09025e+06 719691 83.9912 220 247 168 -0.0764808 0.140019 0.987191 
2.09028e+06 719689 83.9654 220 247 168 0.0872373 -0.0496922 0.994947 
2.09025e+06 719690 84.2727 220 247 168 -0.0798928 0.0798928 0.993597 
2.09028e+06 719675 83.7175 220 248 168 0.0934419 -0.0384761 0.994881 
2.09025e+06 719690 84.3504 220 247 168 -0.0637292 0.0442864 0.996984 
2.09026e+06 719683 84.7783 221 247 167 -0.150135 -0.00111211 0.988665 
2.09025e+06 719691 84.1901 220 247 168 -0.124395 0.10307 0.986865 
2.09028e+06 719690 84.4812 220 247 167 0.132651 -0.0189502 0.990982 
2.09025e+06 719694 83.8731 219 247 168 -0.0958368 0.064267 0.99332 
2.09025e+06 719692 83.8906 220 247 168 -0.0217405 0.0383048 0.99903 
2.09027e+06 719675 84.8103 221 247 166 0.105691 -0.0670516 0.992136 
2.09025e+06 719692 83.8396 220 248 168 -0.0632063 0.0353527 0.997374 
2.09025e+06 719693 83.8807 220 247 168 -0.0548687 -0.0484136 0.997319 
2.09025e+06 719692 84.0018 220 247 168 -0.136767 0.0963312 0.985908 
2.09028e+06 719690 84.3917 221 247 167 0.05982 0.0178411 0.99805 
2.09027e+06 719675 84.659 221 247 166 0.103476 -0.0185168 0.99446 
2.09025e+06 719693 84.0187 220 247 168 -0.0821538 -0.04272 0.995704 
2.09028e+06 719691 84.506 220 247 167 0.141374 0.0260127 0.989614 
2.09026e+06 719672 84.0276 221 247 166 -0.138899 -0.784107 0.604883 
2.09025e+06 719694 84.0017 219 247 168 -0.11343 0.0698915 0.991085 
2.09025e+06 719690 84.4051 221 247 167 -0.0615649 0.0486038 0.996919 
2.09026e+06 719690 84.4896 221 247 167 -0.0752498 0.0797423 0.993971 
2.09025e+06 719696 83.8782 219 248 168 -0.113159 0.185282 0.976148 
2.09026e+06 719672 84.1157 221 247 166 -0.0411977 -0.731615 0.680473 
2.09026e+06 719690 84.5865 221 247 167 -0.0567969 0.0879794 0.994502 
2.09028e+06 719691 84.4241 220 247 167 0.0768565 0.00526414 0.997028 
2.09025e+06 719694 84.1071 220 248 168 -0.0676237 -0.00104037 0.99771 
2.09027e+06 719668 83.7843 221 247 167 -0.116751 -0.616269 0.778834 
2.09026e+06 719674 84.7824 222 247 166 -0.151627 -0.0669981 0.986165 
2.09027e+06 719676 84.6547 221 247 166 0.111301 -0.0460945 0.992717 
2.09025e+06 719694 84.1538 220 248 168 -0.0930412 -0.0053472 0.995648 
2.09027e+06 719669 84.4124 221 247 167 -0.142623 -0.393979 0.907987 
2.09025e+06 719675 84.6307 222 246 166 -0.181704 0.148667 0.97205 
2.09025e+06 719696 83.899 220 247 168 -0.117359 0.136717 0.983634 
2.09027e+06 719669 84.2826 221 247 167 -0.0288948 -0.307792 0.951015 
2.09025e+06 719696 84.1546 220 247 168 -0.175483 0.0459317 0.98341 
2.09027e+06 719676 84.5918 221 247 166 0.0771395 -0.0380265 0.996295 
2.09027e+06 719668 83.9084 221 247 167 -0.0851717 -0.596202 0.798304 
2.09026e+06 719669 84.6426 221 246 166 -0.0419397 -0.949363 -0.311371 
2.09027e+06 719669 84.4346 221 247 167 -0.0201492 -0.21927 0.975456 
2.09028e+06 719690 84.3468 220 247 167 0.0763353 0.0290289 0.99666 
2.09027e+06 719671 84.5719 221 247 167 -0.0370031 -0.117737 0.992355 
2.09027e+06 719671 84.5221 221 247 167 0.0658364 -0.125898 0.989856 
2.09025e+06 719697 83.7735 220 247 168 -0.24454 0.103706 0.964077 
2.09027e+06 719671 84.4632 221 247 167 0.0265096 -0.0604418 0.99782 
2.09025e+06 719697 84.0822 220 248 168 -0.154874 0.110973 0.981682 
2.09028e+06 719690 84.224 220 247 167 0.0742956 0.00104642 0.997236 
2.09027e+06 719671 84.5672 221 246 166 0.184269 -0.592402 0.784286 
2.09025e+06 719698 83.9067 220 247 168 -0.168707 0.114523 0.978991 
2.09027e+06 719677 84.7638 222 247 166 0.115727 -0.0653116 0.991131 
2.09026e+06 719672 84.3278 221 246 166 -0.175905 -0.683736 0.70821 
2.09027e+06 719668 83.9572 220 247 167 -0.0349581 -0.585898 0.80963 
2.09026e+06 719672 84.6748 221 246 166 -0.262389 -0.669491 0.694934 
2.09027e+06 719677 84.6363 221 247 166 0.0920223 -0.0498916 0.994506 
2.09027e+06 719669 84.3544 220 247 167 0.096027 -0.168959 0.980934 
2.09026e+06 719671 84.1381 221 246 166 -0.348244 -0.855907 0.382295 
2.09025e+06 719694 84.249 220 247 168 -0.0983199 -0.0118848 0.995084 
2.09027e+06 719678 84.8085 221 247 166 0.0885131 -0.0338754 0.995499 
2.09027e+06 719668 83.9313 220 247 167 0.0533172 -0.463449 0.884518 
2.09028e+06 719691 84.3193 220 247 167 0.0505599 -0.0548629 0.997213 
2.09025e+06 719676 84.5193 221 247 167 -0.137682 -0.152566 0.978656 
2.09027e+06 719678 84.7056 221 247 166 0.0830149 -0.0542364 0.995071 
2.09025e+06 719676 84.2497 221 247 167 0.111197 -0.15763 0.981218 
2.09027e+06 719669 84.168 220 247 167 0.107213 -0.140943 0.984195 
2.09028e+06 719691 84.2131 220 247 167 0.0951618 0.0032077 0.995457 
2.09027e+06 719680 84.7716 221 247 166 0.0896253 -0.0497918 0.99473 
2.09027e+06 719671 84.4003 220 247 167 0.087403 -0.0205019 0.995962 
2.09026e+06 719694 84.3521 220 247 168 -0.0913042 0.0118158 0.995753 
2.09025e+06 719696 84.2491 220 248 168 -0.0788051 0.0313061 0.996398 
2.09026e+06 719696 84.3241 220 247 168 -0.0791341 0.0357729 0.996222 
2.09026e+06 719694 84.4568 220 247 168 -0.103922 0.0207844 0.994368 
2.09027e+06 719676 84.5065 221 247 167 0.0748169 -0.0379506 0.996475 
2.09026e+06 719696 84.4185 220 247 168 -0.0850354 0.0519047 0.995025 
2.09027e+06 719676 84.4156 221 247 167 0.0774613 -0.0425492 0.996087 
2.09025e+06 719697 84.1792 220 248 168 -0.0810475 0.0970287 0.991976 
2.09027e+06 719677 84.5579 221 247 167 0.0730994 -0.0490966 0.996115 
2.09027e+06 719671 84.2488 220 247 167 0.114018 -0.0485422 0.992292 
2.09026e+06 719697 84.2734 220 247 168 -0.111526 0.0506936 0.992468 
2.09027e+06 719677 84.4653 221 247 167 0.0888858 -0.0384074 0.995301 
2.09025e+06 719698 84.0013 220 248 168 -0.142935 0.0815084 0.98637 
2.09028e+06 719692 84.4833 220 247 167 0.104738 0.00755841 0.994471 
2.09027e+06 719668 83.8622 220 247 167 -0.00132182 -0.471891 0.881656 
2.09027e+06 719676 84.3182 221 247 167 0.0934419 -0.0384761 0.994881 
2.09027e+06 719669 84.0654 220 247 167 0.0744879 -0.108867 0.991262 
2.09028e+06 719692 84.3847 220 247 167 0.00508318 -0.0355823 0.999354 
2.09025e+06 719677 84.2089 221 247 167 -0.17154 0.0731744 0.982456 
2.09027e+06 719671 84.1343 220 247 167 0.0838025 -0.0359154 0.995835 
2.09028e+06 719692 84.5203 220 247 167 0.114041 0.0254654 0.99315 
2.09028e+06 719692 84.1581 220 247 167 0.137056 0.0989187 0.985612 
2.09025e+06 719677 84.3199 221 247 167 -0.0758601 -0.0224375 0.996866 
2.09027e+06 719671 84.437 221 247 166 -0.0530966 -0.332825 0.941493 
2.09028e+06 719676 84.2068 221 247 167 0.0950315 -0.0273079 0.9951 
2.09028e+06 719693 84.2629 220 247 167 0.211545 0.418652 0.883164 
2.09027e+06 719672 84.8021 221 247 166 0.105786 -0.278178 0.954686 
2.09025e+06 719676 84.263 221 247 167 -0.105691 -0.122317 0.986847 
2.09028e+06 719693 84.0817 221 247 167 0.185146 0.463605 0.866482 
2.09027e+06 719677 84.3427 221 247 167 0.100004 -0.0296715 0.994545 
2.09027e+06 719672 84.6788 221 247 166 0.0677984 -0.07669 0.994747 
2.09028e+06 719677 84.2424 221 247 167 0.0971957 -0.0273022 0.994891 
2.09025e+06 719676 84.3911 221 247 167 -0.138541 -0.0888085 0.986367 
2.09027e+06 719678 84.6181 221 247 167 0.0845134 -0.0428055 0.995502 
2.09027e+06 719673 84.6688 221 247 166 0.112101 -0.00761848 0.993668 
2.09025e+06 719677 84.5718 221 247 167 -0.116938 -0.0798884 0.989921 
2.09027e+06 719696 84.8114 221 246 166 0.000977516 0.000977516 0.999999 
2.09026e+06 719698 84.2726 220 247 168 -0.126266 0.0489138 0.99079 
2.09025e+06 719678 84.2293 221 247 167 -0.0691754 -0.0581952 0.995906 
2.09025e+06 719678 84.4003 221 247 167 -0.0949601 -0.00106697 0.99548 
2.09027e+06 719672 84.5809 221 247 166 0.0741922 -0.0311822 0.996756 
2.09027e+06 719672 84.4897 221 247 166 0.0719035 -0.028976 0.996991 
2.09026e+06 719697 84.3586 220 247 168 -0.0558594 0.0263488 0.998091 
2.09027e+06 719673 84.5927 221 247 166 0.0642704 -0.0179114 0.997772 
2.09025e+06 719678 84.4447 221 247 167 -0.0734104 0.0514969 0.995971 
2.09027e+06 719674 84.6974 221 247 166 0.119244 -0.0533759 0.991429 
2.09027e+06 719678 84.5055 221 247 167 0.105257 -0.0343472 0.993852 
2.09026e+06 719698 84.3735 220 247 168 -0.0117678 0.0887931 0.995981 
2.09025e+06 719676 84.6092 221 247 166 -0.155847 -0.00336359 0.987776 
2.09027e+06 719680 84.6545 221 247 167 0.0982355 -0.0364244 0.994496 
2.09025e+06 719699 83.7099 219 248 168 -0.0953626 -0.00750043 0.995414 
2.09027e+06 719680 84.5488 221 247 167 0.101963 -0.0274093 0.994411 
2.09025e+06 719699 83.8069 219 248 168 -0.134265 0.00998663 0.990895 
2.09025e+06 719700 83.6858 219 248 168 -0.138622 -0.00776283 0.990315 
2.09027e+06 719680 84.414 221 247 167 0.106999 -0.027577 0.993877 
2.09025e+06 719701 83.6867 219 247 168 -0.152564 -0.0355601 0.987654 
2.09027e+06 719681 84.569 221 247 167 0.110122 -0.0344825 0.99332 
2.09027e+06 719681 84.4368 221 247 167 0.106771 -0.0253168 0.993961 
2.09025e+06 719699 83.991 220 248 168 -0.152243 -0.0309064 0.98786 
2.09028e+06 719680 84.2921 221 247 167 0.092469 -0.025021 0.995401 
2.09026e+06 719699 84.1822 220 248 168 -0.129088 0.0303076 0.99117 
2.09028e+06 719681 84.3257 221 247 167 0.0865187 -0.0383311 0.995513 
2.09027e+06 719674 84.6204 221 247 166 0.0727978 -0.0445479 0.996351 
2.09027e+06 719682 84.6016 221 247 167 0.119435 -0.0323702 0.992314 
2.09027e+06 719672 84.395 221 247 167 0.0883209 -0.0338018 0.995518 
2.09027e+06 719682 84.4684 221 247 167 0.0978207 -0.0318742 0.994694 
2.09027e+06 719672 84.2773 221 247 167 0.111364 -0.0253601 0.993456 
2.09027e+06 719683 84.6444 221 247 167 0.105706 -0.0389442 0.993635 
2.09027e+06 719672 84.1512 221 247 167 0.0735816 -0.0202616 0.997083 
2.09027e+06 719683 84.5127 221 247 167 0.0982904 -0.0643972 0.993072 
2.09028e+06 719676 84.0873 220 247 168 0.0779878 -0.0202982 0.996748 
2.09028e+06 719676 84.0174 220 247 168 0.0727978 -0.0445479 0.996351 
2.09028e+06 719677 84.1248 220 248 168 0.0831092 -0.0248248 0.996231 
2.09028e+06 719677 84.0643 220 247 168 0.0364554 -0.0302059 0.998879 
2.09028e+06 719676 83.9174 220 248 168 0.102243 -0.0815644 0.99141 
2.09028e+06 719676 83.7949 220 247 168 0.11415 -0.0772532 0.990455 
2.09028e+06 719677 84.0382 220 247 168 0.090755 -0.0638646 0.993823 
2.09028e+06 719677 83.8884 220 247 168 0.123341 -0.0657051 0.990187 
2.09028e+06 719678 84.2714 220 247 168 0.099792 -0.0274154 0.994631 
2.09028e+06 719678 84.1398 220 247 168 0.0836276 -0.0336682 0.995928 
2.09028e+06 719678 84.0838 220 247 168 0.0425267 -0.0217819 0.998858 
2.09028e+06 719680 84.1989 220 247 168 0.0838089 -0.0337412 0.99591 
2.09028e+06 719680 84.1025 220 247 168 0.0470546 -0.0240501 0.998603 
2.09028e+06 719678 84.0762 220 248 168 0.0616585 -0.0114956 0.998031 
2.09028e+06 719678 83.9318 220 247 168 0.119187 -0.0278474 0.992481 
2.09028e+06 719680 84.0565 220 247 168 0.0696143 -0.0310587 0.99709 
2.09028e+06 719677 83.7585 219 247 168 0.124277 -0.0535875 0.990799 
2.09028e+06 719678 83.7996 219 247 168 0.134395 -0.030493 0.990459 
2.09028e+06 719681 84.2361 220 247 167 0.0797954 -0.0448166 0.995803 
2.09028e+06 719681 84.1456 220 247 167 0.0680368 -0.042118 0.996793 
2.09028e+06 719681 84.1155 220 247 167 0.0513338 -0.0240955 0.998391 
2.09027e+06 719698 84.818 221 247 166 0.13656 0.739828 0.658792 
2.09027e+06 719682 84.818 221 247 167 0.119443 -0.0301399 0.992383 
2.09027e+06 719684 84.818 221 246 166 0.116974 -0.0323072 0.992609 
2.09027e+06 719699 84.818 221 246 166 0.00683978 0.819406 0.573173 
2.09028e+06 719666 82.7059 220 248 168 0.0172695 -0.447678 0.894028 
2.09028e+06 719668 82.8219 220 247 168 0.404887 -0.149169 0.902117 
2.09028e+06 719691 84.1293 220 247 167 0.0662951 0.0489063 0.996601 
2.09028e+06 719691 83.9736 220 247 167 0.12596 0.0929984 0.987667 
2.09028e+06 719693 83.7631 220 247 167 0.121405 0.34239 0.931681 
2.09028e+06 719693 83.3489 220 247 167 0.207981 0.465338 0.860352 
2.09028e+06 719696 82.5505 221 247 167 0.273685 0.474696 0.836517 
2.09029e+06 719691 83.6113 219 247 168 0.37337 0.156393 0.914405 
2.09027e+06 719683 85.3863 221 246 165 0.104516 -0.00323245 0.994518 
2.09027e+06 719684 85.3863 221 246 165 0.146448 -0.0283815 0.988811 
2.09027e+06 719684 85.3863 221 246 165 0.0899262 -0.0227524 0.995688 
2.09027e+06 719684 85.3863 221 246 165 0.0613187 -0.0419549 0.997236 
2.09027e+06 719685 85.3863 221 246 165 0.0566702 -0.0395622 0.997609 
2.09027e+06 719685 85.3863 221 246 165 0.0846903 -0.0450949 0.995386 
2.09027e+06 719683 85.3752 221 246 165 0.102186 -0.0274692 0.994386 
2.09027e+06 719684 85.3731 221 246 165 0.0616598 -0.00940573 0.998053 
2.09027e+06 719683 85.3345 221 246 165 0.085045 -0.0497016 0.995137 
2.09027e+06 719684 85.3413 221 246 165 0.0864874 -0.00960971 0.996207 
2.09027e+06 719684 85.3472 221 246 165 0.0856105 -0.0292593 0.995899 
2.09027e+06 719685 85.3734 221 246 165 0.103049 -0.0387817 0.99392 
2.09026e+06 719702 84.8242 221 247 167 0.000977516 0.000977516 0.999999 
2.09026e+06 719683 85.5974 222 246 165 -0.0728187 -0.00949809 0.9973 
2.09026e+06 719683 85.5702 222 246 165 0.120343 -0.0187691 0.992555 
2.09026e+06 719684 85.5013 222 246 165 -0.022045 0.0535378 0.998322 
2.09026e+06 719684 85.4892 222 246 165 0.0466297 0.0683179 0.996573 
2.09027e+06 719683 85.4233 221 246 165 0.179787 -0.00801596 0.983673 
2.09027e+06 719684 85.4411 221 246 165 0.128215 0.00109585 0.991746 
2.09026e+06 719684 85.4769 221 246 165 0.00697811 0.0149531 0.999864 
2.09026e+06 719684 85.4792 221 246 165 0.0130881 0.0191288 0.999731 
2.09027e+06 719684 85.4723 222 246 165 0.0787849 -0.00105046 0.996891 
2.09027e+06 719684 85.3865 222 246 165 0.168985 -0.0407895 0.984774 
2.09026e+06 719685 85.4852 221 246 165 0.0172175 -0.0212686 0.999626 
2.09026e+06 719685 85.4664 221 246 165 0.037461 0.00101246 0.999298 
2.09027e+06 719685 85.4388 221 246 165 0.0505018 0.00721454 0.998698 
2.09026e+06 719685 85.5049 221 246 165 0.0109227 -0.00496489 0.999928 
2.09026e+06 719685 85.4794 221 246 165 0.0175284 -0.03815 0.999118 
2.09027e+06 719685 85.4548 221 246 165 0.0459758 -0.052391 0.997568 
2.09027e+06 719685 85.4094 221 246 165 0.0845402 -0.0160519 0.996291 
2.09027e+06 719685 85.4283 221 246 165 0.0184129 -0.0942308 0.99538 
2.09027e+06 719685 85.3989 221 246 165 0.0891653 -0.143853 0.985574 
2.09027e+06 719686 85.1127 221 246 166 0.106544 -0.0230661 0.99404 
2.09027e+06 719686 84.8904 221 246 166 0.156533 -0.0429018 0.98674 
2.09027e+06 719688 85.0636 221 246 166 0.11376 -0.00108343 0.993508 
2.09026e+06 719675 85.2271 222 247 166 -0.185057 0.0412547 0.981862 
2.09026e+06 719684 84.8503 221 247 167 -0.077946 0.0494024 0.995733 
2.09027e+06 719675 84.9862 222 247 166 0.0693267 -0.0266641 0.997238 
2.09027e+06 719688 84.9194 221 246 166 0.137635 -0.0190227 0.9903 
2.09026e+06 719676 84.9652 222 247 166 -0.158301 0.116578 0.980485 
2.09026e+06 719675 85.243 221 246 166 -0.0335504 0.00915011 0.999395 
2.09027e+06 719689 85.1167 221 247 166 0.113039 -0.0414103 0.992727 
2.09027e+06 719689 84.9533 221 247 166 0.0915136 -0.0734369 0.993092 
2.09027e+06 719675 84.9017 222 247 166 0.0906808 -0.0338687 0.995304 
2.09026e+06 719676 85.1323 221 246 166 -0.103008 0.0622579 0.99273 
2.09026e+06 719685 84.8236 221 247 167 -0.112821 0.0164302 0.99348 
2.09026e+06 719677 84.8806 221 247 166 -0.153635 0.0598122 0.986316 
2.09026e+06 719672 85.0212 222 246 166 0.000977516 0.000977516 0.999999 
2.09026e+06 719677 85.0591 221 247 166 -0.16213 0.0478225 0.98561 
2.09026e+06 719693 84.8279 221 247 166 -0.0698395 0.00104238 0.997558 
2.09026e+06 719680 84.9472 221 247 167 -0.149037 0.0450577 0.987804 
2.09027e+06 719676 85.0274 222 247 166 0.0656151 -0.037648 0.997135 
2.09026e+06 719681 84.9041 221 247 167 -0.135272 0.0375123 0.990098 
2.09027e+06 719689 84.8824 221 246 166 0.0770972 -0.111618 0.990756 
2.09026e+06 719694 84.8559 221 247 166 -0.0293096 0.00505337 0.999558 
2.09026e+06 719682 84.8702 221 247 167 -0.0965853 -0.0184489 0.995154 
2.09027e+06 719676 84.9993 222 247 166 0.067622 -0.0332743 0.997156 
2.09026e+06 719673 85.115 222 246 166 -0.109631 -0.138545 0.984269 
2.09027e+06 719689 85.4437 222 246 165 -0.0272348 0.00504347 0.999616 
2.09026e+06 719683 84.9833 221 247 167 -0.0549508 0.00933127 0.998446 
2.09026e+06 719673 85.0193 222 247 166 0.041739 -0.199155 0.979079 
2.09026e+06 719684 84.9725 221 246 166 -0.147066 -0.0123491 0.98905 
2.09027e+06 719689 85.4257 222 246 165 0.0396419 -0.0589271 0.997475 
2.09027e+06 719690 85.4648 222 246 165 -0.0474362 -0.0347865 0.998268 
2.09026e+06 719675 85.2248 221 246 165 -0.0536476 -0.024194 0.998267 
2.09027e+06 719690 85.5745 222 246 165 0.0362335 -0.025881 0.999008 
2.09026e+06 719676 85.2364 221 246 165 -0.127151 -0.0143736 0.991779 
2.09027e+06 719689 85.3324 221 246 165 0.102143 -0.0527552 0.99337 
2.09027e+06 719690 85.3742 221 246 165 0.130479 -0.061198 0.989561 
2.09027e+06 719676 84.8715 222 247 166 0.130199 -0.0587625 0.989745 
2.09027e+06 719691 85.5512 221 246 165 -0.00303167 -0.0333483 0.999439 
2.09027e+06 719691 85.4417 221 246 165 0.00890169 0.00296723 0.999956 
2.09027e+06 719691 85.4709 222 246 165 0.0672033 -0.026668 0.997383 
2.09027e+06 719689 85.2205 221 246 165 0.0960322 -0.0408413 0.99454 
2.09027e+06 719690 85.2763 221 246 165 0.101916 -0.0526378 0.993399 
2.09027e+06 719677 85.0759 221 247 166 0.0918849 -0.018377 0.9956 
2.09027e+06 719690 85.1409 221 246 165 0.113553 -0.0209466 0.993311 
2.09027e+06 719677 84.9467 221 247 166 0.0569017 0.00517288 0.998366 
2.09026e+06 719685 84.9715 221 246 166 -0.135342 0.0589954 0.989041 
2.09027e+06 719677 84.9497 222 247 166 0.0836578 -0.0052948 0.996481 
2.09027e+06 719691 85.3443 221 246 165 0.1408 0.00332598 0.990032 
2.09027e+06 719691 85.1437 221 246 165 0.123363 0.00109171 0.992361 
2.09026e+06 719675 85.3519 221 246 165 -0.104738 -0.00755841 0.994471 
2.09027e+06 719692 85.5168 221 246 165 -0.0573713 0.0135605 0.998261 
2.09026e+06 719684 85.1784 222 247 166 -0.148687 -0.0238353 0.988597 
2.09025e+06 719674 84.9371 222 247 166 0.000977516 0.000977516 0.999999 
2.09026e+06 719685 85.1631 222 247 166 -0.150013 0.0523303 0.987298 
2.09026e+06 719693 84.9592 221 247 166 -0.101316 0.0206989 0.994639 
2.09026e+06 719676 85.3845 221 246 165 -0.111776 -0.0508072 0.992434 
2.09026e+06 719677 85.2922 221 246 165 -0.164892 0.0288272 0.98589 
2.09026e+06 719674 85.0602 222 247 166 -0.161942 -0.0650133 0.984656 
2.09026e+06 719694 84.8778 221 247 166 -0.0658803 0.0442802 0.996845 
2.09026e+06 719686 84.8807 221 246 166 -0.0918921 0.108177 0.989876 
2.09027e+06 719692 85.5214 221 246 165 0.0192431 -0.0192431 0.99963 
2.09026e+06 719677 85.4832 221 246 165 -0.115485 0.0164979 0.993172 
2.09026e+06 719686 84.9976 221 246 166 -0.138727 0.136272 0.98091 
2.09026e+06 719674 85.1168 222 246 166 -0.013696 -0.0663729 0.997701 
2.09027e+06 719692 85.4753 222 246 165 0.11499 0.0120466 0.993294 
2.09026e+06 719675 85.434 221 246 165 -0.0496439 -0.0348563 0.998159 
2.09026e+06 719669 85.2231 221 246 166 0.0205824 -0.0920792 0.995539 
2.09027e+06 719693 85.5205 221 246 165 -0.0554053 -0.0156807 0.998341 
2.09026e+06 719684 85.3114 221 246 166 -0.119572 0.00987291 0.992776 
2.09027e+06 719693 85.5269 221 246 165 0.0333483 0.00303167 0.999439 
2.09026e+06 719671 84.8268 221 246 166 -0.114918 -0.386291 0.91519 
2.09026e+06 719685 85.317 221 246 166 -0.109115 0.0746575 0.991222 
2.09027e+06 719693 85.4588 222 246 165 0.110417 0.0163985 0.99375 
2.09026e+06 719684 85.4785 222 247 166 -0.0746061 0.00525395 0.997199 
2.09027e+06 719678 85.088 221 247 166 0.0922739 -0.0227971 0.995473 
2.09026e+06 719693 85.0771 221 247 166 -0.104138 0.0252123 0.994243 
2.09027e+06 719692 85.259 221 246 165 0.145172 0.0354357 0.988772 
2.09026e+06 719685 85.3978 222 247 166 -0.089438 0.0474794 0.99486 
2.09027e+06 719692 85.1438 221 246 165 0.107332 0.00975745 0.994175 
2.09027e+06 719678 84.9861 221 247 166 0.0804534 -0.0203815 0.99655 
2.09027e+06 719693 85.2652 221 246 165 0.133973 -0.00775048 0.990955 
2.09026e+06 719686 85.1801 222 247 166 -0.126523 0.121703 0.98447 
2.09027e+06 719678 84.8791 221 247 166 0.0901532 0.00106063 0.995927 
2.09026e+06 719694 84.9884 221 247 166 -0.101916 0.0526378 0.993399 
2.09026e+06 719671 84.9769 221 246 166 0.0150724 -0.0130627 0.999801 
2.09026e+06 719696 84.8281 221 247 166 -0.0912618 0.0384839 0.995083 
2.09026e+06 719676 85.4778 221 246 165 -0.0511852 -0.0664318 0.996477 
2.09026e+06 719696 84.9493 221 247 166 -0.0982759 0.0666468 0.992925 
2.09026e+06 719686 85.3461 221 246 166 -0.143415 0.0641287 0.987583 
2.09027e+06 719680 85.1189 221 247 166 0.0874295 -0.0498016 0.994925 
2.09026e+06 719675 85.4921 221 246 165 0.0855681 -0.0588975 0.99459 
2.09026e+06 719697 84.8317 221 247 166 -0.112793 0.117542 0.986642 
2.09027e+06 719693 85.134 221 246 165 0.094028 -0.0183733 0.9954 
2.09026e+06 719689 85.0091 221 246 166 -0.160377 -0.0334598 0.986489 
2.09026e+06 719676 85.5294 221 246 165 0.0473399 -0.0326119 0.998346 
2.09027e+06 719680 85.0307 221 247 166 0.085045 -0.0497016 0.995137 
2.09026e+06 719677 85.5972 222 246 165 -0.0338911 0.017459 0.999273 
2.09026e+06 719688 84.9945 222 246 166 -0.156387 0.0239717 0.987405 
2.09027e+06 719680 84.933 221 247 166 0.0828324 -0.0541172 0.995093 
2.09026e+06 719688 85.2922 221 246 166 -0.165864 0.055288 0.984598 
2.09027e+06 719680 84.8379 221 247 166 0.0713604 -0.0581862 0.995752 
2.09026e+06 719677 85.5657 221 246 165 0.063217 -0.00103634 0.997999 
2.09026e+06 719693 85.1743 221 247 166 -0.108135 0.0412473 0.99328 
2.09026e+06 719671 84.899 222 247 166 -0.0180911 -0.0734284 0.997136 
2.09027e+06 719681 85.204 221 247 166 0.100527 -0.0643827 0.992849 
2.09026e+06 719678 85.3491 221 246 165 -0.113191 0.0674574 0.991281 
2.09026e+06 719694 85.1349 221 247 166 -0.109056 0.050593 0.992747 
2.09026e+06 719689 85.1262 221 246 166 -0.111381 -0.00108137 0.993777 
2.09027e+06 719681 85.0925 221 247 166 0.0879794 -0.0567969 0.994502 
2.09026e+06 719678 85.4362 221 246 165 -0.0547737 0.0972513 0.993752 
2.09026e+06 719689 85.225 221 246 166 -0.111609 0.0254158 0.993427 
2.09027e+06 719681 85.0057 221 247 166 0.0784231 -0.0585412 0.9952 
2.09026e+06 719684 85.4895 221 246 165 -0.025218 -0.00907847 0.999641 
2.09027e+06 719690 85.0539 221 246 166 0.074197 -0.0290336 0.996821 
2.09027e+06 719682 85.2558 221 247 166 0.108825 -0.0482421 0.99289 
2.09027e+06 719682 85.1646 221 247 166 0.0854008 -0.0543459 0.994863 
2.09026e+06 719678 85.5202 221 246 165 0.0522893 0.041618 0.997764 
2.09027e+06 719682 85.0672 221 247 166 0.0802943 -0.0516963 0.99543 
2.09027e+06 719690 85.0138 222 246 166 0.0881358 -0.0315548 0.995609 
2.09026e+06 719680 85.3355 221 246 165 -0.107906 0.038935 0.993398 
2.09027e+06 719671 84.9908 222 246 166 0.0457297 -0.101498 0.993784 
2.09026e+06 719693 85.311 221 247 166 -0.101498 0.0457297 0.993784 
2.09026e+06 719694 85.2534 221 247 166 -0.121756 0.0534817 0.991118 
2.09026e+06 719673 84.9425 221 246 166 -0.146097 -0.240862 0.9595 
2.09026e+06 719696 85.0739 222 247 166 -0.0945522 0.080882 0.992229 
2.09027e+06 719691 85.0394 221 246 166 0.0755448 0.0180882 0.996978 
2.09027e+06 719681 84.9259 221 247 166 0.0760597 -0.0584227 0.99539 
2.09026e+06 719696 85.1619 221 247 166 -0.0996969 0.111426 0.988759 
2.09027e+06 719691 84.9503 221 246 166 0.0962435 0.0409311 0.994516 
2.09027e+06 719690 84.834 221 246 166 0.0924518 0.00106266 0.995717 
2.09027e+06 719693 85.4064 221 247 166 -0.0983199 0.0118848 0.995084 
2.09027e+06 719694 85.4292 221 247 166 -0.114261 0.0509083 0.992146 
2.09027e+06 719692 85.0291 221 246 166 0.0866674 -0.0139096 0.99614 
2.09027e+06 719681 84.8334 221 247 166 0.0804705 -0.0518098 0.99541 
2.09027e+06 719694 85.5573 221 247 166 -0.0265096 0.0604418 0.99782 
2.09026e+06 719680 85.3672 221 246 165 -0.0347865 0.0474362 0.998268 
2.09027e+06 719682 84.9804 221 247 166 0.0799615 -0.0471006 0.995685 
2.09027e+06 719682 84.8948 222 247 166 0.0936385 -0.0407603 0.994772 
2.09026e+06 719673 85.2581 221 246 166 -0.139348 -0.233115 0.962413 
2.09027e+06 719683 85.2208 221 247 166 0.076979 -0.035779 0.996391 
2.09027e+06 719696 85.3079 222 247 166 -0.0985493 0.12942 0.986681 
2.09027e+06 719683 85.1324 221 247 166 0.0813108 -0.0634892 0.994665 
2.09027e+06 719684 85.2314 221 247 166 0.0691867 -0.0223526 0.997353 
2.09027e+06 719696 85.355 222 247 166 -0.0662434 0.0909443 0.99365 
2.09026e+06 719672 85.2498 221 246 166 -0.156645 -0.200661 0.967056 
2.09027e+06 719692 84.8978 222 246 166 0.0720481 -0.0333357 0.996844 
2.09026e+06 719697 84.9728 221 247 166 -0.0757194 0.126976 0.989012 
2.09027e+06 719684 85.2133 221 247 166 0.0536476 -0.024194 0.998267 
2.09027e+06 719693 85.0547 221 246 166 0.0707153 -0.0137209 0.997402 
2.09026e+06 719672 85.3207 222 246 166 0.0618836 -0.205065 0.97679 
2.09026e+06 719685 85.5186 221 246 165 -0.0548389 0.00517348 0.998482 
2.09027e+06 719683 85.0308 221 247 166 0.0881633 -0.0591476 0.994348 
2.09027e+06 719693 85.0104 222 246 166 0.0847178 -0.0182304 0.996238 
2.09026e+06 719680 85.3946 221 246 165 -0.0181266 0.0757054 0.996965 
2.09027e+06 719683 84.9236 221 247 166 0.116258 -0.0462773 0.99214 
2.09026e+06 719686 85.4895 221 246 165 -0.0585652 0.0330095 0.997738 
2.09027e+06 719692 84.8853 222 246 166 0.08579 -0.0314925 0.995815 
2.09027e+06 719684 85.132 222 247 166 0.100209 -0.0341371 0.994381 
2.09026e+06 719686 85.5124 222 246 165 -0.0131405 0.021227 0.999688 
2.09026e+06 719675 85.176 221 246 165 0.124925 -0.0805589 0.98889 
2.09027e+06 719693 84.832 221 246 166 0.168272 0.0171706 0.985591 
2.09027e+06 719686 85.5376 222 246 165 -0.0190151 0.00700557 0.999795 
2.09027e+06 719686 85.5866 221 246 165 0.079471 -0.0381025 0.996109 
2.09026e+06 719688 85.4493 222 246 165 -0.0466365 0.0661587 0.996719 
2.09027e+06 719675 85.0751 221 246 165 0.0735536 -0.0559886 0.995718 
2.09026e+06 719676 85.2559 221 246 165 0.11601 -0.043926 0.992276 
2.09026e+06 719688 85.4321 221 246 165 -0.0158647 0.0708623 0.99736 
2.09027e+06 719694 85.5015 221 246 165 0.0397163 0.0633314 0.997202 
2.09026e+06 719689 85.346 222 246 165 -0.0675326 0.0697468 0.995276 
2.09027e+06 719694 85.4233 221 246 165 0.0897326 0.0227034 0.995707 
2.09026e+06 719697 85.0047 221 247 166 -0.0741868 0.103862 0.991821 
2.09026e+06 719673 85.3337 221 246 166 -0.0685652 -0.13132 0.988966 
2.09027e+06 719684 84.9517 221 247 166 0.139743 -0.0352197 0.989561 
2.09027e+06 719696 85.417 221 246 165 -0.00922223 0.0420124 0.999075 
2.09027e+06 719696 85.376 221 246 165 0.0573702 0.0530404 0.996943 
2.09026e+06 719698 84.9568 221 247 166 -0.100367 0.0888303 0.990977 
2.09027e+06 719694 85.2786 221 246 165 0.119569 -0.0120666 0.992753 
2.09027e+06 719694 85.1841 221 246 165 0.0969955 -0.0228866 0.995022 
2.09027e+06 719696 85.3168 221 246 165 0.0498463 -0.0392407 0.997986 
2.09027e+06 719697 85.1038 221 247 166 -0.119254 0.131299 0.984144 
2.09027e+06 719696 85.2016 221 246 165 0.149266 -0.0101007 0.988746 
2.09027e+06 719697 85.3541 221 247 166 -0.132437 0.127577 0.982947 
2.09027e+06 719676 85.1453 221 246 165 0.0962435 -0.0409311 0.994516 
2.09027e+06 719697 85.4083 221 246 165 -0.00326352 0.116399 0.993197 
2.09027e+06 719698 85.0077 221 247 166 -0.035492 0.149982 0.988051 
2.09027e+06 719697 85.2927 221 246 165 -0.0201789 0.0711571 0.997261 
2.09027e+06 719698 85.0624 221 247 166 -0.0818075 0.237871 0.967846 
2.09026e+06 719677 85.2949 221 246 165 0.105185 -0.0119282 0.994381 
2.09026e+06 719689 85.3369 221 246 165 -0.0113836 0.0507086 0.998649 
2.09027e+06 719698 85.127 221 246 165 -0.0448717 0.324358 0.944869 
2.09027e+06 719698 85.1891 221 246 165 -0.00594264 0.238894 0.971027 
2.09027e+06 719697 85.4933 221 246 165 0.0652054 0.0331372 0.997321 
2.09026e+06 719700 84.8521 221 247 167 0.000977516 0.000977516 0.999999 
2.09027e+06 719697 85.1379 221 246 165 0.141672 -0.0306013 0.989441 
2.09026e+06 719673 85.2917 222 246 166 0.0545284 -0.0438366 0.997549 
2.09027e+06 719688 85.475 222 246 165 -0.0202584 0.0757023 0.996925 
2.09027e+06 719677 85.1805 221 246 165 0.0972013 -0.0251194 0.994948 
2.09027e+06 719688 85.4775 222 246 165 0.0176678 0.0467677 0.99875 
2.09026e+06 719678 85.3096 221 246 165 0.0857611 -0.00317634 0.996311 
2.09027e+06 719689 85.3627 222 246 165 -0.042786 0.0281761 0.998687 
2.09027e+06 719678 85.2041 221 246 165 0.0963807 -0.0162439 0.995212 
2.09027e+06 719685 85.2691 222 246 166 0.093588 -0.0665264 0.993386 
2.09027e+06 719698 85.2131 221 246 165 -0.0215124 0.332809 0.942749 
2.09026e+06 719680 85.3292 221 246 165 0.0745009 -0.0356309 0.996584 
2.09026e+06 719690 84.8417 222 247 166 -0.170415 0.106663 0.979582 
2.09026e+06 719674 85.1619 222 246 166 -0.0903716 -0.0903716 0.991799 
2.09026e+06 719674 85.4005 222 246 166 -0.144344 -0.0715851 0.986935 
2.09026e+06 719674 85.4164 222 246 166 -0.0218272 -0.042615 0.998853 
2.09026e+06 719674 85.4005 222 246 166 0.082327 -0.0778159 0.993563 
2.09027e+06 719680 85.2166 221 246 165 0.0920323 -0.0476794 0.994614 
2.09026e+06 719672 84.9081 221 246 166 0.173488 -0.0705918 0.982303 
2.09026e+06 719672 84.9239 221 246 166 0.00911423 -0.0293681 0.999527 
2.09026e+06 719673 85.1364 221 246 166 0.150197 -0.0949243 0.984089 
2.09026e+06 719673 84.9588 221 246 166 0.0836964 -0.0658412 0.994314 
2.09026e+06 719680 85.121 222 246 166 -0.166249 0.0554164 0.984525 
2.09027e+06 719698 85.1912 221 246 165 0.0480732 0.247762 0.967628 
2.09027e+06 719672 85.0046 221 246 166 0.00503332 -0.0271799 0.999618 
2.09026e+06 719681 85.069 222 246 166 -0.155248 0.0548621 0.986351 
2.09027e+06 719694 85.0573 221 246 166 0.0773394 0.0116539 0.996937 
2.09026e+06 719681 85.2632 222 247 166 -0.110216 0.0624934 0.991941 
2.09027e+06 719672 84.982 221 246 166 0.0738847 -0.0267698 0.996907 
2.09027e+06 719694 84.9886 221 246 166 0.100459 0.0118823 0.99487 
2.09027e+06 719673 84.9493 221 246 166 0.0130369 -0.0130369 0.99983 
2.09026e+06 719690 85.077 222 247 166 -0.143841 0.0471799 0.988476 
2.09027e+06 719696 85.0059 221 246 166 0.0878629 -0.00105859 0.996132 
2.09027e+06 719696 84.993 221 246 166 0.0908715 0.0361296 0.995207 
2.09027e+06 719694 84.843 221 246 166 0.146744 0.0100817 0.989123 
2.09028e+06 719696 84.9119 221 246 166 0.000977516 0.000977516 0.999999 
2.09027e+06 719673 84.911 221 246 166 0.0578471 -0.0199835 0.998125 
2.09027e+06 719697 85.06 221 246 166 0.158033 -0.00336241 0.987428 
2.09026e+06 719674 85.0744 221 246 166 0.0924853 -0.083351 0.992219 
2.09026e+06 719690 85.1778 221 246 166 -0.0845134 0.0428055 0.995502 
2.09027e+06 719674 84.9876 221 246 166 0.0487087 -0.0616977 0.996906 
2.09027e+06 719674 84.9892 221 246 166 0.0345778 -0.0408647 0.998566 
2.09026e+06 719682 84.9975 222 246 166 -0.134471 0.0517195 0.989567 
2.09027e+06 719685 85.1895 222 246 166 0.0820672 -0.0138555 0.99653 
2.09026e+06 719682 85.1698 222 246 166 -0.141877 0.0519061 0.988523 
2.09026e+06 719681 85.3209 221 246 166 -0.0446916 0.0197475 0.998806 
2.09027e+06 719686 85.3851 222 246 166 0.13274 -0.0374394 0.990444 
2.09027e+06 719697 84.8536 221 246 166 0.0963282 0.103292 0.989976 
2.09027e+06 719686 85.2043 222 246 166 0.108375 -0.0413389 0.99325 
2.09026e+06 719681 85.3411 221 246 166 -0.0152519 0.0274534 0.999507 
2.09027e+06 719698 85.256 221 246 166 0.169516 0.0805501 0.98223 
2.09026e+06 719682 85.3457 221 246 166 -0.100676 -0.0119079 0.994848 
2.09027e+06 719697 84.8553 221 246 166 0.0291333 0.0010046 0.999575 
2.09027e+06 719685 85.1067 221 246 166 0.0644058 -0.0179492 0.997762 
2.09026e+06 719682 85.3315 221 246 166 -0.0152527 -0.0254212 0.99956 
2.09026e+06 719683 84.9334 221 246 166 -0.0847209 0.0160862 0.996275 
2.09027e+06 719685 85.0199 221 246 166 0.134181 -0.0493144 0.989729 
2.09026e+06 719683 85.1089 221 246 166 -0.178584 -0.00341244 0.983919 
2.09027e+06 719686 85.137 221 246 166 0.0541998 -0.0350705 0.997914 
2.09026e+06 719683 85.386 222 247 166 -0.0972803 -0.00320704 0.995252 
2.09027e+06 719688 85.3509 221 246 166 0.104515 0.00538737 0.994509 
2.09026e+06 719683 85.4088 222 246 166 -0.047726 -0.0413625 0.998004 
2.09027e+06 719688 85.2841 221 246 166 0.0866923 -0.0427975 0.995315 
2.09026e+06 719680 85.3821 222 246 165 0.0340264 0.0237154 0.999139 
2.09027e+06 719688 85.1794 221 246 166 0.0856157 -0.0270936 0.99596 
2.09026e+06 719681 85.3675 222 246 165 -0.0210163 0.00300233 0.999775 
2.09026e+06 719691 85.0251 221 246 166 -0.131579 0.0733581 0.988588 
2.09026e+06 719681 85.3763 222 246 165 0.00309168 -0.0525586 0.998613 
2.09026e+06 719691 85.1302 221 246 166 -0.108837 0.0460031 0.992995 
2.09026e+06 719682 85.3764 222 246 165 -0.0716546 -0.0628356 0.995448 
2.09026e+06 719692 84.8607 221 246 166 -0.0505018 -0.00721454 0.998698 
2.09026e+06 719682 85.5164 222 246 165 -0.00106697 -0.0949601 0.99548 
2.09027e+06 719681 85.3112 222 246 165 0.0804022 -0.0849319 0.993137 
2.09026e+06 719692 84.8925 222 247 166 -0.112825 0.01424 0.993513 
2.09027e+06 719682 85.4257 222 246 165 0.119769 -0.055892 0.991227 
2.09026e+06 719692 85.0958 221 246 166 -0.126333 0.0257137 0.991655 
2.09026e+06 719683 85.4728 222 246 165 -0.0670606 -0.0266114 0.997394 
2.09026e+06 719690 85.2803 221 246 165 -0.0741922 0.0311822 0.996756 
2.09026e+06 719690 85.3437 221 246 165 -0.0508136 -0.0114071 0.998643 
2.09026e+06 719691 85.2675 222 246 165 -0.0942308 0.0184129 0.99538 
2.09026e+06 719691 85.3665 221 246 165 -0.0771795 -0.00740077 0.99699 
2.09027e+06 719690 85.3922 222 246 165 -0.0560886 -0.03069 0.997954 
2.09027e+06 719673 84.8557 221 247 166 0.0666975 -0.0579503 0.996089 
2.09027e+06 719691 85.4375 222 246 165 -0.0760221 -0.0224854 0.996853 
2.09027e+06 719674 84.9362 221 247 166 0.0856157 -0.0270936 0.99596 
2.09026e+06 719692 85.2186 221 246 165 -0.117225 0.0346092 0.992502 
2.09026e+06 719692 85.3737 221 246 165 -0.0993642 0.025114 0.994734 
2.09027e+06 719692 85.4445 222 246 165 -0.0665083 0.0179467 0.997624 
3 172 150 175 
3 147 150 172 
3 150 179 195 
3 195 175 150 
3 172 175 201 
3 201 198 172 
3 201 195 203 
3 175 195 201 
3 195 208 212 
3 179 208 195 
3 208 228 236 
3 236 212 208 
3 195 212 242 
3 242 203 195 
3 212 236 245 
3 245 242 212 
3 257 248 258 
3 247 248 257 
3 258 259 261 
3 248 259 258 
3 228 258 264 
3 257 258 228 
3 258 261 266 
3 266 264 258 
3 236 264 268 
3 228 264 236 
3 264 266 270 
3 270 268 264 
3 236 268 272 
3 272 245 236 
3 268 270 275 
3 275 272 268 
3 198 201 280 
3 280 278 198 
3 280 203 284 
3 201 203 280 
3 278 280 291 
3 291 288 278 
3 280 284 293 
3 293 291 280 
3 288 291 305 
3 305 301 288 
3 305 293 306 
3 291 293 305 
3 308 305 322 
3 301 305 308 
3 322 306 324 
3 305 306 322 
3 8 327 3 
3 338 327 8 
3 14 338 8 
3 21 327 338 
3 21 24 327 
3 24 342 327 
3 21 338 14 
3 27 342 24 
3 345 342 27 
3 29 350 31 
3 37 350 29 
3 374 364 375 
3 360 364 374 
3 375 377 388 
3 364 377 375 
3 374 375 393 
3 393 391 374 
3 375 388 394 
3 394 393 375 
3 27 40 345 
3 40 406 345 
3 406 397 345 
3 42 44 350 
3 44 31 350 
3 44 40 31 
3 44 406 40 
3 397 406 410 
3 410 377 397 
3 47 406 44 
3 410 406 47 
3 42 350 37 
3 377 410 411 
3 411 388 377 
3 47 48 410 
3 48 414 410 
3 414 411 410 
3 394 411 417 
3 388 411 394 
3 411 414 422 
3 422 417 411 
3 49 414 48 
3 50 414 49 
3 422 414 50 
3 428 393 439 
3 391 393 428 
3 393 394 441 
3 441 439 393 
3 442 439 444 
3 428 439 442 
3 439 441 456 
3 456 444 439 
3 442 444 464 
3 464 458 442 
3 464 456 466 
3 444 456 464 
3 458 464 471 
3 471 468 458 
3 464 466 474 
3 474 471 464 
3 394 417 476 
3 476 441 394 
3 476 422 478 
3 417 422 476 
3 441 476 481 
3 481 456 441 
3 476 478 486 
3 486 481 476 
3 478 422 50 
3 50 51 478 
3 486 478 51 
3 51 53 486 
3 456 481 489 
3 489 466 456 
3 481 486 492 
3 492 489 481 
3 466 489 493 
3 493 474 466 
3 489 492 494 
3 494 493 489 
3 53 492 486 
3 53 56 492 
3 56 496 492 
3 77 496 56 
3 492 496 498 
3 498 494 492 
3 498 496 77 
3 77 80 498 
3 474 493 504 
3 504 501 474 
3 504 494 505 
3 493 494 504 
3 507 504 508 
3 501 504 507 
3 508 505 510 
3 504 505 508 
3 494 498 514 
3 514 505 494 
3 80 514 498 
3 80 82 514 
3 82 516 514 
3 510 514 518 
3 505 514 510 
3 514 516 519 
3 519 518 514 
3 521 508 522 
3 507 508 521 
3 508 510 524 
3 524 522 508 
3 521 522 529 
3 529 526 521 
3 529 524 152 
3 522 524 529 
3 510 518 532 
3 532 524 510 
3 84 518 519 
3 84 532 518 
3 84 86 532 
3 152 532 158 
3 524 532 152 
3 158 532 86 
3 86 1 158 
3 94 516 82 
3 94 519 516 
3 94 97 519 
3 97 538 519 
3 99 538 97 
3 519 538 101 
3 101 84 519 
3 101 538 99 
3 568 529 571 
3 526 529 568 
3 571 152 164 
3 529 152 571 
3 573 571 575 
3 568 571 573 
3 571 164 171 
3 171 575 571 
3 744 742 746 
3 740 742 744 
3 746 758 766 
3 742 758 746 
3 770 746 775 
3 744 746 770 
3 775 766 819 
3 746 766 775 
3 859 845 863 
3 839 845 859 
3 863 770 865 
3 845 770 863 
3 881 863 911 
3 859 863 881 
3 911 865 916 
3 863 865 911 
3 865 775 922 
3 770 775 865 
3 922 819 925 
3 775 819 922 
3 916 922 945 
3 865 922 916 
3 945 925 950 
3 922 925 945 
3 92 683 517 
3 683 523 517 
3 683 957 523 
3 147 542 564 
3 542 957 564 
3 957 451 564 
3 542 523 957 
3 110 308 135 
3 980 261 881 
3 261 259 881 
3 980 266 261 
3 988 270 980 
3 270 266 980 
3 988 275 270 
3 1001 242 245 
3 1001 284 242 
3 284 203 242 
3 1001 293 284 
3 1007 306 1001 
3 306 293 1001 
3 1007 324 306 
3 1009 272 275 
3 1009 1001 272 
3 1001 245 272 
3 1009 988 1018 
3 275 988 1009 
3 1001 1009 1022 
3 1022 1007 1001 
3 1022 1018 1038 
3 1009 1018 1022 
3 980 911 1051 
3 881 911 980 
3 911 916 1055 
3 1055 1051 911 
3 980 1051 1069 
3 1069 988 980 
3 1051 1055 1085 
3 1085 1069 1051 
3 1055 945 1088 
3 916 945 1055 
3 1088 950 1094 
3 945 950 1088 
3 1085 1088 1101 
3 1055 1088 1085 
3 1101 1094 1104 
3 1088 1094 1101 
3 988 1069 1138 
3 1138 1018 988 
3 1069 1085 1144 
3 1144 1138 1069 
3 1018 1138 1148 
3 1148 1038 1018 
3 1138 1144 748 
3 748 1148 1138 
3 1144 1101 1150 
3 1085 1101 1144 
3 1150 1104 1161 
3 1101 1104 1150 
3 748 1150 757 
3 1144 1150 748 
3 757 1161 776 
3 1150 1161 757 
3 692 322 324 
3 692 135 322 
3 135 308 322 
3 695 692 1171 
3 692 1007 1171 
3 692 324 1007 
3 700 1191 702 
3 700 1202 1191 
3 700 1171 1202 
3 700 695 1171 
3 1171 1022 1212 
3 1007 1022 1171 
3 1022 1038 1222 
3 1222 1212 1022 
3 1202 1212 1224 
3 1171 1212 1202 
3 1224 1222 828 
3 1212 1222 1224 
3 702 1191 705 
3 707 1202 1227 
3 707 705 1202 
3 705 1191 1202 
3 707 1227 708 
3 1202 1224 1230 
3 1230 1227 1202 
3 1224 828 868 
3 868 1230 1224 
3 709 708 648 
3 708 1230 648 
3 708 1227 1230 
3 652 649 868 
3 649 1230 868 
3 649 648 1230 
3 1038 1148 1235 
3 1235 1222 1038 
3 1235 748 760 
3 1148 748 1235 
3 1222 1235 857 
3 857 828 1222 
3 1235 760 808 
3 808 857 1235 
3 1698 1376 1392 
3 1719 1738 1718 
3 1741 1738 1719 
3 1719 1430 1741 
3 1430 1537 1741 
3 1719 1618 1430 
3 1740 686 1741 
3 686 685 1741 
3 685 1738 1741 
3 691 1541 79 
3 691 1740 1541 
3 1740 1741 1541 
3 1741 1537 1541 
3 1723 1746 1725 
3 1723 699 1746 
3 1723 1726 699 
3 1726 694 699 
3 1631 1746 1467 
3 1746 1550 1467 
3 1746 1749 1550 
3 1749 1551 1550 
3 1631 1725 1746 
3 1746 699 701 
3 701 1749 1746 
3 1750 1556 1558 
3 1750 1559 1556 
3 1559 1552 1556 
3 1750 1560 1559 
3 704 1555 703 
3 1555 1551 703 
3 1551 1749 703 
3 704 1558 1555 
3 1749 701 703 
3 1750 704 706 
3 1558 704 1750 
3 710 1562 709 
3 1562 1561 709 
3 710 1563 1562 
3 712 1564 710 
3 1564 1563 710 
3 712 1565 1564 
3 1727 1477 1759 
3 1477 1565 1759 
3 1727 1713 1477 
3 1727 1641 1713 
3 1729 1698 1730 
3 1729 1376 1698 
3 1729 1727 1376 
3 1727 1759 1376 
3 1759 715 1376 
3 715 1497 1376 
3 715 34 1497 
3 1759 712 724 
3 1565 712 1759 
3 1759 724 715 
3 1726 1514 694 
3 1514 41 694 
3 1726 1392 1514 
3 1726 1730 1392 
3 1730 1698 1392 
3 1977 2000 2001 
3 1977 1976 2000 
3 1976 1999 2000 
3 1978 2000 2002 
3 1978 1979 2000 
3 1979 2001 2000 
3 1981 1977 2001 
3 1981 1980 1977 
3 1981 1982 1980 
3 1982 2003 1980 
3 1981 2001 1979 
3 1983 2003 1982 
3 2004 2003 1983 
3 1984 2004 1983 
3 1978 2002 1985 
3 1986 2005 1987 
3 1988 2005 1986 
3 1987 2005 1989 
3 1989 2005 1988 
3 1990 2006 1991 
3 1993 2007 1992 
3 1994 2007 1993 
3 2008 2007 1994 
3 1995 2009 1996 
3 1997 1770 1771 
3 1997 2006 1770 
3 1997 1991 2006 
3 2010 2009 1995 
3 1995 1998 2010 
3 1998 1771 2010 
3 1771 1772 2010 
3 1998 1997 1771 
3 2015 1976 1977 
3 1979 1978 2016 
3 1982 1981 2017 
3 1977 1980 2015 
3 2018 1979 2016 
3 2018 1981 1979 
3 2018 2017 1981 
3 1983 2017 2019 
3 1982 2017 1983 
3 2017 2018 2020 
3 2020 2019 2017 
3 2022 1983 2019 
3 2022 1984 1983 
3 2022 2021 1984 
3 2022 2020 2023 
3 2019 2020 2022 
3 2025 1978 2024 
3 1978 1985 2024 
3 2025 2016 1978 
3 2025 2026 2027 
3 2024 2026 2025 
3 1987 2025 1986 
3 1987 2016 2025 
3 1987 2018 2016 
3 2028 1988 2027 
3 1988 2025 2027 
3 1988 1986 2025 
3 2029 1987 1989 
3 2029 2020 1987 
3 2020 2018 1987 
3 2030 1988 2028 
3 2030 2029 1988 
3 2029 1989 1988 
3 2020 2029 2031 
3 2031 2023 2020 
3 2031 2030 2032 
3 2029 2030 2031 
3 2033 2031 2034 
3 2023 2031 2033 
3 2034 2032 2035 
3 2031 2032 2034 
3 2033 2034 2037 
3 2037 2036 2033 
3 2037 2035 2038 
3 2034 2035 2037 
3 2035 2039 2040 
3 2032 2039 2035 
3 2039 2041 2042 
3 2042 2040 2039 
3 2038 2040 2043 
3 2035 2040 2038 
3 2043 2042 2044 
3 2040 2042 2043 
3 2042 2045 2046 
3 2041 2045 2042 
3 2046 2047 2048 
3 2045 2047 2046 
3 2011 2012 2046 
3 2012 2044 2046 
3 2044 2042 2046 
3 2013 2011 1991 
3 2011 2046 1991 
3 2046 1990 1991 
3 2046 2048 1990 
3 2049 1992 2037 
3 1992 2036 2037 
3 2049 1993 1992 
3 2049 2038 2050 
3 2037 2038 2049 
3 1993 2049 2051 
3 2051 1994 1993 
3 2049 2050 2052 
3 2052 2051 2049 
3 2050 2043 2053 
3 2038 2043 2050 
3 2053 2044 2054 
3 2043 2044 2053 
3 2050 2053 2055 
3 2055 2052 2050 
3 1996 2053 1995 
3 2053 2054 1995 
3 1996 2055 2053 
3 2012 2014 2044 
3 2014 2054 2044 
3 2014 2056 2054 
3 2014 2013 2056 
3 2013 1991 2056 
3 1991 1997 2056 
3 1995 2054 2056 
3 2056 1998 1995 
3 2056 1997 1998 
3 2158 1786 1792 
3 1801 1798 2168 
3 1809 1805 2172 
3 2179 2176 1823 
3 2176 1792 1823 
3 2176 2158 1792 
3 2179 1827 2194 
3 1823 1827 2179 
3 2207 2179 2233 
3 2176 2179 2207 
3 2179 2194 2239 
3 2239 2233 2179 
3 1847 1845 2242 
3 1842 1801 2168 
3 2253 1850 2207 
3 2253 1845 1850 
3 2253 2242 1845 
3 2256 1847 2242 
3 2256 2172 1847 
3 2172 1805 1847 
3 2256 2253 2292 
3 2242 2253 2256 
3 2207 2233 2300 
3 2300 2253 2207 
3 2233 2239 2302 
3 2302 2300 2233 
3 2292 2300 2304 
3 2253 2300 2292 
3 2304 2302 2286 
3 2300 2302 2304 
3 1853 1809 2172 
3 2320 1858 2256 
3 1858 2172 2256 
3 1858 1853 2172 
3 2256 2292 2330 
3 2330 2320 2256 
3 1859 1858 2320 
3 2335 1859 2330 
3 1859 2320 2330 
3 2335 1860 1859 
3 2330 2304 2350 
3 2292 2304 2330 
3 2304 2286 2293 
3 2293 2350 2304 
3 2330 2350 2357 
3 2357 2335 2330 
3 2357 2293 2342 
3 2350 2293 2357 
3 1863 1862 2360 
3 2362 1862 2335 
3 1862 1860 2335 
3 2362 2360 1862 
3 1864 1863 2360 
3 1865 2360 2362 
3 1864 2360 1865 
3 2335 2357 2366 
3 2366 2362 2335 
3 2366 2342 2376 
3 2357 2342 2366 
3 2301 1837 2366 
3 1837 1865 2366 
3 1865 2362 2366 
3 2301 2376 2309 
3 2366 2376 2301 
3 1869 1867 2388 
3 2388 1871 2390 
3 1867 1871 2388 
3 1874 1873 2401 
3 1871 1876 2405 
3 2405 2390 1871 
3 2422 1874 2401 
3 2422 1876 1874 
3 2422 2405 1876 
3 2063 2427 2059 
3 1879 1878 2445 
3 2071 2427 2063 
3 2448 1878 1881 
3 2445 1878 2448 
3 2059 2427 2075 
3 2489 1884 1883 
3 1883 1886 2494 
3 2494 2489 1883 
3 2079 1884 2489 
3 2079 2087 1884 
3 2087 2448 1884 
3 2448 1881 1884 
3 2071 2075 2427 
3 2079 2494 2090 
3 2489 2494 2079 
3 2092 2096 2445 
3 2096 1873 2445 
3 1873 1879 2445 
3 2096 2401 1873 
3 2106 2448 2499 
3 2106 2092 2448 
3 2092 2445 2448 
3 2096 2422 2401 
3 2096 2110 2422 
3 2110 2503 2422 
3 2110 2180 2503 
3 2110 2106 2180 
3 2106 2499 2180 
3 2499 2448 2087 
3 2087 2118 2499 
3 2064 2499 2118 
3 2180 2499 2064 
3 2127 2509 2123 
3 2123 2509 2129 
3 2127 1891 2509 
3 2127 1888 1891 
3 2127 2136 1888 
3 2139 2129 1892 
3 2129 2509 1892 
3 2509 1891 1892 
3 1892 1893 2142 
3 2142 2139 1892 
3 2144 1894 2518 
3 2144 2142 1894 
3 2142 1893 1894 
3 1886 1895 2521 
3 2521 2494 1886 
3 1895 1896 2523 
3 2523 2521 1895 
3 2494 2521 2149 
3 2149 2090 2494 
3 2149 2523 2150 
3 2521 2523 2149 
3 2151 1897 2526 
3 2151 2152 1897 
3 2152 1896 1897 
3 2152 2523 1896 
3 2151 2526 2153 
3 2150 2523 2152 
3 2144 2518 2131 
3 2531 1869 2388 
3 2531 1827 1869 
3 2531 2194 1827 
3 2531 2390 2533 
3 2388 2390 2531 
3 2194 2531 2556 
3 2556 2239 2194 
3 2531 2533 2560 
3 2560 2556 2531 
3 2390 2405 2565 
3 2565 2533 2390 
3 2565 2422 2570 
3 2405 2422 2565 
3 2560 2565 2573 
3 2533 2565 2560 
3 2565 2570 2208 
3 2208 2573 2565 
3 2239 2556 2576 
3 2576 2302 2239 
3 2576 2560 2577 
3 2556 2560 2576 
3 2286 2576 2290 
3 2302 2576 2286 
3 2576 2577 2306 
3 2306 2290 2576 
3 2560 2573 2582 
3 2582 2577 2560 
3 2582 2208 2244 
3 2573 2208 2582 
3 2306 2582 2352 
3 2577 2582 2306 
3 2352 2244 2272 
3 2582 2244 2352 
3 2422 2503 2586 
3 2586 2570 2422 
3 2586 2180 2190 
3 2503 2180 2586 
3 2570 2586 2235 
3 2235 2208 2570 
3 2586 2190 2195 
3 2195 2235 2586 
3 2147 2629 2288 
3 2629 2291 2288 
3 2629 1720 2291 
3 2629 1718 1720 
3 1720 1647 1799 
3 1799 2291 1720 
3 2641 2648 2642 
3 2647 2648 2641 
3 2647 2649 2650 
3 2650 2648 2647 
3 2642 2648 2643 
3 2644 2643 2651 
3 2643 2650 2651 
3 2643 2648 2650 
3 2651 2652 2645 
3 2645 2644 2651 
3 2645 2652 2646 
3 2012 2011 2653 
3 2653 2011 2013 
3 2014 2012 2653 
3 2653 2013 2014 
3 2654 2655 2657 
3 2657 2656 2654 
3 2655 2658 2659 
3 2659 2657 2655 
3 2656 2657 2661 
3 2661 2660 2656 
3 2657 2659 2662 
3 2662 2661 2657 
3 2659 2641 2642 
3 2658 2641 2659 
3 2663 2662 2643 
3 2662 2642 2643 
3 2662 2659 2642 
3 2663 2643 2644 
3 2664 2661 2665 
3 2660 2661 2664 
3 2665 2662 2666 
3 2661 2662 2665 
3 2667 2665 2668 
3 2664 2665 2667 
3 2665 2666 2669 
3 2669 2668 2665 
3 2662 2663 2670 
3 2670 2666 2662 
3 2670 2644 2645 
3 2663 2644 2670 
3 2666 2670 2671 
3 2671 2669 2666 
3 2672 2671 2646 
3 2671 2645 2646 
3 2671 2670 2645 
3 2070 2180 2064 
3 2190 2180 2070 
3 2084 2190 2070 
3 2195 2190 2084 
3 2208 2235 2258 
3 2258 2244 2208 
3 2258 2195 2262 
3 2235 2195 2258 
3 2244 2258 2276 
3 2276 2272 2244 
3 2276 2262 2280 
3 2258 2262 2276 
3 2293 2290 2298 
3 2286 2290 2293 
3 2290 2306 2310 
3 2310 2298 2290 
3 2342 2298 2344 
3 2293 2298 2342 
3 2344 2310 2349 
3 2298 2310 2344 
3 2306 2352 2361 
3 2361 2310 2306 
3 2361 2272 2364 
3 2352 2272 2361 
3 2349 2361 2389 
3 2310 2361 2349 
3 2361 2364 2392 
3 2392 2389 2361 
3 2376 2344 2394 
3 2342 2344 2376 
3 2344 2349 2397 
3 2397 2394 2344 
3 2376 2394 2403 
3 2403 2309 2376 
3 2403 2397 2375 
3 2394 2397 2403 
3 2349 2389 2407 
3 2407 2397 2349 
3 2389 2392 2414 
3 2414 2407 2389 
3 2375 2407 2377 
3 2397 2407 2375 
3 2407 2414 2381 
3 2381 2377 2407 
3 2272 2276 2418 
3 2418 2364 2272 
3 2276 2280 2421 
3 2421 2418 2276 
3 2392 2418 2424 
3 2364 2418 2392 
3 2418 2421 2442 
3 2442 2424 2418 
3 2421 2454 2460 
3 2280 2454 2421 
3 2460 2454 2108 
3 2108 2113 2460 
3 2421 2460 2463 
3 2463 2442 2421 
3 2463 2460 2113 
3 2113 2116 2463 
3 2392 2424 2467 
3 2467 2414 2392 
3 2424 2442 2469 
3 2469 2467 2424 
3 2381 2467 2425 
3 2414 2467 2381 
3 2425 2469 2428 
3 2467 2469 2425 
3 2469 2463 2476 
3 2442 2463 2469 
3 2121 2463 2116 
3 2476 2463 2121 
3 2428 2476 2436 
3 2469 2476 2428 
3 2061 2476 2121 
3 2436 2476 2061 
3 2505 1789 2498 
3 2505 2502 1789 
3 2502 1796 1789 
3 2505 2508 2510 
3 2498 2508 2505 
3 2502 2505 2513 
3 2513 2512 2502 
3 2505 2510 2515 
3 2515 2513 2505 
3 2510 2522 2525 
3 2508 2522 2510 
3 2525 2529 2534 
3 2522 2529 2525 
3 2510 2525 2537 
3 2537 2515 2510 
3 2525 2534 2547 
3 2547 2537 2525 
3 2534 2552 2554 
3 2529 2552 2534 
3 2554 2314 2324 
3 2552 2314 2554 
3 2547 2554 2557 
3 2534 2554 2547 
3 2554 2324 2339 
3 2339 2557 2554 
3 2132 2561 2564 
3 2132 2131 2561 
3 2131 2518 2561 
3 2561 2512 2568 
3 2568 2564 2561 
3 2132 2564 2134 
3 2145 2568 2572 
3 2145 2134 2568 
3 2134 2564 2568 
3 2568 2513 2578 
3 2512 2513 2568 
3 2578 2515 2579 
3 2513 2515 2578 
3 2568 2578 2581 
3 2581 2572 2568 
3 2578 2579 2162 
3 2162 2581 2578 
3 2145 2583 2148 
3 2572 2583 2145 
3 2583 2481 2081 
3 2081 2148 2583 
3 2583 2581 2600 
3 2572 2581 2583 
3 2581 2162 2186 
3 2186 2600 2581 
3 2481 2600 2486 
3 2583 2600 2481 
3 2486 2186 2237 
3 2600 2186 2486 
3 2579 2537 2602 
3 2515 2537 2579 
3 2537 2547 2604 
3 2604 2602 2537 
3 2579 2602 2174 
3 2174 2162 2579 
3 2174 2604 2220 
3 2602 2604 2174 
3 2604 2557 2606 
3 2547 2557 2604 
3 2606 2339 2386 
3 2557 2339 2606 
3 2604 2606 2260 
3 2260 2220 2604 
3 2606 2386 2267 
3 2267 2260 2606 
3 2678 2684 2697 
3 2697 2692 2678 
3 2710 2697 2085 
3 2697 2684 2085 
3 2684 2081 2085 
3 2716 2697 2718 
3 2692 2697 2716 
3 2697 2710 2720 
3 2720 2718 2697 
3 2710 2085 2089 
3 2720 2089 2091 
3 2710 2089 2720 
3 2716 2718 2753 
3 2753 2748 2716 
3 2753 2720 2756 
3 2718 2720 2753 
3 2748 2753 2769 
3 2769 2763 2748 
3 2753 2756 2772 
3 2772 2769 2753 
3 2756 2091 2095 
3 2720 2091 2756 
3 2774 2772 2102 
3 2772 2756 2102 
3 2756 2095 2102 
3 2774 2102 2130 
3 2778 2769 2782 
3 2763 2769 2778 
3 2769 2772 2785 
3 2785 2782 2769 
3 2778 2782 2789 
3 2789 2788 2778 
3 2789 2785 2791 
3 2782 2785 2789 
3 2772 2774 2800 
3 2800 2785 2772 
3 2807 2800 2137 
3 2800 2130 2137 
3 2800 2774 2130 
3 2791 2800 2810 
3 2785 2800 2791 
3 2800 2807 2811 
3 2811 2810 2800 
3 2649 2789 2813 
3 2788 2789 2649 
3 2789 2791 2815 
3 2815 2813 2789 
3 2816 2650 2813 
3 2650 2649 2813 
3 2816 2651 2650 
3 2813 2815 2821 
3 2821 2816 2813 
3 2815 2810 2825 
3 2791 2810 2815 
3 2825 2811 2828 
3 2810 2811 2825 
3 2815 2825 2831 
3 2831 2821 2815 
3 2831 2828 2846 
3 2825 2828 2831 
3 1718 1738 1720 
3 1647 1720 1715 
3 1720 1738 1715 
3 1738 1435 1715 
3 1738 685 1435 
3 685 723 1435 
3 723 1520 1435 
3 725 1553 1481 
3 141 1553 725 
3 1490 726 1485 
3 726 725 1485 
3 725 1481 1485 
3 1520 723 143 
3 1490 138 726 
3 1510 138 1490 
3 1776 1591 1780 
3 1636 1591 1776 
3 1782 1643 1795 
3 1640 1643 1782 
3 1647 1640 1782 
3 1782 1799 1647 
3 1643 1636 1776 
3 1776 1795 1643 
3 1630 1908 1926 
3 1926 1651 1630 
3 1806 1810 1908 
3 1810 1930 1908 
3 1930 1926 1908 
3 1654 1651 1926 
3 1934 1658 1930 
3 1658 1654 1930 
3 1654 1926 1930 
3 1813 1930 1810 
3 1813 1934 1930 
3 1813 1816 1934 
3 1816 1938 1934 
3 1821 1938 1816 
3 1660 1658 1934 
3 1662 1934 1938 
3 1660 1934 1662 
3 1821 1662 1938 
3 1821 1664 1662 
3 1821 1824 1664 
3 1824 1943 1664 
3 1666 1664 1943 
3 1826 1944 1828 
3 1945 1944 1826 
3 1826 1829 1945 
3 1832 1943 1824 
3 1947 1943 1832 
3 1832 1834 1947 
3 1834 1668 1947 
3 1834 1569 1668 
3 1669 1943 1947 
3 1666 1943 1669 
3 1947 1668 1669 
3 1834 1571 1569 
3 1834 1828 1571 
3 1828 1944 1571 
3 1571 1944 1945 
3 1945 1573 1571 
3 1949 1945 1829 
3 1829 1836 1949 
3 1836 1846 1949 
3 1846 1579 1949 
3 1846 1577 1579 
3 1772 1581 1590 
3 1772 1771 1581 
3 1771 1770 1581 
3 1591 1581 1770 
3 1770 1780 1591 
3 1590 1577 1846 
3 1846 1772 1590 
3 1573 1945 1949 
3 1949 1594 1573 
3 1949 1579 1594 
3 1371 1368 108 
3 1368 1479 108 
3 1479 106 108 
3 1388 1371 1482 
3 1371 109 1482 
3 1371 108 109 
3 1482 109 110 
3 1388 1482 1394 
3 1398 135 1486 
3 1398 1482 135 
3 1482 110 135 
3 1398 1394 1482 
3 1398 1486 1401 
3 89 1492 1495 
3 1495 137 89 
3 3 137 1495 
3 1495 1492 1412 
3 1412 1413 1495 
3 1413 3 1495 
3 1413 8 3 
3 1413 1415 8 
3 14 8 1415 
3 1415 1417 14 
3 24 21 1509 
3 1417 21 14 
3 1417 1509 21 
3 1417 1421 1509 
3 24 1509 1513 
3 1513 27 24 
3 1421 1429 1509 
3 1429 31 1509 
3 31 1513 1509 
3 1429 1516 31 
3 1516 29 31 
3 37 29 1516 
3 40 27 1513 
3 1429 1432 1516 
3 1432 42 1516 
3 1432 44 42 
3 31 40 1513 
3 1432 1434 44 
3 1434 1522 44 
3 1522 47 44 
3 42 37 1516 
3 1436 1522 1434 
3 48 47 1522 
3 1436 1437 1522 
3 1437 49 1522 
3 49 48 1522 
3 1438 49 1437 
3 50 49 1438 
3 1438 1441 50 
3 1441 1527 50 
3 1527 51 50 
3 1444 1527 1441 
3 53 1527 1529 
3 51 1527 53 
3 1529 1527 1444 
3 1444 1457 1529 
3 56 53 1529 
3 1457 77 1529 
3 77 56 1529 
3 1457 1460 77 
3 1460 1375 77 
3 1375 1487 77 
3 1487 80 77 
3 82 80 1487 
3 86 84 1500 
3 1 1500 1508 
3 86 1500 1 
3 163 160 184 
3 155 160 163 
3 160 192 213 
3 213 184 160 
3 163 184 222 
3 222 220 163 
3 222 213 227 
3 184 213 222 
3 192 232 233 
3 233 213 192 
3 233 234 237 
3 232 234 233 
3 227 233 241 
3 213 233 227 
3 233 237 243 
3 243 241 233 
3 234 251 254 
3 254 237 234 
3 251 256 260 
3 260 254 251 
3 237 254 262 
3 262 243 237 
3 254 260 267 
3 267 262 254 
3 220 222 273 
3 273 271 220 
3 273 227 290 
3 222 227 273 
3 294 273 297 
3 271 273 294 
3 273 290 320 
3 320 297 273 
3 290 241 325 
3 227 241 290 
3 241 243 331 
3 331 325 241 
3 290 325 336 
3 336 320 290 
3 336 331 347 
3 325 331 336 
3 294 297 354 
3 354 352 294 
3 354 320 384 
3 297 320 354 
3 352 354 390 
3 390 387 352 
3 354 384 392 
3 392 390 354 
3 320 336 396 
3 396 384 320 
3 396 347 399 
3 336 347 396 
3 392 396 402 
3 384 396 392 
3 396 399 408 
3 408 402 396 
3 331 262 412 
3 243 262 331 
3 412 267 419 
3 262 267 412 
3 331 412 425 
3 425 347 331 
3 425 419 430 
3 412 419 425 
3 399 425 437 
3 347 425 399 
3 437 430 440 
3 425 430 437 
3 399 437 445 
3 445 408 399 
3 445 440 447 
3 437 440 445 
3 11 452 28 
3 11 459 452 
3 11 454 459 
3 11 34 454 
3 41 482 462 
3 41 28 482 
3 28 452 482 
3 452 459 487 
3 487 482 452 
3 462 482 495 
3 495 490 462 
3 482 487 497 
3 497 495 482 
3 490 495 503 
3 503 500 490 
3 495 497 506 
3 506 503 495 
3 454 511 546 
3 546 459 454 
3 511 549 552 
3 552 546 511 
3 459 546 561 
3 561 487 459 
3 546 552 563 
3 563 561 546 
3 549 566 569 
3 569 552 549 
3 569 387 581 
3 566 387 569 
3 563 569 583 
3 552 569 563 
3 583 581 584 
3 569 581 583 
3 487 561 585 
3 585 497 487 
3 585 563 586 
3 561 563 585 
3 506 585 587 
3 497 585 506 
3 587 586 588 
3 585 586 587 
3 563 583 589 
3 589 586 563 
3 583 584 590 
3 590 589 583 
3 588 589 591 
3 586 589 588 
3 589 590 592 
3 592 591 589 
3 500 503 594 
3 594 593 500 
3 594 506 595 
3 503 506 594 
3 593 594 597 
3 597 596 593 
3 594 595 598 
3 598 597 594 
3 506 587 599 
3 599 595 506 
3 587 588 600 
3 600 599 587 
3 595 599 601 
3 601 598 595 
3 599 600 602 
3 602 601 599 
3 603 402 604 
3 392 402 603 
3 604 408 605 
3 402 408 604 
3 603 604 607 
3 607 606 603 
3 604 605 608 
3 608 607 604 
3 605 445 610 
3 408 445 605 
3 445 447 611 
3 611 610 445 
3 605 610 613 
3 613 608 605 
3 610 611 614 
3 614 613 610 
3 617 619 623 
3 623 621 617 
3 619 625 627 
3 627 623 619 
3 621 623 630 
3 630 629 621 
3 623 627 635 
3 635 630 623 
3 625 633 640 
3 640 627 625 
3 633 634 642 
3 642 640 633 
3 635 640 644 
3 627 640 635 
3 640 642 645 
3 645 644 640 
3 1722 1384 1733 
3 1384 734 1733 
3 1384 1536 734 
3 1536 65 734 
3 1722 1576 1384 
3 1733 734 683 
3 1909 1902 1773 
3 1773 1774 1909 
3 1775 1909 1774 
3 1914 1582 1909 
3 1582 1902 1909 
3 1582 1574 1902 
3 1775 1914 1909 
3 1775 1777 1914 
3 1777 1917 1914 
3 1588 1582 1914 
3 1921 1592 1917 
3 1592 1588 1917 
3 1588 1914 1917 
3 1778 1917 1777 
3 1778 1779 1917 
3 1779 1921 1917 
3 1779 1936 1921 
3 1781 1936 1779 
3 1592 1921 1956 
3 1956 1596 1592 
3 1601 1956 1959 
3 1596 1956 1601 
3 1784 1785 1936 
3 1785 1921 1936 
3 1785 1956 1921 
3 1784 1936 1781 
3 1959 1956 1785 
3 1785 1800 1959 
3 1803 1963 1807 
3 1622 1959 1967 
3 1601 1959 1622 
3 1807 1963 1811 
3 1630 1627 1908 
3 1819 1908 1967 
3 1908 1627 1967 
3 1627 1622 1967 
3 1819 1806 1908 
3 1967 1959 1800 
3 1800 1822 1967 
3 1819 1967 1822 
3 2061 2677 2686 
3 2686 2066 2061 
3 2069 2066 2686 
3 1378 1481 1373 
3 1485 1481 1378 
3 1380 1485 1378 
3 1490 1485 1380 
3 1383 1498 1385 
3 1496 1498 1383 
3 1399 1501 1403 
3 1399 1498 1501 
3 1498 1503 1501 
3 1399 1385 1498 
3 1406 1506 1408 
3 1418 1506 1406 
3 1507 1506 1418 
3 1380 1408 1490 
3 1408 1506 1490 
3 1506 1510 1490 
3 138 1507 136 
3 138 1506 1507 
3 138 1510 1506 
3 1418 1403 1507 
3 1403 1501 1507 
3 1501 1526 1507 
3 140 1501 139 
3 1501 1503 139 
3 140 1526 1501 
3 136 1507 1526 
3 1526 142 136 
3 1526 140 142 
3 1498 1515 1530 
3 1496 1515 1498 
3 144 1515 143 
3 1515 1520 143 
3 144 1530 1515 
3 146 1498 145 
3 1498 1530 145 
3 146 1503 1498 
3 1530 144 145 
3 1503 146 139 
3 1425 35 1426 
3 33 35 1425 
3 1427 57 1428 
3 52 57 1427 
3 1539 1537 1430 
3 1430 1440 1539 
3 1440 57 1539 
3 57 60 1539 
3 1440 1428 57 
3 1446 52 1427 
3 61 52 1446 
3 35 61 1446 
3 1446 1426 35 
3 73 1541 63 
3 1541 1539 63 
3 1541 1537 1539 
3 1539 60 63 
3 1541 73 79 
3 1544 98 103 
3 105 98 1544 
3 1425 103 33 
3 1425 1459 103 
3 1459 1544 103 
3 1459 1461 1544 
3 1461 105 1544 
3 1461 1547 105 
3 1547 107 105 
3 1464 1549 1465 
3 1467 1549 1464 
3 1550 1549 1467 
3 1461 113 1547 
3 1461 1465 113 
3 1465 111 113 
3 1465 1549 111 
3 1551 114 1550 
3 114 1549 1550 
3 114 111 1549 
3 115 107 1547 
3 118 117 1552 
3 121 119 1554 
3 113 115 1547 
3 1555 114 1551 
3 1555 119 114 
3 1555 1554 119 
3 1556 121 1554 
3 1556 117 121 
3 1556 1552 117 
3 1554 1555 1558 
3 1558 1556 1554 
3 123 1552 1559 
3 118 1552 123 
3 123 1559 1560 
3 1560 125 123 
3 1473 1562 1474 
3 1561 1562 1473 
3 1562 1563 1475 
3 1475 1474 1562 
3 1563 1564 1476 
3 1476 1475 1563 
3 1564 1565 1477 
3 1477 1476 1564 
3 1368 1371 1615 
3 1615 1585 1368 
3 1371 1388 1619 
3 1619 1615 1371 
3 1624 1619 1700 
3 1619 1394 1700 
3 1619 1388 1394 
3 1700 1394 1398 
3 1624 1700 1629 
3 1632 1398 1705 
3 1398 1401 1705 
3 1632 1629 1398 
3 1629 1700 1398 
3 1413 1412 1599 
3 1599 1642 1413 
3 1415 1413 1642 
3 1642 1645 1415 
3 1649 1415 1645 
3 1417 1415 1649 
3 1421 1417 1649 
3 1649 1650 1421 
3 1429 1421 1650 
3 1650 1653 1429 
3 1432 1429 1653 
3 1653 1656 1432 
3 1434 1432 1656 
3 1656 1659 1434 
3 1661 1434 1659 
3 1436 1434 1661 
3 1437 1436 1661 
3 1661 1663 1437 
3 1665 1437 1663 
3 1438 1437 1665 
3 1667 1438 1665 
3 1441 1438 1667 
3 1444 1441 1667 
3 1667 1670 1444 
3 1671 1444 1670 
3 1457 1444 1671 
3 1671 1574 1457 
3 1574 1695 1457 
3 1695 1460 1457 
3 1375 1460 1695 
3 1786 1900 1792 
3 1567 1566 1904 
3 1798 1801 1570 
3 1801 1911 1570 
3 1911 1572 1570 
3 1805 1809 1911 
3 1809 1572 1911 
3 1809 1575 1572 
3 1823 1900 1587 
3 1900 1584 1587 
3 1823 1792 1900 
3 1827 1567 1904 
3 1827 1823 1567 
3 1823 1587 1567 
3 1845 1842 1918 
3 1845 1801 1842 
3 1845 1847 1801 
3 1847 1911 1801 
3 1845 1918 1850 
3 1805 1911 1847 
3 1809 1589 1575 
3 1809 1925 1589 
3 1809 1853 1925 
3 1593 1589 1925 
3 1858 1925 1853 
3 1858 1593 1925 
3 1858 1859 1593 
3 1859 1931 1593 
3 1931 1595 1593 
3 1860 1931 1859 
3 1862 1595 1931 
3 1862 1597 1595 
3 1862 1863 1597 
3 1862 1931 1860 
3 1863 1864 1597 
3 1864 1935 1597 
3 1935 1599 1597 
3 1937 1935 1864 
3 1864 1865 1937 
3 1837 1937 1865 
3 1675 1674 1946 
3 1867 1869 1602 
3 1869 1904 1602 
3 1904 1566 1602 
3 1602 1603 1871 
3 1871 1867 1602 
3 1677 1676 1948 
3 1873 1874 1946 
3 1874 1948 1946 
3 1948 1676 1946 
3 1676 1675 1946 
3 1876 1603 1948 
3 1603 1677 1948 
3 1876 1871 1603 
3 1876 1948 1874 
3 1679 1678 1953 
3 1878 1946 1680 
3 1946 1674 1680 
3 1878 1879 1946 
3 1881 1878 1953 
3 1878 1679 1953 
3 1878 1680 1679 
3 1883 1953 1681 
3 1953 1678 1681 
3 1883 1884 1953 
3 1681 1682 1886 
3 1886 1883 1681 
3 1881 1953 1884 
3 1873 1946 1879 
3 1888 1607 1891 
3 1606 1607 1888 
3 1891 1608 1892 
3 1607 1608 1891 
3 1610 1609 1958 
3 1608 1612 1893 
3 1893 1892 1608 
3 1894 1893 1958 
3 1893 1610 1958 
3 1893 1612 1610 
3 1886 1683 1895 
3 1682 1683 1886 
3 1896 1895 1965 
3 1895 1684 1965 
3 1895 1683 1684 
3 1896 1965 1897 
3 1827 1904 1869 
3 2159 2163 2171 
3 2171 2169 2159 
3 2171 2175 2178 
3 2163 2175 2171 
3 2169 2171 2187 
3 2187 2185 2169 
3 2171 2178 2191 
3 2191 2187 2171 
3 2021 2178 1984 
3 2178 2004 1984 
3 2178 2175 2004 
3 2175 2003 2004 
3 2191 2021 2197 
3 2178 2021 2191 
3 2036 2197 2033 
3 2197 2022 2033 
3 2022 2023 2033 
3 2197 2021 2022 
3 2203 2201 2212 
3 2200 2201 2203 
3 2212 2201 2072 
3 2072 2077 2212 
3 2203 2212 2219 
3 2219 2217 2203 
3 2077 2219 2212 
3 2077 2088 2219 
3 2088 2221 2219 
3 2094 2221 2088 
3 2230 2219 2234 
3 2217 2219 2230 
3 2234 2221 2238 
3 2219 2221 2234 
3 2246 2234 2250 
3 2230 2234 2246 
3 2234 2238 2251 
3 2251 2250 2234 
3 2094 2097 2221 
3 2097 2238 2221 
3 2097 2254 2238 
3 2099 2254 2097 
3 2251 2254 2257 
3 2238 2254 2251 
3 2099 2257 2254 
3 2099 2259 2257 
3 2099 2101 2259 
3 2128 2259 2101 
3 2269 2259 2128 
3 2133 2269 2128 
3 2026 2024 2250 
3 2024 2246 2250 
3 2024 1985 2246 
3 1985 2002 2246 
3 2250 2251 2273 
3 2273 2026 2250 
3 2275 2027 2273 
3 2027 2026 2273 
3 2275 2028 2027 
3 2273 2257 2281 
3 2251 2257 2273 
3 2281 2259 2283 
3 2257 2259 2281 
3 2138 2273 2281 
3 2138 2140 2273 
3 2140 2275 2273 
3 2143 2138 2284 
3 2138 2283 2284 
3 2138 2281 2283 
3 2041 2039 2275 
3 2039 2030 2275 
3 2030 2028 2275 
3 2039 2032 2030 
3 2140 2045 2275 
3 2045 2041 2275 
3 2140 2146 2045 
3 2146 2047 2045 
3 2146 2284 2047 
3 2284 2285 2047 
3 2146 2143 2284 
3 1780 2048 1776 
3 2048 2285 1776 
3 2048 2047 2285 
3 1780 1990 2048 
3 1780 2006 1990 
3 2259 2269 2287 
3 2287 2283 2259 
3 2133 2287 2269 
3 2133 2147 2287 
3 2147 2288 2287 
3 2284 2287 2289 
3 2283 2287 2284 
3 2287 2288 2291 
3 2291 2289 2287 
3 1795 2284 1782 
3 2284 2289 1782 
3 1795 2285 2284 
3 1782 2289 2291 
3 2291 1799 1782 
3 2285 1795 1776 
3 1810 1806 2294 
3 2297 1813 2296 
3 1813 1810 2296 
3 1810 2294 2296 
3 2296 2185 2299 
3 2299 2297 2296 
3 1816 1813 2297 
3 2308 1821 2299 
3 1821 2297 2299 
3 1821 1816 2297 
3 1824 1821 2308 
3 2299 2187 2337 
3 2185 2187 2299 
3 2337 2191 2340 
3 2187 2191 2337 
3 2308 2337 2343 
3 2299 2337 2308 
3 2337 2340 2355 
3 2355 2343 2337 
3 2191 2197 2358 
3 2358 2340 2191 
3 2008 2358 2007 
3 2358 2197 2007 
3 2197 1992 2007 
3 2197 2036 1992 
3 1828 2340 1826 
3 2340 2358 1826 
3 1828 2355 2340 
3 1829 2358 2008 
3 1826 2358 1829 
3 1832 2308 2343 
3 1824 2308 1832 
3 1832 2343 2355 
3 2355 1834 1832 
3 2355 1828 1834 
3 2052 1836 2051 
3 1836 1994 2051 
3 1836 1829 1994 
3 1829 2008 1994 
3 2009 1846 1996 
3 1846 2055 1996 
3 1846 1836 2055 
3 1836 2052 2055 
3 2006 1780 1770 
3 2009 1772 1846 
3 2010 1772 2009 
3 2063 2059 2688 
3 2071 2063 2688 
3 2688 2059 2075 
3 2087 2079 2698 
3 2075 2071 2688 
3 2698 2090 2701 
3 2079 2090 2698 
3 2096 2092 2726 
3 2726 2092 2106 
3 2110 2096 2726 
3 2726 2106 2110 
3 2118 2698 2731 
3 2087 2698 2118 
3 2698 2701 2737 
3 2737 2731 2698 
3 2064 2731 2676 
3 2118 2731 2064 
3 2731 2737 2681 
3 2681 2676 2731 
3 2127 2123 2740 
3 2740 2123 2129 
3 2758 2127 2740 
3 2758 2136 2127 
3 2758 2744 2136 
3 2777 2758 2139 
3 2758 2740 2139 
3 2740 2129 2139 
3 2777 2142 2794 
3 2139 2142 2777 
3 2794 2142 2144 
3 2701 2149 2797 
3 2090 2149 2701 
3 2797 2150 2812 
3 2149 2150 2797 
3 2152 2151 2818 
3 2823 2153 2744 
3 2823 2151 2153 
3 2823 2818 2151 
3 2845 2152 2818 
3 2845 2812 2152 
3 2812 2150 2152 
3 2818 2823 2868 
3 2868 2845 2818 
3 2701 2797 2879 
3 2879 2737 2701 
3 2797 2812 2880 
3 2880 2879 2797 
3 2737 2879 2705 
3 2705 2681 2737 
3 2879 2880 2723 
3 2723 2705 2879 
3 2812 2845 2881 
3 2881 2880 2812 
3 2845 2868 2882 
3 2882 2881 2845 
3 2723 2881 2739 
3 2880 2881 2723 
3 2739 2882 2764 
3 2881 2882 2739 
3 2823 2758 2884 
3 2744 2758 2823 
3 2758 2777 2885 
3 2885 2884 2758 
3 2823 2884 2886 
3 2886 2868 2823 
3 2886 2885 2887 
3 2884 2885 2886 
3 2777 2794 2890 
3 2890 2885 2777 
3 2894 2890 2131 
3 2890 2144 2131 
3 2890 2794 2144 
3 2885 2890 2896 
3 2896 2887 2885 
3 2896 2894 2902 
3 2890 2894 2896 
3 2904 2896 2906 
3 2887 2896 2904 
3 2896 2902 2907 
3 2907 2906 2896 
3 2833 2906 2838 
3 2904 2906 2833 
3 2838 2907 2678 
3 2906 2907 2838 
3 1571 1687 1569 
3 1689 1687 1571 
3 1573 1689 1571 
3 1690 1689 1573 
3 1373 1687 1689 
3 1689 1378 1373 
3 1378 1689 1690 
3 1690 1380 1378 
3 1577 1693 1579 
3 1581 1694 1590 
3 1581 1383 1694 
3 1383 1385 1694 
3 1581 1591 1383 
3 1577 1403 1693 
3 1577 1694 1403 
3 1694 1399 1403 
3 1577 1590 1694 
3 1694 1385 1399 
3 1573 1408 1690 
3 1573 1406 1408 
3 1573 1594 1406 
3 1594 1579 1406 
3 1579 1693 1406 
3 1693 1418 1406 
3 1690 1408 1380 
3 1693 1403 1418 
3 1598 1426 1600 
3 1425 1426 1598 
3 1614 1699 1616 
3 1614 1617 1699 
3 1617 1428 1699 
3 1617 1427 1428 
3 1618 1699 1430 
3 1699 1440 1430 
3 1618 1616 1699 
3 1699 1428 1440 
3 1621 1427 1617 
3 1446 1427 1621 
3 1426 1446 1621 
3 1621 1600 1426 
3 1623 1701 1625 
3 1626 1425 1598 
3 1459 1425 1626 
3 1626 1625 1459 
3 1625 1701 1459 
3 1701 1461 1459 
3 1623 1628 1701 
3 1628 1465 1701 
3 1628 1464 1465 
3 1631 1464 1628 
3 1467 1464 1631 
3 1701 1465 1461 
3 1633 1708 1635 
3 1706 1708 1633 
3 1708 1473 1474 
3 1706 1473 1708 
3 1635 1710 1637 
3 1708 1710 1635 
3 1710 1474 1475 
3 1708 1474 1710 
3 1637 1712 1639 
3 1710 1712 1637 
3 1710 1475 1476 
3 1476 1712 1710 
3 1639 1713 1641 
3 1712 1713 1639 
3 1713 1476 1477 
3 1712 1476 1713 
3 1905 1912 1802 
3 1802 1794 1905 
3 1802 1912 1808 
3 1817 1913 1830 
3 1817 1598 1913 
3 1598 1600 1913 
3 1817 1838 1598 
3 2162 2174 2192 
3 2192 2186 2162 
3 2192 2220 2228 
3 2174 2220 2192 
3 2237 2192 2252 
3 2186 2192 2237 
3 2192 2228 2255 
3 2255 2252 2192 
3 2220 2260 2265 
3 2265 2228 2220 
3 2265 2267 2274 
3 2260 2267 2265 
3 2228 2265 2278 
3 2278 2255 2228 
3 2278 2274 2282 
3 2265 2274 2278 
3 2314 2322 2326 
3 2326 2324 2314 
3 2326 2329 2334 
3 2322 2329 2326 
3 2339 2326 2348 
3 2324 2326 2339 
3 2326 2334 2365 
3 2365 2348 2326 
3 2339 2348 2393 
3 2393 2386 2339 
3 2348 2365 2395 
3 2395 2393 2348 
3 2267 2393 2398 
3 2386 2393 2267 
3 2398 2395 2402 
3 2393 2395 2398 
3 2404 2395 1804 
3 2395 2365 1804 
3 2365 1797 1804 
3 2404 1804 1815 
3 2395 2404 2411 
3 2411 2402 2395 
3 2416 2411 1818 
3 2411 1815 1818 
3 2411 2404 1815 
3 2274 2398 2419 
3 2267 2398 2274 
3 2419 2402 2440 
3 2398 2402 2419 
3 2282 2419 2446 
3 2274 2419 2282 
3 2419 2440 2449 
3 2449 2446 2419 
3 2402 2411 2451 
3 2451 2440 2402 
3 2451 2416 2452 
3 2411 2416 2451 
3 2449 2451 2468 
3 2440 2451 2449 
3 2451 2452 2474 
3 2474 2468 2451 
3 2416 1818 1825 
3 2452 1825 1839 
3 2416 1825 2452 
3 2474 1839 1844 
3 2452 1839 2474 
3 2081 2481 2085 
3 2089 2486 2500 
3 2089 2085 2486 
3 2085 2481 2486 
3 2486 2237 2507 
3 2507 2500 2486 
3 2089 2520 2091 
3 2500 2520 2089 
3 2520 2507 2524 
3 2500 2507 2520 
3 2520 2528 2095 
3 2095 2091 2520 
3 2520 2524 2532 
3 2532 2528 2520 
3 2095 2528 2102 
3 2130 2532 2536 
3 2130 2102 2532 
3 2102 2528 2532 
3 2237 2252 2542 
3 2542 2507 2237 
3 2252 2255 2544 
3 2544 2542 2252 
3 2507 2542 2546 
3 2546 2524 2507 
3 2546 2544 2549 
3 2542 2544 2546 
3 2255 2278 2553 
3 2553 2544 2255 
3 2553 2282 2562 
3 2278 2282 2553 
3 2549 2553 2567 
3 2544 2553 2549 
3 2553 2562 2569 
3 2569 2567 2553 
3 2532 2546 2571 
3 2524 2546 2532 
3 2571 2549 2584 
3 2546 2549 2571 
3 2536 2571 2587 
3 2532 2571 2536 
3 2571 2584 2589 
3 2589 2587 2571 
3 2130 2536 2137 
3 2589 2592 2595 
3 2595 2594 2589 
3 2592 2597 2599 
3 2599 2595 2592 
3 2601 2595 2603 
3 2594 2595 2601 
3 2595 2599 2154 
3 2154 2603 2595 
3 2601 2603 2607 
3 2607 2605 2601 
3 2607 2154 2156 
3 2603 2154 2607 
3 2605 2607 2166 
3 2166 2161 2605 
3 2607 2156 2173 
3 2173 2166 2607 
3 2562 2446 2608 
3 2282 2446 2562 
3 2446 2449 2609 
3 2609 2608 2446 
3 2562 2608 2610 
3 2610 2569 2562 
3 2608 2609 2611 
3 2611 2610 2608 
3 2449 2468 2612 
3 2612 2609 2449 
3 2612 2474 2613 
3 2468 2474 2612 
3 2609 2612 2614 
3 2614 2611 2609 
3 2614 2613 2615 
3 2612 2613 2614 
3 2616 2610 2617 
3 2569 2610 2616 
3 2610 2611 2618 
3 2618 2617 2610 
3 2616 2617 2619 
3 2619 2597 2616 
3 2619 2618 2620 
3 2617 2618 2619 
3 2611 2614 2621 
3 2621 2618 2611 
3 2614 2615 2622 
3 2622 2621 2614 
3 2620 2621 2623 
3 2618 2621 2620 
3 2621 2622 2223 
3 2223 2623 2621 
3 2613 1844 1849 
3 2474 1844 2613 
3 2624 2615 1851 
3 2615 2613 1851 
3 2613 1849 1851 
3 2624 1851 1855 
3 2622 2624 2625 
3 2615 2624 2622 
3 2625 1855 1857 
3 2624 1855 2625 
3 2622 2625 2224 
3 2224 2223 2622 
3 2224 1857 1783 
3 2625 1857 2224 
3 2597 2619 2626 
3 2626 2599 2597 
3 2619 2620 2627 
3 2627 2626 2619 
3 2599 2626 2155 
3 2155 2154 2599 
3 2155 2627 2164 
3 2626 2627 2155 
3 2620 2623 2628 
3 2628 2627 2620 
3 2623 2223 2225 
3 2225 2628 2623 
3 2164 2628 2202 
3 2627 2628 2164 
3 2628 2225 2209 
3 2209 2202 2628 
3 2861 2775 2839 
3 2775 2768 2839 
3 2768 2764 2839 
3 2764 2833 2839 
3 2877 2929 2872 
3 2929 2790 2872 
3 2790 2861 2872 
3 2790 2775 2861 
3 2929 2827 2790 
3 767 745 771 
3 735 745 767 
3 771 774 781 
3 745 774 771 
3 785 771 803 
3 767 771 785 
3 803 781 804 
3 771 781 803 
3 781 818 825 
3 774 818 781 
3 825 827 842 
3 818 827 825 
3 804 825 847 
3 781 825 804 
3 847 842 849 
3 825 842 847 
3 866 803 876 
3 785 803 866 
3 876 804 882 
3 803 804 876 
3 884 876 887 
3 866 876 884 
3 887 882 892 
3 876 882 887 
3 882 847 894 
3 804 847 882 
3 894 849 899 
3 847 849 894 
3 892 894 904 
3 882 894 892 
3 904 899 906 
3 894 899 904 
3 842 912 914 
3 827 912 842 
3 914 920 927 
3 912 920 914 
3 849 914 931 
3 842 914 849 
3 931 927 952 
3 914 927 931 
3 927 965 989 
3 920 965 927 
3 989 996 1002 
3 965 996 989 
3 952 989 1004 
3 927 989 952 
3 1004 1002 1010 
3 989 1002 1004 
3 899 931 1040 
3 849 931 899 
3 1040 952 1043 
3 931 952 1040 
3 906 1040 1045 
3 899 1040 906 
3 1045 1043 1046 
3 1040 1043 1045 
3 1043 1004 1060 
3 952 1004 1043 
3 1060 1010 1071 
3 1004 1010 1060 
3 1046 1060 1073 
3 1043 1060 1046 
3 1073 1071 1075 
3 1060 1071 1073 
3 1082 887 1084 
3 884 887 1082 
3 1084 892 1087 
3 887 892 1084 
3 1099 1084 1107 
3 1082 1084 1099 
3 1107 1087 1110 
3 1084 1087 1107 
3 1087 904 1115 
3 892 904 1087 
3 1115 906 1118 
3 904 906 1115 
3 1110 1115 1120 
3 1087 1115 1110 
3 1120 1118 1133 
3 1115 1118 1120 
3 1134 1107 1143 
3 1099 1107 1134 
3 1143 1110 1154 
3 1107 1110 1143 
3 747 1143 751 
3 1134 1143 747 
3 751 1154 772 
3 1143 1154 751 
3 1154 1120 1159 
3 1110 1120 1154 
3 1159 1133 1160 
3 1120 1133 1159 
3 772 1159 799 
3 1154 1159 772 
3 799 1160 801 
3 1159 1160 799 
3 1118 1045 1170 
3 906 1045 1118 
3 1170 1046 1174 
3 1045 1046 1170 
3 1133 1170 1185 
3 1118 1170 1133 
3 1185 1174 1204 
3 1170 1174 1185 
3 1174 1073 1215 
3 1046 1073 1174 
3 1215 1075 1226 
3 1073 1075 1215 
3 1204 1215 1232 
3 1174 1215 1204 
3 1232 1226 1234 
3 1215 1226 1232 
3 1160 1185 1236 
3 1133 1185 1160 
3 1185 1204 1239 
3 1239 1236 1185 
3 1160 1236 991 
3 991 801 1160 
3 1236 1239 1013 
3 1013 991 1236 
3 1204 1232 1242 
3 1242 1239 1204 
3 1232 1234 1253 
3 1253 1242 1232 
3 1239 1242 1058 
3 1058 1013 1239 
3 1242 1253 1066 
3 1066 1058 1242 
3 1002 1257 1258 
3 996 1257 1002 
3 1258 1260 1261 
3 1257 1260 1258 
3 1010 1258 1263 
3 1002 1258 1010 
3 1263 1261 1265 
3 1258 1261 1263 
3 1260 1267 1269 
3 1269 1261 1260 
3 1267 1275 1278 
3 1278 1269 1267 
3 1261 1269 1280 
3 1280 1265 1261 
3 1269 1278 1282 
3 1282 1280 1269 
3 1071 1263 1285 
3 1010 1263 1071 
3 1285 1265 1287 
3 1263 1265 1285 
3 1075 1285 1289 
3 1071 1285 1075 
3 1289 1287 1291 
3 1285 1287 1289 
3 1287 1280 1293 
3 1265 1280 1287 
3 1280 1282 1295 
3 1295 1293 1280 
3 1291 1293 1297 
3 1287 1293 1291 
3 1297 1295 1300 
3 1293 1295 1297 
3 1275 1306 1308 
3 1308 1278 1275 
3 1306 1310 1313 
3 1313 1308 1306 
3 1278 1308 1315 
3 1315 1282 1278 
3 1308 1313 1317 
3 1317 1315 1308 
3 1310 1319 1321 
3 1321 1313 1310 
3 1319 743 752 
3 752 1321 1319 
3 1313 1321 1325 
3 1325 1317 1313 
3 1321 752 779 
3 779 1325 1321 
3 1282 1315 1327 
3 1327 1295 1282 
3 1315 1317 1329 
3 1329 1327 1315 
3 1295 1327 1331 
3 1331 1300 1295 
3 1327 1329 736 
3 736 1331 1327 
3 1317 1325 1335 
3 1335 1329 1317 
3 1335 779 834 
3 1325 779 1335 
3 736 1335 737 
3 1329 1335 736 
3 737 834 739 
3 1335 834 737 
3 1226 1289 1339 
3 1075 1289 1226 
3 674 1289 1291 
3 674 675 1289 
3 675 1339 1289 
3 1234 1339 1342 
3 1226 1339 1234 
3 676 1339 675 
3 1342 1339 676 
3 674 1297 677 
3 1291 1297 674 
3 677 1300 678 
3 1297 1300 677 
3 1234 1342 1345 
3 1345 1253 1234 
3 679 1342 676 
3 1345 1342 679 
3 1253 1345 1190 
3 1190 1066 1253 
3 679 1190 1345 
3 679 680 1190 
3 680 1214 1190 
3 682 1214 680 
3 684 741 687 
3 1300 1331 688 
3 688 678 1300 
3 1331 736 681 
3 681 688 1331 
3 1899 1903 1788 
3 1788 1783 1899 
3 1788 1903 1790 
3 1899 1907 1910 
3 1910 1903 1899 
3 1915 1907 1673 
3 1907 1672 1673 
3 1915 1910 1907 
3 1793 1910 1920 
3 1793 1790 1910 
3 1790 1903 1910 
3 1910 1915 1922 
3 1922 1920 1910 
3 1920 1927 1814 
3 1814 1793 1920 
3 1920 1922 1933 
3 1933 1927 1920 
3 1814 1927 1820 
3 1794 1933 1905 
3 1794 1820 1933 
3 1820 1927 1933 
3 1642 1935 1939 
3 1599 1935 1642 
3 1935 1937 1941 
3 1941 1939 1935 
3 1645 1642 1939 
3 1833 1939 1941 
3 1833 1835 1939 
3 1835 1649 1939 
3 1649 1645 1939 
3 1841 1937 1837 
3 1941 1937 1841 
3 1833 1941 1841 
3 1843 1649 1835 
3 1650 1649 1843 
3 1843 1848 1650 
3 1848 1653 1650 
3 1848 1961 1653 
3 1852 1961 1848 
3 1653 1961 1973 
3 1973 1656 1653 
3 1659 1656 1973 
3 1856 1961 1852 
3 1973 1961 1856 
3 1856 1659 1973 
3 1856 1868 1659 
3 1868 1661 1659 
3 1868 1974 1661 
3 1870 1974 1868 
3 1872 1663 1974 
3 1663 1661 1974 
3 1872 1877 1663 
3 1872 1974 1870 
3 1877 1880 1663 
3 1880 1975 1663 
3 1975 1665 1663 
3 1882 1975 1880 
3 1667 1665 1975 
3 1882 1885 1975 
3 1885 1667 1975 
3 1885 1670 1667 
3 1885 1902 1670 
3 1902 1671 1670 
3 1885 1773 1902 
3 1574 1671 1902 
3 1887 1963 1803 
3 1811 1963 1887 
3 2154 2155 2157 
3 2157 2156 2154 
3 2157 2164 2167 
3 2155 2164 2157 
3 2173 2157 2182 
3 2156 2157 2173 
3 2157 2167 2193 
3 2193 2182 2157 
3 2167 2202 2204 
3 2164 2202 2167 
3 2202 2209 2211 
3 2211 2204 2202 
3 2167 2204 2214 
3 2214 2193 2167 
3 2214 2211 2216 
3 2204 2211 2214 
3 2225 2224 2227 
3 2223 2224 2225 
3 2227 1783 1788 
3 2224 1783 2227 
3 2209 2227 2243 
3 2225 2227 2209 
3 2247 2243 1790 
3 2243 2227 1790 
3 2227 1788 1790 
3 2247 1790 1793 
3 2209 2243 2249 
3 2249 2211 2209 
3 2249 2247 2263 
3 2243 2247 2249 
3 2216 2249 2268 
3 2211 2249 2216 
3 2249 2263 2270 
3 2270 2268 2249 
3 2263 1793 1814 
3 2247 1793 2263 
3 2277 2270 1820 
3 2270 2263 1820 
3 2263 1814 1820 
3 2277 1820 1794 
3 1835 1833 2295 
3 1841 2301 2303 
3 1837 2301 1841 
3 2301 2309 2313 
3 2313 2303 2301 
3 2315 1841 2303 
3 2315 2295 1841 
3 2295 1833 1841 
3 2303 2313 2318 
3 2318 2315 2303 
3 1835 2295 2321 
3 2321 1843 1835 
3 1848 1843 2321 
3 2321 2315 2323 
3 2295 2315 2321 
3 2323 2318 2325 
3 2315 2318 2323 
3 2327 1848 2323 
3 1848 2321 2323 
3 2327 1852 1848 
3 2327 2325 2331 
3 2323 2325 2327 
3 1852 2327 2333 
3 2333 1856 1852 
3 2333 2331 2336 
3 2327 2331 2333 
3 1868 1856 2333 
3 2347 1870 2336 
3 1870 1868 2336 
3 1868 2333 2336 
3 1877 1872 2351 
3 2354 1870 2347 
3 2354 1872 1870 
3 2354 2351 1872 
3 1880 1877 2351 
3 2356 1882 2354 
3 1882 1880 2354 
3 1880 2351 2354 
3 1882 2356 2369 
3 2369 1885 1882 
3 1773 1885 2369 
3 1887 1803 2373 
3 1811 1887 2373 
3 2375 2377 2380 
3 2380 2379 2375 
3 2377 2381 2382 
3 2382 2380 2377 
3 2383 2380 2385 
3 2379 2380 2383 
3 2380 2382 2387 
3 2387 2385 2380 
3 2383 2385 2399 
3 2399 2396 2383 
3 2399 2387 2408 
3 2385 2387 2399 
3 2417 2399 2420 
3 2396 2399 2417 
3 2420 2408 2423 
3 2399 2408 2420 
3 2381 2425 2426 
3 2426 2382 2381 
3 2426 2428 2430 
3 2425 2428 2426 
3 2382 2426 2432 
3 2432 2387 2382 
3 2426 2430 2434 
3 2434 2432 2426 
3 2428 2436 2439 
3 2439 2430 2428 
3 2439 2436 2061 
3 2061 2066 2439 
3 2434 2439 2444 
3 2430 2439 2434 
3 2066 2069 2439 
3 2069 2444 2439 
3 2069 2328 2444 
3 2408 2432 2450 
3 2387 2432 2408 
3 2432 2434 2453 
3 2453 2450 2432 
3 2423 2450 2455 
3 2408 2450 2423 
3 2455 2453 2456 
3 2450 2453 2455 
3 2434 2444 2457 
3 2457 2453 2434 
3 2457 2328 2341 
3 2444 2328 2457 
3 2453 2457 2458 
3 2458 2456 2453 
3 2457 2341 2359 
3 2359 2458 2457 
3 2331 2459 2461 
3 2461 2336 2331 
3 2461 2417 2462 
3 2459 2417 2461 
3 2336 2461 2464 
3 2464 2347 2336 
3 2461 2462 2471 
3 2471 2464 2461 
3 2462 2420 2473 
3 2417 2420 2462 
3 2473 2423 2475 
3 2420 2423 2473 
3 2471 2473 2477 
3 2462 2473 2471 
3 2477 2475 2181 
3 2473 2475 2477 
3 2354 2464 2480 
3 2347 2464 2354 
3 2480 2471 2482 
3 2464 2471 2480 
3 2356 2480 2466 
3 2354 2480 2356 
3 2480 2482 2483 
3 2483 2466 2480 
3 2471 2477 2484 
3 2484 2482 2471 
3 2484 2181 2196 
3 2477 2181 2484 
3 2482 2484 2487 
3 2487 2483 2482 
3 2484 2196 2261 
3 2261 2487 2484 
3 2423 2455 2491 
3 2491 2475 2423 
3 2455 2456 2492 
3 2492 2491 2455 
3 2475 2491 2188 
3 2188 2181 2475 
3 2491 2492 2213 
3 2213 2188 2491 
3 2492 2458 2495 
3 2456 2458 2492 
3 2495 2359 2412 
3 2458 2359 2495 
3 2492 2495 2307 
3 2307 2213 2492 
3 2307 2412 2316 
3 2495 2412 2307 
3 2811 2137 2630 
3 2807 2137 2811 
3 2631 2846 2630 
3 2846 2811 2630 
3 2846 2828 2811 
3 748 757 762 
3 762 760 748 
3 762 776 796 
3 757 776 762 
3 760 762 811 
3 811 808 760 
3 811 796 814 
3 762 796 811 
3 828 857 870 
3 870 868 828 
3 857 808 888 
3 888 870 857 
3 668 666 870 
3 666 868 870 
3 666 652 868 
3 672 670 888 
3 670 870 888 
3 670 668 870 
3 808 811 896 
3 896 888 808 
3 811 814 898 
3 898 896 811 
3 888 896 908 
3 908 672 888 
3 896 898 924 
3 924 908 896 
3 944 936 969 
3 932 936 944 
3 969 978 983 
3 936 978 969 
3 1006 969 1025 
3 944 969 1006 
3 1025 983 1026 
3 969 983 1025 
3 983 1027 1028 
3 978 1027 983 
3 1027 465 1029 
3 1029 1028 1027 
3 1026 1028 1030 
3 983 1028 1026 
3 1030 1029 1031 
3 1028 1029 1030 
3 1006 1025 1041 
3 1041 1033 1006 
3 1025 1026 1047 
3 1047 1041 1025 
3 1033 1041 1090 
3 1090 1059 1033 
3 1041 1047 1092 
3 1092 1090 1041 
3 1047 1030 1095 
3 1026 1030 1047 
3 1095 1031 1097 
3 1030 1031 1095 
3 1047 1095 1121 
3 1121 1092 1047 
3 1121 1097 1128 
3 1095 1097 1121 
3 1131 472 475 
3 1131 1029 472 
3 1029 465 472 
3 137 491 89 
3 137 1131 491 
3 1131 475 491 
3 137 327 1131 
3 137 3 327 
3 1031 1131 1140 
3 1029 1131 1031 
3 345 1140 342 
3 1140 1131 342 
3 1131 327 342 
3 1097 1140 360 
3 1031 1140 1097 
3 377 364 397 
3 364 1140 397 
3 1140 345 397 
3 364 360 1140 
3 391 1128 374 
3 1128 1097 374 
3 1097 360 374 
3 1059 1090 1163 
3 1163 1153 1059 
3 1090 1092 1166 
3 1166 1163 1090 
3 1153 1163 1176 
3 1176 1169 1153 
3 1176 1166 1178 
3 1163 1166 1176 
3 1166 1121 1181 
3 1092 1121 1166 
3 1181 1128 1184 
3 1121 1128 1181 
3 1178 1181 1189 
3 1166 1181 1178 
3 1189 1184 1193 
3 1181 1184 1189 
3 1169 1176 1198 
3 1198 1195 1169 
3 1176 1178 1203 
3 1203 1198 1176 
3 1195 1198 768 
3 768 761 1195 
3 1198 1203 787 
3 787 768 1198 
3 1203 1189 1207 
3 1178 1189 1203 
3 1189 1193 1211 
3 1211 1207 1189 
3 1203 1207 890 
3 890 787 1203 
3 890 1211 893 
3 1207 1211 890 
3 442 1184 428 
3 1184 1128 428 
3 1128 391 428 
3 468 1193 458 
3 1193 1184 458 
3 1184 442 458 
3 1211 468 1216 
3 1193 468 1211 
3 507 1216 501 
3 1216 471 501 
3 471 474 501 
3 1216 468 471 
3 893 1216 973 
3 1211 1216 893 
3 526 973 521 
3 973 1216 521 
3 1216 507 521 
3 2673 2674 2679 
3 2679 2675 2673 
3 2679 2057 2058 
3 2674 2057 2679 
3 2682 2679 2683 
3 2675 2679 2682 
3 2694 2683 2060 
3 2683 2058 2060 
3 2683 2679 2058 
3 2694 2060 2062 
3 2704 2703 2706 
3 2699 2703 2704 
3 2706 2708 2709 
3 2703 2708 2706 
3 2704 2706 2712 
3 2712 2711 2704 
3 2706 2709 2713 
3 2713 2712 2706 
3 2708 2714 2715 
3 2715 2709 2708 
3 2715 2682 2717 
3 2714 2682 2715 
3 2713 2715 2721 
3 2709 2715 2713 
3 2721 2717 2722 
3 2715 2717 2721 
3 2711 2712 2734 
3 2734 2724 2711 
3 2734 2713 2738 
3 2712 2713 2734 
3 2741 2734 2743 
3 2724 2734 2741 
3 2743 2738 2746 
3 2734 2738 2743 
3 2738 2721 2750 
3 2713 2721 2738 
3 2721 2722 2752 
3 2752 2750 2721 
3 2738 2750 2754 
3 2754 2746 2738 
3 2754 2752 2766 
3 2750 2752 2754 
3 2682 2683 2787 
3 2787 2717 2682 
3 2683 2694 2792 
3 2792 2787 2683 
3 2722 2787 2799 
3 2717 2787 2722 
3 2799 2792 2802 
3 2787 2792 2799 
3 2803 2792 2065 
3 2792 2062 2065 
3 2792 2694 2062 
3 2803 2065 2067 
3 2080 2802 2078 
3 2802 2792 2078 
3 2792 2803 2078 
3 2803 2067 2078 
3 2752 2799 2806 
3 2722 2799 2752 
3 2806 2802 2819 
3 2799 2802 2806 
3 2752 2806 2822 
3 2822 2766 2752 
3 2806 2819 2826 
3 2826 2822 2806 
3 2830 2819 2093 
3 2819 2802 2093 
3 2802 2080 2093 
3 2830 2093 2100 
3 2826 2830 2834 
3 2819 2830 2826 
3 2830 2100 2103 
3 2103 2834 2830 
3 2808 2743 2841 
3 2741 2743 2808 
3 2841 2746 2843 
3 2743 2746 2841 
3 2817 2841 2847 
3 2808 2841 2817 
3 2841 2843 2848 
3 2848 2847 2841 
3 2746 2754 2850 
3 2850 2843 2746 
3 2754 2766 2851 
3 2851 2850 2754 
3 2843 2850 2852 
3 2852 2848 2843 
3 2852 2851 2854 
3 2850 2851 2852 
3 2817 2847 2857 
3 2857 2855 2817 
3 2857 2848 2859 
3 2847 2848 2857 
3 2860 2857 2863 
3 2855 2857 2860 
3 2857 2859 2864 
3 2864 2863 2857 
3 2859 2852 2865 
3 2848 2852 2859 
3 2865 2854 2867 
3 2852 2854 2865 
3 2859 2865 2876 
3 2876 2864 2859 
3 2865 2867 2889 
3 2889 2876 2865 
3 2851 2822 2892 
3 2766 2822 2851 
3 2892 2826 2895 
3 2822 2826 2892 
3 2854 2892 2898 
3 2851 2892 2854 
3 2892 2895 2899 
3 2899 2898 2892 
3 2826 2834 2900 
3 2900 2895 2826 
3 2900 2103 2107 
3 2834 2103 2900 
3 2117 2899 2109 
3 2899 2895 2109 
3 2895 2900 2109 
3 2120 2082 2901 
3 2107 2109 2900 
3 2854 2898 2903 
3 2903 2867 2854 
3 2903 2899 2913 
3 2898 2899 2903 
3 2867 2903 2916 
3 2916 2889 2867 
3 2076 2903 2122 
3 2903 2913 2122 
3 2076 2916 2903 
3 2918 2913 2125 
3 2913 2899 2125 
3 2899 2117 2125 
3 2918 2125 2135 
3 2901 2105 2120 
3 2141 2913 2918 
3 2122 2913 2141 
3 2918 2135 2141 
3 2073 2889 2916 
3 2068 2889 2073 
3 2916 2076 2073 
3 2901 2082 2098 
3 2901 2098 2105 
3 1582 1695 1574 
3 1582 1379 1695 
3 1379 1375 1695 
3 1582 1709 1379 
3 1582 1588 1709 
3 1592 1709 1588 
3 1390 1379 1709 
3 1592 1390 1709 
3 1592 1596 1390 
3 1596 1396 1390 
3 1601 1396 1596 
3 1414 1396 1601 
3 1622 1414 1601 
3 1416 1414 1622 
3 1630 1420 1627 
3 1423 1420 1630 
3 1420 1416 1622 
3 1622 1627 1420 
3 1636 1383 1591 
3 1431 1383 1636 
3 1640 1714 1643 
3 1647 1714 1640 
3 1715 1714 1647 
3 1636 1433 1431 
3 1636 1643 1433 
3 1643 1714 1433 
3 1433 1714 1715 
3 1715 1435 1433 
3 1651 1423 1630 
3 1442 1423 1651 
3 1651 1654 1442 
3 1654 1716 1442 
3 1716 1447 1442 
3 1658 1716 1654 
3 1450 1447 1716 
3 1658 1451 1716 
3 1451 1450 1716 
3 1658 1660 1451 
3 1660 1454 1451 
3 1660 1717 1454 
3 1660 1662 1717 
3 1664 1717 1662 
3 1456 1454 1717 
3 1664 1462 1717 
3 1462 1456 1717 
3 1664 1666 1462 
3 1569 1687 1668 
3 1470 1462 1666 
3 1666 1669 1470 
3 1669 1668 1470 
3 1668 1373 1470 
3 1668 1687 1373 
3 1611 1613 1916 
3 1586 1613 1611 
3 2508 1634 1620 
3 2508 2498 1634 
3 2498 1638 1634 
3 2498 1789 1638 
3 1789 1613 1638 
3 1789 1916 1613 
3 2512 2561 2502 
3 2561 1894 2502 
3 1894 1958 2502 
3 1958 1796 2502 
3 1958 1611 1796 
3 1611 1916 1796 
3 1958 1609 1611 
3 2561 2518 1894 
3 2529 2522 1721 
3 2522 1620 1721 
3 2522 2508 1620 
3 2314 2552 1724 
3 2552 1721 1724 
3 2552 2529 1721 
3 2329 2322 2633 
3 2322 1583 2633 
3 2322 1724 1583 
3 2322 2314 1724 
3 2634 2329 1728 
3 2329 1722 1728 
3 2329 2633 1722 
3 1901 1898 2634 
3 1898 2334 2634 
3 2334 2329 2634 
3 1898 1797 2334 
3 1797 2365 2334 
3 2634 1728 1644 
3 1648 1901 1646 
3 1901 2634 1646 
3 2634 1644 1646 
3 2597 2592 2616 
3 2592 2567 2616 
3 2567 2569 2616 
3 2592 2584 2567 
3 2584 2549 2567 
3 2592 2589 2584 
3 2630 2594 2601 
3 2630 2137 2594 
3 2137 2587 2594 
3 2587 2589 2594 
3 2137 2536 2587 
3 2631 2605 2161 
3 2631 2630 2605 
3 2630 2601 2605 
3 1672 1971 1632 
3 1672 1907 1971 
3 1907 1972 1971 
3 1972 1970 1971 
3 1907 1899 1972 
3 1922 1673 1731 
3 1915 1673 1922 
3 1950 1929 1732 
3 1929 1731 1732 
3 1929 1933 1731 
3 1933 1922 1731 
3 1929 1905 1933 
3 1950 1732 1633 
3 2686 2702 2719 
3 2677 2702 2686 
3 2702 2725 2727 
3 2727 2719 2702 
3 2733 2074 2719 
3 2074 2069 2719 
3 2069 2686 2719 
3 2719 2727 2736 
3 2736 2733 2719 
3 2727 2742 2745 
3 2725 2742 2727 
3 2742 2747 2751 
3 2751 2745 2742 
3 2736 2745 2755 
3 2727 2745 2736 
3 2755 2751 2762 
3 2745 2751 2755 
3 2083 2074 2733 
3 2086 2733 2736 
3 2083 2733 2086 
3 2111 2104 2767 
3 2771 2736 2755 
3 2771 2086 2736 
3 2771 2112 2086 
3 2771 2762 2773 
3 2755 2762 2771 
3 2781 2767 2771 
3 2767 2112 2771 
3 2767 2104 2112 
3 2771 2773 2784 
3 2784 2781 2771 
3 2751 2786 2824 
3 2747 2786 2751 
3 2667 2824 2664 
3 2824 2786 2664 
3 2786 2660 2664 
3 2762 2824 2829 
3 2751 2824 2762 
3 2829 2667 2832 
3 2824 2667 2829 
3 2835 2668 2669 
3 2835 2832 2668 
3 2832 2667 2668 
3 2836 2671 2672 
3 2836 2835 2671 
3 2835 2669 2671 
3 2773 2829 2837 
3 2762 2829 2773 
3 2829 2832 2840 
3 2840 2837 2829 
3 2773 2837 2842 
3 2842 2784 2773 
3 2837 2840 2862 
3 2862 2842 2837 
3 2840 2835 2869 
3 2832 2835 2840 
3 2835 2836 2871 
3 2871 2869 2835 
3 2840 2869 2873 
3 2873 2862 2840 
3 2873 2871 2699 
3 2869 2871 2873 
3 2111 2767 2878 
3 2878 2114 2111 
3 2115 2114 2878 
3 2878 2781 2897 
3 2767 2781 2878 
3 2897 2784 2905 
3 2781 2784 2897 
3 2932 2119 2897 
3 2119 2115 2897 
3 2115 2878 2897 
3 2932 2905 2934 
3 2897 2905 2932 
3 2126 2124 2936 
3 2126 2936 2690 
3 2690 2072 2126 
3 2939 2119 2932 
3 2939 2124 2119 
3 2939 2936 2124 
3 2939 2934 2941 
3 2932 2934 2939 
3 2690 2939 2728 
3 2936 2939 2690 
3 2939 2941 2749 
3 2749 2728 2939 
3 2784 2842 2943 
3 2943 2905 2784 
3 2943 2862 2944 
3 2842 2862 2943 
3 2934 2943 2945 
3 2905 2943 2934 
3 2945 2944 2946 
3 2943 2944 2945 
3 2944 2873 2947 
3 2862 2873 2944 
3 2873 2699 2704 
3 2704 2947 2873 
3 2946 2947 2949 
3 2944 2947 2946 
3 2949 2704 2711 
3 2947 2704 2949 
3 2934 2945 2951 
3 2951 2941 2934 
3 2951 2946 2952 
3 2945 2946 2951 
3 2941 2951 2776 
3 2776 2749 2941 
3 2951 2952 2795 
3 2795 2776 2951 
3 2946 2949 2953 
3 2953 2952 2946 
3 2949 2711 2724 
3 2724 2953 2949 
3 2795 2953 2804 
3 2952 2953 2795 
3 2804 2724 2741 
3 2953 2724 2804 
3 2860 2629 2858 
3 2629 2147 2858 
3 2147 2849 2858 
3 1379 1487 1375 
3 1379 1390 1487 
3 1390 82 1487 
3 1390 1493 82 
3 1493 94 82 
3 1396 1493 1390 
3 97 94 1493 
3 1396 1414 1493 
3 1414 97 1493 
3 1414 99 97 
3 1500 101 1504 
3 84 101 1500 
3 1414 101 99 
3 1414 1504 101 
3 1414 1416 1504 
3 1420 1423 1504 
3 1423 1508 1504 
3 1508 1500 1504 
3 1420 1504 1416 
3 1431 1496 1383 
3 1433 1496 1431 
3 1515 1496 1433 
3 1520 1515 1433 
3 1433 1435 1520 
3 6 1508 1524 
3 1 1508 6 
3 10 6 1524 
3 1524 1508 1423 
3 1423 1442 1524 
3 1442 1447 1524 
3 1447 10 1524 
3 1447 13 10 
3 15 13 1447 
3 1447 1450 15 
3 1450 1451 15 
3 1451 17 15 
3 1451 1545 17 
3 22 17 1545 
3 1454 1545 1451 
3 1454 22 1545 
3 1454 1456 22 
3 1456 25 22 
3 26 25 1456 
3 1456 1462 26 
3 1462 141 26 
3 1462 1470 141 
3 1470 1553 141 
3 1481 1553 1470 
3 1470 1373 1481 
3 1797 1898 1804 
3 1815 1901 1906 
3 1815 1804 1901 
3 1804 1898 1901 
3 1815 1906 1818 
3 1924 1906 1652 
3 1906 1648 1652 
3 1906 1901 1648 
3 1924 1652 1655 
3 1825 1818 1928 
3 1818 1924 1928 
3 1818 1906 1924 
3 1928 1655 1657 
3 1924 1655 1928 
3 1928 1940 1839 
3 1839 1825 1928 
3 1942 1657 1585 
3 1942 1940 1657 
3 1940 1928 1657 
3 1940 1955 1844 
3 1844 1839 1940 
3 1940 1942 1957 
3 1957 1955 1940 
3 1942 1585 1615 
3 1957 1615 1619 
3 1942 1615 1957 
3 1844 1960 1849 
3 1955 1960 1844 
3 1955 1957 1968 
3 1968 1960 1955 
3 1849 1960 1851 
3 1855 1968 1970 
3 1855 1851 1968 
3 1851 1960 1968 
3 1968 1619 1624 
3 1957 1619 1968 
3 1971 1968 1629 
3 1968 1624 1629 
3 1971 1970 1968 
3 1971 1629 1632 
3 1970 1972 1857 
3 1857 1855 1970 
3 1972 1899 1783 
3 1783 1857 1972 
3 2161 2166 2198 
3 2198 2184 2161 
3 2166 2173 2218 
3 2218 2198 2166 
3 2222 2198 2226 
3 2184 2198 2222 
3 2198 2218 2229 
3 2229 2226 2198 
3 2057 2232 2058 
3 2222 2232 2057 
3 2058 2232 2060 
3 2222 2226 2236 
3 2236 2232 2222 
3 2236 2229 2241 
3 2226 2229 2236 
3 2062 2236 2264 
3 2062 2060 2236 
3 2060 2232 2236 
3 2264 2241 2271 
3 2236 2241 2264 
3 2062 2264 2065 
3 2067 2271 2305 
3 2067 2065 2271 
3 2065 2264 2271 
3 2078 2311 2080 
3 2078 2332 2311 
3 2078 2067 2332 
3 2067 2305 2332 
3 2080 2311 2093 
3 2100 2332 2338 
3 2100 2093 2332 
3 2093 2311 2332 
3 2100 2170 2103 
3 2338 2170 2100 
3 2218 2182 2346 
3 2173 2182 2218 
3 2182 2193 2363 
3 2363 2346 2182 
3 2218 2346 2367 
3 2367 2229 2218 
3 2367 2363 2368 
3 2346 2363 2367 
3 2193 2214 2370 
3 2370 2363 2193 
3 2214 2216 2371 
3 2371 2370 2214 
3 2363 2370 2372 
3 2372 2368 2363 
3 2370 2371 2374 
3 2374 2372 2370 
3 2229 2367 2378 
3 2378 2241 2229 
3 2367 2368 2384 
3 2384 2378 2367 
3 2271 2378 2400 
3 2241 2378 2271 
3 2400 2384 2406 
3 2378 2384 2400 
3 2384 2372 2409 
3 2368 2372 2384 
3 2409 2374 2410 
3 2372 2374 2409 
3 2384 2409 2413 
3 2413 2406 2384 
3 2413 2410 2415 
3 2409 2410 2413 
3 2270 2277 2433 
3 2433 2431 2270 
3 2433 1794 1802 
3 2277 1794 2433 
3 2437 2433 2443 
3 2431 2433 2437 
3 2240 2443 1808 
3 2443 1802 1808 
3 2443 2433 1802 
3 2447 2443 2465 
3 2437 2443 2447 
3 2443 2240 2245 
3 2245 2465 2443 
3 2447 2465 2472 
3 2472 2470 2447 
3 2472 2245 2248 
3 2465 2245 2472 
3 2305 2400 2478 
3 2271 2400 2305 
3 2478 2406 2485 
3 2400 2406 2478 
3 2305 2478 2488 
3 2488 2332 2305 
3 2478 2485 2496 
3 2496 2488 2478 
3 2406 2413 2511 
3 2511 2485 2406 
3 2413 2415 2517 
3 2517 2511 2413 
3 2496 2511 2530 
3 2485 2511 2496 
3 2511 2517 2535 
3 2535 2530 2511 
3 2332 2488 2551 
3 2551 2338 2332 
3 2551 2496 2555 
3 2488 2496 2551 
3 2170 2551 2177 
3 2338 2551 2170 
3 2551 2555 2199 
3 2199 2177 2551 
3 2555 2530 2558 
3 2496 2530 2555 
3 2558 2535 2559 
3 2530 2535 2558 
3 2199 2558 2563 
3 2555 2558 2199 
3 2558 2559 2566 
3 2566 2563 2558 
3 2103 2183 2107 
3 2170 2183 2103 
3 2109 2574 2117 
3 2082 2107 2183 
3 2082 2109 2107 
3 2082 2120 2109 
3 2120 2574 2109 
3 2122 2165 2076 
3 2117 2574 2125 
3 2120 2125 2574 
3 2120 2135 2125 
3 2120 2105 2135 
3 2105 2231 2135 
3 2122 2141 2165 
3 2141 1830 2165 
3 2141 1817 1830 
3 2141 2135 1817 
3 2135 2231 1817 
3 2231 1838 1817 
3 149 153 19 
3 19 12 149 
3 149 156 159 
3 159 153 149 
3 23 165 162 
3 23 19 165 
3 19 153 165 
3 153 159 170 
3 170 165 153 
3 159 173 176 
3 156 173 159 
3 176 189 191 
3 173 189 176 
3 159 176 193 
3 193 170 159 
3 16 176 191 
3 16 32 176 
3 32 193 176 
3 216 214 218 
3 197 214 216 
3 218 219 221 
3 214 219 218 
3 224 218 226 
3 216 218 224 
3 218 221 229 
3 229 226 218 
3 221 231 238 
3 219 231 221 
3 238 240 253 
3 231 240 238 
3 229 238 255 
3 221 238 229 
3 38 46 253 
3 46 255 253 
3 255 238 253 
3 274 265 277 
3 263 265 274 
3 277 279 281 
3 265 279 277 
3 274 277 283 
3 283 240 274 
3 283 281 295 
3 277 281 283 
3 281 298 299 
3 279 298 281 
3 299 300 302 
3 298 300 299 
3 295 299 311 
3 281 299 295 
3 311 302 315 
3 299 302 311 
3 240 283 318 
3 318 253 240 
3 318 295 321 
3 283 295 318 
3 38 318 54 
3 253 318 38 
3 318 321 58 
3 58 54 318 
3 321 311 326 
3 295 311 321 
3 311 315 329 
3 329 326 311 
3 64 326 332 
3 64 58 326 
3 58 321 326 
3 332 329 154 
3 326 329 332 
3 339 337 353 
3 334 337 339 
3 353 224 356 
3 337 224 353 
3 358 353 361 
3 339 353 358 
3 353 356 363 
3 363 361 353 
3 358 361 366 
3 366 365 358 
3 366 363 367 
3 361 363 366 
3 369 366 370 
3 365 366 369 
3 366 367 373 
3 373 370 366 
3 224 226 376 
3 376 356 224 
3 376 229 378 
3 226 229 376 
3 363 376 381 
3 356 376 363 
3 376 378 383 
3 383 381 376 
3 378 255 385 
3 229 255 378 
3 66 255 46 
3 385 255 66 
3 67 378 385 
3 67 383 378 
3 67 69 383 
3 67 385 66 
3 367 381 389 
3 363 381 367 
3 389 383 400 
3 381 383 389 
3 373 389 405 
3 367 389 373 
3 389 400 421 
3 421 405 389 
3 71 383 69 
3 400 383 71 
3 421 400 71 
3 71 74 421 
3 64 332 75 
3 75 154 9 
3 332 154 75 
3 427 405 429 
3 373 405 427 
3 429 421 432 
3 405 421 429 
3 427 429 435 
3 435 433 427 
3 429 432 436 
3 436 435 429 
3 432 421 74 
3 74 76 432 
3 76 436 432 
3 76 78 436 
3 78 457 436 
3 83 457 78 
3 433 435 461 
3 461 460 433 
3 435 436 463 
3 463 461 435 
3 460 461 472 
3 472 465 460 
3 461 463 475 
3 475 472 461 
3 436 457 479 
3 479 463 436 
3 87 457 83 
3 479 457 87 
3 475 479 491 
3 463 479 475 
3 491 479 87 
3 87 89 491 
3 300 499 527 
3 527 302 300 
3 527 530 531 
3 499 530 527 
3 315 527 533 
3 302 527 315 
3 527 531 535 
3 535 533 527 
3 96 315 533 
3 96 112 315 
3 112 329 315 
3 96 535 116 
3 533 535 96 
3 7 329 112 
3 154 329 7 
3 162 537 122 
3 122 120 162 
3 122 537 124 
3 127 540 126 
3 128 540 127 
3 162 165 543 
3 543 537 162 
3 543 170 545 
3 165 170 543 
3 129 543 553 
3 129 537 543 
3 129 124 537 
3 553 545 556 
3 543 545 553 
3 130 170 193 
3 130 545 170 
3 130 131 545 
3 130 193 32 
3 131 132 545 
3 132 556 545 
3 132 560 556 
3 85 560 132 
3 513 560 85 
3 553 565 133 
3 133 129 553 
3 565 556 567 
3 553 556 565 
3 133 148 0 
3 565 148 133 
3 565 567 151 
3 151 148 565 
3 567 560 572 
3 556 560 567 
3 572 513 515 
3 560 513 572 
3 134 567 572 
3 134 5 567 
3 5 151 567 
3 134 515 91 
3 572 515 134 
3 690 737 738 
3 690 736 737 
3 690 681 736 
3 738 739 157 
3 737 739 738 
3 690 738 693 
3 696 166 180 
3 696 693 166 
3 693 157 166 
3 693 738 157 
3 713 741 684 
3 23 162 120 
3 714 149 12 
3 156 149 714 
3 714 173 156 
3 714 285 173 
3 285 189 173 
3 714 696 285 
3 696 180 285 
3 754 751 769 
3 747 751 754 
3 769 772 778 
3 751 772 769 
3 783 769 786 
3 754 769 783 
3 786 778 797 
3 769 778 786 
3 778 799 800 
3 772 799 778 
3 799 801 805 
3 805 800 799 
3 778 800 816 
3 816 797 778 
3 800 805 823 
3 823 816 800 
3 844 786 852 
3 783 786 844 
3 786 797 871 
3 871 852 786 
3 923 852 938 
3 844 852 923 
3 852 871 946 
3 946 938 852 
3 797 816 982 
3 982 871 797 
3 816 823 197 
3 197 982 816 
3 871 982 334 
3 334 946 871 
3 224 337 216 
3 337 982 216 
3 982 197 216 
3 337 334 982 
3 801 991 1008 
3 1008 805 801 
3 991 1013 1015 
3 1015 1008 991 
3 805 1008 1023 
3 1023 823 805 
3 1008 1015 263 
3 263 1023 1008 
3 1013 1058 1064 
3 1064 1015 1013 
3 1064 1066 1067 
3 1058 1066 1064 
3 279 265 1064 
3 265 1015 1064 
3 265 263 1015 
3 300 298 1067 
3 298 1064 1067 
3 298 279 1064 
3 219 214 1023 
3 214 823 1023 
3 214 197 823 
3 240 231 274 
3 231 1023 274 
3 1023 263 274 
3 231 219 1023 
3 1081 938 1100 
3 923 938 1081 
3 1100 946 1105 
3 938 946 1100 
3 1081 1100 1137 
3 1137 1130 1081 
3 1100 1105 1141 
3 1141 1137 1100 
3 358 1105 339 
3 1105 946 339 
3 946 334 339 
3 369 1141 365 
3 1141 1105 365 
3 1105 358 365 
3 1130 1137 1156 
3 1156 1147 1130 
3 1156 1141 1158 
3 1137 1141 1156 
3 932 1156 936 
3 1147 1156 932 
3 936 1158 978 
3 1156 1158 936 
3 1141 369 1180 
3 1180 1158 1141 
3 433 1180 427 
3 1180 370 427 
3 370 373 427 
3 1180 369 370 
3 978 1180 1027 
3 1158 1180 978 
3 465 1027 460 
3 1027 1180 460 
3 1180 433 460 
3 1066 1190 1210 
3 1210 1067 1066 
3 1210 1214 1218 
3 1190 1214 1210 
3 530 499 1210 
3 499 1067 1210 
3 499 300 1067 
3 727 1210 1218 
3 727 728 1210 
3 728 530 1210 
3 682 1218 1214 
3 682 729 1218 
3 729 1221 1218 
3 729 1225 1221 
3 729 687 1225 
3 687 741 1225 
3 1218 1221 730 
3 730 727 1218 
3 730 1225 731 
3 1221 1225 730 
3 728 531 530 
3 728 732 531 
3 732 535 531 
3 116 535 732 
3 1225 741 713 
3 713 733 1225 
3 731 1225 733 
3 540 128 126 
3 1567 1685 1566 
3 1369 1366 1686 
3 1568 1570 1686 
3 1570 1370 1686 
3 1370 1369 1686 
3 1386 1381 1691 
3 1570 1381 1370 
3 1570 1572 1381 
3 1572 1691 1381 
3 1389 1386 1691 
3 1572 1389 1691 
3 1572 1575 1389 
3 1575 1397 1389 
3 1578 1686 1400 
3 1686 1366 1400 
3 1578 1580 1686 
3 1578 1404 1584 
3 1400 1404 1578 
3 1568 1686 1580 
3 1584 1439 1587 
3 1404 1439 1584 
3 1567 1439 1685 
3 1439 1367 1685 
3 1567 1587 1439 
3 1589 1397 1575 
3 1443 1397 1589 
3 1589 1445 1443 
3 1589 1593 1445 
3 1593 1697 1445 
3 1445 1697 1702 
3 1702 1448 1445 
3 1449 1448 1702 
3 1595 1697 1593 
3 1597 1697 1595 
3 1702 1697 1597 
3 1597 1449 1702 
3 1597 1412 1449 
3 1597 1599 1412 
3 1453 1452 1704 
3 1602 1365 1455 
3 1602 1566 1365 
3 1566 1685 1365 
3 1603 1602 1704 
3 1602 1455 1704 
3 1455 1453 1704 
3 1604 1463 1605 
3 1458 1463 1604 
3 1605 1466 1606 
3 1463 1466 1605 
3 1466 1468 1607 
3 1607 1606 1466 
3 1607 1469 1608 
3 1468 1469 1607 
3 1610 1407 1609 
3 1471 1407 1610 
3 1469 1472 1612 
3 1612 1608 1469 
3 1472 1471 1610 
3 1610 1612 1472 
3 780 753 790 
3 749 753 780 
3 790 792 793 
3 753 792 790 
3 794 790 810 
3 780 790 794 
3 810 793 813 
3 790 793 810 
3 821 817 831 
3 815 817 821 
3 831 794 833 
3 817 794 831 
3 836 831 851 
3 821 831 836 
3 851 833 856 
3 831 833 851 
3 833 810 861 
3 794 810 833 
3 861 813 874 
3 810 813 861 
3 856 861 878 
3 833 861 856 
3 878 874 918 
3 861 874 878 
3 686 755 685 
3 79 617 691 
3 694 928 699 
3 928 935 701 
3 701 699 928 
3 703 942 704 
3 703 701 942 
3 701 961 942 
3 701 935 961 
3 942 964 706 
3 706 704 942 
3 964 961 968 
3 942 961 964 
3 710 650 654 
3 710 709 650 
3 709 648 650 
3 712 656 658 
3 712 710 656 
3 710 654 656 
3 715 454 34 
3 724 660 662 
3 724 712 660 
3 712 658 660 
3 715 511 454 
3 715 724 511 
3 724 664 511 
3 664 549 511 
3 724 662 664 
3 256 251 908 
3 251 673 908 
3 673 672 908 
3 251 234 673 
3 908 924 984 
3 984 256 908 
3 993 260 984 
3 260 256 984 
3 993 267 260 
3 998 419 993 
3 419 267 993 
3 998 430 419 
3 788 440 998 
3 440 430 998 
3 788 447 440 
3 462 928 694 
3 694 41 462 
3 500 935 490 
3 935 928 490 
3 928 462 490 
3 596 961 593 
3 961 935 593 
3 935 500 593 
3 961 596 1005 
3 1005 968 961 
3 1014 597 598 
3 1014 1005 597 
3 1005 596 597 
3 850 591 592 
3 850 600 591 
3 600 588 591 
3 850 602 600 
3 1024 601 602 
3 1024 1014 601 
3 1014 598 601 
3 1024 850 873 
3 602 850 1024 
3 606 584 603 
3 584 581 603 
3 581 390 603 
3 390 392 603 
3 581 387 390 
3 843 590 606 
3 590 584 606 
3 843 592 590 
3 807 607 608 
3 807 843 607 
3 843 606 607 
3 1392 1376 1514 
3 1376 11 1514 
3 11 28 1514 
3 1376 1497 11 
3 1497 34 11 
3 1514 28 41 
3 802 611 788 
3 611 447 788 
3 802 614 611 
3 809 613 614 
3 809 807 613 
3 807 608 613 
3 614 802 812 
3 812 809 614 
3 850 843 854 
3 592 843 850 
3 854 807 864 
3 843 807 854 
3 873 854 875 
3 850 854 873 
3 875 864 877 
3 854 864 875 
3 864 809 880 
3 807 809 864 
3 809 812 900 
3 900 880 809 
3 864 880 907 
3 907 877 864 
3 880 900 913 
3 913 907 880 
3 686 689 755 
3 689 921 755 
3 689 933 921 
3 689 621 933 
3 621 629 933 
3 689 691 621 
3 691 617 621 
3 921 933 954 
3 954 940 921 
3 954 629 958 
3 933 629 954 
3 966 630 635 
3 966 958 630 
3 958 629 630 
3 697 644 645 
3 697 698 644 
3 698 966 644 
3 966 635 644 
3 971 954 974 
3 940 954 971 
3 974 958 976 
3 954 958 974 
3 971 974 990 
3 990 792 971 
3 974 976 995 
3 995 990 974 
3 958 966 997 
3 997 976 958 
3 711 966 698 
3 997 966 711 
3 976 997 1000 
3 1000 995 976 
3 711 1000 997 
3 711 716 1000 
3 716 1003 1000 
3 125 717 647 
3 717 642 647 
3 642 634 647 
3 717 645 642 
3 697 645 717 
3 964 1020 718 
3 718 706 964 
3 1020 968 1032 
3 964 968 1020 
3 718 1034 719 
3 1020 1034 718 
3 1020 1032 1036 
3 1036 1034 1020 
3 720 1042 721 
3 722 1003 716 
3 1050 1003 722 
3 722 1053 1050 
3 722 721 1053 
3 721 1042 1053 
3 720 1057 1042 
3 720 719 1057 
3 719 1034 1057 
3 1034 1036 1061 
3 1061 1057 1034 
3 1042 1057 1062 
3 1062 1053 1042 
3 1057 1061 1063 
3 1063 1062 1057 
3 792 990 1078 
3 1078 793 792 
3 990 995 1080 
3 1080 1078 990 
3 813 1078 1102 
3 793 1078 813 
3 1078 1080 1117 
3 1117 1102 1078 
3 995 1000 1123 
3 1123 1080 995 
3 1000 1003 1126 
3 1126 1123 1000 
3 1080 1123 1129 
3 1129 1117 1080 
3 1123 1126 1132 
3 1132 1129 1123 
3 874 1102 1135 
3 813 1102 874 
3 1135 1117 1136 
3 1102 1117 1135 
3 918 1135 1139 
3 874 1135 918 
3 1139 1136 1142 
3 1135 1136 1139 
3 1117 1129 1152 
3 1152 1136 1117 
3 1129 1132 1164 
3 1164 1152 1129 
3 1142 1152 1167 
3 1136 1152 1142 
3 1167 1164 1175 
3 1152 1164 1167 
3 1126 1050 1177 
3 1003 1050 1126 
3 1050 1053 1200 
3 1200 1177 1050 
3 1126 1177 1206 
3 1206 1132 1126 
3 1177 1200 1223 
3 1223 1206 1177 
3 1053 1062 1228 
3 1228 1200 1053 
3 1062 1063 1229 
3 1229 1228 1062 
3 1200 1228 1231 
3 1231 1223 1200 
3 1228 1229 1233 
3 1233 1231 1228 
3 1132 1206 1238 
3 1238 1164 1132 
3 1206 1223 1240 
3 1240 1238 1206 
3 1175 1238 1241 
3 1164 1238 1175 
3 1238 1240 1244 
3 1244 1241 1238 
3 1223 1231 1248 
3 1248 1240 1223 
3 1231 1233 1259 
3 1259 1248 1231 
3 1240 1248 1266 
3 1266 1244 1240 
3 1248 1259 1271 
3 1271 1266 1248 
3 1032 1005 1286 
3 968 1005 1032 
3 1286 1014 1288 
3 1005 1014 1286 
3 1036 1286 1292 
3 1032 1286 1036 
3 1292 1288 1296 
3 1286 1288 1292 
3 1288 1024 1299 
3 1014 1024 1288 
3 1299 873 1302 
3 1024 873 1299 
3 1296 1299 1304 
3 1288 1299 1296 
3 1299 1302 1307 
3 1307 1304 1299 
3 1036 1292 1309 
3 1309 1061 1036 
3 1292 1296 1311 
3 1311 1309 1292 
3 1061 1309 1314 
3 1314 1063 1061 
3 1309 1311 1316 
3 1316 1314 1309 
3 1296 1304 1318 
3 1318 1311 1296 
3 1304 1307 1320 
3 1320 1318 1304 
3 1311 1318 1322 
3 1322 1316 1311 
3 1318 1320 1324 
3 1324 1322 1318 
3 873 875 1328 
3 1328 1302 873 
3 875 877 1332 
3 1332 1328 875 
3 1302 1328 1334 
3 1334 1307 1302 
3 1328 1332 1336 
3 1336 1334 1328 
3 877 907 1338 
3 1338 1332 877 
3 907 913 1341 
3 1341 1338 907 
3 1332 1338 1343 
3 1343 1336 1332 
3 1338 1341 1344 
3 1344 1343 1338 
3 1307 1334 1346 
3 1346 1320 1307 
3 1334 1336 1347 
3 1347 1346 1334 
3 1320 1346 1348 
3 1348 1324 1320 
3 1346 1347 756 
3 756 1348 1346 
3 1336 1343 1349 
3 1349 1347 1336 
3 1343 1344 1350 
3 1350 1349 1343 
3 1347 1349 763 
3 763 756 1347 
3 1349 1350 789 
3 789 763 1349 
3 1063 1314 1351 
3 1351 1229 1063 
3 1314 1316 1352 
3 1352 1351 1314 
3 1229 1351 1353 
3 1353 1233 1229 
3 1351 1352 1354 
3 1354 1353 1351 
3 1316 1322 1355 
3 1355 1352 1316 
3 1322 1324 1356 
3 1356 1355 1322 
3 1352 1355 1357 
3 1357 1354 1352 
3 1355 1356 955 
3 955 1357 1355 
3 1233 1353 1358 
3 1358 1259 1233 
3 1353 1354 1359 
3 1359 1358 1353 
3 1259 1358 1360 
3 1360 1271 1259 
3 1358 1359 1361 
3 1361 1360 1358 
3 1354 1357 1362 
3 1362 1359 1354 
3 1357 955 985 
3 985 1362 1357 
3 1359 1362 1363 
3 1363 1361 1359 
3 1362 985 1049 
3 1049 1363 1362 
3 1324 1348 1364 
3 1364 1356 1324 
3 1348 756 765 
3 765 1364 1348 
3 1356 1364 979 
3 979 955 1356 
3 1364 765 841 
3 841 979 1364 
3 1478 12 19 
3 19 1480 1478 
3 1480 19 23 
3 32 16 1483 
3 46 38 1488 
3 1488 54 1491 
3 38 54 1488 
3 1491 58 1494 
3 54 58 1491 
3 1494 58 64 
3 1366 46 1488 
3 1366 66 46 
3 1366 1369 66 
3 69 67 1499 
3 1369 67 66 
3 1369 1499 67 
3 1369 1370 1499 
3 1381 71 1499 
3 71 69 1499 
3 1381 1386 71 
3 1381 1499 1370 
3 1386 1389 71 
3 1389 1505 71 
3 1505 74 71 
3 1397 1505 1389 
3 1366 1491 1400 
3 1488 1491 1366 
3 1400 1494 1404 
3 1491 1494 1400 
3 1439 64 75 
3 1439 1494 64 
3 1439 1404 1494 
3 75 9 1367 
3 1367 1439 75 
3 74 1505 1512 
3 1512 76 74 
3 1443 1505 1397 
3 1512 1505 1443 
3 78 76 1512 
3 1443 1445 1512 
3 1445 78 1512 
3 1445 83 78 
3 1448 83 1445 
3 87 83 1448 
3 1448 1449 87 
3 1449 1492 87 
3 1492 89 87 
3 1412 1492 1449 
3 112 96 1523 
3 1452 1453 116 
3 1453 1523 116 
3 1523 96 116 
3 1455 7 1523 
3 7 112 1523 
3 1455 1365 7 
3 1455 1523 1453 
3 1531 1528 1532 
3 1525 1528 1531 
3 1528 120 122 
3 122 1532 1528 
3 1533 1532 1534 
3 1531 1532 1533 
3 1535 1534 124 
3 1534 122 124 
3 1534 1532 122 
3 1538 127 1534 
3 127 126 1534 
3 126 1533 1534 
3 1534 1535 1540 
3 1540 1538 1534 
3 1463 1458 1538 
3 1458 127 1538 
3 1458 128 127 
3 1463 1540 1466 
3 1538 1540 1463 
3 1535 124 129 
3 131 130 1542 
3 1543 130 1483 
3 130 32 1483 
3 1543 1542 130 
3 132 131 1542 
3 85 1542 1543 
3 132 1542 85 
3 1540 129 133 
3 1535 129 1540 
3 1468 1466 1484 
3 1466 133 1484 
3 133 0 1484 
3 1466 1540 133 
3 1484 1489 1469 
3 1469 1468 1484 
3 1471 1546 1407 
3 1472 5 134 
3 1472 1469 5 
3 1469 1489 5 
3 1471 134 1546 
3 134 91 1546 
3 1471 1472 134 
3 675 674 1735 
3 676 1735 1755 
3 675 1735 676 
3 1735 677 1761 
3 674 677 1735 
3 1761 678 1763 
3 677 678 1761 
3 1755 1761 1765 
3 1735 1761 1755 
3 1765 1763 1742 
3 1761 1763 1765 
3 679 1755 1767 
3 676 1755 679 
3 680 679 1767 
3 1755 1765 1768 
3 1768 1767 1755 
3 1768 1742 1744 
3 1765 1742 1768 
3 1756 680 1768 
3 680 1767 1768 
3 1756 682 680 
3 687 1756 684 
3 1756 1768 684 
3 1768 1744 684 
3 678 688 1769 
3 1769 1763 678 
3 1769 681 1734 
3 688 681 1769 
3 1763 1769 1743 
3 1743 1742 1763 
3 1743 1734 1736 
3 1769 1734 1743 
3 1796 1916 1789 
3 2077 2690 2695 
3 2072 2690 2077 
3 2088 2077 2695 
3 2690 2728 2732 
3 2732 2695 2690 
3 2728 2749 2757 
3 2757 2732 2728 
3 2759 2094 2732 
3 2094 2088 2732 
3 2088 2695 2732 
3 2759 2757 2761 
3 2732 2757 2759 
3 2097 2094 2759 
3 2765 2099 2761 
3 2099 2097 2761 
3 2097 2759 2761 
3 2101 2099 2765 
3 2757 2776 2780 
3 2749 2776 2757 
3 2776 2795 2796 
3 2796 2780 2776 
3 2757 2780 2798 
3 2798 2761 2757 
3 2780 2796 2801 
3 2801 2798 2780 
3 2796 2804 2805 
3 2795 2804 2796 
3 2805 2741 2808 
3 2804 2741 2805 
3 2796 2805 2814 
3 2814 2801 2796 
3 2805 2808 2817 
3 2817 2814 2805 
3 2765 2798 2820 
3 2761 2798 2765 
3 2798 2801 2844 
3 2844 2820 2798 
3 2128 2765 2820 
3 2101 2765 2128 
3 2849 2133 2844 
3 2133 2128 2844 
3 2128 2820 2844 
3 2801 2814 2853 
3 2853 2844 2801 
3 2853 2817 2855 
3 2814 2817 2853 
3 2844 2853 2858 
3 2858 2849 2844 
3 2853 2855 2860 
3 2860 2858 2853 
3 2140 2138 2866 
3 2866 2138 2143 
3 2146 2140 2866 
3 2866 2143 2146 
3 2147 2133 2849 
3 2875 2652 2816 
3 2652 2651 2816 
3 2875 2646 2652 
3 2875 2672 2646 
3 2875 2821 2909 
3 2816 2821 2875 
3 2836 2875 2912 
3 2672 2875 2836 
3 2912 2909 2914 
3 2875 2909 2912 
3 2909 2831 2919 
3 2821 2831 2909 
3 2831 2846 2922 
3 2922 2919 2831 
3 2909 2919 2924 
3 2924 2914 2909 
3 2919 2922 2673 
3 2673 2924 2919 
3 2836 2912 2926 
3 2926 2871 2836 
3 2912 2914 2928 
3 2928 2926 2912 
3 2871 2926 2703 
3 2703 2699 2871 
3 2703 2928 2708 
3 2926 2928 2703 
3 2928 2924 2930 
3 2914 2924 2928 
3 2930 2673 2675 
3 2924 2673 2930 
3 2708 2930 2714 
3 2928 2930 2708 
3 2930 2675 2682 
3 2682 2714 2930 
3 743 750 759 
3 759 752 743 
3 750 764 777 
3 777 759 750 
3 752 759 791 
3 791 779 752 
3 759 777 798 
3 798 791 759 
3 764 820 822 
3 822 777 764 
3 820 824 829 
3 829 822 820 
3 777 822 830 
3 830 798 777 
3 822 829 832 
3 832 830 822 
3 834 791 835 
3 779 791 834 
3 791 798 837 
3 837 835 791 
3 739 835 838 
3 834 835 739 
3 838 837 840 
3 835 837 838 
3 798 830 846 
3 846 837 798 
3 846 832 848 
3 830 832 846 
3 840 846 853 
3 837 846 840 
3 846 848 855 
3 855 853 846 
3 824 858 860 
3 860 829 824 
3 858 862 867 
3 867 860 858 
3 829 860 872 
3 872 832 829 
3 860 867 883 
3 883 872 860 
3 862 885 889 
3 889 867 862 
3 885 905 909 
3 909 889 885 
3 867 889 915 
3 915 883 867 
3 889 909 917 
3 917 915 889 
3 832 872 926 
3 926 848 832 
3 926 883 929 
3 872 883 926 
3 855 926 934 
3 848 926 855 
3 934 929 937 
3 926 929 934 
3 929 915 939 
3 883 915 929 
3 939 917 941 
3 915 917 939 
3 937 939 947 
3 929 939 937 
3 947 941 949 
3 939 941 947 
3 169 161 838 
3 161 739 838 
3 161 157 739 
3 188 183 840 
3 183 838 840 
3 183 169 838 
3 207 204 853 
3 204 840 853 
3 204 188 840 
3 244 223 855 
3 223 853 855 
3 223 207 853 
3 855 934 953 
3 953 244 855 
3 953 937 956 
3 934 937 953 
3 380 368 953 
3 368 250 953 
3 250 244 953 
3 368 282 250 
3 380 956 960 
3 953 956 380 
3 956 947 962 
3 937 947 956 
3 947 949 970 
3 970 962 947 
3 960 962 972 
3 956 962 960 
3 972 970 975 
3 962 970 972 
3 981 382 960 
3 382 380 960 
3 981 403 382 
3 65 981 734 
3 403 981 65 
3 981 972 986 
3 960 972 981 
3 986 975 416 
3 972 975 986 
3 683 986 957 
3 683 734 986 
3 734 981 986 
3 451 957 423 
3 957 986 423 
3 986 416 423 
3 905 992 1011 
3 1011 909 905 
3 1011 1021 1035 
3 992 1021 1011 
3 917 1011 1037 
3 909 1011 917 
3 1037 1035 1039 
3 1011 1035 1037 
3 1035 1044 1054 
3 1021 1044 1035 
3 1054 1068 1074 
3 1044 1068 1054 
3 1039 1054 1076 
3 1035 1054 1039 
3 1076 1074 1086 
3 1054 1074 1076 
3 941 1037 1103 
3 917 1037 941 
3 1103 1039 1108 
3 1037 1039 1103 
3 949 1103 1111 
3 941 1103 949 
3 1103 1108 1122 
3 1122 1111 1103 
3 1108 1076 1124 
3 1039 1076 1108 
3 1124 1086 1125 
3 1076 1086 1124 
3 1122 1124 1127 
3 1108 1124 1122 
3 1124 1125 1145 
3 1145 1127 1124 
3 1074 1151 1155 
3 1068 1151 1074 
3 1155 1172 1187 
3 1151 1172 1155 
3 1086 1155 1194 
3 1074 1155 1086 
3 1194 1187 1196 
3 1155 1187 1194 
3 1187 1199 1205 
3 1172 1199 1187 
3 1205 1208 1237 
3 1199 1208 1205 
3 1196 1205 1243 
3 1187 1205 1196 
3 1243 1237 1246 
3 1205 1237 1243 
3 1125 1194 1247 
3 1086 1194 1125 
3 1247 1196 1249 
3 1194 1196 1247 
3 1145 1247 1251 
3 1125 1247 1145 
3 1251 1249 740 
3 1247 1249 1251 
3 1249 1243 1254 
3 1196 1243 1249 
3 1254 1246 1256 
3 1243 1246 1254 
3 740 1254 742 
3 1249 1254 740 
3 742 1256 758 
3 1254 1256 742 
3 970 1111 1262 
3 949 1111 970 
3 1262 1122 1264 
3 1111 1122 1262 
3 975 1262 1268 
3 970 1262 975 
3 1262 1264 1270 
3 1270 1268 1262 
3 1122 1127 1272 
3 1272 1264 1122 
3 1127 1145 1274 
3 1274 1272 1127 
3 1270 1272 1279 
3 1264 1272 1270 
3 1272 1274 839 
3 839 1279 1272 
3 448 418 1268 
3 418 975 1268 
3 418 416 975 
3 473 467 1270 
3 467 1268 1270 
3 467 448 1268 
3 509 483 1279 
3 483 1270 1279 
3 483 473 1270 
3 1279 839 859 
3 859 509 1279 
3 881 512 859 
3 512 509 859 
3 881 259 512 
3 1274 1251 1283 
3 1145 1251 1274 
3 1283 740 744 
3 1251 740 1283 
3 839 1283 845 
3 1274 1283 839 
3 845 744 770 
3 1283 744 845 
3 1367 1365 1685 
3 1374 1372 1688 
3 1372 1377 1692 
3 1692 1688 1372 
3 1377 1382 1696 
3 1696 1692 1377 
3 1576 1382 1384 
3 1576 1583 1382 
3 1583 1696 1382 
3 1391 1387 1703 
3 1395 1393 1586 
3 1586 1611 1395 
3 1613 1391 1703 
3 1613 1393 1391 
3 1613 1586 1393 
3 1387 1402 1707 
3 1707 1703 1387 
3 1620 1634 1405 
3 1634 1402 1405 
3 1634 1707 1402 
3 1613 1707 1638 
3 1703 1707 1613 
3 1638 1707 1634 
3 1609 1395 1611 
3 1407 1395 1609 
3 1644 1410 1646 
3 1409 1410 1644 
3 1648 1646 1711 
3 1646 1411 1711 
3 1646 1410 1411 
3 1711 1411 1419 
3 1648 1711 1652 
3 1655 1652 1422 
3 1652 1711 1422 
3 1711 1419 1422 
3 1655 1424 1657 
3 1422 1424 1655 
3 1657 1368 1585 
3 1424 1368 1657 
3 2057 2184 2222 
3 2057 2161 2184 
3 2057 2631 2161 
3 2437 2371 2431 
3 2371 2268 2431 
3 2268 2270 2431 
3 2371 2216 2268 
3 2437 2374 2371 
3 2470 2415 2447 
3 2415 2374 2447 
3 2374 2437 2447 
3 2415 2410 2374 
3 2635 2517 2470 
3 2517 2415 2470 
3 2635 2535 2517 
3 2636 2472 2248 
3 2636 2635 2472 
3 2635 2470 2472 
3 2637 2559 2635 
3 2559 2535 2635 
3 2637 2566 2559 
3 2637 2636 2638 
3 2635 2636 2637 
3 1719 1718 2629 
3 2629 2632 1719 
3 2632 1831 1719 
3 1831 1618 1719 
3 2632 2160 1831 
3 2632 2068 2160 
3 2639 2563 2566 
3 2639 2205 2563 
3 2205 2199 2563 
3 2639 1840 2205 
3 2639 1919 1840 
3 2639 1631 1919 
3 1631 1628 1919 
3 1628 1623 1919 
3 1725 2566 1723 
3 2566 2637 1723 
3 1725 2639 2566 
3 1723 2637 2638 
3 2638 1726 1723 
3 2639 1725 1631 
3 2640 1966 1969 
3 2640 2636 1966 
3 2636 1890 1966 
3 2636 2248 1890 
3 2640 1641 1727 
3 1969 1641 2640 
3 1730 2640 1729 
3 1730 2638 2640 
3 2638 2636 2640 
3 2640 1727 1729 
3 2638 1730 1726 
3 2153 2136 2744 
3 2833 2886 2904 
3 2886 2887 2904 
3 2833 2882 2886 
3 2882 2868 2886 
3 2833 2764 2882 
3 2691 2108 2689 
3 2108 2687 2689 
3 2108 2084 2687 
3 2793 2888 2779 
3 2888 2730 2779 
3 2730 2735 2779 
3 2888 2689 2730 
3 2888 2691 2689 
3 164 158 168 
3 152 158 164 
3 168 158 1 
3 1 6 168 
3 164 168 174 
3 174 171 164 
3 6 174 168 
3 6 10 174 
3 10 178 174 
3 185 174 187 
3 171 174 185 
3 174 178 196 
3 196 187 174 
3 185 187 202 
3 202 199 185 
3 187 196 206 
3 206 202 187 
3 199 202 215 
3 215 211 199 
3 202 206 230 
3 230 215 202 
3 211 215 239 
3 239 235 211 
3 239 230 246 
3 215 230 239 
3 249 239 252 
3 235 239 249 
3 239 246 269 
3 269 252 239 
3 249 252 303 
3 303 287 249 
3 303 269 323 
3 252 269 303 
3 13 178 10 
3 13 196 178 
3 13 15 196 
3 15 330 196 
3 17 330 15 
3 196 330 333 
3 333 206 196 
3 17 333 330 
3 17 335 333 
3 17 22 335 
3 25 335 22 
3 340 335 25 
3 344 340 25 
3 25 26 344 
3 230 333 348 
3 206 333 230 
3 333 335 372 
3 372 348 333 
3 230 348 379 
3 379 246 230 
3 348 372 386 
3 386 379 348 
3 335 340 395 
3 395 372 335 
3 340 344 398 
3 398 395 340 
3 372 395 404 
3 404 386 372 
3 404 398 409 
3 395 398 404 
3 246 379 413 
3 413 269 246 
3 413 386 415 
3 379 386 413 
3 323 413 420 
3 269 413 323 
3 413 415 424 
3 424 420 413 
3 415 404 426 
3 386 404 415 
3 426 409 431 
3 404 409 426 
3 424 426 434 
3 415 426 424 
3 426 431 438 
3 438 434 426 
3 409 446 450 
3 450 431 409 
3 446 469 484 
3 484 450 446 
3 431 450 488 
3 488 438 431 
3 488 484 502 
3 450 484 488 
3 528 420 534 
3 323 420 528 
3 420 424 536 
3 536 534 420 
3 547 534 550 
3 528 534 547 
3 550 536 555 
3 534 536 550 
3 536 434 558 
3 424 434 536 
3 434 438 562 
3 562 558 434 
3 536 558 570 
3 570 555 536 
3 570 562 574 
3 558 562 570 
3 438 488 579 
3 579 562 438 
3 579 502 580 
3 488 502 579 
3 562 579 582 
3 582 574 562 
3 579 580 609 
3 609 582 579 
3 33 612 35 
3 52 615 57 
3 57 616 60 
3 615 616 57 
3 61 615 52 
3 618 615 61 
3 61 620 618 
3 61 35 620 
3 35 612 620 
3 615 618 622 
3 622 616 615 
3 618 620 624 
3 624 622 618 
3 63 626 73 
3 63 628 626 
3 63 60 628 
3 60 616 628 
3 79 619 617 
3 79 626 619 
3 79 73 626 
3 626 628 625 
3 625 619 626 
3 628 622 631 
3 616 622 628 
3 622 624 632 
3 632 631 622 
3 625 631 633 
3 628 631 625 
3 631 632 634 
3 634 633 631 
3 98 636 103 
3 105 636 98 
3 33 637 612 
3 33 103 637 
3 103 636 637 
3 637 636 105 
3 105 107 637 
3 111 638 113 
3 114 638 111 
3 612 637 639 
3 639 620 612 
3 107 115 637 
3 115 639 637 
3 115 641 639 
3 620 639 643 
3 643 624 620 
3 117 118 641 
3 118 639 641 
3 118 643 639 
3 119 113 638 
3 119 641 113 
3 641 115 113 
3 119 121 641 
3 119 638 114 
3 117 641 121 
3 624 643 646 
3 646 632 624 
3 646 643 118 
3 118 123 646 
3 632 646 647 
3 647 634 632 
3 647 646 123 
3 123 125 647 
3 650 649 651 
3 648 649 650 
3 649 652 653 
3 653 651 649 
3 654 651 655 
3 650 651 654 
3 655 653 155 
3 651 653 655 
3 654 655 657 
3 657 656 654 
3 655 155 163 
3 163 657 655 
3 656 657 659 
3 659 658 656 
3 657 163 220 
3 220 659 657 
3 660 659 661 
3 658 659 660 
3 661 220 271 
3 659 220 661 
3 660 661 663 
3 663 662 660 
3 661 271 294 
3 294 663 661 
3 664 663 665 
3 662 663 664 
3 663 294 352 
3 352 665 663 
3 664 665 566 
3 566 549 664 
3 566 352 387 
3 665 352 566 
3 652 666 667 
3 667 653 652 
3 667 668 669 
3 666 668 667 
3 155 667 160 
3 653 667 155 
3 160 669 192 
3 667 669 160 
3 668 670 671 
3 671 669 668 
3 671 672 673 
3 670 672 671 
3 669 671 232 
3 232 192 669 
3 671 673 234 
3 234 232 671 
3 685 755 723 
3 761 768 782 
3 782 773 761 
3 768 787 795 
3 795 782 768 
3 773 782 869 
3 869 806 773 
3 782 795 886 
3 886 869 782 
3 787 890 891 
3 891 795 787 
3 891 893 895 
3 890 893 891 
3 795 891 901 
3 901 886 795 
3 901 895 902 
3 891 895 901 
3 806 869 910 
3 910 903 806 
3 869 886 919 
3 919 910 869 
3 903 910 943 
3 943 930 903 
3 910 919 948 
3 948 943 910 
3 886 901 951 
3 951 919 886 
3 951 902 959 
3 901 902 951 
3 919 951 963 
3 963 948 919 
3 951 959 967 
3 967 963 951 
3 895 973 977 
3 893 973 895 
3 573 977 568 
3 977 973 568 
3 973 526 568 
3 902 977 999 
3 895 977 902 
3 999 573 1012 
3 977 573 999 
3 199 1012 185 
3 1012 575 185 
3 575 171 185 
3 1012 573 575 
3 959 999 1016 
3 902 999 959 
3 1016 1012 1017 
3 999 1012 1016 
3 967 1016 1019 
3 959 1016 967 
3 1019 1017 1048 
3 1016 1017 1019 
3 235 1017 211 
3 1017 1012 211 
3 1012 199 211 
3 287 1048 249 
3 1048 1017 249 
3 1017 235 249 
3 930 943 1065 
3 1065 1052 930 
3 943 948 1070 
3 1070 1065 943 
3 1052 1065 1077 
3 1077 1072 1052 
3 1065 1070 1079 
3 1079 1077 1065 
3 948 963 1083 
3 1083 1070 948 
3 963 967 1089 
3 1089 1083 963 
3 1070 1083 1091 
3 1091 1079 1070 
3 1083 1089 1093 
3 1093 1091 1083 
3 1072 1077 1109 
3 1109 1096 1072 
3 1077 1079 1112 
3 1112 1109 1077 
3 1096 1109 1116 
3 1116 1114 1096 
3 1109 1112 1119 
3 1119 1116 1109 
3 1079 1091 1146 
3 1146 1112 1079 
3 1091 1093 1157 
3 1157 1146 1091 
3 1112 1146 1162 
3 1162 1119 1112 
3 1146 1157 1168 
3 1168 1162 1146 
3 1089 1019 1173 
3 967 1019 1089 
3 1173 1048 1179 
3 1019 1048 1173 
3 1089 1173 1182 
3 1182 1093 1089 
3 1182 1179 1183 
3 1173 1179 1182 
3 1179 287 1186 
3 1048 287 1179 
3 547 1186 528 
3 1186 303 528 
3 303 323 528 
3 1186 287 303 
3 1179 1186 1188 
3 1188 1183 1179 
3 1188 547 1192 
3 1186 547 1188 
3 1093 1182 1197 
3 1197 1157 1093 
3 1182 1183 1201 
3 1201 1197 1182 
3 1157 1197 1209 
3 1209 1168 1157 
3 1197 1201 1213 
3 1213 1209 1197 
3 1201 1188 1217 
3 1183 1188 1201 
3 1217 1192 1219 
3 1188 1192 1217 
3 1201 1217 1220 
3 1220 1213 1201 
3 1220 1219 1245 
3 1217 1219 1220 
3 141 344 26 
3 141 398 344 
3 141 446 398 
3 446 409 398 
3 141 725 446 
3 725 469 446 
3 1250 469 725 
3 725 726 1250 
3 1252 484 1250 
3 484 469 1250 
3 1252 502 484 
3 136 1255 138 
3 142 1255 136 
3 142 1273 1255 
3 142 140 1273 
3 140 139 1273 
3 145 1276 146 
3 145 144 1276 
3 144 143 1276 
3 143 723 1276 
3 723 921 1276 
3 723 755 921 
3 139 1277 1273 
3 139 146 1277 
3 146 1276 1277 
3 1277 921 940 
3 1276 921 1277 
3 726 1281 1250 
3 726 138 1281 
3 138 1255 1281 
3 1255 1273 1284 
3 1284 1281 1255 
3 1252 1281 1290 
3 1250 1281 1252 
3 1281 1284 749 
3 749 1290 1281 
3 1273 1277 1294 
3 1294 1284 1273 
3 1277 940 971 
3 971 1294 1277 
3 1284 1294 753 
3 753 749 1284 
3 753 971 792 
3 1294 971 753 
3 1298 550 555 
3 1298 1192 550 
3 1192 547 550 
3 1301 570 574 
3 1301 1298 570 
3 1298 555 570 
3 1303 580 1252 
3 580 502 1252 
3 1303 609 580 
3 1305 582 609 
3 1305 1301 582 
3 1301 574 582 
3 609 1303 815 
3 815 1305 609 
3 1219 1298 1312 
3 1192 1298 1219 
3 1312 1301 1323 
3 1298 1301 1312 
3 1245 1312 1326 
3 1219 1312 1245 
3 1326 1323 1330 
3 1312 1323 1326 
3 1323 1305 1333 
3 1301 1305 1323 
3 1333 815 821 
3 1305 815 1333 
3 1330 1333 1337 
3 1323 1333 1330 
3 1337 821 836 
3 1333 821 1337 
3 1252 1290 1340 
3 1340 1303 1252 
3 1340 749 780 
3 1290 749 1340 
3 1303 1340 817 
3 817 815 1303 
3 817 780 794 
3 1340 780 817 
3 1734 681 690 
3 1739 690 693 
3 1739 1736 690 
3 1736 1734 690 
3 1739 693 696 
3 1744 1743 1745 
3 1742 1743 1744 
3 1745 1736 1478 
3 1743 1736 1745 
3 1525 713 1745 
3 713 684 1745 
3 684 1744 1745 
3 120 1528 23 
3 1528 1480 23 
3 1528 1745 1480 
3 1745 1478 1480 
3 1528 1525 1745 
3 12 1736 714 
3 1736 1739 714 
3 12 1478 1736 
3 1739 696 714 
3 728 727 1753 
3 729 682 1756 
3 1756 687 729 
3 1753 730 1758 
3 727 730 1753 
3 1758 731 1762 
3 730 731 1758 
3 1674 732 1753 
3 732 728 1753 
3 1674 1675 732 
3 1677 1704 1676 
3 1704 1452 1676 
3 1452 732 1676 
3 732 1675 1676 
3 1452 116 732 
3 1677 1603 1704 
3 1679 1758 1678 
3 1679 1753 1758 
3 1679 1680 1753 
3 1680 1674 1753 
3 1682 1681 1762 
3 1681 1758 1762 
3 1681 1678 1758 
3 1533 733 1531 
3 733 713 1531 
3 713 1525 1531 
3 1604 1684 1458 
3 1684 1762 1458 
3 1762 731 1458 
3 731 733 1458 
3 733 126 1458 
3 126 128 1458 
3 733 1533 126 
3 1682 1762 1684 
3 1684 1683 1682 
3 2068 1791 2160 
3 2068 2073 1791 
3 2073 1787 1791 
3 2073 2076 1787 
3 2076 2165 1787 
3 2165 1812 1787 
3 2160 1791 1831 
3 2165 1830 1812 
3 2183 2177 2189 
3 2170 2177 2183 
3 2189 2199 2205 
3 2177 2199 2189 
3 2098 2189 2210 
3 2098 2082 2189 
3 2082 2183 2189 
3 1854 2189 1840 
3 2189 2205 1840 
3 1854 2210 2189 
3 2105 1861 2231 
3 1861 1866 2231 
3 2105 2210 1861 
3 2105 2098 2210 
3 2210 1854 1861 
3 2231 1866 1838 
3 2240 1808 1875 
3 2245 1875 1889 
3 2240 1875 2245 
3 2248 1889 1890 
3 2245 1889 2248 
3 2057 2674 2631 
3 2674 2922 2631 
3 2922 2846 2631 
3 2674 2673 2922 
3 2864 2632 2863 
3 2632 2629 2863 
3 2629 2860 2863 
3 2889 2068 2876 
3 2068 2632 2876 
3 2632 2864 2876 
3 756 763 784 
3 784 765 756 
3 763 789 826 
3 826 784 763 
3 765 784 879 
3 879 841 765 
3 784 826 897 
3 897 879 784 
3 955 979 987 
3 987 985 955 
3 979 841 994 
3 994 987 979 
3 985 987 1056 
3 1056 1049 985 
3 987 994 1098 
3 1098 1056 987 
3 841 879 1106 
3 1106 994 841 
3 879 897 1113 
3 1113 1106 879 
3 994 1106 1149 
3 1149 1098 994 
3 1106 1113 1165 
3 1165 1149 1106 
3 689 686 1740 
3 1740 691 689 
3 698 697 1747 
3 711 1747 1751 
3 698 1747 711 
3 716 711 1751 
3 125 1560 1754 
3 1754 717 125 
3 1754 1750 1757 
3 1560 1750 1754 
3 1760 717 1754 
3 1760 697 717 
3 1760 1747 697 
3 1754 1757 1764 
3 1764 1760 1754 
3 1757 706 718 
3 1750 706 1757 
3 1757 718 719 
3 719 1764 1757 
3 1747 1760 1766 
3 1766 1751 1747 
3 721 1764 720 
3 721 1760 1764 
3 721 1766 1760 
3 716 1751 1766 
3 1766 722 716 
3 1766 721 722 
3 1764 719 720 
3 2158 1900 1786 
3 1570 1568 2168 
3 2168 1798 1570 
3 2207 1850 2176 
3 1850 1578 2176 
3 1578 1584 2176 
3 1584 1900 2176 
3 1900 2158 2176 
3 1850 1918 1578 
3 1918 1580 1578 
3 1918 1842 1580 
3 1842 1568 1580 
3 1842 2168 1568 
3 1684 1604 1965 
3 2136 2153 1888 
3 2153 2526 1888 
3 2526 1605 1888 
3 1605 1606 1888 
3 2526 1897 1605 
3 1897 1965 1605 
3 1965 1604 1605 
3 2084 2262 2195 
3 2084 2454 2262 
3 2454 2280 2262 
3 2084 2108 2454 
3 2064 2676 2680 
3 2680 2070 2064 
3 2680 2681 2685 
3 2676 2681 2680 
3 2070 2680 2687 
3 2687 2084 2070 
3 2687 2685 2689 
3 2680 2685 2687 
3 2108 2691 2693 
3 2693 2113 2108 
3 2113 2693 2696 
3 2696 2116 2113 
3 2121 2696 2700 
3 2116 2696 2121 
3 2121 2700 2677 
3 2677 2061 2121 
3 2685 2705 2707 
3 2681 2705 2685 
3 2707 2723 2729 
3 2705 2723 2707 
3 2689 2707 2730 
3 2685 2707 2689 
3 2730 2729 2735 
3 2707 2729 2730 
3 2729 2739 2760 
3 2723 2739 2729 
3 2739 2764 2768 
3 2768 2760 2739 
3 2735 2760 2770 
3 2729 2760 2735 
3 2760 2768 2775 
3 2775 2770 2760 
3 2735 2770 2783 
3 2783 2779 2735 
3 2783 2775 2790 
3 2770 2775 2783 
3 2779 2783 2809 
3 2809 2793 2779 
3 2783 2790 2827 
3 2827 2809 2783 
3 2839 2838 2856 
3 2833 2838 2839 
3 2856 2678 2692 
3 2838 2678 2856 
3 2861 2856 2870 
3 2839 2856 2861 
3 2856 2692 2716 
3 2716 2870 2856 
3 2861 2870 2874 
3 2874 2872 2861 
3 2874 2716 2748 
3 2870 2716 2874 
3 2877 2874 2883 
3 2872 2874 2877 
3 2874 2748 2763 
3 2763 2883 2874 
3 2691 2888 2891 
3 2891 2693 2691 
3 2888 2793 2893 
3 2893 2891 2888 
3 2693 2891 2908 
3 2908 2696 2693 
3 2891 2893 2910 
3 2910 2908 2891 
3 2893 2809 2911 
3 2793 2809 2893 
3 2809 2827 2915 
3 2915 2911 2809 
3 2910 2911 2917 
3 2893 2911 2910 
3 2911 2915 2920 
3 2920 2917 2911 
3 2696 2908 2921 
3 2921 2700 2696 
3 2921 2910 2923 
3 2908 2910 2921 
3 2677 2921 2702 
3 2700 2921 2677 
3 2702 2923 2725 
3 2921 2923 2702 
3 2923 2917 2925 
3 2910 2917 2923 
3 2925 2920 2927 
3 2917 2920 2925 
3 2923 2925 2742 
3 2742 2725 2923 
3 2742 2927 2747 
3 2925 2927 2742 
3 2915 2929 2931 
3 2827 2929 2915 
3 2929 2877 2933 
3 2933 2931 2929 
3 2920 2931 2935 
3 2915 2931 2920 
3 2935 2933 2937 
3 2931 2933 2935 
3 2877 2883 2938 
3 2938 2933 2877 
3 2938 2763 2778 
3 2883 2763 2938 
3 2937 2938 2940 
3 2933 2938 2937 
3 2940 2778 2788 
3 2938 2778 2940 
3 2927 2935 2942 
3 2920 2935 2927 
3 2935 2937 2654 
3 2654 2942 2935 
3 2927 2942 2786 
3 2786 2747 2927 
3 2660 2786 2656 
3 2786 2942 2656 
3 2942 2654 2656 
3 2658 2655 2940 
3 2655 2937 2940 
3 2655 2654 2937 
3 2641 2940 2647 
3 2940 2788 2647 
3 2788 2649 2647 
3 2641 2658 2940 
3 2894 2131 2132 
3 2948 2902 2134 
3 2902 2894 2134 
3 2894 2132 2134 
3 2948 2134 2145 
3 2902 2948 2950 
3 2950 2907 2902 
3 2950 2145 2148 
3 2948 2145 2950 
3 2678 2950 2684 
3 2907 2950 2678 
3 2684 2148 2081 
3 2950 2148 2684 
3 1721 1517 1518 
3 1721 1405 1517 
3 1405 1511 1517 
3 1721 1620 1405 
3 1724 1688 1692 
3 1724 1721 1688 
3 1721 1374 1688 
3 1721 1518 1374 
3 1724 1696 1583 
3 1692 1696 1724 
3 1722 1733 1728 
3 1644 1728 1409 
3 1728 1733 1409 
3 1733 683 1409 
3 683 92 1409 
3 1632 1737 1672 
3 1705 1737 1632 
3 1672 1737 1673 
3 1748 1401 692 
3 1401 1486 692 
3 1486 135 692 
3 1748 1705 1401 
3 1748 692 695 
3 702 1705 700 
3 1705 1748 700 
3 702 1737 1705 
3 1748 695 700 
3 1731 705 1752 
3 1731 1673 705 
3 1673 702 705 
3 1673 1737 702 
3 1752 705 707 
3 1731 1752 1732 
3 1633 1732 1706 
3 1732 1752 1706 
3 1752 1473 1706 
3 1752 707 1473 
3 707 708 1473 
3 708 1561 1473 
3 1561 708 709 
3 1787 1616 1791 
3 1614 1616 1787 
3 1617 1614 1787 
3 1787 1812 1617 
3 1616 1618 1831 
3 1831 1791 1616 
3 1812 1830 1617 
3 1830 1913 1617 
3 1913 1621 1617 
3 1913 1600 1621 
3 1840 1919 1854 
3 1861 1923 1866 
3 1861 1625 1923 
3 1861 1854 1625 
3 1854 1623 1625 
3 1854 1919 1623 
3 1838 1866 1598 
3 1866 1923 1598 
3 1923 1626 1598 
3 1923 1625 1626 
3 1905 1929 1932 
3 1932 1912 1905 
3 1929 1950 1951 
3 1951 1932 1929 
3 1875 1932 1952 
3 1875 1808 1932 
3 1808 1912 1932 
3 1952 1951 1954 
3 1932 1951 1952 
3 1951 1633 1635 
3 1950 1633 1951 
3 1951 1635 1637 
3 1637 1954 1951 
3 1875 1962 1889 
3 1952 1962 1875 
3 1962 1954 1964 
3 1952 1954 1962 
3 1962 1966 1890 
3 1890 1889 1962 
3 1962 1964 1969 
3 1969 1966 1962 
3 1954 1637 1639 
3 1639 1964 1954 
3 1969 1639 1641 
3 1964 1639 1969 
3 2196 2188 2206 
3 2181 2188 2196 
3 2188 2213 2215 
3 2215 2206 2188 
3 2261 2206 2266 
3 2196 2206 2261 
3 2266 2215 2279 
3 2206 2215 2266 
3 2215 2307 2312 
3 2213 2307 2215 
3 2307 2316 2317 
3 2317 2312 2307 
3 2215 2312 2319 
3 2319 2279 2215 
3 2319 2317 2200 
3 2312 2317 2319 
3 2074 2328 2069 
3 2074 2341 2328 
3 2074 2083 2341 
3 2083 2345 2341 
3 2353 2345 2083 
3 2083 2086 2353 
3 2359 2345 2391 
3 2341 2345 2359 
3 2104 2345 2353 
3 2104 2111 2345 
3 2111 2391 2345 
3 2112 2353 2086 
3 2104 2353 2112 
3 2412 2391 2429 
3 2359 2391 2412 
3 2114 2391 2111 
3 2429 2391 2114 
3 2316 2429 2435 
3 2412 2429 2316 
3 2114 2435 2429 
3 2114 2438 2435 
3 2114 2115 2438 
3 2119 2438 2115 
3 2316 2435 2441 
3 2441 2317 2316 
3 2124 2435 2438 
3 2124 2126 2435 
3 2126 2441 2435 
3 2200 2441 2201 
3 2317 2441 2200 
3 2072 2441 2126 
3 2201 2441 2072 
3 2124 2438 2119 
3 2369 2466 2479 
3 2356 2466 2369 
3 2479 2483 2490 
3 2466 2483 2479 
3 1774 2369 2479 
3 1773 2369 1774 
3 2493 1775 2490 
3 1775 1774 2490 
3 1774 2479 2490 
3 2483 2487 2497 
3 2497 2490 2483 
3 2497 2261 2501 
3 2487 2261 2497 
3 2490 2497 2504 
3 2504 2493 2490 
3 2504 2501 2506 
3 2497 2501 2504 
3 1777 1775 2493 
3 2514 1778 2504 
3 1778 1777 2504 
3 1777 2493 2504 
3 2514 2506 2516 
3 2504 2506 2514 
3 1779 1778 2514 
3 2519 1779 2516 
3 1779 2514 2516 
3 2519 1781 1779 
3 2261 2266 2527 
3 2527 2501 2261 
3 2527 2279 2538 
3 2266 2279 2527 
3 2501 2527 2539 
3 2539 2506 2501 
3 2527 2538 2540 
3 2540 2539 2527 
3 2279 2319 2541 
3 2541 2538 2279 
3 2541 2200 2203 
3 2319 2200 2541 
3 2538 2541 2543 
3 2543 2540 2538 
3 2541 2203 2217 
3 2217 2543 2541 
3 2516 2539 2545 
3 2506 2539 2516 
3 2545 2540 2548 
3 2539 2540 2545 
3 2516 2545 2550 
3 2550 2519 2516 
3 2550 2548 2575 
3 2545 2548 2550 
3 2540 2543 2580 
3 2580 2548 2540 
3 2543 2217 2230 
3 2230 2580 2543 
3 2575 2580 2585 
3 2548 2580 2575 
3 2580 2230 2246 
3 2246 2585 2580 
3 1785 1784 2588 
3 2590 1781 2519 
3 2590 2588 1781 
3 2588 1784 1781 
3 1785 2588 2591 
3 2591 1800 1785 
3 2591 2590 2159 
3 2588 2590 2591 
3 2373 1803 1807 
3 2373 1807 1811 
3 1806 1819 2294 
3 1822 2591 2593 
3 1800 2591 1822 
3 2593 2159 2169 
3 2591 2159 2593 
3 2296 1822 2593 
3 2296 1819 1822 
3 2296 2294 1819 
3 2593 2169 2185 
3 2185 2296 2593 
3 2590 2550 2596 
3 2519 2550 2590 
3 2550 2575 2598 
3 2598 2596 2550 
3 2159 2596 2163 
3 2590 2596 2159 
3 2596 2598 2175 
3 2175 2163 2596 
3 2575 2585 1999 
3 1999 2598 2575 
3 2002 2000 2246 
3 2000 2585 2246 
3 2000 1999 2585 
3 2003 2175 1980 
3 2175 2015 1980 
3 2175 2598 2015 
3 2598 1976 2015 
3 2598 1999 1976 
3 2383 2313 2379 
3 2313 2403 2379 
3 2403 2375 2379 
3 2313 2309 2403 
3 2383 2318 2313 
3 2417 2459 2396 
3 2459 2325 2396 
3 2325 2318 2396 
3 2318 2383 2396 
3 2459 2331 2325 
3 0 148 2 
3 2 151 4 
3 148 151 2 
3 4 151 5 
3 9 154 7 
3 166 161 167 
3 157 161 166 
3 167 169 177 
3 161 169 167 
3 166 167 181 
3 181 180 166 
3 167 177 182 
3 182 181 167 
3 177 183 186 
3 169 183 177 
3 183 188 190 
3 190 186 183 
3 177 186 194 
3 194 182 177 
3 194 190 200 
3 186 190 194 
3 188 204 205 
3 205 190 188 
3 204 207 209 
3 209 205 204 
3 200 205 210 
3 190 205 200 
3 205 209 217 
3 217 210 205 
3 209 223 225 
3 207 223 209 
3 225 244 250 
3 223 244 225 
3 209 225 276 
3 276 217 209 
3 225 250 282 
3 282 276 225 
3 180 181 286 
3 286 285 180 
3 286 182 289 
3 181 182 286 
3 285 286 292 
3 292 189 285 
3 286 289 296 
3 296 292 286 
3 289 194 304 
3 182 194 289 
3 194 200 307 
3 307 304 194 
3 296 304 309 
3 289 304 296 
3 304 307 310 
3 310 309 304 
3 189 292 312 
3 312 191 189 
3 312 296 313 
3 292 296 312 
3 18 312 314 
3 18 191 312 
3 18 16 191 
3 312 313 316 
3 316 314 312 
3 313 309 317 
3 296 309 313 
3 317 310 319 
3 309 310 317 
3 20 30 317 
3 30 313 317 
3 30 316 313 
3 317 319 36 
3 36 20 317 
3 200 210 328 
3 328 307 200 
3 328 217 341 
3 210 217 328 
3 307 328 343 
3 343 310 307 
3 343 341 346 
3 328 341 343 
3 217 276 349 
3 349 341 217 
3 276 282 351 
3 351 349 276 
3 346 349 355 
3 341 349 346 
3 355 351 357 
3 349 351 355 
3 319 343 359 
3 310 343 319 
3 343 346 362 
3 362 359 343 
3 36 359 39 
3 319 359 36 
3 39 362 43 
3 359 362 39 
3 45 346 355 
3 45 55 346 
3 55 362 346 
3 45 357 59 
3 355 357 45 
3 43 362 55 
3 282 368 371 
3 371 351 282 
3 368 380 382 
3 382 371 368 
3 357 371 401 
3 351 371 357 
3 401 382 403 
3 371 382 401 
3 62 401 407 
3 62 59 401 
3 59 357 401 
3 65 401 403 
3 65 68 401 
3 68 407 401 
3 62 407 70 
3 70 407 68 
3 416 418 443 
3 443 423 416 
3 443 448 449 
3 418 448 443 
3 451 443 453 
3 423 443 451 
3 443 449 455 
3 455 453 443 
3 449 467 470 
3 448 467 449 
3 467 473 477 
3 477 470 467 
3 449 470 480 
3 480 455 449 
3 470 477 247 
3 247 480 470 
3 477 483 485 
3 473 483 477 
3 485 509 512 
3 483 509 485 
3 477 485 248 
3 248 247 477 
3 248 512 259 
3 485 512 248 
3 18 314 72 
3 314 316 81 
3 81 72 314 
3 88 513 85 
3 81 316 30 
3 90 513 88 
3 515 513 90 
3 91 515 90 
3 517 520 93 
3 93 92 517 
3 520 523 525 
3 517 523 520 
3 520 539 95 
3 95 93 520 
3 539 525 541 
3 520 525 539 
3 525 542 544 
3 523 542 525 
3 542 147 172 
3 172 544 542 
3 525 544 548 
3 548 541 525 
3 548 172 198 
3 544 172 548 
3 95 539 100 
3 102 541 551 
3 102 100 541 
3 100 539 541 
3 102 551 104 
3 551 548 554 
3 541 548 551 
3 554 198 278 
3 548 198 554 
3 106 554 557 
3 106 104 554 
3 104 551 554 
3 557 278 288 
3 554 278 557 
3 557 559 108 
3 108 106 557 
3 559 288 301 
3 557 288 559 
3 108 559 109 
3 110 301 308 
3 110 109 301 
3 109 559 301 
3 564 453 576 
3 451 453 564 
3 576 455 577 
3 453 455 576 
3 564 576 150 
3 150 147 564 
3 150 577 179 
3 576 577 150 
3 455 480 578 
3 578 577 455 
3 578 247 257 
3 480 247 578 
3 577 578 208 
3 208 179 577 
3 208 257 228 
3 578 257 208 
3 1484 0 2 
3 1484 2 4 
3 4 1489 1484 
3 4 5 1489 
3 9 7 1365 
3 1365 1367 9 
3 1483 16 18 
3 30 20 1502 
3 20 36 1511 
3 1511 1502 20 
3 1511 39 1517 
3 36 39 1511 
3 1517 43 1518 
3 39 43 1517 
3 55 45 1519 
3 1519 59 1521 
3 45 59 1519 
3 1372 1374 1519 
3 1374 55 1519 
3 1374 1518 55 
3 1518 43 55 
3 1372 1521 1377 
3 1519 1521 1372 
3 1521 59 62 
3 68 65 1536 
3 1382 62 70 
3 1382 1521 62 
3 1382 1377 1521 
3 1384 1382 1536 
3 1382 68 1536 
3 1382 70 68 
3 1548 1543 72 
3 1543 18 72 
3 1543 1483 18 
3 1387 1391 81 
3 1391 1548 81 
3 1548 72 81 
3 1393 1543 1548 
3 1393 1395 1543 
3 1395 85 1543 
3 1395 88 85 
3 1393 1548 1391 
3 1402 30 1502 
3 1402 81 30 
3 1402 1387 81 
3 1402 1511 1405 
3 1502 1511 1402 
3 1395 1407 88 
3 1407 1546 88 
3 1546 90 88 
3 91 90 1546 
3 1409 93 1410 
3 92 93 1409 
3 1411 93 1557 
3 93 95 1557 
3 1411 1410 93 
3 1411 1557 1419 
3 1557 95 100 
3 1422 1557 102 
3 1557 100 102 
3 1422 1419 1557 
3 1424 1422 1479 
3 1422 104 1479 
3 1422 102 104 
3 1479 104 106 
3 1424 1479 1368 
3 1583 1576 2633 
3 2633 1576 1722 
