ply
format ascii 1.0
element vertex 8493
property float x
property float y
property float z
property uchar red
property uchar green
property uchar blue
property float nx
property float ny
property float nz
element face 16833
property list uchar int vertex_indices
end_header
2180.0 2277.0 2263.3048 204 248 175 -0.0293096 0.00505337 0.999558 
2220.0 2261.0 2263.3048 205 248 175 -0.0610105 -0.0787589 0.995025 
2180.0 2277.0 2263.3048 204 248 175 -0.0332812 0.00100852 0.999445 
2220.0 2262.0 2263.3048 205 248 175 -0.0719603 -0.0653178 0.995266 
2180.0 2278.0 2263.3048 204 248 175 -0.0231088 -0.00703312 0.999708 
2220.0 2261.0 2263.3048 203 248 175 -0.042118 -0.0680368 0.996793 
2220.0 2261.0 2263.3048 203 248 175 -0.0471087 -0.0777842 0.995857 
2220.0 2260.0 2263.3048 203 248 175 -0.0419493 -0.0634617 0.997102 
2210.0 2263.0 2263.3048 203 247 175 -0.030997 -0.0673383 0.997249 
2210.0 2263.0 2263.3048 203 247 175 -0.0338687 -0.0906808 0.995304 
2210.0 2264.0 2263.3048 203 247 175 -0.00938734 -0.0594531 0.998187 
2210.0 2263.0 2263.3048 203 247 175 -0.035779 -0.076979 0.996391 
2220.0 2262.0 2263.3048 203 247 175 -0.0398015 -0.0634673 0.99719 
2180.0 2277.0 2263.3045 204 248 175 -0.0189021 0.000994847 0.999821 
2210.0 2260.0 2263.1094000000003 205 248 175 -0.0424569 -0.0772933 0.996104 
2220.0 2260.0 2263.1536 205 248 175 -0.0491955 -0.0754332 0.995937 
2210.0 2261.0 2263.1765 205 248 175 -0.0377179 -0.0700475 0.99683 
2220.0 2261.0 2263.2224 205 248 175 -0.0512889 -0.068749 0.996315 
2220.0 2260.0 2263.2124000000003 205 248 175 -0.0514885 -0.0755894 0.995809 
2220.0 2261.0 2263.2845 205 248 175 -0.0605156 -0.0693179 0.995757 
2210.0 2262.0 2263.25 205 248 175 -0.0354891 -0.0699029 0.996922 
2220.0 2262.0 2263.2973 205 248 175 -0.0490052 -0.0686073 0.996439 
2220.0 2260.0 2263.2638 203 248 175 -0.047014 -0.0754411 0.996041 
2210.0 2262.0 2263.2134 203 247 175 -0.0139393 -0.0868526 0.996124 
2210.0 2262.0 2263.2233 203 247 175 -0.0224854 -0.0760221 0.996853 
2210.0 2263.0 2263.2765 203 247 175 -0.00942416 -0.0638748 0.997913 
2210.0 2263.0 2263.2969000000003 203 247 175 -0.0244838 -0.0670643 0.997448 
2300.0 2250.0 2263.8457000000003 204 248 175 0.103256 0.0163036 0.994521 
2190.0 2288.0 2263.8457000000003 203 247 176 -0.228667 0.329338 0.916105 
2300.0 2257.0 2263.8457000000003 204 248 175 0.0557478 0.0220887 0.9982 
2300.0 2251.0 2263.8457000000003 204 248 175 0.0680368 -0.042118 0.996793 
2300.0 2251.0 2263.8457000000003 204 248 175 0.08387 -0.0682143 0.994139 
2300.0 2251.0 2263.8457000000003 204 248 175 0.0814639 -0.0358441 0.996032 
2300.0 2252.0 2263.8457000000003 204 248 175 0.13945 0.030611 0.989756 
2300.0 2257.0 2263.8457000000003 204 248 175 0.125093 0.0585299 0.990417 
2300.0 2253.0 2263.8457000000003 204 248 175 0.197938 0.103326 0.974753 
2300.0 2253.0 2263.8457000000003 204 247 175 0.230578 0.0894593 0.968933 
2300.0 2253.0 2263.8457000000003 204 247 175 0.118174 0.0924329 0.988681 
2300.0 2253.0 2263.8457000000003 204 247 175 0.139097 -0.071302 0.987708 
2300.0 2258.0 2263.8457000000003 204 248 175 0.0881515 0.0613713 0.994215 
2200.0 2299.0 2263.8457000000003 203 248 176 -0.13655 0.452772 0.881108 
2300.0 2254.0 2263.8457000000003 204 247 175 0.217604 -0.132622 0.966985 
2300.0 2258.0 2263.8457000000003 204 248 175 0.124116 -0.0301903 0.991808 
2290.0 2259.0 2263.8457000000003 204 248 175 -0.0861468 0.27387 0.957901 
2300.0 2259.0 2263.8457000000003 204 248 175 -0.226877 0.0276094 0.973532 
2200.0 2299.0 2263.8457000000003 203 248 176 0.0220878 0.388485 0.92119 
2290.0 2258.0 2263.8457000000003 204 247 175 0.172596 0.694966 0.698021 
2190.0 2288.0 2263.8457000000003 203 247 176 0.0370704 0.325964 0.944655 
2300.0 2249.0 2263.8457000000003 204 248 175 0.176913 -0.0939469 0.979732 
2200.0 2299.0 2263.8457000000003 203 248 176 -0.0989955 0.520802 0.847918 
2190.0 2288.0 2263.8457000000003 203 247 176 0.00127864 0.387428 0.921899 
2290.0 2259.0 2263.8457000000003 204 248 175 -0.065417 -0.228342 0.971381 
2290.0 2258.0 2263.8457000000003 204 247 175 0.957337 0.0595958 0.282763 
2190.0 2288.0 2263.8457000000003 203 248 176 -0.0437859 0.622889 0.781084 
2290.0 2258.0 2263.8457000000003 204 247 175 -0.51683 0.0149216 0.855958 
2190.0 2288.0 2263.8457000000003 203 248 175 -0.509168 0.392043 0.766192 
2300.0 2258.0 2263.8457000000003 204 248 175 0.110937 -0.0969238 0.98909 
2290.0 2258.0 2263.8457000000003 205 248 175 0.0812132 0.0995148 0.991716 
2300.0 2250.0 2263.8457000000003 204 248 175 0.181953 -0.0387383 0.982544 
2300.0 2259.0 2263.8457000000003 204 248 175 0.0694607 -0.0628454 0.995603 
2290.0 2258.0 2263.8457000000003 205 248 175 0.320681 0.00123815 0.947186 
2290.0 2258.0 2263.8457000000003 205 248 175 -0.0928443 -0.00320153 0.995675 
2290.0 2258.0 2263.8457000000003 205 248 174 0.00948093 -0.532286 0.846511 
2300.0 2259.0 2263.8457000000003 204 248 175 0.222475 -0.0474127 0.973785 
2300.0 2259.0 2263.8457000000003 204 248 175 -0.0567864 -0.0417862 0.997512 
2300.0 2259.0 2263.8457000000003 204 248 175 -0.130503 -0.137821 0.981822 
2300.0 2259.0 2263.8457000000003 204 248 175 0.0320554 -0.10722 0.993718 
2300.0 2260.0 2263.8457000000003 204 248 175 0.0360373 -0.170886 0.984631 
2190.0 2289.0 2263.8457000000003 203 248 175 -0.373795 0.210896 0.903217 
2300.0 2263.0 2263.8457000000003 204 248 175 0.0713167 0.243978 0.967155 
2300.0 2263.0 2263.8457000000003 204 248 175 0.456755 0.0617236 0.887449 
2300.0 2263.0 2263.8457000000003 204 248 175 -0.223492 0.00117011 0.974705 
2190.0 2289.0 2263.8457000000003 203 248 175 -0.00938521 0.497416 0.867461 
2300.0 2263.0 2263.8457000000003 204 247 175 -0.0196048 -0.17875 0.983699 
2290.0 2258.0 2263.8457000000003 205 247 174 0.156281 -0.148779 0.976443 
2300.0 2263.0 2263.8457000000003 204 248 175 -0.0400144 0.142908 0.988927 
2190.0 2293.0 2263.8457000000003 203 248 176 -0.192465 0.164048 0.967494 
2300.0 2263.0 2263.8457000000003 204 248 175 0.20605 -0.0369223 0.977845 
2300.0 2263.0 2263.8457000000003 204 248 175 -0.128331 0.0883009 0.987793 
2190.0 2293.0 2263.8457000000003 203 248 176 -0.167968 0.228807 0.958871 
2300.0 2263.0 2263.8457000000003 204 248 175 0.0396394 -0.127979 0.990984 
2290.0 2259.0 2263.8457000000003 205 248 174 0.210878 0.00582536 0.977495 
2190.0 2289.0 2263.8457000000003 204 247 175 -0.139469 0.655354 0.742334 
2190.0 2281.0 2263.8457000000003 203 248 175 -0.235194 -0.114384 0.965194 
2290.0 2262.0 2263.8457000000003 205 248 174 0.00122652 0.30295 0.953006 
2190.0 2289.0 2263.8457000000003 204 248 175 -0.515649 0.742996 0.426687 
2290.0 2262.0 2263.8457000000003 205 248 174 0.558713 -0.170174 0.811715 
2190.0 2282.0 2263.8457000000003 203 248 175 -0.214126 0.235947 0.947881 
2290.0 2262.0 2263.8457000000003 205 248 174 -0.216791 -0.0496561 0.974954 
2190.0 2289.0 2263.8457000000003 204 248 175 -0.805498 0.067006 0.588798 
2290.0 2262.0 2263.8457000000003 205 248 174 0.00134404 -0.525521 0.85078 
2190.0 2289.0 2263.8457000000003 204 247 175 -0.585116 -0.260227 0.768063 
2190.0 2290.0 2263.8457000000003 204 247 175 -0.426762 -0.311924 0.848868 
2190.0 2290.0 2263.8457000000003 204 248 175 -0.289759 -0.35882 0.887292 
2300.0 2254.0 2263.8457000000003 204 248 175 0.111917 -0.24313 0.963516 
2190.0 2290.0 2263.8457000000003 204 248 175 -0.214898 -0.317365 0.923633 
2300.0 2254.0 2263.8457000000003 205 248 175 0.0254158 0.111609 0.993427 
2300.0 2255.0 2263.8457000000003 205 248 175 0.144057 0.066758 0.987315 
2300.0 2255.0 2263.8457000000003 205 247 175 0.109575 -0.0795859 0.990787 
2190.0 2293.0 2263.8457000000003 203 247 175 -0.141022 0.249094 0.958157 
2300.0 2255.0 2263.8457000000003 204 248 175 0.0292638 -0.186117 0.982092 
2300.0 2254.0 2263.8457000000003 204 248 175 -0.0210367 -0.290802 0.956552 
2190.0 2293.0 2263.8457000000003 203 247 175 -0.136573 0.269169 0.95336 
2300.0 2254.0 2263.8457000000003 204 248 175 0.0961301 -0.100763 0.990255 
2190.0 2294.0 2263.8457000000003 203 247 175 -0.16272 0.374963 0.912647 
2300.0 2255.0 2263.8457000000003 204 248 175 -0.164574 0.010215 0.986312 
2190.0 2294.0 2263.8457000000003 203 247 175 -0.205612 0.352272 0.913032 
2300.0 2255.0 2263.8457000000003 204 248 175 0.0890644 -0.0428829 0.995102 
2190.0 2294.0 2263.8457000000003 203 247 175 -0.212212 0.177942 0.960886 
2190.0 2294.0 2263.8457000000003 203 247 175 -0.240524 0.199757 0.949866 
2300.0 2255.0 2263.8457000000003 204 247 175 -0.20696 -0.0248352 0.978034 
2190.0 2295.0 2263.8457000000003 203 247 175 -0.0492027 0.133877 0.989776 
2190.0 2298.0 2263.8457000000003 203 248 175 -0.332776 0.111823 0.936352 
2200.0 2299.0 2263.8457000000003 203 248 175 -0.227219 0.446915 0.865239 
2300.0 2257.0 2263.8412000000003 204 248 175 0.0861031 0.0659751 0.994099 
2300.0 2250.0 2263.8222 204 248 175 0.108256 -0.0164024 0.993988 
2270.0 2247.0 2263.5308 203 248 176 -0.0257797 -0.0299044 0.99922 
2300.0 2257.0 2263.7815 204 248 175 0.0915136 0.0734369 0.993092 
2180.0 2289.0 2263.4988000000003 203 248 175 0.0257282 0.0277864 0.999283 
2300.0 2258.0 2263.8265 204 248 175 0.108776 0.00107699 0.994066 
2300.0 2250.0 2263.7638 204 248 175 0.117476 -0.0369209 0.992389 
2270.0 2247.0 2263.5425 203 248 176 -0.025881 -0.0362335 0.999008 
2180.0 2289.0 2263.5021 203 248 175 -0.0030378 0.0334158 0.999437 
2300.0 2258.0 2263.7628 204 248 175 0.0926586 -0.0294327 0.995263 
2300.0 2251.0 2263.8018 204 248 175 0.161083 -0.0382428 0.9862 
2180.0 2290.0 2263.4731 203 248 175 0.0416728 -0.00101641 0.999131 
2270.0 2248.0 2263.5461 203 248 176 -0.0422688 -0.0154642 0.998987 
2300.0 2257.0 2263.7935 204 248 175 0.0836578 0.0052948 0.996481 
2270.0 2248.0 2263.5787 203 248 176 -0.0151623 -0.0192056 0.999701 
2270.0 2247.0 2263.5565 204 247 176 -0.0131919 -0.0273985 0.999538 
2300.0 2251.0 2263.8409 204 248 175 0.199666 -0.00115414 0.979863 
2300.0 2252.0 2263.8084 204 248 175 0.184791 0.0560333 0.981179 
2180.0 2290.0 2263.4492 203 248 175 -0.0460688 -0.0546397 0.997443 
2300.0 2253.0 2263.7421 204 248 175 0.127054 0.100931 0.986747 
2300.0 2253.0 2263.8375 204 247 175 0.204554 0.00115567 0.978855 
2300.0 2253.0 2263.6893 204 247 175 0.150466 0.00111456 0.988615 
2190.0 2289.0 2263.5195000000003 203 248 175 -0.0461045 0.00307364 0.998932 
2300.0 2254.0 2263.7110000000002 204 247 175 0.119868 -0.198098 0.972825 
2190.0 2290.0 2263.5082 203 248 175 -0.0539784 -0.0306936 0.99807 
2300.0 2257.0 2263.7538 204 248 175 0.0310632 0.0674822 0.997237 
2300.0 2253.0 2263.7074000000002 203 247 175 0.0771795 0.00740077 0.99699 
2180.0 2290.0 2263.5204000000003 203 248 175 -0.00725778 -0.0549517 0.998463 
2180.0 2290.0 2263.5707 203 248 175 -0.0156173 -0.0530989 0.998467 
2300.0 2257.0 2263.7798000000003 204 248 175 0.0507086 -0.0113836 0.998649 
2300.0 2253.0 2263.6684 203 247 175 -0.037919 0.0112732 0.999217 
2190.0 2290.0 2263.5088 203 248 175 -0.0150124 -0.0110091 0.999827 
2300.0 2257.0 2263.7769000000003 204 248 175 0.0485445 0.00929576 0.998778 
2300.0 2253.0 2263.7236000000003 204 248 175 0.0071443 -0.039804 0.999182 
2270.0 2248.0 2263.5574 204 247 176 0.000994882 -0.016913 0.999856 
2300.0 2253.0 2263.7560000000003 204 248 175 0.00737202 -0.0726671 0.997329 
2190.0 2289.0 2263.5486 203 248 175 -0.0236211 -0.0297832 0.999277 
2190.0 2299.0 2263.609 203 248 175 -0.0273437 -0.01114 0.999564 
2300.0 2254.0 2263.6983 203 247 175 -0.0736744 -0.134485 0.988173 
2270.0 2248.0 2263.5579000000002 204 247 176 -0.0422688 -0.0154642 0.998987 
2270.0 2248.0 2263.5631000000003 204 247 176 -0.0411997 -0.0411997 0.998301 
2300.0 2254.0 2263.7893 204 248 175 -0.00322007 -0.099822 0.995 
2270.0 2248.0 2263.5766000000003 204 247 176 -0.0286893 -0.0605664 0.997752 
2190.0 2299.0 2263.5711 203 248 175 0.0283452 0.0493416 0.99838 
2300.0 2258.0 2263.7102 204 247 175 -0.0257797 -0.0299044 0.99922 
2290.0 2258.0 2263.7690000000002 204 247 175 0.000977516 0.000977516 0.999999 
2270.0 2247.0 2263.5655 204 248 176 -0.0495429 -0.0326773 0.998237 
2190.0 2300.0 2263.6284 203 248 175 -0.00966581 -0.0934362 0.995578 
2290.0 2258.0 2263.8303 205 248 175 0.000977516 0.000977516 0.999999 
2190.0 2290.0 2263.556 203 248 175 -0.0576095 -0.0157117 0.998216 
2190.0 2300.0 2263.5601 203 248 175 0.0274692 -0.102186 0.994386 
2300.0 2258.0 2263.7740000000003 204 248 175 0.0217838 -0.0404557 0.998944 
2190.0 2299.0 2263.5888 203 247 176 -0.0568973 0.0461619 0.997312 
2190.0 2289.0 2263.5308 203 248 175 0.0624525 -0.0646438 0.995952 
2290.0 2259.0 2263.81 204 248 175 0.000977516 0.000977516 0.999999 
2190.0 2300.0 2263.579 203 247 176 -0.0680877 -0.0792496 0.994527 
2190.0 2290.0 2263.5621 203 248 175 0.0152519 -0.0274534 0.999507 
2190.0 2290.0 2263.5707 203 248 175 -0.0421831 0.0133751 0.99902 
2190.0 2300.0 2263.7070000000003 203 248 175 -0.049043 -0.0198259 0.9986 
2190.0 2290.0 2263.5622000000003 203 248 175 0.0726658 0.00947814 0.997311 
2300.0 2259.0 2263.8336 204 248 175 0.0549508 0.00933127 0.998446 
2290.0 2262.0 2263.8349000000003 205 248 174 0.000977516 0.000977516 0.999999 
2180.0 2291.0 2263.5271000000002 203 248 176 0.00495505 -0.0109011 0.999928 
2190.0 2300.0 2263.6918 203 248 175 0.00737088 -0.0747617 0.997174 
2300.0 2259.0 2263.7332 204 248 175 -0.000989037 -0.0128575 0.999917 
2180.0 2291.0 2263.5211 203 248 176 -0.0129597 0.00697831 0.999892 
2270.0 2248.0 2263.5722 204 248 176 -0.104597 -0.0528608 0.993109 
2190.0 2300.0 2263.6788 203 248 175 -0.021063 -0.123052 0.992177 
2300.0 2255.0 2263.7959 205 248 175 0.000994847 0.0189021 0.999821 
2300.0 2259.0 2263.7829 204 248 175 0.0212318 -0.130743 0.991189 
2270.0 2247.0 2263.6327 203 248 176 -0.0489978 -0.0707746 0.996288 
2300.0 2255.0 2263.8104000000003 205 247 175 0.0010444 -0.0720634 0.9974 
2300.0 2259.0 2263.8234 204 248 175 0.0474794 -0.089438 0.99486 
2270.0 2248.0 2263.6714 203 248 176 -0.053682 -0.073402 0.995857 
2300.0 2254.0 2263.8245 204 248 175 0.0664318 -0.0511852 0.996477 
2270.0 2248.0 2263.6177000000002 204 248 176 -0.117988 -0.0652941 0.990866 
2270.0 2248.0 2263.7066 203 248 176 -0.0835347 -0.0612588 0.99462 
2270.0 2249.0 2263.5632 204 248 176 -0.0821538 -0.04272 0.995704 
2270.0 2249.0 2263.6368 204 248 176 -0.0450046 -0.0823254 0.995589 
2300.0 2263.0 2263.8092 204 248 175 0.000977516 0.000977516 0.999999 
2270.0 2249.0 2263.6198 203 248 176 -0.020458 -0.0872155 0.995979 
2270.0 2249.0 2263.6273 203 248 176 -0.131784 -0.096167 0.986603 
2300.0 2263.0 2263.8355 204 248 175 0.000977516 0.000977516 0.999999 
2180.0 2275.0 2263.4806000000003 203 248 176 -0.0238573 -0.0404538 0.998897 
2190.0 2291.0 2263.5345 203 248 176 0.00888415 -0.000987127 0.99996 
2180.0 2275.0 2263.4922 203 248 176 -0.0212263 -0.0151617 0.99966 
2180.0 2292.0 2263.5506 203 248 176 0.00703312 0.0231088 0.999708 
2270.0 2249.0 2263.6587 203 248 176 -0.141279 -0.192191 0.971135 
2180.0 2292.0 2263.5407 203 248 176 0.00304375 0.0355104 0.999365 
2180.0 2276.0 2263.5379000000003 203 248 176 -0.0484454 0.00721527 0.9988 
2190.0 2292.0 2263.5329 203 248 176 -0.0211 0.00904284 0.999736 
2270.0 2249.0 2263.688 203 248 176 -0.0593297 -0.271402 0.960636 
2190.0 2291.0 2263.5392 203 248 176 -0.0312661 -0.00302575 0.999507 
2180.0 2276.0 2263.5403 203 248 176 0.0129339 0.00696442 0.999892 
2190.0 2291.0 2263.5532000000003 203 248 176 -0.0321578 -0.0321578 0.998965 
2270.0 2249.0 2263.6479 203 248 176 -0.0877212 -0.0877212 0.992275 
2190.0 2292.0 2263.5655 203 248 176 -0.0508123 0.0134808 0.998617 
2190.0 2299.0 2263.6391000000003 204 248 175 0.00100852 0.0332812 0.999445 
2270.0 2249.0 2263.732 203 248 176 -0.0592848 -0.0485057 0.997062 
2190.0 2292.0 2263.5947 203 248 176 -0.057491 -0.0135888 0.998254 
2190.0 2300.0 2263.6297 204 248 175 -0.0377179 -0.0700475 0.99683 
2190.0 2299.0 2263.5792 203 247 175 0.0135354 0.0531005 0.998497 
2190.0 2300.0 2263.616 203 247 175 -0.0143776 -0.124975 0.992056 
2190.0 2300.0 2263.713 203 247 175 -0.0404373 -0.0841533 0.995632 
2190.0 2288.0 2263.5255 203 247 175 -0.0195136 0.031838 0.999303 
2190.0 2288.0 2263.523 203 247 175 -0.105854 0.0942215 0.989908 
2190.0 2300.0 2263.7428 203 247 175 -0.0182304 -0.0847178 0.996238 
2190.0 2289.0 2263.4944 203 247 175 0.0294861 0.0132179 0.999478 
2270.0 2249.0 2263.7225000000003 204 248 176 -0.13294 -0.390423 0.910987 
2190.0 2289.0 2263.4626000000003 203 247 175 -0.0674822 0.0310632 0.997237 
2190.0 2299.0 2263.6065000000003 203 247 175 -0.0109658 -0.0109658 0.99988 
2270.0 2249.0 2263.7637 203 248 176 -0.0303308 -0.40485 0.91388 
2190.0 2288.0 2263.6127 203 247 175 -0.132712 0.130277 0.982556 
2190.0 2300.0 2263.6683000000003 203 247 175 0.0888303 -0.100367 0.990977 
2190.0 2275.0 2263.494 203 248 176 0.00493566 -0.00690992 0.999964 
2290.0 2240.0 2263.5170000000003 203 248 176 0.00925932 -0.044239 0.998978 
2200.0 2299.0 2263.5701 203 247 175 0.0444473 0.131063 0.990377 
2290.0 2240.0 2263.5164 203 248 176 -0.0154655 -0.0402103 0.999072 
2290.0 2240.0 2263.5405 203 248 176 0.0178059 -0.0576075 0.998181 
2200.0 2300.0 2263.5397000000003 203 247 175 0.0734104 -0.0514969 0.995971 
2290.0 2240.0 2263.5349 203 248 176 -0.00101839 -0.0437908 0.99904 
2190.0 2276.0 2263.502 203 248 176 0.0569017 0.00517288 0.998366 
2190.0 2300.0 2263.7339 203 247 175 0.055431 -0.0597785 0.996671 
2290.0 2240.0 2263.5403 203 248 176 -0.00715831 -0.0419272 0.999095 
2180.0 2276.0 2263.4785 203 248 176 -0.0247759 0.0807911 0.996423 
2200.0 2300.0 2263.6337000000003 204 248 175 0.15093 -0.126389 0.980432 
2290.0 2240.0 2263.549 203 248 176 -0.015374 -0.0338228 0.99931 
2190.0 2289.0 2263.5723000000003 203 247 175 -0.0608119 0.0352069 0.997528 
2180.0 2276.0 2263.4819 203 248 176 0.0031892 0.0882346 0.996095 
2200.0 2299.0 2263.7404 203 248 176 -0.196132 0.239416 0.950901 
2190.0 2276.0 2263.4873000000002 203 248 176 -0.00936897 0.0572548 0.998316 
2290.0 2241.0 2263.5734 203 248 176 0.0245286 -0.071453 0.997142 
2290.0 2241.0 2263.5581 203 248 176 -0.00103648 -0.0611522 0.998128 
2190.0 2275.0 2263.4996 203 248 176 -0.0174244 0.031774 0.999343 
2190.0 2276.0 2263.4333 203 248 176 -0.0396431 0.00304947 0.999209 
2190.0 2275.0 2263.5381 203 248 176 -0.0484446 0.00927662 0.998783 
2190.0 2276.0 2263.532 203 248 176 -0.0725157 -0.00525476 0.997353 
2190.0 2289.0 2263.4733 203 248 176 -0.0263488 -0.0558594 0.998091 
2190.0 2276.0 2263.4993 203 248 176 -0.0216957 -0.0382257 0.999034 
2200.0 2299.0 2263.7393 203 248 176 0.0573367 0.215928 0.974724 
2190.0 2289.0 2263.5633000000003 203 247 175 -0.0976938 0.0075149 0.995188 
2290.0 2241.0 2263.5724 203 248 176 0.00306764 -0.0439695 0.999028 
2290.0 2240.0 2263.5264 203 248 176 0.0176312 -0.0466708 0.998755 
2290.0 2240.0 2263.5441 203 248 176 0.0153132 -0.0296056 0.999444 
2290.0 2240.0 2263.5183 203 248 176 0.00717233 -0.0440586 0.999003 
2290.0 2240.0 2263.5399 203 248 176 -0.00101848 -0.0417576 0.999127 
2200.0 2299.0 2263.6369 203 248 176 -0.0525783 0.228654 0.972087 
2290.0 2241.0 2263.5570000000002 203 248 176 0.0133488 -0.0400465 0.999109 
2290.0 2241.0 2263.5657 203 248 176 -0.0177009 -0.0510203 0.998541 
2200.0 2299.0 2263.4774 203 248 176 -0.113769 0.270691 0.95592 
2290.0 2241.0 2263.6205 203 248 175 0.0363446 -0.0980203 0.994521 
2200.0 2300.0 2263.5907 203 248 176 -0.0405986 -0.0888781 0.995215 
2290.0 2241.0 2263.6127 203 248 175 0.00977622 -0.109711 0.993915 
2190.0 2276.0 2263.5263 203 248 176 -0.0885319 -0.0638775 0.994023 
2200.0 2300.0 2263.6383 203 248 176 -0.0501022 0.0946375 0.99425 
2190.0 2288.0 2263.6951 203 247 176 -0.241047 0.227273 0.943527 
2200.0 2300.0 2263.6051 203 248 176 0.0444195 -0.0134292 0.998923 
2200.0 2300.0 2263.5373 203 248 176 0.0444585 0.070483 0.996522 
2190.0 2289.0 2263.5499 203 247 176 -0.0991188 0.139722 0.985217 
2200.0 2300.0 2263.5983 203 248 176 -0.0100817 0.146744 0.989123 
2190.0 2288.0 2263.7733000000003 203 247 176 -0.155026 0.279047 0.947681 
2180.0 2277.0 2263.4569 203 248 176 -0.0148646 -0.00099097 0.999889 
2200.0 2300.0 2263.6511 203 248 176 -0.093641 0.0982652 0.990745 
2190.0 2289.0 2263.6690000000003 203 247 176 -0.143033 0.207463 0.96773 
2290.0 2241.0 2263.605 203 248 175 0.0142638 -0.117402 0.992982 
2190.0 2289.0 2263.5587 203 248 176 -0.00503332 -0.0271799 0.999618 
2200.0 2300.0 2263.5766000000003 203 248 176 -0.0382257 0.0216957 0.999034 
2290.0 2242.0 2263.6676 203 248 175 0.0780419 -0.275066 0.958253 
2200.0 2300.0 2263.5762 203 248 176 -0.0557451 0.0241912 0.998152 
2190.0 2289.0 2263.5642000000003 203 247 176 -0.0833501 0.0611234 0.994644 
2290.0 2242.0 2263.684 203 248 175 0.0459126 -0.177764 0.983001 
2190.0 2290.0 2263.5478000000003 203 248 176 0.0596971 0.0157098 0.998093 
2290.0 2242.0 2263.6961 203 248 175 0.0032751 -0.123362 0.992356 
2190.0 2290.0 2263.5563 203 248 176 -0.0820694 -0.0117242 0.996558 
2180.0 2277.0 2263.4320000000002 203 248 176 -0.0110308 -0.0170476 0.999794 
2190.0 2290.0 2263.4348 203 248 176 -0.0365265 -0.0344393 0.998739 
2290.0 2241.0 2263.5827 203 247 175 0.00107518 -0.104293 0.994546 
2190.0 2277.0 2263.4619000000002 203 248 176 -0.0648032 -0.0265587 0.997545 
2190.0 2290.0 2263.5905000000002 203 248 176 -0.159986 -0.0675498 0.984805 
2180.0 2277.0 2263.4748 203 248 176 -0.0403737 -0.0196693 0.998991 
2290.0 2241.0 2263.5979 203 247 175 -0.0141577 -0.105638 0.994304 
2200.0 2301.0 2263.6873 203 248 175 0.0866404 -0.073138 0.993551 
2180.0 2277.0 2263.4958 203 248 176 -0.0415295 -0.0521781 0.997774 
2200.0 2301.0 2263.6077 203 248 175 0.126436 -0.0707577 0.989448 
2290.0 2242.0 2263.6815 203 248 175 0.0750822 -0.0795647 0.993998 
2200.0 2301.0 2263.5359000000003 203 248 176 0.0116766 -0.0796132 0.996757 
2190.0 2290.0 2263.5954 203 247 176 -0.0468177 -0.0729484 0.996236 
2200.0 2301.0 2263.7601 203 248 175 0.0391657 0.0455169 0.998196 
2290.0 2242.0 2263.6657 203 248 175 0.00501365 -0.0230628 0.999721 
2200.0 2301.0 2263.7048 203 248 175 0.124432 0.0121129 0.992154 
2190.0 2290.0 2263.5928 203 248 176 -0.0229711 -0.103917 0.994321 
2200.0 2301.0 2263.6155 203 248 175 0.0897326 -0.0227034 0.995707 
2190.0 2277.0 2263.5144 203 248 176 -0.0824971 -0.0802369 0.993356 
2190.0 2290.0 2263.6369 203 247 176 -0.0605626 -0.0308125 0.997689 
2190.0 2290.0 2263.6901000000003 203 247 176 -0.0324845 -0.0408676 0.998636 
2190.0 2289.0 2263.6994 203 247 176 -0.00811917 0.19834 0.9801 
2190.0 2289.0 2263.6488 203 247 176 0.0307213 0.261745 0.964648 
2190.0 2289.0 2263.6264 203 247 176 0.0390983 0.110592 0.993097 
2200.0 2301.0 2263.6130000000003 203 248 176 -0.042786 -0.0281761 0.998687 
2190.0 2289.0 2263.5318 203 248 176 0.0926932 0.155291 0.98351 
2200.0 2301.0 2263.5966000000003 203 248 176 -0.0297846 -0.0215681 0.999324 
2190.0 2288.0 2263.5339 203 248 176 0.00122847 0.30589 0.952066 
2200.0 2301.0 2263.6044 203 248 176 -0.015374 0.0338228 0.99931 
2190.0 2289.0 2263.6849 203 248 176 -0.146126 0.213369 0.965982 
2200.0 2301.0 2263.6092000000003 203 248 176 -0.0337546 0.0132973 0.999342 
2300.0 2239.0 2263.4816 203 248 175 -0.0237626 -0.0361605 0.999063 
2190.0 2289.0 2263.4867 203 248 175 -0.067662 0.220209 0.973103 
2200.0 2300.0 2263.6423 203 248 176 -0.148596 0.0820251 0.98549 
2190.0 2277.0 2263.5187 203 248 176 -0.11584 -0.0947782 0.988736 
2190.0 2289.0 2263.6466 203 248 175 -0.122249 0.361252 0.92442 
2300.0 2239.0 2263.5048 203 248 175 -0.043753 -0.0501559 0.997783 
2190.0 2290.0 2263.6031000000003 203 248 176 0.0821429 -0.0776419 0.993592 
2190.0 2290.0 2263.4464000000003 203 248 176 0.109282 -0.106932 0.988242 
2190.0 2277.0 2263.5957000000003 203 248 176 -0.0525443 -0.0972629 0.993871 
2190.0 2290.0 2263.6717000000003 203 248 176 -0.00506329 -0.0313924 0.999494 
2190.0 2277.0 2263.5930000000003 203 248 176 -0.092469 -0.025021 0.995401 
2190.0 2290.0 2263.6456000000003 203 248 176 0.0173633 -0.184051 0.982763 
2300.0 2239.0 2263.5038 203 248 175 -0.028235 -0.0428753 0.998681 
2190.0 2277.0 2263.6695 203 248 176 -0.0530989 -0.0156173 0.998467 
2300.0 2239.0 2263.5325000000003 203 248 175 -0.0657507 -0.0398816 0.997039 
2300.0 2239.0 2263.547 203 248 175 -0.0743152 -0.0676601 0.994937 
2200.0 2301.0 2263.6423 203 248 176 -0.130369 -0.00109554 0.991465 
2190.0 2280.0 2263.5974 203 248 176 -0.0507097 -0.00931402 0.99867 
2190.0 2280.0 2263.6101 203 248 176 -0.0273437 -0.01114 0.999564 
2190.0 2280.0 2263.5955 203 248 176 -0.0505024 0.00515331 0.998711 
2190.0 2280.0 2263.5869000000002 203 248 176 0.0172516 0.0233404 0.999579 
2190.0 2280.0 2263.6291 203 248 176 -0.00918611 0.0377651 0.999244 
2200.0 2300.0 2263.7535000000003 203 248 175 -0.0349262 0.0518602 0.998043 
2190.0 2280.0 2263.5373 203 248 176 -0.0360164 0.0174937 0.999198 
2190.0 2281.0 2263.5857 203 248 176 -0.0386941 0.0324193 0.998725 
2190.0 2281.0 2263.5817 203 248 176 -0.0110526 0.0190908 0.999757 
2300.0 2239.0 2263.5815000000002 203 248 175 -0.136432 -0.0492991 0.989422 
2190.0 2281.0 2263.6005 203 248 176 0.00301985 0.0291919 0.999569 
2200.0 2301.0 2263.7411 203 248 175 -0.0734254 0.0202186 0.997096 
2190.0 2290.0 2263.4789 203 247 175 0.00349974 -0.215817 0.976427 
2300.0 2240.0 2263.5331 203 248 175 -0.0349262 -0.0518602 0.998043 
2190.0 2281.0 2263.5604000000003 203 248 175 -0.0448715 0.0260881 0.998652 
2190.0 2290.0 2263.4246000000003 203 248 176 -0.104297 -0.0790825 0.991397 
2190.0 2290.0 2263.6846 203 248 176 -0.177591 -0.209162 0.96162 
2190.0 2281.0 2263.5742 203 248 175 0.0191288 0.0130881 0.999731 
2190.0 2290.0 2263.7302 203 247 175 -0.141141 -0.370322 0.918118 
2190.0 2281.0 2263.4973 203 248 175 -0.103037 -0.0140998 0.994578 
2300.0 2240.0 2263.5538 203 248 175 -0.0456053 -0.0434841 0.998013 
2190.0 2282.0 2263.5517 203 248 175 -0.0428727 0.0303246 0.99862 
2190.0 2291.0 2263.5646 203 248 176 -0.0232403 -0.118415 0.992692 
2300.0 2240.0 2263.5881 203 248 175 -0.110184 -0.0120002 0.993839 
2190.0 2282.0 2263.5676000000003 203 248 175 -0.0301454 0.0343034 0.998957 
2190.0 2291.0 2263.6265000000003 203 247 175 -0.0647761 -0.0647761 0.995795 
2200.0 2301.0 2263.6373000000003 203 248 175 -0.10541 0.0141271 0.994329 
2190.0 2282.0 2263.5867000000003 203 248 176 -0.101536 -0.0207439 0.994616 
2300.0 2240.0 2263.5193 203 248 175 -0.0113624 -0.0464824 0.998854 
2190.0 2280.0 2263.6371 203 248 175 -0.0149827 0.00898964 0.999847 
2200.0 2301.0 2263.7288000000003 203 248 175 -0.0632063 0.0353527 0.997374 
2300.0 2240.0 2263.5457 203 248 175 -0.015619 -0.0510221 0.998575 
2190.0 2280.0 2263.6189 203 248 175 -0.0904905 -0.0316172 0.995395 
2300.0 2240.0 2263.5582 203 248 175 -0.0496922 -0.0872373 0.994947 
2190.0 2280.0 2263.6119 203 248 175 -0.172403 -0.0266126 0.984667 
2200.0 2302.0 2263.5591 203 248 176 0.0577282 0.0178433 0.998173 
2300.0 2241.0 2263.5752 203 248 175 -0.0557704 -0.0667058 0.996213 
2200.0 2302.0 2263.5473 203 248 176 -0.0386941 -0.0324193 0.998725 
2190.0 2280.0 2263.6818000000003 203 248 175 -0.200378 -0.0643639 0.977602 
2200.0 2302.0 2263.6082 203 248 176 -0.0589219 -0.041781 0.997388 
2300.0 2241.0 2263.6377 203 248 175 -0.0831626 -0.0922763 0.992255 
2200.0 2302.0 2263.6285000000003 203 248 176 -0.0029788 0.014894 0.999885 
2190.0 2281.0 2263.641 203 248 175 -0.153803 -0.0262034 0.987754 
2200.0 2302.0 2263.6393000000003 203 248 176 -0.00499404 0.0189774 0.999807 
2190.0 2281.0 2263.7503 203 248 175 -0.171026 -0.0885456 0.98128 
2300.0 2240.0 2263.5836 203 247 175 -0.0296132 -0.0976138 0.994784 
2190.0 2281.0 2263.6462 203 248 175 -0.242709 -0.076711 0.967062 
2200.0 2302.0 2263.6508 203 248 176 -0.0316463 0.013271 0.999411 
2190.0 2292.0 2263.6286 203 248 176 -0.0596989 0.0136155 0.998124 
2190.0 2281.0 2263.7959 203 248 175 -0.198483 -0.1447 0.969364 
2190.0 2292.0 2263.6638000000003 203 247 175 -0.0169465 -0.00498427 0.999844 
2200.0 2302.0 2263.6268 203 247 175 -0.0636109 -0.00521401 0.997961 
2190.0 2294.0 2263.5604000000003 203 248 176 -0.0451485 0.030449 0.998516 
2200.0 2302.0 2263.6986 203 247 175 -0.00734228 0.0702761 0.997501 
2190.0 2294.0 2263.5625 203 248 176 -0.00516339 0.0526665 0.998599 
2190.0 2294.0 2263.5613000000003 203 248 176 -0.0368248 -0.0410334 0.998479 
2200.0 2302.0 2263.6597 203 247 175 -0.030264 0.0406999 0.998713 
2200.0 2302.0 2263.6688 203 247 175 0.0174233 0.0338216 0.999276 
2270.0 2280.0 2263.6393000000003 203 248 175 0.0324193 0.0386941 0.998725 
2270.0 2280.0 2263.6295 203 248 175 0.00721527 0.0484454 0.9988 
2190.0 2294.0 2263.5318 203 248 176 0.0280099 -0.0342344 0.999021 
2270.0 2280.0 2263.6284 203 248 175 0.0299028 0.0278405 0.999165 
2190.0 2282.0 2263.7141 203 248 175 -0.156627 0.0848897 0.984003 
2270.0 2280.0 2263.6208 203 248 175 0.00693723 0.00693723 0.999952 
2270.0 2280.0 2263.6245 203 248 175 0.00929481 0.0506051 0.998676 
2270.0 2280.0 2263.616 203 248 175 0.0129341 0.00497465 0.999904 
2190.0 2294.0 2263.5655 203 248 176 0.00528546 0.0792819 0.996838 
2190.0 2288.0 2263.4961000000003 203 247 176 0.0154961 -0.042356 0.998982 
2190.0 2294.0 2263.5323000000003 203 248 176 0.0339595 0.0195524 0.999232 
2190.0 2288.0 2263.5033000000003 203 247 176 -0.0485445 -0.00929576 0.998778 
2190.0 2295.0 2263.6293 203 248 176 -0.0615325 -0.00730047 0.998078 
2300.0 2240.0 2263.5915 204 248 176 -0.0550867 -0.0550867 0.996961 
2300.0 2241.0 2263.6582000000003 203 247 175 -0.00103634 -0.063217 0.997999 
2300.0 2241.0 2263.6336 203 247 175 -0.0195123 -0.0338898 0.999235 
2190.0 2295.0 2263.5998 203 248 176 0.0794483 -0.00741517 0.996811 
2300.0 2239.0 2263.5868 203 248 175 -0.107625 -0.114721 0.98755 
2190.0 2295.0 2263.5238 203 248 176 0.0656876 0.00521331 0.997827 
2300.0 2239.0 2263.6922 203 248 175 -0.137366 -0.0786626 0.987392 
2190.0 2289.0 2263.5093 203 247 176 -0.000987127 -0.00888415 0.99996 
2190.0 2293.0 2263.6449000000002 203 248 176 -0.0406177 0.02812 0.998779 
2300.0 2239.0 2263.6954 203 248 175 -0.021063 -0.123052 0.992177 
2270.0 2281.0 2263.619 203 248 175 0.00501387 0.0210583 0.999766 
2190.0 2289.0 2263.514 203 247 176 0.00304947 -0.0396431 0.999209 
2300.0 2239.0 2263.7204 203 248 175 -0.0153436 -0.0317101 0.999379 
2270.0 2281.0 2263.6278 203 248 175 0.000987108 0.0108582 0.999941 
2300.0 2240.0 2263.6765 203 248 175 -0.127155 0.0121626 0.991808 
2190.0 2293.0 2263.678 203 248 176 -0.0743516 0.0312492 0.996742 
2300.0 2240.0 2263.7119000000002 203 248 175 -0.0367507 -0.0388507 0.998569 
2270.0 2281.0 2263.6218 204 248 176 0.023155 0.00906064 0.999691 
2190.0 2293.0 2263.6084 203 248 176 -0.0223085 0.0669255 0.997509 
2300.0 2239.0 2263.6335 203 248 175 -0.0141851 -0.108025 0.994047 
2270.0 2280.0 2263.6206 203 248 175 -0.00925932 0.044239 0.998978 
2190.0 2293.0 2263.6109 203 248 176 -0.0297299 0.102403 0.994299 
2270.0 2280.0 2263.6064 203 248 175 -0.0214824 0.0255743 0.999442 
2300.0 2239.0 2263.6671 203 248 175 0.0390079 -0.0411165 0.998393 
2270.0 2280.0 2263.6596 203 248 175 0.00301985 0.0291919 0.999569 
2190.0 2293.0 2263.7368 203 248 176 -0.128739 0.0684286 0.989315 
2300.0 2239.0 2263.6863000000003 203 248 175 -0.0118158 -0.0913042 0.995753 
2270.0 2280.0 2263.6502 203 248 175 0.0198238 0.0511246 0.998496 
2190.0 2293.0 2263.646 203 248 176 -0.0418736 0.206975 0.97745 
2300.0 2239.0 2263.6937000000003 203 248 175 0.00696442 0.0129339 0.999892 
2270.0 2281.0 2263.6048 203 248 175 0.00700557 -0.0190151 0.999795 
2190.0 2294.0 2263.5539 203 248 176 0.0654426 0.118256 0.990824 
2270.0 2281.0 2263.5959000000003 203 248 175 0.00498443 0.0149533 0.999876 
2300.0 2240.0 2263.6785 203 248 175 0.0589646 0.00103447 0.99826 
2190.0 2294.0 2263.4567 203 248 176 -0.0728605 0.168415 0.98302 
2300.0 2240.0 2263.6512000000002 203 248 175 0.0281761 0.042786 0.998687 
2190.0 2293.0 2263.8291 203 248 176 -0.24582 0.0661342 0.967057 
2300.0 2240.0 2263.6723 203 248 175 -0.160497 -0.0170742 0.986889 
2270.0 2281.0 2263.6007 203 248 175 0.00713086 0.0356543 0.999339 
2190.0 2293.0 2263.6998000000003 203 248 176 -0.159122 0.224875 0.961307 
2300.0 2240.0 2263.7734 203 248 175 -0.0153729 -0.0358701 0.999238 
2190.0 2293.0 2263.797 203 248 176 -0.158267 0.246045 0.95625 
2300.0 2241.0 2263.6715 203 248 175 -0.148609 0.00782153 0.988865 
2300.0 2241.0 2263.7834000000003 203 248 175 0.0399663 0.009223 0.999159 
2190.0 2294.0 2263.6001 203 248 176 -0.164165 0.141608 0.976216 
2300.0 2240.0 2263.6535 203 248 175 0.132656 0.0167214 0.991021 
2190.0 2294.0 2263.6530000000002 203 248 176 -0.120739 0.212247 0.969728 
2300.0 2240.0 2263.6492000000003 203 248 175 0.0584227 0.0760597 0.99539 
2190.0 2294.0 2263.5063 203 248 176 0.0463867 -0.011339 0.998859 
2300.0 2241.0 2263.6492000000003 203 248 175 0.179147 -0.02196 0.983577 
2190.0 2294.0 2263.4524 203 248 176 0.00715891 -0.0398853 0.999179 
2270.0 2281.0 2263.6094000000003 203 248 175 -0.00710243 0.0334829 0.999414 
2190.0 2295.0 2263.5163000000002 203 247 175 -0.00695076 -0.0109226 0.999916 
2190.0 2295.0 2263.545 203 247 175 -0.0158647 -0.0708623 0.99736 
2190.0 2294.0 2263.5440000000003 203 248 175 -0.137503 0.0375007 0.989791 
2190.0 2294.0 2263.5769 203 248 176 -0.0707408 0.086461 0.993741 
2190.0 2295.0 2263.5482 203 248 176 -0.0459758 -0.052391 0.997568 
2190.0 2295.0 2263.5643 203 248 175 0.00707504 0.0272895 0.999603 
2270.0 2281.0 2263.6061 204 248 176 -0.00717296 0.0420131 0.999091 
2190.0 2295.0 2263.5231000000003 203 247 176 0.0546137 -0.00309134 0.998503 
2270.0 2282.0 2263.583 203 248 175 0.00304947 0.0396431 0.999209 
2190.0 2295.0 2263.5231000000003 203 247 176 -0.0306936 -0.0539784 0.99807 
2270.0 2282.0 2263.5911 203 248 175 0.00922223 0.0420124 0.999075 
2190.0 2295.0 2263.5612 203 248 176 -0.0306936 -0.0539784 0.99807 
2270.0 2282.0 2263.554 203 248 175 -0.0303881 -0.0429624 0.998614 
2190.0 2296.0 2263.5633000000003 203 248 176 0.0209743 0.00299633 0.999776 
2190.0 2296.0 2263.5865000000003 203 248 176 -0.0199046 0.0534282 0.998373 
2300.0 2241.0 2263.5362 203 248 175 0.08615 0.0359867 0.995632 
2190.0 2296.0 2263.6088 203 248 176 -0.0235754 0.0256255 0.999394 
2270.0 2281.0 2263.6378 203 248 175 -0.00693723 0.00693723 0.999952 
2270.0 2281.0 2263.6094000000003 203 248 175 0.0440586 -0.00717233 0.999003 
2190.0 2295.0 2263.5734 203 247 176 0.00102246 -0.0460106 0.99894 
2300.0 2240.0 2263.6512000000002 203 247 175 -0.00099679 0.0209326 0.99978 
2270.0 2282.0 2263.5833000000002 203 248 175 -0.0151924 0.0212693 0.999658 
2300.0 2240.0 2263.6256000000003 203 247 175 -0.061313 0.0441024 0.997144 
2190.0 2295.0 2263.5522 203 247 176 0.0386913 -0.0345085 0.998655 
2300.0 2240.0 2263.6877 203 247 175 -0.00296717 -0.0108796 0.999936 
2270.0 2282.0 2263.6098 204 248 176 0.00920488 0.0378423 0.999241 
2300.0 2240.0 2263.6811000000002 203 247 175 0.00495505 0.0109011 0.999928 
2190.0 2296.0 2263.6061 203 247 176 -0.00520318 0.0634788 0.99797 
2270.0 2282.0 2263.558 203 248 175 0.00101246 0.037461 0.999298 
2190.0 2296.0 2263.6035 203 247 176 -0.0190912 -0.00904321 0.999777 
2270.0 2282.0 2263.5759000000003 203 248 175 -0.0707153 -0.0137209 0.997402 
2300.0 2241.0 2263.6231000000002 204 248 175 -0.120089 -0.0143225 0.99266 
2270.0 2282.0 2263.6712 203 247 175 -0.0266114 -0.0670606 0.997394 
2190.0 2289.0 2263.5447 204 247 175 -0.0785851 0.287286 0.954616 
2300.0 2241.0 2263.6756 203 247 175 -0.0250672 0.00300807 0.999681 
2270.0 2283.0 2263.543 203 247 175 0.00100852 0.0332812 0.999445 
2190.0 2289.0 2263.6581 204 248 175 -0.386174 0.103071 0.916649 
2300.0 2241.0 2263.6098 203 248 175 -0.0520191 -0.0852227 0.995003 
2190.0 2290.0 2263.6310000000003 204 248 175 -0.2917 -0.327237 0.898792 
2300.0 2241.0 2263.6622 203 248 175 -0.0238593 -0.0383823 0.998978 
2300.0 2242.0 2263.6749 203 248 175 -0.0364531 -0.032287 0.998814 
2300.0 2242.0 2263.6876 203 248 175 -0.00713032 -0.0376889 0.999264 
2190.0 2294.0 2263.7408 203 247 175 -0.080499 0.269608 0.9596 
2300.0 2241.0 2263.6401 203 248 175 0.00500384 -0.0210161 0.999767 
2190.0 2294.0 2263.783 203 247 175 -0.110558 0.358973 0.926777 
2300.0 2241.0 2263.667 203 248 175 -0.0638734 0.0115182 0.997892 
2300.0 2241.0 2263.712 203 248 175 -0.0898301 0.0807334 0.99268 
2190.0 2294.0 2263.6156 203 247 175 -0.02147 0.14803 0.98875 
2300.0 2242.0 2263.67 203 248 175 0.0233404 -0.0172516 0.999579 
2190.0 2294.0 2263.5784000000003 204 248 176 -0.114528 0.240637 0.963835 
2270.0 2283.0 2263.5557 203 247 175 -0.107287 0.0553375 0.992687 
2190.0 2295.0 2263.5205 204 248 176 0.0117014 0.079782 0.996744 
2300.0 2242.0 2263.6683000000003 203 248 175 -0.00890169 0.00296723 0.999956 
2190.0 2295.0 2263.5507000000002 203 247 175 -0.00100069 0.0250172 0.999686 
2190.0 2294.0 2263.7617 203 247 175 -0.275577 0.328629 0.903361 
2190.0 2295.0 2263.5268 203 247 175 -0.287535 0.135075 0.948197 
2190.0 2295.0 2263.8446 203 247 175 -0.0343034 0.0301454 0.998957 
2270.0 2283.0 2263.6823 203 247 175 -0.0230212 0.104143 0.994296 
2190.0 2295.0 2263.5307000000003 203 247 175 -0.0138016 -0.077501 0.996897 
2190.0 2295.0 2263.5619 203 248 176 -0.0354357 -0.145172 0.988772 
2190.0 2296.0 2263.6504 203 248 176 -0.0926479 0.00106492 0.995698 
2270.0 2282.0 2263.5849000000003 203 247 175 0.0599456 -0.0178785 0.998042 
2190.0 2296.0 2263.6971000000003 203 248 175 -0.0826675 -0.0826675 0.993143 
2270.0 2282.0 2263.5815000000002 203 248 175 -0.00293828 -0.000979427 0.999995 
2190.0 2295.0 2263.5532000000003 203 247 175 -0.158118 -0.140688 0.977346 
2300.0 2242.0 2263.6782000000003 203 248 175 -0.0901159 0.0249719 0.995618 
2190.0 2295.0 2263.8282 203 248 175 -0.0172175 -0.0212686 0.999626 
2270.0 2283.0 2263.5982 203 248 175 0.0908715 0.0361296 0.995207 
2190.0 2296.0 2263.7517000000003 203 248 175 -0.122966 -0.0394845 0.991625 
2270.0 2283.0 2263.5999 203 248 175 -0.0151023 0.0151023 0.999772 
2190.0 2296.0 2263.8118 203 248 175 0.0111181 -0.0252684 0.999619 
2300.0 2241.0 2263.734 203 248 175 0.0982437 -0.0959321 0.990528 
2300.0 2241.0 2263.5482 203 248 175 0.0500478 -0.225826 0.972881 
2190.0 2298.0 2263.6041 203 248 175 -0.0981089 0.0118593 0.995105 
2300.0 2242.0 2263.779 203 248 175 -0.13802 0.00110416 0.990429 
2190.0 2298.0 2263.6441 203 248 175 -0.0621979 0.0600155 0.996258 
2300.0 2242.0 2263.8356000000003 203 248 175 0.0978651 -0.0618688 0.993275 
2270.0 2283.0 2263.5252 203 248 175 0.00695089 0.00893687 0.999936 
2300.0 2242.0 2263.6635 203 248 175 -0.0260362 0.0426994 0.998749 
2270.0 2283.0 2263.525 203 248 175 -0.0191293 0.0110748 0.999756 
2300.0 2242.0 2263.7324000000003 203 248 175 -0.0212662 0.135432 0.990558 
2270.0 2283.0 2263.5567 203 247 175 -0.0499017 0.089823 0.994707 
2300.0 2242.0 2263.648 203 248 175 0.0151185 0.196541 0.980379 
2270.0 2284.0 2263.5415000000003 203 247 175 0.00098326 -0.00688282 0.999976 
2300.0 2243.0 2263.6464 203 248 175 0.0151323 0.0171499 0.999738 
2270.0 2284.0 2263.5422000000003 203 247 175 0.00098326 0.00688282 0.999976 
2300.0 2243.0 2263.6317 203 248 175 0.0177709 0.0554034 0.998306 
2270.0 2284.0 2263.5429 203 247 175 -0.0171159 0.0130886 0.999768 
2300.0 2243.0 2263.5851000000002 203 248 175 0.0667058 0.0557704 0.996213 
2270.0 2283.0 2263.5301 203 248 175 0.00521331 0.0656876 0.997827 
2270.0 2283.0 2263.5863 203 247 175 -0.0216973 0.0361622 0.99911 
2300.0 2243.0 2263.6444 203 248 175 0.00920415 -0.0398847 0.999162 
2270.0 2284.0 2263.5514000000003 203 247 175 -0.0109658 0.0109658 0.99988 
2300.0 2243.0 2263.6241 203 248 175 0.0199023 -0.055517 0.998259 
2270.0 2284.0 2263.5616 203 247 175 -0.0151917 0.0232939 0.999613 
2300.0 2243.0 2263.6221 203 248 175 0.0116558 -0.0752327 0.997098 
2300.0 2244.0 2263.7037 203 248 175 -0.0190529 0.00902508 0.999778 
2300.0 2244.0 2263.6902 203 248 175 0.00893672 -0.00893672 0.99992 
2270.0 2281.0 2263.5891 204 248 175 -0.000998781 0.0209744 0.99978 
2300.0 2244.0 2263.6758 204 248 175 0.00100852 -0.0332812 0.999445 
2190.0 2299.0 2263.5984000000003 203 248 175 -0.0734284 -0.0180911 0.997136 
2300.0 2241.0 2263.6436000000003 203 248 175 -0.113959 -0.130753 0.984844 
2190.0 2299.0 2263.6232 203 248 175 -0.0218272 0.042615 0.998853 
2270.0 2281.0 2263.5835 204 248 175 -0.0190151 0.00700557 0.999795 
2190.0 2298.0 2263.6126 203 248 175 -0.0500915 0.0968436 0.994038 
2300.0 2241.0 2263.6777 203 248 175 0.0171499 -0.0151323 0.999738 
2190.0 2299.0 2263.6339000000003 203 248 175 -0.0216973 0.0361622 0.99911 
2270.0 2281.0 2263.6267000000003 204 248 175 -0.010966 -0.00897218 0.9999 
2270.0 2281.0 2263.6198 204 248 175 -0.00895451 0.00895451 0.99992 
2270.0 2282.0 2263.5839 204 248 175 0.00890162 0.00494534 0.999948 
2270.0 2282.0 2263.6126 204 248 175 -0.0232481 0.0111187 0.999668 
2300.0 2242.0 2263.7635 203 248 175 0.0357729 -0.0791341 0.996222 
2270.0 2282.0 2263.5773 204 248 175 -0.014894 0.0029788 0.999885 
2270.0 2282.0 2263.6062 204 248 175 -0.00891915 0.00693712 0.999936 
2270.0 2283.0 2263.5993000000003 204 248 176 0.00494534 0.00890162 0.999948 
2300.0 2242.0 2263.6551 203 248 175 0.108365 -0.0435693 0.993156 
2270.0 2283.0 2263.5987 204 248 175 -0.00703344 0.0211003 0.999753 
2300.0 2242.0 2263.7428 203 248 175 -0.0669981 0.151627 0.986165 
2300.0 2242.0 2263.7238 203 248 175 0.0954272 0.0340028 0.994856 
2300.0 2243.0 2263.5913 203 248 175 -0.0650413 0.0694509 0.995463 
2190.0 2298.0 2263.6969 204 248 176 -0.0512811 0.0709207 0.996163 
2290.0 2272.0 2263.7487 203 248 175 0.0136941 0.0684703 0.997559 
2300.0 2243.0 2263.6639 203 248 175 -0.0634617 0.0419493 0.997102 
2290.0 2272.0 2263.7325 203 248 175 0.0246296 0.0738887 0.996962 
2190.0 2299.0 2263.668 204 248 176 -0.0566652 0.0416971 0.997522 
2300.0 2242.0 2263.6408 203 248 175 0.051758 0.0306323 0.99819 
2290.0 2273.0 2263.7168 203 248 175 0.0218272 0.042615 0.998853 
2190.0 2298.0 2263.7703 203 248 175 -0.106826 0.0769603 0.991295 
2290.0 2273.0 2263.6905 203 248 175 0.0513928 0.0710752 0.996146 
2190.0 2299.0 2263.6513 203 248 175 -0.00773578 0.131508 0.991285 
2290.0 2272.0 2263.7124000000003 203 248 175 0.0293226 0.0857956 0.995881 
2300.0 2242.0 2263.5537 203 248 175 0.0400465 -0.0133488 0.999109 
2290.0 2273.0 2263.6703 203 248 175 0.0268228 0.0761766 0.996733 
2300.0 2242.0 2263.6566000000003 203 248 175 -0.0293092 0.00707464 0.999545 
2190.0 2298.0 2263.8344 203 248 175 -0.164892 0.0288272 0.98589 
2290.0 2273.0 2263.6933 203 248 175 0.0475362 0.0348599 0.998261 
2300.0 2242.0 2263.6579 203 248 175 -0.0353671 0.00101049 0.999374 
2190.0 2299.0 2263.6744 203 248 175 -0.107887 0.224659 0.968446 
2290.0 2273.0 2263.6512000000002 203 248 175 0.0615649 0.0486038 0.996919 
2300.0 2243.0 2263.6620000000003 203 248 175 0.0539784 -0.0306936 0.99807 
2290.0 2273.0 2263.6275 203 248 175 0.000987108 -0.0108582 0.999941 
2200.0 2299.0 2263.8387000000002 203 248 175 -0.0834905 0.505188 0.858961 
2290.0 2272.0 2263.7001 203 247 175 0.0138579 0.0799494 0.996703 
2300.0 2243.0 2263.659 203 248 175 -0.00689638 -0.000985198 0.999976 
2290.0 2273.0 2263.6551 203 247 175 -0.007328 0.0680457 0.997655 
2290.0 2272.0 2263.7119000000002 203 247 175 0.0425419 0.0796297 0.995916 
2300.0 2243.0 2263.6308 203 248 175 -0.0402764 -0.0794642 0.996024 
2290.0 2273.0 2263.6733 203 247 175 0.0458829 0.0501511 0.997687 
2300.0 2243.0 2263.6796 203 248 175 -0.00911475 -0.0273443 0.999584 
2290.0 2273.0 2263.6299 203 247 175 0.0258313 0.0320308 0.999153 
2300.0 2244.0 2263.6866 203 248 175 -0.00297305 0.0109012 0.999936 
2290.0 2273.0 2263.6359 203 247 175 0.00513319 0.0461987 0.998919 
2300.0 2244.0 2263.6986 203 248 175 0.0192431 0.0192431 0.99963 
2300.0 2249.0 2263.7939 204 248 175 0.0461675 -0.0547568 0.997432 
2300.0 2250.0 2263.8185000000003 204 248 175 0.0972013 -0.0251194 0.994948 
2300.0 2249.0 2263.7659000000003 204 248 175 0.0482477 0.00307964 0.998831 
2300.0 2250.0 2263.7648 204 248 175 0.108256 0.0164024 0.993988 
2290.0 2274.0 2263.6812 203 247 175 0.00493571 -0.00493571 0.999976 
2290.0 2274.0 2263.6475 203 247 175 0.0538679 0.0285183 0.998141 
2290.0 2274.0 2263.6856000000002 203 248 175 0.0302665 0.0386159 0.998796 
2290.0 2274.0 2263.7472000000002 203 248 175 0.0537994 0.0735625 0.995838 
2290.0 2274.0 2263.5806000000002 203 248 175 0.158306 0.0773676 0.984354 
2290.0 2274.0 2263.5868 203 247 175 -0.00755841 0.104738 0.994471 
2290.0 2275.0 2263.6042 203 248 175 -0.00318246 0.0880482 0.996111 
2290.0 2275.0 2263.5638 203 248 175 0.0870642 0.0451852 0.995177 
2290.0 2275.0 2263.5508 203 248 175 0.0189398 0.00099683 0.99982 
2290.0 2275.0 2263.6261 203 248 175 -0.0193581 0.0254712 0.999488 
2290.0 2275.0 2263.5974 203 248 175 0.0486438 0.0113847 0.998751 
2290.0 2275.0 2263.5633000000003 203 248 175 0.0314557 0.0071029 0.99948 
2290.0 2274.0 2263.5945 204 248 175 0.0410301 0.038926 0.998399 
2290.0 2274.0 2263.6271 203 248 175 0.0172524 0.0213118 0.999624 
2290.0 2274.0 2263.5814 203 248 175 0.00103835 0.0654163 0.997858 
2290.0 2274.0 2263.6173 203 248 175 0.00101246 0.037461 0.999298 
2290.0 2275.0 2263.5484 203 247 175 -0.0280661 0.0363819 0.998944 
2290.0 2275.0 2263.5926 203 247 175 0.0285183 0.0538679 0.998141 
2290.0 2275.0 2263.5617 203 247 175 0.011053 0.0170819 0.999793 
2290.0 2275.0 2263.5599 203 247 175 0.013114 0.0211841 0.99969 
2290.0 2249.0 2264.3865 205 248 174 0.82075 0.222446 0.526201 
2290.0 2250.0 2264.3865 205 248 174 0.497489 0.387296 0.776213 
2200.0 2298.0 2264.3865 203 248 176 -0.165311 0.986241 0.00112456 
2290.0 2250.0 2264.3865 205 248 174 0.760357 0.626266 0.172185 
2290.0 2253.0 2264.3865 204 248 175 0.291073 -0.435839 0.851658 
2290.0 2250.0 2264.3865 205 248 174 0.983429 0.067946 0.168077 
2290.0 2253.0 2264.3865 204 248 175 0.267782 -0.0970225 0.958582 
2290.0 2251.0 2264.3865 205 248 175 0.738752 -0.657172 0.149563 
2200.0 2298.0 2264.3865 203 248 176 0.103226 0.992554 0.0646578 
2190.0 2288.0 2264.3865 204 247 175 -0.620167 0.772593 0.135988 
2290.0 2251.0 2264.3865 205 247 174 0.791274 -0.485078 0.372269 
2290.0 2251.0 2264.3865 205 247 174 0.578231 -0.14792 0.802352 
2290.0 2252.0 2264.3865 206 248 174 0.623672 0.31103 0.717142 
2190.0 2289.0 2264.3865 204 247 175 -0.616317 0.768494 0.17196 
2290.0 2252.0 2264.3865 206 248 174 0.999999 0.000977516 0.000977516 
2190.0 2289.0 2264.3865 204 247 175 -0.610068 0.780111 0.13872 
2290.0 2252.0 2264.3865 206 248 174 0.805018 -0.40974 0.429022 
2290.0 2254.0 2264.3865 206 248 174 0.398695 0.408225 0.821215 
2290.0 2254.0 2264.3865 206 248 174 0.685432 0.388136 0.616063 
2190.0 2289.0 2264.3865 204 247 175 -0.75721 0.614164 -0.222343 
2190.0 2289.0 2264.3865 204 248 175 -0.875575 0.391665 -0.282785 
2190.0 2290.0 2264.3865 204 248 175 -0.997701 -0.00104253 0.0677644 
2190.0 2290.0 2264.3865 204 248 175 -0.979955 0.199215 0.00115153 
2200.0 2298.0 2264.3865 203 248 176 -0.0215124 0.942749 0.332809 
2300.0 2253.0 2264.3865 204 248 175 0.423226 0.116704 0.898476 
2190.0 2290.0 2264.3865 204 248 175 -0.576831 0.301997 -0.758988 
2290.0 2254.0 2264.3865 205 248 175 0.635488 0.504008 0.584919 
2290.0 2254.0 2264.3865 205 248 175 0.896763 0.331639 0.292972 
2290.0 2255.0 2264.3865 205 248 175 0.855976 0.284301 0.43183 
2290.0 2255.0 2264.3865 205 248 175 0.885425 0.214335 0.41241 
2290.0 2256.0 2264.3865 205 248 175 0.634636 -0.0982 0.766547 
2290.0 2257.0 2264.3865 204 247 175 0.50034 0.421598 0.756251 
2290.0 2257.0 2264.3865 204 247 175 0.584245 0.730713 0.353151 
2290.0 2257.0 2264.3865 204 247 175 0.861028 0.499538 -0.0953535 
2290.0 2258.0 2264.3865 204 247 175 0.990034 0.068 -0.123322 
2290.0 2256.0 2264.3865 205 248 174 0.464244 0.42515 0.776998 
2290.0 2256.0 2264.3865 205 248 174 0.313868 0.481054 0.81858 
2290.0 2256.0 2264.3865 205 248 174 0.549901 0.580357 0.600661 
2290.0 2257.0 2264.3865 205 248 174 0.577468 0.513492 0.63471 
2290.0 2259.0 2264.3865 205 247 175 0.973818 -0.223797 0.0399205 
2290.0 2259.0 2264.3865 205 248 174 0.459836 -0.187779 0.867923 
2290.0 2260.0 2264.3865 205 248 174 0.80569 0.392433 0.44369 
2290.0 2261.0 2264.3865 205 248 174 0.967743 0.0713601 0.241623 
2290.0 2260.0 2264.3865 205 248 174 0.655112 0.0827968 0.750982 
2290.0 2261.0 2264.3865 205 248 174 0.858879 -0.144362 -0.491413 
2290.0 2261.0 2264.3865 205 248 174 0.828495 -0.471412 0.302268 
2290.0 2262.0 2264.3865 205 248 174 0.825373 -0.397637 0.400805 
2290.0 2262.0 2264.3865 205 248 174 0.986241 -0.165311 0.00112456 
2300.0 2250.0 2263.8801000000003 204 248 175 0.127352 0.0585129 0.99013 
2190.0 2288.0 2263.849 203 247 176 -0.128281 0.482854 0.866254 
2300.0 2257.0 2264.0076 204 248 175 -0.0669716 -0.06258 0.99579 
2200.0 2299.0 2263.9201000000003 203 248 176 -0.0675497 0.625194 0.77754 
2300.0 2257.0 2263.9654 204 248 175 0.089359 -0.0161492 0.995869 
2300.0 2251.0 2263.8565000000003 204 248 175 0.0704529 -0.0816359 0.994169 
2300.0 2257.0 2264.0494 204 248 175 0.0374394 -0.13274 0.990444 
2190.0 2288.0 2263.8573 203 247 176 0.001357 0.555013 0.831841 
2300.0 2251.0 2263.8512 204 248 175 0.0658364 -0.125898 0.989856 
2200.0 2299.0 2263.9512 203 248 176 -0.058749 0.646239 0.760871 
2290.0 2249.0 2264.2786 205 248 174 0.428466 0.08404 0.899641 
2200.0 2299.0 2263.9819 203 248 176 -0.139042 0.626435 0.766972 
2190.0 2288.0 2264.074 203 248 176 -0.543881 0.457392 0.703552 
2190.0 2289.0 2263.8838 203 248 176 -0.398518 0.456602 0.795423 
2290.0 2250.0 2264.1881000000003 205 248 174 0.318167 0.202213 0.926218 
2300.0 2251.0 2263.9638 204 248 175 0.173651 -0.197152 0.964871 
2190.0 2293.0 2263.9328 203 248 176 -0.175239 0.139939 0.97453 
2290.0 2250.0 2264.1207 205 248 174 0.35974 0.104528 0.927179 
2300.0 2251.0 2263.8908 204 248 175 0.15428 -0.0671295 0.985744 
2290.0 2250.0 2264.0151 205 248 174 0.261767 0.130226 0.956305 
2190.0 2289.0 2264.0959000000003 204 247 175 -0.369577 0.652098 0.661953 
2290.0 2251.0 2264.3109 205 248 175 0.447932 -0.292938 0.844716 
2290.0 2251.0 2264.3203000000003 204 248 175 0.277119 -0.291628 0.91551 
2300.0 2257.0 2263.987 204 248 175 0.154574 -0.049975 0.986716 
2190.0 2290.0 2263.8485 204 248 175 -0.640337 -0.216562 0.736933 
2290.0 2251.0 2264.0019 205 248 175 0.312041 -0.191703 0.930527 
2190.0 2290.0 2263.8749000000003 204 248 175 -0.21024 -0.254212 0.944021 
2190.0 2290.0 2263.9973 204 248 175 -0.378138 -0.175513 0.908959 
2290.0 2252.0 2264.3476 206 248 174 0.15516 0.00111626 0.987889 
2300.0 2257.0 2263.8761 204 248 175 0.0891678 0.0161147 0.995886 
2290.0 2252.0 2264.3077000000003 206 248 174 0.127703 -0.0372938 0.991111 
2300.0 2257.0 2263.8857000000003 204 248 175 0.116399 -0.00326352 0.993197 
2300.0 2258.0 2264.117 204 248 175 0.0877716 -0.0249228 0.995829 
2290.0 2254.0 2264.2042 206 248 174 0.223627 0.410229 0.88414 
2300.0 2251.0 2264.0608 204 248 175 0.245417 -0.305695 0.919957 
2300.0 2258.0 2264.0096000000003 204 248 175 0.176201 -0.0361736 0.983689 
2300.0 2249.0 2264.0053000000003 204 248 175 0.387428 -0.00127864 0.921899 
2300.0 2258.0 2263.8902000000003 204 248 175 0.183977 -0.0510387 0.981605 
2300.0 2250.0 2263.9987 204 248 175 0.253416 0.0743857 0.964493 
2300.0 2252.0 2264.2505 204 248 175 0.23303 -0.15667 0.959767 
2300.0 2257.0 2263.8676 204 248 175 0.0359437 0.0154044 0.999235 
2300.0 2249.0 2263.8828000000003 204 248 175 0.247621 -0.101358 0.963541 
2300.0 2257.0 2263.8657000000003 204 248 175 0.0629462 0.0309397 0.997537 
2300.0 2250.0 2263.9104 204 248 175 0.17638 -0.00341381 0.984316 
2300.0 2252.0 2264.0672 204 248 175 0.309528 -0.0577956 0.949132 
2300.0 2250.0 2263.9457 204 248 175 0.147597 0.118321 0.981945 
2190.0 2290.0 2264.1988 204 248 175 -0.319062 -0.0368637 0.947017 
2300.0 2253.0 2264.2774 204 248 175 0.355295 0.0348835 0.934103 
2290.0 2258.0 2264.0142 204 248 175 -0.183669 -0.0660248 0.980768 
2300.0 2253.0 2264.0325000000003 204 248 175 0.353444 0.142764 0.924498 
2300.0 2258.0 2264.0932000000003 204 248 175 -0.1331 -0.00329999 0.991097 
2190.0 2293.0 2264.0260000000003 203 247 175 -0.183224 0.160161 0.969937 
2290.0 2259.0 2263.9480000000003 204 248 175 -0.155365 0.137964 0.978176 
2300.0 2252.0 2263.9169 204 248 175 0.25477 0.0255989 0.966663 
2300.0 2253.0 2263.882 204 248 175 0.284404 0.0896068 0.954508 
2190.0 2293.0 2263.8843 203 247 175 -0.21824 0.268283 0.938294 
2300.0 2253.0 2264.1865000000003 204 248 175 0.464851 0.146261 0.873225 
2300.0 2253.0 2263.8705 204 248 175 0.358738 0.125077 0.925021 
2190.0 2293.0 2264.1355000000003 203 247 175 -0.0930265 0.163098 0.982214 
2300.0 2254.0 2264.0699 204 248 175 0.321409 0.218558 0.921373 
2190.0 2293.0 2264.0232 203 247 175 -0.0722149 0.264788 0.961599 
2300.0 2254.0 2263.8819000000003 204 247 175 0.238813 0.0204011 0.970851 
2190.0 2294.0 2263.8832 203 247 175 -0.0426423 0.235142 0.971025 
2190.0 2294.0 2263.9366 203 247 175 0.0147596 0.162355 0.986622 
2300.0 2259.0 2264.0594 204 248 175 -0.162825 0.204508 0.965228 
2190.0 2294.0 2263.8817 203 247 175 0.139827 0.149726 0.97879 
2300.0 2254.0 2263.8858 204 247 175 -0.00104037 -0.0676237 0.99771 
2290.0 2254.0 2264.3450000000003 205 248 175 0.572758 0.204227 0.793876 
2300.0 2259.0 2264.0742 204 248 175 0.0168495 0.142659 0.989628 
2300.0 2251.0 2263.8714 204 247 174 0.180593 -0.209594 0.960967 
2290.0 2254.0 2263.9772000000003 205 248 175 0.342301 0.315159 0.885158 
2300.0 2259.0 2263.9447 204 248 175 -0.14416 0.0917383 0.985293 
2290.0 2255.0 2264.1837 205 248 175 0.531672 0.229621 0.81523 
2200.0 2298.0 2264.0137 203 248 175 -0.366002 0.0568162 0.928878 
2290.0 2255.0 2263.8767000000003 205 248 175 0.25368 0.10173 0.961924 
2300.0 2259.0 2263.9636 204 248 175 0.0195898 0.0381486 0.99908 
2290.0 2255.0 2263.9165000000003 205 248 175 0.463637 0.0173697 0.885855 
2290.0 2255.0 2263.9024 205 248 175 0.076804 -0.104316 0.991574 
2300.0 2259.0 2264.018 204 248 175 0.0906873 0.0316859 0.995375 
2290.0 2256.0 2264.1842 205 248 175 0.251173 -0.173269 0.952308 
2300.0 2259.0 2263.944 204 248 175 0.147183 -0.0921388 0.984808 
2290.0 2256.0 2264.0431000000003 205 248 175 0.138545 -0.109631 0.984269 
2300.0 2259.0 2263.9406 204 248 175 -0.0138285 0.0797799 0.996717 
2300.0 2259.0 2264.0092 204 248 175 0.0547512 -0.0483099 0.997331 
2290.0 2257.0 2264.1809000000003 204 247 175 0.220043 0.335099 0.916128 
2290.0 2260.0 2263.9528 204 248 175 -0.103661 -0.0694869 0.992182 
2290.0 2258.0 2264.0928 205 248 175 -0.254753 0.028035 0.9666 
2300.0 2260.0 2264.0115 204 248 175 -0.0863229 -0.102437 0.990987 
2300.0 2260.0 2263.9675 204 248 175 0.0187741 -0.118166 0.992816 
2290.0 2256.0 2264.2255 205 248 174 0.182253 0.383161 0.905523 
2290.0 2257.0 2264.0777000000003 205 248 174 0.327046 0.404545 0.85404 
2290.0 2260.0 2263.9120000000003 204 248 175 -0.151955 -0.0498784 0.987128 
2290.0 2257.0 2263.9921 205 248 174 0.0505631 0.245416 0.968098 
2300.0 2260.0 2264.0613000000003 204 248 175 -0.119783 -0.134302 0.983674 
2300.0 2260.0 2264.1054 204 248 175 0.0207393 -0.103696 0.994393 
2290.0 2256.0 2264.1317 204 247 175 0.164435 0.219685 0.961613 
2300.0 2260.0 2263.9653000000003 204 248 175 -0.025021 -0.092469 0.995401 
2290.0 2256.0 2264.0735 204 247 175 0.139426 0.0965258 0.985517 
2300.0 2260.0 2264.0352000000003 204 248 175 0.00302002 -0.0271802 0.999626 
2300.0 2260.0 2264.0715 204 248 175 0.0702761 0.00734228 0.997501 
2290.0 2257.0 2263.9517 205 248 175 0.0857761 0.212576 0.973373 
2300.0 2260.0 2264.0394 204 248 175 0.0704529 0.0816359 0.994169 
2290.0 2257.0 2263.9547000000002 204 247 175 0.056485 0.193491 0.979475 
2290.0 2257.0 2263.8844 205 248 175 0.190477 0.0715807 0.979078 
2300.0 2259.0 2263.8678 204 248 175 0.161942 -0.0650133 0.984656 
2290.0 2257.0 2263.9933 205 248 175 0.00556412 0.14578 0.989301 
2290.0 2258.0 2264.0425 205 248 175 0.265339 -0.0884462 0.96009 
2300.0 2259.0 2263.8914 204 248 175 0.252695 -0.0850784 0.963798 
2290.0 2257.0 2263.8977 205 248 175 0.0563371 0.12992 0.989923 
2290.0 2257.0 2263.8729000000003 205 248 174 -0.127788 -0.0832378 0.988302 
2300.0 2259.0 2263.8596000000002 204 248 175 -0.0422938 -0.0704897 0.996616 
2290.0 2258.0 2263.8830000000003 205 248 175 -0.176201 -0.0361736 0.983689 
2300.0 2259.0 2263.8728 204 248 175 0.0566702 -0.0395622 0.997609 
2300.0 2260.0 2263.9613 204 248 175 0.163383 -0.0727473 0.983877 
2300.0 2260.0 2263.8742 204 248 175 0.0620494 -0.148684 0.986936 
2300.0 2260.0 2263.9631 204 248 175 0.0991007 0.0763189 0.992146 
2290.0 2259.0 2264.1600000000003 205 247 175 0.645793 -0.521019 0.558114 
2300.0 2260.0 2263.9405 204 248 175 0.0296056 -0.0153132 0.999444 
2290.0 2259.0 2264.1490000000003 205 248 175 -0.0705488 -0.286043 0.955616 
2300.0 2260.0 2263.8901 204 248 175 -0.00729952 -0.0636101 0.997948 
2290.0 2259.0 2264.3364 205 248 174 0.0994063 -0.264653 0.959206 
2300.0 2260.0 2263.8735 204 248 175 0.0822419 -0.013885 0.996516 
2290.0 2259.0 2264.3024 205 248 174 0.165118 -0.198922 0.966005 
2300.0 2260.0 2263.9139 204 248 175 0.0537577 -0.0263518 0.998206 
2300.0 2260.0 2263.8742 204 248 175 0.0834827 -0.00105674 0.996509 
2290.0 2259.0 2264.0660000000003 205 247 174 0.219685 -0.164435 0.961613 
2290.0 2259.0 2263.9462000000003 205 248 175 0.153149 -0.170869 0.973319 
2290.0 2261.0 2263.9878 204 248 175 -0.110184 -0.255368 0.960545 
2290.0 2259.0 2264.163 205 247 174 0.273251 -0.0971272 0.957027 
2300.0 2261.0 2264.1301000000003 204 248 175 -0.0896253 -0.0497918 0.99473 
2290.0 2259.0 2263.9847 205 247 174 0.212315 -0.0129031 0.977116 
2300.0 2261.0 2264.047 204 248 175 0.137577 0.125402 0.982521 
2290.0 2259.0 2263.9039000000002 205 248 175 0.0308164 -0.058445 0.997815 
2290.0 2261.0 2264.239 204 248 175 0.0302939 -0.238716 0.970617 
2300.0 2261.0 2264.1219 204 248 175 0.179733 -0.0583239 0.981985 
2290.0 2259.0 2263.9621 205 248 175 0.13802 0.00110416 0.990429 
2300.0 2261.0 2263.9232 205 248 175 0.123898 0.00548221 0.99228 
2290.0 2260.0 2264.3720000000003 205 248 174 0.229866 -0.0178652 0.973058 
2300.0 2261.0 2263.9828 204 248 175 0.126224 0.121415 0.984544 
2300.0 2261.0 2263.8886 204 248 175 0.0758483 0.131859 0.988362 
2300.0 2261.0 2263.963 204 248 175 0.0686123 -0.0158336 0.997518 
2300.0 2261.0 2263.8712 204 248 175 0.100633 -0.0387052 0.99417 
2300.0 2262.0 2264.0109 205 248 175 0.180943 -0.142983 0.973044 
2290.0 2260.0 2264.1744 205 248 174 0.328171 0.103139 0.938971 
2290.0 2260.0 2263.9575 205 248 174 0.175768 0.0860655 0.980662 
2290.0 2260.0 2264.2702 205 248 174 0.392063 0.215855 0.894256 
2290.0 2260.0 2264.0471000000002 205 248 174 0.277772 0.213563 0.936607 
2290.0 2260.0 2263.879 205 248 174 0.187769 0.0895893 0.978119 
2290.0 2260.0 2263.8938000000003 205 248 175 0.044599 0.0197065 0.998811 
2290.0 2260.0 2263.8817 205 247 174 -0.00295562 0.00492603 0.999984 
2290.0 2261.0 2264.2018000000003 205 248 174 0.404446 0.0803446 0.911026 
2290.0 2261.0 2264.1085000000003 205 248 174 0.323816 0.114209 0.939201 
2300.0 2262.0 2264.0172000000002 205 248 175 0.0419127 -0.125738 0.991178 
2290.0 2261.0 2264.3098 205 248 174 0.405839 -0.137165 0.903593 
2300.0 2262.0 2263.9543000000003 204 248 175 0.116755 -0.0510094 0.99185 
2290.0 2261.0 2264.1026 205 247 174 0.408837 -0.113023 0.905582 
2300.0 2262.0 2264.1358 204 248 175 0.192919 -0.0222149 0.980963 
2290.0 2262.0 2264.3152 205 248 174 0.556948 -0.220619 0.80071 
2290.0 2262.0 2264.2678 205 248 174 0.378407 -0.0767587 0.922451 
2300.0 2262.0 2264.0645 204 248 175 0.182166 0.174414 0.967675 
2300.0 2262.0 2263.8913000000002 204 248 175 0.0751119 0.116712 0.990321 
2300.0 2261.0 2263.8805 205 248 175 0.00763118 0.116648 0.993144 
2300.0 2261.0 2263.9249 205 248 175 -0.0573728 0.0114746 0.998287 
2300.0 2261.0 2263.8646 204 248 175 -0.0432212 -0.0390045 0.998304 
2300.0 2261.0 2263.9320000000002 204 248 175 -0.0517545 -0.0327427 0.998123 
2300.0 2261.0 2263.9246000000003 204 248 175 0.0399663 -0.009223 0.999159 
2300.0 2261.0 2263.8727 204 248 175 0.11137 0.0231562 0.993509 
2300.0 2261.0 2263.9378 204 248 175 0.0606871 -0.0330053 0.997611 
2300.0 2261.0 2263.8713000000002 204 248 175 0.138234 -0.023601 0.990118 
2300.0 2262.0 2263.9131 204 248 175 -0.0299028 -0.0278405 0.999165 
2300.0 2262.0 2263.9655000000002 205 248 175 -0.0409504 -0.0346504 0.99856 
2300.0 2262.0 2263.9410000000003 205 248 175 -0.073138 0.0866404 0.993551 
2290.0 2261.0 2263.8749000000003 205 248 174 0.180746 0.0314848 0.983026 
2300.0 2262.0 2263.9617000000003 204 248 175 -0.0615712 0.0464484 0.997021 
2290.0 2261.0 2263.9029 205 248 174 0.00536786 -0.0976951 0.995202 
2300.0 2262.0 2263.956 204 248 175 0.0606871 -0.0330053 0.997611 
2290.0 2261.0 2264.0136 205 248 174 0.0726671 0.00737202 0.997329 
2300.0 2262.0 2263.9004 204 248 175 0.139012 -0.0471033 0.98917 
2290.0 2261.0 2264.069 205 248 174 -0.188133 -0.130052 0.973495 
2300.0 2262.0 2263.966 204 248 175 0.00893687 0.00695089 0.999936 
2290.0 2261.0 2263.9120000000003 205 247 174 -0.0926973 -0.239997 0.966338 
2300.0 2262.0 2263.9314 204 248 175 0.122523 -0.0165572 0.992328 
2290.0 2261.0 2264.1571 205 248 174 -0.150349 -0.259451 0.953981 
2300.0 2263.0 2264.1027 204 248 175 0.0783852 0.222713 0.971728 
2290.0 2262.0 2264.1266 205 248 174 -0.386688 0.014226 0.922101 
2300.0 2263.0 2263.953 204 248 175 -0.0433123 -0.0390867 0.998297 
2290.0 2262.0 2264.1425 205 247 174 0.263532 -0.289453 0.9202 
2300.0 2263.0 2264.0225 204 248 175 -0.0115423 0.0640072 0.997883 
2290.0 2262.0 2264.0483 205 248 174 0.00113702 -0.180786 0.983522 
2300.0 2263.0 2263.9782 204 248 175 0.0426994 -0.0260362 0.998749 
2300.0 2263.0 2263.9508 204 248 175 0.0572439 -0.0998962 0.99335 
2300.0 2263.0 2263.9276 204 247 175 -0.088519 0.0661092 0.993878 
2300.0 2263.0 2263.9043 204 248 175 0.0720443 -0.108638 0.991467 
2300.0 2263.0 2263.8792000000003 204 248 175 -0.0172175 0.0212686 0.999626 
2300.0 2263.0 2263.964 204 248 175 0.0134292 0.0444195 0.998923 
2300.0 2263.0 2263.9203 204 248 175 0.134265 0.00998663 0.990895 
2300.0 2263.0 2263.9023 204 247 175 -0.0338018 0.0883209 0.995518 
2300.0 2263.0 2263.9094 204 248 175 0.0751214 0.0446373 0.996175 
2300.0 2264.0 2263.9482000000003 204 248 175 0.0131405 0.021227 0.999688 
2300.0 2264.0 2263.9281 204 248 175 0.0833072 0.00105452 0.996523 
2300.0 2264.0 2263.8547000000003 204 248 175 0.0419272 0.00715831 0.999095 
2300.0 2265.0 2263.9471000000003 204 248 175 -0.00741517 0.0794483 0.996811 
2300.0 2265.0 2263.9099 204 248 175 0.0624525 0.0646438 0.995952 
2300.0 2265.0 2263.8713000000002 204 248 175 0.0515468 0.0262994 0.998324 
2300.0 2264.0 2263.87 204 248 175 -0.0238118 0.0362353 0.99906 
2300.0 2264.0 2263.887 204 248 175 0.0928539 0.0316796 0.995176 
2300.0 2265.0 2263.8682 204 248 175 0.0177359 0.0532077 0.998426 
2290.0 2262.0 2264.2782 205 247 174 -0.136443 0.00998363 0.990598 
2300.0 2265.0 2263.8648000000003 204 248 175 0.0527175 0.0505657 0.997328 
2290.0 2262.0 2264.2649 205 247 174 0.0960377 -0.0666615 0.993143 
2290.0 2262.0 2264.1473 205 247 174 -0.0010855 0.116148 0.993231 
2290.0 2262.0 2264.2935 205 247 174 -0.0322486 0.216185 0.97582 
2190.0 2282.0 2263.8544 203 248 175 -0.226392 0.234624 0.945356 
2300.0 2254.0 2263.98 204 248 175 0.0778241 0.166424 0.982978 
2300.0 2254.0 2263.873 205 248 175 0.0804534 0.0203815 0.99655 
2300.0 2255.0 2263.9208000000003 205 248 175 -0.0297248 -0.0194749 0.999368 
2300.0 2255.0 2263.8957 205 248 175 0.0798031 -0.0426345 0.995898 
2300.0 2254.0 2263.9386 204 248 175 0.0440592 0.00512316 0.999016 
2300.0 2254.0 2263.8667 204 248 175 0.0298396 -0.109412 0.993549 
2300.0 2255.0 2263.8728 205 248 175 0.0464824 -0.0113624 0.998854 
2300.0 2255.0 2263.9698000000003 205 247 175 -0.0116766 -0.0796132 0.996757 
2300.0 2255.0 2263.9629 204 248 175 0.0530337 -0.0595276 0.996817 
2300.0 2256.0 2263.949 204 248 175 0.049043 -0.0198259 0.9986 
2300.0 2256.0 2263.9723 204 248 175 0.00299048 -0.0189397 0.999816 
2300.0 2255.0 2263.8915 204 248 175 0.186044 -0.0612145 0.980633 
2300.0 2256.0 2263.9467 204 248 175 0.0624611 -0.0624611 0.996091 
2300.0 2256.0 2263.9235 204 248 175 0.0757054 -0.0181266 0.996965 
2300.0 2254.0 2263.8906 204 248 175 -0.0071029 -0.0314557 0.99948 
2300.0 2255.0 2263.8992000000003 204 248 175 -0.0434882 -0.0434882 0.998107 
2300.0 2255.0 2263.8551 204 248 175 0.090306 -0.0272006 0.995543 
2300.0 2255.0 2263.9371 204 247 175 0.0189021 0.000994847 0.999821 
2300.0 2255.0 2263.8585000000003 204 248 175 0.108256 0.0164024 0.993988 
2300.0 2256.0 2263.8934 204 248 175 0.0254721 0.017321 0.999525 
2300.0 2256.0 2263.8619 204 247 175 0.104738 0.00755841 0.994471 
2300.0 2256.0 2263.9921 204 248 175 0.0967856 0.0228371 0.995043 
2300.0 2256.0 2263.9822 205 248 175 0.000987127 -0.00888415 0.99996 
2300.0 2257.0 2263.8987 205 248 175 -0.0395629 -0.00101443 0.999217 
2300.0 2257.0 2264.0755 204 248 175 -0.133462 -0.168387 0.976644 
2240.0 2260.0 2264.3865 203 248 175 -0.25474 -0.852694 0.456092 
2260.0 2254.0 2264.3865 203 248 176 -0.150819 -0.493457 0.856594 
2220.0 2266.0 2264.3865 205 248 174 -0.155524 -0.620586 0.76856 
2260.0 2254.0 2264.3865 203 248 176 -0.312063 -0.638678 0.703354 
2270.0 2249.0 2264.3865 204 248 176 -0.326818 -0.665018 0.671522 
2210.0 2271.0 2264.3865 204 248 175 -0.315996 -0.556602 0.768336 
2270.0 2249.0 2264.3865 204 248 176 -0.437525 -0.700373 0.563958 
2210.0 2271.0 2264.3865 204 248 175 -0.327423 -0.52228 0.787412 
2280.0 2248.0 2264.3865 203 248 175 -0.0929177 -0.900054 0.425757 
2280.0 2270.0 2264.3865 203 247 174 0.514043 0.735527 0.441316 
2280.0 2249.0 2264.3865 203 247 175 0.220141 -0.952144 0.212038 
2210.0 2270.0 2264.3865 204 248 175 -0.262429 -0.685497 0.679135 
2290.0 2245.0 2264.3865 203 248 176 -0.0181595 -0.691458 0.722189 
2230.0 2289.0 2264.3865 203 248 175 0.486136 0.590428 0.644256 
2230.0 2289.0 2264.3865 203 248 175 0.418275 0.476866 0.773075 
2230.0 2288.0 2264.3865 203 248 175 0.518945 0.663377 0.539099 
2230.0 2290.0 2264.3865 203 248 175 0.346722 0.52734 0.77569 
2190.0 2284.0 2264.3865 204 248 175 -0.996616 0.0488005 0.0661518 
2190.0 2285.0 2264.3865 204 248 175 -0.952114 0.103748 0.287604 
2290.0 2245.0 2264.3865 203 248 175 0.447597 -0.313474 0.837491 
2190.0 2286.0 2264.3865 204 248 175 -0.849983 0.0989019 0.517443 
2190.0 2287.0 2264.3865 204 248 175 -0.615452 0.384451 0.688052 
2250.0 2280.0 2264.3865 204 248 175 0.322855 0.887476 0.328862 
2190.0 2287.0 2264.3865 204 248 175 -0.455419 0.768825 0.448889 
2290.0 2245.0 2264.3865 203 248 175 0.665979 -0.11421 0.737175 
2190.0 2291.0 2264.3865 203 248 175 0.0354184 0.997082 0.067617 
2250.0 2280.0 2264.3865 204 248 175 0.278692 0.79199 0.543214 
2220.0 2292.0 2264.3865 203 248 175 0.165118 0.966005 0.198922 
2260.0 2279.0 2264.3865 204 248 175 0.282788 0.863649 0.417303 
2300.0 2246.0 2264.3865 204 247 175 0.835164 -0.00407397 0.549986 
2190.0 2291.0 2264.3865 203 248 175 0.0633043 0.969425 -0.237081 
2220.0 2267.0 2264.3865 205 248 174 -0.388221 -0.619501 0.682278 
2190.0 2278.0 2264.3865 203 248 176 -0.222037 -0.519107 0.825365 
2280.0 2245.0 2264.3865 203 248 175 -0.0921747 -0.500579 0.86077 
2220.0 2293.0 2264.3865 203 248 175 0.258249 0.701868 0.663844 
2280.0 2272.0 2264.3865 203 248 175 -0.0216115 0.939463 0.341969 
2280.0 2271.0 2264.3865 203 247 174 0.380951 0.470964 0.795656 
2210.0 2295.0 2264.3865 203 248 175 0.223848 0.836002 0.500992 
2210.0 2270.0 2264.3865 205 248 174 0.0209161 -0.779472 0.626088 
2250.0 2281.0 2264.3865 203 248 175 0.121978 0.956154 0.266254 
2240.0 2260.0 2264.3865 203 248 175 -0.288731 -0.744959 0.601391 
2290.0 2245.0 2264.3865 203 248 176 -0.222907 -0.844619 0.486755 
2240.0 2261.0 2264.3865 203 248 175 -0.252779 -0.588771 0.767757 
2240.0 2261.0 2264.3865 203 248 175 -0.452389 -0.669402 0.589274 
2260.0 2278.0 2264.3865 204 248 175 0.271419 0.832869 0.48235 
2240.0 2262.0 2264.3865 203 248 175 -0.530611 -0.557562 0.638417 
2190.0 2288.0 2264.3865 204 248 175 -0.453908 0.890306 0.0363665 
2290.0 2244.0 2264.3865 203 248 176 -0.400432 -0.849166 0.344341 
2260.0 2279.0 2264.3865 204 248 175 0.339908 0.707465 0.619642 
2220.0 2266.0 2264.3865 205 248 174 0.0498766 -0.671197 0.739599 
2200.0 2291.0 2264.3865 203 248 175 -0.318778 0.915946 0.243771 
2280.0 2249.0 2264.3865 203 247 175 -0.013562 -0.955504 0.294665 
2290.0 2243.0 2264.3865 203 248 175 -0.279072 -0.719209 0.636284 
2200.0 2275.0 2264.3865 203 248 175 -0.0887218 -0.618143 0.781042 
2260.0 2253.0 2264.3865 203 248 176 -0.0856009 -0.628223 0.77331 
2270.0 2250.0 2264.3865 203 248 175 0.00135883 -0.569351 0.822094 
2190.0 2279.0 2264.3865 203 248 176 -0.459239 -0.0419953 0.88732 
2280.0 2272.0 2264.3865 203 248 175 0.00405061 0.849278 0.52793 
2200.0 2275.0 2264.3865 203 248 175 -0.179272 -0.691039 0.700233 
2200.0 2292.0 2264.3865 203 247 175 -0.985881 0.123086 0.113526 
2270.0 2250.0 2264.3865 203 248 175 -0.0945204 -0.594751 0.798334 
2210.0 2295.0 2264.3865 203 248 175 0.15271 0.678881 0.718192 
2200.0 2275.0 2264.3865 203 248 175 -0.122688 -0.595704 0.793779 
2200.0 2297.0 2264.3865 203 247 175 0.333016 0.635166 0.696896 
2240.0 2262.0 2264.3865 203 248 175 -0.395247 -0.862776 0.315275 
2280.0 2269.0 2264.3865 204 248 175 0.356657 0.921713 0.152453 
2260.0 2279.0 2264.3865 204 247 175 0.14601 0.636723 0.757143 
2190.0 2278.0 2264.3865 203 248 175 -0.0733672 -0.620025 0.781145 
2250.0 2280.0 2264.3865 203 248 175 0.3054 0.805433 0.507945 
2280.0 2245.0 2264.3865 203 248 175 -0.411984 -0.45399 0.79004 
2280.0 2272.0 2264.3865 203 248 175 0.209425 0.749275 0.628274 
2210.0 2270.0 2264.3865 205 248 174 0.0195238 -0.917618 0.396984 
2200.0 2293.0 2264.3865 203 248 175 -0.977023 0.117938 -0.177528 
2200.0 2277.0 2264.3865 203 247 175 -0.467204 -0.597821 0.651407 
2290.0 2244.0 2264.3865 203 248 175 -0.507383 -0.691581 0.514081 
2250.0 2280.0 2264.3865 203 248 175 0.244929 0.784709 0.569421 
2260.0 2253.0 2264.3865 203 248 176 0.0238099 -0.668078 0.74371 
2220.0 2266.0 2264.3865 203 248 175 -0.17147 -0.874939 0.452858 
2220.0 2268.0 2264.3865 203 248 175 -0.279624 -0.845051 0.45574 
2290.0 2247.0 2264.3865 204 247 175 0.876829 0.127721 0.463528 
2260.0 2278.0 2264.3865 203 247 175 -0.0687033 0.917391 0.392013 
2290.0 2243.0 2264.3865 203 248 175 -0.173889 -0.917514 0.357675 
2190.0 2280.0 2264.3865 203 248 175 -0.859712 -0.359628 0.362715 
2200.0 2294.0 2264.3865 203 247 175 -0.982547 0.186011 0.00114117 
2200.0 2297.0 2264.3865 203 247 175 0.270609 0.593441 0.758022 
2270.0 2275.0 2264.3865 204 248 175 0.482999 0.872739 0.0709883 
2190.0 2277.0 2264.3865 203 247 175 -0.534133 -0.737925 0.412515 
2280.0 2271.0 2264.3865 203 248 175 0.226298 0.168069 0.959449 
2210.0 2294.0 2264.3865 203 248 175 0.20283 0.809795 0.550538 
2280.0 2269.0 2264.3865 204 248 175 0.376118 0.782907 0.495572 
2220.0 2269.0 2264.3865 203 248 175 -0.407621 -0.826344 0.388588 
2270.0 2250.0 2264.3865 203 248 175 -0.257905 -0.640808 0.723084 
2190.0 2278.0 2264.3865 204 248 175 -0.0938035 -0.818255 0.56715 
2290.0 2248.0 2264.3865 204 248 175 0.723027 0.0891003 0.68505 
2270.0 2275.0 2264.3865 204 248 175 0.76089 0.502351 0.410717 
2230.0 2266.0 2264.3865 203 248 175 -0.194776 -0.940727 0.27766 
2210.0 2294.0 2264.3865 203 248 175 0.21929 0.851449 0.476388 
2290.0 2268.0 2264.3865 204 247 175 0.267412 0.888885 0.371987 
2270.0 2250.0 2264.3865 203 247 175 -0.263912 -0.804229 0.532509 
2280.0 2245.0 2264.3865 203 247 175 -0.0346075 -0.549567 0.834733 
2210.0 2296.0 2264.3865 203 248 175 0.376001 0.701102 0.60587 
2190.0 2278.0 2264.3865 204 248 175 -0.246514 -0.840599 0.482311 
2190.0 2281.0 2264.3865 204 248 175 -0.957722 -0.237112 0.162932 
2190.0 2282.0 2264.3865 204 248 175 -0.964417 -0.0904539 0.24843 
2190.0 2277.0 2264.3865 203 248 175 -0.357768 -0.86755 0.345484 
2190.0 2283.0 2264.3865 203 248 175 -0.997028 0.00526414 -0.0768565 
2200.0 2276.0 2264.3865 204 248 175 -0.300924 -0.664607 0.683917 
2270.0 2274.0 2264.3865 204 248 176 0.128703 0.951344 0.279963 
2260.0 2253.0 2264.3865 204 248 175 0.00138085 -0.694569 0.719425 
2270.0 2274.0 2264.3865 204 248 175 0.0749486 0.908923 0.410174 
2200.0 2276.0 2264.3865 204 248 175 -0.319665 -0.557406 0.766233 
2240.0 2261.0 2264.3865 204 248 175 -0.408602 -0.840687 0.355374 
2270.0 2249.0 2264.3865 203 248 175 -0.321186 -0.862132 0.391878 
2260.0 2277.0 2264.3865 204 248 174 0.619292 0.478315 0.622649 
2260.0 2277.0 2264.3865 204 248 174 0.750554 0.494348 0.438508 
2260.0 2253.0 2264.3865 204 248 176 -0.190884 -0.837183 0.512531 
2230.0 2288.0 2264.3865 204 247 175 0.326925 0.900893 0.285505 
2230.0 2266.0 2264.3865 203 248 175 -0.13031 -0.972895 0.191037 
2220.0 2268.0 2264.3865 203 248 175 -0.163823 -0.937505 0.306995 
2280.0 2269.0 2264.3865 204 248 175 0.319621 0.889838 0.325624 
2250.0 2257.0 2264.3865 203 248 175 -0.225515 -0.520064 0.823818 
2260.0 2279.0 2264.3865 209 248 172 -0.26052 0.437247 0.860782 
2210.0 2269.0 2264.3865 204 247 175 -0.426925 -0.760614 0.489083 
2280.0 2270.0 2264.3865 204 248 175 0.398124 0.70539 0.586448 
2260.0 2279.0 2264.3865 204 248 175 -0.520171 0.352685 0.77784 
2250.0 2258.0 2264.3865 203 248 175 -0.364682 -0.5969 0.714645 
2280.0 2269.0 2264.3865 204 248 175 0.240832 0.687867 0.684719 
2210.0 2270.0 2264.3865 204 247 175 -0.561409 -0.645705 0.517576 
2210.0 2295.0 2264.3865 203 248 175 0.280891 0.522551 0.80501 
2210.0 2270.0 2264.3865 204 248 175 -0.0297094 -0.931326 0.362972 
2230.0 2266.0 2264.3865 203 248 175 -0.314572 -0.943716 0.102203 
2250.0 2257.0 2264.3865 203 248 175 -0.094222 -0.810309 0.578378 
2240.0 2284.0 2264.3865 204 248 175 -0.0474695 0.945541 0.322023 
2250.0 2257.0 2264.3865 204 248 176 -0.0841792 -0.954462 0.286209 
2290.0 2267.0 2264.3865 204 248 174 0.0310838 0.986624 -0.160024 
2220.0 2268.0 2264.3865 203 248 175 -0.180072 -0.9416 0.284542 
2200.0 2275.0 2264.3865 204 248 175 -0.287802 -0.835404 0.468262 
2210.0 2293.0 2264.3865 203 248 175 0.384119 0.859254 0.337839 
2200.0 2295.0 2264.3865 203 247 176 -0.991741 -0.0951613 -0.0859891 
2260.0 2279.0 2264.3865 209 248 172 -0.156382 0.699924 0.696887 
2210.0 2294.0 2264.3865 203 248 175 0.399869 0.551259 0.732269 
2220.0 2267.0 2264.3865 204 248 175 -0.379994 -0.616874 0.689254 
2290.0 2267.0 2264.3865 204 248 174 0.467257 0.674926 0.571092 
2220.0 2268.0 2264.3865 204 248 175 -0.311529 -0.695694 0.64727 
2290.0 2243.0 2264.3865 203 247 175 0.110312 -0.900653 0.420305 
2230.0 2265.0 2264.3865 203 248 175 -0.285611 -0.735567 0.614302 
2260.0 2279.0 2264.3865 209 248 172 0.162986 0.823903 0.542789 
2250.0 2257.0 2264.3865 204 248 176 -0.191083 -0.981204 -0.0269626 
2290.0 2266.0 2264.3865 204 248 174 0.639342 0.721838 0.264938 
2240.0 2284.0 2264.3865 204 248 175 -0.126787 0.750279 0.64885 
2200.0 2296.0 2264.3865 203 248 175 -0.97809 -0.171877 0.11747 
2200.0 2275.0 2264.3865 203 248 175 -0.309337 -0.801104 0.512389 
2240.0 2260.0 2264.3865 203 248 175 -0.267824 -0.88726 0.375552 
2230.0 2288.0 2264.3865 204 247 176 0.0706627 0.926615 0.369313 
2250.0 2281.0 2264.3865 203 247 175 0.622046 0.665175 0.413039 
2200.0 2297.0 2264.3865 203 248 175 -0.978212 0.140455 0.152884 
2260.0 2252.0 2264.3865 204 248 175 -0.159561 -0.670158 0.724865 
2220.0 2267.0 2264.3865 204 248 175 -0.446729 -0.617389 0.647506 
2230.0 2288.0 2264.3865 204 248 175 0.0274786 0.919877 0.391242 
2220.0 2269.0 2264.3865 207 248 174 -0.442483 -0.886398 0.136039 
2290.0 2243.0 2264.3865 203 247 175 0.277294 -0.806815 0.521688 
2210.0 2294.0 2264.3865 203 248 175 0.0849905 0.574766 0.813892 
2290.0 2263.0 2264.3865 204 247 175 0.769053 -0.522956 0.367526 
2240.0 2259.0 2264.3865 203 248 175 -0.357076 -0.85791 0.369442 
2260.0 2279.0 2264.3865 204 248 175 0.502061 0.495389 0.70889 
2240.0 2262.0 2264.3865 203 248 175 -0.231839 -0.827557 0.511274 
2290.0 2244.0 2264.3865 203 247 175 0.297201 -0.650629 0.698823 
2250.0 2282.0 2264.3865 203 247 175 0.76601 0.43282 0.475285 
2240.0 2262.0 2264.3865 203 248 175 -0.350429 -0.773528 0.528066 
2290.0 2264.0 2264.3865 204 247 175 0.327837 0.238295 0.914187 
2260.0 2279.0 2264.3865 204 248 175 0.366743 0.65948 0.656191 
2290.0 2265.0 2264.3865 204 247 175 0.213005 0.223859 0.951061 
2200.0 2297.0 2264.3865 203 248 176 0.292019 0.879082 0.376749 
2270.0 2276.0 2264.3865 204 248 175 0.67045 0.660662 0.337672 
2230.0 2288.0 2264.3865 204 248 175 0.0974199 0.915198 0.391052 
2270.0 2276.0 2264.3865 204 248 175 0.643958 0.613851 0.456625 
2250.0 2259.0 2264.3865 203 248 175 -0.311426 -0.541402 0.78096 
2200.0 2274.0 2264.3865 203 248 175 -0.246121 -0.818855 0.518557 
2250.0 2281.0 2264.3865 204 248 175 0.0983189 0.986743 0.129118 
2240.0 2262.0 2264.3865 203 248 175 0.0908542 -0.88478 0.457067 
2230.0 2266.0 2264.3865 203 248 175 -0.439456 -0.76619 0.468862 
2220.0 2293.0 2264.3865 204 248 175 0.220439 0.670697 0.708218 
2290.0 2263.0 2264.3865 204 248 175 0.94352 -0.0450521 0.328237 
2230.0 2288.0 2264.3865 204 247 175 0.0891444 0.746767 0.659084 
2230.0 2286.0 2264.3865 204 247 175 0.424773 0.325192 0.844878 
2230.0 2287.0 2264.3865 204 247 175 0.570613 0.434198 0.697046 
2240.0 2262.0 2264.3865 203 248 175 0.555975 -0.692881 0.459138 
2230.0 2265.0 2264.3865 203 248 175 -0.122701 -0.898397 0.421696 
2290.0 2265.0 2264.3865 204 247 175 0.428192 0.903072 -0.0333483 
2200.0 2274.0 2264.3865 205 248 174 -0.308118 -0.669471 0.675923 
2230.0 2288.0 2264.3865 204 248 175 0.186347 0.351356 0.917509 
2250.0 2281.0 2264.3865 204 248 175 0.504583 0.685629 0.524699 
2230.0 2264.0 2264.3865 203 248 175 -0.579853 -0.535899 0.613664 
2200.0 2274.0 2264.3865 205 248 174 -0.234192 -0.715152 0.658568 
2270.0 2273.0 2264.3865 204 248 175 0.475334 0.592907 0.650015 
2200.0 2273.0 2264.3865 205 248 174 -0.452263 -0.672554 0.585773 
2290.0 2244.0 2264.3865 203 247 175 0.425644 -0.514389 0.744467 
2240.0 2284.0 2264.3865 204 248 175 0.117235 0.978607 0.169066 
2200.0 2273.0 2264.3865 204 248 174 -0.219806 -0.656299 0.721773 
2250.0 2283.0 2264.3865 204 248 175 0.365048 0.187535 0.911905 
2270.0 2273.0 2264.3865 204 248 175 0.246 0.581311 0.775604 
2250.0 2283.0 2264.3865 204 248 175 0.387316 0.454815 0.801953 
2250.0 2284.0 2264.3865 204 248 175 0.3028 0.484794 0.820541 
2230.0 2265.0 2264.3865 203 248 175 -0.60275 -0.659519 0.449141 
2240.0 2284.0 2264.3865 204 248 175 0.363884 0.729401 0.579278 
2240.0 2284.0 2264.3865 203 247 175 -0.174742 0.512279 0.840854 
2260.0 2253.0 2264.3865 204 248 175 -0.37575 -0.707197 0.598903 
2240.0 2285.0 2264.3865 204 248 175 -0.0580448 0.581864 0.811212 
2270.0 2274.0 2264.3865 204 247 175 0.498955 0.852198 -0.157487 
2210.0 2296.0 2264.3865 203 248 176 0.223405 0.808881 0.543876 
2290.0 2266.0 2264.3865 204 247 175 0.808861 0.587634 0.02074 
2260.0 2253.0 2264.3865 204 248 176 -0.404562 -0.755073 0.51594 
2230.0 2263.0 2264.3865 203 248 175 -0.233874 -0.689064 0.685925 
2240.0 2285.0 2264.3865 203 248 175 0.328188 0.813336 0.480392 
2270.0 2250.0 2264.3865 204 248 175 -0.205628 -0.762217 0.613793 
2280.0 2247.0 2264.3865 203 248 175 -0.18976 -0.698872 0.689615 
2270.0 2251.0 2264.3865 204 248 175 -0.405058 -0.74288 0.532971 
2230.0 2263.0 2264.3865 203 248 175 -0.337672 -0.660662 0.67045 
2270.0 2274.0 2264.3865 204 247 175 0.285005 0.848851 0.445223 
2200.0 2273.0 2264.3865 204 248 174 -0.395841 -0.637652 0.66084 
2230.0 2286.0 2264.3865 203 248 175 0.360867 0.576407 0.733164 
2250.0 2259.0 2264.3865 203 248 175 -0.308288 -0.631103 0.711806 
2270.0 2273.0 2264.3865 204 248 175 0.306525 0.892662 0.330449 
2280.0 2247.0 2264.3865 203 248 175 -0.296342 -0.530881 0.793944 
2270.0 2251.0 2264.3865 204 248 175 -0.513714 -0.8413 0.16826 
2240.0 2285.0 2264.3865 203 248 175 0.122221 0.808428 0.575766 
2210.0 2296.0 2264.3865 203 248 176 0.195422 0.613963 0.764761 
2240.0 2285.0 2264.3865 204 248 175 -0.00137528 0.639507 0.768784 
2250.0 2285.0 2264.3865 204 248 175 0.125853 0.493284 0.860716 
2210.0 2296.0 2264.3865 203 248 176 0.127766 0.547779 0.826809 
2280.0 2247.0 2264.3865 203 248 175 -0.357865 -0.875627 0.324363 
2240.0 2285.0 2264.3865 203 248 175 0.0256203 0.473301 0.880528 
2270.0 2273.0 2264.3865 204 248 175 0.133853 0.539826 0.831067 
2250.0 2284.0 2264.3865 204 248 175 0.176499 0.386003 0.905456 
2270.0 2252.0 2264.3865 205 248 174 -0.319298 -0.869284 0.377352 
2250.0 2258.0 2264.3865 204 248 175 -0.39132 -0.635688 0.665409 
2270.0 2251.0 2264.3865 205 248 174 -0.528454 -0.843522 0.0959524 
2230.0 2263.0 2264.3865 204 248 175 -0.292209 -0.848797 0.440633 
2240.0 2285.0 2264.3865 203 248 175 0.301099 0.928742 0.216282 
2210.0 2272.0 2264.3865 204 248 174 -0.190884 -0.837183 0.512531 
2200.0 2298.0 2264.3865 203 248 175 -0.790988 0.598786 0.125671 
2240.0 2285.0 2264.3865 203 248 175 0.380462 0.537218 0.752759 
2240.0 2284.0 2264.3865 203 248 175 0.219194 0.813932 0.538023 
2230.0 2265.0 2264.3865 204 248 175 -0.220141 -0.952144 0.212038 
2210.0 2272.0 2264.3865 203 248 175 -0.3657 -0.631366 0.683843 
2280.0 2248.0 2264.3865 204 248 175 -0.440604 -0.706629 0.553664 
2240.0 2263.0 2264.3865 204 248 175 -0.339215 -0.913715 0.223737 
2210.0 2272.0 2264.3865 203 248 175 -0.391902 -0.620097 0.679627 
2280.0 2248.0 2264.3865 204 248 175 -0.494408 -0.732518 0.467951 
2260.0 2255.0 2264.3865 203 248 175 -0.516965 -0.574218 0.634839 
2290.0 2267.0 2264.3865 204 248 175 0.560008 0.828486 0.00135595 
2280.0 2249.0 2264.3865 204 248 175 -0.434253 -0.806012 0.402205 
2210.0 2271.0 2264.3865 203 247 175 -0.369708 -0.698338 0.612894 
2250.0 2256.0 2264.3865 203 248 175 -0.542798 -0.613818 0.573235 
2290.0 2268.0 2264.3865 204 248 175 0.585367 0.757628 0.288696 
2270.0 2272.0 2264.3865 204 247 175 0.366616 0.776839 0.511971 
2290.0 2268.0 2264.3865 204 248 175 0.256328 0.863022 0.435303 
2250.0 2257.0 2264.3865 204 248 175 -0.237651 -0.656294 0.716101 
2200.0 2298.0 2264.3865 203 248 176 -0.226597 0.726673 0.648536 
2250.0 2257.0 2264.3865 204 248 175 -0.341291 -0.67115 0.658087 
2250.0 2256.0 2264.3865 204 248 175 -0.327688 -0.812096 0.482825 
2220.0 2292.0 2264.3865 203 248 176 0.0306486 0.964818 0.261126 
2250.0 2256.0 2264.3865 204 248 175 -0.357753 -0.797324 0.486095 
2240.0 2262.0 2264.3865 204 248 175 0.000977516 -0.999999 0.000977516 
2280.0 2246.0 2264.3865 203 247 175 -0.610436 -0.539416 0.579999 
2260.0 2254.0 2264.3865 204 248 175 -0.373204 -0.662561 0.649408 
2220.0 2292.0 2264.3865 203 247 175 0.230123 0.883374 0.408282 
2270.0 2272.0 2264.3865 204 247 175 0.395893 0.650988 0.647675 
2260.0 2255.0 2264.3865 204 248 175 -0.394081 -0.578755 0.713963 
2280.0 2246.0 2264.3865 203 247 175 -0.568336 -0.755098 0.326834 
2220.0 2291.0 2264.3865 203 248 175 0.445539 0.819728 0.359919 
2280.0 2271.0 2264.3865 204 248 175 0.0587292 0.938362 0.340629 
2200.0 2299.0 2264.3865 203 248 175 -0.0499022 0.680095 0.731423 
2280.0 2271.0 2264.3865 204 248 175 -0.0795219 0.947744 0.308962 
2220.0 2292.0 2264.3865 203 248 175 0.469014 0.724238 0.505475 
2290.0 2248.0 2264.3865 204 248 175 0.957186 0.190903 0.217603 
2220.0 2292.0 2264.3865 203 248 175 0.293027 0.725363 0.622883 
2200.0 2299.0 2264.3865 203 248 175 0.125804 0.498879 0.857493 
2220.0 2290.0 2264.3865 203 248 175 0.255672 0.563106 0.785839 
2200.0 2298.0 2264.3865 203 248 175 0.222351 0.396108 0.890875 
2220.0 2291.0 2264.3865 203 248 176 0.293286 0.735619 0.610612 
2200.0 2298.0 2264.3865 203 248 176 0.324849 0.741819 0.586667 
2220.0 2291.0 2264.3865 203 248 175 0.077679 0.518331 0.851645 
2200.0 2298.0 2264.3865 203 248 176 0.346095 0.486447 0.802239 
2220.0 2291.0 2264.3865 203 248 175 0.0922682 0.503926 0.858804 
2220.0 2262.0 2263.4641 203 247 175 -0.0201421 -0.066787 0.997564 
2200.0 2267.0 2263.3761 203 248 176 0.0113177 -0.0421842 0.999046 
2220.0 2262.0 2263.4656 203 247 175 -0.00931302 -0.0527738 0.998563 
2220.0 2263.0 2263.5105000000003 203 247 175 -0.0132973 -0.0337546 0.999342 
2280.0 2271.0 2263.9819 203 247 174 0.231413 0.165295 0.95871 
2250.0 2251.0 2263.4806000000003 203 248 176 0.0191674 -0.0131145 0.99973 
2300.0 2258.0 2263.6749 204 248 175 0.0725032 -0.0378748 0.996649 
2190.0 2292.0 2264.0103 203 248 175 0.228683 0.0501391 0.972209 
2240.0 2293.0 2263.6212 204 247 176 0.00296142 -0.00690997 0.999972 
2300.0 2259.0 2263.7517000000003 204 248 175 0.0777842 -0.0471087 0.995857 
2220.0 2293.0 2264.1092000000003 203 248 175 0.137305 0.547742 0.825304 
2280.0 2236.0 2263.4145000000003 203 247 175 -0.0232939 -0.0151917 0.999613 
2280.0 2269.0 2264.3434 204 248 175 0.104467 0.354104 0.929353 
2250.0 2251.0 2263.4652 203 248 176 0.00701962 -0.0190532 0.999794 
2220.0 2263.0 2263.523 203 247 175 0.00299633 -0.0209743 0.999776 
2270.0 2245.0 2263.5089000000003 203 248 175 -0.0153132 -0.0296056 0.999444 
2190.0 2292.0 2263.7283 203 248 175 0.105178 0.221761 0.969412 
2300.0 2267.0 2263.7006 203 248 175 0.021058 0.00701933 0.999754 
2200.0 2292.0 2263.6502 203 248 175 -0.347347 0.154842 0.924864 
2210.0 2295.0 2264.3195 203 248 175 0.136205 0.451627 0.881749 
2190.0 2293.0 2264.1463000000003 203 247 175 0.0856181 0.0924675 0.992028 
2280.0 2236.0 2263.4392000000003 203 247 175 -0.0275093 -0.0152829 0.999505 
2190.0 2293.0 2263.9952000000003 203 247 175 0.0818973 -0.00957241 0.996595 
2240.0 2258.0 2263.5839 204 248 175 0.0151317 -0.0191668 0.999702 
2270.0 2245.0 2263.5248 203 248 175 -0.0131665 -0.0232946 0.999642 
2300.0 2267.0 2263.6658 203 248 175 0.0376889 -0.00713032 0.999264 
2290.0 2269.0 2264.1204000000002 204 247 175 0.174654 0.235983 0.955933 
2210.0 2295.0 2264.1478 203 248 175 0.114064 0.369677 0.922132 
2210.0 2295.0 2263.8477000000003 203 248 175 0.119356 0.358067 0.926036 
2220.0 2262.0 2263.4826000000003 203 248 175 -0.00101839 -0.0437908 0.99904 
2210.0 2296.0 2264.2456 203 248 175 0.170605 0.397123 0.901769 
2300.0 2243.0 2263.6553 203 248 175 0.0399663 -0.009223 0.999159 
2200.0 2293.0 2264.0489000000002 203 247 175 -0.341412 -0.0614803 0.937901 
2280.0 2237.0 2263.4145000000003 203 247 175 -0.0209744 -0.000998781 0.99978 
2270.0 2273.0 2264.2177 204 248 175 0.144793 0.299059 0.943185 
2300.0 2258.0 2263.6007 204 248 175 0.0133763 -0.0401288 0.999105 
2270.0 2246.0 2263.5511 203 248 175 -0.028348 -0.0472467 0.998481 
2190.0 2294.0 2263.8343 203 247 175 0.0996894 0.180918 0.978433 
2250.0 2286.0 2263.6847000000002 204 248 175 0.0199811 0.0599432 0.998002 
2200.0 2299.0 2264.1032 203 248 175 0.223641 0.237361 0.945328 
2180.0 2288.0 2263.5229 203 248 176 -0.00897218 -0.010966 0.9999 
2300.0 2268.0 2263.6903 203 248 175 0.00506296 0.0334156 0.999429 
2280.0 2237.0 2263.4381000000003 203 247 175 -0.0271257 0.00100465 0.999632 
2270.0 2273.0 2263.9996 204 248 175 0.144988 0.228584 0.962667 
2220.0 2263.0 2263.5097 203 248 175 -0.0133226 -0.0379181 0.999192 
2270.0 2246.0 2263.5594 203 248 175 -0.00725693 -0.0570188 0.998347 
2240.0 2293.0 2263.617 204 247 176 0.00898964 -0.0149827 0.999847 
2270.0 2245.0 2263.5415000000003 203 248 176 -0.0152519 -0.0274534 0.999507 
2200.0 2299.0 2263.7088000000003 203 248 175 0.227411 0.195116 0.954051 
2270.0 2246.0 2263.5602 203 248 176 -0.0331372 -0.0652054 0.997321 
2200.0 2267.0 2263.3648000000003 203 248 176 0.00101641 -0.0416728 0.999131 
2240.0 2258.0 2263.5655 204 248 175 -0.0258295 -0.0340949 0.999085 
2280.0 2236.0 2263.4748 203 247 175 -0.0315185 -0.011184 0.999441 
2290.0 2243.0 2263.6339000000003 203 247 175 0.0898936 -0.195796 0.976516 
2200.0 2294.0 2263.784 203 247 175 -0.264507 0.11336 0.957698 
2270.0 2274.0 2263.8091 204 248 175 0.0619994 0.20788 0.976187 
2300.0 2268.0 2263.6616 203 248 175 0.0357257 0.0112281 0.999299 
2270.0 2274.0 2263.7567 204 248 175 0.0308955 0.154478 0.987513 
2220.0 2265.0 2263.5289000000002 203 248 175 -0.00689638 0.000985198 0.999976 
2280.0 2273.0 2263.9567 204 248 175 0.073107 0.0469194 0.99622 
2280.0 2270.0 2264.1974 204 248 175 0.108138 0.373693 0.921227 
2250.0 2253.0 2263.5169 203 248 176 0.0216957 -0.0382257 0.999034 
2240.0 2259.0 2263.6054 204 248 175 -0.0134557 -0.0465773 0.998824 
2300.0 2243.0 2263.7096 203 247 175 0.0226187 -0.0829351 0.996298 
2250.0 2286.0 2263.6612 204 248 175 0.0177359 0.0532077 0.998426 
2180.0 2286.0 2263.4949 203 248 175 0.00692351 -0.00692351 0.999952 
2190.0 2295.0 2263.583 203 247 175 -0.00504347 0.0272348 0.999616 
2280.0 2237.0 2263.4752000000003 203 247 175 -0.0333483 -0.00303167 0.999439 
2180.0 2288.0 2263.5203 203 248 176 0.00299633 -0.0209743 0.999776 
2280.0 2270.0 2264.1723 204 248 175 0.0841521 0.234872 0.968377 
2290.0 2243.0 2263.6734 203 247 175 0.0812315 -0.097249 0.99194 
2250.0 2253.0 2263.4951 203 248 176 0.00305542 -0.0417574 0.999123 
2210.0 2296.0 2263.8885 203 248 175 0.173213 0.276867 0.945168 
2270.0 2247.0 2263.6478 203 248 176 -0.020458 -0.0872155 0.995979 
2250.0 2287.0 2263.6329 204 248 175 0.0214385 0.0255221 0.999444 
2280.0 2274.0 2263.8406 204 248 175 -0.0119282 0.105185 0.994381 
2250.0 2287.0 2263.6029000000003 204 248 175 0.00500404 0.0190153 0.999807 
2210.0 2299.0 2263.643 203 248 175 -0.0129084 0.00496477 0.999904 
2280.0 2239.0 2263.413 203 247 175 -0.0210163 -0.00300233 0.999775 
2180.0 2289.0 2263.5338 203 248 176 -0.0129339 -0.00696442 0.999892 
2180.0 2286.0 2263.482 203 248 175 0.0148646 0.00099097 0.999889 
2290.0 2243.0 2263.6043 203 247 175 -0.00951664 -0.0750757 0.997132 
2240.0 2294.0 2263.6305 204 247 176 -0.00294405 0.00098135 0.999995 
2290.0 2244.0 2263.8587 203 247 175 0.090993 -0.312541 0.945536 
2290.0 2244.0 2264.0153 203 247 175 0.197943 -0.307443 0.930751 
2270.0 2247.0 2263.6836000000003 203 248 176 -0.0459918 -0.111053 0.99275 
2200.0 2268.0 2263.4065 203 248 176 0.0131919 -0.0273985 0.999538 
2300.0 2259.0 2263.7104 204 248 175 0.0372721 -0.0543108 0.997828 
2180.0 2289.0 2263.5447 203 248 176 0.0189398 0.00099683 0.99982 
2210.0 2296.0 2263.7881 203 248 175 0.120254 0.278831 0.952781 
2180.0 2288.0 2263.5190000000002 203 248 176 0.0130623 -0.0170815 0.999769 
2180.0 2287.0 2263.5077 203 248 175 0.000987108 -0.0108582 0.999941 
2280.0 2271.0 2263.7863 204 248 175 0.0456695 0.167455 0.984821 
2220.0 2265.0 2263.513 203 248 175 -0.017184 -0.017184 0.999705 
2280.0 2239.0 2263.4382 203 247 175 -0.0312033 -0.00100656 0.999513 
2200.0 2268.0 2263.3953 203 248 176 0.00504347 -0.0272348 0.999616 
2220.0 2299.0 2263.6532 203 248 175 -0.00890162 -0.00494534 0.999948 
2240.0 2259.0 2263.6359 204 248 175 -0.0264011 -0.0580825 0.997963 
2270.0 2275.0 2263.7798000000003 204 248 175 0.0197083 0.0425285 0.998901 
2300.0 2260.0 2263.7814000000003 204 248 175 0.0662354 0.0115649 0.997737 
2240.0 2294.0 2263.6406 204 247 176 0.0149533 -0.00498443 0.999876 
2250.0 2286.0 2263.6348000000003 204 248 175 0.0236682 0.0319007 0.999211 
2300.0 2244.0 2263.8022 203 247 175 0.194226 -0.0977313 0.976076 
2280.0 2271.0 2263.9571 204 248 175 -0.00548071 0.126056 0.992008 
2280.0 2239.0 2263.4783 203 247 175 -0.0354387 -0.00101253 0.999371 
2200.0 2267.0 2263.367 203 248 176 -0.00508281 -0.0376128 0.999279 
2200.0 2300.0 2263.8291 203 248 175 0.0909287 0.212997 0.972812 
2240.0 2258.0 2263.6268 203 248 175 -0.0389293 -0.0389293 0.998483 
2250.0 2251.0 2263.4700000000003 203 248 176 -0.0150422 -0.0130365 0.999802 
2300.0 2260.0 2263.7263000000003 204 248 175 0.0272348 0.00504347 0.999616 
2240.0 2293.0 2263.5862 203 247 175 0.0109012 0.00297305 0.999936 
2270.0 2245.0 2263.5661 203 247 175 -0.024098 -0.0492438 0.998496 
2300.0 2244.0 2263.6602000000003 203 247 175 0.0614055 0.00520385 0.998099 
2240.0 2294.0 2263.5976 203 247 175 -0.00298463 -0.0169129 0.999852 
2180.0 2290.0 2263.5395000000003 203 248 176 -0.0128829 -0.00297298 0.999913 
2220.0 2265.0 2263.5822000000003 203 247 175 -0.087053 -0.110267 0.990082 
2270.0 2275.0 2263.733 204 248 175 0.0361605 0.0237626 0.999063 
2200.0 2268.0 2263.3962 203 248 176 -0.00508318 -0.0355823 0.999354 
2310.0 2267.0 2263.6113 203 248 175 0.039804 0.0071443 0.999182 
2200.0 2269.0 2263.4276 203 248 176 0.0151623 -0.0192056 0.999701 
2290.0 2244.0 2263.7631 203 247 175 -0.110141 -0.411285 0.904828 
2280.0 2270.0 2263.8630000000003 204 248 175 0.102361 0.223678 0.969273 
2180.0 2287.0 2263.4902 203 248 175 0.0131399 -0.0232475 0.999643 
2210.0 2300.0 2263.6437 203 248 175 -0.0250172 -0.00100069 0.999686 
2250.0 2253.0 2263.5044000000003 203 248 176 -0.0154337 -0.0401276 0.999075 
2300.0 2258.0 2263.6511 204 248 175 0.00101649 -0.0396433 0.999213 
2280.0 2275.0 2263.7113 204 248 175 -0.0136138 0.0617857 0.997997 
2220.0 2265.0 2263.4775 203 248 176 -0.0340967 -0.0237644 0.999136 
2200.0 2300.0 2263.7199 203 248 175 0.119517 0.0777439 0.989784 
2300.0 2245.0 2263.8248000000003 203 248 175 0.310827 -0.0264266 0.950099 
2250.0 2287.0 2263.6234 204 248 175 0.00099683 0.0189398 0.99982 
2300.0 2259.0 2263.6967 204 248 175 0.023717 -0.0319664 0.999207 
2240.0 2259.0 2263.6646 203 248 175 -0.118562 -0.150342 0.981499 
2300.0 2258.0 2263.6055 204 248 175 0.0384579 -0.0280639 0.998866 
2290.0 2270.0 2263.9297 204 248 175 0.0548621 0.155248 0.986351 
2270.0 2246.0 2263.6406 203 247 175 -0.0334684 -0.0766535 0.996496 
2220.0 2300.0 2263.6603 203 248 175 -0.000977516 0.000977516 0.999999 
2200.0 2269.0 2263.4263 203 248 176 -0.00301411 -0.0251176 0.99968 
2180.0 2286.0 2263.4446000000003 203 248 175 0.0233879 0.0172867 0.999577 
2250.0 2288.0 2263.6246 203 247 175 0.00699183 0.0169802 0.999831 
2250.0 2254.0 2263.5564 203 248 176 0.0223493 -0.0713049 0.997204 
2200.0 2299.0 2263.6545 203 248 175 0.0708994 0.129014 0.989105 
2310.0 2268.0 2263.5923000000003 203 248 175 0.0334158 0.0030378 0.999437 
2180.0 2290.0 2263.5394 203 248 176 0.0109012 -0.00297305 0.999936 
2300.0 2259.0 2263.6385 204 248 175 0.0363086 -0.0259347 0.999004 
2280.0 2236.0 2263.5081 203 247 175 -0.0172516 -0.0233404 0.999579 
2250.0 2288.0 2263.6178 203 247 175 0.0109011 0.00495505 0.999928 
2290.0 2243.0 2263.8047 203 248 175 -0.226659 -0.260033 0.938621 
2180.0 2287.0 2263.4717 203 248 175 0.0257267 -0.0298429 0.999223 
2200.0 2300.0 2263.6252 203 248 175 0.054422 0.0394826 0.997737 
2250.0 2254.0 2263.5552000000002 203 248 176 0.0258313 -0.0320308 0.999153 
2300.0 2269.0 2263.6263 203 248 175 -0.0071443 0.039804 0.999182 
2220.0 2299.0 2263.6499000000003 203 248 175 0.00888411 -0.00296137 0.999956 
2200.0 2295.0 2263.8335 203 247 175 -0.422288 -0.0751645 0.90334 
2270.0 2245.0 2263.5658000000003 203 247 175 0.00103246 -0.0567851 0.998386 
2280.0 2237.0 2263.5144 203 247 175 -0.0335504 -0.00915011 0.999395 
2210.0 2297.0 2263.6606 203 248 175 0.0542209 0.276148 0.959584 
2250.0 2288.0 2263.5917 203 247 175 0.00498427 0.0169465 0.999844 
2200.0 2301.0 2263.6509 203 248 175 0.039872 0.135565 0.989966 
2280.0 2271.0 2263.8196000000003 204 248 175 0.105262 0.0599881 0.992634 
2180.0 2292.0 2263.5383 203 248 176 -0.00689638 0.000985198 0.999976 
2300.0 2269.0 2263.6636000000003 203 248 175 -0.0109877 -0.0109877 0.999879 
2240.0 2295.0 2263.6188 203 247 175 -0.00296717 -0.0108796 0.999936 
2220.0 2265.0 2263.509 203 248 176 -0.0272344 -0.00706078 0.999604 
2210.0 2297.0 2263.7546 203 248 175 0.0482094 0.170497 0.984178 
2280.0 2273.0 2263.956 204 248 175 -0.0218272 0.042615 0.998853 
2240.0 2260.0 2263.7132 203 248 175 -0.0337788 -0.173553 0.984245 
2200.0 2301.0 2263.6031000000003 203 248 175 0.0413389 0.108375 0.99325 
2200.0 2269.0 2263.449 203 248 176 -0.0196287 -0.0402904 0.998995 
2250.0 2254.0 2263.5591 203 248 176 -0.0346504 -0.0409504 0.99856 
2180.0 2292.0 2263.5282 203 248 176 0.00295562 0.00492603 0.999984 
2280.0 2236.0 2263.5218 203 247 175 -0.00505307 -0.031329 0.999496 
2250.0 2281.0 2264.3282 203 248 175 -0.0743386 0.316917 0.945535 
2220.0 2266.0 2263.4868 203 248 176 -0.00706078 -0.0272344 0.999604 
2290.0 2271.0 2263.837 204 248 175 -0.00103835 0.0654163 0.997858 
2300.0 2260.0 2263.7005 204 248 175 0.0292507 0.00302594 0.999568 
2220.0 2300.0 2263.6461 203 248 175 0.0189021 0.000994847 0.999821 
2310.0 2269.0 2263.5982 203 248 175 0.041113 -0.041113 0.998308 
2210.0 2297.0 2263.6866 203 248 175 0.0665687 0.0534732 0.996348 
2240.0 2260.0 2263.6927 203 248 175 -0.127171 -0.255652 0.958368 
2250.0 2281.0 2264.154 203 248 175 0.250704 0.149892 0.956389 
2200.0 2301.0 2263.5701 203 248 175 0.0287997 0.0671994 0.997324 
2220.0 2266.0 2263.4942 203 248 176 -0.0150425 -0.0110312 0.999826 
2290.0 2267.0 2264.2782 204 248 174 0.1304 0.454252 0.881278 
2210.0 2301.0 2263.6454000000003 203 248 175 -0.0273985 -0.0131919 0.999538 
2200.0 2269.0 2263.4919 203 248 176 0.0301432 -0.0363797 0.998883 
2190.0 2286.0 2263.4304 203 248 175 0.00499422 -0.0169804 0.999843 
2210.0 2296.0 2263.6124 203 248 175 -0.00820736 0.214564 0.976676 
2250.0 2281.0 2263.7451 203 248 175 0.0815458 0.288646 0.953957 
2220.0 2266.0 2263.5204000000003 203 248 175 -0.017048 -0.0090254 0.999814 
2200.0 2297.0 2263.9030000000002 203 247 175 0.151631 0.389707 0.90837 
2250.0 2282.0 2264.0332000000003 204 248 175 -0.137293 0.206581 0.968749 
2200.0 2298.0 2263.8686000000002 203 247 175 0.132809 0.296473 0.945762 
2290.0 2267.0 2264.2059 204 248 174 0.0722283 0.206891 0.975694 
2280.0 2274.0 2263.7754 204 248 175 0.01177 0.0866698 0.996168 
2180.0 2293.0 2263.5396 203 248 176 -0.00689636 -0.00295558 0.999972 
2290.0 2265.0 2264.3454 204 247 175 0.255767 0.147099 0.955482 
2250.0 2251.0 2263.5016 203 248 176 -0.0339595 -0.0195524 0.999232 
2290.0 2263.0 2264.2525 204 248 175 0.226573 0.0130487 0.973907 
2290.0 2244.0 2264.0793000000003 203 248 175 -0.356839 -0.484853 0.798488 
2190.0 2297.0 2263.4901 203 248 175 -0.0567864 0.0417862 0.997512 
2190.0 2287.0 2263.4345000000003 203 248 175 -0.0383804 -0.0259327 0.998927 
2220.0 2267.0 2263.5208000000002 203 248 175 -0.0302036 -0.0385356 0.998801 
2240.0 2295.0 2263.6185 203 247 175 0.00098326 -0.00688282 0.999976 
2220.0 2301.0 2263.6499000000003 203 248 175 -0.00699205 -0.014983 0.999863 
2280.0 2273.0 2263.9938 204 248 175 -0.0350705 0.0541998 0.997914 
2200.0 2298.0 2263.7407000000003 203 247 175 0.107298 0.178829 0.978012 
2210.0 2296.0 2263.7736 203 248 175 0.0354357 0.145172 0.988772 
2250.0 2253.0 2263.5266 203 248 176 -0.0460688 -0.0546397 0.997443 
2240.0 2260.0 2264.0093 204 248 175 -0.193757 -0.363115 0.911376 
2300.0 2245.0 2263.6302 203 248 175 0.0905353 -0.00319536 0.995888 
2250.0 2282.0 2264.0436 204 248 175 0.0949243 0.150197 0.984089 
2270.0 2246.0 2263.6483000000003 203 247 175 -0.00966385 -0.0955647 0.995376 
2290.0 2243.0 2264.0248 203 248 175 -0.084574 -0.363802 0.927629 
2200.0 2269.0 2263.4542 203 248 176 0.0257797 -0.0299044 0.99922 
2210.0 2297.0 2263.9321 203 247 175 0.0424766 0.335951 0.940921 
2210.0 2297.0 2263.5976 203 248 175 0.0274542 0.0132187 0.999536 
2210.0 2298.0 2263.7544000000003 203 247 175 0.00108757 0.118545 0.992948 
2200.0 2299.0 2263.6446 203 247 175 0.0316796 0.0928539 0.995176 
2190.0 2297.0 2263.6216 203 248 175 -0.126537 0.0512987 0.990635 
2270.0 2247.0 2263.7357 203 247 175 -0.0245286 -0.071453 0.997142 
2300.0 2260.0 2263.6635 204 248 175 0.0332812 -0.00100852 0.999445 
2290.0 2263.0 2263.8417 204 247 175 0.0645125 0.102994 0.992588 
2220.0 2267.0 2263.5335 203 248 175 -0.0744543 -0.196511 0.977671 
2200.0 2270.0 2263.5192 203 248 176 0.0386913 -0.0345085 0.998655 
2310.0 2267.0 2263.5794 203 248 175 0.0312661 -0.00302575 0.999507 
2210.0 2297.0 2263.679 203 248 175 -0.0347201 0.0431371 0.998466 
2280.0 2274.0 2263.8113000000003 204 248 175 -0.034948 0.129646 0.990944 
2220.0 2301.0 2263.6552 203 248 175 0.0192056 -0.0151623 0.999701 
2270.0 2247.0 2263.7797 203 247 175 -0.0705957 -0.126146 0.989497 
2290.0 2265.0 2264.0454 204 248 175 0.181497 0.16605 0.969271 
2280.0 2237.0 2263.554 203 247 175 -0.0235272 -0.0255731 0.999396 
2220.0 2267.0 2263.5339 203 248 176 -0.130464 -0.264881 0.955415 
2200.0 2270.0 2263.4758 203 248 176 0.0299044 -0.0257797 0.99922 
2310.0 2268.0 2263.5789 203 248 175 0.0250172 0.00100069 0.999686 
2280.0 2275.0 2263.7533000000003 204 247 175 0.00103233 0.058843 0.998267 
2210.0 2299.0 2263.6504 203 247 175 -0.0116558 0.0752327 0.997098 
2290.0 2265.0 2263.9836 204 248 175 0.0886079 0.00747296 0.996039 
2210.0 2301.0 2263.5282 203 248 175 0.0149827 -0.00898964 0.999847 
2300.0 2245.0 2263.6313 203 248 175 -0.00502372 0.0231091 0.99972 
2220.0 2266.0 2263.5487000000003 203 248 176 -0.130503 -0.137821 0.981822 
2210.0 2294.0 2263.9048000000003 203 248 175 0.207973 0.382496 0.900247 
2290.0 2243.0 2264.0596 203 248 175 -0.0734411 -0.464203 0.882679 
2200.0 2270.0 2263.4483 203 248 176 0.0131919 -0.0273985 0.999538 
2190.0 2286.0 2263.5015000000003 203 247 175 -0.139719 -0.0739688 0.987425 
2270.0 2248.0 2263.7314 203 247 175 -0.0422938 -0.0704897 0.996616 
2300.0 2261.0 2263.712 204 248 175 0.0905345 0.00532556 0.995879 
2250.0 2282.0 2263.8128 204 248 175 0.160497 0.0170742 0.986889 
2300.0 2245.0 2263.6572 203 248 175 -0.00299645 0.0189775 0.999815 
2310.0 2267.0 2263.5497 203 248 175 0.0271257 -0.00100465 0.999632 
2240.0 2258.0 2263.6812 203 248 175 -0.0341446 -0.0980279 0.994598 
2200.0 2271.0 2263.5507000000002 203 248 176 0.0450568 -0.0282915 0.998584 
2280.0 2239.0 2263.5198 203 247 175 -0.0395629 -0.00101443 0.999217 
2190.0 2297.0 2263.8017 203 248 175 -0.0487021 0.0638539 0.99677 
2210.0 2295.0 2263.8654 203 248 175 0.129354 0.246949 0.960356 
2290.0 2266.0 2264.1191 204 247 175 0.128416 0.317662 0.939468 
2180.0 2293.0 2263.5124 203 248 176 0.0190532 0.00701962 0.999794 
2250.0 2280.0 2264.292 203 248 175 0.206375 0.270088 0.940459 
2300.0 2261.0 2263.6963 204 248 175 0.021227 0.0131405 0.999688 
2210.0 2297.0 2263.8855000000003 203 247 176 0.111584 0.276991 0.954372 
2220.0 2266.0 2263.7752 203 248 176 -0.232779 -0.336879 0.912319 
2200.0 2271.0 2263.5037 203 248 176 0.032029 -0.0278962 0.999098 
2240.0 2259.0 2263.8654 203 248 175 -0.0557815 -0.244199 0.968119 
2190.0 2287.0 2263.5471000000002 203 247 175 -0.119056 0.00764577 0.992858 
2240.0 2258.0 2263.6286 204 248 175 0.0496922 -0.0872373 0.994947 
2190.0 2296.0 2263.6893 203 248 175 -0.00929576 -0.0485445 0.998778 
2250.0 2281.0 2263.994 203 248 175 -0.0555957 0.321938 0.945127 
2300.0 2241.0 2263.6424 203 247 175 0.000983272 0.00491636 0.999987 
2290.0 2241.0 2263.5581 203 248 175 -0.016209 -0.0961734 0.995233 
2210.0 2295.0 2263.6919000000003 204 248 175 0.0790825 0.104297 0.991397 
2300.0 2262.0 2263.7539 204 248 175 0.0852568 -0.0226632 0.996101 
2280.0 2239.0 2263.5673 203 247 175 -0.0658237 -0.00731375 0.997804 
2300.0 2262.0 2263.6908000000003 204 248 175 0.030085 -0.0321598 0.99903 
2270.0 2248.0 2263.8141 203 247 175 -0.0489138 -0.126266 0.99079 
2190.0 2284.0 2263.3744 203 248 175 0.0180173 0.0710095 0.997313 
2310.0 2268.0 2263.5466 203 248 175 0.021058 -0.00701933 0.999754 
2200.0 2271.0 2263.4929 203 248 176 0.0131659 -0.025319 0.999593 
2290.0 2266.0 2264.1977 204 248 175 0.0763189 0.0991007 0.992146 
2290.0 2241.0 2263.6034 203 248 175 0.00317634 -0.0857611 0.996311 
2200.0 2296.0 2263.9005 203 247 175 -0.365159 -0.0540488 0.929375 
2300.0 2241.0 2263.6694 203 248 175 -0.0252184 0.00706115 0.999657 
2210.0 2301.0 2263.5301 203 248 175 0.0110094 -0.0130111 0.999855 
2300.0 2242.0 2263.6572 203 248 175 -0.0189775 0.00299645 0.999815 
2190.0 2284.0 2263.4293000000002 203 248 175 -0.182001 -0.00801264 0.983266 
2240.0 2295.0 2263.618 203 247 175 -0.00697831 -0.0129597 0.999892 
2310.0 2269.0 2263.5860000000002 203 248 175 0.0299044 -0.0257797 0.99922 
2190.0 2285.0 2263.3865 203 248 175 -0.030264 -0.0406999 0.998713 
2260.0 2251.0 2263.5491 203 248 176 -0.0565542 -0.0373471 0.997701 
2300.0 2261.0 2263.69 204 248 175 0.0272348 0.00504347 0.999616 
2290.0 2242.0 2263.7207000000003 203 248 175 -0.0179284 -0.23546 0.971719 
2240.0 2259.0 2263.7417 204 248 175 0.00622479 -0.319954 0.947413 
2260.0 2280.0 2263.9047 204 248 175 0.147156 0.287562 0.94639 
2220.0 2267.0 2263.8549000000003 203 248 176 -0.28596 -0.414412 0.863996 
2280.0 2240.0 2263.4226 203 247 175 -0.0192814 -0.021311 0.999587 
2310.0 2269.0 2263.5436 203 248 175 0.0211841 -0.013114 0.99969 
2290.0 2267.0 2263.965 204 247 175 0.0669981 0.151627 0.986165 
2230.0 2297.0 2263.5609 204 248 176 -0.000987108 -0.0108582 0.999941 
2180.0 2293.0 2263.4723 203 248 176 0.0110962 0.0232012 0.999669 
2280.0 2275.0 2263.7435 204 248 175 0.0160519 0.0845402 0.996291 
2210.0 2302.0 2263.5852 203 248 175 0.00491636 0.000983272 0.999987 
2220.0 2267.0 2264.3521 203 248 175 -0.366474 -0.472095 0.801762 
2290.0 2242.0 2263.725 203 248 175 -0.0131793 -0.245614 0.969278 
2300.0 2270.0 2263.5707 203 248 175 -0.0315827 -0.0112067 0.999438 
2190.0 2293.0 2263.4933 203 248 176 -0.0216526 0.0360877 0.999114 
2270.0 2275.0 2263.9459 204 248 175 -0.0473171 0.315874 0.947621 
2190.0 2293.0 2263.5479 203 248 176 -0.0547512 0.0483099 0.997331 
2240.0 2260.0 2264.1429000000003 203 248 175 -0.188352 -0.338468 0.921935 
2270.0 2249.0 2263.7802 203 247 175 -0.122419 -0.272481 0.954342 
2280.0 2240.0 2263.4442 203 247 175 -0.0233412 -0.0152225 0.999612 
2210.0 2302.0 2263.549 203 248 175 0.0169802 -0.00699183 0.999831 
2200.0 2270.0 2263.4428000000003 203 247 175 -0.0131399 -0.0232475 0.999643 
2230.0 2297.0 2263.5813000000003 204 248 176 0.00295562 -0.00492603 0.999984 
2210.0 2298.0 2263.7171000000003 203 247 176 0.0618688 0.0978651 0.993275 
2190.0 2285.0 2263.5170000000003 203 248 175 -0.30619 -0.148332 0.940343 
2300.0 2261.0 2263.6328000000003 204 248 175 0.0272895 -0.00707504 0.999603 
2190.0 2292.0 2263.6367 203 248 176 -0.0334829 0.00710243 0.999414 
2300.0 2241.0 2263.6986 203 248 175 0.00491634 0.0029498 0.999984 
2210.0 2301.0 2263.5318 203 248 175 -0.00492603 -0.00295562 0.999984 
2270.0 2249.0 2264.0881 203 248 176 -0.114209 -0.323816 0.939201 
2270.0 2275.0 2263.8914 204 248 175 0.129639 0.156802 0.979085 
2260.0 2281.0 2264.0204000000003 204 248 175 0.0502918 0.101701 0.993543 
2220.0 2294.0 2263.7452000000003 204 248 175 0.13384 0.306886 0.942289 
2190.0 2297.0 2263.7112 203 247 175 -0.0683285 -0.0115633 0.997596 
2230.0 2298.0 2263.5884 204 248 176 0.00294405 -0.00098135 0.999995 
2280.0 2240.0 2263.4747 203 247 175 -0.0312661 -0.00302575 0.999507 
2220.0 2262.0 2263.4638 204 248 175 -0.0134027 -0.04227 0.999016 
2190.0 2284.0 2263.8097000000002 203 248 175 -0.534379 -0.0261008 0.844842 
2260.0 2253.0 2263.6077 203 248 176 -0.0866764 -0.107479 0.990422 
2210.0 2298.0 2263.6171 203 247 175 0.0506625 0.05713 0.99708 
2270.0 2276.0 2263.8347000000003 204 248 175 -0.0643797 0.0578326 0.996248 
2190.0 2293.0 2263.6109 203 248 176 -0.0368956 0.0453289 0.998291 
2290.0 2267.0 2264.1378 204 248 175 -0.0659481 0.130739 0.989221 
2300.0 2270.0 2263.6747 203 248 175 -0.0573728 -0.0114746 0.998287 
2290.0 2243.0 2264.2254000000003 203 248 175 0.0358196 -0.409936 0.911411 
2240.0 2261.0 2263.9925000000003 204 248 175 -0.028848 -0.304785 0.951984 
2250.0 2254.0 2263.6328000000003 203 248 176 -0.132117 -0.154342 0.979144 
2300.0 2262.0 2263.6894 204 248 175 0.0111187 -0.0232481 0.999668 
2230.0 2298.0 2263.5893 204 248 176 0.00098135 -0.00294405 0.999995 
2210.0 2302.0 2263.5411 203 248 175 0.00495505 -0.0109011 0.999928 
2280.0 2241.0 2263.4569 203 247 175 -0.015374 -0.0338228 0.99931 
2310.0 2270.0 2263.6994 203 248 175 0.0294869 -0.0111847 0.999503 
2220.0 2294.0 2263.628 204 248 175 -0.00348731 0.210401 0.977609 
2250.0 2282.0 2263.7547 203 248 175 -0.0457192 0.103705 0.993557 
2290.0 2266.0 2263.902 204 248 175 0.123362 0.0032751 0.992356 
2190.0 2285.0 2264.03 203 248 175 -0.640219 -0.132819 0.756623 
2290.0 2266.0 2263.9849 204 248 175 0.0794469 0.00953363 0.996794 
2240.0 2261.0 2264.1593000000003 204 248 175 -0.216172 -0.39558 0.892629 
2300.0 2262.0 2263.6782000000003 204 248 175 0.0256242 -0.0256242 0.999343 
2200.0 2297.0 2263.9453000000003 203 248 175 -0.398272 0.0116757 0.917193 
2220.0 2263.0 2263.5207 204 248 175 -0.0160234 -0.0801171 0.996657 
2300.0 2242.0 2263.6971000000003 203 248 175 0.0170141 0.00700582 0.999831 
2230.0 2297.0 2263.5568000000003 203 248 176 0.00890162 0.00494534 0.999948 
2300.0 2271.0 2263.6623 203 248 175 -0.0367507 -0.0388507 0.998569 
2210.0 2299.0 2263.6605 203 247 176 0.0285752 0.0560921 0.998017 
2260.0 2282.0 2263.8289 204 248 175 0.00333224 0.143286 0.989676 
2190.0 2286.0 2263.7607000000003 203 248 175 -0.334278 -0.0694773 0.93991 
2290.0 2267.0 2264.1137 204 248 175 0.0765321 0.0654405 0.994917 
2190.0 2286.0 2264.2379 203 248 175 -0.484138 -0.0651992 0.872559 
2260.0 2254.0 2263.8204 203 248 176 -0.219304 -0.32824 0.918784 
2240.0 2262.0 2264.0927 203 248 175 0.0012343 -0.314746 0.949175 
2190.0 2287.0 2263.7564 204 248 175 -0.243432 0.0686602 0.967485 
2280.0 2241.0 2263.473 203 247 175 -0.0153436 -0.0317101 0.999379 
2300.0 2271.0 2263.6899000000003 203 248 175 -0.00492599 -0.00492599 0.999976 
2190.0 2292.0 2263.7167 203 247 175 -0.147743 -0.0355041 0.988388 
2300.0 2243.0 2263.6492000000003 203 248 175 -0.0171154 0.0151018 0.999739 
2300.0 2254.0 2263.6218 204 248 175 0.0211003 0.00703344 0.999753 
2300.0 2243.0 2263.6958 203 248 175 0.0173201 0.0275084 0.999471 
2270.0 2248.0 2263.7107 203 248 176 -0.0783852 -0.222713 0.971728 
2300.0 2244.0 2263.6391000000003 203 247 175 0.0254721 0.017321 0.999525 
2310.0 2271.0 2263.6213000000002 203 248 175 0.0363086 0.0259347 0.999004 
2300.0 2245.0 2263.6314 203 247 175 0.0303853 0.045054 0.998522 
2230.0 2262.0 2263.4914 203 248 175 -0.015619 -0.0510221 0.998575 
2190.0 2287.0 2264.1472000000003 204 248 175 -0.345771 0.176414 0.921586 
2210.0 2303.0 2263.539 203 248 175 -0.0131399 0.0232475 0.999643 
2270.0 2276.0 2263.7836 204 248 175 0.0502531 0.0481146 0.997577 
2300.0 2254.0 2263.6061 204 248 175 0.00886664 0.000985182 0.99996 
2220.0 2295.0 2263.6293 204 248 175 0.0587893 0.0809739 0.994981 
2190.0 2298.0 2263.4908 203 248 175 -0.0277864 -0.0257282 0.999283 
2310.0 2270.0 2263.6267000000003 203 248 175 0.048943 -0.0177028 0.998645 
2220.0 2262.0 2263.5219 204 248 175 -0.00304947 -0.0396431 0.999209 
2230.0 2298.0 2263.5667000000003 203 248 176 -0.011053 -0.0170819 0.999793 
2300.0 2245.0 2263.6047000000003 203 248 175 0.0240477 0.049141 0.998502 
2230.0 2262.0 2263.5083 203 248 175 -0.0072853 -0.0614047 0.998086 
2280.0 2241.0 2263.4945000000002 203 247 175 -0.0151317 -0.0191668 0.999702 
2290.0 2243.0 2263.9861 203 248 175 0.145972 -0.398235 0.905594 
2190.0 2292.0 2264.0447 203 247 175 -0.226973 -0.0731772 0.971148 
2210.0 2299.0 2263.5911 203 247 176 0.0428727 0.0303246 0.99862 
2220.0 2263.0 2263.523 204 248 175 -0.00521401 -0.0636109 0.997961 
2270.0 2275.0 2263.7522 204 248 175 0.112583 0.0120234 0.99357 
2290.0 2267.0 2263.9107 204 248 175 0.119312 0.00985146 0.992808 
2250.0 2283.0 2263.8591 204 248 175 -0.0053472 0.0930412 0.995648 
2230.0 2263.0 2263.5474 203 248 175 -0.0332743 -0.067622 0.997156 
2280.0 2240.0 2263.5218 204 248 176 -0.0274534 0.0152519 0.999507 
2230.0 2263.0 2263.5789 203 248 175 -0.00103233 -0.058843 0.998267 
2190.0 2273.0 2263.6048 203 248 175 -0.0170141 0.00700582 0.999831 
2230.0 2262.0 2263.4942 203 248 175 -0.030446 -0.0472438 0.998419 
2200.0 2270.0 2263.4954000000002 203 247 175 -0.0319648 -0.025778 0.999156 
2180.0 2294.0 2263.5513 203 248 175 -0.00900763 -0.0150127 0.999847 
2230.0 2299.0 2263.5717 203 248 176 -0.00299058 -0.0169466 0.999852 
2200.0 2300.0 2263.5541000000003 203 248 176 0.00922223 0.0420124 0.999075 
2220.0 2265.0 2263.6785 204 248 175 -0.0425897 -0.229984 0.972262 
2220.0 2295.0 2263.6099 204 248 175 0.0235742 0.027674 0.999339 
2280.0 2240.0 2263.5438 204 248 176 -0.0455169 0.0391657 0.998196 
2210.0 2303.0 2263.5448 203 248 175 -0.00893687 -0.00695089 0.999936 
2280.0 2241.0 2263.4993 204 248 176 -0.00886664 0.000985182 0.99996 
2190.0 2299.0 2263.5338 203 248 175 -0.019944 -0.0556334 0.998252 
2230.0 2299.0 2263.577 203 248 176 -0.00505307 -0.031329 0.999496 
2270.0 2276.0 2263.7098 204 248 175 0.0255221 0.0214385 0.999444 
2190.0 2273.0 2263.6239 203 248 175 -0.0149533 0.00498443 0.999876 
2260.0 2249.0 2263.5146 203 248 176 -0.0273992 0.0111626 0.999562 
2190.0 2274.0 2263.5966000000003 203 248 175 -0.0250172 0.00100069 0.999686 
2180.0 2294.0 2263.5195000000003 203 248 175 0.0251679 -0.00503359 0.999671 
2230.0 2263.0 2263.5862 203 248 175 -0.0311251 -0.0697633 0.997078 
2290.0 2268.0 2263.9248000000002 204 248 175 0.282792 0.312097 0.906986 
2300.0 2244.0 2263.6339000000003 203 248 175 0.00301411 0.0251176 0.99968 
2310.0 2270.0 2263.5658000000003 203 248 175 0.0131665 -0.0232946 0.999642 
2290.0 2243.0 2263.8072 203 248 175 0.147652 -0.332563 0.931451 
2190.0 2300.0 2263.6295 203 248 175 -0.0363819 -0.0280661 0.998944 
2250.0 2283.0 2263.8384 204 248 175 0.0427216 0.153567 0.987214 
2280.0 2241.0 2263.5038 203 248 175 -0.0109874 0.0129851 0.999855 
2200.0 2271.0 2263.4745000000003 203 247 175 0.00707504 -0.0272895 0.999603 
2260.0 2249.0 2263.5621 203 248 176 -0.0210163 -0.00300233 0.999775 
2180.0 2294.0 2263.5057 203 248 175 0.0253703 -0.0131926 0.999591 
2290.0 2269.0 2263.8797 204 248 175 0.115063 0.33436 0.935395 
2300.0 2244.0 2263.6357000000003 203 248 175 0.0174233 0.0338216 0.999276 
2210.0 2303.0 2263.5537 203 248 175 -0.0111406 -0.0253196 0.999617 
2210.0 2296.0 2263.6496 203 247 175 0.0538993 0.078099 0.995488 
2190.0 2301.0 2263.6069 203 247 175 -0.0673383 0.030997 0.997249 
2200.0 2271.0 2263.4791 203 247 175 -0.0209744 0.000998781 0.99978 
2300.0 2255.0 2263.5769 204 248 175 0.0110091 0.0150124 0.999827 
2270.0 2277.0 2263.7307 204 248 175 -0.0156789 0.0574893 0.998223 
2230.0 2299.0 2263.5840000000003 203 248 176 -0.0151617 -0.0212263 0.99966 
2280.0 2245.0 2263.5754 204 247 175 -0.0173888 -0.031709 0.999346 
2210.0 2300.0 2263.5913 203 247 175 -0.0154655 0.0402103 0.999072 
2250.0 2283.0 2263.7598000000003 204 248 175 0.0710294 0.0913236 0.993285 
2210.0 2296.0 2263.6155 203 247 175 0.0371186 0.051966 0.997959 
2300.0 2245.0 2263.5966000000003 203 248 175 -0.00101649 0.0396433 0.999213 
2190.0 2301.0 2263.6902 203 247 175 -0.0514387 0.0262443 0.998331 
2180.0 2295.0 2263.5879 203 248 175 -0.00898989 -0.0129854 0.999875 
2210.0 2297.0 2263.6297 203 248 175 0.0276753 0.0215252 0.999385 
2200.0 2265.0 2263.3223000000003 203 248 176 -0.00735767 -0.0704234 0.99749 
2280.0 2236.0 2263.5064 203 248 175 0.0196676 -0.0424405 0.998905 
2220.0 2265.0 2263.6228 204 248 175 0.0422589 -0.220953 0.974368 
2300.0 2255.0 2263.5882 204 248 175 0.0130369 0.0130369 0.99983 
2190.0 2274.0 2263.6306 203 248 175 -0.0129339 0.00696442 0.999892 
2280.0 2245.0 2263.6074000000003 204 247 175 -0.0344393 -0.0365265 0.998739 
2310.0 2254.0 2263.5717 204 248 175 0.0338228 0.015374 0.99931 
2190.0 2306.0 2263.5131 203 247 176 0.014983 0.00699205 0.999863 
2180.0 2295.0 2263.5082 203 248 175 0.0256255 -0.0235754 0.999394 
2310.0 2255.0 2263.5538 204 248 175 0.0251676 0.00704694 0.999658 
2210.0 2297.0 2263.6575000000003 203 247 175 0.00294983 -0.00294983 0.999991 
2190.0 2306.0 2263.4919 203 247 176 0.0108797 -0.000989061 0.99994 
2190.0 2301.0 2263.7456 203 247 175 -0.0230628 0.00501365 0.999721 
2260.0 2250.0 2263.5204000000003 203 248 176 -0.0422688 -0.0154642 0.998987 
2280.0 2237.0 2263.5711 203 248 175 -0.0179467 -0.0665083 0.997624 
2270.0 2248.0 2263.9662000000003 203 247 175 -0.198308 -0.281514 0.938842 
2310.0 2271.0 2263.6136 203 248 175 0.0110312 -0.0150425 0.999826 
2270.0 2277.0 2263.7634000000003 204 248 175 0.00520318 0.0634788 0.99797 
2230.0 2265.0 2263.6781 203 248 175 -0.024099 -0.166398 0.985764 
2180.0 2295.0 2263.5147 203 248 175 0.00703312 -0.0231088 0.999708 
2190.0 2307.0 2263.5043 203 247 176 0.0211 -0.00904284 0.999736 
2190.0 2294.0 2263.4432 203 248 176 0.00690992 -0.00493566 0.999964 
2280.0 2236.0 2263.4591 203 248 175 0.0434841 -0.0456053 0.998013 
2300.0 2245.0 2263.5932000000003 203 248 175 0.0132963 0.0357978 0.999271 
2200.0 2265.0 2263.3278 203 248 176 -0.0094597 -0.0704222 0.997472 
2270.0 2277.0 2263.7490000000003 204 248 175 0.027674 0.0235742 0.999339 
2290.0 2269.0 2263.8694 203 247 175 0.0278474 0.119187 0.992481 
2270.0 2275.0 2263.7686000000003 204 248 175 -0.0425285 0.0197083 0.998901 
2210.0 2301.0 2263.5343000000003 203 248 176 -0.0273992 0.0111626 0.999562 
2190.0 2294.0 2263.4889000000003 203 248 176 -0.0516523 0.0284615 0.998259 
2190.0 2301.0 2263.7537 203 247 175 0.000983272 0.00491636 0.999987 
2300.0 2246.0 2263.8473 204 247 175 0.273218 -0.0183779 0.961777 
2220.0 2262.0 2263.4727000000003 205 248 174 0.00721454 -0.0505018 0.998698 
2290.0 2268.0 2263.8813 204 248 175 0.0148425 0.170118 0.985312 
2290.0 2268.0 2264.1073 203 248 175 -0.0144286 0.132077 0.991134 
2200.0 2301.0 2263.5582 203 247 175 0.0153436 0.0317101 0.999379 
2280.0 2237.0 2263.5523000000003 203 248 175 0.0337412 -0.0838089 0.99591 
2300.0 2256.0 2263.5915 204 248 176 0.0128575 -0.000989037 0.999917 
2270.0 2249.0 2264.2021 203 247 175 -0.12041 -0.443393 0.888203 
2310.0 2271.0 2263.5977000000003 203 248 175 0.0133226 -0.0379181 0.999192 
2200.0 2266.0 2263.3734 203 248 176 -0.00924033 -0.0441482 0.998982 
2270.0 2276.0 2263.7523 204 248 175 0.00100074 0.0230169 0.999735 
2220.0 2263.0 2263.5368000000003 205 248 174 0.0112723 -0.0399655 0.999137 
2190.0 2295.0 2263.4992 203 248 176 0.0175617 -0.0423546 0.998948 
2260.0 2250.0 2263.5739000000003 203 248 176 -0.0340949 -0.0258295 0.999085 
2280.0 2239.0 2263.6742 203 248 175 -0.0217388 -0.040372 0.998948 
2190.0 2307.0 2263.4974 203 247 176 0.00493571 -0.00493571 0.999976 
2210.0 2302.0 2263.5187 203 248 176 -0.0191674 -0.0131145 0.99973 
2280.0 2246.0 2263.6613 204 247 175 -0.029317 -0.0879511 0.995693 
2250.0 2284.0 2263.7156 203 248 175 0.0708851 0.0888876 0.993516 
2200.0 2299.0 2263.8442 203 248 176 -0.184346 0.333512 0.924546 
2230.0 2265.0 2263.6007 203 248 175 0.0323788 -0.117233 0.992576 
2270.0 2249.0 2264.3401 203 248 176 -0.193457 -0.402915 0.894558 
2260.0 2249.0 2263.5663 203 247 175 -0.0090254 -0.017048 0.999814 
2210.0 2301.0 2263.5601 203 247 175 -0.017184 0.017184 0.999705 
2300.0 2246.0 2263.6675 204 248 175 0.099477 -0.0525328 0.993652 
2190.0 2295.0 2263.4999000000003 203 248 176 -0.0387723 -0.0345807 0.99865 
2190.0 2273.0 2263.6422000000002 203 248 175 -0.00494534 0.00890162 0.999948 
2190.0 2306.0 2263.4843 203 247 176 0.00888411 -0.00296137 0.999956 
2280.0 2246.0 2263.6582000000003 204 247 175 -0.0114971 -0.0595759 0.998158 
2190.0 2307.0 2263.4992 203 247 176 -0.00902508 -0.0190529 0.999778 
2180.0 2273.0 2263.3069 204 248 175 -0.0527738 -0.00931302 0.998563 
2230.0 2265.0 2263.6823 203 248 175 -0.250936 -0.323461 0.912362 
2210.0 2300.0 2263.5955 203 248 176 0.00927662 0.0484446 0.998783 
2210.0 2301.0 2263.6289 203 248 175 -0.0317101 -0.0153436 0.999379 
2300.0 2256.0 2263.5791 204 248 176 0.0211 0.00904284 0.999736 
2280.0 2239.0 2263.6363 203 248 175 -0.0208249 -0.106317 0.994114 
2200.0 2266.0 2263.3794000000003 203 248 176 -0.0113847 -0.0486438 0.998751 
2200.0 2299.0 2264.2368 203 248 175 -0.194736 0.45934 0.866651 
2190.0 2274.0 2263.6248 203 248 175 -0.0255731 -0.0235272 0.999396 
2190.0 2308.0 2263.5170000000003 203 247 176 0.024 -0.0469565 0.998609 
2260.0 2250.0 2263.5936 203 247 175 -0.0155559 -0.0487419 0.99869 
2220.0 2296.0 2263.6335 204 248 175 0.0169804 0.00499422 0.999843 
2230.0 2262.0 2263.5634 203 248 175 -0.0557622 -0.0688827 0.996065 
2270.0 2245.0 2263.556 203 247 175 0.00102833 -0.0545017 0.998513 
2250.0 2284.0 2263.6812 203 248 175 0.0286323 0.058325 0.997887 
2300.0 2247.0 2263.8056 204 247 175 0.300327 0.0575095 0.952101 
2270.0 2276.0 2263.7074000000002 204 247 175 0.0215668 0.0318367 0.99926 
2210.0 2265.0 2263.3425 203 248 176 -0.013696 -0.0663729 0.997701 
2210.0 2266.0 2263.396 203 248 176 -0.0177359 -0.0532077 0.998426 
2260.0 2251.0 2263.6163 203 247 175 -0.0550867 -0.0550867 0.996961 
2220.0 2265.0 2263.5535 205 248 174 -0.0199778 -0.203303 0.978912 
2210.0 2302.0 2263.5865000000003 203 248 175 -0.0506059 0.00722942 0.998693 
2220.0 2296.0 2263.5944 204 248 175 -0.00893672 -0.00893672 0.99992 
2290.0 2269.0 2264.0507000000002 203 248 175 0.00491636 0.000983272 0.999987 
2220.0 2297.0 2263.6132000000002 203 247 175 0.0109444 -0.00696459 0.999916 
2230.0 2263.0 2263.6513 203 248 175 -0.0908037 -0.207729 0.973963 
2270.0 2277.0 2263.7259 204 248 175 0.00100465 0.0271257 0.999632 
2270.0 2277.0 2263.7110000000002 204 247 175 0.0109658 0.0109658 0.99988 
2210.0 2300.0 2263.5639 203 248 176 0.0300829 0.0342323 0.998961 
2200.0 2267.0 2263.416 203 248 176 -0.0134543 -0.0486426 0.998726 
2200.0 2300.0 2263.7358 203 248 175 -0.0970624 0.225639 0.969364 
2260.0 2251.0 2263.678 203 248 176 -0.0455379 -0.0988506 0.99406 
2290.0 2269.0 2263.8615 204 248 175 0.0220861 0.0578445 0.998081 
2280.0 2236.0 2263.413 203 248 175 0.0278405 -0.0299028 0.999165 
2270.0 2246.0 2263.6428 203 247 175 -0.00107699 -0.108776 0.994066 
2280.0 2245.0 2263.6658 203 248 175 -0.00520318 -0.0634788 0.99797 
2230.0 2262.0 2263.6238000000003 203 248 175 -0.0629738 -0.0718122 0.995428 
2190.0 2308.0 2263.5107000000003 203 247 176 0.00509275 -0.0397235 0.999198 
2270.0 2279.0 2263.6792 204 247 175 0.00306165 0.0418426 0.99912 
2210.0 2301.0 2263.5616 203 248 176 0.00891915 0.00693712 0.999936 
2200.0 2267.0 2263.4356000000002 203 248 176 -0.0154947 -0.0444182 0.998893 
2210.0 2303.0 2263.5691 203 248 175 -0.011184 -0.0315185 0.999441 
2250.0 2284.0 2263.643 203 248 175 0.0156789 0.0574893 0.998223 
2200.0 2301.0 2263.7105 203 248 176 0.0243386 0.0603174 0.997882 
2260.0 2249.0 2263.5777000000003 203 247 175 -0.00907892 -0.0232017 0.99969 
2180.0 2296.0 2263.5619 203 248 176 0.00307933 -0.0502957 0.99873 
2210.0 2303.0 2263.5909 203 248 175 -0.0361605 -0.0237626 0.999063 
2310.0 2256.0 2263.5406000000003 204 248 175 0.0169466 -0.00299058 0.999852 
2280.0 2245.0 2263.5640000000003 204 248 176 -0.00720045 -0.0483458 0.998805 
2280.0 2237.0 2263.5002 203 248 175 0.0409311 -0.0962435 0.994516 
2260.0 2250.0 2263.607 203 247 175 -0.0112732 -0.037919 0.999217 
2190.0 2302.0 2263.5635 203 248 175 -0.0518639 0.0328118 0.998115 
2260.0 2249.0 2263.5868 203 248 176 -0.00303759 -0.0354386 0.999367 
2190.0 2308.0 2263.5231000000003 203 247 176 -0.0131659 -0.025319 0.999593 
2260.0 2250.0 2263.6323 203 248 176 -0.00913272 -0.0294276 0.999525 
2230.0 2263.0 2263.7005 203 248 175 -0.0552025 -0.16091 0.985424 
2280.0 2246.0 2263.6242 204 248 176 0.0189502 -0.132651 0.990982 
2300.0 2257.0 2263.5864 204 248 175 0.0211 -0.00904284 0.999736 
2250.0 2283.0 2263.7129 203 247 175 0.0350705 0.0541998 0.997914 
2180.0 2273.0 2263.3593 204 248 175 -0.0506051 -0.00929481 0.998676 
2190.0 2275.0 2263.6411000000003 203 248 175 -0.0467236 -0.0706287 0.996408 
2190.0 2306.0 2263.4747 203 247 175 -0.0109227 -0.00496489 0.999928 
2270.0 2279.0 2263.6699000000003 204 247 175 0.00940573 0.0616598 0.998053 
2290.0 2270.0 2263.7944 203 248 175 0.0662879 0.0510743 0.996493 
2260.0 2251.0 2263.6676 203 247 175 -0.0193204 -0.1557 0.987615 
2260.0 2251.0 2263.6503000000002 203 248 176 -0.00564778 -0.166045 0.986102 
2190.0 2302.0 2263.6400000000003 203 248 175 -0.0530337 0.0595276 0.996817 
2200.0 2301.0 2263.6769 203 248 176 -0.00992972 0.12688 0.991868 
2180.0 2274.0 2263.3104000000003 204 248 175 -0.0505024 -0.00515331 0.998711 
2270.0 2279.0 2263.6575000000003 204 247 175 -0.00103447 0.0589646 0.99826 
2220.0 2297.0 2263.6336 204 248 175 -0.000989061 -0.0108797 0.99994 
2180.0 2274.0 2263.3622 204 248 175 -0.0502957 -0.00307933 0.99873 
2210.0 2301.0 2263.6029000000003 203 248 175 -0.019359 -0.0234346 0.999538 
2290.0 2236.0 2263.3822 203 248 175 0.0235742 -0.027674 0.999339 
2230.0 2265.0 2264.0802000000003 203 248 175 -0.167982 -0.448438 0.877887 
2300.0 2247.0 2263.7946 204 247 175 0.0471479 -0.0282887 0.998487 
2230.0 2265.0 2264.0867000000003 203 248 175 0.00943041 -0.513284 0.858167 
2190.0 2275.0 2263.6092000000003 203 248 175 -0.00300233 -0.0210163 0.999775 
2200.0 2302.0 2263.5916 203 248 176 0.0371186 0.051966 0.997959 
2270.0 2280.0 2263.6061 204 248 175 0.0131919 0.0273985 0.999538 
2260.0 2283.0 2263.6247000000003 204 248 175 0.0248738 0.0854361 0.996033 
2180.0 2273.0 2263.4116 204 248 175 -0.044149 -0.00718704 0.998999 
2210.0 2302.0 2263.6469 203 248 175 -0.0380729 -0.015435 0.999156 
2260.0 2253.0 2263.6763 203 248 176 -0.119634 -0.195192 0.973441 
2280.0 2246.0 2263.7079000000003 203 248 175 -0.120438 -0.17507 0.977162 
2300.0 2246.0 2263.6248 204 248 175 0.00929576 -0.0485445 0.998778 
2230.0 2266.0 2263.9899 203 248 175 0.0118291 -0.435049 0.900329 
2190.0 2307.0 2263.5327 203 247 175 -0.000998737 -0.0229709 0.999736 
2200.0 2302.0 2263.5847000000003 203 248 176 0.0310632 0.0674822 0.997237 
2290.0 2270.0 2263.8095000000003 204 248 175 -0.0238573 0.0404538 0.998897 
2220.0 2266.0 2264.0496000000003 205 248 174 -0.108895 -0.384578 0.916647 
2180.0 2274.0 2263.4168 204 248 175 -0.0418426 -0.00306165 0.99912 
2290.0 2237.0 2263.4431 203 248 175 0.0404373 -0.0841533 0.995632 
2210.0 2267.0 2263.4551 203 248 176 -0.0197065 -0.044599 0.998811 
2270.0 2247.0 2263.8362 204 248 176 -0.0373286 -0.222768 0.974157 
2300.0 2246.0 2263.6524 204 248 175 0.0294276 -0.00913272 0.999525 
2210.0 2302.0 2263.6685 203 248 175 -0.0194351 -0.029664 0.999371 
2270.0 2280.0 2263.6261 204 247 175 -0.0111187 0.0232481 0.999668 
2200.0 2306.0 2263.4908 203 248 176 0.00497465 0.0129341 0.999904 
2270.0 2279.0 2263.6834 204 247 175 -0.0134292 0.0444195 0.998923 
2250.0 2284.0 2263.6689 204 248 175 0.00711637 0.0355818 0.999341 
2270.0 2279.0 2263.6872000000003 204 248 175 -0.00303167 0.0333483 0.999439 
2210.0 2265.0 2263.3588 203 248 176 -0.0116558 -0.0752327 0.997098 
2280.0 2247.0 2263.7966 203 247 175 -0.00616589 -0.302129 0.953247 
2210.0 2266.0 2263.4155 203 248 176 -0.0156481 -0.0552899 0.998348 
2230.0 2266.0 2263.7525 203 248 175 -0.109926 -0.486816 0.86656 
2280.0 2247.0 2263.7679000000003 203 248 175 0.0873763 -0.0805677 0.992912 
2290.0 2271.0 2263.8151000000003 204 248 175 0.0345085 0.0386913 0.998655 
2190.0 2275.0 2263.7038000000002 204 248 176 -0.0611522 0.00103648 0.998128 
2190.0 2296.0 2263.5514000000003 203 248 176 -0.00102435 -0.050193 0.998739 
2190.0 2302.0 2263.6931 203 248 175 -0.0287997 0.0671994 0.997324 
2260.0 2284.0 2263.6471 204 248 175 0.0292505 0.00504319 0.999559 
2300.0 2257.0 2263.5603 204 248 175 0.0168794 -0.000992907 0.999857 
2210.0 2265.0 2263.37 203 248 176 -0.00524377 -0.072364 0.997364 
2270.0 2280.0 2263.6316 204 247 175 -0.0131919 0.0273985 0.999538 
2280.0 2247.0 2263.7109 203 248 175 -0.195754 -0.236255 0.951769 
2210.0 2303.0 2263.638 203 248 175 -0.0420124 -0.00922223 0.999075 
2180.0 2275.0 2263.3113000000003 204 248 175 -0.0481492 0.00102445 0.99884 
2190.0 2303.0 2263.5496000000003 203 248 176 -0.0337536 0.0153426 0.999312 
2190.0 2273.0 2263.6335 203 248 175 0.0109874 -0.0129851 0.999855 
2190.0 2303.0 2263.5702 203 248 176 -0.0156789 0.0574893 0.998223 
2200.0 2302.0 2263.5449000000003 203 247 175 0.0377179 0.0700475 0.99683 
2290.0 2271.0 2263.8132 203 248 175 0.015435 0.0380729 0.999156 
2280.0 2239.0 2263.6147 203 248 175 0.0238807 -0.151245 0.988208 
2180.0 2275.0 2263.3679 204 248 175 -0.0523433 0.00102634 0.998629 
2300.0 2247.0 2263.7337 204 247 175 0.0457902 -0.04792 0.997801 
2280.0 2245.0 2263.6011000000003 204 248 176 -0.00506329 -0.0313924 0.999494 
2210.0 2303.0 2263.7174 203 248 175 -0.0251174 -0.00502348 0.999672 
2270.0 2280.0 2263.6526 204 248 175 -0.01114 0.0273437 0.999564 
2190.0 2296.0 2263.5702 203 248 176 -0.00931402 -0.0507097 0.99867 
2290.0 2270.0 2263.8772 204 248 175 -0.0508072 0.111776 0.992434 
2290.0 2239.0 2263.5969 203 247 175 0.0519229 -0.139615 0.988844 
2290.0 2270.0 2263.8646 203 247 175 0.0540176 0.0782704 0.995468 
2310.0 2257.0 2263.5504 204 248 175 0.0189774 -0.00499404 0.999807 
2290.0 2271.0 2263.7747 203 247 175 0.0116103 0.0707172 0.997429 
2200.0 2307.0 2263.4924 203 248 176 0.0210163 -0.00300233 0.999775 
2260.0 2280.0 2263.9454 204 248 175 0.0351626 0.134979 0.990224 
2190.0 2274.0 2263.6703 203 248 175 0.00721527 -0.0484454 0.9988 
2220.0 2293.0 2264.0046 203 248 176 -0.0604767 0.404522 0.912526 
2280.0 2240.0 2263.6384000000003 203 248 175 -0.108145 0.0390212 0.993369 
2180.0 2275.0 2263.4227 204 248 175 -0.0375368 0.00304352 0.999291 
2290.0 2271.0 2263.7387 204 248 175 0.0410847 0.103267 0.993805 
2230.0 2266.0 2264.3205000000003 203 248 175 -0.373491 -0.617001 0.692686 
2280.0 2240.0 2263.8675000000003 204 248 175 -0.0732506 -0.0513847 0.995989 
2220.0 2293.0 2264.2586 203 247 175 0.0170379 0.418083 0.908249 
2300.0 2247.0 2263.6647000000003 204 247 175 0.0689001 -0.01802 0.997461 
2270.0 2276.0 2263.7084 204 248 175 0.0192814 0.021311 0.999587 
2290.0 2268.0 2263.9098 203 247 175 0.12151 0.0488313 0.991388 
2180.0 2276.0 2263.3061000000002 204 248 175 -0.0356537 -0.00916809 0.999322 
2260.0 2281.0 2263.9457 204 248 175 0.064267 0.0958368 0.99332 
2180.0 2276.0 2263.3586 204 248 175 -0.0527738 0.00931302 0.998563 
2210.0 2266.0 2263.4294 203 248 176 -0.0136405 -0.0640055 0.997856 
2180.0 2276.0 2263.4224 204 248 175 -0.0356537 0.00916809 0.999322 
2220.0 2266.0 2264.0265 205 248 174 0.0250388 -0.412481 0.910622 
2180.0 2277.0 2263.3418 204 248 175 -0.0463867 0.011339 0.998859 
2180.0 2297.0 2263.6192 203 248 176 0.00102246 -0.0460106 0.99894 
2220.0 2297.0 2263.6415 203 248 175 -0.000979431 -0.000979431 0.999999 
2230.0 2262.0 2263.712 203 248 175 -0.0694869 -0.103661 0.992182 
2220.0 2292.0 2264.1836000000003 203 248 175 0.192524 0.349395 0.916983 
2280.0 2276.0 2263.6733 204 248 175 0.017184 0.017184 0.999705 
2280.0 2241.0 2263.518 203 248 175 -0.0699029 0.0354891 0.996922 
2290.0 2248.0 2264.3740000000003 204 248 175 0.470062 0.0365755 0.881875 
2200.0 2303.0 2263.5969 203 248 176 0.0343012 0.0322223 0.998892 
2190.0 2303.0 2263.5863 203 248 175 -0.0182694 0.0848992 0.996222 
2300.0 2248.0 2263.7376 204 248 175 0.271688 -0.0036225 0.962379 
2230.0 2263.0 2263.8616 203 248 175 -0.252671 -0.200771 0.946493 
2300.0 2248.0 2263.732 204 248 175 -0.000989037 0.0128575 0.999917 
2270.0 2277.0 2263.7062 204 248 175 0.0251676 0.00704694 0.999658 
2180.0 2277.0 2263.4048000000003 204 248 175 -0.04227 0.0134027 0.999016 
2200.0 2273.0 2263.6309 203 248 175 0.0232475 -0.0131399 0.999643 
2260.0 2280.0 2263.8682 204 248 175 0.0870167 0.23835 0.967273 
2190.0 2297.0 2263.6117 203 248 176 0.00513319 -0.0461987 0.998919 
2300.0 2258.0 2263.5818 204 248 176 0.0193206 -0.0213543 0.999585 
2230.0 2262.0 2263.7331 203 248 175 -0.104657 -0.259704 0.96 
2220.0 2298.0 2263.6407 203 248 175 0.00297298 -0.0128829 0.999913 
2180.0 2279.0 2263.3169000000003 204 248 175 -0.00911475 -0.0273443 0.999584 
2290.0 2268.0 2263.9078 203 247 175 0.0144052 0.127431 0.991743 
2260.0 2281.0 2263.8759 204 248 175 0.0352773 0.0630715 0.997385 
2210.0 2267.0 2263.4763000000003 203 248 176 -0.0197475 -0.0446916 0.998806 
2200.0 2274.0 2263.6025 203 248 175 -0.026668 -0.0672033 0.997383 
2280.0 2246.0 2263.5971 204 248 176 -0.00744269 -0.0861225 0.996257 
2190.0 2302.0 2263.6877 203 248 175 0.0159295 0.0732755 0.997185 
2220.0 2298.0 2263.6351 203 248 175 0.00688282 -0.00098326 0.999976 
2200.0 2303.0 2263.5205 203 248 176 0.0424405 0.0196676 0.998905 
2200.0 2302.0 2263.6213000000002 203 248 176 0.0533648 0.0642556 0.996506 
2220.0 2297.0 2263.6237 203 248 175 0.0169465 0.00498427 0.999844 
2180.0 2279.0 2263.3375 204 248 175 -0.0335504 -0.00915011 0.999395 
2190.0 2297.0 2263.6117 203 248 176 0.00707464 -0.0293092 0.999545 
2280.0 2277.0 2263.6657 204 248 175 0.021058 0.00701933 0.999754 
2290.0 2269.0 2263.8767000000003 204 248 175 0.0564432 0.0830047 0.994949 
2280.0 2241.0 2263.6698 203 247 175 -0.119196 0.100313 0.98779 
2210.0 2267.0 2263.5021 203 248 176 -0.0154961 -0.042356 0.998982 
2200.0 2303.0 2263.4839 203 247 175 0.0214396 0.0234815 0.999494 
2190.0 2303.0 2263.6067000000003 203 248 175 -0.00314629 0.0723646 0.997373 
2260.0 2282.0 2263.7670000000003 204 248 175 0.051212 0.121771 0.991236 
2300.0 2248.0 2263.7577 204 247 175 0.0297248 0.0194749 0.999368 
2190.0 2296.0 2263.5747 203 248 176 -0.000981342 -0.00490671 0.999987 
2280.0 2240.0 2263.8413 203 247 175 0.0157407 -0.0619132 0.997957 
2230.0 2263.0 2264.2294 203 248 175 -0.307611 -0.368225 0.877374 
2220.0 2298.0 2263.6241 203 248 175 0.0191293 0.0110748 0.999756 
2310.0 2258.0 2263.5596 204 248 175 0.0170819 -0.011053 0.999793 
2180.0 2279.0 2263.3835 204 248 175 -0.048149 0.00307334 0.998835 
2200.0 2303.0 2263.5752 203 248 176 0.0197475 0.0446916 0.998806 
2260.0 2282.0 2263.7051 204 248 175 0.0252123 0.104138 0.994243 
2190.0 2305.0 2263.5259 203 247 175 0.00695076 0.0109226 0.999916 
2200.0 2267.0 2263.3745 203 247 176 -0.0112502 -0.0378415 0.99922 
2190.0 2275.0 2263.7385 203 248 175 -0.0628356 -0.0716546 0.995448 
2280.0 2247.0 2263.8032000000003 204 248 176 0.0283735 -0.275099 0.960997 
2300.0 2248.0 2263.6902 204 247 175 0.0617874 -0.0115197 0.998023 
2300.0 2249.0 2263.6722 204 247 175 0.0484077 0.0570135 0.997199 
2280.0 2247.0 2263.9894 203 248 175 -0.312959 -0.377077 0.871705 
2190.0 2308.0 2263.5368000000003 203 247 175 0.0129084 -0.00496477 0.999904 
2180.0 2280.0 2263.3471 204 248 175 -0.00102445 -0.0481492 0.99884 
2300.0 2259.0 2263.609 204 248 175 0.0276187 -0.0214812 0.999388 
2200.0 2268.0 2263.4032 203 247 176 -0.00710243 -0.0334829 0.999414 
2290.0 2240.0 2263.7568 204 248 174 0.0905771 -0.0905771 0.991762 
2200.0 2275.0 2263.7412 203 247 175 -0.152004 -0.278451 0.948346 
2200.0 2302.0 2263.484 203 247 176 0.0220887 0.0557478 0.9982 
2270.0 2248.0 2264.1885 203 248 175 -0.0939539 -0.382624 0.919115 
2290.0 2269.0 2263.7805000000003 203 247 175 0.0312441 0.0764943 0.99658 
2300.0 2249.0 2263.6852 204 247 175 0.0172867 0.0233879 0.999577 
2180.0 2280.0 2263.3578 204 248 175 -0.0215668 -0.0318367 0.99926 
2260.0 2280.0 2263.8644 203 247 175 -0.0662102 0.135905 0.988507 
2310.0 2259.0 2263.5708 204 248 175 0.0191288 -0.0130881 0.999731 
2280.0 2245.0 2263.6077 204 248 175 -0.0362085 -0.0910699 0.995186 
2200.0 2267.0 2263.3872 203 247 176 -0.0132973 -0.0337546 0.999342 
2280.0 2241.0 2263.8388 205 248 174 -0.0541269 0.0806381 0.995273 
2200.0 2308.0 2263.4959 203 248 176 0.0270713 0.00100264 0.999633 
2260.0 2281.0 2263.8448000000003 203 247 175 0.0511852 0.0664318 0.996477 
2220.0 2299.0 2263.635 203 248 175 0.0273437 0.01114 0.999564 
2300.0 2260.0 2263.6316 204 248 176 0.0357264 -0.0091868 0.999319 
2300.0 2246.0 2263.5696000000003 203 248 175 0.0557451 0.0241912 0.998152 
2290.0 2241.0 2263.799 205 248 174 0.0648067 0.0244353 0.997599 
2200.0 2272.0 2263.5841 203 248 175 0.0364554 -0.0302059 0.998879 
2280.0 2246.0 2263.7607000000003 204 248 175 -0.016221 -0.31319 0.949552 
2260.0 2280.0 2264.0739000000003 203 247 175 -0.0996566 0.375419 0.921482 
2280.0 2276.0 2263.6815 204 248 175 0.0155882 0.0488431 0.998685 
2260.0 2281.0 2263.7558 203 247 175 0.0211442 0.127978 0.991552 
2200.0 2302.0 2263.4968 203 247 175 0.00514272 0.0503986 0.998716 
2260.0 2282.0 2263.7141 203 247 175 0.0139937 0.0914974 0.995707 
2220.0 2293.0 2263.9548 203 248 175 0.158997 0.322142 0.933244 
2260.0 2282.0 2263.6843 203 247 175 0.0374174 0.0609368 0.99744 
2280.0 2248.0 2264.2906000000003 203 248 175 -0.0091894 -0.431902 0.901874 
2280.0 2242.0 2263.4949 203 248 176 -0.0237626 -0.0361605 0.999063 
2300.0 2246.0 2263.532 203 248 175 0.01114 0.0273437 0.999564 
2180.0 2280.0 2263.3966 204 248 175 -0.048943 -0.0177028 0.998645 
2290.0 2268.0 2263.8021 203 247 175 -0.00331972 0.138321 0.990382 
2190.0 2309.0 2263.5529 203 248 175 0.0194736 -0.0317728 0.999305 
2280.0 2276.0 2263.6262 204 248 175 0.0441024 0.061313 0.997144 
2200.0 2303.0 2263.4798 203 247 176 0.0129085 0.00297888 0.999912 
2280.0 2277.0 2263.6363 204 247 175 0.029192 -0.00100662 0.999573 
2260.0 2283.0 2263.6588 203 247 175 0.00741517 0.0794483 0.996811 
2190.0 2297.0 2263.5834 203 247 175 0.0508136 0.0114071 0.998643 
2220.0 2299.0 2263.5882 203 248 175 0.0255743 0.0214824 0.999442 
2300.0 2247.0 2263.5818 203 248 175 0.0576095 -0.0157117 0.998216 
2280.0 2245.0 2263.7385 204 248 175 -0.134471 -0.0517195 0.989567 
2180.0 2273.0 2263.4517 203 248 175 -0.0355823 -0.00508318 0.999354 
2200.0 2268.0 2263.4117 203 247 176 -0.0153729 -0.0358701 0.999238 
2180.0 2274.0 2263.4561000000003 203 248 175 -0.0291333 -0.0010046 0.999575 
2200.0 2303.0 2263.4647 203 247 175 -0.0109012 0.00297305 0.999936 
2230.0 2265.0 2263.9531 203 248 175 -0.155913 -0.366607 0.917219 
2260.0 2283.0 2263.6518 204 248 175 0.00305568 0.0397238 0.999206 
2280.0 2242.0 2263.5224000000003 203 248 176 -0.00509315 -0.0376893 0.999277 
2290.0 2268.0 2263.9226 204 248 175 0.0118823 0.100459 0.99487 
2220.0 2297.0 2263.6056000000003 204 248 176 0.0169466 -0.00299058 0.999852 
2220.0 2298.0 2263.6094000000003 204 248 176 0.0130886 0.0171159 0.999768 
2190.0 2297.0 2263.4900000000002 203 247 175 0.0319648 0.025778 0.999156 
2280.0 2246.0 2263.5929 204 248 175 -0.270259 -0.314085 0.910116 
2200.0 2269.0 2263.4504 203 247 176 -0.00933127 -0.0549508 0.998446 
2280.0 2277.0 2263.5907 204 247 175 0.0356543 -0.00713086 0.999339 
2220.0 2293.0 2263.8109 203 248 176 0.128526 0.315228 0.940272 
2280.0 2248.0 2264.1768 204 248 176 0.227347 -0.374023 0.899122 
2260.0 2284.0 2263.6043 204 248 175 -0.000989037 0.0128575 0.999917 
2230.0 2262.0 2263.8650000000002 203 248 175 -0.136624 -0.351911 0.926009 
2310.0 2260.0 2263.5811000000003 204 248 175 0.0270713 -0.00100264 0.999633 
2230.0 2262.0 2264.0467000000003 204 248 175 -0.109836 -0.404584 0.907881 
2290.0 2269.0 2263.7986 203 247 175 0.0177359 0.0532077 0.998426 
2300.0 2247.0 2263.5301 203 248 175 0.0275093 -0.0152829 0.999505 
2200.0 2269.0 2263.4658 203 247 176 -0.0114296 -0.0529917 0.99853 
2190.0 2309.0 2263.5215000000003 203 248 175 0.0232017 -0.00907892 0.99969 
2260.0 2284.0 2263.6452 204 248 175 -0.0170139 0.00900734 0.999815 
2180.0 2273.0 2263.4881 203 248 175 -0.0333485 0.00101056 0.999443 
2190.0 2297.0 2263.4758 203 248 176 -0.00309771 0.0547263 0.998497 
2190.0 2305.0 2263.4898000000003 203 247 175 0.0153729 0.0358701 0.999238 
2240.0 2262.0 2264.2263000000003 204 248 175 -0.189917 -0.49498 0.847896 
2300.0 2246.0 2263.5566 203 247 175 -0.0111626 0.0273992 0.999562 
2300.0 2261.0 2263.6308 204 248 176 0.0293686 -0.00708896 0.999544 
2280.0 2242.0 2263.5088 203 248 175 0.00100656 -0.0312033 0.999513 
2260.0 2283.0 2263.6575000000003 203 247 175 0.00508281 0.0376128 0.999279 
2220.0 2266.0 2263.9771 203 248 175 0.0357806 -0.41214 0.910418 
2280.0 2248.0 2263.6368 204 248 176 -0.00634827 -0.359312 0.933196 
2180.0 2274.0 2263.4784 203 248 175 -0.0271256 0.00301395 0.999627 
2180.0 2298.0 2263.6604 203 248 175 -0.00706115 -0.0252184 0.999657 
2200.0 2305.0 2263.5439 203 247 176 0.0111181 0.0252684 0.999619 
2190.0 2298.0 2263.6494000000002 203 248 175 0.0209326 0.00099679 0.99978 
2220.0 2297.0 2263.5869000000002 204 248 176 0.0148646 -0.00099097 0.999889 
2230.0 2290.0 2264.1563 203 248 175 0.20203 0.320705 0.925382 
2310.0 2261.0 2263.5753 204 248 175 0.021058 -0.00701933 0.999754 
2190.0 2305.0 2263.4933 203 248 176 -0.00927753 0.0463876 0.99888 
2300.0 2246.0 2263.5579000000002 203 247 175 0.00500384 0.0210161 0.999767 
2260.0 2283.0 2263.6361 203 247 175 0.0237644 0.0340967 0.999136 
2280.0 2243.0 2263.5413000000003 203 248 175 -0.0302036 -0.0385356 0.998801 
2270.0 2279.0 2263.6908000000003 204 248 175 0.00501387 0.0210583 0.999766 
2290.0 2234.0 2263.3582 202 247 175 0.00897197 -0.0129595 0.999876 
2190.0 2298.0 2263.6234 203 248 175 0.0397235 0.00509275 0.999198 
2290.0 2269.0 2263.7881 204 248 175 -0.00740077 0.0771795 0.99699 
2180.0 2299.0 2263.6917000000003 203 248 175 0.0129341 0.00497465 0.999904 
2190.0 2305.0 2263.5188000000003 203 248 175 -0.019944 0.0556334 0.998252 
2180.0 2275.0 2263.4517 203 248 175 -0.0355104 -0.00304375 0.999365 
2200.0 2267.0 2263.4059 203 247 176 -0.0153729 -0.0358701 0.999238 
2280.0 2279.0 2263.6648 204 248 175 0.0148941 0.000992938 0.999889 
2220.0 2292.0 2263.9775 203 248 176 0.0890943 0.336431 0.937484 
2290.0 2270.0 2263.7611 203 248 175 0.0583043 0.0737055 0.995574 
2190.0 2299.0 2263.596 203 248 175 0.0357264 0.0091868 0.999319 
2300.0 2247.0 2263.5346 203 247 175 -0.00098135 0.00294405 0.999995 
2280.0 2248.0 2264.1669 204 248 175 -0.436487 -0.410716 0.800494 
2220.0 2268.0 2263.6214 203 248 175 -0.169477 -0.42152 0.890841 
2200.0 2305.0 2263.5164 203 247 176 0.0252184 0.00706115 0.999657 
2200.0 2305.0 2263.5378 203 248 175 -0.00102236 0.0480509 0.998844 
2270.0 2280.0 2263.6572 204 248 175 -0.00701933 0.021058 0.999754 
2290.0 2234.0 2263.3527 202 247 175 -0.000990998 -0.012883 0.999917 
2240.0 2254.0 2263.5575 203 248 175 -0.00297305 -0.0109012 0.999936 
2300.0 2262.0 2263.6409000000003 204 248 176 0.0397238 -0.00305568 0.999206 
2300.0 2247.0 2263.5311 203 247 175 0.000987108 0.0108582 0.999941 
2200.0 2309.0 2263.4998 203 248 175 0.0171493 -0.0171493 0.999706 
2190.0 2273.0 2263.5217000000002 203 247 175 -0.029192 0.00100662 0.999573 
2220.0 2292.0 2263.9598 203 248 175 0.0805543 0.267236 0.960258 
2290.0 2235.0 2263.369 202 247 175 0.000987127 -0.00888415 0.99996 
2290.0 2270.0 2263.7405 203 248 175 0.028515 0.0559739 0.998025 
2280.0 2243.0 2263.5526 203 248 175 -0.0112502 -0.0378415 0.99922 
2200.0 2272.0 2263.5322 203 248 175 0.0345807 -0.0387723 0.99865 
2310.0 2262.0 2263.6047000000003 204 248 175 0.0334833 0.00507323 0.999426 
2200.0 2305.0 2263.5137 203 247 176 0.00703312 -0.0231088 0.999708 
2280.0 2280.0 2263.6638000000003 204 248 175 -0.000985198 0.00689638 0.999976 
2240.0 2254.0 2263.565 203 248 175 -0.0130623 -0.0170815 0.999769 
2200.0 2303.0 2263.5564 203 248 176 0.0113847 0.0486438 0.998751 
2200.0 2268.0 2263.4389 203 247 176 -0.0300829 -0.0342323 0.998961 
2300.0 2248.0 2263.6131 203 248 175 0.0624288 -0.0222204 0.997802 
2260.0 2284.0 2263.6438000000003 203 247 175 0.0130627 0.0150724 0.999801 
2200.0 2306.0 2263.534 203 247 175 -0.0110744 -0.021142 0.999715 
2220.0 2293.0 2263.7956 203 248 175 0.0381555 0.160716 0.986263 
2220.0 2293.0 2263.7407000000003 203 248 175 0.0789218 0.101798 0.99167 
2220.0 2292.0 2263.7941 203 248 175 0.0830661 0.323035 0.942735 
2230.0 2292.0 2263.6953000000003 203 248 175 0.0832412 0.270214 0.959195 
2220.0 2293.0 2263.5976 203 248 176 0.0551164 0.102359 0.993219 
2200.0 2306.0 2263.5264 203 247 175 -0.00300807 -0.0250672 0.999681 
2200.0 2306.0 2263.5606000000002 203 247 175 0.00708852 -0.031392 0.999482 
2200.0 2305.0 2263.4921 203 247 176 0.0172858 -0.0254203 0.999527 
2200.0 2305.0 2263.4879 203 247 175 0.00500384 -0.0210161 0.999767 
2200.0 2306.0 2263.5252 203 247 176 0.0194351 -0.029664 0.999371 
2200.0 2306.0 2263.5116000000003 203 247 175 0.0110967 -0.0211847 0.999714 
2200.0 2272.0 2263.4963000000002 203 248 175 0.0195913 -0.0360892 0.999156 
2200.0 2302.0 2263.4932 203 247 175 -0.0214385 0.0255221 0.999444 
2210.0 2302.0 2263.5644 203 247 175 -0.029427 0.011162 0.999505 
2200.0 2303.0 2263.5152000000003 203 247 175 -0.0231088 0.00703312 0.999708 
2210.0 2303.0 2263.5279 203 247 175 -0.0131926 0.0253703 0.999591 
2210.0 2302.0 2263.5706 203 247 176 -0.00703344 0.0211003 0.999753 
2200.0 2273.0 2263.6038000000003 203 248 175 0.00318305 -0.0859424 0.996295 
2210.0 2303.0 2263.5206000000003 203 248 175 -0.0071029 0.0314557 0.99948 
2280.0 2279.0 2263.6587 204 248 175 0.0110312 -0.0150425 0.999826 
2200.0 2273.0 2263.556 203 248 176 0.0352197 -0.139743 0.989561 
2200.0 2305.0 2263.4917 203 248 175 -0.00689638 -0.000985198 0.999976 
2280.0 2245.0 2264.0404000000003 203 247 175 -0.389611 -0.164122 0.906238 
2210.0 2305.0 2263.4963000000002 203 247 176 -0.00299058 0.0169466 0.999852 
2200.0 2306.0 2263.4943000000003 203 248 175 0.0109658 -0.0109658 0.99988 
2210.0 2306.0 2263.4785 203 247 176 0.00295562 -0.00492603 0.999984 
2300.0 2265.0 2263.9282000000003 204 248 175 0.0197475 0.0446916 0.998806 
2190.0 2274.0 2263.5111 203 247 175 -0.0253196 0.0111406 0.999617 
2210.0 2305.0 2263.5069000000003 203 248 175 -0.0170815 0.0130623 0.999769 
2190.0 2273.0 2263.5494 203 247 175 -0.0210161 0.00500384 0.999767 
2210.0 2305.0 2263.5305000000003 203 247 176 -0.0291333 -0.0010046 0.999575 
2290.0 2236.0 2263.4183000000003 203 248 175 -0.00300807 -0.0250672 0.999681 
2300.0 2266.0 2263.7833 204 248 175 0.0396368 0.061062 0.997347 
2200.0 2268.0 2263.4896 203 247 176 -0.0195913 -0.0360892 0.999156 
2290.0 2271.0 2263.7145 203 248 175 0.0288569 0.0694703 0.997167 
2210.0 2306.0 2263.4932 203 248 175 -0.0213543 -0.0193206 0.999585 
2200.0 2303.0 2263.5411 203 247 175 -0.0094426 0.0660982 0.997768 
2190.0 2274.0 2263.5371 203 247 175 -0.027289 0.00909634 0.999586 
2190.0 2299.0 2263.6112000000003 203 248 175 0.0336187 0.00916874 0.999393 
2290.0 2271.0 2263.6806 203 248 175 0.0401158 0.0748106 0.996391 
2200.0 2269.0 2263.4784 203 247 176 -0.0112723 -0.0399655 0.999137 
2290.0 2270.0 2263.7255 204 248 175 0.0137477 0.0729687 0.997239 
2220.0 2268.0 2263.9992 203 248 175 -0.136958 -0.537521 0.832054 
2300.0 2248.0 2263.5579000000002 203 248 175 0.0316463 -0.013271 0.999411 
2290.0 2235.0 2263.3762 202 247 175 -0.011184 -0.0315185 0.999441 
2200.0 2269.0 2263.4965 203 247 175 -0.0214812 -0.0276187 0.999388 
2290.0 2270.0 2263.7143 203 247 175 0.0381717 0.0839778 0.995736 
2280.0 2279.0 2263.6403 204 248 175 0.0174924 -0.0380716 0.999122 
2290.0 2271.0 2263.6173 204 248 175 0.0336682 0.0836276 0.995928 
2240.0 2255.0 2263.5807 203 248 175 -0.00700582 -0.0170141 0.999831 
2220.0 2268.0 2264.0141000000003 203 248 175 -0.187656 -0.593482 0.782664 
2190.0 2273.0 2263.567 203 248 175 -0.0149236 0.00298473 0.999884 
2190.0 2298.0 2263.5544 203 248 176 0.0512314 0.0198652 0.998489 
2200.0 2272.0 2263.5046 203 248 176 0.0170476 -0.0110308 0.999794 
2200.0 2270.0 2263.5281 203 248 176 -0.0193197 -0.023387 0.99954 
2230.0 2256.0 2263.4853000000003 203 247 175 -0.0133763 -0.0401288 0.999105 
2280.0 2280.0 2263.6686 204 248 175 -0.00494542 -0.00692359 0.999964 
2300.0 2236.0 2263.4494 203 248 175 -0.0152519 -0.0274534 0.999507 
2290.0 2234.0 2263.3601 202 247 175 -0.00697831 -0.0129597 0.999892 
2210.0 2306.0 2263.5159000000003 203 247 176 -0.0316463 -0.013271 0.999411 
2290.0 2235.0 2263.3778 202 247 175 -0.0071029 -0.0314557 0.99948 
2190.0 2298.0 2263.5015000000003 203 248 176 0.033551 -0.00711687 0.999412 
2300.0 2266.0 2263.8526 204 248 175 -0.0114507 0.0572536 0.998294 
2230.0 2293.0 2263.6661 203 248 175 -0.0094426 0.0660982 0.997768 
2200.0 2270.0 2263.5241 203 248 176 -0.00100852 -0.0332812 0.999445 
2200.0 2272.0 2263.4684 203 248 175 -0.00916874 -0.0336187 0.999393 
2200.0 2271.0 2263.5214 203 248 176 -0.0231091 0.00502372 0.99972 
2280.0 2280.0 2263.6739000000002 204 248 175 -0.00300233 -0.0210163 0.999775 
2200.0 2303.0 2263.6008 203 247 175 -0.0328738 0.0562035 0.997878 
2260.0 2284.0 2263.6082 203 247 175 0.0407822 0.0324167 0.998642 
2220.0 2298.0 2263.5939000000003 204 248 176 0.000985182 0.00886664 0.99996 
2300.0 2267.0 2263.8123 204 248 175 0.0781542 -0.0203415 0.996734 
2200.0 2273.0 2263.4863 203 248 176 -0.00109554 -0.130369 0.991465 
2220.0 2294.0 2263.7966 203 248 175 -0.0502651 0.162485 0.98543 
2200.0 2271.0 2263.5449000000003 203 247 175 -0.0149531 -0.00697811 0.999864 
2190.0 2274.0 2263.5662 203 248 175 -0.0189021 -0.000994847 0.999821 
2260.0 2280.0 2264.1754 204 247 175 -0.00660321 0.458263 0.888792 
2190.0 2299.0 2263.5156 203 248 176 0.034028 -0.0216542 0.999186 
2280.0 2243.0 2263.5564 203 248 176 0.00101451 -0.037537 0.999295 
2290.0 2236.0 2263.3885 203 248 176 -0.0214396 -0.0234815 0.999494 
2200.0 2305.0 2263.5366 203 248 176 0.0196287 0.0402904 0.998995 
2300.0 2249.0 2263.6289 203 248 175 0.0572548 -0.00936897 0.998316 
2240.0 2255.0 2263.5928 203 248 175 -0.00897197 -0.0129595 0.999876 
2190.0 2299.0 2263.5236 203 247 175 -0.0131926 -0.0253703 0.999591 
2230.0 2288.0 2264.0816 204 247 175 0.248008 0.419358 0.873287 
2250.0 2285.0 2263.6929 204 248 175 0.0502531 0.0481146 0.997577 
2280.0 2242.0 2263.5032 203 248 175 -0.00300219 -0.0230168 0.999731 
2190.0 2273.0 2263.5781 203 248 175 -0.00888411 0.00296137 0.999956 
2230.0 2256.0 2263.4831 203 247 175 -0.00703344 -0.0211003 0.999753 
2220.0 2294.0 2263.7597 203 248 175 -0.0207569 0.267397 0.963363 
2260.0 2281.0 2263.6924 204 247 175 -0.00349353 0.213105 0.977023 
2290.0 2236.0 2263.4302000000002 203 248 176 -0.0174244 -0.031774 0.999343 
2200.0 2273.0 2263.5753 203 247 176 -0.0403537 -0.240899 0.969711 
2240.0 2254.0 2263.5863 203 248 176 -0.021142 -0.0110744 0.999715 
2250.0 2285.0 2263.6518 204 248 175 0.0195524 0.0339595 0.999232 
2300.0 2249.0 2263.5624000000003 203 247 175 0.033618 -0.011206 0.999372 
2250.0 2285.0 2263.6501000000003 204 248 175 0.00099097 0.0148646 0.999889 
2200.0 2270.0 2263.5089000000003 203 247 175 -0.00913272 -0.0294276 0.999525 
2190.0 2298.0 2263.51 203 248 175 -0.00506296 -0.0334156 0.999429 
2230.0 2257.0 2263.5045 203 247 175 -0.000998781 -0.0209744 0.99978 
2300.0 2267.0 2263.7888000000003 204 248 175 -0.00893672 -0.00893672 0.99992 
2200.0 2274.0 2263.7582 203 248 175 -0.129476 -0.184786 0.974213 
2290.0 2236.0 2263.4348 202 247 175 -0.00302575 -0.0312661 0.999507 
2190.0 2274.0 2263.5776 203 248 175 -0.0170476 -0.0110308 0.999794 
2200.0 2274.0 2263.8048 203 248 175 -0.0515811 -0.275518 0.959911 
2230.0 2288.0 2263.848 204 247 176 0.0117554 0.419278 0.907782 
2190.0 2310.0 2263.5779 203 248 175 0.0328118 -0.0518639 0.998115 
2200.0 2270.0 2263.5401 203 248 176 -0.0536905 -0.0712222 0.996014 
2220.0 2299.0 2263.5725 203 248 175 0.00493571 -0.00493571 0.999976 
2230.0 2257.0 2263.4995 203 247 175 -0.00501365 -0.0230628 0.999721 
2190.0 2275.0 2263.5683 203 248 175 -0.0337536 -0.0153426 0.999312 
2260.0 2280.0 2264.0929 204 247 175 0.182796 0.39006 0.902463 
2300.0 2266.0 2263.812 204 248 175 0.0382257 0.0216957 0.999034 
2200.0 2275.0 2264.0487000000003 203 248 175 -0.142081 -0.343476 0.928352 
2200.0 2271.0 2263.538 203 247 175 -0.0556492 -0.0665608 0.996229 
2200.0 2305.0 2263.4822 203 248 176 -0.0216542 0.034028 0.999186 
2230.0 2256.0 2263.4936000000002 203 247 175 -0.0151023 -0.0151023 0.999772 
2190.0 2275.0 2263.6085000000003 203 248 176 0.00715891 -0.0398853 0.999179 
2230.0 2257.0 2263.5122 203 247 175 -0.0191668 -0.0151317 0.999702 
2220.0 2295.0 2263.6316 203 248 175 -0.0393239 0.049952 0.997977 
2250.0 2286.0 2263.606 203 247 175 0.00499422 0.0169804 0.999843 
2230.0 2288.0 2264.0968000000003 204 248 175 -0.0534986 0.473257 0.879298 
2200.0 2275.0 2264.1331 203 248 175 -0.186134 -0.43529 0.880839 
2190.0 2299.0 2263.5842000000002 203 248 176 -0.00718638 -0.0461981 0.998906 
2200.0 2274.0 2263.8076 203 248 176 -0.0459781 -0.374393 0.92613 
2290.0 2237.0 2263.4367 203 248 175 0.00703312 -0.0231088 0.999708 
2240.0 2255.0 2263.6002000000003 203 248 176 -0.0191668 -0.0151317 0.999702 
2220.0 2295.0 2263.6305 203 248 175 0.0286893 0.0605664 0.997752 
2190.0 2310.0 2263.5483 203 248 175 0.0200205 -0.062169 0.997865 
2250.0 2286.0 2263.6313 203 247 175 -0.0190151 0.00700557 0.999795 
2230.0 2258.0 2263.5315 203 247 175 -0.00502348 -0.0251174 0.999672 
2290.0 2234.0 2263.3695000000002 203 248 176 -0.00299058 -0.0169466 0.999852 
2200.0 2306.0 2263.4607 203 247 175 0.00696442 0.0129339 0.999892 
2190.0 2273.0 2263.5863 203 248 175 -0.0129085 0.00297888 0.999912 
2190.0 2300.0 2263.6016 203 248 176 0.0190532 0.00701962 0.999794 
2220.0 2299.0 2263.5574 203 248 175 0.00689636 -0.00295558 0.999972 
2240.0 2256.0 2263.6003 203 248 176 -0.00494534 -0.00890162 0.999948 
2200.0 2274.0 2263.9378 203 248 175 -0.0599719 -0.385153 0.920902 
2260.0 2281.0 2263.7167 204 247 175 0.0153188 0.213285 0.97687 
2250.0 2285.0 2263.6562 204 248 175 -0.00692351 0.00692351 0.999952 
2300.0 2266.0 2263.7577 204 248 175 0.0299028 0.0278405 0.999165 
2200.0 2271.0 2263.6776 203 247 175 -0.105645 -0.154217 0.982373 
2190.0 2276.0 2263.7454000000002 203 248 175 -0.0262625 -0.154149 0.987698 
2190.0 2300.0 2263.5869000000002 203 248 176 0.0250172 -0.00100069 0.999686 
2200.0 2306.0 2263.4736000000003 203 247 175 -0.00895451 0.00895451 0.99992 
2300.0 2237.0 2263.4456 203 248 175 -0.0151623 -0.0192056 0.999701 
2240.0 2256.0 2263.591 203 248 176 -0.0151317 -0.0191668 0.999702 
2230.0 2258.0 2263.5350000000003 203 247 175 -0.00508281 -0.0376128 0.999279 
2260.0 2282.0 2263.6522 203 248 175 0.0238573 0.0404538 0.998897 
2260.0 2285.0 2263.6496 203 247 175 0.0149235 0.00497451 0.999876 
2260.0 2282.0 2263.6513 203 248 175 -0.00707464 0.0293092 0.999545 
2250.0 2286.0 2263.6536 204 248 175 -0.00490671 -0.000981342 0.999987 
2200.0 2268.0 2263.4801 203 248 176 -0.00509315 -0.0376893 0.999277 
2280.0 2242.0 2263.513 203 248 175 -0.017459 -0.0338911 0.999273 
2290.0 2271.0 2263.6108 203 247 175 0.0249669 0.0922691 0.995421 
2220.0 2294.0 2263.7271 203 248 175 0.0740281 0.188104 0.979355 
2200.0 2310.0 2263.5273 203 248 175 0.00725693 -0.0570188 0.998347 
2190.0 2274.0 2263.5950000000003 203 248 175 0.0110744 0.021142 0.999715 
2220.0 2300.0 2263.6181 204 248 175 0.0335504 0.00915011 0.999395 
2300.0 2248.0 2263.5414 203 247 175 0.0109012 -0.00297305 0.999936 
2240.0 2256.0 2263.6246 203 248 176 -0.0329435 -0.0563227 0.997869 
2260.0 2280.0 2263.7587000000003 203 248 175 0.229011 0.300132 0.925999 
2220.0 2294.0 2263.6322 203 248 175 0.0231055 0.111127 0.993538 
2190.0 2300.0 2263.5792 203 248 176 -0.00498427 -0.0169465 0.999844 
2220.0 2295.0 2263.5704 203 248 175 0.0113836 0.0507086 0.998649 
2220.0 2300.0 2263.5820000000003 204 248 175 0.00886664 0.000985182 0.99996 
2220.0 2295.0 2263.5936 203 248 175 -0.00307933 0.0502957 0.99873 
2230.0 2258.0 2263.5409 203 247 175 0.00101056 -0.0333485 0.999443 
2230.0 2288.0 2263.9453000000003 204 248 175 0.0649849 0.474252 0.877988 
2300.0 2236.0 2263.4512 203 248 175 -0.0152225 -0.0233412 0.999612 
2300.0 2248.0 2263.5306 203 248 175 -0.00294983 -0.00294983 0.999991 
2280.0 2243.0 2263.5575 203 248 175 -0.00101253 -0.0354387 0.999371 
2190.0 2301.0 2263.5627 203 248 176 0.0337536 0.0153426 0.999312 
2220.0 2301.0 2263.6077 204 248 175 0.0382273 -0.0196302 0.999076 
2190.0 2301.0 2263.5444 203 248 176 0.00696459 0.0109444 0.999916 
2200.0 2307.0 2263.4922 203 248 176 0.0108582 -0.000987108 0.999941 
2220.0 2296.0 2263.6473 203 248 175 -0.0169465 -0.00498427 0.999844 
2210.0 2268.0 2263.4881 203 248 176 -0.0175617 -0.0423546 0.998948 
2200.0 2307.0 2263.4932 203 248 176 -0.0296651 -0.0173899 0.999409 
2300.0 2237.0 2263.4642 203 248 175 -0.0347169 -0.0452371 0.998373 
2190.0 2275.0 2263.5118 203 248 175 -0.0280079 -0.0363065 0.998948 
2290.0 2239.0 2263.4672 203 248 175 0.00101253 -0.0354387 0.999371 
2260.0 2253.0 2263.8253 203 248 176 -0.137885 -0.326283 0.935162 
2190.0 2276.0 2263.6495 203 248 175 0.0537336 -0.189859 0.98034 
2260.0 2286.0 2263.6355000000003 204 248 175 0.0128575 0.000989037 0.999917 
2300.0 2249.0 2263.5453 203 247 175 0.0150124 -0.0110091 0.999827 
2200.0 2269.0 2263.5189 203 247 175 -0.0177028 -0.048943 0.998645 
2180.0 2276.0 2263.4354000000003 203 248 176 -0.031709 0.0173888 0.999346 
2190.0 2301.0 2263.5605 203 248 176 -0.00300821 0.023063 0.99973 
2180.0 2277.0 2263.4387 203 248 176 -0.0333483 -0.00303167 0.999439 
2220.0 2296.0 2263.6379 203 248 175 0.0230169 0.00100074 0.999735 
2230.0 2260.0 2263.4168 203 248 176 -0.0169802 -0.00699183 0.999831 
2300.0 2249.0 2263.5301 203 248 175 -0.000987127 -0.00888415 0.99996 
2260.0 2281.0 2263.6891 203 248 175 0.0756992 0.0892572 0.993128 
2220.0 2301.0 2263.5709 204 248 176 -0.00297298 -0.0128829 0.999913 
2300.0 2250.0 2263.6207 204 248 175 0.0554034 0.0177709 0.998306 
2190.0 2300.0 2263.5903000000003 203 248 176 -0.0231091 0.00502372 0.99972 
2290.0 2235.0 2263.4013 203 248 176 -0.00503332 -0.0271799 0.999618 
2220.0 2296.0 2263.59 203 248 175 0.0274542 -0.0132187 0.999536 
2220.0 2296.0 2263.5937 203 248 175 0.00891926 -0.00495514 0.999948 
2250.0 2287.0 2263.6245 203 247 175 -0.000985182 0.00886664 0.99996 
2250.0 2254.0 2263.6098 203 248 176 -0.017184 -0.017184 0.999705 
2200.0 2308.0 2263.4589 203 248 176 -0.0148646 0.00099097 0.999889 
2180.0 2279.0 2263.4436 203 248 175 -0.0487434 -0.0134822 0.99872 
2190.0 2301.0 2263.5472 203 248 176 -0.0215668 0.0318367 0.99926 
2200.0 2305.0 2263.5581 203 247 175 -0.0217819 0.0425267 0.998858 
2190.0 2302.0 2263.5365 203 247 175 0.0172516 0.0233404 0.999579 
2230.0 2260.0 2263.4436 203 248 176 -0.0314557 0.0071029 0.99948 
2300.0 2267.0 2263.8286000000003 204 248 175 0.00696442 0.0129339 0.999892 
2220.0 2294.0 2263.6971000000003 203 248 175 -0.0201789 0.0711571 0.997261 
2300.0 2254.0 2263.7331 204 248 175 0.0374973 -0.0610671 0.997429 
2300.0 2250.0 2263.6634 204 248 175 -0.0150127 0.00900763 0.999847 
2300.0 2236.0 2263.4774 203 248 175 -0.0192822 -0.0192822 0.999628 
2290.0 2234.0 2263.3655 203 248 176 0.00700557 -0.0190151 0.999795 
2190.0 2276.0 2263.6217 203 248 175 -0.071467 -0.139419 0.987651 
2200.0 2308.0 2263.5156 203 248 176 -0.0552899 -0.0156481 0.998348 
2200.0 2306.0 2263.5129 203 248 176 -0.0312033 0.00100656 0.999513 
2180.0 2279.0 2263.5018 203 248 175 -0.0578445 -0.0220861 0.998081 
2300.0 2251.0 2263.61 204 248 175 0.0580856 -0.0242903 0.998016 
2260.0 2254.0 2264.0986000000003 203 248 176 -0.22115 -0.420037 0.880149 
2290.0 2235.0 2263.3919 203 248 176 0.00302575 -0.0312661 0.999507 
2250.0 2255.0 2263.6275 203 248 176 -0.031774 -0.0174244 0.999343 
2300.0 2267.0 2263.8119 204 248 175 0.037919 0.0112732 0.999217 
2190.0 2277.0 2263.9616 203 248 175 -0.0647015 -0.352557 0.933551 
2200.0 2307.0 2263.5505000000003 203 248 176 -0.0386134 -0.0323518 0.99873 
2300.0 2251.0 2263.6687 204 248 175 0.0129085 -0.00297888 0.999912 
2220.0 2297.0 2263.5748000000003 204 247 175 0.00499404 -0.0189774 0.999807 
2210.0 2269.0 2263.5502 203 248 176 -0.0238099 -0.038303 0.998982 
2250.0 2287.0 2263.6335 203 247 175 -0.0190151 0.00700557 0.999795 
2250.0 2254.0 2263.6298 203 248 175 -0.0153729 -0.0358701 0.999238 
2260.0 2253.0 2263.9975 203 248 176 -0.0548319 -0.397197 0.916094 
2190.0 2277.0 2264.0314000000003 203 248 175 0.0244284 -0.361283 0.932136 
2220.0 2294.0 2263.6765 203 248 175 0.0377991 0.0701984 0.996817 
2290.0 2236.0 2263.4246000000003 203 248 176 -0.00100465 -0.0271257 0.999632 
2200.0 2299.0 2264.2857 203 248 175 0.0320791 0.345171 0.937992 
2220.0 2298.0 2263.6201 204 247 175 -0.000983272 0.00491636 0.999987 
2280.0 2243.0 2263.5733 203 248 175 -0.0239069 -0.0405378 0.998892 
2180.0 2280.0 2263.4672 203 248 175 -0.0486438 -0.0113847 0.998751 
2300.0 2253.0 2263.6213000000002 204 248 175 0.030085 -0.0321598 0.99903 
2250.0 2255.0 2263.6752 203 248 175 -0.0441081 -0.0591694 0.997273 
2300.0 2263.0 2263.7569000000003 204 248 175 0.0796132 0.0116766 0.996757 
2230.0 2261.0 2263.4347000000002 203 248 176 -0.0112289 -0.0336866 0.999369 
2220.0 2295.0 2263.6451 203 248 175 -0.00517348 0.0548389 0.998482 
2300.0 2255.0 2263.7752 204 248 175 0.0547263 -0.00309771 0.998497 
2260.0 2253.0 2263.9773 203 248 176 0.00897268 -0.375571 0.92675 
2300.0 2237.0 2263.4989 203 248 175 -0.0314359 -0.0812998 0.996194 
2180.0 2280.0 2263.5123000000003 203 248 175 -0.0617874 -0.0115197 0.998023 
2300.0 2263.0 2263.7689 204 248 175 0.013114 -0.0211841 0.99969 
2190.0 2302.0 2263.5133 203 247 175 -0.0193197 0.023387 0.99954 
2300.0 2265.0 2263.7404 204 248 175 0.0399655 0.0112723 0.999137 
2230.0 2261.0 2263.4513 203 248 176 -0.0235742 -0.027674 0.999339 
2300.0 2265.0 2263.7606 204 248 175 -0.00296717 0.0108796 0.999936 
2190.0 2277.0 2263.9517 203 248 175 -0.150991 -0.429966 0.89013 
2220.0 2295.0 2263.5894000000003 203 248 175 0.0434882 0.0434882 0.998107 
2300.0 2256.0 2263.7203 204 248 175 0.0677644 0.00104253 0.997701 
2210.0 2268.0 2263.5096000000003 203 247 175 -0.0259844 -0.0405357 0.99884 
2220.0 2297.0 2263.5787 204 248 175 0.000992907 -0.0168794 0.999857 
2200.0 2307.0 2263.5805 203 248 176 -0.00920488 -0.0378423 0.999241 
2280.0 2244.0 2263.5852 203 248 176 -0.0297236 -0.021524 0.999326 
2300.0 2236.0 2263.4769 203 248 175 -0.0257267 -0.0298429 0.999223 
2250.0 2256.0 2263.6364000000003 203 248 175 -0.0505657 -0.0527175 0.997328 
2220.0 2294.0 2263.6228 203 247 175 0.0500539 0.0415341 0.997883 
2300.0 2254.0 2263.684 203 248 175 0.0453324 -0.0347899 0.998366 
2210.0 2268.0 2263.5431000000003 203 247 175 -0.0135073 -0.0529903 0.998504 
2300.0 2250.0 2263.636 204 248 175 0.0375368 0.00304352 0.999291 
2200.0 2308.0 2263.5803 203 248 176 -0.0423546 -0.0175617 0.998948 
2260.0 2280.0 2263.7111 203 248 175 0.0273616 0.0974074 0.994868 
2220.0 2298.0 2263.594 204 248 175 0.0109444 0.00696459 0.999916 
2300.0 2237.0 2263.5442000000003 203 248 175 -0.0294386 -0.0904965 0.995462 
2190.0 2276.0 2263.8953 203 247 175 -0.264729 -0.302341 0.915701 
2190.0 2303.0 2263.4823 203 247 175 0.0169466 -0.00299058 0.999852 
2190.0 2279.0 2263.5702 203 248 176 -0.0557451 -0.0241912 0.998152 
2300.0 2255.0 2263.7261000000003 203 248 175 0.0419272 -0.00715831 0.999095 
2210.0 2269.0 2263.5689 203 248 176 -0.0305069 -0.0494422 0.998311 
2280.0 2244.0 2263.5992 203 248 176 -0.00906105 -0.0211424 0.999735 
2210.0 2269.0 2263.616 203 247 175 -0.0287997 -0.0671994 0.997324 
2200.0 2308.0 2263.6175000000003 203 248 176 -0.0212693 -0.0151924 0.999658 
2290.0 2236.0 2263.4327000000003 203 248 176 -0.00302575 -0.0312661 0.999507 
2190.0 2303.0 2263.5081 203 247 175 -0.0190908 -0.0110526 0.999757 
2300.0 2254.0 2263.6309 203 248 175 0.0347201 -0.0431371 0.998466 
2200.0 2276.0 2264.3293000000003 204 248 175 -0.32968 -0.432802 0.839043 
2300.0 2255.0 2263.6858 203 248 175 0.0437908 -0.00101839 0.99904 
2200.0 2298.0 2264.0962 203 248 176 0.214235 0.374547 0.902119 
2190.0 2277.0 2264.3554 204 248 175 -0.325192 -0.424773 0.844878 
2280.0 2244.0 2263.594 203 248 175 0.00101246 -0.037461 0.999298 
2270.0 2239.0 2263.3726 203 248 175 -0.00503332 -0.0271799 0.999618 
2300.0 2250.0 2263.5859 204 248 175 0.0396433 -0.00101649 0.999213 
2190.0 2279.0 2263.5991 203 248 176 -0.0294276 0.00913272 0.999525 
2300.0 2256.0 2263.6980000000003 203 248 175 0.0466708 0.0176312 0.998755 
2200.0 2270.0 2263.5979 203 247 176 -0.0230661 -0.106544 0.99404 
2220.0 2299.0 2263.562 204 248 175 -0.00897218 -0.010966 0.9999 
2200.0 2309.0 2263.4768 203 248 176 -0.00504319 -0.0292505 0.999559 
2200.0 2300.0 2263.9162 203 248 175 -0.0280524 0.252472 0.967198 
2190.0 2276.0 2263.6005 203 248 176 -0.0475326 -0.0369698 0.998185 
2270.0 2239.0 2263.3693000000003 203 248 175 -0.00898989 -0.0129854 0.999875 
2200.0 2272.0 2263.5044000000003 203 248 175 -0.0356537 -0.00916809 0.999322 
2220.0 2299.0 2263.5673 204 247 175 0.000983272 -0.00491636 0.999987 
2280.0 2244.0 2263.568 203 248 175 -0.00101049 -0.0353671 0.999374 
2220.0 2297.0 2263.5857 204 247 175 0.00498443 -0.0149533 0.999876 
2300.0 2236.0 2263.5291 203 248 175 -0.0432246 -0.0368991 0.998384 
2290.0 2232.0 2263.3156 203 248 176 0.00888411 -0.00296137 0.999956 
2190.0 2276.0 2263.6919000000003 203 248 176 -0.0170139 -0.00900734 0.999815 
2300.0 2263.0 2263.7326000000003 204 248 175 0.0277294 -0.0256754 0.999286 
2190.0 2292.0 2264.2806 203 247 175 -0.0864854 -0.0117449 0.996184 
2300.0 2256.0 2263.6446 203 248 175 0.0403737 0.0196693 0.998991 
2240.0 2290.0 2263.6319000000003 204 248 175 -0.0338911 0.017459 0.999273 
2230.0 2294.0 2263.5806000000002 203 247 175 -0.0196287 0.0402904 0.998995 
2280.0 2244.0 2263.6191 203 248 176 -0.0978378 -0.0909316 0.991039 
2260.0 2281.0 2263.6305 203 248 175 0.0217819 0.0425267 0.998858 
2190.0 2277.0 2263.6625 203 248 176 0.00296723 -0.00890169 0.999956 
2220.0 2298.0 2263.588 204 247 175 0.000979427 0.00293828 0.999995 
2250.0 2256.0 2263.7833 203 248 176 -0.105691 -0.122317 0.986847 
2220.0 2295.0 2263.5328 203 248 175 0.0131665 0.0232946 0.999642 
2300.0 2263.0 2263.7012 204 248 175 0.048149 -0.00307334 0.998835 
2240.0 2290.0 2263.6848 204 248 175 -0.0368991 0.0432246 0.998384 
2260.0 2282.0 2263.6426 203 248 175 0.0193581 0.0254712 0.999488 
2300.0 2254.0 2263.6339000000003 203 248 175 0.000983272 -0.00491636 0.999987 
2280.0 2280.0 2263.6800000000003 203 248 175 -0.00303759 -0.0354386 0.999367 
2280.0 2242.0 2263.5428 203 248 175 -0.0564383 -0.0351409 0.997787 
2280.0 2281.0 2263.6979 203 248 175 -0.0109877 -0.0109877 0.999879 
2230.0 2260.0 2263.4688 203 248 176 -0.0250673 -0.00100269 0.999685 
2240.0 2257.0 2263.5999 203 248 175 -0.00501387 -0.0210583 0.999766 
2200.0 2309.0 2263.5257 203 247 176 -0.0465773 -0.0134557 0.998824 
2240.0 2292.0 2263.6209 204 248 175 -0.000998737 0.0229709 0.999736 
2300.0 2251.0 2263.6304 204 248 175 0.0355104 0.00304375 0.999365 
2300.0 2237.0 2263.5829000000003 203 248 175 -0.0263518 -0.0537577 0.998206 
2280.0 2242.0 2263.6329 203 247 175 -0.0768565 -0.00526414 0.997028 
2200.0 2272.0 2263.551 203 248 175 -0.080882 -0.0945522 0.992229 
2230.0 2261.0 2263.5125000000003 203 248 176 -0.0232481 -0.0111187 0.999668 
2300.0 2255.0 2263.6131 203 248 175 0.0400465 0.0133488 0.999109 
2230.0 2295.0 2263.5511 203 248 175 -0.013114 0.0211841 0.99969 
2220.0 2299.0 2263.5693 204 247 175 -0.00299645 -0.0189775 0.999815 
2240.0 2257.0 2263.6426 203 248 175 -0.0556309 -0.0220424 0.998208 
2200.0 2310.0 2263.5387 203 248 176 -0.00523436 -0.0680466 0.997668 
2200.0 2273.0 2263.5494 203 248 175 -0.0607217 -0.177403 0.982263 
2300.0 2265.0 2263.7458 204 248 175 0.0314557 0.0071029 0.99948 
2210.0 2270.0 2263.5697 203 247 176 -0.00104642 -0.0742956 0.997236 
2220.0 2296.0 2263.5583 203 247 175 -0.00099683 0.0189398 0.99982 
2270.0 2240.0 2263.3856 203 248 175 0.00299058 -0.0169466 0.999852 
2280.0 2243.0 2263.5935 203 247 175 -0.059507 -0.0954358 0.993655 
2190.0 2277.0 2263.6279 203 248 176 -0.128893 -0.121666 0.984167 
2200.0 2273.0 2263.7294 203 248 175 -0.169274 -0.37411 0.911805 
2200.0 2310.0 2263.5498000000002 203 248 176 -0.0264043 -0.0559771 0.998083 
2300.0 2236.0 2263.5783 203 248 175 -0.0510203 -0.0177009 0.998541 
2300.0 2232.0 2263.3103 203 248 176 -0.00898964 0.0149827 0.999847 
2250.0 2288.0 2263.6024 203 247 175 -0.0190151 -0.00700557 0.999795 
2230.0 2289.0 2264.2256 203 248 175 0.271495 0.254437 0.928199 
2280.0 2281.0 2263.7035 203 248 175 0.00099097 -0.0148646 0.999889 
2230.0 2260.0 2263.5006000000003 203 248 176 -0.031329 0.00505307 0.999496 
2280.0 2243.0 2263.6736 203 247 175 -0.0786878 -0.135061 0.987708 
2190.0 2276.0 2263.6362 203 248 176 -0.0471954 -0.141586 0.9888 
2300.0 2256.0 2263.6062 203 248 175 0.0294869 0.0111847 0.999503 
2240.0 2257.0 2263.7281000000003 203 248 176 -0.0581952 -0.0691754 0.995906 
2280.0 2280.0 2263.6868 203 248 175 0.0152829 -0.0275093 0.999505 
2200.0 2309.0 2263.5808 203 247 176 -0.0439691 -0.00511269 0.99902 
2260.0 2282.0 2263.6164 204 248 175 0.0234815 0.0214396 0.999494 
2230.0 2261.0 2263.5003 203 248 176 -0.0297832 -0.0236211 0.999277 
2190.0 2277.0 2263.9556000000002 203 248 176 -0.197229 -0.336283 0.920877 
2240.0 2292.0 2263.6062 204 248 175 0.0160234 0.0801171 0.996657 
2300.0 2237.0 2263.608 203 248 175 -0.0320933 -0.0300228 0.999034 
2250.0 2288.0 2263.617 203 247 175 -0.0130369 -0.0130369 0.99983 
2280.0 2281.0 2263.6889 203 248 175 0.0190908 -0.0110526 0.999757 
2200.0 2272.0 2263.6885 204 248 175 -0.159107 -0.149085 0.97594 
2200.0 2271.0 2263.7461000000003 203 247 176 -0.0321315 -0.21064 0.977036 
2300.0 2239.0 2263.6531 203 248 175 0.00722942 -0.0506059 0.998693 
2230.0 2289.0 2263.7575 203 248 175 0.257088 0.168251 0.951629 
2300.0 2257.0 2263.6723 203 248 175 0.0705702 0.00947957 0.997462 
2230.0 2260.0 2263.5588000000002 203 248 176 -0.0273985 -0.0131919 0.999538 
2190.0 2279.0 2263.6265000000003 203 248 176 -0.149655 -0.0331298 0.988183 
2240.0 2290.0 2263.7000000000003 204 248 175 0.0180911 0.0734284 0.997136 
2280.0 2282.0 2263.7118 203 248 175 -0.0148646 0.00099097 0.999889 
2250.0 2287.0 2263.664 204 248 175 -0.00098326 0.00688282 0.999976 
2240.0 2292.0 2263.5640000000003 204 248 175 0.0616842 0.140826 0.988111 
2200.0 2272.0 2263.9074 204 248 175 -0.221638 -0.292223 0.930313 
2240.0 2293.0 2263.5593 204 248 175 0.0434882 0.0434882 0.998107 
2200.0 2309.0 2263.6227 203 247 176 -0.0273985 -0.0131919 0.999538 
2200.0 2273.0 2263.8319 204 248 175 -0.220897 -0.317806 0.922065 
2240.0 2293.0 2263.4761000000003 204 248 175 0.0855791 0.0566822 0.994718 
2300.0 2257.0 2263.6316 203 248 175 0.0424422 0.017598 0.998944 
2200.0 2273.0 2264.3368 204 247 175 -0.418545 -0.325189 0.847981 
2260.0 2283.0 2263.6184000000003 203 248 175 0.00713032 0.0376889 0.999264 
2300.0 2239.0 2263.6381 203 248 175 -0.00503359 -0.0251679 0.999671 
2280.0 2282.0 2263.7109 203 248 175 0.00493566 0.00690992 0.999964 
2280.0 2282.0 2263.7098 203 248 175 0.0168794 0.000992907 0.999857 
2300.0 2257.0 2263.6001 203 248 175 0.0129339 -0.00696442 0.999892 
2300.0 2265.0 2263.6866 204 248 175 0.0502957 0.00307933 0.99873 
2200.0 2310.0 2263.5887000000002 203 247 176 -0.0325467 -0.0451455 0.99845 
2220.0 2296.0 2263.567 203 248 175 0.00897218 0.010966 0.9999 
2300.0 2236.0 2263.6347 203 248 175 -0.0376889 -0.00713032 0.999264 
2270.0 2240.0 2263.3778 203 248 175 -0.00099097 -0.0148646 0.999889 
2280.0 2280.0 2263.6373000000003 203 248 175 0.0697633 -0.0311251 0.997078 
2260.0 2283.0 2263.6561 203 248 175 -0.011162 0.029427 0.999505 
2260.0 2287.0 2263.6434 204 248 175 -0.000985182 -0.00886664 0.99996 
2230.0 2261.0 2263.5529 203 248 176 -0.0430497 -0.0325498 0.998543 
2300.0 2266.0 2263.7402 204 248 175 0.033551 0.00711687 0.999412 
2230.0 2290.0 2263.7955 203 248 175 0.165076 0.225824 0.96008 
2280.0 2281.0 2263.6603 203 248 175 0.0535352 -0.0241433 0.998274 
2260.0 2284.0 2263.5485 204 248 175 -0.00512316 0.0440592 0.999016 
2240.0 2293.0 2263.3833 204 248 175 0.0623251 0.0623251 0.996108 
2300.0 2251.0 2263.5586000000003 204 247 175 0.027289 -0.00909634 0.999586 
2220.0 2296.0 2263.5523000000003 203 248 175 0.0130365 -0.0150422 0.999802 
2200.0 2274.0 2263.9438 203 248 175 -0.136538 -0.45848 0.878154 
2280.0 2280.0 2263.5195000000003 203 248 175 0.0546137 0.00309134 0.998503 
2280.0 2239.0 2263.3801000000003 203 248 175 -0.0129339 -0.00696442 0.999892 
2280.0 2281.0 2263.5497 203 248 175 0.0369735 -0.0454245 0.998283 
2210.0 2271.0 2263.6978 203 247 175 0.0683132 -0.178573 0.981552 
2300.0 2237.0 2263.6462 203 248 175 -0.0338911 -0.017459 0.999273 
2280.0 2242.0 2263.6727 203 248 175 -0.066784 0.0222613 0.997519 
2250.0 2288.0 2263.6542 204 248 175 0.0441482 0.00924033 0.998982 
2280.0 2282.0 2263.676 203 248 175 0.0272895 0.00707504 0.999603 
2230.0 2258.0 2263.5236 203 248 175 -0.0132187 -0.0274542 0.999536 
2230.0 2290.0 2263.7464 203 248 175 0.0989105 0.0716248 0.992515 
2210.0 2270.0 2263.6128 203 248 176 -0.0483155 -0.0526102 0.997446 
2300.0 2266.0 2263.7456 204 248 175 0.00498443 0.0149533 0.999876 
2190.0 2279.0 2263.9818 203 248 175 -0.337164 -0.197746 0.920444 
2240.0 2258.0 2263.6032 203 248 176 -0.0823123 -0.0800572 0.993386 
2280.0 2282.0 2263.6382000000003 203 248 175 0.0340264 -0.0237154 0.999139 
2230.0 2258.0 2263.5280000000002 203 248 175 -0.00499422 -0.0169804 0.999843 
2250.0 2288.0 2263.6319000000003 204 248 175 -0.00891915 -0.00693712 0.999936 
2230.0 2296.0 2263.562 203 248 175 -0.00495505 -0.0109011 0.999928 
2290.0 2233.0 2263.3296 203 248 176 0.00500384 -0.0210161 0.999767 
2300.0 2267.0 2263.7425000000003 204 248 175 0.0363819 0.0280661 0.998944 
2190.0 2280.0 2263.9391 203 248 176 -0.390728 -0.0168753 0.920352 
2300.0 2236.0 2263.6554 203 248 175 -0.0150127 -0.00900763 0.999847 
2240.0 2258.0 2263.83 203 248 175 -0.208639 -0.241367 0.94774 
2200.0 2274.0 2264.349 203 248 175 -0.291941 -0.482406 0.825866 
2300.0 2271.0 2263.5657 204 248 175 -0.00913272 0.0294276 0.999525 
2280.0 2240.0 2263.3867 203 248 175 -0.0130627 -0.0150724 0.999801 
2260.0 2284.0 2263.6039 204 247 175 -0.034028 0.0216542 0.999186 
2300.0 2233.0 2263.3264 203 248 176 -0.00500384 -0.0210161 0.999767 
2250.0 2257.0 2263.7158 203 247 175 -0.128447 -0.173342 0.97645 
2300.0 2232.0 2263.3224 203 248 176 -0.0210583 0.00501387 0.999766 
2300.0 2237.0 2263.6799 203 248 175 -0.00495514 -0.00891926 0.999948 
2230.0 2288.0 2263.9205 204 247 175 -0.0989929 0.307538 0.946372 
2210.0 2298.0 2263.6578 203 248 175 -0.0310632 0.0674822 0.997237 
2250.0 2288.0 2263.6267000000003 204 248 175 0.0171834 0.0192049 0.999668 
2230.0 2259.0 2263.5252 203 248 175 -0.0129339 -0.00696442 0.999892 
2260.0 2288.0 2263.6576 204 248 175 -0.0109442 -0.00895433 0.9999 
2230.0 2289.0 2263.6728000000003 203 247 175 0.0947487 0.0833332 0.992007 
2290.0 2242.0 2263.7117000000003 203 248 175 0.0347899 0.0453324 0.998366 
2210.0 2298.0 2263.6561 203 248 175 0.0156499 0.0532095 0.998461 
2230.0 2287.0 2263.9957 204 247 175 0.348253 0.176241 0.920684 
2260.0 2283.0 2263.6379 204 248 175 0.0276753 0.0215252 0.999385 
2210.0 2270.0 2263.6752 203 247 175 -0.189576 -0.235289 0.953258 
2300.0 2239.0 2263.6657 203 248 175 -0.0295453 -0.0152821 0.999447 
2300.0 2233.0 2263.3452 203 248 176 -0.0194749 -0.0297248 0.999368 
2290.0 2272.0 2263.5039 204 248 175 -0.0171159 0.0130886 0.999768 
2210.0 2299.0 2263.5904 203 248 175 0.00102634 0.0523433 0.998629 
2280.0 2243.0 2263.7643000000003 203 248 175 -0.00760204 -0.111859 0.993695 
2230.0 2289.0 2263.5964 203 248 175 -0.0431329 0.166703 0.985063 
2230.0 2288.0 2264.1835 204 248 175 0.0162467 0.316186 0.948558 
2290.0 2234.0 2263.3574000000003 203 248 176 0.00301395 -0.0271256 0.999627 
2280.0 2244.0 2263.8045 203 248 175 -0.173983 -0.229763 0.957569 
2250.0 2257.0 2263.9455000000003 203 247 175 -0.199498 -0.26829 0.942455 
2230.0 2259.0 2263.5443 203 248 175 -0.0151317 -0.0191668 0.999702 
2210.0 2299.0 2263.5925 203 248 175 -0.00102833 0.0545017 0.998513 
2230.0 2290.0 2263.708 203 247 175 0.0512291 -0.0219553 0.998446 
2200.0 2310.0 2263.6414 203 247 176 -0.0322894 -0.0343726 0.998887 
2300.0 2234.0 2263.3568 203 248 176 -0.00913272 -0.0294276 0.999525 
2300.0 2239.0 2263.7011 203 248 175 0.00296723 -0.00890169 0.999956 
2260.0 2283.0 2263.5952 204 248 175 0.0320308 0.0258313 0.999153 
2280.0 2244.0 2263.9409 203 248 175 -0.0874083 -0.359046 0.929218 
2300.0 2250.0 2263.5644 204 248 175 0.00699205 -0.014983 0.999863 
2270.0 2241.0 2263.4048000000003 203 248 175 0.00100662 -0.029192 0.999573 
2300.0 2267.0 2263.7071 204 248 175 0.00714487 0.0377657 0.999261 
2210.0 2298.0 2263.6406 203 248 175 0.0211841 0.013114 0.99969 
2300.0 2234.0 2263.3855000000003 203 248 176 -0.023717 -0.0319664 0.999207 
2200.0 2272.0 2264.125 204 248 174 0.0143422 -0.405492 0.913986 
2260.0 2284.0 2263.5963 203 248 175 0.0172182 0.0192438 0.999667 
2210.0 2271.0 2263.6846 203 248 176 -0.189501 -0.286326 0.939205 
2300.0 2240.0 2263.6513 203 248 175 0.00886664 -0.000985182 0.99996 
2280.0 2244.0 2264.0042000000003 203 247 175 0.0213449 -0.317662 0.947964 
2180.0 2281.0 2263.4179 203 248 175 -0.00713032 -0.0376889 0.999264 
2210.0 2298.0 2263.6403 203 248 175 -0.0153132 0.0296056 0.999444 
2300.0 2232.0 2263.3561 203 248 176 -0.0381486 0.0195898 0.99908 
2290.0 2236.0 2263.3719 203 248 175 0.00696442 -0.0129339 0.999892 
2300.0 2266.0 2263.7248 204 248 175 0.025218 0.00907847 0.999641 
2230.0 2259.0 2263.5651000000003 203 248 175 -0.0172867 -0.0233879 0.999577 
2230.0 2290.0 2263.6493 203 247 175 0.0238593 -0.0383823 0.998978 
2210.0 2272.0 2263.8676 204 248 174 -0.076482 -0.463064 0.883019 
2300.0 2240.0 2263.6748000000002 203 248 175 -0.0230169 -0.00100074 0.999735 
2260.0 2285.0 2263.6225 203 248 175 0.0129339 -0.00696442 0.999892 
2210.0 2271.0 2264.1292000000003 203 247 175 -0.328908 -0.451658 0.829352 
2180.0 2281.0 2263.408 203 248 175 -0.00510314 -0.0398045 0.999195 
2230.0 2288.0 2263.9525000000003 204 248 175 0.246698 0.114953 0.96225 
2300.0 2272.0 2263.6101 204 248 175 -0.068187 -0.00944127 0.997628 
2300.0 2266.0 2263.687 204 248 175 0.0397235 -0.00509275 0.999198 
2210.0 2299.0 2263.5776 203 248 175 -0.00101246 0.037461 0.999298 
2300.0 2240.0 2263.6997 203 248 175 0.00890162 0.00494534 0.999948 
2200.0 2307.0 2263.5719 203 248 176 -0.00101848 -0.0417576 0.999127 
2300.0 2233.0 2263.366 203 248 176 -0.0297846 -0.0215681 0.999324 
2260.0 2285.0 2263.6337000000003 203 247 175 -0.00494542 0.00692359 0.999964 
2180.0 2281.0 2263.4259 203 248 175 -0.0319664 -0.023717 0.999207 
2230.0 2260.0 2263.561 203 248 175 -0.0193197 -0.023387 0.99954 
2300.0 2267.0 2263.717 204 248 175 0.00706078 0.0272344 0.999604 
2240.0 2284.0 2264.2026 204 248 175 0.0604588 0.399028 0.914943 
2260.0 2286.0 2263.6293 203 247 175 0.00496489 -0.0109227 0.999928 
2300.0 2232.0 2263.4004 203 248 176 -0.0577259 0.0199417 0.998133 
2290.0 2237.0 2263.3932 203 248 175 0.0201819 -0.0690433 0.99741 
2200.0 2307.0 2263.5824000000002 203 248 176 0.00299058 -0.0169466 0.999852 
2210.0 2299.0 2263.5877 203 248 175 -0.0153132 0.0296056 0.999444 
2260.0 2284.0 2263.5677 203 248 175 0.0294861 0.0132179 0.999478 
2230.0 2260.0 2263.5829000000003 203 248 175 -0.00294404 -0.00294404 0.999991 
2300.0 2268.0 2263.877 203 247 175 0.0423546 0.0175617 0.998948 
2300.0 2271.0 2263.6151 204 248 175 -0.0272348 -0.00504347 0.999616 
2230.0 2259.0 2263.5881 203 248 175 -0.00911423 -0.0293681 0.999527 
2260.0 2286.0 2263.6213000000002 203 247 175 0.0169465 -0.00498427 0.999844 
2230.0 2292.0 2263.6925 203 248 175 0.031937 0.100216 0.994453 
2260.0 2285.0 2263.6218 203 248 175 0.0320952 0.0279539 0.999094 
2270.0 2241.0 2263.4019000000003 203 248 175 -0.00302594 -0.0292507 0.999568 
2300.0 2272.0 2263.6574 204 248 175 -0.0335504 -0.00915011 0.999395 
2200.0 2308.0 2263.6154 203 248 176 0.00706115 -0.0252184 0.999657 
2300.0 2233.0 2263.4066000000003 203 248 176 -0.0509162 -0.0155866 0.998581 
2300.0 2268.0 2263.8306000000002 203 247 175 0.027952 0.0341636 0.999025 
2230.0 2259.0 2263.5839 203 248 175 -0.00309168 -0.0525586 0.998613 
2210.0 2300.0 2263.5146 203 248 175 0.00504319 0.0292505 0.999559 
2180.0 2282.0 2263.4385 203 248 176 -0.00900734 -0.0170139 0.999815 
2280.0 2241.0 2263.4191 203 248 175 -0.0173899 -0.0296651 0.999409 
2250.0 2289.0 2263.6475 204 248 175 0.0387723 0.0345807 0.99865 
2280.0 2239.0 2263.3955 203 248 175 -0.0169465 -0.00498427 0.999844 
2200.0 2308.0 2263.5750000000003 203 248 176 0.0212693 -0.0151924 0.999658 
2230.0 2292.0 2263.7409000000002 203 248 175 -0.00509315 0.0376893 0.999277 
2270.0 2280.0 2263.6867 203 247 175 0.0506625 0.05713 0.99708 
2230.0 2260.0 2263.5977000000003 203 248 175 -0.0338911 -0.017459 0.999273 
2260.0 2285.0 2263.572 203 247 175 0.0361622 0.0216973 0.99911 
2210.0 2300.0 2263.5464 203 248 175 -0.0193581 0.0254712 0.999488 
2280.0 2240.0 2263.4034 203 248 175 -0.0151924 -0.0212693 0.999658 
2250.0 2289.0 2263.6088 204 248 175 0.0173201 0.0275084 0.999471 
2300.0 2250.0 2263.5493 204 248 175 -0.00501387 -0.0210583 0.999766 
2200.0 2307.0 2263.5597000000002 203 248 176 0.0193581 -0.0254712 0.999488 
2260.0 2286.0 2263.5785 203 247 175 0.0337536 -0.0153426 0.999312 
2240.0 2284.0 2264.3626 204 248 175 -0.124167 0.541951 0.831187 
2280.0 2241.0 2263.4416 203 248 175 -0.0173888 -0.031709 0.999346 
2180.0 2282.0 2263.4432 203 248 176 -0.00505337 -0.0293096 0.999558 
2210.0 2300.0 2263.5805 203 248 175 -0.00501365 0.0230628 0.999721 
2230.0 2260.0 2263.6694 203 248 175 -0.0585412 -0.0784231 0.9952 
2230.0 2293.0 2263.6792 203 248 175 -0.0175284 0.03815 0.999118 
2240.0 2286.0 2263.9356000000002 203 248 175 0.249434 0.286493 0.925043 
2270.0 2281.0 2263.6416 203 247 175 0.0133488 0.0400465 0.999109 
2250.0 2258.0 2264.0849000000003 203 247 175 -0.214282 -0.34659 0.913214 
2180.0 2282.0 2263.4477 203 248 176 -0.0132963 -0.0357978 0.999271 
2210.0 2300.0 2263.5542 203 248 175 -0.0109442 -0.00895433 0.9999 
2290.0 2273.0 2263.5584 204 248 175 0.00301985 -0.0291919 0.999569 
2230.0 2293.0 2263.6916 203 248 175 -0.0154044 0.0359437 0.999235 
2240.0 2286.0 2263.6967 203 248 175 0.0843576 0.432851 0.89751 
2270.0 2282.0 2263.5951 203 248 175 0.0195913 0.0360892 0.999156 
2260.0 2286.0 2263.5388000000003 203 247 175 0.021058 -0.00701933 0.999754 
2250.0 2258.0 2264.3372 203 248 176 -0.22041 -0.338538 0.914774 
2300.0 2269.0 2263.7653 203 247 175 0.027463 0.104359 0.99416 
2230.0 2292.0 2263.7306000000003 203 248 175 0.0251679 0.00503359 0.999671 
2300.0 2251.0 2263.5998 204 247 175 -0.0112289 -0.0336866 0.999369 
2300.0 2234.0 2263.4038 203 248 176 -0.0302036 -0.0385356 0.998801 
2180.0 2283.0 2263.4551 203 248 175 -0.0171159 -0.0130886 0.999768 
2270.0 2283.0 2263.5562 203 247 175 0.0236697 0.0298444 0.999274 
2250.0 2254.0 2263.6345 203 247 175 0.00101649 -0.0396433 0.999213 
2210.0 2298.0 2263.6429000000003 203 248 175 0.00296137 0.00888411 0.999956 
2270.0 2275.0 2263.7959 204 248 175 0.278369 0.304603 0.910894 
2270.0 2275.0 2263.6618000000003 204 248 176 -0.0697689 0.270196 0.960274 
2220.0 2262.0 2263.3707 205 248 175 -0.0581952 -0.0691754 0.995906 
2260.0 2277.0 2264.1831 204 248 174 0.290075 0.247207 0.924524 
2230.0 2292.0 2263.6856000000002 203 248 175 0.0314557 -0.0071029 0.99948 
2300.0 2269.0 2263.7382000000002 203 247 175 0.0248248 0.0831092 0.996231 
2260.0 2279.0 2263.8856 204 248 175 0.238753 0.255508 0.936863 
2240.0 2286.0 2263.7318 204 248 175 -0.0771293 0.251618 0.964748 
2300.0 2234.0 2263.4491000000003 203 248 176 -0.0320933 -0.0300228 0.999034 
2270.0 2284.0 2263.5316000000003 203 247 175 0.0190153 0.00500404 0.999807 
2270.0 2276.0 2264.1102 204 248 175 0.248915 0.213159 0.944777 
2290.0 2235.0 2263.3907 203 248 176 0.00100662 -0.029192 0.999573 
2210.0 2298.0 2263.6281 203 248 175 -0.00689636 0.00295558 0.999972 
2270.0 2276.0 2263.8294 204 248 175 0.242378 0.0609052 0.968268 
2220.0 2261.0 2263.3368 203 248 175 -0.0359934 -0.0839845 0.995817 
2230.0 2293.0 2263.695 203 248 175 0.00925932 0.044239 0.998978 
2270.0 2277.0 2263.8528 204 248 175 0.19156 0.202129 0.960442 
2180.0 2283.0 2263.4871000000003 203 248 175 -0.0256242 -0.0256242 0.999343 
2230.0 2293.0 2263.678 203 248 175 0.0131665 0.0232946 0.999642 
2270.0 2241.0 2263.3999000000003 203 248 175 -0.00913215 -0.0314552 0.999463 
2230.0 2289.0 2263.6834 204 248 175 -0.0314259 0.17808 0.983514 
2260.0 2285.0 2263.5232 203 248 175 -0.00898989 0.0129854 0.999875 
2290.0 2237.0 2263.4159 203 248 175 -0.0133763 -0.0401288 0.999105 
2240.0 2286.0 2263.896 203 248 175 0.0437013 0.275943 0.96018 
2270.0 2277.0 2263.8206 204 248 175 0.077976 0.0847565 0.993346 
2300.0 2251.0 2263.5658000000003 204 248 175 0.00701962 -0.0190532 0.999794 
2270.0 2241.0 2263.4041 203 248 175 -0.0110962 -0.0232012 0.999669 
2300.0 2273.0 2263.5846 204 248 175 -0.0437908 0.00101839 0.99904 
2250.0 2289.0 2263.6025 204 248 175 0.00100656 0.0312033 0.999513 
2200.0 2307.0 2263.5352000000003 203 248 176 0.0132448 -0.0295462 0.999476 
2260.0 2285.0 2263.6082 203 248 175 -0.019359 0.0234346 0.999538 
2300.0 2235.0 2263.3892 203 248 176 -0.0154044 -0.0359437 0.999235 
2240.0 2287.0 2263.7588 204 248 175 0.168049 0.0703185 0.983267 
2290.0 2239.0 2263.5012 203 247 175 0.0675929 -0.11571 0.990981 
2270.0 2276.0 2263.7319 204 248 175 0.0212263 -0.0151617 0.99966 
2240.0 2287.0 2263.6134 204 248 175 0.0416132 0.0544173 0.997651 
2230.0 2261.0 2263.6112000000003 203 248 175 -0.0158982 -0.0710121 0.997349 
2230.0 2289.0 2263.8214000000003 204 247 175 -0.0906365 0.128304 0.987585 
2250.0 2255.0 2263.6725 203 247 175 -0.00744269 -0.0861225 0.996257 
2300.0 2235.0 2263.4191 203 248 176 -0.0300228 -0.0320933 0.999034 
2290.0 2239.0 2263.4794 203 248 175 0.0200627 -0.0623 0.997856 
2180.0 2283.0 2263.5195000000003 203 248 176 0.00100465 -0.0271257 0.999632 
2300.0 2268.0 2263.7839 203 248 175 0.0350663 0.0563187 0.997797 
2230.0 2261.0 2263.5495 203 248 175 -0.0072853 -0.0614047 0.998086 
2230.0 2290.0 2263.6757000000002 204 248 175 0.000979427 0.00293828 0.999995 
2220.0 2260.0 2263.3075 203 248 175 -0.0398758 -0.0678966 0.996895 
2230.0 2261.0 2263.6241 203 247 175 -0.0985493 -0.12942 0.986681 
2200.0 2308.0 2263.5749 203 248 176 -0.00303186 -0.0313293 0.999505 
2300.0 2235.0 2263.4590000000003 203 248 176 -0.0235754 -0.0256255 0.999394 
2210.0 2299.0 2263.6339000000003 203 248 175 -0.0257282 0.0277864 0.999283 
2180.0 2284.0 2263.4733 203 248 176 -0.0191288 -0.0130881 0.999731 
2270.0 2242.0 2263.4228000000003 203 248 175 -0.00100662 -0.029192 0.999573 
2230.0 2261.0 2263.7857 203 248 176 -0.050187 -0.157564 0.986233 
2230.0 2290.0 2263.6434 204 248 175 -0.0338687 0.0906808 0.995304 
2300.0 2235.0 2263.482 203 248 176 -0.0213543 -0.0193206 0.999585 
2300.0 2273.0 2263.6326 204 248 175 -0.0356543 0.00713086 0.999339 
2200.0 2308.0 2263.5744 203 248 176 0.00715831 -0.0419272 0.999095 
2220.0 2298.0 2263.6505 203 247 175 0.00296723 -0.00890169 0.999956 
2250.0 2254.0 2263.6266 203 247 175 0.0113167 -0.044238 0.998957 
2220.0 2261.0 2263.3733 203 248 175 -0.0289185 -0.0696187 0.997154 
2240.0 2288.0 2263.7098 204 248 175 0.113775 0.0461858 0.992432 
2300.0 2253.0 2263.6633 204 248 175 0.0345807 -0.0387723 0.99865 
2260.0 2286.0 2263.5422000000003 203 248 175 0.00701962 -0.0190532 0.999794 
2250.0 2255.0 2263.664 203 247 175 -0.00108137 -0.111381 0.993777 
2300.0 2234.0 2263.4845 203 247 175 -0.052882 -0.0114059 0.998536 
2250.0 2290.0 2263.5721000000003 204 248 175 0.0390885 0.112798 0.992849 
2290.0 2237.0 2263.4345000000003 203 248 175 -0.0172182 -0.0192438 0.999667 
2230.0 2289.0 2263.8763 203 248 175 -0.0313797 0.173169 0.984392 
2260.0 2286.0 2263.5459 203 248 175 -0.0149236 0.00298473 0.999884 
2250.0 2256.0 2263.8598 203 247 175 -0.0570949 -0.212587 0.975473 
2300.0 2271.0 2263.6459 204 247 175 -0.0170139 -0.00900734 0.999815 
2250.0 2256.0 2263.842 204 248 175 0.0394118 -0.204225 0.97813 
2180.0 2284.0 2263.4912 203 248 176 -0.016913 -0.000994882 0.999856 
2230.0 2254.0 2263.4646000000002 203 248 175 -0.0259327 -0.0383804 0.998927 
2230.0 2289.0 2263.7916 203 248 175 0.12701 0.129429 0.983421 
2290.0 2237.0 2263.4592000000002 203 248 175 -0.00300219 -0.0230168 0.999731 
2300.0 2272.0 2263.6679 204 247 175 -0.0150422 -0.0130365 0.999802 
2220.0 2262.0 2263.4327000000003 203 248 175 -0.0399617 -0.0680429 0.996882 
2180.0 2284.0 2263.5126 203 248 175 -0.00695076 0.0109226 0.999916 
2250.0 2290.0 2263.5634 204 248 175 -0.0225298 0.0783177 0.996674 
2230.0 2290.0 2263.7106000000003 203 248 175 -0.0232915 0.118676 0.99266 
2240.0 2288.0 2263.6302 204 248 175 0.0547258 -0.00516281 0.998488 
2200.0 2309.0 2263.648 203 248 176 0.00708896 -0.0293686 0.999544 
2300.0 2271.0 2263.6501000000003 204 248 175 0.00498443 -0.0149533 0.999876 
2240.0 2254.0 2263.4803 203 248 175 -0.0256754 -0.0277294 0.999286 
2300.0 2268.0 2263.7451 203 248 175 0.0522183 0.0922152 0.994369 
2230.0 2255.0 2263.481 203 248 175 -0.0171493 -0.0171493 0.999706 
2250.0 2290.0 2263.5542 204 248 176 -0.00306764 0.0439695 0.999028 
2270.0 2277.0 2263.7472000000002 204 248 175 0.0487434 0.0134822 0.99872 
2230.0 2290.0 2263.6977 203 248 175 0.03556 0.0721975 0.996756 
2240.0 2287.0 2263.6948 203 247 175 -0.0502581 0.0459808 0.997677 
2250.0 2289.0 2263.6125 204 248 175 -0.000998737 0.0229709 0.999736 
2300.0 2272.0 2263.6727 204 248 175 0.0108796 0.00296717 0.999936 
2220.0 2260.0 2263.3508 203 248 175 -0.0310014 -0.0652098 0.99739 
2290.0 2239.0 2263.4695 203 248 175 -0.00101848 -0.0417576 0.999127 
2240.0 2255.0 2263.493 203 248 175 -0.0171493 -0.0171493 0.999706 
2300.0 2235.0 2263.4979000000003 203 247 175 -0.0445085 -0.0175964 0.998854 
2270.0 2279.0 2263.7145 204 247 175 0.128931 0.119291 0.984452 
2250.0 2254.0 2263.6038000000003 203 248 175 0.0222174 -0.0645363 0.997668 
2270.0 2279.0 2263.6968 204 248 175 0.0181948 0.0824117 0.996432 
2300.0 2269.0 2263.7062 203 248 175 0.0509711 0.063985 0.996648 
2260.0 2285.0 2263.5844 203 247 175 0.0130623 0.0170815 0.999769 
2220.0 2261.0 2263.4071 203 248 175 -0.0241912 -0.0557451 0.998152 
2240.0 2287.0 2263.7211 204 248 175 -0.0320554 0.10722 0.993718 
2230.0 2292.0 2263.6363 204 247 175 0.0336187 0.00916874 0.999393 
2240.0 2254.0 2263.4998 203 248 175 -0.0151018 -0.0171154 0.999739 
2300.0 2234.0 2263.5403 203 247 175 -0.0551781 -0.0114521 0.998411 
2300.0 2269.0 2263.6013000000003 203 248 175 0.0175617 0.0423546 0.998948 
2180.0 2285.0 2263.4878 203 248 175 -0.0292507 0.00302594 0.999568 
2210.0 2300.0 2263.5822000000003 203 248 175 -0.0378415 0.0112502 0.99922 
2260.0 2285.0 2263.5678000000003 203 247 175 0.0148941 0.000992938 0.999889 
2230.0 2292.0 2263.6146 203 247 175 0.0191668 0.0151317 0.999702 
2300.0 2273.0 2263.6738 204 248 175 -0.00293828 -0.000979427 0.999995 
2270.0 2242.0 2263.4216 203 248 175 -0.00302002 -0.0271802 0.999626 
2300.0 2235.0 2263.5744 203 247 175 -0.0532077 -0.0177359 0.998426 
2220.0 2260.0 2263.3692 203 248 175 -0.0177709 -0.0554034 0.998306 
2180.0 2285.0 2263.4946 203 248 175 -0.00492603 -0.00295562 0.999984 
2200.0 2309.0 2263.6049000000003 203 248 176 0.00307933 -0.0502957 0.99873 
2240.0 2251.0 2263.5526 203 248 175 -0.00699183 -0.0169802 0.999831 
2290.0 2239.0 2263.4771 203 248 175 -0.00911423 -0.0293681 0.999527 
2240.0 2255.0 2263.5134000000003 203 248 175 -0.0151924 -0.0212693 0.999658 
2300.0 2273.0 2263.6321000000003 204 248 175 0.0150127 0.00900763 0.999847 
2300.0 2253.0 2263.5778 204 248 175 -0.00302002 -0.0271802 0.999626 
2290.0 2274.0 2263.5768000000003 203 247 175 0.000977516 0.000977516 0.999999 
2270.0 2279.0 2263.6973000000003 204 248 175 0.0179114 0.0642704 0.997772 
2230.0 2293.0 2263.6534 203 247 175 0.031329 -0.00505307 0.999496 
2250.0 2289.0 2263.5897 204 248 175 -0.0129084 -0.00496477 0.999904 
2240.0 2256.0 2263.5195000000003 203 248 175 -0.0235272 -0.0255731 0.999396 
2240.0 2288.0 2263.6297 203 247 175 0.00100074 0.0230169 0.999735 
2300.0 2274.0 2263.5919 203 247 175 -0.0270713 -0.00100264 0.999633 
2240.0 2256.0 2263.5426 203 248 175 -0.0172858 -0.0254203 0.999527 
2270.0 2241.0 2263.4121 203 248 175 -0.00499404 -0.0189774 0.999807 
2250.0 2255.0 2263.6967 203 248 175 0.00960791 -0.0886063 0.99602 
2230.0 2293.0 2263.6053 204 248 175 0.000989061 -0.0108797 0.99994 
2260.0 2286.0 2263.5533 203 248 175 -0.00293828 0.000979427 0.999995 
2300.0 2253.0 2263.6529 204 247 175 0.00700557 -0.0190151 0.999795 
2240.0 2288.0 2263.5942 204 248 175 -0.00516281 0.0547258 0.998488 
2270.0 2274.0 2264.0539 204 247 175 0.300137 0.314922 0.900412 
2240.0 2251.0 2263.5561000000002 203 248 175 -0.00891926 -0.00495514 0.999948 
2220.0 2261.0 2263.4192000000003 203 248 175 -0.011339 -0.0463867 0.998859 
2180.0 2285.0 2263.4896 203 248 175 0.00098326 0.00688282 0.999976 
2270.0 2242.0 2263.4286 203 248 175 -0.00503359 -0.0251679 0.999671 
2240.0 2253.0 2263.5518 203 248 175 0.00294404 -0.00294404 0.999991 
2290.0 2240.0 2263.6316 203 248 175 0.0968271 -0.0786008 0.992193 
2250.0 2255.0 2263.6748000000002 204 248 176 0.0412572 -0.105931 0.993517 
2200.0 2310.0 2263.6583 203 248 176 -0.0174233 -0.0338216 0.999276 
2300.0 2253.0 2263.5789 204 248 175 0.00700582 -0.0170141 0.999831 
2180.0 2286.0 2263.4821 203 248 175 -0.0397238 0.00305568 0.999206 
2250.0 2290.0 2263.5693 204 248 175 -0.0320308 0.0258313 0.999153 
2260.0 2286.0 2263.5637 203 247 175 -0.000977516 0.000977516 0.999999 
2290.0 2240.0 2263.5123000000003 203 248 175 0.0721975 -0.03556 0.996756 
2240.0 2254.0 2263.5163000000002 203 248 175 -0.0191293 -0.0110748 0.999756 
2220.0 2260.0 2263.4056 203 248 175 -0.0197065 -0.044599 0.998811 
2300.0 2274.0 2263.6359 203 247 175 -0.0396431 -0.00304947 0.999209 
2270.0 2285.0 2263.5463 203 248 175 0.0150124 -0.0110091 0.999827 
2250.0 2290.0 2263.5862 204 248 175 -0.0252689 0.00909682 0.999639 
2240.0 2253.0 2263.5538 203 248 175 -0.0109011 -0.00495505 0.999928 
2240.0 2255.0 2263.525 203 248 175 -0.013114 -0.0211841 0.99969 
2200.0 2310.0 2263.6804 203 248 176 -0.00510271 -0.0418422 0.999111 
2280.0 2272.0 2263.9319 203 248 175 -0.0574537 0.155946 0.986093 
2230.0 2292.0 2263.6165 203 247 175 -0.0153132 0.0296056 0.999444 
2290.0 2275.0 2263.5547 203 247 175 -0.00294404 0.00294404 0.999991 
2220.0 2260.0 2263.4049 203 248 175 -0.0172175 -0.0212686 0.999626 
2180.0 2286.0 2263.498 203 248 175 -0.00692359 -0.00494542 0.999964 
2300.0 2270.0 2263.6356 203 248 175 0.0294386 0.0904965 0.995462 
2200.0 2307.0 2263.5305000000003 203 248 175 0.0153123 -0.0316454 0.999382 
2240.0 2254.0 2263.5272 203 248 175 -0.00891926 -0.00495514 0.999948 
2280.0 2272.0 2264.0975000000003 203 248 175 -0.0745816 0.323187 0.943392 
2210.0 2307.0 2263.4993 203 248 175 -0.00916874 -0.0336187 0.999393 
2300.0 2275.0 2263.5879 203 247 175 -0.0378423 -0.00920488 0.999241 
2220.0 2261.0 2263.4459 203 248 175 -0.00924115 -0.0420986 0.999071 
2180.0 2281.0 2263.4735 203 248 175 -0.0397235 -0.00509275 0.999198 
2270.0 2274.0 2263.6612 204 248 175 0.0671257 0.267236 0.96129 
2180.0 2281.0 2263.5172000000002 203 248 175 -0.0528831 0.00933231 0.998557 
2300.0 2275.0 2263.6438000000003 203 247 175 -0.0377657 -0.00714487 0.999261 
2290.0 2241.0 2263.6992 204 247 175 0.103696 -0.0207393 0.994393 
2240.0 2255.0 2263.5351 203 248 175 -0.00297305 -0.0109012 0.999936 
2240.0 2256.0 2263.5640000000003 203 248 175 0.00300233 -0.0210163 0.999775 
2300.0 2270.0 2263.6473 203 248 175 -0.00734334 0.0681882 0.997645 
2250.0 2256.0 2263.7543 204 248 176 0.101603 -0.0742043 0.992054 
2230.0 2292.0 2263.6484 203 248 175 -0.00100269 0.0250673 0.999685 
2270.0 2243.0 2263.455 203 248 175 0.0010046 -0.0291333 0.999575 
2270.0 2285.0 2263.5247 203 248 175 0.00891926 -0.00495514 0.999948 
2300.0 2274.0 2263.6804 203 247 175 -0.0109227 -0.00496489 0.999928 
2220.0 2261.0 2263.4297 203 248 175 0.0133763 -0.0401288 0.999105 
2180.0 2282.0 2263.4834 203 248 175 -0.0252689 -0.00909682 0.999639 
2250.0 2256.0 2263.7632000000003 203 248 175 -0.052323 -0.0946267 0.994137 
2300.0 2270.0 2263.6488 203 248 175 0.00301985 0.0291919 0.999569 
2300.0 2274.0 2263.6509 203 247 175 -0.00302594 -0.0292507 0.999568 
2240.0 2251.0 2263.5677 203 248 175 -0.0149533 -0.00498443 0.999876 
2280.0 2272.0 2264.2583 203 248 175 0.011379 0.342634 0.9394 
2200.0 2308.0 2263.5633000000003 203 248 175 0.0113612 -0.0485435 0.998756 
2270.0 2286.0 2263.5625 203 248 175 0.00493566 -0.00690992 0.999964 
2300.0 2270.0 2263.6307 203 248 175 0.0169466 -0.00299058 0.999852 
2250.0 2257.0 2264.2158 203 248 175 -0.055863 -0.331281 0.941877 
2240.0 2253.0 2263.5769 203 248 175 -0.0190529 -0.00902508 0.999778 
2290.0 2241.0 2263.5424000000003 203 248 175 0.0481146 -0.0502531 0.997577 
2240.0 2285.0 2263.8454 203 248 175 0.163389 0.379346 0.910714 
2270.0 2243.0 2263.4608000000003 203 248 175 -0.00916809 -0.0356537 0.999322 
2270.0 2286.0 2263.5606000000002 203 248 175 0.000994847 -0.0189021 0.999821 
2210.0 2265.0 2263.366 203 248 175 -0.00105249 -0.0810419 0.99671 
2180.0 2282.0 2263.4943000000003 203 248 175 -0.0275645 0.0173554 0.999469 
2270.0 2274.0 2263.8433 204 248 175 -0.0162467 0.316186 0.948558 
2270.0 2243.0 2263.467 203 248 175 -0.00509315 -0.0376893 0.999277 
2250.0 2257.0 2264.137 203 248 175 0.1706 -0.35107 0.920677 
2210.0 2308.0 2263.5491 203 248 175 -0.00306764 -0.0439695 0.999028 
2270.0 2285.0 2263.5223 203 248 175 -0.00699205 -0.014983 0.999863 
2300.0 2275.0 2263.6663000000003 203 247 175 -0.0209744 -0.000998781 0.99978 
2210.0 2266.0 2263.4501 203 248 175 -0.00104455 -0.069985 0.997548 
2280.0 2273.0 2264.0301 203 248 175 0.00320153 0.0928443 0.995675 
2270.0 2241.0 2263.4134 203 247 175 0.000998781 -0.0209744 0.99978 
2250.0 2251.0 2263.5858000000003 204 248 176 0.00496489 -0.0109227 0.999928 
2270.0 2242.0 2263.4377 203 247 175 -0.00708896 -0.0293686 0.999544 
2250.0 2257.0 2263.7603 204 248 176 0.0578904 -0.312608 0.948116 
2270.0 2242.0 2263.4505 203 247 175 -0.00304971 -0.0376131 0.999288 
2210.0 2265.0 2263.3614000000002 203 248 175 0.0116312 -0.075074 0.99711 
2270.0 2272.0 2264.2369 204 247 175 0.26742 0.127782 0.95507 
2240.0 2285.0 2263.8926 203 248 175 -0.010858 0.256972 0.966358 
2280.0 2273.0 2263.8841 203 248 175 0.0486492 0.186291 0.981289 
2230.0 2293.0 2263.6369 203 248 175 -0.00700582 -0.0170141 0.999831 
2260.0 2279.0 2264.2263000000003 204 248 175 0.196885 0.245767 0.949123 
2250.0 2257.0 2263.9542 204 248 176 -0.194931 -0.468728 0.861566 
2280.0 2272.0 2263.7664 204 248 175 0.11427 0.199659 0.97318 
2270.0 2243.0 2263.4726 203 247 175 -0.0112289 -0.0336866 0.999369 
2270.0 2285.0 2263.5368000000003 203 248 175 -0.014983 -0.00699205 0.999863 
2240.0 2256.0 2263.5398 203 248 175 0.00297298 -0.0128829 0.999913 
2250.0 2253.0 2263.5956 204 248 176 -0.00895433 -0.0109442 0.9999 
2300.0 2268.0 2263.6910000000003 203 248 175 0.0264043 0.0559771 0.998083 
2240.0 2259.0 2263.8251 204 248 175 -0.184891 -0.417825 0.889515 
2230.0 2293.0 2263.6232 203 248 175 0.00293828 -0.000979427 0.999995 
2280.0 2272.0 2263.9366 204 248 175 -0.0688966 0.39852 0.914568 
2250.0 2251.0 2263.5475 204 248 176 0.0130111 -0.0110094 0.999855 
2180.0 2283.0 2263.4883 203 248 175 0.00897218 -0.010966 0.9999 
2300.0 2275.0 2263.6954 203 247 175 -0.0169804 -0.00499422 0.999843 
2270.0 2286.0 2263.5693 203 248 175 -0.00494534 -0.00890162 0.999948 
2240.0 2259.0 2264.1628 204 248 175 -0.3074 -0.450958 0.837939 
2230.0 2294.0 2263.6335 203 248 175 -0.0260362 0.0426994 0.998749 
2260.0 2279.0 2263.8792000000003 203 247 175 -0.0589651 0.344618 0.936889 
2230.0 2294.0 2263.6549 203 248 175 -0.00101641 0.0416728 0.999131 
2240.0 2286.0 2263.8463 203 248 175 0.0442802 0.0658803 0.996845 
2290.0 2240.0 2263.5208000000002 203 248 175 -0.00509275 -0.0397235 0.999198 
2180.0 2283.0 2263.4649 203 248 176 0.000992907 0.0168794 0.999857 
2240.0 2286.0 2263.7383 203 248 175 0.0118618 0.0959728 0.995313 
2230.0 2295.0 2263.5893 203 248 175 -0.0236225 0.0277308 0.999336 
2210.0 2266.0 2263.4248000000002 203 248 175 0.00313972 -0.0722136 0.997384 
2270.0 2243.0 2263.4938 203 248 176 -0.00101056 -0.0333485 0.999443 
2180.0 2284.0 2263.4997000000003 203 248 176 0.0169466 -0.00299058 0.999852 
2290.0 2240.0 2263.5202 203 248 175 -0.00305568 -0.0397238 0.999206 
2230.0 2295.0 2263.6045 204 248 175 -0.0112502 0.0378415 0.99922 
2210.0 2267.0 2263.5244000000002 203 248 175 0.00305542 -0.0417574 0.999123 
2240.0 2257.0 2263.5527 203 248 175 -0.0251176 -0.00301411 0.99968 
2210.0 2267.0 2263.4893 203 248 175 0.0259844 -0.0405357 0.99884 
2180.0 2284.0 2263.4561000000003 203 248 176 0.0192822 -0.0192822 0.999628 
2300.0 2271.0 2263.6352 204 248 176 0.0109011 -0.00495505 0.999928 
2190.0 2283.0 2263.5084 203 248 175 -0.038926 0.0410301 0.998399 
2230.0 2294.0 2263.6308 203 248 175 0.00304375 0.0355104 0.999365 
2270.0 2286.0 2263.5805 203 248 175 -0.00900763 -0.0150127 0.999847 
2270.0 2244.0 2263.4832 203 248 176 -0.00704728 -0.0231553 0.999707 
2250.0 2253.0 2263.5869000000002 204 248 176 0.00507288 -0.0355101 0.999356 
2300.0 2268.0 2263.6631 203 248 175 0.017459 0.0338911 0.999273 
2230.0 2294.0 2263.6554 204 248 175 -0.00101641 0.0416728 0.999131 
2290.0 2241.0 2263.5669000000003 203 248 175 -0.0158958 -0.0731207 0.997196 
2250.0 2282.0 2263.8998 203 247 175 0.401294 0.124443 0.907456 
2270.0 2281.0 2263.608 204 248 175 -0.00098326 0.00688282 0.999976 
2190.0 2283.0 2263.5414 203 248 175 -0.00755841 0.104738 0.994471 
2230.0 2295.0 2263.6097 204 248 175 0.00706078 0.0272344 0.999604 
2300.0 2269.0 2263.6641 203 248 175 -0.00498427 0.0169465 0.999844 
2270.0 2244.0 2263.5036 203 248 176 -0.0132701 -0.0336858 0.999344 
2300.0 2269.0 2263.6322 203 248 175 0.0192431 0.0192431 0.99963 
2270.0 2282.0 2263.6023 204 248 175 -0.0189021 -0.000994847 0.999821 
2250.0 2255.0 2263.5181000000002 203 247 175 0.0190227 -0.137635 0.9903 
2190.0 2284.0 2263.4586 203 248 175 0.0258829 0.0341655 0.999081 
2270.0 2281.0 2263.6201 204 248 175 -0.0190912 -0.00904321 0.999777 
2270.0 2244.0 2263.5138 203 248 176 -0.00708852 -0.031392 0.999482 
2210.0 2265.0 2263.3454 203 248 175 -0.00105249 -0.0810419 0.99671 
2240.0 2285.0 2263.9373 203 248 175 0.0667821 0.200346 0.977446 
2270.0 2244.0 2263.5132000000003 203 247 175 -0.00715891 -0.0398853 0.999179 
2240.0 2257.0 2263.5675 203 248 176 -0.0191668 -0.0151317 0.999702 
2250.0 2251.0 2263.5419 203 248 175 0.0110094 -0.0130111 0.999855 
2270.0 2244.0 2263.5226000000002 203 247 175 -0.00507288 -0.0355101 0.999356 
2300.0 2268.0 2263.6706 203 248 175 -0.00510271 0.0418422 0.999111 
2230.0 2295.0 2263.5769 203 248 175 0.00920415 0.0398847 0.999162 
2270.0 2242.0 2263.4403 203 247 175 0.00304375 -0.0355104 0.999365 
2270.0 2281.0 2263.6321000000003 204 248 175 -0.00494542 0.00692359 0.999964 
2240.0 2285.0 2263.7803 204 248 175 -0.0430233 0.249535 0.96741 
2250.0 2251.0 2263.511 203 248 175 0.0273985 -0.0131919 0.999538 
2250.0 2253.0 2263.5711 203 248 175 0.0154655 -0.0402103 0.999072 
2300.0 2272.0 2263.6527 204 248 176 0.0109012 -0.00297305 0.999936 
2210.0 2266.0 2263.4685 203 248 175 0.00722865 -0.0526659 0.998586 
2240.0 2258.0 2263.5246 204 248 176 -0.023387 -0.0193197 0.99954 
2210.0 2265.0 2263.3388 203 248 175 -0.00737088 -0.0747617 0.997174 
2270.0 2282.0 2263.6603 204 248 175 -0.00296142 -0.00690997 0.999972 
2210.0 2266.0 2263.431 203 248 175 0.0294869 -0.0111847 0.999503 
2250.0 2281.0 2264.0604000000003 204 248 175 0.0308364 0.451821 0.891576 
2300.0 2271.0 2263.6184000000003 204 248 175 0.00890162 -0.00494534 0.999948 
2250.0 2255.0 2263.5969 203 247 175 -0.158545 -0.168692 0.972834 
2230.0 2296.0 2263.5708 204 248 175 -0.0128575 0.000989037 0.999917 
2240.0 2258.0 2263.5881 203 248 175 -0.0320952 -0.0279539 0.999094 
2270.0 2282.0 2263.6169 204 248 175 0.00690992 0.00493566 0.999964 
2240.0 2257.0 2263.5818 203 248 175 -0.000992907 -0.0168794 0.999857 
2300.0 2272.0 2263.6375000000003 204 248 175 0.00699205 -0.014983 0.999863 
2290.0 2237.0 2263.4480000000003 203 248 176 -0.00100074 -0.0230169 0.999735 
2280.0 2272.0 2264.1789 203 248 175 0.0818075 0.237871 0.967846 
2250.0 2253.0 2263.5416 203 248 175 0.0259844 -0.0405357 0.99884 
2240.0 2257.0 2263.563 204 248 176 0.0110312 -0.0150425 0.999826 
2190.0 2281.0 2263.9042 203 248 175 -0.397303 -0.0887446 0.913387 
2210.0 2267.0 2263.4354000000003 203 248 175 0.0461987 -0.00513319 0.998919 
2240.0 2286.0 2263.7896 204 248 175 -0.0275705 0.109179 0.99364 
2300.0 2273.0 2263.6392 204 248 175 -0.0110312 -0.0150425 0.999826 
2290.0 2237.0 2263.4679 203 248 175 -0.00299645 -0.0189775 0.999815 
2290.0 2239.0 2263.4829 203 248 175 0.00303759 -0.0354386 0.999367 
2240.0 2258.0 2263.5967 203 248 175 0.00298473 -0.0149236 0.999884 
2280.0 2242.0 2263.4472 203 247 175 -0.0152829 -0.0275093 0.999505 
2190.0 2282.0 2264.1149 203 248 175 -0.359583 0.059272 0.931229 
2210.0 2267.0 2263.3887 203 248 175 0.000987127 -0.00888415 0.99996 
2280.0 2272.0 2264.0172000000002 203 248 175 0.178152 0.0836225 0.980443 
2190.0 2283.0 2263.5032 203 248 175 -0.192465 0.164048 0.967494 
2260.0 2247.0 2263.5411 203 248 176 0.000998737 -0.0229709 0.999736 
2300.0 2273.0 2263.6491 204 248 175 -0.00502348 -0.0251174 0.999672 
2270.0 2243.0 2263.4824000000003 203 247 175 0.00711637 -0.0355818 0.999341 
2300.0 2269.0 2263.6107 203 248 175 0.00700582 0.0170141 0.999831 
2290.0 2239.0 2263.4680000000003 203 248 175 0.00100465 -0.0271257 0.999632 
2230.0 2296.0 2263.576 203 248 175 -0.00499422 0.0169804 0.999843 
2280.0 2273.0 2263.8301 203 248 175 0.0153111 0.215533 0.976376 
2240.0 2254.0 2263.5373 203 248 175 -0.0128575 -0.000989037 0.999917 
2280.0 2243.0 2263.4771 203 247 175 -0.011184 -0.0315185 0.999441 
2240.0 2286.0 2263.8094 203 248 175 0.00103648 0.0611522 0.998128 
2300.0 2271.0 2263.6105000000002 204 248 175 -0.00297888 -0.0129085 0.999912 
2280.0 2242.0 2263.4715 203 248 176 -0.0194351 -0.029664 0.999371 
2210.0 2263.0 2263.3296 203 247 175 -0.020458 -0.0872155 0.995979 
2300.0 2270.0 2263.6507 203 248 175 -0.0149533 0.00498443 0.999876 
2290.0 2236.0 2263.4279 203 248 175 0.00506329 -0.0313924 0.999494 
2240.0 2255.0 2263.5413000000003 203 248 175 -0.0109226 -0.00695076 0.999916 
2280.0 2273.0 2263.8611 203 248 175 0.0770911 0.150624 0.985581 
2260.0 2247.0 2263.5243 203 248 176 0.0131926 -0.0253703 0.999591 
2250.0 2282.0 2263.722 204 248 175 0.0281104 0.133805 0.990609 
2270.0 2283.0 2263.6026 204 248 175 -0.0231553 0.00704728 0.999707 
2240.0 2287.0 2263.7317000000003 203 248 175 0.00322007 0.099822 0.995 
2290.0 2237.0 2263.4597000000003 203 248 175 0.00904321 -0.0190912 0.999777 
2210.0 2265.0 2263.3893000000003 203 247 175 -0.0461675 -0.0547568 0.997432 
2240.0 2254.0 2263.5460000000003 203 248 175 -0.0108797 -0.000989061 0.99994 
2250.0 2256.0 2263.8399 203 248 175 -0.0819655 -0.297938 0.95106 
2280.0 2274.0 2263.8514 203 248 175 0.0634982 0.13046 0.989418 
2260.0 2248.0 2263.5512 203 248 176 -0.000985182 -0.00886664 0.99996 
2230.0 2296.0 2263.5922 204 248 175 -0.000994882 0.016913 0.999856 
2250.0 2283.0 2264.1391000000003 204 248 175 0.268823 -0.00361646 0.963183 
2300.0 2270.0 2263.6422000000002 203 248 175 0.0169802 0.00699183 0.999831 
2240.0 2255.0 2263.5584 203 248 175 -0.0130369 -0.0130369 0.99983 
2190.0 2283.0 2263.9142 203 248 175 -0.654553 0.0889259 0.750768 
2210.0 2265.0 2263.4382 203 248 175 -0.0309354 -0.0650711 0.997401 
2300.0 2272.0 2263.6416 204 248 175 -0.00499422 -0.0169804 0.999843 
2250.0 2256.0 2263.8784 203 248 175 -0.199512 -0.397568 0.89562 
2240.0 2256.0 2263.5536 203 248 175 -0.0109442 -0.00895433 0.9999 
2240.0 2287.0 2263.7038000000002 203 248 175 0.0328118 0.0518639 0.998115 
2250.0 2284.0 2264.1446 204 248 175 0.169997 0.278795 0.945185 
2180.0 2285.0 2263.4816 203 248 175 -0.000985182 0.00886664 0.99996 
2240.0 2256.0 2263.5744 203 248 175 -0.0213118 -0.0172524 0.999624 
2290.0 2239.0 2263.4784 203 247 176 -0.00101253 -0.0354387 0.999371 
2230.0 2296.0 2263.5758 203 248 175 -0.00888415 -0.000987127 0.99996 
2240.0 2288.0 2263.634 204 248 175 -0.0262965 0.0536448 0.998214 
2300.0 2270.0 2263.6175000000003 203 248 175 0.025218 0.00907847 0.999641 
2250.0 2284.0 2263.9022 204 248 175 0.140719 0.186357 0.972353 
2270.0 2284.0 2263.56 204 248 175 -0.0171159 0.0130886 0.999768 
2280.0 2243.0 2263.5021 203 248 176 -0.0278405 -0.0299028 0.999165 
2300.0 2263.0 2263.6304 203 248 175 0.0548382 0.00724278 0.998469 
2180.0 2285.0 2263.5072 203 248 175 0.0252184 0.00706115 0.999657 
2230.0 2297.0 2263.5644 203 248 175 -0.0150724 -0.0130627 0.999801 
2300.0 2272.0 2263.6553 204 248 175 -0.0230168 -0.00300219 0.999731 
2250.0 2255.0 2263.9164 203 248 175 -0.293682 -0.317295 0.901707 
2310.0 2263.0 2263.56 203 248 175 0.033618 0.011206 0.999372 
2240.0 2288.0 2263.6537000000003 203 248 175 0.00515276 0.0525581 0.998605 
2220.0 2263.0 2263.3628 203 247 175 -0.0486102 -0.0594125 0.997049 
2300.0 2273.0 2263.656 204 248 175 -0.0030378 -0.0334158 0.999437 
2190.0 2285.0 2263.4174000000003 203 248 175 0.0573713 0.0135605 0.998261 
2300.0 2273.0 2263.6651 204 248 175 -0.00907847 -0.025218 0.999641 
2270.0 2284.0 2263.6019 204 248 175 -0.0354387 -0.00101253 0.999371 
2300.0 2265.0 2263.6328000000003 203 248 175 0.0483458 -0.00720045 0.998805 
2240.0 2254.0 2263.5607 203 248 176 -0.00294404 -0.00294404 0.999991 
2310.0 2265.0 2263.5791 204 248 175 0.0338216 -0.0174233 0.999276 
2250.0 2283.0 2263.9003000000002 203 247 175 0.131019 -0.068408 0.989017 
2240.0 2287.0 2263.6982000000003 203 248 175 -0.00727199 0.057137 0.99834 
2280.0 2274.0 2263.7052000000003 203 248 175 0.0605755 0.120008 0.990923 
2230.0 2297.0 2263.574 204 248 175 -0.0130623 -0.0170815 0.999769 
2240.0 2255.0 2263.5675 203 248 176 -0.00900763 -0.0150127 0.999847 
2220.0 2263.0 2263.4382 203 247 175 -0.0591694 -0.0441081 0.997273 
2310.0 2262.0 2263.5747 203 248 175 0.0250673 0.00100269 0.999685 
2290.0 2240.0 2263.5328 203 248 176 -0.00102435 -0.050193 0.998739 
2250.0 2284.0 2263.8696 203 247 175 0.0930426 0.0930426 0.991305 
2230.0 2294.0 2263.6476000000002 204 248 175 0.00508318 0.0355823 0.999354 
2280.0 2275.0 2263.6977 203 248 175 0.04581 0.106145 0.993295 
2240.0 2285.0 2263.9391 203 247 175 -0.159642 0.264281 0.951142 
2280.0 2275.0 2263.6183 203 248 175 0.0222644 0.0646728 0.997658 
2240.0 2256.0 2263.5873 203 248 176 -0.00496489 -0.0109227 0.999928 
2310.0 2263.0 2263.5601 203 248 175 0.0169802 0.00699183 0.999831 
2270.0 2283.0 2263.6464 204 248 175 -0.0169466 0.00299058 0.999852 
2240.0 2257.0 2263.5488 203 248 176 -0.0130111 -0.0110094 0.999855 
2240.0 2287.0 2263.708 203 248 175 -0.0201024 0.0645392 0.997713 
2240.0 2257.0 2263.6084 203 248 175 -0.0213118 -0.0172524 0.999624 
2230.0 2294.0 2263.6332 204 248 175 0.00495514 0.00891926 0.999948 
2240.0 2285.0 2264.1956 204 248 175 -0.100794 0.342699 0.934023 
2230.0 2295.0 2263.5885000000003 203 248 175 -0.0169465 0.00498427 0.999844 
2300.0 2272.0 2263.6839 203 247 175 0.00294404 -0.00294404 0.999991 
2240.0 2286.0 2263.8481 203 247 175 -0.0540176 0.0782704 0.995468 
2270.0 2244.0 2263.5176 203 248 176 0.00507323 -0.0334833 0.999426 
2240.0 2257.0 2263.5835 203 248 175 -0.0071029 -0.0314557 0.99948 
2310.0 2272.0 2263.6405 203 247 175 0.011162 -0.029427 0.999505 
2240.0 2288.0 2263.6438000000003 203 248 175 -0.00515276 0.0525581 0.998605 
2310.0 2262.0 2263.5303 203 248 175 0.0484454 0.00721527 0.9988 
2220.0 2265.0 2263.4403 203 247 175 -0.0156789 -0.0574893 0.998223 
2300.0 2273.0 2263.6738 203 247 175 -0.00703344 -0.0211003 0.999753 
2280.0 2244.0 2263.518 203 247 176 -0.00304947 -0.0396431 0.999209 
2310.0 2273.0 2263.6863000000003 203 247 175 -0.00502348 -0.0251174 0.999672 
2240.0 2288.0 2263.67 203 248 175 -0.0471479 0.0282887 0.998487 
2260.0 2255.0 2264.3617 203 248 175 -0.349902 -0.422079 0.836312 
2240.0 2259.0 2263.5651000000003 203 248 175 -0.0179114 -0.0642704 0.997772 
2310.0 2263.0 2263.5329 203 248 175 0.0398045 -0.00510314 0.999195 
2270.0 2283.0 2263.626 204 248 175 -0.00696442 -0.0129339 0.999892 
2260.0 2248.0 2263.5570000000002 203 248 176 -0.00099683 -0.0189398 0.99982 
2310.0 2265.0 2263.5624000000003 203 248 175 0.0232017 -0.00907892 0.99969 
2240.0 2286.0 2263.9044 204 248 175 -0.0316754 0.186533 0.981938 
2230.0 2295.0 2263.6028 203 248 175 -0.00493571 0.00493571 0.999976 
2240.0 2259.0 2263.6282 203 248 175 -0.0195524 -0.0339595 0.999232 
2270.0 2284.0 2263.6412 204 248 175 -0.0230169 0.00100074 0.999735 
2210.0 2266.0 2263.4128 203 248 175 -0.0363086 -0.0259347 0.999004 
2260.0 2247.0 2263.5102 203 248 176 0.00303167 -0.0333483 0.999439 
2230.0 2294.0 2263.6543 204 248 175 -0.00295558 0.00689636 0.999972 
2250.0 2256.0 2264.3360000000002 203 248 175 -0.333243 -0.465908 0.819682 
2250.0 2285.0 2264.1611000000003 204 248 175 0.107352 0.30085 0.94761 
2230.0 2294.0 2263.6311 203 248 175 0.00692359 0.00494542 0.999964 
2240.0 2260.0 2263.6747 203 248 175 0.0158336 -0.0686123 0.997518 
2280.0 2274.0 2263.7159 203 248 175 -0.0053472 0.0930412 0.995648 
2260.0 2248.0 2263.5586000000003 203 248 176 0.00302575 -0.0312661 0.999507 
2210.0 2266.0 2263.4822 203 248 175 -0.027952 -0.0341636 0.999025 
2310.0 2265.0 2263.5350000000003 203 248 175 0.0334833 -0.00507323 0.999426 
2250.0 2249.0 2263.4835000000003 203 248 176 0.0169129 -0.00298463 0.999852 
2290.0 2242.0 2263.6338 203 248 175 0.050463 0.050463 0.99745 
2210.0 2267.0 2263.446 203 248 175 -0.0357264 -0.0091868 0.999319 
2280.0 2274.0 2263.735 203 248 175 0.0159607 0.0755475 0.997014 
2230.0 2295.0 2263.6066 203 248 175 -0.00491636 -0.000983272 0.999987 
2240.0 2260.0 2263.6788 203 248 175 -0.0285544 -0.151909 0.987982 
2210.0 2267.0 2263.5023 203 248 175 -0.0334158 0.0030378 0.999437 
2300.0 2266.0 2263.6461 204 248 175 0.0358711 -0.0133236 0.999268 
2220.0 2266.0 2263.4896 203 248 175 -0.00508318 -0.0355823 0.999354 
2270.0 2284.0 2263.6441 204 248 175 -0.0109012 -0.00297305 0.999936 
2280.0 2275.0 2263.6563 203 248 175 -0.0282887 0.0471479 0.998487 
2290.0 2242.0 2263.6235 203 248 176 -0.0268228 -0.0761766 0.996733 
2280.0 2244.0 2263.5278000000003 203 248 176 -0.0238099 -0.038303 0.998982 
2240.0 2259.0 2263.5981 203 248 175 0.0192438 -0.0172182 0.999667 
2220.0 2267.0 2263.5237 203 248 175 -0.00897197 0.0129595 0.999876 
2240.0 2260.0 2263.6172 203 248 175 -0.00344992 -0.194345 0.980927 
2270.0 2281.0 2263.6469 204 248 175 -0.0129854 0.00898989 0.999875 
2230.0 2295.0 2263.6114000000002 203 248 175 -0.00295558 -0.00689636 0.999972 
2260.0 2245.0 2263.4711 203 248 175 0.00906105 -0.0211424 0.999735 
2280.0 2281.0 2263.6612 204 248 175 -0.0148941 0.000992938 0.999889 
2210.0 2268.0 2263.5224000000003 203 247 175 -0.00933231 -0.0528831 0.998557 
2240.0 2289.0 2263.62 203 247 175 0.0831879 0.0565678 0.994927 
2210.0 2268.0 2263.5516000000002 203 248 175 0.0119309 -0.10304 0.994606 
2210.0 2269.0 2263.6423 203 248 175 -0.0886819 -0.176149 0.980361 
2250.0 2285.0 2263.9696 204 248 175 0.139881 0.270436 0.952522 
2260.0 2245.0 2263.4638 203 248 175 -0.00499404 -0.0189774 0.999807 
2280.0 2275.0 2263.6979 203 248 175 0.0366738 0.0387694 0.998575 
2240.0 2289.0 2263.6510000000003 204 248 175 0.00499422 0.0169804 0.999843 
2290.0 2242.0 2263.6944000000003 203 248 176 -0.058796 -0.188387 0.980333 
2240.0 2290.0 2263.6213000000002 203 247 175 0.0531005 0.0135354 0.998497 
2240.0 2261.0 2263.6897 203 248 175 -0.111107 -0.273193 0.955521 
2280.0 2272.0 2263.9029 203 248 175 0.0845053 0.0449963 0.995407 
2270.0 2282.0 2263.6339000000003 204 248 175 -0.021058 -0.00701933 0.999754 
2240.0 2290.0 2263.6130000000003 204 248 175 -0.00897197 0.0129595 0.999876 
2250.0 2249.0 2263.4742 203 248 176 -0.0029498 0.00491634 0.999984 
2240.0 2261.0 2264.0113 203 248 175 -0.156154 -0.369986 0.91582 
2210.0 2269.0 2263.7396 203 247 175 -0.0738479 -0.304461 0.949658 
2280.0 2282.0 2263.6568 204 248 175 -0.0211 -0.00904284 0.999736 
2240.0 2289.0 2263.6306 203 247 175 0.0250172 -0.00100069 0.999686 
2250.0 2286.0 2263.8632000000002 204 248 175 0.0956479 0.163449 0.981904 
2280.0 2281.0 2263.683 204 248 175 -0.0149531 -0.00697811 0.999864 
2250.0 2250.0 2263.4803 203 248 176 0.0189398 0.00099683 0.99982 
2310.0 2266.0 2263.6102 204 248 175 0.0357978 -0.0132963 0.999271 
2260.0 2246.0 2263.4848 203 248 175 0.0110526 -0.0190908 0.999757 
2280.0 2272.0 2263.8404 203 248 175 0.0114956 0.0616585 0.998031 
2250.0 2286.0 2263.6980000000003 204 248 175 0.0770911 0.150624 0.985581 
2280.0 2282.0 2263.6796 204 248 175 -0.0149235 -0.00497451 0.999876 
2250.0 2250.0 2263.4652 203 248 176 -0.00098135 0.00294405 0.999995 
2210.0 2268.0 2263.4785 205 248 174 0.0552137 -0.107047 0.99272 
2240.0 2287.0 2263.7436000000002 203 247 175 -0.0285183 0.0538679 0.998141 
2260.0 2246.0 2263.4873000000002 203 248 175 -0.00502372 -0.0231091 0.99972 
2280.0 2273.0 2263.7255 203 248 175 0.0440995 0.120991 0.991674 
2270.0 2285.0 2263.5684 204 248 175 -0.0273443 -0.00911475 0.999584 
2240.0 2287.0 2263.7475 203 247 175 -0.0114956 0.0616585 0.998031 
2240.0 2289.0 2263.6015 203 247 175 0.0108797 0.000989061 0.99994 
2240.0 2288.0 2263.7396 203 247 175 -0.033551 0.00711687 0.999412 
2240.0 2290.0 2263.63 203 247 175 0.00699205 0.014983 0.999863 
2240.0 2261.0 2264.0498000000002 203 248 175 -0.00388511 -0.407937 0.913002 
2240.0 2290.0 2263.601 203 247 175 0.0189397 -0.00299048 0.999816 
2240.0 2288.0 2263.7577 203 247 175 0.00890162 0.00494534 0.999948 
2240.0 2292.0 2263.616 203 247 175 0.0272344 0.00706078 0.999604 
2210.0 2268.0 2263.4174000000003 205 248 174 0.0231504 -0.113547 0.993263 
2310.0 2266.0 2263.5736 203 248 175 0.0293686 -0.00708896 0.999544 
2270.0 2285.0 2263.6062 204 248 175 -0.0293096 0.00505337 0.999558 
2250.0 2287.0 2263.7437 204 248 175 0.0441081 0.0591694 0.997273 
2250.0 2249.0 2263.4814 203 248 175 -0.00891926 0.00495514 0.999948 
2310.0 2266.0 2263.5428 203 248 175 0.033618 -0.011206 0.999372 
2270.0 2286.0 2263.5888 204 248 175 -0.0109012 -0.00297305 0.999936 
2280.0 2273.0 2263.7457 203 248 175 0.0163985 0.110417 0.99375 
2260.0 2245.0 2263.4706 203 248 175 -0.00701962 -0.0190532 0.999794 
2250.0 2250.0 2263.4839 203 248 175 -0.0109011 0.00495505 0.999928 
2210.0 2269.0 2263.7169 205 248 174 0.0372453 -0.335208 0.941408 
2280.0 2272.0 2263.7995 203 248 175 0.0374973 0.0610671 0.997429 
2210.0 2269.0 2263.5789 205 248 174 0.119515 -0.315572 0.941345 
2260.0 2246.0 2263.5035000000003 203 248 175 -0.00706115 -0.0252184 0.999657 
2290.0 2272.0 2263.7482 203 248 175 0.0241433 0.0535352 0.998274 
2210.0 2270.0 2263.9737 204 248 175 -0.214001 -0.377049 0.901132 
2260.0 2247.0 2263.5135 203 248 175 -0.00505307 -0.031329 0.999496 
2280.0 2273.0 2263.7055 203 248 175 0.0160833 0.0868497 0.996092 
2210.0 2270.0 2264.2355000000002 204 248 175 -0.136702 -0.461908 0.87633 
2270.0 2286.0 2263.5981 204 248 175 -0.012883 0.000990998 0.999917 
2250.0 2249.0 2263.4917 203 247 175 -0.0150127 0.00900763 0.999847 
2250.0 2250.0 2263.4871000000003 203 247 175 -0.016913 -0.000994882 0.999856 
2260.0 2247.0 2263.5269000000003 203 248 176 -0.000992907 -0.0168794 0.999857 
2210.0 2270.0 2264.3805 205 248 174 0.105085 -0.519669 0.847881 
2240.0 2292.0 2263.6154 203 247 175 0.00688282 -0.00098326 0.999976 
2290.0 2273.0 2263.7237 203 248 175 0.00309168 0.0525586 0.998613 
2260.0 2245.0 2263.4812 203 248 175 -0.00900734 -0.0170139 0.999815 
2210.0 2270.0 2263.9683 205 248 174 0.170536 -0.493814 0.852681 
2240.0 2293.0 2263.6257 203 247 175 0.00491634 -0.0029498 0.999984 
2260.0 2246.0 2263.502 203 248 175 -0.00703344 -0.0211003 0.999753 
2270.0 2285.0 2263.6415 204 248 175 -0.0170139 0.00900734 0.999815 
2240.0 2292.0 2263.5845 203 247 175 0.00295558 0.00689636 0.999972 
2250.0 2287.0 2263.6507 203 247 175 0.0633367 0.0375726 0.997285 
2240.0 2292.0 2263.6072 203 247 175 -0.000979427 0.00293828 0.999995 
2280.0 2274.0 2263.6298 203 248 175 0.0719497 0.067522 0.99512 
2270.0 2285.0 2263.6385 204 248 175 -0.0130369 0.0130369 0.99983 
2260.0 2245.0 2263.4937 203 248 175 -0.00500384 -0.0210161 0.999767 
2250.0 2288.0 2263.7128000000002 204 248 175 0.0486426 0.0134543 0.998726 
2210.0 2268.0 2263.4709000000003 203 248 175 -0.0199023 -0.055517 0.998259 
2270.0 2286.0 2263.6115 204 248 175 -0.0129854 0.00898989 0.999875 
2280.0 2274.0 2263.6155 203 248 175 0.00103835 0.0654163 0.997858 
2210.0 2268.0 2263.4410000000003 203 248 175 -0.0220861 -0.0578445 0.998081 
2250.0 2285.0 2263.766 204 248 175 0.119596 0.23019 0.965769 
2210.0 2269.0 2263.5832 203 248 175 -0.108717 -0.276378 0.95488 
2280.0 2275.0 2263.5863 203 248 175 0.0312661 0.00302575 0.999507 
2240.0 2289.0 2263.6151 204 248 176 -0.00499404 0.0189774 0.999807 
2270.0 2286.0 2263.6277 204 248 175 -0.0109442 0.00895433 0.9999 
2280.0 2275.0 2263.6020000000003 203 248 175 0.00893687 0.00695089 0.999936 
2240.0 2289.0 2263.5906 203 247 175 0.0131919 0.0273985 0.999538 
2250.0 2285.0 2263.7580000000003 203 247 175 0.0492027 0.133877 0.989776 
2240.0 2290.0 2263.5939000000003 203 247 175 -0.000979431 -0.000979431 0.999999 
2280.0 2274.0 2263.6096000000002 203 248 175 -0.00312758 0.0677641 0.997696 
2250.0 2286.0 2263.7070000000003 203 247 175 0.0360581 0.0885063 0.995423 
2240.0 2289.0 2263.6495 204 248 175 -0.0578471 0.0199835 0.998125 
2240.0 2290.0 2263.5924 203 247 175 0.00493571 -0.00493571 0.999976 
2210.0 2269.0 2263.6821 203 248 175 -0.190505 -0.505514 0.841524 
2240.0 2289.0 2263.7177 204 248 175 -0.0426994 0.0260362 0.998749 
2240.0 2289.0 2263.5783 204 248 176 -0.0276187 0.0214812 0.999388 
2290.0 2274.0 2263.6588 203 248 175 -0.028976 0.0719035 0.996991 
2220.0 2268.0 2263.4663 203 248 175 -0.178732 -0.336353 0.92462 
2240.0 2289.0 2263.7517000000003 204 248 175 0.00100465 0.0271257 0.999632 
2260.0 2246.0 2263.5224000000003 203 248 175 0.00492599 -0.00492599 0.999976 
2280.0 2275.0 2263.5636 203 248 175 0.0211003 0.00703344 0.999753 
2220.0 2269.0 2264.2388 203 247 175 -0.383829 -0.62434 0.680349 
2250.0 2289.0 2263.7144000000003 204 248 175 0.0518602 0.0349262 0.998043 
2260.0 2247.0 2263.5214 203 248 176 0.0109011 0.00495505 0.999928 
2290.0 2275.0 2263.5664 203 248 175 -0.013271 0.0316463 0.999411 
2260.0 2247.0 2263.4937 203 248 175 0.00696442 0.0129339 0.999892 
2250.0 2290.0 2263.6377 204 248 175 0.0654247 0.120519 0.990553 
2260.0 2248.0 2263.5484 203 248 175 0.0111181 -0.0252684 0.999619 
2280.0 2276.0 2263.5816 203 248 175 0.0223934 0.0735782 0.997038 
2250.0 2285.0 2263.7417 204 248 175 0.0293749 0.0903005 0.995481 
2240.0 2290.0 2263.5963 204 248 175 -0.0109442 -0.00895433 0.9999 
2280.0 2276.0 2263.5885000000003 203 248 175 -0.00708896 0.0293686 0.999544 
2240.0 2292.0 2263.6186000000002 203 247 176 -0.000977516 -0.000977516 0.999999 
2250.0 2287.0 2263.6558 204 248 175 0.00913272 0.0294276 0.999525 
2210.0 2270.0 2263.7703 204 247 175 -0.21929 -0.476388 0.851449 
2260.0 2248.0 2263.5224000000003 203 248 176 0.017048 -0.0090254 0.999814 
2260.0 2249.0 2263.5784000000003 203 248 176 0.0112289 -0.0336866 0.999369 
2220.0 2263.0 2263.5022 203 247 175 -0.0344418 -0.0344418 0.998813 
2280.0 2277.0 2263.5563 203 248 175 0.00496477 -0.0129084 0.999904 
2280.0 2277.0 2263.5908 203 248 175 -0.0338911 -0.017459 0.999273 
2280.0 2276.0 2263.6245 203 248 175 -0.0211847 0.0110967 0.999714 
2280.0 2276.0 2263.618 203 248 175 0.00512316 0.0440592 0.999016 
2260.0 2249.0 2263.5592 203 248 176 0.0216957 -0.0382257 0.999034 
2280.0 2277.0 2263.6323 203 248 175 0.0171154 0.0151018 0.999739 
2240.0 2292.0 2263.6054 203 247 175 -0.000981342 -0.00490671 0.999987 
2280.0 2277.0 2263.5692 203 248 175 0.0344393 0.0365265 0.998739 
2240.0 2293.0 2263.5981 203 247 175 -0.0109442 -0.00895433 0.9999 
2280.0 2279.0 2263.6259 203 248 175 0.00517348 -0.0548389 0.998482 
2240.0 2293.0 2263.6136 203 247 176 0.00297305 -0.0109012 0.999936 
2240.0 2292.0 2263.6096000000002 204 248 175 -0.000979431 0.000979431 0.999999 
2240.0 2293.0 2263.5877 204 248 175 0.0356537 0.00916809 0.999322 
2280.0 2279.0 2263.635 203 248 175 0.0091868 -0.0357264 0.999319 
2240.0 2294.0 2263.6274000000003 203 248 175 0.000981342 0.00490671 0.999987 
2260.0 2248.0 2263.5047 203 248 175 0.0190151 -0.00700557 0.999795 
2280.0 2279.0 2263.5732000000003 203 248 175 0.0375368 -0.00304352 0.999291 
2280.0 2279.0 2263.5567 203 248 175 0.0421831 0.0133751 0.99902 
2260.0 2248.0 2263.4909000000002 203 248 175 0.0108797 0.000989061 0.99994 
2280.0 2276.0 2263.6183 203 248 175 0.0195123 0.0338898 0.999235 
2240.0 2295.0 2263.6148000000003 203 248 175 -0.000990998 0.012883 0.999917 
2280.0 2276.0 2263.6198 203 247 175 0.0132187 0.0274542 0.999536 
2260.0 2249.0 2263.5216 203 248 175 0.0280661 -0.0363819 0.998944 
2280.0 2277.0 2263.5407 203 248 175 0.022045 0.0535378 0.998322 
2260.0 2249.0 2263.4878 203 248 175 0.0174233 -0.0338216 0.999276 
2280.0 2277.0 2263.5235000000002 203 248 175 0.00512268 0.0461042 0.998923 
2270.0 2245.0 2263.4859 203 248 176 0.00497451 -0.0149235 0.999876 
2280.0 2276.0 2263.5813000000003 203 248 175 0.0192056 0.0151623 0.999701 
2270.0 2246.0 2263.4978 203 248 176 0.0109226 -0.00695076 0.999916 
2290.0 2276.0 2263.5691 203 248 175 -0.0150422 -0.0130365 0.999802 
2270.0 2245.0 2263.4798 203 247 175 -0.00297305 -0.0109012 0.999936 
2270.0 2246.0 2263.4983 203 247 175 -0.0131145 -0.0191674 0.99973 
2280.0 2277.0 2263.5181000000002 203 248 175 -0.0254212 0.0152527 0.99956 
2270.0 2247.0 2263.4996 203 247 175 -0.0128575 -0.000989037 0.999917 
2290.0 2277.0 2263.6332 203 248 175 -0.0336858 -0.0132701 0.999344 
2270.0 2245.0 2263.4937 203 248 176 -0.0110308 -0.0170476 0.999794 
2280.0 2279.0 2263.4966 203 248 175 0.0129341 0.00497465 0.999904 
2270.0 2246.0 2263.5239 203 248 176 -0.021524 -0.0297236 0.999326 
2270.0 2248.0 2263.4955 203 248 176 -0.0251176 0.00301411 0.99968 
2270.0 2249.0 2263.4816 203 247 175 -0.045513 -0.0412792 0.998111 
2260.0 2250.0 2263.6274000000003 204 248 175 0.00720115 -0.0462931 0.998902 
2260.0 2250.0 2263.6013000000003 204 248 175 0.00933231 -0.0528831 0.998557 
2260.0 2251.0 2263.6882 204 248 175 -0.0101959 -0.162002 0.986738 
2260.0 2251.0 2263.6719000000003 204 248 176 0.0359867 -0.08615 0.995632 
2260.0 2250.0 2263.6057 204 248 176 0.0138038 -0.0753899 0.997059 
2260.0 2250.0 2263.5679 204 248 176 -0.00782411 -0.146423 0.989191 
2260.0 2251.0 2263.7083000000002 204 248 176 -0.158465 -0.28036 0.946724 
2260.0 2251.0 2263.8773 204 248 175 -0.0278472 -0.423012 0.905696 
2260.0 2253.0 2263.9778 204 248 176 0.0564223 -0.355592 0.932937 
2260.0 2253.0 2263.6896 204 248 175 -0.0884929 -0.39073 0.916242 
2260.0 2253.0 2264.1696 204 248 175 -0.410888 -0.417283 0.810584 
2270.0 2250.0 2263.5482 204 248 175 -0.0626587 -0.161967 0.984805 
2270.0 2250.0 2263.7470000000003 204 248 175 -0.288218 -0.326648 0.900129 
2270.0 2251.0 2263.7835 204 248 175 -0.194017 -0.448758 0.872338 
2270.0 2251.0 2264.3631 204 248 175 -0.403563 -0.514665 0.756476 
2280.0 2279.0 2263.5162 203 248 175 -0.0231088 -0.00703312 0.999708 
2270.0 2250.0 2264.1204000000002 204 248 175 -0.215223 -0.423024 0.880187 
2280.0 2280.0 2263.5228 203 247 175 0.00299633 -0.0209743 0.999776 
2280.0 2280.0 2263.5275 203 247 175 -0.0152225 -0.0233412 0.999612 
2280.0 2279.0 2263.5568000000003 203 248 175 -0.0275093 -0.0152829 0.999505 
2290.0 2279.0 2263.5750000000003 203 248 175 -0.0232017 0.00907892 0.99969 
2280.0 2280.0 2263.5528 203 248 175 -0.0129597 -0.00697831 0.999892 
2290.0 2280.0 2263.5917 203 248 175 -0.0129597 0.00697831 0.999892 
2290.0 2272.0 2263.6115 203 248 175 0.0311251 0.0697633 0.997078 
2290.0 2273.0 2263.5924 203 248 175 0.0339595 0.0195524 0.999232 
2290.0 2274.0 2263.5582 203 248 175 0.0239069 0.0405378 0.998892 
2290.0 2275.0 2263.4988000000003 203 248 175 -0.00498427 0.0169465 0.999844 
2290.0 2272.0 2263.6484 203 248 175 0.00940573 0.0616598 0.998053 
2290.0 2272.0 2263.5777000000003 203 248 175 0.0404538 0.0238573 0.998897 
2290.0 2273.0 2263.5564 203 248 175 -0.00706115 0.0252184 0.999657 
2290.0 2273.0 2263.598 203 248 175 0.00497451 0.0149235 0.999876 
2290.0 2272.0 2263.542 203 248 175 0.0321598 0.030085 0.99903 
2290.0 2273.0 2263.5821 203 248 175 0.0171159 -0.0130886 0.999768 
2290.0 2274.0 2263.5799 203 248 175 -0.0129339 0.00696442 0.999892 
2290.0 2274.0 2263.5842000000002 203 248 175 -0.00490671 -0.000981342 0.999987 
2290.0 2275.0 2263.5767 203 248 175 -0.0379947 0.0154033 0.999159 
2290.0 2275.0 2263.5797000000002 203 248 175 -0.00693723 0.00693723 0.999952 
2290.0 2274.0 2263.5685000000003 203 248 175 0.00491636 0.000983272 0.999987 
2290.0 2275.0 2263.587 203 247 175 0.00692359 -0.00494542 0.999964 
2290.0 2276.0 2263.5626 203 248 175 0.00692359 -0.00494542 0.999964 
2290.0 2276.0 2263.5392 203 248 175 0.0315191 0.00915071 0.999461 
2290.0 2277.0 2263.6186000000002 203 248 175 0.0395629 -0.00101443 0.999217 
2290.0 2277.0 2263.5213000000003 203 248 175 0.04388 0.00102047 0.999036 
2290.0 2276.0 2263.511 203 248 175 0.00099097 0.0148646 0.999889 
2290.0 2276.0 2263.5336 203 248 175 -0.00294405 -0.00098135 0.999995 
2290.0 2277.0 2263.5246 203 248 175 -0.0029788 -0.014894 0.999885 
2290.0 2277.0 2263.5293 203 248 175 -0.0110094 -0.0130111 0.999855 
2290.0 2279.0 2263.5981 203 247 175 0.0169802 0.00699183 0.999831 
2290.0 2279.0 2263.5364 203 247 175 0.0192814 -0.021311 0.999587 
2290.0 2280.0 2263.5839 203 247 175 0.00497465 0.0129341 0.999904 
2290.0 2280.0 2263.5744 203 247 175 0.00295562 0.00492603 0.999984 
2290.0 2276.0 2263.5478000000003 203 248 175 -0.0231091 0.00502372 0.99972 
2290.0 2276.0 2263.5756 203 248 175 -0.0189397 0.00299048 0.999816 
2290.0 2277.0 2263.5461 203 248 175 -0.0109874 -0.0129851 0.999855 
2290.0 2277.0 2263.5694000000003 203 248 175 -0.0209326 -0.00099679 0.99978 
2290.0 2276.0 2263.5978 203 248 175 0.000979431 -0.000979431 0.999999 
2290.0 2276.0 2263.5729 203 248 175 -0.0110967 -0.0211847 0.999714 
2290.0 2277.0 2263.5897 203 248 175 -0.014894 -0.0029788 0.999885 
2290.0 2277.0 2263.6177000000002 203 248 175 -0.0189775 -0.00299645 0.999815 
2180.0 2301.0 2263.6109 203 248 175 0.00933231 -0.0528831 0.998557 
2310.0 2254.0 2263.4966 204 248 175 0.050193 -0.00102435 0.998739 
2220.0 2303.0 2263.7198000000003 203 248 175 0.0129854 -0.00898989 0.999875 
2310.0 2271.0 2263.5852 203 247 175 0.0174578 -0.0359425 0.999201 
2170.0 2280.0 2263.1388 203 248 175 -0.0338898 -0.0195123 0.999235 
2310.0 2236.0 2263.6786 203 248 175 -0.0130365 0.0150422 0.999802 
2300.0 2228.0 2263.9223 203 247 175 -0.0797269 0.114391 0.990231 
2310.0 2239.0 2263.6563 203 248 175 0.0169802 0.00699183 0.999831 
2210.0 2310.0 2263.6675 204 247 175 -0.0114059 -0.052882 0.998536 
2310.0 2236.0 2263.7396 203 248 175 -0.0261426 0.0449652 0.998646 
2310.0 2273.0 2263.7075 203 247 175 0.00508318 -0.0355823 0.999354 
2310.0 2273.0 2263.6525 203 247 175 0.0133226 -0.0379181 0.999192 
2310.0 2239.0 2263.6238000000003 203 248 175 -0.00718638 0.0461981 0.998906 
2310.0 2256.0 2263.513 204 248 175 0.0461042 -0.00512268 0.998923 
2210.0 2310.0 2263.6997 204 247 175 -0.0263518 -0.0537577 0.998206 
2270.0 2288.0 2263.5694000000003 204 248 175 -0.00688282 0.00098326 0.999976 
2230.0 2254.0 2263.1435 203 247 175 -0.0464484 -0.0615712 0.997021 
2210.0 2306.0 2263.6476000000002 203 248 175 -0.0171499 -0.0151323 0.999738 
2210.0 2306.0 2263.6195000000002 203 248 175 -0.0253703 -0.0131926 0.999591 
2210.0 2312.0 2263.812 204 247 175 -0.0206631 -0.0967902 0.99509 
2180.0 2280.0 2263.2169 203 248 175 -0.0469565 -0.024 0.998609 
2310.0 2241.0 2263.6304 203 248 175 0.0338216 0.0174233 0.999276 
2310.0 2271.0 2263.5079 203 247 175 0.0435763 -0.045702 0.998004 
2210.0 2312.0 2263.8644 204 247 175 -0.0367132 -0.107915 0.993482 
2170.0 2282.0 2263.1728000000003 203 248 175 -0.0399663 -0.009223 0.999159 
2230.0 2254.0 2263.2403 203 247 175 -0.0420336 -0.0657449 0.996951 
2210.0 2306.0 2263.6844 203 248 175 -0.012883 0.000990998 0.999917 
2180.0 2301.0 2263.6121000000003 203 248 175 -0.00101056 -0.0333485 0.999443 
2180.0 2282.0 2263.2604 203 248 175 -0.0552899 -0.0156481 0.998348 
2310.0 2258.0 2263.5291 204 248 175 0.0420124 -0.00922223 0.999075 
2230.0 2256.0 2263.2951000000003 203 247 175 -0.0487021 -0.0638539 0.99677 
2220.0 2306.0 2263.6879 203 248 175 -0.000987108 -0.0108582 0.999941 
2310.0 2273.0 2263.6490000000003 203 247 175 0.00103045 -0.0546139 0.998507 
2310.0 2254.0 2263.357 204 248 175 0.04388 0.00102047 0.999036 
2220.0 2301.0 2263.6220000000003 204 248 175 -0.0109874 -0.0129851 0.999855 
2310.0 2228.0 2264.1112000000003 203 247 175 -0.0822322 0.112345 0.990261 
2230.0 2256.0 2263.3967000000002 203 247 175 -0.0328738 -0.0562035 0.997878 
2170.0 2267.0 2263.2663000000002 203 247 175 -0.00104051 0.0655521 0.997849 
2210.0 2310.0 2263.8039 204 247 175 -0.0333408 -0.069908 0.996996 
2180.0 2303.0 2263.7424 203 248 175 0.0225742 -0.0806221 0.996489 
2310.0 2256.0 2263.361 204 248 175 0.0545017 -0.00102833 0.998513 
2220.0 2301.0 2263.6446 203 248 175 -0.00906064 -0.023155 0.999691 
2310.0 2241.0 2263.5292 203 248 175 0.017459 0.0338911 0.999273 
2230.0 2254.0 2263.3281 203 247 175 -0.0351409 -0.0564383 0.997787 
2180.0 2303.0 2263.6911 203 248 175 0.0286893 -0.0605664 0.997752 
2300.0 2230.0 2263.7466 203 247 175 -0.0716644 0.0606391 0.995584 
2270.0 2288.0 2263.5902 204 248 175 -0.0108796 -0.00296717 0.999936 
2310.0 2243.0 2263.5954 203 248 175 0.0469588 0.0219141 0.998656 
2180.0 2301.0 2263.6415 203 248 175 -0.0149827 -0.00898964 0.999847 
2310.0 2243.0 2263.4577 203 248 175 0.011162 0.029427 0.999505 
2310.0 2230.0 2263.9193 203 247 175 -0.08682 0.0755446 0.993356 
2180.0 2267.0 2263.2706000000003 203 247 175 -0.00103648 0.0611522 0.998128 
2310.0 2228.0 2264.353 203 247 175 -0.0455478 0.0966503 0.994276 
2180.0 2303.0 2263.6623 203 248 175 0.013114 -0.0211841 0.99969 
2310.0 2245.0 2263.5545 203 248 175 0.0424405 0.0196676 0.998905 
2270.0 2288.0 2263.6132000000002 204 248 175 -0.0129339 -0.00696442 0.999892 
2310.0 2254.0 2263.2961 204 248 175 0.0314557 0.0071029 0.99948 
2310.0 2275.0 2263.7467 203 247 175 -0.00710243 -0.0334829 0.999414 
2230.0 2256.0 2263.4735 203 247 175 -0.0218685 -0.0468611 0.998662 
2180.0 2306.0 2263.9753 203 248 175 0.0338687 -0.0906808 0.995304 
2310.0 2275.0 2263.7488000000003 203 247 175 -0.0114521 -0.0551781 0.998411 
2230.0 2301.0 2263.6618000000003 203 248 175 -0.00501387 -0.0210583 0.999766 
2310.0 2275.0 2263.8178000000003 203 247 175 -0.0311871 -0.0720531 0.996913 
2280.0 2284.0 2263.6954 204 248 175 -0.012883 -0.000990998 0.999917 
2220.0 2303.0 2263.6381 203 248 175 0.0172524 -0.0213118 0.999624 
2230.0 2258.0 2263.4157 203 247 175 -0.0428727 -0.0303246 0.99862 
2220.0 2303.0 2263.6311 203 248 175 -0.00696442 -0.0129339 0.999892 
2210.0 2312.0 2263.9712 204 247 175 -0.0410847 -0.103267 0.993805 
2310.0 2256.0 2263.2699000000002 204 248 175 0.0461981 0.00718638 0.998906 
2170.0 2269.0 2263.155 203 247 175 -0.00511314 0.0419277 0.999108 
2220.0 2306.0 2263.6639 203 248 175 0.0130886 -0.0171159 0.999768 
2230.0 2258.0 2263.5158 203 247 175 -0.0276199 -0.0194362 0.99943 
2310.0 2230.0 2264.1322 203 247 175 -0.0497918 0.0896253 0.99473 
2310.0 2245.0 2263.397 203 248 175 0.0277864 0.0257282 0.999283 
2280.0 2286.0 2263.6516 204 248 175 -0.00498427 0.0169465 0.999844 
2300.0 2232.0 2263.661 203 247 175 -0.0536476 0.024194 0.998267 
2180.0 2269.0 2263.1689 203 247 175 -0.0112281 0.0357257 0.999299 
2300.0 2275.0 2263.7395 203 247 175 -0.00500384 -0.0210161 0.999767 
2220.0 2306.0 2263.6600000000003 203 248 175 -0.0071029 -0.0314557 0.99948 
2310.0 2247.0 2263.5396 203 248 175 0.04388 -0.00102047 0.999036 
2310.0 2232.0 2263.7867 203 247 175 -0.0683179 0.0466297 0.996573 
2310.0 2247.0 2263.3353 203 248 175 0.0209743 0.00299633 0.999776 
2180.0 2267.0 2263.2831 203 247 175 -0.00931302 0.0527738 0.998563 
2310.0 2275.0 2263.7431 203 247 175 -0.00706078 -0.0272344 0.999604 
2310.0 2258.0 2263.3698 204 248 175 0.0614047 -0.0072853 0.998086 
2220.0 2303.0 2263.6481000000003 203 248 175 -0.00895451 -0.00895451 0.99992 
2180.0 2280.0 2263.3464 203 248 175 -0.0365265 -0.0344393 0.998739 
2300.0 2277.0 2263.7665 203 247 175 -0.0237644 -0.0340967 0.999136 
2230.0 2254.0 2263.4152 203 247 175 -0.0260385 -0.04062 0.998835 
2310.0 2232.0 2263.9598 203 247 175 -0.0534732 0.0665687 0.996348 
2180.0 2306.0 2263.8316 203 248 175 0.0627171 -0.0671183 0.995772 
2300.0 2234.0 2263.6521000000002 203 247 175 -0.0353671 -0.00101049 0.999374 
2310.0 2234.0 2263.717 203 247 175 -0.0427016 0.0239546 0.998801 
2310.0 2258.0 2263.2462 204 248 175 0.0546137 -0.00309134 0.998503 
2280.0 2284.0 2263.6955000000003 204 248 175 0.000990998 0.012883 0.999917 
2310.0 2277.0 2263.8142000000003 203 247 175 -0.0221298 -0.0600666 0.997949 
2310.0 2234.0 2263.8361 203 247 175 -0.0350002 0.0519699 0.998035 
2180.0 2282.0 2263.4146 203 248 175 -0.0422688 -0.0154642 0.998987 
2230.0 2303.0 2263.6662 203 248 175 -0.00898964 -0.0149827 0.999847 
2310.0 2260.0 2263.5586000000003 204 248 175 0.0461042 -0.00512268 0.998923 
2210.0 2314.0 2264.0926 204 247 175 -0.0303662 -0.131587 0.990839 
2310.0 2260.0 2263.3921 204 248 175 0.0595759 -0.0114971 0.998158 
2310.0 2249.0 2263.5585 203 248 175 0.0130365 -0.0150422 0.999802 
2220.0 2306.0 2263.6937000000003 203 248 175 -0.0199835 -0.0578471 0.998125 
2210.0 2314.0 2264.1627000000003 204 247 175 -0.0327593 -0.132167 0.990686 
2230.0 2306.0 2263.7311 203 248 175 -0.0157737 -0.0620432 0.997949 
2210.0 2314.0 2264.2432 204 247 175 -0.0350262 -0.129936 0.990903 
2250.0 2241.0 2263.3009 203 248 175 0.00906064 0.023155 0.999691 
2170.0 2284.0 2263.1811000000002 203 248 175 -0.0353671 0.00101049 0.999374 
2310.0 2277.0 2263.8603000000003 203 247 175 -0.022659 -0.0873989 0.995916 
2180.0 2306.0 2263.7126000000003 203 248 175 0.0364531 -0.032287 0.998814 
2310.0 2249.0 2263.4461 203 248 175 0.0604383 -0.0286286 0.997761 
2220.0 2308.0 2263.733 204 247 175 -0.0135339 -0.0551766 0.998385 
2230.0 2297.0 2263.6403 203 248 175 -0.0150124 -0.0110091 0.999827 
2310.0 2251.0 2263.6069 203 248 175 0.023155 -0.00906064 0.999691 
2310.0 2260.0 2263.2806 204 248 175 0.0509178 -0.0135088 0.998611 
2180.0 2269.0 2263.2081000000003 203 247 175 -0.0214396 0.0234815 0.999494 
2180.0 2297.0 2263.6153 203 248 175 -0.0111187 -0.0232481 0.999668 
2180.0 2284.0 2263.2622 203 248 175 -0.0567849 0.00309736 0.998382 
2310.0 2251.0 2263.4838 203 248 175 0.0572536 -0.0114507 0.998294 
2270.0 2232.0 2263.3579 204 247 175 0.0137498 0.0708645 0.997391 
2300.0 2280.0 2263.9076 203 247 175 -0.0495926 -0.0848584 0.995158 
2180.0 2299.0 2263.6401 203 248 175 -0.0251676 -0.00704694 0.999658 
2280.0 2286.0 2263.6435 204 248 175 0.000987108 0.0108582 0.999941 
2170.0 2271.0 2263.0861 203 247 175 -0.00907892 0.0232017 0.99969 
2230.0 2297.0 2263.6472000000003 203 248 175 -0.000979427 -0.00293828 0.999995 
2270.0 2232.0 2263.337 204 247 175 0.0116539 0.0773394 0.996937 
2310.0 2249.0 2263.3425 203 248 175 0.00886664 0.000985182 0.99996 
2180.0 2284.0 2263.4226 203 248 175 -0.0459168 0.00102037 0.998945 
2250.0 2241.0 2263.2935 203 248 175 0.00696459 0.0109444 0.999916 
2180.0 2271.0 2263.1098 203 247 175 -0.0192056 0.0151623 0.999701 
2220.0 2308.0 2263.7477 204 247 175 -0.0094045 -0.0637416 0.997922 
2310.0 2251.0 2263.3593 203 248 175 0.0353671 -0.00101049 0.999374 
2240.0 2297.0 2263.6579 203 248 175 -0.000983272 -0.00491636 0.999987 
2180.0 2301.0 2263.6595 203 248 175 0.0169465 0.00498427 0.999844 
2250.0 2243.0 2263.3257000000003 203 248 175 0.00099683 -0.0189398 0.99982 
2250.0 2243.0 2263.3449 203 248 175 -0.00710243 -0.0334829 0.999414 
2220.0 2308.0 2263.7940000000003 204 247 175 -0.0226187 -0.0829351 0.996298 
2270.0 2234.0 2263.2677000000003 204 247 175 0.0111847 0.0294869 0.999503 
2180.0 2271.0 2263.1797 203 247 175 -0.0376131 0.00304971 0.999288 
2240.0 2297.0 2263.6530000000002 203 248 175 0.00895451 0.00895451 0.99992 
2310.0 2262.0 2263.4154000000003 204 248 175 0.0548382 -0.00724278 0.998469 
2180.0 2303.0 2263.6325 203 248 175 0.0250672 -0.00300807 0.999681 
2280.0 2288.0 2263.6299 204 248 175 -0.00893672 -0.00893672 0.99992 
2240.0 2295.0 2263.6553 203 248 175 0.0209744 0.000998781 0.99978 
2180.0 2267.0 2263.3035 203 247 175 -0.00306165 0.0418426 0.99912 
2240.0 2295.0 2263.5215000000003 203 248 175 0.0676237 0.00104037 0.99771 
2220.0 2310.0 2263.9105 204 247 175 -0.0228817 -0.099154 0.994809 
2310.0 2262.0 2263.3125 204 248 175 0.0507097 -0.00931402 0.99867 
2260.0 2241.0 2263.2896 203 248 175 -0.000983272 -0.00491636 0.999987 
2170.0 2286.0 2263.1834 203 248 175 -0.0292507 0.00302594 0.999568 
2240.0 2297.0 2263.59 203 248 175 0.0273985 0.0131919 0.999538 
2240.0 2297.0 2263.5054 203 248 175 0.0396433 -0.00101649 0.999213 
2310.0 2280.0 2263.9995 203 247 175 -0.0455478 -0.0966503 0.994276 
2230.0 2299.0 2263.661 203 248 175 -0.0151617 -0.0212263 0.99966 
2180.0 2269.0 2263.2673 203 247 175 -0.0293096 0.00505337 0.999558 
2220.0 2310.0 2263.9583000000002 204 247 175 -0.0253663 -0.109185 0.993698 
2310.0 2265.0 2263.4494 203 248 175 0.0486438 -0.0113847 0.998751 
2180.0 2267.0 2263.3291 203 247 175 -0.0151917 0.0232939 0.999613 
2310.0 2249.0 2263.3535 203 248 175 0.000989061 0.0108797 0.99994 
2270.0 2234.0 2263.2703 204 247 175 -0.000994882 0.016913 0.999856 
2310.0 2265.0 2263.3049 203 248 175 0.0701309 -0.00314019 0.997533 
2220.0 2310.0 2264.0117 204 247 175 -0.0187016 -0.11331 0.993384 
2190.0 2303.0 2263.5632 203 248 175 0.0291333 -0.0010046 0.999575 
2180.0 2269.0 2263.3349000000003 203 247 175 -0.0295462 -0.0132448 0.999476 
2270.0 2232.0 2263.3268000000003 204 247 175 0.00103233 0.058843 0.998267 
2310.0 2267.0 2263.4895 203 248 175 0.0533187 -0.0177729 0.998419 
2180.0 2306.0 2263.6437 203 248 175 0.0341636 -0.027952 0.999025 
2310.0 2251.0 2263.3232000000003 203 248 175 0.0190912 0.00904321 0.999777 
2310.0 2280.0 2264.1075 203 247 175 -0.0343472 -0.105257 0.993852 
2280.0 2288.0 2263.6476000000002 204 248 175 -0.0153123 -0.0316454 0.999382 
2270.0 2234.0 2263.2844 204 247 175 -0.0108582 0.000987108 0.999941 
2190.0 2306.0 2263.5750000000003 203 248 175 0.0255231 -0.0193976 0.999486 
2180.0 2271.0 2263.2791 203 247 175 -0.0463867 -0.011339 0.998859 
2180.0 2286.0 2263.2484 203 248 175 -0.0483458 0.00720045 0.998805 
2190.0 2306.0 2263.5483 203 248 176 0.017184 -0.017184 0.999705 
2310.0 2277.0 2263.9017 203 247 175 -0.0228418 -0.0946304 0.99525 
2180.0 2271.0 2263.3861 203 247 175 -0.0424405 -0.0196676 0.998905 
2310.0 2277.0 2263.9687 203 247 175 -0.0292068 -0.0811299 0.996276 
2230.0 2301.0 2263.6692000000003 203 248 175 -0.00299633 -0.0209743 0.999776 
2260.0 2288.0 2263.6704 204 248 175 0.0129341 -0.00497465 0.999904 
2310.0 2280.0 2264.148 203 247 175 -0.0185931 -0.10609 0.994183 
2250.0 2293.0 2263.2602 204 248 175 -0.0117221 0.0841862 0.996381 
2260.0 2243.0 2263.3650000000002 203 248 175 -0.00924115 -0.0420986 0.999071 
2250.0 2293.0 2263.4597000000003 204 248 175 -0.0596493 0.0553112 0.996686 
2270.0 2236.0 2263.2623000000003 204 247 175 -0.00898964 -0.0149827 0.999847 
2260.0 2288.0 2263.6163 204 248 175 0.017048 -0.0090254 0.999814 
2230.0 2301.0 2263.6683000000003 203 248 175 -0.00296717 -0.0108796 0.999936 
2310.0 2267.0 2263.2965 203 248 175 0.0850778 -0.0204618 0.996164 
2180.0 2286.0 2263.3924 203 248 175 -0.0551766 0.0135339 0.998385 
2250.0 2293.0 2263.5838000000003 204 248 175 -0.0429596 0.0324816 0.998549 
2230.0 2299.0 2263.6530000000002 203 248 175 0.00098326 -0.00688282 0.999976 
2270.0 2236.0 2263.2832000000003 204 247 175 -0.0110962 -0.0232012 0.999669 
2170.0 2288.0 2263.1762 203 248 175 -0.0250673 0.00100269 0.999685 
2250.0 2245.0 2263.4006 203 248 175 -0.011251 -0.0357987 0.999296 
2180.0 2267.0 2263.3562 203 247 175 -0.000987108 0.0108582 0.999941 
2310.0 2269.0 2263.5375 203 248 175 0.0319648 -0.025778 0.999156 
2270.0 2236.0 2263.3158000000003 204 247 175 -0.0171834 -0.0192049 0.999668 
2310.0 2280.0 2264.1913 203 247 175 -0.0208249 -0.106317 0.994114 
2310.0 2269.0 2263.3954000000003 203 248 175 0.0701925 -0.0399557 0.996733 
2180.0 2269.0 2263.4004 203 247 175 -0.0278422 -0.0278422 0.999225 
2180.0 2288.0 2263.2282 203 248 175 -0.0396431 0.00304947 0.999209 
2230.0 2299.0 2263.6326 203 248 175 0.00491636 -0.000983272 0.999987 
2240.0 2295.0 2263.3107 204 248 175 0.0688973 -0.0201392 0.99742 
2190.0 2267.0 2263.3804 203 247 175 -0.0129851 -0.0109874 0.999855 
2250.0 2245.0 2263.4299 203 248 175 -0.0133499 -0.0379959 0.999189 
2190.0 2269.0 2263.4561000000003 203 247 175 -0.0217388 -0.040372 0.998948 
2230.0 2301.0 2263.6509 203 248 175 0.00495514 -0.00891926 0.999948 
2170.0 2273.0 2263.0616 204 248 175 -0.0149235 0.00497451 0.999876 
2180.0 2271.0 2263.4806000000003 203 247 175 -0.0360877 -0.0216526 0.999114 
2230.0 2301.0 2263.6445000000003 203 248 175 -0.00299048 -0.0189397 0.999816 
2180.0 2288.0 2263.3552 203 248 175 -0.0592076 0.00727111 0.998219 
2260.0 2288.0 2263.5847000000003 203 248 175 0.00494542 -0.00692359 0.999964 
2280.0 2232.0 2263.3293000000003 204 247 175 0.00517348 0.0548389 0.998482 
2250.0 2295.0 2263.2109 204 248 175 -0.000992907 -0.0168794 0.999857 
2290.0 2280.0 2263.6078 203 247 175 -0.016913 -0.000994882 0.999856 
2260.0 2288.0 2263.5815000000002 203 248 175 0.000979431 0.000979431 0.999999 
2230.0 2303.0 2263.6788 203 248 175 -0.00703312 -0.0231088 0.999708 
2240.0 2297.0 2263.4418 204 248 175 0.0305069 -0.0494422 0.998311 
2300.0 2280.0 2263.6375000000003 203 247 175 -0.0129341 -0.00497465 0.999904 
2180.0 2288.0 2263.4942 203 248 175 -0.0397238 -0.00305568 0.999206 
2250.0 2297.0 2263.3608 204 248 175 0.00946108 -0.06833 0.997618 
2230.0 2303.0 2263.6890000000003 203 248 175 -0.00713032 -0.0376889 0.999264 
2260.0 2245.0 2263.4686 203 248 175 -0.0133488 -0.0400465 0.999109 
2250.0 2295.0 2263.3398 204 248 175 -0.0617857 0.0136138 0.997997 
2270.0 2288.0 2263.5699 203 248 175 0.000977516 -0.000977516 0.999999 
2250.0 2295.0 2263.4814 204 248 175 -0.0468631 0.0197867 0.998705 
2290.0 2282.0 2263.6274000000003 203 247 175 -0.0279539 -0.0320952 0.999094 
2230.0 2306.0 2263.7751000000003 203 248 175 -0.0224375 -0.0758601 0.996866 
2250.0 2297.0 2263.4255000000003 204 248 175 -0.0353478 -0.0653399 0.997237 
2300.0 2282.0 2263.6898 203 247 175 -0.0352069 -0.0608119 0.997528 
2260.0 2241.0 2263.2928 203 248 175 0.00296142 -0.00690997 0.999972 
2250.0 2297.0 2263.5062000000003 204 248 175 -0.0456977 -0.0456977 0.99791 
2280.0 2234.0 2263.318 204 247 175 -0.0190908 -0.0110526 0.999757 
2230.0 2306.0 2263.8254 203 248 175 -0.0181623 -0.077991 0.996789 
2190.0 2271.0 2263.6206 203 248 175 -0.0151617 -0.0212263 0.99966 
2260.0 2243.0 2263.3893000000003 203 248 175 -0.0113612 -0.0485435 0.998756 
2230.0 2303.0 2263.6917000000003 203 248 175 -0.00929576 -0.0485445 0.998778 
2190.0 2271.0 2263.6536 203 248 175 0.0131405 -0.021227 0.999688 
2250.0 2290.0 2263.6752 204 248 175 -0.0169466 -0.00299058 0.999852 
2180.0 2273.0 2263.0945 204 248 175 -0.0271257 -0.00100465 0.999632 
2260.0 2290.0 2263.6696 204 248 175 -0.000979427 -0.00293828 0.999995 
2300.0 2280.0 2263.6453 203 247 175 -0.0276199 -0.0194362 0.99943 
2170.0 2290.0 2263.1761 203 248 175 -0.0129339 -0.00696442 0.999892 
2190.0 2271.0 2263.5526 203 247 175 -0.0233879 -0.0172867 0.999577 
2250.0 2293.0 2263.6293 204 248 175 -0.0255231 0.0193976 0.999486 
2180.0 2290.0 2263.2283 203 248 175 -0.0397235 0.00509275 0.999198 
2260.0 2241.0 2263.3041000000003 203 248 175 -0.00704728 -0.0231553 0.999707 
2280.0 2232.0 2263.3396000000002 204 247 175 -0.00708852 0.031392 0.999482 
2190.0 2267.0 2263.3988 203 247 175 0.00100074 -0.0230169 0.999735 
2180.0 2290.0 2263.3489 203 248 175 -0.063217 0.00103634 0.997999 
2300.0 2282.0 2263.7975 203 247 175 -0.0640072 -0.0909576 0.993796 
2180.0 2273.0 2263.188 204 248 175 -0.0483458 -0.00720045 0.998805 
2260.0 2243.0 2263.4139 203 248 175 -0.0071443 -0.039804 0.999182 
2290.0 2284.0 2263.7573 203 247 175 -0.0504038 -0.101928 0.993514 
2280.0 2234.0 2263.3709 204 247 175 -0.0213969 -0.0213969 0.999542 
2260.0 2245.0 2263.4972000000002 203 248 175 0.00100656 -0.0312033 0.999513 
2190.0 2269.0 2263.5023 203 247 175 -0.0175964 -0.0445085 0.998854 
2300.0 2284.0 2263.8853 203 247 175 -0.0654247 -0.120519 0.990553 
2230.0 2303.0 2263.7424 203 248 175 -0.0179114 -0.0642704 0.997772 
2300.0 2284.0 2264.0361000000003 203 247 175 -0.0657051 -0.123341 0.990187 
2170.0 2275.0 2263.0674 204 248 175 -0.0190529 -0.00902508 0.999778 
2230.0 2306.0 2263.8642 203 248 175 -0.0227078 -0.0875871 0.995898 
2260.0 2293.0 2263.6963 204 248 175 -0.0109012 -0.00297305 0.999936 
2280.0 2236.0 2263.3646 204 247 175 -0.0211841 -0.013114 0.99969 
2230.0 2306.0 2263.9097 203 248 175 -0.0161177 -0.0870357 0.996075 
2240.0 2299.0 2263.6220000000003 203 247 175 0.00294404 0.00294404 0.999991 
2180.0 2275.0 2263.1093 204 248 175 -0.0337536 -0.0153426 0.999312 
2280.0 2228.0 2263.4858 203 247 175 0.0205783 0.0942268 0.995338 
2170.0 2293.0 2263.2541 203 248 175 0.0216973 -0.0361622 0.99911 
2280.0 2228.0 2263.4528 203 247 175 0.0117929 0.0889827 0.995963 
2240.0 2245.0 2263.3308 203 247 175 -0.0130108 -0.0130108 0.999831 
2180.0 2275.0 2263.2097000000003 204 248 175 -0.0444182 -0.0154947 0.998893 
2280.0 2230.0 2263.3627 203 247 175 0.0195524 0.0339595 0.999232 
2170.0 2277.0 2263.1028 204 248 175 -0.0254712 -0.0193581 0.999488 
2240.0 2299.0 2263.607 203 247 175 0.010966 -0.00897218 0.9999 
2280.0 2230.0 2263.3449 203 247 175 0.00909634 0.027289 0.999586 
2190.0 2267.0 2263.4133 203 247 175 -0.00515331 -0.0505024 0.998711 
2290.0 2228.0 2263.4267 203 247 175 0.00972209 0.100462 0.994893 
2240.0 2301.0 2263.6489 203 247 175 -0.00718638 -0.0461981 0.998906 
2180.0 2293.0 2263.2081000000003 203 248 175 -0.0215252 -0.0276753 0.999385 
2240.0 2301.0 2263.6545 203 247 175 -0.00102435 -0.050193 0.998739 
2290.0 2230.0 2263.3298 203 247 175 0.00502372 0.0231091 0.99972 
2240.0 2299.0 2263.559 203 247 175 0.0149827 -0.00898964 0.999847 
2190.0 2269.0 2263.5386000000003 203 247 175 -0.00929481 -0.0506051 0.998676 
2280.0 2232.0 2263.3499 203 247 175 0.000998781 -0.0209744 0.99978 
2240.0 2299.0 2263.561 203 247 175 0.0071443 -0.039804 0.999182 
2260.0 2290.0 2263.6332 204 248 175 0.0189021 0.000994847 0.999821 
2180.0 2277.0 2263.161 204 248 175 -0.038303 -0.0238099 0.998982 
2240.0 2301.0 2263.6595 203 247 175 -0.007328 -0.0680457 0.997655 
2190.0 2271.0 2263.5851000000002 203 247 175 -0.0151323 -0.0171499 0.999738 
2180.0 2277.0 2263.2637 204 248 175 -0.0341655 -0.0258829 0.999081 
2240.0 2245.0 2263.3502000000003 203 247 175 -0.00497451 -0.0149235 0.999876 
2260.0 2290.0 2263.5891 204 248 175 0.0169129 0.00298463 0.999852 
2200.0 2258.0 2262.9687 203 247 175 0.0379959 0.0133499 0.999189 
2260.0 2293.0 2263.6538 204 248 175 0.0131919 -0.0273985 0.999538 
2240.0 2247.0 2263.4133 203 247 175 -0.0175964 -0.0445085 0.998854 
2180.0 2293.0 2263.3539 203 248 175 -0.0659613 -0.00732903 0.997795 
2200.0 2258.0 2262.9049 203 247 175 0.0333485 -0.00101056 0.999443 
2240.0 2301.0 2263.6655 203 247 175 -0.00105064 -0.0766965 0.997054 
2260.0 2293.0 2263.5927 204 248 175 0.0133226 -0.0379181 0.999192 
2200.0 2260.0 2263.013 203 247 175 0.0257267 -0.0298429 0.999223 
2200.0 2260.0 2262.9867 203 247 175 0.0154947 -0.0444182 0.998893 
2180.0 2308.0 2263.8282 203 247 175 0.0610105 -0.0787589 0.995025 
2250.0 2295.0 2263.5662 204 248 175 -0.0481492 -0.00102445 0.99884 
2200.0 2258.0 2262.8507 203 247 175 0.0193197 -0.023387 0.99954 
2180.0 2290.0 2263.5002 203 248 175 -0.037537 -0.00101451 0.999295 
2280.0 2232.0 2263.3367000000003 203 247 175 0.00699205 -0.014983 0.999863 
2200.0 2260.0 2262.9681 203 247 175 0.00729952 -0.0636101 0.997948 
2240.0 2247.0 2263.4415 203 247 175 -0.00720045 -0.0483458 0.998805 
2180.0 2308.0 2263.7188 203 247 175 0.0443758 -0.0660225 0.996831 
2290.0 2232.0 2263.3275000000003 203 247 175 0.00496477 -0.0129084 0.999904 
2190.0 2308.0 2263.6478 203 247 175 0.0347899 -0.0453324 0.998366 
2200.0 2262.0 2263.1228 203 247 175 0.00103447 -0.0589646 0.99826 
2180.0 2310.0 2264.0692 203 247 175 0.0651635 -0.115465 0.991172 
2280.0 2232.0 2263.3496 203 247 175 0.00700582 0.0170141 0.999831 
2180.0 2310.0 2263.9171 203 247 175 0.0739028 -0.0966422 0.992572 
2200.0 2262.0 2263.1265000000003 203 247 175 -0.00313364 -0.0699847 0.997543 
2280.0 2234.0 2263.4311000000002 203 247 175 -0.0153436 -0.0317101 0.999379 
2190.0 2310.0 2263.7517000000003 203 247 175 0.0488074 -0.063992 0.996756 
2200.0 2262.0 2263.1453 203 247 175 -0.00742829 -0.0838336 0.996452 
2210.0 2258.0 2262.8116 203 247 175 0.0194362 -0.0276199 0.99943 
2250.0 2245.0 2263.3645 203 247 175 -0.00501387 -0.0210583 0.999766 
2280.0 2234.0 2263.4397 203 247 175 0.00508281 -0.0376128 0.999279 
2250.0 2247.0 2263.4525000000003 203 247 175 -0.00510271 -0.0418422 0.999111 
2210.0 2260.0 2262.958 203 247 175 0.00315851 -0.0768571 0.997037 
2180.0 2293.0 2263.5021 203 248 175 -0.0461045 -0.00307364 0.998932 
2210.0 2258.0 2262.7944 203 247 175 0.00309134 -0.0546137 0.998503 
2180.0 2295.0 2263.3883 203 248 175 -0.0343012 -0.0322223 0.998892 
2280.0 2234.0 2263.4066000000003 203 247 175 0.0173201 -0.0275084 0.999471 
2210.0 2260.0 2262.9542 203 247 175 -0.00106083 -0.0880486 0.996116 
2180.0 2295.0 2263.5132000000003 203 248 175 -0.0464824 -0.0113624 0.998854 
2210.0 2262.0 2263.1661 203 247 175 -0.00747153 -0.0907257 0.995848 
2180.0 2297.0 2263.4401000000003 203 248 175 -0.0193965 -0.0275635 0.999432 
2290.0 2234.0 2263.3825 203 247 175 0.00898989 -0.0129854 0.999875 
2210.0 2262.0 2263.1802000000002 203 247 175 -0.00320153 -0.0928443 0.995675 
2240.0 2249.0 2263.5262000000002 203 247 175 -0.0174233 -0.0338216 0.999276 
2260.0 2295.0 2263.71 204 248 175 -0.023387 -0.0193197 0.99954 
2240.0 2249.0 2263.556 203 247 175 -0.00706078 -0.0272344 0.999604 
2190.0 2262.0 2263.2664 203 248 175 0.0293686 0.00708896 0.999544 
2250.0 2297.0 2263.6114000000002 204 248 175 -0.0507652 -0.0594061 0.996942 
2190.0 2262.0 2263.2158 203 248 175 0.0293092 -0.00707464 0.999545 
2190.0 2308.0 2263.5875 203 247 175 0.0280639 -0.0384579 0.998866 
2250.0 2249.0 2263.5506 203 247 175 0.00503359 -0.0251679 0.999671 
2260.0 2297.0 2263.7367 204 248 175 -0.0368991 -0.0432246 0.998384 
2190.0 2265.0 2263.312 203 248 175 0.0173544 -0.0296046 0.999411 
2290.0 2228.0 2263.4122 203 247 175 0.00107931 0.10901 0.99404 
2250.0 2245.0 2263.3752 203 247 175 -0.00300219 -0.0230168 0.999731 
2260.0 2290.0 2263.5622000000003 204 247 175 0.00688282 -0.00098326 0.999976 
2190.0 2265.0 2263.2919 203 248 175 0.0113167 -0.044238 0.998957 
2180.0 2297.0 2263.5291 203 248 175 -0.0421831 -0.0133751 0.99902 
2250.0 2247.0 2263.4589 203 247 175 -0.00304352 -0.0375368 0.999291 
2190.0 2310.0 2263.688 203 247 175 0.026668 -0.0672033 0.997383 
2250.0 2247.0 2263.4721 203 247 175 -0.00501365 -0.0230628 0.999721 
2250.0 2249.0 2263.5293 203 247 175 0.0130369 -0.0130369 0.99983 
2260.0 2290.0 2263.5549 204 247 175 0.000979427 -0.00293828 0.999995 
2260.0 2293.0 2263.5944 204 247 175 -0.00931302 -0.0527738 0.998563 
2180.0 2299.0 2263.5166 203 248 175 0.00102037 -0.0459168 0.998945 
2260.0 2293.0 2263.5964 204 247 175 -0.00722942 -0.0506059 0.998693 
2180.0 2299.0 2263.5658000000003 203 248 175 -0.029664 -0.0194351 0.999371 
2250.0 2247.0 2263.5014 203 248 175 -0.017048 -0.0090254 0.999814 
2270.0 2290.0 2263.5605 204 247 175 -0.00496489 -0.0109227 0.999928 
2290.0 2230.0 2263.3245 203 247 175 0.00100264 0.0270713 0.999633 
2270.0 2290.0 2263.5795000000003 204 247 175 -0.0131926 -0.0253703 0.999591 
2270.0 2293.0 2263.6391000000003 204 247 175 -0.0246296 -0.0738887 0.996962 
2260.0 2247.0 2263.5488 203 248 175 -0.0130108 -0.0130108 0.999831 
2270.0 2293.0 2263.6881000000003 204 247 175 -0.0224854 -0.0760221 0.996853 
2200.0 2262.0 2263.1687 203 248 175 0.0172858 -0.0254203 0.999527 
2270.0 2290.0 2263.6119 204 247 175 -0.0174578 -0.0359425 0.999201 
2190.0 2310.0 2263.6555000000003 203 247 175 0.0242392 -0.0579634 0.998024 
2290.0 2228.0 2263.4108 203 247 175 -0.00317021 0.0834823 0.996504 
2260.0 2236.0 2263.2395 204 248 175 0.0091868 0.0357264 0.999319 
2190.0 2312.0 2263.9478 203 247 175 0.0677467 -0.115973 0.990939 
2190.0 2312.0 2263.8473 203 247 175 0.041166 -0.105696 0.993546 
2270.0 2236.0 2263.2472000000002 204 248 175 0.00298473 0.0149236 0.999884 
2290.0 2230.0 2263.3273 203 247 175 -0.000989061 0.0108797 0.99994 
2190.0 2312.0 2263.7752 203 247 175 0.0318672 -0.0999972 0.994477 
2290.0 2232.0 2263.3286000000003 203 247 175 0.000985182 -0.00886664 0.99996 
2190.0 2314.0 2264.2856 203 247 175 0.064255 -0.146034 0.987191 
2270.0 2290.0 2263.6557000000003 204 247 175 -0.0197475 -0.0446916 0.998806 
2200.0 2265.0 2263.271 203 248 175 0.00931402 -0.0507097 0.99867 
2190.0 2267.0 2263.411 203 248 175 0.00309736 -0.0567849 0.998382 
2270.0 2293.0 2263.7421 204 247 175 -0.0339426 -0.0908785 0.995283 
2290.0 2232.0 2263.3329000000003 203 247 175 -0.00296137 -0.00888411 0.999956 
2270.0 2293.0 2263.8061000000002 204 247 175 -0.0318113 -0.095434 0.994927 
2200.0 2267.0 2263.4030000000002 203 248 175 0.0134808 -0.0508123 0.998617 
2280.0 2290.0 2263.6992 204 247 175 -0.0265623 -0.062687 0.99768 
2290.0 2228.0 2263.4223 203 247 175 -0.0141817 0.110181 0.99381 
2260.0 2239.0 2263.2627 204 248 175 -0.000998737 -0.0229709 0.999736 
2290.0 2230.0 2263.3339 203 247 175 -0.00501365 0.0230628 0.999721 
2200.0 2262.0 2263.1338 203 248 175 0.0195123 -0.0338898 0.999235 
2190.0 2314.0 2264.1504 203 247 175 0.0520247 -0.142201 0.98847 
2190.0 2314.0 2264.0432 203 247 175 0.0376582 -0.140362 0.989384 
2270.0 2239.0 2263.2958000000003 204 248 175 -0.013244 -0.0315819 0.999413 
2200.0 2265.0 2263.262 203 248 175 0.00516281 -0.0547258 0.998488 
2190.0 2312.0 2263.7244 203 248 175 0.0227034 -0.0897326 0.995707 
2290.0 2228.0 2263.4551 203 247 175 -0.0207439 0.101536 0.994616 
2200.0 2265.0 2263.2708000000002 203 248 175 -0.00518297 -0.0590858 0.998239 
2200.0 2312.0 2263.7009000000003 203 248 175 0.00744403 -0.0840112 0.996437 
2270.0 2239.0 2263.3302000000003 204 248 175 -0.013271 -0.0316463 0.999411 
2280.0 2290.0 2263.7817 204 247 175 -0.0404373 -0.0841533 0.995632 
2260.0 2241.0 2263.3485 204 248 175 -0.0113177 -0.0421842 0.999046 
2190.0 2269.0 2263.5504 203 248 175 0.00927662 -0.0484446 0.998783 
2270.0 2241.0 2263.3797 204 248 175 -0.011251 -0.0357987 0.999296 
2190.0 2314.0 2263.9626000000003 203 248 175 0.0274154 -0.099792 0.994631 
2260.0 2241.0 2263.3221000000003 204 248 175 -0.00302575 -0.0312661 0.999507 
2200.0 2314.0 2263.8824 203 248 175 0.0190227 -0.137635 0.9903 
2200.0 2265.0 2263.3026 203 248 176 -0.0114956 -0.0616585 0.998031 
2200.0 2312.0 2263.7088000000003 203 248 175 -0.00947814 -0.0726658 0.997311 
2290.0 2230.0 2263.3446 203 247 175 -0.00707464 0.0293092 0.999545 
2200.0 2312.0 2263.7361 203 248 175 -0.0156807 -0.0554053 0.998341 
2200.0 2314.0 2263.8784 203 248 175 0.00105046 -0.0787849 0.996891 
2230.0 2249.0 2262.9857 204 247 175 -0.027289 0.00909634 0.999586 
2230.0 2249.0 2263.0492 204 247 175 -0.023063 0.00300821 0.99973 
2200.0 2314.0 2263.8745 203 248 175 -0.00328132 -0.125784 0.992052 
2230.0 2251.0 2263.0305000000003 204 247 175 -0.0320933 -0.0300228 0.999034 
2200.0 2310.0 2263.6904 203 248 176 0.00102445 -0.0481492 0.99884 
2210.0 2308.0 2263.5906 203 248 175 -0.0195524 -0.0339595 0.999232 
2230.0 2251.0 2263.1184000000003 204 247 175 -0.0390831 -0.0454209 0.998203 
2210.0 2310.0 2263.6642 203 248 175 0.00516339 -0.0526665 0.998599 
2200.0 2312.0 2263.7614000000003 203 248 175 -0.0114746 -0.0573728 0.998287 
2200.0 2312.0 2263.7707 203 248 175 -0.00731474 -0.0637427 0.99794 
2200.0 2314.0 2263.9261 203 248 175 -0.0188053 -0.122787 0.992255 
2200.0 2314.0 2263.9781000000003 203 248 175 -0.021028 -0.118421 0.992741 
2230.0 2249.0 2263.1148000000003 204 247 175 -0.0316463 -0.013271 0.999411 
2210.0 2312.0 2263.7817 203 248 175 -0.0073852 -0.0770171 0.997002 
2280.0 2293.0 2263.8916 204 247 175 -0.0436662 -0.108606 0.993125 
2230.0 2251.0 2263.2015 204 247 175 -0.0393239 -0.049952 0.997977 
2210.0 2314.0 2264.0306 203 248 175 -0.0257064 -0.128532 0.991372 
2210.0 2308.0 2263.6330000000003 204 247 175 -0.0213543 -0.0193206 0.999585 
2230.0 2249.0 2263.1835 204 247 175 -0.0254212 -0.0152527 0.99956 
2290.0 2232.0 2263.3355 203 247 175 0.000981342 -0.00490671 0.999987 
2280.0 2293.0 2263.9882000000002 204 247 175 -0.0414206 -0.110828 0.992976 
2230.0 2251.0 2263.2884 204 247 175 -0.0350002 -0.0519699 0.998035 
2230.0 2249.0 2263.2565 204 247 175 -0.0343034 -0.0301454 0.998957 
2290.0 2280.0 2263.581 203 247 175 -0.00494542 -0.00692359 0.999964 
2260.0 2243.0 2263.442 204 248 175 -0.00915071 -0.0315191 0.999461 
2210.0 2308.0 2263.6695 204 247 175 -0.0216542 -0.034028 0.999186 
2230.0 2251.0 2263.3746 204 247 175 -0.0348599 -0.0475362 0.998261 
2290.0 2280.0 2263.5822000000003 203 248 175 -0.00888415 -0.000987127 0.99996 
2300.0 2228.0 2263.5154 203 247 175 -0.0393964 0.122692 0.991663 
2260.0 2243.0 2263.455 204 248 175 -0.00507323 -0.0334833 0.999426 
2280.0 2284.0 2263.6722 203 248 175 0.0130108 0.0130108 0.999831 
2300.0 2230.0 2263.3815 203 247 175 -0.0260362 0.0426994 0.998749 
2210.0 2308.0 2263.7049 204 247 175 -0.0153729 -0.0358701 0.999238 
2300.0 2228.0 2263.6154 203 247 175 -0.055559 0.112252 0.992125 
2270.0 2243.0 2263.4617000000003 204 248 175 -0.00302002 -0.0271802 0.999626 
2210.0 2310.0 2263.8515 204 247 175 -0.0316172 -0.0904905 0.995395 
2300.0 2230.0 2263.4633 203 247 175 -0.0481146 0.0502531 0.997577 
2270.0 2239.0 2263.3681 203 248 175 -0.00707504 -0.0272895 0.999603 
2300.0 2228.0 2263.7525 203 247 175 -0.0681555 0.123604 0.989988 
2300.0 2230.0 2263.5931 203 247 175 -0.0638605 0.0465424 0.996873 
2280.0 2284.0 2263.6296 203 248 175 0.0229709 0.000998737 0.999736 
2300.0 2232.0 2263.5379000000003 203 247 175 -0.0593306 0.00728622 0.998212 
2240.0 2245.0 2263.2650000000003 204 247 175 -0.0169465 0.00498427 0.999844 
2280.0 2282.0 2263.5945 203 248 175 0.0130108 -0.0130108 0.999831 
2290.0 2282.0 2263.5542 203 248 175 0.0152225 0.0233412 0.999612 
2280.0 2284.0 2263.568 203 248 175 0.0313924 -0.00506329 0.999494 
2240.0 2245.0 2263.3033 204 247 175 -0.0108582 -0.000987108 0.999941 
2290.0 2284.0 2263.4412 203 248 175 0.0149533 -0.00498443 0.999876 
2240.0 2247.0 2263.3096 204 247 175 -0.0194362 -0.0276199 0.99943 
2240.0 2247.0 2263.3691 204 247 175 -0.0217405 -0.0383048 0.99903 
2280.0 2286.0 2263.6378 203 248 175 0.000977516 0.000977516 0.999999 
2280.0 2286.0 2263.6309 203 248 175 0.00500384 -0.0210161 0.999767 
2240.0 2249.0 2263.4073000000003 204 247 175 -0.0282887 -0.0471479 0.998487 
2280.0 2288.0 2263.6947 203 248 175 -0.0288569 -0.0694703 0.997167 
2240.0 2249.0 2263.4714 204 247 175 -0.0217388 -0.040372 0.998948 
2280.0 2288.0 2263.7496 203 248 175 -0.020378 -0.0825844 0.996376 
2240.0 2249.0 2263.3309 204 247 175 -0.0280661 -0.0363819 0.998944 
2240.0 2251.0 2263.4535 204 247 175 -0.0301432 -0.0363797 0.998883 
2280.0 2286.0 2263.6046 203 248 175 0.00512316 -0.0440592 0.999016 
2240.0 2251.0 2263.5170000000003 204 247 175 -0.0236211 -0.0297832 0.999277 
2290.0 2286.0 2263.6037 203 248 175 -0.0227479 -0.0920749 0.995492 
2280.0 2288.0 2263.804 203 248 175 -0.032063 -0.105034 0.993952 
2240.0 2251.0 2263.5576 204 247 175 -0.0110744 -0.021142 0.999715 
2290.0 2288.0 2263.8678 203 248 175 -0.0346768 -0.119691 0.992205 
2290.0 2282.0 2263.5393 203 248 175 -0.00100269 0.0250673 0.999685 
2210.0 2254.0 2262.7212 205 248 175 0.0278962 0.032029 0.999098 
2290.0 2282.0 2263.5449000000003 203 248 175 -0.00895433 0.0109442 0.9999 
2210.0 2254.0 2262.6929 205 248 175 0.0111847 0.0294869 0.999503 
2290.0 2284.0 2263.4912 203 248 175 -0.030878 -0.0606912 0.997679 
2210.0 2256.0 2262.7167 205 248 175 0.021227 -0.0131405 0.999688 
2210.0 2256.0 2262.7099000000003 205 248 175 -0.000994847 -0.0189021 0.999821 
2290.0 2284.0 2263.5509 203 248 175 -0.0311251 -0.0697633 0.997078 
2210.0 2254.0 2262.6941 205 248 175 -0.00696459 0.0109444 0.999916 
2210.0 2256.0 2262.7331 205 248 175 -0.0174578 -0.0359425 0.999201 
2290.0 2282.0 2263.5735 203 248 175 -0.0232012 -0.0110962 0.999669 
2210.0 2258.0 2262.7998000000002 205 248 175 -0.00934954 -0.057136 0.998323 
2290.0 2284.0 2263.6449000000002 203 248 175 -0.0524278 -0.0970473 0.993898 
2210.0 2258.0 2262.8436 205 248 175 -0.0266114 -0.0670606 0.997394 
2210.0 2254.0 2262.7224 205 248 175 -0.0129595 0.00897197 0.999876 
2210.0 2256.0 2262.7902 205 248 175 -0.0326119 -0.0473399 0.998346 
2220.0 2254.0 2262.7768 205 248 175 -0.0315185 -0.011184 0.999441 
2300.0 2275.0 2263.7425000000003 204 248 175 -0.0110967 -0.0211847 0.999714 
2220.0 2256.0 2262.8711000000003 205 248 175 -0.041781 -0.0589219 0.997388 
2210.0 2258.0 2262.927 205 248 175 -0.0423788 -0.0728046 0.996445 
2300.0 2277.0 2263.6621 203 248 175 -0.0189398 -0.00099683 0.99982 
2300.0 2277.0 2263.6899000000003 203 248 175 -0.0150127 0.00900763 0.999847 
2220.0 2258.0 2263.0344 205 248 175 -0.0494024 -0.077946 0.995733 
2210.0 2260.0 2262.9693 205 248 175 -0.0139393 -0.0868526 0.996124 
2300.0 2277.0 2263.7243000000003 203 248 175 -0.0209744 -0.000998781 0.99978 
2210.0 2260.0 2263.016 205 248 175 -0.0314359 -0.0812998 0.996194 
2210.0 2262.0 2263.1854000000003 205 248 175 -0.0031892 -0.0882346 0.996095 
2300.0 2280.0 2263.764 203 248 175 -0.0627077 -0.0693085 0.995622 
2220.0 2254.0 2262.8478 203 247 175 -0.0295453 -0.0152821 0.999447 
2220.0 2256.0 2262.965 203 247 175 -0.0444585 -0.070483 0.996522 
2220.0 2254.0 2262.9358 203 247 175 -0.0430497 -0.0325498 0.998543 
2220.0 2256.0 2263.0655 203 247 175 -0.0466297 -0.0683179 0.996573 
2220.0 2258.0 2263.1427000000003 203 247 175 -0.0448243 -0.0776226 0.995975 
2220.0 2258.0 2263.2365 203 247 175 -0.0354944 -0.067762 0.99707 
2220.0 2254.0 2263.0343000000003 203 247 175 -0.0410301 -0.038926 0.998399 
2220.0 2256.0 2263.1756 203 247 175 -0.0510743 -0.0662879 0.996493 
2220.0 2258.0 2263.322 203 247 175 -0.0393196 -0.052072 0.997869 
2290.0 2250.0 2264.9274 206 248 174 0.927432 0.32411 0.186609 
2290.0 2250.0 2264.9274 206 248 174 0.983039 0.183394 0.00113909 
2290.0 2249.0 2264.9274 206 248 174 0.940355 0.25141 0.229185 
2290.0 2250.0 2264.9274 207 248 174 0.964726 0.202345 -0.168403 
2290.0 2251.0 2264.9274 206 248 174 0.987309 -0.153581 -0.0404162 
2290.0 2251.0 2264.9274 206 248 174 0.963208 -0.192642 0.1874 
2290.0 2252.0 2264.9274 207 247 173 0.931303 -0.357376 0.0704123 
2290.0 2252.0 2264.9274 207 248 173 0.991709 -0.127426 -0.0166208 
2190.0 2288.0 2264.9274 203 248 175 -0.509183 0.826077 -0.241516 
2290.0 2253.0 2264.9274 208 248 173 0.910843 -0.0978363 0.400991 
2290.0 2253.0 2264.9274 207 248 173 0.798111 0.0974015 0.594585 
2290.0 2254.0 2264.9274 207 248 173 0.941135 0.114118 0.318187 
2190.0 2289.0 2264.9274 203 248 175 -0.605062 0.641936 -0.470976 
2190.0 2289.0 2264.9274 203 248 175 -0.745272 0.518236 -0.419524 
2290.0 2254.0 2264.9274 205 247 174 0.94424 0.295835 0.14454 
2190.0 2289.0 2264.9274 203 248 175 -0.609157 0.194869 -0.768735 
2290.0 2254.0 2264.9274 205 247 174 0.946588 0.309385 -0.0908408 
2190.0 2290.0 2264.9274 203 248 175 -0.588208 -0.0123978 -0.808614 
2290.0 2255.0 2264.9274 205 247 174 0.951325 0.301702 -0.0629081 
2190.0 2290.0 2264.9274 203 248 175 -0.53732 0.0931355 -0.83822 
2290.0 2255.0 2264.9274 205 247 174 0.977694 0.177199 -0.112763 
2290.0 2255.0 2264.9274 205 247 174 0.923716 0.37879 -0.0571508 
2290.0 2257.0 2264.9274 205 247 174 0.843089 0.467013 -0.266644 
2290.0 2257.0 2264.9274 205 247 174 0.845451 0.428175 -0.319185 
2290.0 2258.0 2264.9274 205 247 174 0.823792 0.329202 -0.461512 
2290.0 2258.0 2264.9274 205 247 174 0.90142 0.241844 -0.359102 
2290.0 2256.0 2264.9274 205 247 174 0.748548 0.663079 0.00137854 
2290.0 2256.0 2264.9274 205 247 174 0.773712 0.633537 0.00137427 
2290.0 2256.0 2264.9274 205 247 174 0.747617 0.661519 -0.0588336 
2290.0 2257.0 2264.9274 205 247 174 0.748548 0.663079 0.00137854 
2290.0 2259.0 2264.9274 205 247 174 0.95166 -0.0955587 -0.291912 
2290.0 2259.0 2264.9274 205 247 174 0.885992 -0.386968 -0.255488 
2290.0 2259.0 2264.9274 205 247 174 0.954848 0.0012226 -0.297091 
2290.0 2260.0 2264.9274 205 247 174 0.994124 0.0592672 -0.0905782 
2290.0 2261.0 2264.9274 205 247 174 0.939777 -0.0888083 -0.330049 
2290.0 2261.0 2264.9274 205 247 174 0.908834 -0.218874 -0.355127 
2290.0 2262.0 2264.9274 205 247 174 0.901439 -0.386331 -0.195336 
2290.0 2262.0 2264.9274 205 247 174 0.761078 -0.547782 -0.347413 
2290.0 2262.0 2264.9274 205 247 174 0.688216 -0.537512 -0.487277 
2290.0 2250.0 2264.6814 206 248 174 0.897096 0.310934 0.313909 
2190.0 2289.0 2264.9108 203 248 175 -0.782597 0.372742 -0.498603 
2290.0 2251.0 2264.8265 206 248 174 0.860536 -0.0657645 0.505127 
2190.0 2290.0 2264.916 203 248 175 -0.759587 0.0557889 -0.648009 
2290.0 2252.0 2264.4408000000003 207 247 173 0.865827 -0.346023 -0.361402 
2190.0 2290.0 2264.9204 203 248 175 -0.610658 0.155303 -0.776516 
2290.0 2253.0 2264.415 208 248 173 0.718839 -0.111161 0.686232 
2290.0 2253.0 2264.5544 207 248 173 0.614396 0.0795101 0.784981 
2290.0 2256.0 2264.4704 205 247 174 0.897106 0.3366 0.286184 
2290.0 2257.0 2264.5331 205 247 174 0.75819 0.639025 0.129592 
2290.0 2256.0 2264.5063 205 247 174 0.662073 0.665343 0.344932 
2290.0 2259.0 2264.4522 205 247 174 0.981904 -0.163449 -0.0956479 
2290.0 2261.0 2264.4733 205 247 174 0.940014 0.0088087 -0.341022 
2290.0 2261.0 2264.4277 205 247 174 0.959218 -0.126936 -0.252564 
2290.0 2262.0 2264.5317 205 247 174 0.914295 -0.280539 -0.292168 
2290.0 2250.0 2265.4683 206 248 174 0.988281 0.00111418 -0.152643 
2190.0 2288.0 2265.4683 203 247 176 -0.755949 0.558464 -0.341553 
2290.0 2250.0 2265.4683 206 248 174 0.953433 0.0547365 -0.296595 
2190.0 2289.0 2265.4683 203 247 176 -0.615975 0.0152264 -0.787618 
2290.0 2249.0 2265.4683 206 248 174 0.965457 0.25049 -0.0717484 
2190.0 2289.0 2265.4683 203 247 176 -0.409059 0.1907 -0.892359 
2290.0 2250.0 2265.4683 206 248 174 0.964557 0.0796423 -0.251569 
2290.0 2251.0 2265.4683 206 248 174 0.922319 -0.0435429 -0.38397 
2190.0 2289.0 2265.4683 203 248 175 -0.310237 0.0605026 -0.948732 
2290.0 2251.0 2265.4683 206 248 174 0.957237 -0.0465411 -0.285536 
2190.0 2290.0 2265.4683 203 248 175 -0.305515 -0.028917 -0.951748 
2290.0 2252.0 2265.4683 207 247 173 0.895178 -0.0362366 -0.444234 
2190.0 2290.0 2265.4683 203 248 175 -0.388993 -0.030124 -0.920748 
2290.0 2253.0 2265.4683 207 247 173 0.954462 -0.0841792 -0.286209 
2290.0 2253.0 2265.4683 207 247 173 0.873135 -0.112525 -0.474313 
2290.0 2253.0 2265.4683 207 247 173 0.953006 0.00122652 -0.30295 
2290.0 2254.0 2265.4683 207 247 173 0.933019 0.00126254 -0.359825 
2290.0 2254.0 2265.4683 205 247 174 0.933019 0.00126254 -0.359825 
2290.0 2254.0 2265.4683 205 247 174 0.868743 0.0369387 -0.493884 
2290.0 2255.0 2265.4683 205 247 174 0.803977 0.213677 -0.554944 
2290.0 2255.0 2265.4683 205 247 174 0.712351 0.166266 -0.681844 
2290.0 2256.0 2265.4683 205 247 174 0.517464 0.207896 -0.830067 
2290.0 2258.0 2265.4683 205 247 174 0.71099 0.2412 -0.660542 
2290.0 2258.0 2265.4683 205 247 174 0.721283 0.0954856 -0.686027 
2290.0 2256.0 2265.4683 205 247 174 0.526613 0.27824 -0.803281 
2290.0 2256.0 2265.4683 205 247 174 0.49454 0.432106 -0.754132 
2290.0 2257.0 2265.4683 205 247 174 0.510692 0.340995 -0.789251 
2290.0 2257.0 2265.4683 205 247 174 0.479809 0.260732 -0.837737 
2290.0 2257.0 2265.4683 205 247 174 0.357998 0.189696 -0.91425 
2290.0 2259.0 2265.4683 205 247 174 0.660142 0.0768957 -0.747194 
2290.0 2259.0 2265.4683 205 247 174 0.78094 -0.029443 -0.623911 
2290.0 2260.0 2265.4683 205 247 174 0.860773 -0.0067143 -0.508944 
2290.0 2261.0 2265.4683 205 247 174 0.710469 -0.0831555 -0.698798 
2290.0 2261.0 2265.4683 205 247 174 0.828213 -0.143203 -0.541808 
2290.0 2262.0 2265.4683 205 247 174 0.539975 -0.226143 -0.810732 
2290.0 2262.0 2265.4683 205 247 174 0.303631 -0.31548 -0.899044 
2290.0 2262.0 2265.4683 205 247 174 0.29428 -0.276884 -0.914732 
2290.0 2262.0 2265.4683 205 247 174 0.247762 -0.0480732 -0.967628 
2240.0 2262.0 2265.4683 203 248 175 -0.312368 -0.947474 0.0686951 
2240.0 2262.0 2265.4683 203 248 175 -0.2057 -0.973647 0.0984867 
2240.0 2262.0 2265.4683 203 248 175 -0.0144328 -0.991423 0.129895 
2240.0 2262.0 2265.4683 203 248 175 0.273193 -0.955521 -0.111107 
2240.0 2262.0 2265.4683 203 248 175 -0.0143736 -0.991779 -0.127151 
2270.0 2273.0 2265.4683 204 248 175 0.616596 0.716935 0.325291 
2270.0 2273.0 2265.4683 204 248 175 0.616257 0.7707 0.162014 
2270.0 2274.0 2265.4683 204 248 175 0.46719 0.801126 -0.374073 
2270.0 2274.0 2265.4683 204 248 175 0.365048 0.911905 -0.187535 
2270.0 2274.0 2265.4683 204 248 175 0.513436 0.783835 -0.349265 
2270.0 2273.0 2265.4683 204 248 175 0.549587 0.830838 -0.0875322 
2270.0 2274.0 2265.4683 204 248 175 0.635587 0.727517 -0.258356 
2190.0 2288.0 2265.1771 203 247 176 -0.526889 0.644724 -0.553823 
2290.0 2252.0 2265.3306000000002 207 247 173 0.892055 -0.0475219 0.449422 
2190.0 2289.0 2265.387 203 247 176 -0.48713 0.313718 -0.815037 
2290.0 2253.0 2265.1615 207 247 173 0.906509 0.0525317 0.418907 
2190.0 2289.0 2265.0848 203 248 175 -0.468618 0.323457 -0.822054 
2290.0 2253.0 2265.1986 207 247 173 0.968028 -0.00839677 0.250704 
2190.0 2289.0 2265.2737 203 248 175 -0.487558 0.153735 -0.859449 
2190.0 2290.0 2265.3103 203 248 175 -0.452968 -0.0227152 -0.891237 
2190.0 2290.0 2265.2412 203 248 175 -0.418305 0.00651566 -0.908283 
2290.0 2256.0 2265.4188 205 247 174 0.840893 0.421229 -0.339802 
2290.0 2257.0 2265.0948000000003 205 247 174 0.673124 0.459328 -0.579588 
2290.0 2257.0 2265.4079 205 247 174 0.698486 0.351697 -0.623239 
2290.0 2258.0 2265.0129 205 247 174 0.728124 0.13962 -0.671075 
2290.0 2256.0 2265.2204 205 247 174 0.65703 0.552846 -0.512517 
2290.0 2259.0 2265.1053 205 247 174 0.768348 0.0237922 -0.63959 
2290.0 2262.0 2265.362 205 247 174 0.64845 -0.470839 -0.598183 
2290.0 2262.0 2265.358 205 247 174 0.870814 -0.335164 -0.359651 
2260.0 2254.0 2265.4683 204 248 175 -0.252341 -0.93183 0.2608 
2250.0 2258.0 2265.4683 203 248 175 -0.298284 -0.936472 0.18452 
2220.0 2266.0 2265.4683 212 248 171 -0.347199 -0.929066 0.127627 
2190.0 2291.0 2265.4683 203 248 175 -0.316198 -0.0137477 -0.948594 
2200.0 2277.0 2265.4683 203 248 175 -0.519636 -0.722178 0.456549 
2210.0 2295.0 2265.4683 203 247 175 0.445135 0.757222 0.477986 
2190.0 2292.0 2265.4683 203 247 176 -0.743998 0.205721 -0.635724 
2230.0 2289.0 2265.4683 203 248 175 0.359442 0.668004 0.651591 
2190.0 2279.0 2265.4683 203 248 175 -0.558114 -0.628932 0.541252 
2220.0 2267.0 2265.4683 212 248 171 -0.53603 -0.774266 0.336427 
2230.0 2288.0 2265.4683 204 247 175 0.24283 0.883424 0.400744 
2280.0 2269.0 2265.4683 204 248 175 0.484057 0.837496 0.253554 
2190.0 2280.0 2265.4683 203 248 175 -0.756807 -0.63644 0.148954 
2210.0 2271.0 2265.4683 212 248 171 -0.129487 -0.848213 0.513583 
2260.0 2254.0 2265.4683 204 248 176 -0.105868 -0.882231 0.45876 
2240.0 2285.0 2265.4683 204 248 175 0.176664 0.957704 0.227139 
2210.0 2272.0 2265.4683 204 248 175 -0.33625 -0.709862 0.618896 
2280.0 2270.0 2265.4683 204 248 175 0.407192 0.908984 0.0891161 
2210.0 2296.0 2265.4683 203 247 175 0.369009 0.851679 0.372123 
2280.0 2269.0 2265.4683 204 248 175 0.332896 0.904833 0.265437 
2200.0 2277.0 2265.4683 203 248 175 -0.487849 -0.798153 0.353491 
2240.0 2262.0 2265.4683 203 248 175 -0.416339 -0.901368 0.119154 
2210.0 2271.0 2265.4683 212 248 171 -0.418946 -0.713698 0.561354 
2240.0 2285.0 2265.4683 204 248 175 0.252849 0.953868 0.161877 
2260.0 2254.0 2265.4683 204 248 176 -0.111917 -0.963516 0.24313 
2290.0 2245.0 2265.4683 212 248 171 -0.174342 -0.917065 0.358605 
2280.0 2270.0 2265.4683 204 248 175 0.394446 0.869608 0.296976 
2290.0 2245.0 2265.4683 204 247 175 0.975939 -0.218041 0.001166 
2190.0 2292.0 2265.4683 203 248 175 -0.594345 0.201187 -0.778638 
2230.0 2288.0 2265.4683 203 248 175 0.507919 0.714418 0.481274 
2280.0 2271.0 2265.4683 204 248 175 0.532397 0.776882 0.336166 
2230.0 2266.0 2265.4683 212 248 171 -0.220258 -0.971872 0.0833744 
2210.0 2295.0 2265.4683 203 247 175 0.445762 0.649443 0.616052 
2240.0 2260.0 2265.4683 203 247 175 -0.256459 -0.966279 0.0230935 
2210.0 2270.0 2265.4683 212 248 171 -0.0278159 -0.904679 0.425186 
2210.0 2296.0 2265.4683 203 247 175 0.277611 0.906277 0.318739 
2250.0 2258.0 2265.4683 203 248 175 -0.499522 -0.740216 0.450064 
2240.0 2260.0 2265.4683 203 247 175 -0.447604 -0.893872 0.0253865 
2190.0 2297.0 2265.4683 203 247 175 -0.846664 0.0720866 -0.527222 
2220.0 2269.0 2265.4683 204 248 175 -0.335817 -0.918854 0.207207 
2240.0 2262.0 2265.4683 203 247 175 -0.318428 -0.899005 0.300656 
2220.0 2268.0 2265.4683 204 248 175 -0.183864 -0.938674 0.291694 
2260.0 2254.0 2265.4683 204 248 176 -0.152769 -0.955135 0.253729 
2280.0 2271.0 2265.4683 204 248 175 0.378392 0.873797 0.305449 
2230.0 2288.0 2265.4683 203 248 175 0.348042 0.844353 0.40735 
2280.0 2269.0 2265.4683 204 248 175 0.199317 0.925907 0.320887 
2290.0 2245.0 2265.4683 203 247 175 -0.356613 -0.870871 0.338247 
2190.0 2279.0 2265.4683 203 248 175 -0.342582 -0.729001 0.592618 
2220.0 2269.0 2265.4683 211 248 171 -0.428473 -0.807199 0.406006 
2210.0 2272.0 2265.4683 204 248 175 -0.300467 -0.786938 0.538933 
2250.0 2257.0 2265.4683 203 248 175 -0.334337 -0.940078 -0.0668675 
2220.0 2268.0 2265.4683 204 248 175 -0.0647395 -0.931456 0.358049 
2240.0 2284.0 2265.4683 204 248 175 0.295835 0.94424 0.14454 
2210.0 2271.0 2265.4683 212 248 171 -0.284011 -0.870259 0.402476 
2190.0 2279.0 2265.4683 203 248 175 -0.13915 -0.929965 0.340298 
2250.0 2280.0 2265.4683 204 248 175 0.153302 0.986514 0.0573419 
2260.0 2253.0 2265.4683 204 248 175 -0.335192 -0.878173 0.341259 
2290.0 2245.0 2265.4683 203 247 175 -0.472933 -0.810515 0.345544 
2260.0 2253.0 2265.4683 204 248 175 -0.396055 -0.790494 0.467183 
2190.0 2279.0 2265.4683 203 248 175 -0.242021 -0.776029 0.582412 
2260.0 2277.0 2265.4683 209 248 172 0.755943 0.605068 0.249885 
2250.0 2257.0 2265.4683 203 248 175 -0.131626 -0.980431 -0.146388 
2240.0 2261.0 2265.4683 203 247 175 -0.391913 -0.742832 0.542775 
2250.0 2280.0 2265.4683 204 248 175 0.368207 0.899246 0.23618 
2210.0 2271.0 2265.4683 204 248 175 -0.323064 -0.647752 0.689961 
2270.0 2251.0 2265.4683 212 248 171 -0.338229 -0.878181 0.338229 
2270.0 2251.0 2265.4683 212 248 171 -0.417749 -0.840192 0.345778 
2190.0 2281.0 2265.4683 204 248 175 -0.863168 -0.389272 -0.321572 
2270.0 2251.0 2265.4683 212 248 171 -0.230461 -0.928913 0.289843 
2290.0 2263.0 2265.4683 204 247 175 0.840548 0.0841975 -0.535154 
2270.0 2252.0 2265.4683 213 248 171 -0.434427 -0.848757 0.301471 
2200.0 2298.0 2265.4683 203 247 175 -0.881745 0.173434 -0.438686 
2240.0 2260.0 2265.4683 203 248 175 -0.214828 -0.960793 0.175289 
2250.0 2280.0 2265.4683 204 248 175 0.383614 0.874882 0.295671 
2190.0 2293.0 2265.4683 203 248 175 -0.454988 0.564985 -0.688315 
2280.0 2269.0 2265.4683 204 248 175 0.268591 0.948841 0.166013 
2290.0 2245.0 2265.4683 212 248 171 -0.251845 -0.823517 0.508325 
2260.0 2253.0 2265.4683 213 248 171 -0.429812 -0.839305 0.332909 
2210.0 2270.0 2265.4683 212 248 171 -0.524362 -0.788934 0.320355 
2290.0 2265.0 2265.4683 204 247 175 0.798937 0.397057 -0.451713 
2240.0 2261.0 2265.4683 203 247 175 -0.540813 -0.819551 0.18936 
2240.0 2260.0 2265.4683 203 248 175 -0.164651 -0.900571 0.402322 
2290.0 2265.0 2265.4683 204 247 175 0.673252 0.589722 -0.44605 
2290.0 2244.0 2265.4683 203 247 175 -0.351515 -0.88256 0.31229 
2210.0 2272.0 2265.4683 204 248 175 -0.304767 -0.829903 0.467309 
2190.0 2293.0 2265.4683 203 247 175 -0.275311 0.545903 -0.791324 
2290.0 2268.0 2265.4683 204 248 175 0.216753 0.969686 0.112813 
2190.0 2293.0 2265.4683 203 247 175 0.00304375 0.0355104 -0.999365 
2190.0 2278.0 2265.4683 203 248 175 -0.225334 -0.905696 0.35908 
2260.0 2277.0 2265.4683 209 248 172 0.653928 0.579961 0.485823 
2220.0 2269.0 2265.4683 212 247 171 -0.495666 -0.77519 0.391658 
2290.0 2266.0 2265.4683 204 247 175 0.43957 0.708288 -0.552365 
2250.0 2280.0 2265.4683 204 248 175 0.389566 0.757941 0.523224 
2250.0 2259.0 2265.4683 203 248 175 -0.400501 -0.760134 0.51166 
2300.0 2246.0 2265.4683 204 247 175 0.992995 -0.108837 -0.0460031 
2190.0 2282.0 2265.4683 204 248 175 -0.8303 -0.291306 -0.475125 
2240.0 2261.0 2265.4683 203 247 175 -0.589695 -0.666539 0.456053 
2190.0 2293.0 2265.4683 203 247 175 -0.0392407 0.0498463 -0.997986 
2240.0 2284.0 2265.4683 204 248 175 0.31938 0.945105 0.0690904 
2280.0 2272.0 2265.4683 203 247 175 0.149233 0.957466 0.24696 
2210.0 2270.0 2265.4683 212 247 171 -0.474177 -0.741831 0.474177 
2250.0 2259.0 2265.4683 203 248 175 -0.413968 -0.800553 0.433297 
2200.0 2298.0 2265.4683 203 247 175 -0.614447 0.0644525 -0.786321 
2280.0 2271.0 2265.4683 203 247 175 0.160446 0.939366 0.303065 
2220.0 2293.0 2265.4683 203 248 175 0.318428 0.899005 0.300656 
2190.0 2278.0 2265.4683 203 248 175 -0.368175 -0.795837 0.480718 
2290.0 2245.0 2265.4683 204 248 175 0.72751 -0.686096 0.00138047 
2250.0 2259.0 2265.4683 203 248 175 -0.332894 -0.767104 0.548391 
2230.0 2266.0 2265.4683 203 248 175 -0.155586 -0.986158 0.0573212 
2290.0 2266.0 2265.4683 204 247 175 0.509574 0.718715 -0.473057 
2280.0 2271.0 2265.4683 203 247 175 0.0962725 0.926115 0.364751 
2220.0 2293.0 2265.4683 203 248 175 0.332808 0.911227 0.242703 
2220.0 2292.0 2265.4683 203 248 175 0.010344 0.982676 0.185042 
2250.0 2258.0 2265.4683 203 248 175 -0.430171 -0.689271 0.582974 
2210.0 2295.0 2265.4683 203 248 175 0.258216 0.704945 0.660589 
2260.0 2256.0 2265.4683 210 248 172 -0.535522 -0.695678 0.4788 
2200.0 2299.0 2265.4683 203 248 175 0.261616 0.869534 -0.418889 
2230.0 2288.0 2265.4683 204 247 175 -0.0301692 0.97145 0.23532 
2250.0 2279.0 2265.4683 204 248 175 0.282426 0.862545 0.419823 
2290.0 2267.0 2265.4683 204 247 175 0.594085 0.724296 -0.349941 
2220.0 2268.0 2265.4683 208 248 173 -0.0995279 -0.835169 0.540913 
2190.0 2294.0 2265.4683 203 247 175 -0.0948366 0.0524391 -0.994111 
2260.0 2256.0 2265.4683 210 248 172 -0.558908 -0.72048 0.410525 
2200.0 2298.0 2265.4683 203 248 175 0.247307 0.96872 0.0205084 
2290.0 2268.0 2265.4683 204 247 175 0.123215 0.982062 -0.142734 
2230.0 2288.0 2265.4683 204 247 175 0.153509 0.961724 0.226983 
2200.0 2295.0 2265.4683 203 247 175 -0.110184 0.0120002 -0.993839 
2290.0 2247.0 2265.4683 204 247 175 0.984985 0.171252 -0.0218375 
2220.0 2268.0 2265.4683 208 248 173 -0.314833 -0.708778 0.63128 
2260.0 2278.0 2265.4683 213 248 171 -0.249885 0.755943 0.605068 
2210.0 2294.0 2265.4683 203 248 175 0.217772 0.792321 0.569915 
2270.0 2275.0 2265.4683 204 248 175 0.347839 0.898461 -0.26791 
2230.0 2286.0 2265.4683 204 248 175 0.447408 0.80341 0.392885 
2200.0 2276.0 2265.4683 205 248 174 -0.300518 -0.839272 0.453113 
2290.0 2248.0 2265.4683 204 247 175 0.980816 0.191924 0.034146 
2230.0 2266.0 2265.4683 203 248 175 -0.222219 -0.972052 0.0757281 
2220.0 2267.0 2265.4683 212 248 171 -0.200302 -0.570326 0.796622 
2290.0 2268.0 2265.4683 204 247 175 0.279958 0.842968 -0.459379 
2260.0 2279.0 2265.4683 213 248 171 -0.165245 0.629144 0.759521 
2230.0 2286.0 2265.4683 204 248 175 0.609085 0.642644 0.464784 
2290.0 2244.0 2265.4683 203 247 175 -0.502356 -0.822744 0.265953 
2200.0 2298.0 2265.4683 203 248 175 0.103755 0.79935 0.59184 
2210.0 2294.0 2265.4683 203 248 175 0.146434 0.871352 0.468297 
2220.0 2268.0 2265.4683 212 248 171 -0.361969 -0.627304 0.689543 
2260.0 2279.0 2265.4683 213 248 171 -0.0800052 0.670589 0.737502 
2290.0 2243.0 2265.4683 203 247 175 -0.209229 -0.931001 0.2991 
2290.0 2268.0 2265.4683 204 247 175 0.355448 0.692878 -0.627357 
2230.0 2265.0 2265.4683 206 248 174 -0.277726 -0.869601 0.408242 
2210.0 2294.0 2265.4683 203 248 175 0.119825 0.954646 0.272568 
2220.0 2267.0 2265.4683 212 248 171 -0.196105 -0.68405 0.70258 
2290.0 2248.0 2265.4683 204 248 175 0.971404 0.237189 0.0107272 
2200.0 2298.0 2265.4683 203 248 175 0.272964 0.909394 0.313836 
2190.0 2281.0 2265.4683 204 248 175 -0.747203 -0.655829 0.107586 
2230.0 2266.0 2265.4683 206 248 174 -0.200578 -0.963559 0.17698 
2230.0 2288.0 2265.4683 204 248 175 0.154835 0.938604 0.3083 
2200.0 2276.0 2265.4683 205 248 174 -0.398521 -0.854418 0.333393 
2210.0 2294.0 2265.4683 203 248 175 0.259976 0.93451 0.243113 
2290.0 2243.0 2265.4683 203 247 175 0.0617372 -0.961336 0.268368 
2230.0 2265.0 2265.4683 206 248 174 -0.259772 -0.892132 0.369619 
2190.0 2283.0 2265.4683 204 248 175 -0.828054 0.251346 -0.50115 
2200.0 2277.0 2265.4683 205 248 174 -0.549973 -0.72504 0.414544 
2190.0 2296.0 2265.4683 203 247 175 -0.634356 0.152185 -0.757913 
2200.0 2298.0 2265.4683 203 248 175 0.126517 0.766543 0.629607 
2260.0 2279.0 2265.4683 213 248 171 0.139723 0.880112 0.45374 
2290.0 2244.0 2265.4683 203 247 175 0.291374 -0.909261 0.29723 
2260.0 2278.0 2265.4683 212 248 171 0.434164 0.516705 0.737914 
2200.0 2276.0 2265.4683 207 248 173 -0.166897 -0.90581 0.389427 
2230.0 2264.0 2265.4683 203 248 175 -0.495751 -0.821039 0.283063 
2230.0 2287.0 2265.4683 204 248 175 0.179787 0.932385 0.313583 
2290.0 2244.0 2265.4683 203 247 175 0.290662 -0.942945 0.162389 
2290.0 2244.0 2265.4683 203 247 175 0.647941 -0.760872 0.0352909 
2280.0 2247.0 2265.4683 203 248 175 -0.511987 -0.845443 0.151973 
2200.0 2298.0 2265.4683 203 248 175 0.202453 0.755722 0.622814 
2230.0 2287.0 2265.4683 204 248 175 0.512891 0.693322 0.506209 
2270.0 2252.0 2265.4683 213 248 171 -0.489501 -0.847966 0.203331 
2200.0 2297.0 2265.4683 203 248 175 0.267672 0.758669 0.593947 
2260.0 2279.0 2265.4683 212 248 171 0.3629 0.561437 0.743701 
2200.0 2297.0 2265.4683 203 247 175 0.242372 0.871637 0.426033 
2280.0 2247.0 2265.4683 203 248 175 -0.445852 -0.869337 0.213234 
2190.0 2284.0 2265.4683 204 248 175 -0.860831 0.50774 -0.0342143 
2210.0 2293.0 2265.4683 203 248 175 0.318041 0.861936 0.394862 
2230.0 2287.0 2265.4683 204 248 175 0.404514 0.823305 0.398168 
2210.0 2294.0 2265.4683 203 248 175 0.258524 0.924117 0.281377 
2200.0 2297.0 2265.4683 203 247 175 0.221684 0.824052 0.521339 
2280.0 2248.0 2265.4683 203 248 175 -0.47765 -0.854979 0.20214 
2280.0 2248.0 2265.4683 203 248 175 -0.463753 -0.881271 0.0910694 
2280.0 2249.0 2265.4683 203 248 175 0.00907892 -0.99969 0.0232017 
2280.0 2249.0 2265.4683 203 248 175 -0.330182 -0.922527 0.19981 
2290.0 2268.0 2265.4683 204 247 175 0.405823 0.694041 -0.594655 
2280.0 2247.0 2265.4683 203 248 175 -0.516782 -0.813424 0.266978 
2290.0 2267.0 2265.4683 204 247 175 0.435501 0.774768 -0.458337 
2280.0 2246.0 2265.4683 203 248 175 -0.498431 -0.864226 0.0684121 
2280.0 2246.0 2265.4683 203 248 175 -0.521176 -0.853205 -0.0204116 
2250.0 2257.0 2265.4683 204 248 175 -0.268708 -0.827868 0.492372 
2210.0 2293.0 2265.4683 203 248 175 0.34721 0.915891 0.201467 
2250.0 2257.0 2265.4683 204 248 175 -0.0573375 -0.918733 0.390695 
2250.0 2257.0 2265.4683 204 248 175 0.0929984 -0.987667 0.12596 
2200.0 2297.0 2265.4683 203 247 175 0.263219 0.879904 0.395581 
2250.0 2257.0 2265.4683 204 248 175 -0.423862 -0.764261 0.486051 
2240.0 2284.0 2265.4683 203 247 175 0.369986 0.91582 0.156154 
2220.0 2292.0 2265.4683 203 248 175 0.164934 0.986194 -0.0147872 
2200.0 2296.0 2265.4683 203 247 175 0.294614 0.889823 0.348452 
2240.0 2284.0 2265.4683 203 247 175 0.0737882 0.924364 0.374307 
2260.0 2254.0 2265.4683 204 248 175 -0.31749 -0.833608 0.451994 
2200.0 2276.0 2265.4683 207 248 173 -0.172734 -0.889798 0.4224 
2260.0 2279.0 2265.4683 204 248 175 0.325314 0.908837 0.261126 
2260.0 2255.0 2265.4683 204 248 175 -0.481233 -0.771605 0.415981 
2270.0 2276.0 2265.4683 204 248 175 0.628303 0.777297 0.0323288 
2190.0 2284.0 2265.4683 214 248 170 -0.966744 0.193349 0.167396 
2270.0 2275.0 2265.4683 204 248 175 0.629214 0.768381 -0.11696 
2270.0 2249.0 2265.4683 203 248 175 -0.376229 -0.823894 0.423853 
2230.0 2265.0 2265.4683 203 248 175 -0.457051 -0.871483 0.177824 
2200.0 2275.0 2265.4683 204 248 175 -0.288949 -0.823113 0.48887 
2260.0 2278.0 2265.4683 204 248 175 0.311405 0.834065 0.455371 
2200.0 2275.0 2265.4683 204 248 175 -0.335897 -0.807109 0.485539 
2260.0 2279.0 2265.4683 204 248 175 0.41946 0.843598 0.335256 
2280.0 2246.0 2265.4683 203 248 175 -0.315726 -0.860931 0.398893 
2270.0 2249.0 2265.4683 203 248 175 -0.371525 -0.878012 0.301769 
2190.0 2285.0 2265.4683 212 248 171 -0.958821 0.198148 0.203467 
2220.0 2292.0 2265.4683 203 248 175 0.193522 0.962346 0.190889 
2260.0 2278.0 2265.4683 204 248 175 0.226749 0.899682 0.373039 
2200.0 2275.0 2265.4683 204 248 175 -0.26919 -0.844489 0.463007 
2240.0 2285.0 2265.4683 204 248 175 0.0578414 0.949885 0.307202 
2260.0 2255.0 2265.4683 204 248 175 -0.54343 -0.706293 0.453689 
2280.0 2245.0 2265.4683 203 248 175 -0.0902306 -0.834991 0.542816 
2280.0 2249.0 2265.4683 203 248 175 -0.213425 -0.890497 0.401827 
2260.0 2278.0 2265.4683 204 248 175 -0.0767916 0.920152 0.383958 
2230.0 2263.0 2265.4683 203 248 175 -0.280504 -0.926945 0.249179 
2190.0 2286.0 2265.4683 212 248 171 -0.919167 0.281378 0.275606 
2260.0 2254.0 2265.4683 204 248 175 -0.144905 -0.913043 0.381255 
2280.0 2249.0 2265.4683 203 248 175 -0.00856833 -0.958429 0.285203 
2270.0 2275.0 2265.4683 204 248 175 0.218811 0.970104 -0.104979 
2240.0 2283.0 2265.4683 204 248 175 0.0205981 0.836284 0.54791 
2270.0 2251.0 2265.4683 203 248 175 0.0116282 -0.921208 0.388897 
2240.0 2284.0 2265.4683 204 248 175 -0.00963311 0.805053 0.593125 
2270.0 2275.0 2265.4683 204 248 175 0.161451 0.967417 -0.195033 
2270.0 2251.0 2265.4683 203 248 175 -0.0716788 -0.85874 0.507373 
2230.0 2263.0 2265.4683 203 248 175 -0.473407 -0.851527 0.22536 
2270.0 2250.0 2265.4683 203 248 175 -0.327304 -0.837835 0.436927 
2250.0 2283.0 2265.4683 204 248 175 0.14165 0.888534 0.436397 
2250.0 2283.0 2265.4683 204 248 175 0.309931 0.743513 0.592563 
2240.0 2285.0 2265.4683 204 248 175 0.208857 0.932149 0.295765 
2250.0 2281.0 2265.4683 204 248 175 0.677982 0.734363 -0.0324191 
2230.0 2263.0 2265.4683 203 248 175 -0.478319 -0.793978 0.375247 
2220.0 2291.0 2265.4683 203 248 175 0.579564 0.763755 0.284225 
2250.0 2282.0 2265.4683 204 248 175 0.608547 0.785365 0.113458 
2260.0 2276.0 2265.4683 204 248 175 0.517957 0.837389 0.174643 
2240.0 2285.0 2265.4683 204 248 175 0.4325 0.863483 0.2595 
2270.0 2272.0 2265.4683 204 248 175 0.348317 0.750096 0.562167 
2270.0 2250.0 2265.4683 203 248 175 -0.290243 -0.785083 0.547179 
2230.0 2265.0 2265.4683 203 248 175 -0.416203 -0.864423 0.282043 
2240.0 2285.0 2265.4683 204 248 175 0.0550528 0.951262 0.303431 
2270.0 2272.0 2265.4683 204 248 175 0.630343 0.600086 0.492508 
2270.0 2274.0 2265.4683 204 248 175 0.218763 0.962818 -0.158505 
2240.0 2263.0 2265.4683 204 247 175 -0.459523 -0.815694 0.3514 
2250.0 2281.0 2265.4683 204 248 175 0.0150634 0.981438 0.191189 
2190.0 2287.0 2265.4683 211 248 171 -0.943059 0.332624 0.00124578 
2270.0 2250.0 2265.4683 203 248 175 -0.465623 -0.829342 0.308848 
2200.0 2274.0 2265.4683 204 248 175 -0.384675 -0.793492 0.471589 
2250.0 2281.0 2265.4683 204 248 175 0.615646 0.786264 0.0526072 
2200.0 2274.0 2265.4683 204 248 175 -0.549229 -0.756608 0.354812 
2190.0 2287.0 2265.4683 210 248 171 -0.885003 0.465583 0.00131893 
2250.0 2282.0 2265.4683 204 248 175 0.615922 0.625991 0.478304 
2200.0 2275.0 2265.4683 204 248 175 -0.307332 -0.834631 0.457097 
2250.0 2283.0 2265.4683 204 248 175 0.507789 0.622506 0.595514 
2270.0 2271.0 2265.4683 204 248 175 0.220701 0.898882 0.378553 
2220.0 2292.0 2265.4683 203 248 175 0.519522 0.849739 0.0896709 
2280.0 2271.0 2265.4683 204 248 175 -0.185634 0.980865 0.0586842 
2220.0 2292.0 2265.4683 203 248 175 0.356919 0.923544 0.140268 
2280.0 2272.0 2265.4683 204 248 175 0.0239069 0.998892 -0.0405378 
2220.0 2290.0 2265.4683 203 248 175 0.366766 0.917617 0.15317 
2220.0 2290.0 2265.4683 203 248 175 0.34217 0.877476 0.336087 
2220.0 2290.0 2265.4683 203 248 175 0.395037 0.775444 0.492577 
2220.0 2289.0 2265.4683 203 248 175 0.358136 0.619788 0.698284 
2220.0 2289.0 2265.4683 203 248 175 0.226186 0.744076 0.628642 
2210.0 2273.0 2265.4683 205 248 174 -0.279613 -0.863286 0.420183 
2210.0 2273.0 2265.4683 205 248 174 -0.299952 -0.785589 0.541183 
2210.0 2273.0 2265.4683 205 248 174 -0.320151 -0.82167 0.471553 
2200.0 2273.0 2265.4683 211 248 171 -0.315389 -0.713265 0.625926 
2280.0 2245.0 2264.5603 203 247 175 -0.128052 -0.813937 0.566665 
2220.0 2267.0 2265.0741000000003 205 248 174 -0.219658 -0.749331 0.624702 
2260.0 2254.0 2264.9967 204 248 175 -0.0477404 -0.882515 0.467856 
2280.0 2245.0 2264.7399 203 247 175 -0.0978934 -0.869691 0.483792 
2190.0 2279.0 2264.5651000000003 203 248 175 -0.642275 -0.510785 0.571473 
2210.0 2296.0 2264.5638 203 247 175 0.336618 0.851628 0.40177 
2290.0 2245.0 2264.9982 203 247 175 -0.142872 -0.903911 0.403153 
2190.0 2292.0 2265.4476 203 247 176 -0.276796 0.00120871 -0.960928 
2210.0 2271.0 2264.6753 205 248 174 -0.355585 -0.686591 0.634154 
2260.0 2254.0 2264.4799000000003 203 247 176 -0.20349 -0.806309 0.555389 
2230.0 2286.0 2264.428 204 248 175 0.634511 0.714829 0.293963 
2240.0 2262.0 2264.5376 203 248 175 0.00125331 -0.938727 -0.344659 
2230.0 2287.0 2264.7268 204 248 175 0.355496 0.748326 0.560027 
2290.0 2267.0 2265.2118 204 248 174 0.332353 0.73442 -0.591751 
2260.0 2254.0 2265.06 204 248 175 -0.058596 -0.941442 0.332044 
2210.0 2295.0 2265.3909000000003 203 247 175 0.38683 0.716047 0.581068 
2240.0 2285.0 2265.034 204 248 175 0.148994 0.948998 0.277854 
2210.0 2271.0 2265.2253 205 248 174 -0.372963 -0.681848 0.629272 
2200.0 2275.0 2264.5537 203 248 175 -0.104207 -0.86078 0.498196 
2200.0 2297.0 2265.2976 203 247 175 -0.773692 0.0705976 -0.629616 
2260.0 2254.0 2264.9159 203 247 176 -0.124061 -0.833397 0.53857 
2290.0 2245.0 2264.8387000000002 204 247 175 0.858773 -0.483337 0.169981 
2290.0 2267.0 2264.5013 204 248 174 0.105973 0.953755 -0.281286 
2230.0 2289.0 2265.027 203 248 175 0.420443 0.629833 0.653099 
2200.0 2298.0 2265.4500000000003 203 247 175 -0.520851 0.39023 -0.759234 
2200.0 2275.0 2264.7242 203 248 175 -0.225682 -0.852746 0.471055 
2190.0 2279.0 2264.8803000000003 203 248 175 -0.228238 -0.787188 0.572924 
2240.0 2261.0 2265.0307000000003 203 247 175 -0.439478 -0.849658 0.291444 
2200.0 2298.0 2265.212 203 248 175 -0.0966403 0.886569 0.452388 
2290.0 2265.0 2264.4480000000003 204 247 175 0.658384 0.543883 -0.520309 
2280.0 2271.0 2264.4618 204 248 175 0.486374 0.786923 0.379727 
2290.0 2244.0 2264.7983 203 247 175 0.511731 -0.812197 0.280122 
2210.0 2270.0 2265.3142000000003 212 248 171 -0.570081 -0.759572 0.313143 
2190.0 2292.0 2265.1089 203 248 175 -0.217016 0.258484 -0.941324 
2260.0 2279.0 2264.7408 213 248 171 -0.364124 0.775179 0.516247 
2190.0 2282.0 2265.1022000000003 204 248 175 -0.858009 -0.08651 -0.506296 
2290.0 2266.0 2265.4647 204 247 175 0.492697 0.65749 -0.570049 
2240.0 2285.0 2264.7807000000003 204 248 175 0.0675725 0.974273 0.215003 
2220.0 2267.0 2265.0069000000003 205 248 174 -0.0204954 -0.84851 0.528782 
2210.0 2272.0 2265.2967000000003 204 248 175 -0.382408 -0.759934 0.525608 
2280.0 2247.0 2264.8403000000003 203 248 175 -0.4325 -0.863483 0.2595 
2240.0 2285.0 2264.4687 204 248 175 0.232486 0.945078 0.229735 
2260.0 2253.0 2265.0726 204 248 175 -0.304053 -0.878881 0.367587 
2190.0 2292.0 2265.1463000000003 203 248 175 0.083816 0.518523 -0.850946 
2290.0 2268.0 2265.4205 204 247 175 0.279626 0.86027 -0.426315 
2260.0 2279.0 2265.3921 213 248 171 -0.339395 0.735627 0.586228 
2250.0 2280.0 2265.4676 204 248 175 0.314567 0.914709 0.253683 
2190.0 2283.0 2265.1600000000003 204 248 175 -0.907504 0.0635658 -0.415207 
2200.0 2276.0 2265.0106 205 248 174 -0.432826 -0.748806 0.501947 
2230.0 2263.0 2265.0964 203 248 175 -0.385255 -0.882937 0.268329 
2220.0 2293.0 2264.7918 203 248 175 0.304697 0.946025 0.110436 
2220.0 2268.0 2264.8153 208 248 173 -0.221052 -0.830852 0.510707 
2260.0 2279.0 2264.8468000000003 212 248 171 0.609701 0.722908 0.325066 
2270.0 2250.0 2264.4432 212 248 171 -0.0193812 -0.926419 0.375994 
2270.0 2272.0 2265.1848 204 248 175 0.553025 0.736819 0.388922 
2190.0 2293.0 2265.3847 203 248 175 -0.00824695 0.225024 -0.974318 
2270.0 2273.0 2264.5755 204 248 175 0.398462 0.916595 0.0328764 
2190.0 2287.0 2265.1762 211 248 171 -0.794744 0.517619 0.316942 
2260.0 2279.0 2265.0647 204 248 175 0.300466 0.870893 0.388928 
2190.0 2293.0 2265.4548 203 248 175 0.0484862 0.178571 -0.982732 
2270.0 2250.0 2264.4547000000002 203 248 175 -0.0792587 -0.967459 0.240292 
2210.0 2295.0 2264.6325 203 248 175 0.362111 0.761569 0.537483 
2270.0 2250.0 2264.9971 203 248 175 -0.239326 -0.887439 0.393922 
2190.0 2292.0 2265.3211 203 248 175 0.0313753 0.503368 -0.863502 
2220.0 2268.0 2265.4272 208 248 173 -0.428289 -0.668264 0.60827 
2200.0 2274.0 2264.9531 204 248 175 -0.355357 -0.80792 0.470092 
2250.0 2258.0 2265.0516000000002 203 248 175 -0.368098 -0.763762 0.530255 
2270.0 2274.0 2264.5437 204 248 175 0.383487 0.852366 -0.355541 
2200.0 2292.0 2265.1988 203 248 175 -0.40161 0.373261 -0.836293 
2240.0 2284.0 2264.7183 204 248 175 -0.11145 0.838048 0.534093 
2190.0 2293.0 2265.4615000000003 203 248 175 -0.047584 0.089635 -0.994837 
2200.0 2293.0 2265.3726 203 248 175 -0.552076 0.13397 -0.822961 
2250.0 2259.0 2264.8228 203 248 175 -0.335198 -0.811783 0.478174 
2240.0 2284.0 2264.9046000000003 204 248 175 -0.0266077 0.763222 0.645588 
2210.0 2294.0 2264.611 203 248 175 0.33443 0.882229 0.331403 
2250.0 2284.0 2264.8346 204 248 175 0.172577 0.707106 0.685725 
2200.0 2294.0 2265.3925 203 247 175 -0.64124 0.0237496 -0.766973 
2200.0 2273.0 2265.1717000000003 205 248 174 -0.393588 -0.752879 0.527505 
2250.0 2284.0 2264.4633 204 248 175 0.244319 0.682518 0.688823 
2250.0 2257.0 2264.8772 204 248 175 -0.226845 -0.972367 0.0551784 
2200.0 2295.0 2265.4556000000002 203 247 175 -0.6506 0.0153246 -0.759266 
2210.0 2272.0 2264.4764 205 248 174 -0.337548 -0.84776 0.409102 
2200.0 2298.0 2265.2158 203 248 175 0.104274 0.762225 0.638859 
2260.0 2255.0 2265.2433 204 248 175 -0.465122 -0.705185 0.535141 
2200.0 2296.0 2265.4165000000003 203 247 175 -0.75776 -0.113738 -0.642545 
2250.0 2283.0 2264.6668 204 248 175 0.679835 0.46603 0.566251 
2200.0 2297.0 2265.3896 203 247 175 0.344066 0.792152 0.504097 
2220.0 2290.0 2265.0513 203 248 175 0.344341 0.849166 0.400432 
2200.0 2297.0 2264.7012 203 247 175 0.321551 0.849704 0.417862 
2220.0 2290.0 2264.6786 203 248 175 0.177618 0.793969 0.581434 
2200.0 2298.0 2264.9392000000003 203 248 175 0.169213 0.678376 0.714963 
2220.0 2290.0 2264.4547000000002 203 248 175 0.139594 0.730995 0.667952 
2200.0 2298.0 2264.6107 203 248 175 0.250418 0.622107 0.741804 
2240.0 2262.0 2266.0091 203 248 175 -0.270423 -0.934571 0.231191 
2240.0 2262.0 2266.0091 203 248 175 -0.166878 -0.954543 0.24698 
2240.0 2262.0 2266.0091 203 248 175 -0.0550775 -0.973036 0.223982 
2240.0 2262.0 2266.0091 203 248 175 0.154746 -0.948662 0.275852 
2240.0 2262.0 2266.0091 203 248 175 0.0542342 -0.924627 0.376994 
2270.0 2273.0 2266.0091 204 248 175 0.667308 0.549647 0.502582 
2270.0 2273.0 2266.0091 204 248 175 0.741539 0.493809 0.454172 
2270.0 2273.0 2266.0091 204 248 175 0.786334 0.541696 0.297059 
2270.0 2274.0 2266.0091 204 248 175 0.725734 0.56446 -0.393312 
2270.0 2274.0 2266.0091 204 248 175 0.123365 0.916231 -0.381185 
2270.0 2274.0 2266.0091 204 248 175 0.883907 0.452594 0.11776 
2270.0 2274.0 2266.0091 204 248 175 0.790926 0.571995 -0.217389 
2270.0 2273.0 2265.9353 204 248 175 0.675388 0.585336 0.448591 
2270.0 2274.0 2265.7588 204 248 175 0.262594 0.933824 -0.242935 
2240.0 2262.0 2266.55 203 248 175 -0.0225235 -0.902264 0.430596 
2240.0 2262.0 2266.55 203 248 175 -0.247679 -0.70833 0.661003 
2240.0 2262.0 2266.55 203 248 175 0.207607 -0.838007 0.504623 
2240.0 2262.0 2266.55 203 248 175 0.244339 -0.729864 0.638434 
2240.0 2262.0 2266.55 204 247 175 -0.40858 -0.573998 0.70964 
2240.0 2262.0 2266.55 204 247 175 0.0290756 -0.557975 0.829348 
2240.0 2263.0 2266.55 204 247 175 0.163514 -0.556546 0.814567 
2270.0 2272.0 2266.55 204 248 175 0.45777 0.272812 0.84618 
2270.0 2273.0 2266.55 204 248 175 0.682397 0.398202 0.613 
2270.0 2273.0 2266.55 204 248 175 0.686801 0.323105 0.651081 
2270.0 2273.0 2266.55 204 248 175 0.659292 0.133054 0.740021 
2270.0 2274.0 2266.55 204 248 175 0.857355 0.189364 0.478628 
2270.0 2274.0 2266.55 204 248 175 0.892068 0.428135 0.144621 
2190.0 2291.0 2266.55 220 247 167 -0.897482 0.249055 -0.364003 
2270.0 2272.0 2266.55 218 248 169 0.543612 0.533514 0.647958 
2190.0 2292.0 2266.55 220 247 167 -0.771085 0.514597 -0.374991 
2190.0 2292.0 2266.55 220 247 167 -0.730201 0.681806 -0.0441252 
2190.0 2292.0 2266.55 220 247 167 -0.798904 0.565826 -0.203943 
2190.0 2293.0 2266.55 220 247 167 -0.857729 0.5141 0.0013423 
2200.0 2297.0 2266.55 219 247 168 0.166262 0.481131 0.860738 
2200.0 2297.0 2266.55 219 247 168 0.114115 0.698028 0.70692 
2200.0 2297.0 2266.55 218 247 168 0.157422 0.580214 0.799106 
2200.0 2297.0 2266.55 218 247 168 0.146508 0.68421 0.714418 
2240.0 2262.0 2266.4732 203 248 175 -0.530328 -0.731886 0.427897 
2240.0 2262.0 2266.518 203 248 175 -0.130971 -0.902717 0.409814 
2240.0 2262.0 2266.3124000000003 203 248 175 0.141301 -0.858004 0.493826 
2270.0 2272.0 2266.5095 204 248 175 0.668926 0.494569 0.554923 
2270.0 2273.0 2266.4995 204 248 175 0.904252 0.319061 0.283774 
2270.0 2274.0 2266.0097 204 248 175 0.584083 0.703216 -0.405383 
2210.0 2270.0 2266.55 211 248 171 -0.399143 -0.730941 0.553544 
2210.0 2271.0 2266.55 211 248 171 -0.307223 -0.48683 0.817686 
2220.0 2267.0 2266.55 212 248 171 -0.298301 -0.90666 0.298301 
2220.0 2269.0 2266.55 212 248 171 -0.302235 -0.441728 0.844707 
2270.0 2271.0 2266.55 204 247 175 0.0429492 0.53063 0.846515 
2220.0 2288.0 2266.55 205 247 174 0.17378 0.392082 0.903367 
2210.0 2273.0 2266.55 204 248 175 -0.216835 -0.722265 0.656746 
2260.0 2254.0 2266.55 204 248 176 -0.15808 -0.781369 0.603716 
2190.0 2293.0 2266.55 203 247 175 -0.667948 0.742324 0.052921 
2290.0 2245.0 2266.55 204 247 175 0.931068 -0.215512 0.294392 
2220.0 2288.0 2266.55 205 247 174 0.238974 0.390373 0.889101 
2190.0 2294.0 2266.55 203 247 175 -0.683029 0.730326 0.00973768 
2210.0 2273.0 2266.55 204 248 175 -0.0489866 -0.555648 0.829973 
2280.0 2269.0 2266.55 204 248 175 0.482193 0.449279 0.752089 
2250.0 2258.0 2266.55 203 248 175 -0.4171 -0.842012 0.342116 
2300.0 2246.0 2266.55 204 247 175 0.996338 -0.0138825 0.0843631 
2230.0 2287.0 2266.55 205 247 174 0.160515 0.574553 0.802574 
2290.0 2247.0 2266.55 204 247 175 0.944299 0.21855 0.24604 
2240.0 2260.0 2266.55 203 247 175 -0.0900114 -0.99457 0.0522288 
2290.0 2248.0 2266.55 204 247 175 0.865024 0.159539 0.47569 
2260.0 2255.0 2266.55 204 248 176 -0.305839 -0.410346 0.859115 
2280.0 2270.0 2266.55 204 248 175 0.0797493 0.382526 0.920496 
2290.0 2244.0 2266.55 203 247 175 -0.201253 -0.904917 0.374997 
2290.0 2252.0 2266.55 204 248 175 0.858667 -0.273977 -0.43316 
2260.0 2253.0 2266.55 204 248 175 -0.168214 -0.93004 0.326696 
2300.0 2263.0 2266.55 204 248 175 0.259673 0.965696 0.00119665 
2230.0 2287.0 2266.55 204 247 175 0.00131449 0.456129 0.889912 
2190.0 2278.0 2266.55 203 248 175 0.000977516 -0.999999 0.000977516 
2260.0 2254.0 2266.55 204 248 176 -0.0886026 -0.623123 0.777089 
2240.0 2260.0 2266.55 203 247 175 -0.663062 -0.713223 0.227291 
2290.0 2244.0 2266.55 203 247 175 -0.304812 -0.708003 0.637041 
2270.0 2271.0 2266.55 204 247 175 0.189709 0.711024 0.677093 
2220.0 2267.0 2266.55 212 248 171 -0.825224 -0.435579 0.359551 
2210.0 2295.0 2266.55 203 247 175 0.505497 0.385218 0.772062 
2230.0 2287.0 2266.55 204 247 175 0.198532 0.52285 0.828983 
2260.0 2255.0 2266.55 204 248 176 0.120438 -0.17507 0.977162 
2240.0 2261.0 2266.55 203 247 175 -0.348867 -0.312621 0.883493 
2280.0 2270.0 2266.55 204 248 175 0.549945 0.664307 0.506218 
2300.0 2253.0 2266.55 204 248 175 0.717664 -0.279713 -0.637746 
2290.0 2244.0 2266.55 203 247 175 -0.352149 -0.650248 0.673178 
2190.0 2278.0 2266.55 203 248 175 0.000977516 -0.999999 0.000977516 
2260.0 2254.0 2266.55 204 248 175 -0.405708 -0.670659 0.620981 
2290.0 2263.0 2266.55 204 248 175 0.990471 0.137718 0.00110175 
2230.0 2266.0 2266.55 212 248 171 -0.238344 -0.88972 0.389345 
2190.0 2279.0 2266.55 203 248 175 0.999999 0.000977516 0.000977516 
2210.0 2296.0 2266.55 203 247 175 0.308108 0.679129 0.666223 
2220.0 2270.0 2266.55 212 248 171 -0.347998 -0.498744 0.793821 
2190.0 2294.0 2266.55 203 247 175 -0.780838 0.617981 -0.0916066 
2190.0 2297.0 2266.55 203 247 175 -0.956852 0.127318 0.261198 
2230.0 2288.0 2266.55 204 247 175 0.169421 0.731105 0.660895 
2300.0 2254.0 2266.55 204 248 175 0.614524 -0.142043 -0.776005 
2280.0 2270.0 2266.55 204 248 175 0.240451 0.970263 0.0277909 
2190.0 2288.0 2266.55 203 247 176 -0.997236 -0.0742956 0.00104642 
2210.0 2273.0 2266.55 204 248 175 -0.140396 -0.467504 0.872771 
2190.0 2279.0 2266.55 203 248 175 -0.999999 0.000977516 0.000977516 
2190.0 2279.0 2266.55 203 248 175 0.000977516 0.999999 0.000977516 
2190.0 2295.0 2266.55 203 247 175 -0.506838 0.607869 0.611237 
2220.0 2270.0 2266.55 212 247 171 -0.162549 -0.412846 0.896178 
2290.0 2245.0 2266.55 203 247 175 -0.336916 -0.466621 0.817773 
2260.0 2253.0 2266.55 204 248 175 -0.250704 -0.748959 0.613358 
2240.0 2285.0 2266.55 204 248 175 0.0814443 0.827302 0.555821 
2230.0 2287.0 2266.55 204 247 175 -0.0647708 0.458908 0.88612 
2190.0 2298.0 2266.55 203 247 175 -0.999626 0.0271802 -0.00302002 
2290.0 2267.0 2266.55 204 247 175 0.214301 0.793994 0.568901 
2210.0 2271.0 2266.55 204 248 175 -0.0705928 -0.466466 0.881718 
2190.0 2299.0 2266.55 203 247 175 -0.961553 0.261777 0.0830025 
2220.0 2269.0 2266.55 204 248 175 -0.0816161 -0.895011 0.438514 
2200.0 2300.0 2266.55 203 247 175 0.000977516 0.999999 0.000977516 
2190.0 2289.0 2266.55 203 247 176 -0.989922 -0.107928 -0.091681 
2250.0 2279.0 2266.55 204 248 175 0.205073 0.262878 0.942783 
2290.0 2267.0 2266.55 204 247 175 0.4979 0.707717 0.50123 
2210.0 2272.0 2266.55 204 248 175 -0.163863 -0.24646 0.9552 
2290.0 2246.0 2266.55 212 248 171 -0.347696 -0.644789 0.680701 
2280.0 2271.0 2266.55 204 247 175 -0.149785 0.712614 0.68538 
2290.0 2243.0 2266.55 203 247 175 0.0626009 -0.92303 0.379601 
2190.0 2279.0 2266.55 203 248 175 0.000977516 0.999999 0.000977516 
2240.0 2261.0 2266.55 203 247 175 -0.499646 -0.42429 0.755203 
2250.0 2280.0 2266.55 204 248 175 0.375247 0.422746 0.824909 
2190.0 2279.0 2266.55 203 248 175 -0.187089 -0.398833 0.897736 
2250.0 2279.0 2266.55 204 248 175 0.379567 0.701624 0.603036 
2200.0 2298.0 2266.55 203 248 175 0.323853 0.385247 0.86412 
2270.0 2251.0 2266.55 212 248 171 -0.117524 -0.840078 0.529583 
2240.0 2284.0 2266.55 204 248 175 0.261585 0.872455 0.412791 
2280.0 2271.0 2266.55 204 248 175 0.376488 0.596792 0.708587 
2290.0 2245.0 2266.55 212 248 171 -0.247787 -0.673918 0.696014 
2290.0 2245.0 2266.55 212 248 171 -0.203658 -0.402921 0.892288 
2290.0 2244.0 2266.55 203 247 175 0.300538 -0.612326 0.731255 
2250.0 2258.0 2266.55 203 248 175 -0.758887 -0.42124 0.496637 
2190.0 2295.0 2266.55 203 247 175 -0.5141 0.857729 0.0013423 
2230.0 2287.0 2266.55 204 247 175 -0.119413 0.309937 0.943228 
2200.0 2298.0 2266.55 203 248 175 0.706481 0.645605 0.289962 
2280.0 2271.0 2266.55 204 248 175 -0.14638 0.665502 0.731901 
2270.0 2251.0 2266.55 212 248 171 -0.352195 -0.663436 0.66016 
2210.0 2272.0 2266.55 204 248 175 -0.212342 -0.359681 0.908593 
2290.0 2266.0 2266.55 204 247 175 0.541589 0.83726 -0.0753392 
2280.0 2270.0 2266.55 204 248 175 0.0306885 0.438979 0.897973 
2190.0 2295.0 2266.55 203 247 175 -0.674264 0.667796 0.315303 
2260.0 2276.0 2266.55 209 248 172 -0.0319811 0.338999 0.940243 
2210.0 2271.0 2266.55 213 248 171 -0.197572 -0.505241 0.840058 
2190.0 2279.0 2266.55 203 248 175 0.999999 0.000977516 0.000977516 
2240.0 2262.0 2266.55 203 247 175 -0.351373 -0.379236 0.855989 
2250.0 2257.0 2266.55 203 248 175 0.000977516 -0.999999 0.000977516 
2280.0 2270.0 2266.55 204 248 175 0.15007 0.256315 0.954872 
2250.0 2257.0 2266.55 203 248 175 -0.359851 -0.747384 0.558502 
2220.0 2269.0 2266.55 204 248 175 -0.275846 -0.655334 0.703169 
2250.0 2278.0 2266.55 204 248 175 0.0508617 0.485248 0.872896 
2260.0 2276.0 2266.55 209 248 172 -0.255384 0.50922 0.821872 
2250.0 2280.0 2266.55 204 248 175 0.134804 0.865357 0.482686 
2280.0 2270.0 2266.55 204 248 175 -0.0979403 0.770367 0.630034 
2240.0 2284.0 2266.55 204 248 175 0.276601 0.676314 0.682709 
2230.0 2288.0 2266.55 204 247 175 0.0143987 0.909733 0.414943 
2220.0 2269.0 2266.55 204 248 175 -0.0173697 -0.885855 0.463637 
2250.0 2279.0 2266.55 204 248 175 0.242426 0.523456 0.816838 
2260.0 2276.0 2266.55 209 248 172 0.135529 0.499856 0.855439 
2270.0 2252.0 2266.55 213 248 171 -0.382214 -0.720138 0.579063 
2250.0 2257.0 2266.55 203 248 175 -0.401674 -0.583501 0.705822 
2230.0 2266.0 2266.55 203 248 175 -0.166809 -0.854712 0.49157 
2200.0 2299.0 2266.55 203 248 175 0.647826 0.553597 0.523309 
2290.0 2265.0 2266.55 204 247 175 0.797648 0.533339 -0.281615 
2270.0 2275.0 2266.55 204 248 175 0.212283 0.817059 0.536052 
2230.0 2285.0 2266.55 204 248 175 0.277335 0.404637 0.871409 
2260.0 2278.0 2266.55 204 248 175 0.0811971 0.425252 0.901425 
2210.0 2293.0 2266.55 203 248 175 0.00126437 0.362873 0.931838 
2190.0 2290.0 2266.55 203 247 176 -0.979339 0.193464 0.0588805 
2200.0 2299.0 2266.55 203 248 175 0.519371 0.837839 -0.168163 
2280.0 2271.0 2266.55 204 248 175 0.520924 0.595101 0.611959 
2290.0 2244.0 2266.55 203 247 175 0.0519768 -0.563316 0.824605 
2300.0 2262.0 2266.55 204 248 175 0.999999 0.000977516 0.000977516 
2230.0 2285.0 2266.55 204 248 175 0.269259 0.499608 0.823342 
2280.0 2271.0 2266.55 203 247 175 0.33171 0.931815 0.147274 
2230.0 2285.0 2266.55 204 248 175 0.236625 0.236625 0.942347 
2230.0 2286.0 2266.55 204 248 175 0.458882 0.41348 0.786423 
2210.0 2293.0 2266.55 203 248 175 0.249331 0.427641 0.868882 
2190.0 2279.0 2266.55 203 248 175 -0.999999 0.000977516 0.000977516 
2290.0 2266.0 2266.55 204 247 175 0.461678 0.796274 0.390898 
2290.0 2248.0 2266.55 204 248 175 0.876349 0.0622997 0.477631 
2200.0 2297.0 2266.55 203 248 175 0.299261 0.756953 0.580917 
2190.0 2280.0 2266.55 203 248 175 -0.300293 -0.423491 0.854681 
2280.0 2269.0 2266.55 204 248 175 0.194348 0.592226 0.781983 
2290.0 2244.0 2266.55 203 247 175 0.316141 -0.795913 0.516311 
2270.0 2253.0 2266.55 213 248 171 -0.354395 -0.489097 0.796987 
2290.0 2265.0 2266.55 204 248 175 0.995277 0.0970741 0.00106675 
2270.0 2275.0 2266.55 204 248 175 0.325333 0.340464 0.882181 
2290.0 2265.0 2266.55 204 248 175 0.61375 0.789499 0.00137304 
2190.0 2296.0 2266.55 203 247 175 -0.959946 0.123738 0.251383 
2230.0 2266.0 2266.55 203 248 175 0.0465462 -0.796927 0.602279 
2220.0 2269.0 2266.55 208 248 173 0.0499853 -0.898384 0.436358 
2290.0 2245.0 2266.55 203 247 175 0.639507 -0.768784 0.00137528 
2270.0 2253.0 2266.55 213 248 171 -0.207247 -0.369566 0.905798 
2260.0 2277.0 2266.55 204 248 175 0.0783133 0.343782 0.935778 
2260.0 2276.0 2266.55 209 248 172 0.321133 0.420421 0.848599 
2280.0 2268.0 2266.55 204 248 175 0.139391 0.747916 0.648993 
2280.0 2248.0 2266.55 203 248 175 -0.332686 -0.876528 0.347877 
2280.0 2248.0 2266.55 203 248 175 -0.544352 -0.547723 0.635358 
2200.0 2278.0 2266.55 203 248 175 -0.417738 -0.556434 0.718245 
2230.0 2267.0 2266.55 206 248 174 0.117393 -0.667208 0.735563 
2190.0 2282.0 2266.55 204 248 175 -0.692426 -0.660295 -0.290787 
2230.0 2266.0 2266.55 206 248 174 -0.239732 -0.52741 0.815088 
2240.0 2260.0 2266.55 203 248 175 -0.0130416 -0.973381 0.228822 
2290.0 2249.0 2266.55 204 248 175 0.980338 0.0464559 0.191779 
2270.0 2252.0 2266.55 206 248 174 -0.171257 -0.449367 0.876778 
2280.0 2271.0 2266.55 203 247 175 0.000977516 0.999999 0.000977516 
2230.0 2263.0 2266.55 203 248 175 -0.135077 -0.958652 0.250482 
2190.0 2279.0 2266.55 203 248 175 -0.3476 -0.638083 0.687041 
2230.0 2263.0 2266.55 203 248 175 -0.441945 -0.521395 0.729953 
2260.0 2277.0 2266.55 209 248 172 0.188313 0.601684 0.776218 
2280.0 2249.0 2266.55 203 248 175 0.0540848 -0.86397 0.500631 
2290.0 2250.0 2266.55 206 248 174 0.978856 -0.202399 -0.0295906 
2220.0 2269.0 2266.55 208 248 173 0.0857635 -0.760243 0.643953 
2280.0 2249.0 2266.55 203 248 175 -0.167556 -0.881491 0.441474 
2230.0 2264.0 2266.55 203 248 175 -0.427705 -0.65071 0.627411 
2190.0 2279.0 2266.55 203 248 175 -0.125718 -0.489866 0.862685 
2200.0 2296.0 2266.55 203 247 175 0.0764337 0.624449 0.777317 
2200.0 2277.0 2266.55 205 248 174 -0.434198 -0.697046 0.570613 
2190.0 2282.0 2266.55 204 248 175 -0.999999 0.000977516 0.000977516 
2280.0 2268.0 2266.55 204 248 175 0.129736 0.84401 0.5204 
2270.0 2275.0 2266.55 204 248 175 0.0478458 0.940106 0.337507 
2290.0 2268.0 2266.55 204 247 175 0.087139 0.931717 0.352578 
2200.0 2277.0 2266.55 205 248 174 -0.492213 -0.55941 0.666924 
2210.0 2293.0 2266.55 203 248 175 0.0456406 0.358605 0.932373 
2220.0 2269.0 2266.55 204 248 175 0.00627719 -0.340224 0.940324 
2190.0 2281.0 2266.55 204 248 175 -0.713786 -0.676945 0.179598 
2290.0 2251.0 2266.55 206 248 174 0.956007 -0.0678291 -0.285394 
2190.0 2280.0 2266.55 204 248 175 -0.346441 -0.778284 0.52369 
2270.0 2276.0 2266.55 204 248 175 0.410123 0.852746 0.323455 
2290.0 2268.0 2266.55 204 247 175 -0.182525 0.904002 0.386608 
2220.0 2292.0 2266.55 203 248 175 0.3195 0.759415 0.566752 
2230.0 2287.0 2266.55 204 248 175 0.108698 0.546387 0.83045 
2280.0 2249.0 2266.55 203 248 175 -0.326105 -0.663567 0.673301 
2240.0 2260.0 2266.55 203 248 175 -0.00137854 -0.663079 0.748548 
2190.0 2281.0 2266.55 204 248 175 -0.152643 -0.669515 0.726945 
2220.0 2292.0 2266.55 203 248 175 -0.00397898 0.879354 0.476151 
2220.0 2268.0 2266.55 212 248 171 -0.189009 -0.628494 0.7545 
2190.0 2280.0 2266.55 204 248 175 -0.187031 -0.495259 0.848374 
2270.0 2275.0 2266.55 204 248 175 0.406019 0.913864 0.00128895 
2280.0 2249.0 2266.55 203 248 175 0.25985 -0.468961 0.844129 
2290.0 2269.0 2266.55 204 247 175 0.131219 0.976016 0.173708 
2210.0 2293.0 2266.55 203 248 175 0.175785 0.425662 0.887644 
2190.0 2282.0 2266.55 204 248 175 -0.953306 0.289234 0.0869 
2230.0 2265.0 2266.55 203 248 175 -0.20963 -0.490141 0.84606 
2280.0 2249.0 2266.55 203 248 175 -0.0326569 -0.235855 0.971239 
2190.0 2283.0 2266.55 204 248 175 -0.736119 0.538503 0.410053 
2260.0 2276.0 2266.55 214 248 170 0.117303 0.379509 0.917722 
2270.0 2271.0 2266.55 204 248 175 0.502582 0.549647 0.667308 
2200.0 2277.0 2266.55 205 248 174 -0.154194 -0.343115 0.926551 
2270.0 2275.0 2266.55 204 248 175 0.18119 0.983442 -0.00341869 
2250.0 2260.0 2266.55 203 248 175 -0.323714 -0.511882 0.79573 
2230.0 2265.0 2266.55 203 248 175 -0.420489 -0.636551 0.646523 
2280.0 2248.0 2266.55 203 248 175 -0.400771 -0.815912 0.416738 
2230.0 2266.0 2266.55 203 248 175 -0.387587 -0.598698 0.700955 
2260.0 2277.0 2266.55 204 248 175 0.178769 0.621871 0.762442 
2260.0 2277.0 2266.55 214 248 170 0.176831 0.569789 0.802541 
2200.0 2276.0 2266.55 207 248 173 -0.160926 -0.907165 0.388785 
2220.0 2269.0 2266.55 212 248 171 -0.248787 -0.577373 0.777654 
2270.0 2275.0 2266.55 204 248 175 0.150624 0.985581 0.0770911 
2280.0 2249.0 2266.55 203 248 175 -0.111641 -0.937517 0.329543 
2230.0 2265.0 2266.55 203 248 175 -0.148834 -0.272193 0.950663 
2260.0 2277.0 2266.55 204 248 175 0.0650701 0.472104 0.879138 
2200.0 2296.0 2266.55 203 247 175 0.113825 0.767212 0.631213 
2230.0 2287.0 2266.55 204 248 175 0.286581 0.625996 0.725259 
2200.0 2276.0 2266.55 207 248 173 -0.3397 -0.61276 0.713533 
2190.0 2283.0 2266.55 204 248 175 -0.463928 0.621362 0.631411 
2200.0 2276.0 2266.55 207 248 173 -0.0590528 -0.883046 0.465556 
2220.0 2268.0 2266.55 212 248 171 -0.184449 -0.45891 0.869126 
2210.0 2293.0 2266.55 203 248 175 0.00134636 0.531813 0.846861 
2200.0 2275.0 2266.55 204 248 175 -0.409433 -0.664707 0.624924 
2230.0 2287.0 2266.55 204 248 175 0.280217 0.55885 0.78049 
2200.0 2296.0 2266.55 203 247 175 0.210291 0.83965 0.500764 
2190.0 2284.0 2266.55 214 248 170 -0.775845 0.225446 0.589269 
2260.0 2277.0 2266.55 214 248 170 0.12936 0.510173 0.850288 
2190.0 2285.0 2266.55 212 248 171 -0.884841 0.182818 0.428526 
2280.0 2271.0 2266.55 204 248 175 -0.485253 0.821317 0.299946 
2210.0 2293.0 2266.55 203 248 175 -0.140309 0.542035 0.82856 
2280.0 2247.0 2266.55 203 248 175 -0.199658 -0.324267 0.924656 
2210.0 2294.0 2266.55 203 247 175 0.276164 0.30831 0.910318 
2250.0 2260.0 2266.55 203 248 175 -0.0882004 -0.378583 0.921355 
2240.0 2284.0 2266.55 203 247 175 0.122031 0.408172 0.904712 
2260.0 2278.0 2266.55 204 248 175 0.347762 0.790077 0.504816 
2290.0 2267.0 2266.55 204 247 175 0.532669 0.660375 0.529309 
2240.0 2263.0 2266.55 204 247 175 -0.0380267 -0.629553 0.776026 
2240.0 2260.0 2266.55 203 248 175 0.0282204 -0.463621 0.885584 
2250.0 2260.0 2266.55 203 248 175 -0.0252945 -0.437995 0.898622 
2290.0 2268.0 2266.55 204 247 175 0.535839 0.815274 0.219556 
2240.0 2284.0 2266.55 203 247 175 0.297809 0.769207 0.565359 
2220.0 2268.0 2266.55 212 248 171 -0.496082 -0.417495 0.761315 
2240.0 2283.0 2266.55 204 248 175 0.0509076 0.348522 0.935917 
2210.0 2294.0 2266.55 203 247 175 0.3818 0.231439 0.894799 
2210.0 2294.0 2266.55 203 248 175 -0.233708 0.713672 0.660343 
2240.0 2283.0 2266.55 203 247 175 0.39912 0.867055 0.298193 
2200.0 2275.0 2266.55 204 248 175 -0.182749 -0.655745 0.732531 
2250.0 2259.0 2266.55 203 248 175 -0.465033 -0.347584 0.814205 
2250.0 2259.0 2266.55 203 248 175 -0.158977 -0.361568 0.918692 
2240.0 2263.0 2266.55 204 247 175 -0.480024 -0.414936 0.77292 
2240.0 2284.0 2266.55 204 248 175 0.119273 0.584586 0.802517 
2250.0 2257.0 2266.55 204 248 175 0.307734 -0.707304 0.636413 
2190.0 2286.0 2266.55 212 248 171 -0.963509 0.168647 0.207867 
2200.0 2274.0 2266.55 204 248 175 -0.337789 -0.46783 0.816721 
2280.0 2246.0 2266.55 203 248 175 -0.132718 -0.931759 0.337951 
2240.0 2283.0 2266.55 204 248 175 0.155846 0.661209 0.733836 
2200.0 2296.0 2266.55 203 247 175 0.13656 0.658792 0.739828 
2240.0 2283.0 2266.55 204 248 175 -0.122446 0.166971 0.978329 
2280.0 2272.0 2266.55 204 248 175 -0.0246647 0.925575 0.377759 
2210.0 2273.0 2266.55 205 248 174 -0.197167 -0.498185 0.844356 
2270.0 2251.0 2266.55 203 248 175 0.290556 -0.773227 0.563646 
2200.0 2296.0 2266.55 203 247 175 0.272386 0.629196 0.727955 
2190.0 2287.0 2266.55 211 248 171 -0.993536 0.113516 0.00108111 
2210.0 2293.0 2266.55 203 248 175 0.407024 0.561924 0.72012 
2250.0 2283.0 2266.55 204 248 175 -0.308848 0.465623 0.829342 
2210.0 2274.0 2266.55 211 248 171 -0.339463 -0.605837 0.719532 
2240.0 2263.0 2266.55 204 247 175 -0.0590831 -0.26776 0.961672 
2210.0 2274.0 2266.55 211 248 171 -0.276789 -0.514483 0.811601 
2290.0 2268.0 2266.55 204 247 175 0.421606 0.906778 0.00129725 
2200.0 2274.0 2266.55 211 248 171 -0.0954409 -0.350846 0.931557 
2280.0 2246.0 2266.55 203 248 175 -0.100268 -0.464621 0.879815 
2280.0 2246.0 2266.55 203 248 175 -0.50145 -0.531637 0.682576 
2210.0 2294.0 2266.55 203 248 175 0.258779 0.78261 0.566176 
2250.0 2282.0 2266.55 204 248 175 0.501791 0.46867 0.727018 
2280.0 2247.0 2266.55 203 248 175 -0.467016 -0.590884 0.657839 
2240.0 2285.0 2266.55 204 248 175 0.0069316 0.716727 0.697319 
2240.0 2263.0 2266.55 204 248 175 -0.00895141 -0.374681 0.927111 
2300.0 2255.0 2266.55 204 248 175 0.583703 -0.0670759 -0.809192 
2240.0 2262.0 2266.55 204 248 175 -0.104467 -0.354104 0.929353 
2250.0 2283.0 2266.55 204 248 175 0.520179 0.563948 0.641386 
2250.0 2257.0 2266.55 204 248 175 0.153024 -0.677246 0.719668 
2210.0 2273.0 2266.55 205 248 174 -0.141352 -0.488173 0.861224 
2270.0 2251.0 2266.55 203 248 175 0.0554688 -0.61869 0.783674 
2240.0 2285.0 2266.55 204 248 175 0.0368231 0.874207 0.484155 
2250.0 2283.0 2266.55 204 248 175 -0.041207 0.9132 0.405423 
2300.0 2256.0 2266.55 204 248 175 0.439429 -0.0557789 -0.896544 
2250.0 2258.0 2266.55 204 248 175 0.0498313 -0.750317 0.659197 
2200.0 2276.0 2266.55 204 248 175 -0.227324 -0.710193 0.666296 
2280.0 2246.0 2266.55 203 248 175 0.00969977 -0.655427 0.755196 
2200.0 2275.0 2266.55 204 248 175 -0.226365 -0.487671 0.84317 
2250.0 2281.0 2266.55 204 248 175 0.0855922 0.472862 0.87697 
2210.0 2294.0 2266.55 203 248 175 0.00120471 0.962562 0.271059 
2290.0 2246.0 2266.55 203 248 175 -0.0825339 -0.626968 0.774661 
2250.0 2282.0 2266.55 204 248 175 0.333214 0.495835 0.801945 
2280.0 2246.0 2266.55 203 248 175 0.00132606 -0.481358 0.876523 
2250.0 2258.0 2266.55 204 248 175 -0.174829 -0.612661 0.770767 
2250.0 2281.0 2266.55 204 248 175 0.524795 0.794327 0.305998 
2300.0 2257.0 2266.55 204 248 175 0.671194 -0.0921247 -0.735535 
2280.0 2249.0 2266.55 203 248 175 0.00127335 -0.378186 0.925729 
2190.0 2280.0 2266.55 206 248 174 -0.215888 -0.357881 0.908468 
2270.0 2250.0 2266.55 203 248 175 -0.312185 -0.763652 0.565134 
2250.0 2280.0 2266.55 204 248 175 0.117276 0.693264 0.711078 
2300.0 2257.0 2266.55 204 248 175 0.642136 -0.57472 -0.507304 
2300.0 2258.0 2266.55 204 248 175 0.58069 -0.584076 -0.567146 
2250.0 2281.0 2266.55 204 248 175 0.686655 0.383671 0.617496 
2300.0 2258.0 2266.55 204 247 175 0.901707 -0.317295 -0.293682 
2260.0 2257.0 2266.55 204 248 175 -0.268296 -0.49472 0.826601 
2270.0 2250.0 2266.55 203 248 175 -0.53099 -0.568076 0.62876 
2220.0 2290.0 2266.55 203 248 175 0.067759 0.463251 0.883633 
2270.0 2251.0 2266.55 203 248 175 -0.342095 -0.582048 0.737693 
2220.0 2290.0 2266.55 203 248 175 0.322831 0.162108 0.93247 
2270.0 2251.0 2266.55 203 248 175 -0.170302 -0.562148 0.809312 
2300.0 2260.0 2266.55 204 247 175 0.781532 0.60819 -0.138972 
2220.0 2293.0 2266.55 203 248 175 -0.0314183 0.864687 0.501327 
2270.0 2252.0 2266.55 203 248 175 0.00130049 -0.427862 0.903843 
2300.0 2260.0 2266.55 204 247 175 0.396466 0.788076 -0.470904 
2220.0 2292.0 2266.55 203 248 175 0.278614 0.942896 0.18254 
2300.0 2259.0 2266.55 204 247 175 0.998999 0.00718704 -0.044149 
2220.0 2292.0 2266.55 203 248 175 0.698851 0.485359 0.525389 
2300.0 2260.0 2266.55 204 247 175 0.663079 0.748548 0.00137854 
2260.0 2255.0 2266.55 204 248 175 -0.417562 -0.620521 0.663774 
2220.0 2292.0 2266.55 203 248 175 0.176323 0.951608 0.251698 
2300.0 2261.0 2266.55 204 247 175 0.954848 0.297091 0.0012226 
2270.0 2250.0 2266.55 203 248 175 -0.166709 -0.554195 0.815522 
2260.0 2256.0 2266.55 204 248 175 -0.615975 -0.568722 0.545096 
2220.0 2289.0 2266.55 203 248 175 0.314319 0.34139 0.885808 
2300.0 2262.0 2266.55 204 247 175 0.294171 -0.955752 0.00122063 
2220.0 2289.0 2266.55 203 248 175 0.454115 0.361698 0.81422 
2260.0 2255.0 2266.55 204 248 175 -0.145347 -0.201943 0.968552 
2220.0 2290.0 2266.55 203 248 175 0.275801 0.706243 0.652039 
2260.0 2254.0 2266.55 204 248 175 -0.0745475 -0.856593 0.51058 
2260.0 2255.0 2266.55 204 248 175 -0.212813 -0.546578 0.809915 
2260.0 2255.0 2266.55 204 248 175 0.276604 -0.679518 0.679518 
2260.0 2257.0 2266.55 204 248 175 -0.300726 -0.232315 0.924983 
2270.0 2271.0 2266.3139 204 247 175 0.00133413 0.865851 0.500299 
2290.0 2245.0 2266.0531 204 247 175 0.834731 -0.538583 -0.114685 
2260.0 2254.0 2265.7295 204 248 175 -0.206708 -0.892802 0.400221 
2290.0 2262.0 2266.3979 204 248 175 0.43047 -0.144443 -0.890972 
2190.0 2289.0 2265.4831 203 248 175 -0.409277 0.0276361 -0.911991 
2240.0 2262.0 2266.2735000000002 203 247 175 -0.0320504 -0.815194 0.5783 
2190.0 2288.0 2266.283 203 247 176 -0.792868 -0.0236885 -0.608933 
2190.0 2289.0 2265.9802 203 247 176 -0.603193 0.0207998 -0.797324 
2200.0 2277.0 2265.7607000000003 203 248 175 -0.463035 -0.687031 0.559988 
2290.0 2253.0 2266.4223 204 248 175 0.80522 -0.103383 -0.583894 
2250.0 2257.0 2266.1927 203 248 175 -0.0693865 -0.986699 -0.147005 
2290.0 2254.0 2266.2247 204 248 175 0.687083 -0.101518 -0.719451 
2210.0 2272.0 2265.9478 204 248 175 -0.179272 -0.700233 0.691039 
2300.0 2262.0 2265.6031000000003 204 248 175 0.10173 0.00107084 -0.994811 
2280.0 2269.0 2266.4395 204 248 175 0.354414 0.768706 0.53243 
2290.0 2263.0 2265.5202 204 248 175 0.528932 0.263686 -0.80666 
2190.0 2290.0 2265.5047 203 248 175 -0.526218 0.0400533 -0.849406 
2260.0 2255.0 2266.5199000000002 204 248 176 0.00137747 -0.756234 0.6543 
2270.0 2251.0 2266.2027000000003 212 248 171 -0.333481 -0.768457 0.546136 
2210.0 2272.0 2266.2271 204 248 175 -0.352975 -0.51415 0.781702 
2240.0 2260.0 2266.4172000000003 203 248 175 0.0370136 -0.865021 0.500369 
2220.0 2269.0 2266.0578 204 248 175 -0.404117 -0.777398 0.482019 
2190.0 2293.0 2265.7228 203 248 175 -0.754146 0.58833 -0.291773 
2280.0 2269.0 2265.7180000000003 204 248 175 0.319444 0.802584 0.5038 
2290.0 2265.0 2266.5322 204 248 175 0.0246997 0.380895 -0.924288 
2190.0 2294.0 2266.5163000000002 203 247 175 -0.453147 0.673869 -0.583574 
2230.0 2287.0 2266.4659 204 247 175 0.0123042 0.827118 0.561893 
2270.0 2253.0 2266.2165 213 248 171 -0.357582 -0.713531 0.602501 
2290.0 2245.0 2265.6721000000002 212 248 171 -0.249445 -0.895936 0.367526 
2240.0 2284.0 2266.2805000000003 204 248 175 0.19488 0.947142 0.254842 
2250.0 2259.0 2266.0557 203 248 175 -0.307692 -0.729762 0.610551 
2230.0 2288.0 2266.071 203 248 175 0.291111 0.574268 0.765161 
2240.0 2262.0 2266.5185 203 247 175 -0.252919 -0.76504 0.592238 
2290.0 2255.0 2266.0115 205 247 174 0.642955 -0.0181311 -0.765689 
2250.0 2280.0 2266.4120000000003 204 248 175 0.481708 0.754621 0.445539 
2220.0 2288.0 2266.3537 205 247 174 0.283 0.545447 0.788922 
2190.0 2290.0 2266.2719 203 247 176 -0.689308 0.127096 -0.713232 
2250.0 2279.0 2266.3293000000003 204 248 175 0.0558382 0.751669 0.657173 
2210.0 2295.0 2266.2641000000003 203 247 175 0.534934 0.588933 0.605808 
2260.0 2279.0 2266.3520000000003 204 248 175 0.295033 0.848027 0.440233 
2290.0 2245.0 2266.4533 212 248 171 -0.442815 -0.797066 0.41061 
2210.0 2293.0 2266.4862000000003 203 248 175 0.00963311 0.805053 0.593125 
2260.0 2277.0 2266.5226000000002 204 248 175 0.0909623 0.883034 0.460409 
2190.0 2279.0 2266.5309 203 248 175 0.000977516 0.000977516 -0.999999 
2230.0 2288.0 2265.5459 203 248 175 0.216599 0.69343 0.687197 
2290.0 2262.0 2265.5171 204 247 175 0.467099 -0.0911754 -0.879492 
2210.0 2271.0 2266.4033 204 248 175 -0.233713 -0.632122 0.738783 
2270.0 2249.0 2265.8547000000003 203 248 175 -0.312733 -0.844845 0.434092 
2260.0 2276.0 2266.4417000000003 209 248 172 -0.065881 0.39663 0.915611 
2290.0 2244.0 2265.8018 203 247 175 -0.402458 -0.840934 0.361743 
2210.0 2293.0 2266.5238 203 248 175 0.23083 0.895384 0.380795 
2190.0 2279.0 2266.1541 203 248 175 0.000977516 0.000977516 -0.999999 
2260.0 2277.0 2266.3016000000002 204 248 175 0.119296 0.866692 0.48437 
2280.0 2271.0 2266.0059 203 247 175 0.116859 0.852635 0.509272 
2210.0 2294.0 2266.291 203 248 175 0.339594 0.529509 0.777365 
2190.0 2294.0 2265.4828 203 247 175 -0.390228 0.399707 -0.829431 
2220.0 2269.0 2266.5314000000003 208 248 173 -0.134606 -0.815029 0.563568 
2240.0 2261.0 2266.5317 203 247 175 -0.476303 -0.761102 0.440294 
2260.0 2276.0 2266.0856000000003 209 248 172 0.451095 0.731997 0.510581 
2190.0 2280.0 2265.6539000000002 203 248 175 -0.442058 -0.612209 0.65558 
2270.0 2275.0 2266.4051 204 248 175 0.458081 0.883942 -0.0938575 
2210.0 2294.0 2266.0207 203 248 175 0.11373 0.624776 0.772477 
2290.0 2256.0 2266.0428 205 247 174 0.516063 0.0717145 -0.853543 
2190.0 2295.0 2265.9851 203 247 175 -0.472076 0.613194 -0.633354 
2260.0 2277.0 2266.0255 209 248 172 0.0495367 0.413698 0.909065 
2190.0 2294.0 2265.5194 203 247 175 -0.037648 0.0656151 -0.997135 
2190.0 2280.0 2266.1856000000002 203 248 175 -0.291993 -0.579199 0.761097 
2290.0 2244.0 2266.2455 203 247 175 0.198511 -0.937027 0.287355 
2230.0 2287.0 2266.5213000000003 204 247 175 -0.104245 0.863952 0.492667 
2250.0 2260.0 2266.4078 203 248 175 -0.175512 -0.743253 0.645577 
2260.0 2277.0 2266.0754 204 248 175 -0.0041487 0.68177 0.731555 
2230.0 2285.0 2266.5108 204 248 175 0.298912 0.762464 0.573846 
2270.0 2251.0 2266.5288 203 248 175 0.00137991 -0.73549 0.677534 
2230.0 2266.0 2265.677 206 248 174 -0.0181855 -0.734414 0.678458 
2210.0 2296.0 2265.6275 203 247 175 0.286382 0.886135 0.36435 
2190.0 2282.0 2266.5449000000003 204 248 175 -0.865851 0.00133413 -0.500299 
2260.0 2277.0 2266.1003 214 248 170 0.0282523 0.466835 0.883893 
2290.0 2263.0 2265.4695 204 247 175 0.255931 0.113025 -0.960065 
2280.0 2247.0 2266.5223 203 248 175 -0.443832 -0.832772 0.330913 
2250.0 2259.0 2266.3082 203 248 175 -0.315224 -0.687027 0.654696 
2290.0 2258.0 2265.5388000000003 205 247 174 0.330983 0.0804381 -0.940202 
2280.0 2249.0 2266.5174 203 248 175 -0.515343 -0.400822 0.757472 
2230.0 2286.0 2266.1948 204 248 175 0.480149 0.557106 0.677562 
2280.0 2246.0 2265.9682000000003 203 248 175 -0.466539 -0.859571 0.208517 
2210.0 2294.0 2265.9770000000003 203 248 175 -0.0608509 0.825025 0.56181 
2220.0 2268.0 2265.8784 212 248 171 -0.215809 -0.610164 0.762317 
2280.0 2246.0 2266.4311000000002 203 248 175 0.00136724 -0.799835 0.600218 
2260.0 2277.0 2265.8683 209 248 172 0.271931 0.548577 0.790643 
2200.0 2299.0 2265.5129 203 247 175 -0.0267491 0.69407 -0.719411 
2210.0 2272.0 2266.5129 204 248 175 -0.275089 -0.117143 0.954256 
2290.0 2265.0 2266.5092 204 247 175 0.38232 0.475884 -0.792064 
2290.0 2257.0 2265.7377 205 247 174 0.355889 0.149334 -0.92252 
2260.0 2256.0 2265.7537 210 248 172 -0.513842 -0.594709 0.618295 
2220.0 2268.0 2266.2786 212 248 171 -0.293497 -0.643128 0.70728 
2290.0 2257.0 2266.0667000000003 205 247 174 0.345198 -0.0295151 -0.938066 
2270.0 2250.0 2265.7387 203 248 175 -0.492368 -0.724461 0.482421 
2210.0 2271.0 2265.9773 212 248 171 -0.032169 -0.801428 0.597225 
2230.0 2266.0 2266.0721000000003 206 248 174 -0.311711 -0.67349 0.67026 
2250.0 2257.0 2265.5237 204 248 175 -0.129021 -0.784508 0.606548 
2260.0 2279.0 2265.6932 213 248 171 0.00128895 0.406019 0.913864 
2240.0 2283.0 2266.2849 204 248 175 0.0323091 0.768396 0.639159 
2290.0 2258.0 2265.8922000000002 205 247 174 0.240166 0.0529597 -0.969286 
2210.0 2271.0 2266.4155 213 248 171 -0.188156 -0.891187 0.412776 
2250.0 2257.0 2265.9745000000003 204 248 175 -0.359117 -0.628045 0.690358 
2210.0 2294.0 2265.5824000000002 203 248 175 0.346584 0.909239 0.230573 
2190.0 2287.0 2265.8822 211 248 171 -0.955095 0.239108 -0.174989 
2290.0 2266.0 2266.2229 204 247 175 0.602749 0.582489 -0.545344 
2290.0 2258.0 2265.9645 205 247 174 0.175387 -0.0834599 -0.980956 
2200.0 2298.0 2266.1315 203 248 175 0.400554 0.837236 0.37228 
2230.0 2287.0 2266.2325 204 248 175 0.148567 0.881305 0.448586 
2240.0 2283.0 2266.367 204 248 175 -0.13076 0.824228 0.550954 
2190.0 2279.0 2265.5835 203 248 175 -0.335384 -0.730716 0.594618 
2290.0 2259.0 2265.572 205 247 174 0.307228 0.0136822 -0.951537 
2230.0 2287.0 2265.9656 204 248 175 0.381813 0.81315 0.439325 
2190.0 2295.0 2265.5759000000003 203 247 175 -0.327084 0.35751 -0.874759 
2290.0 2268.0 2266.2417 204 247 175 0.340416 0.871648 -0.352628 
2250.0 2283.0 2265.7766 204 248 175 0.56346 0.703078 0.433814 
2230.0 2265.0 2266.4601000000002 203 248 175 -0.441021 -0.826718 0.34934 
2240.0 2285.0 2265.8313000000003 204 248 175 0.259597 0.769352 0.583701 
2260.0 2257.0 2266.5184 204 248 175 -0.51308 -0.496368 0.700263 
2200.0 2297.0 2266.4704 203 248 175 0.196114 0.687171 0.699525 
2220.0 2270.0 2266.3806 212 248 171 -0.378327 -0.725537 0.574861 
2220.0 2290.0 2266.0819 203 248 175 0.407325 0.552445 0.727249 
2290.0 2260.0 2265.5738 205 247 174 0.324457 -0.0239871 -0.945596 
2200.0 2297.0 2266.1686 203 247 175 0.185989 0.696305 0.69323 
2260.0 2255.0 2266.4876 204 248 175 -0.421006 -0.808395 0.411401 
2190.0 2279.0 2266.2747 203 248 175 -0.270309 -0.814052 0.514056 
2300.0 2257.0 2266.5409 204 248 175 0.297441 -0.196898 -0.934216 
2200.0 2297.0 2265.8766 203 247 175 0.162228 0.762623 0.62617 
2290.0 2259.0 2265.9082000000003 205 247 174 0.155358 0.01701 -0.987712 
2250.0 2282.0 2266.0554 204 248 175 0.324398 0.83215 0.449769 
2190.0 2280.0 2266.4993 203 248 175 -0.230358 -0.637794 0.734952 
2290.0 2259.0 2265.9748 205 247 174 0.1093 0.0507062 -0.992715 
2240.0 2263.0 2266.5328 204 247 175 0.00136724 -0.799835 0.600218 
2290.0 2260.0 2265.9159 205 247 174 0.28256 0.0012127 -0.959249 
2300.0 2258.0 2266.1921 204 248 175 0.214742 -0.217443 -0.952158 
2190.0 2279.0 2266.3258 203 248 175 -0.190116 -0.84579 0.498492 
2290.0 2260.0 2266.0263 205 247 174 0.186642 0.186642 -0.964536 
2220.0 2289.0 2266.0929 203 248 175 0.356115 0.57076 0.739875 
2290.0 2261.0 2265.5188000000003 205 247 174 0.24677 -0.112403 -0.962533 
2200.0 2296.0 2266.3242 203 247 175 0.312708 0.801613 0.50954 
2300.0 2259.0 2265.9667 204 247 175 0.142691 0.125617 -0.981764 
2290.0 2261.0 2265.7200000000003 205 247 174 0.442827 -0.148571 -0.884212 
2290.0 2261.0 2266.4969 205 247 174 0.3477 0.0926306 -0.933019 
2300.0 2259.0 2266.2593 204 247 175 0.334305 0.0138768 -0.942363 
2220.0 2289.0 2265.5892 203 248 175 0.321532 0.612366 0.722236 
2300.0 2260.0 2266.3969 204 247 175 0.190913 0.270575 -0.943579 
2200.0 2276.0 2266.1638000000003 205 248 174 -0.29181 -0.847639 0.443119 
2280.0 2270.0 2266.3375 204 248 175 0.40305 0.665116 0.628626 
2200.0 2275.0 2265.5394 204 248 175 -0.352353 -0.786761 0.506809 
2200.0 2275.0 2266.3447 204 248 175 -0.332552 -0.806717 0.488485 
2200.0 2274.0 2266.5356 204 248 175 -0.184957 -0.921961 0.340264 
2210.0 2273.0 2265.9507000000003 205 248 174 -0.258932 -0.820208 0.510111 
2210.0 2273.0 2266.3733 205 248 174 -0.245267 -0.822183 0.513672 
2200.0 2274.0 2266.4681 211 248 171 -0.186284 -0.816319 0.546737 
2170.0 2330.0 2266.55 203 247 175 0.00314019 -0.0701309 0.997533 
2300.0 2305.0 2266.55 203 247 175 -0.0408413 -0.0960322 0.99454 
2180.0 2330.0 2266.55 203 247 175 0.00949661 -0.0749177 0.997145 
2180.0 2331.0 2266.55 203 247 175 0.0204179 -0.0848956 0.996181 
2300.0 2306.0 2266.55 203 247 175 -0.0406794 -0.0912538 0.994996 
2190.0 2332.0 2266.55 203 247 175 0.0158048 -0.0642727 0.997807 
2300.0 2303.0 2266.55 203 247 175 -0.0293749 -0.0903005 0.995481 
2230.0 2332.0 2266.55 204 247 175 -0.0136941 -0.0684703 0.997559 
2310.0 2302.0 2266.55 203 247 175 -0.0139096 -0.0866674 0.99614 
2190.0 2332.0 2266.55 203 247 175 0.0114059 -0.052882 0.998536 
2310.0 2301.0 2266.55 203 247 175 -0.00744403 -0.0840112 0.996437 
2190.0 2333.0 2266.55 203 247 175 0.0114507 -0.0572536 0.998294 
2240.0 2331.0 2266.55 204 247 175 -0.0158048 -0.0642727 0.997807 
2200.0 2333.0 2266.55 203 247 175 0.00940573 -0.0616598 0.998053 
2200.0 2334.0 2266.55 203 247 175 0.00728622 -0.0593306 0.998212 
2240.0 2329.0 2266.55 204 247 175 -0.0178762 -0.062041 0.997913 
2200.0 2334.0 2266.55 203 247 175 0.00310338 -0.0589643 0.998255 
2260.0 2322.0 2266.55 204 247 175 -0.036065 -0.0863375 0.995613 
2210.0 2335.0 2266.55 203 247 175 0.00102833 -0.0545017 0.998513 
2230.0 2333.0 2266.55 204 247 175 -0.00718638 -0.0461981 0.998906 
2210.0 2335.0 2266.55 204 247 175 -0.00309134 -0.0546137 0.998503 
2220.0 2334.0 2266.55 204 247 175 -0.00514272 -0.0503986 0.998716 
2220.0 2334.0 2266.55 204 247 175 -0.00513319 -0.0461987 0.998919 
2230.0 2332.0 2266.55 204 247 175 -0.00717296 -0.0420131 0.999091 
2230.0 2332.0 2266.55 204 247 175 -0.00922223 -0.0420124 0.999075 
2260.0 2323.0 2266.55 204 247 175 -0.0335406 -0.0768188 0.996481 
2270.0 2320.0 2266.55 204 247 175 -0.0381786 -0.0818113 0.995916 
2270.0 2318.0 2266.55 204 247 175 -0.0451765 -0.0892511 0.994984 
2270.0 2319.0 2266.55 204 247 175 -0.0427122 -0.0843292 0.995522 
2280.0 2315.0 2266.55 204 247 175 -0.0450863 -0.0868737 0.995199 
2250.0 2327.0 2266.55 204 247 175 -0.0268228 -0.0761766 0.996733 
2250.0 2327.0 2266.55 204 247 175 -0.0223053 -0.0690401 0.997365 
2250.0 2328.0 2266.55 204 247 175 -0.0178785 -0.0599456 0.998042 
2260.0 2325.0 2266.55 204 247 175 -0.028976 -0.0719035 0.996991 
2260.0 2323.0 2266.55 204 247 175 -0.0289185 -0.0696187 0.997154 
2280.0 2313.0 2266.55 204 247 175 -0.0476695 -0.0942305 0.994408 
2280.0 2314.0 2266.55 204 247 175 -0.0451852 -0.0870642 0.995177 
2290.0 2311.0 2266.55 204 247 175 -0.0475744 -0.0918297 0.994638 
2290.0 2309.0 2266.55 204 247 175 -0.047584 -0.089635 0.994837 
2290.0 2310.0 2266.55 204 247 175 -0.0475744 -0.0918297 0.994638 
2290.0 2306.0 2266.55 204 247 175 -0.0452757 -0.0894472 0.994962 
2170.0 2297.0 2263.4145000000003 203 248 175 -0.00102236 -0.0480509 0.998844 
2230.0 2323.0 2265.8834 204 247 175 -0.018445 -0.0987348 0.994943 
2300.0 2219.0 2265.1123000000002 203 247 175 -0.0416552 0.120462 0.991844 
2240.0 2202.0 2265.1141000000002 204 247 175 -0.00695089 0.00893687 0.999936 
2300.0 2288.0 2264.9037000000003 203 247 175 -0.0536935 -0.126808 0.990473 
2170.0 2301.0 2263.6773000000003 203 248 175 0.017982 -0.0687547 0.997472 
2240.0 2306.0 2263.9678 203 247 175 -0.0183018 -0.0893557 0.995832 
2240.0 2323.0 2265.9618 204 247 175 -0.0184129 -0.0942308 0.99538 
2230.0 2219.0 2264.5654 205 247 174 0.00102845 0.0524508 0.998623 
2230.0 2327.0 2266.26 204 247 175 -0.0138308 -0.0776654 0.996884 
2310.0 2288.0 2265.1144 203 247 175 -0.0325054 -0.122176 0.991976 
2250.0 2202.0 2265.1506 204 247 175 -0.00895451 0.00895451 0.99992 
2170.0 2306.0 2264.0713 203 248 175 0.0250159 -0.0946254 0.995199 
2310.0 2219.0 2265.2737 203 247 175 -0.0275231 0.104588 0.994135 
2240.0 2219.0 2264.5657 205 247 174 -0.00102634 0.0523433 0.998629 
2240.0 2206.0 2265.0743 204 247 175 -0.00700582 0.0170141 0.999831 
2300.0 2293.0 2265.4390000000003 203 247 175 -0.0488313 -0.12151 0.991388 
2240.0 2327.0 2266.3246 204 247 175 -0.0159607 -0.0755475 0.997014 
2240.0 2306.0 2264.0654 203 247 175 -0.0207393 -0.103696 0.994393 
2250.0 2206.0 2265.1089 204 247 175 -0.00902508 0.0190529 0.999778 
2240.0 2323.0 2266.0468 204 247 175 -0.0205381 -0.091881 0.995558 
2310.0 2293.0 2265.6109 203 247 175 -0.0276781 -0.114034 0.993091 
2240.0 2327.0 2266.3979 204 247 175 -0.0181266 -0.0757054 0.996965 
2170.0 2202.0 2265.4937 205 247 174 0.000981342 0.00490671 0.999987 
2170.0 2310.0 2264.4773 203 247 175 0.027463 -0.104359 0.99416 
2230.0 2332.0 2266.467 204 247 175 -0.00947957 -0.0705702 0.997462 
2310.0 2288.0 2265.192 203 247 175 -0.0188053 -0.122787 0.992255 
2230.0 2332.0 2266.5056 204 247 175 -0.0115633 -0.0683285 0.997596 
2250.0 2202.0 2265.1964000000003 204 247 175 -0.0109877 0.0109877 0.999879 
2180.0 2310.0 2264.3457000000003 203 247 175 0.0527552 -0.102143 0.99337 
2300.0 2223.0 2264.5233000000003 203 247 175 -0.0588789 0.132766 0.989397 
2250.0 2206.0 2265.1524 204 247 175 -0.0110526 0.0190908 0.999757 
2180.0 2202.0 2265.4867 205 247 174 0.0029498 0.00491634 0.999984 
2260.0 2297.0 2263.8293000000003 204 248 175 -0.02006 -0.0644032 0.997722 
2310.0 2223.0 2264.7715000000003 203 247 175 -0.0414206 0.110828 0.992976 
2230.0 2223.0 2264.3229 205 247 174 0.00103246 0.0567851 0.998386 
2240.0 2210.0 2264.9656 204 247 175 -0.00506296 0.0334156 0.999429 
2170.0 2206.0 2265.4757 205 247 174 0.000985198 0.00689638 0.999976 
2310.0 2293.0 2265.6725 203 247 175 -0.0142125 -0.11042 0.993783 
2250.0 2301.0 2263.6708000000003 204 247 175 -0.0139121 -0.084543 0.996323 
2250.0 2210.0 2264.9948 204 247 175 -0.00711637 0.0355818 0.999341 
2240.0 2223.0 2264.3169000000003 205 247 174 0.00103233 0.058843 0.998267 
2250.0 2301.0 2263.8109 204 247 175 -0.0386287 -0.0982274 0.994414 
2250.0 2210.0 2265.0321 204 247 175 -0.0091868 0.0357264 0.999319 
2250.0 2306.0 2264.1825 204 247 175 -0.0323072 -0.116974 0.992609 
2300.0 2297.0 2265.9632 203 247 175 -0.0390983 -0.110592 0.993097 
2240.0 2219.0 2264.5708 205 247 174 -0.00103033 0.0566683 0.998393 
2240.0 2223.0 2264.3111 205 247 174 0.00103648 0.0611522 0.998128 
2260.0 2202.0 2265.2509 204 247 175 -0.0130111 0.0110094 0.999855 
2230.0 2228.0 2264.0706 205 247 174 0.00310338 0.0589643 0.998255 
2240.0 2228.0 2264.0608 205 247 174 0.00310942 0.0611519 0.998124 
2310.0 2297.0 2266.0981 203 247 175 -0.0207844 -0.103922 0.994368 
2310.0 2219.0 2265.3358000000003 203 247 175 -0.0184808 0.101101 0.994704 
2240.0 2228.0 2264.0459 205 247 174 0.00520318 0.0634788 0.99797 
2260.0 2206.0 2265.2042 204 247 175 -0.013114 0.0211841 0.99969 
2310.0 2297.0 2266.1455 203 247 175 -0.0119309 -0.10304 0.994606 
2230.0 2228.0 2264.0952 205 247 174 0.00519307 0.0612782 0.998107 
2250.0 2306.0 2264.3335 204 247 175 -0.0370031 -0.117737 0.992355 
2260.0 2202.0 2265.3132 204 247 175 -0.0150425 0.0110312 0.999826 
2230.0 2228.0 2264.0802000000003 205 247 174 0.00310981 0.0590863 0.998248 
2260.0 2301.0 2264.0127 204 247 175 -0.0430628 -0.0916464 0.99486 
2260.0 2301.0 2264.2136 204 247 175 -0.041094 -0.101069 0.99403 
2230.0 2232.0 2263.8202 205 247 174 0.00311587 0.0612787 0.998116 
2290.0 2297.0 2265.5171 203 247 175 -0.0562257 -0.127368 0.990261 
2260.0 2206.0 2265.2633 204 247 175 -0.0131405 0.021227 0.999688 
2230.0 2232.0 2263.8086000000003 205 247 174 0.00103447 0.0589646 0.99826 
2260.0 2210.0 2265.0765 204 247 175 -0.0112723 0.0399655 0.999137 
2300.0 2297.0 2265.7607000000003 203 247 175 -0.0511107 -0.119258 0.991547 
2290.0 2301.0 2266.0151 203 247 175 -0.0507062 -0.1093 0.992715 
2300.0 2301.0 2266.2247 203 247 175 -0.04581 -0.106145 0.993295 
2300.0 2301.0 2266.3923 203 247 175 -0.0364164 -0.100421 0.994278 
2290.0 2306.0 2266.4705 203 247 175 -0.0505045 -0.104376 0.993255 
2310.0 2301.0 2266.5011 203 247 175 -0.0206227 -0.0944304 0.995318 
2230.0 2232.0 2263.8003 205 247 174 0.00310338 0.0589643 0.998255 
2310.0 2301.0 2266.5389 203 247 175 -0.00964709 -0.0911114 0.995794 
2230.0 2236.0 2263.5573 205 247 174 0.00310942 0.0611519 0.998124 
2230.0 2236.0 2263.5563 205 247 174 -0.00103233 0.058843 0.998267 
2230.0 2236.0 2263.558 205 247 174 -0.00103033 0.0566683 0.998393 
2240.0 2232.0 2263.788 205 247 174 0.00310981 0.0590863 0.998248 
2180.0 2206.0 2265.4683 205 247 174 0.00296142 0.00690997 0.999972 
2240.0 2310.0 2264.5686 204 247 175 -0.0301318 -0.121643 0.992116 
2170.0 2314.0 2264.9909000000002 203 247 175 0.0232463 -0.116232 0.99295 
2180.0 2202.0 2265.466 205 247 174 0.00493571 0.00493571 0.999976 
2250.0 2310.0 2264.7021 204 247 175 -0.0324333 -0.121904 0.992012 
2310.0 2223.0 2264.8803000000003 203 247 175 -0.0251194 0.0972013 0.994948 
2250.0 2310.0 2264.8528 204 247 175 -0.034754 -0.119957 0.992171 
2180.0 2314.0 2264.8753 203 247 175 0.0464605 -0.12125 0.991534 
2180.0 2206.0 2265.4469 205 247 174 0.00693712 0.00891915 0.999936 
2260.0 2210.0 2265.1271 204 247 175 -0.0113177 0.0421842 0.999046 
2240.0 2314.0 2265.1194 204 247 175 -0.027786 -0.118924 0.992514 
2310.0 2228.0 2264.4762 203 247 175 -0.0294967 0.0928601 0.995242 
2170.0 2210.0 2265.4274 205 247 174 0.000990998 0.012883 0.999917 
2240.0 2232.0 2263.7648 205 247 174 0.0072853 0.0614047 0.998086 
2250.0 2314.0 2265.2437 204 247 175 -0.0300148 -0.116724 0.992711 
2240.0 2236.0 2263.5534000000002 205 247 174 0.00102634 0.0523433 0.998629 
2240.0 2215.0 2264.7901 204 247 175 -0.00307364 0.0461045 0.998932 
2240.0 2236.0 2263.5342 205 247 174 0.00720045 0.0483458 0.998805 
2310.0 2232.0 2264.0817 203 247 175 -0.0289715 0.0740383 0.996834 
2180.0 2314.0 2264.5864 203 247 175 0.0685652 -0.13132 0.988966 
2260.0 2306.0 2264.5176 204 247 175 -0.043828 -0.115751 0.992311 
2250.0 2215.0 2264.8101 204 247 175 -0.00513269 0.0482473 0.998822 
2310.0 2236.0 2263.8194000000003 203 247 175 -0.019944 0.0556334 0.998252 
2260.0 2306.0 2264.7165 204 247 175 -0.0460828 -0.113521 0.992466 
2180.0 2210.0 2265.4193 205 247 174 0.00298473 0.0149236 0.999884 
2260.0 2297.0 2263.9471000000003 204 247 175 -0.0293806 -0.0881417 0.995675 
2250.0 2236.0 2263.494 203 248 175 0.01134 0.0443292 0.998953 
2270.0 2297.0 2264.0950000000003 204 247 175 -0.0365687 -0.103057 0.994003 
2240.0 2241.0 2263.3447 203 248 175 -0.00100069 0.0250172 0.999686 
2170.0 2319.0 2265.4749 203 247 175 0.0164979 -0.115485 0.993172 
2270.0 2297.0 2264.2863 204 247 175 -0.0460828 -0.113521 0.992466 
2280.0 2297.0 2264.5079 204 247 175 -0.0510967 -0.121497 0.991276 
2250.0 2314.0 2265.3796 204 247 175 -0.0322523 -0.112327 0.993148 
2260.0 2301.0 2264.3982 204 247 175 -0.0414103 -0.113039 0.992727 
2180.0 2319.0 2265.3937 203 247 175 0.0324333 -0.121904 0.992012 
2170.0 2236.0 2264.6424 203 247 175 0.00508281 0.0376128 0.999279 
2270.0 2301.0 2264.5919 204 247 175 -0.0462651 -0.118484 0.991878 
2180.0 2210.0 2265.3956000000003 205 247 174 0.00699205 0.014983 0.999863 
2250.0 2215.0 2264.8358000000003 204 247 175 -0.00515331 0.0505024 0.998711 
2180.0 2319.0 2265.1808 203 247 175 0.0542413 -0.137334 0.989039 
2260.0 2306.0 2264.9186 204 247 175 -0.0461858 -0.113775 0.992432 
2260.0 2310.0 2265.0223 204 247 175 -0.0414918 -0.115504 0.99244 
2250.0 2219.0 2264.5793000000003 204 247 175 -0.00309736 0.0567849 0.998382 
2170.0 2323.0 2265.9713 203 247 175 0.00970123 -0.100246 0.994915 
2270.0 2306.0 2265.1258000000003 204 247 175 -0.0485296 -0.116245 0.992034 
2260.0 2310.0 2265.2065000000002 204 247 175 -0.0437417 -0.11328 0.9926 
2250.0 2219.0 2264.5899 204 247 175 -0.00310942 0.0611519 0.998124 
2180.0 2236.0 2264.6202000000003 203 247 175 0.00920488 0.0378423 0.999241 
2270.0 2301.0 2264.8058 204 247 175 -0.0510967 -0.121497 0.991276 
2260.0 2314.0 2265.53 204 247 175 -0.0367043 -0.110113 0.993241 
2180.0 2323.0 2265.9203 203 247 175 0.02082 -0.108483 0.99388 
2260.0 2314.0 2265.6946000000003 204 247 175 -0.0389442 -0.105706 0.993635 
2280.0 2301.0 2265.0385 204 247 175 -0.0558766 -0.122016 0.990954 
2180.0 2323.0 2265.7839 203 247 175 0.0370656 -0.122429 0.991785 
2170.0 2241.0 2264.4787 203 247 175 0.00509315 0.0376893 0.999277 
2240.0 2319.0 2265.6044 204 247 175 -0.0252616 -0.106538 0.993988 
2270.0 2306.0 2265.3432000000003 204 247 175 -0.0507942 -0.114005 0.992181 
2180.0 2241.0 2264.4532 203 247 175 0.0112502 0.0378415 0.99922 
2190.0 2202.0 2265.4333 205 247 174 0.00890162 0.00494534 0.999948 
2260.0 2215.0 2264.8661 204 247 175 -0.00724278 0.0548382 0.998469 
2190.0 2206.0 2265.413 205 247 174 0.00893672 0.00893672 0.99992 
2190.0 2319.0 2264.9129000000003 203 247 175 0.0572098 -0.152949 0.986577 
2190.0 2202.0 2265.3909000000003 205 247 174 0.0109011 0.00495505 0.999928 
2180.0 2236.0 2264.5554 203 247 175 0.0196287 0.0402904 0.998995 
2260.0 2215.0 2264.8996 204 247 175 -0.00728622 0.0593306 0.998212 
2180.0 2241.0 2264.3785000000003 203 247 175 0.0217388 0.040372 0.998948 
2250.0 2241.0 2263.3301 203 248 175 0.00497451 0.0149235 0.999876 
2190.0 2319.0 2264.6882 203 247 175 0.0406497 -0.161437 0.986045 
2260.0 2219.0 2264.6015 204 247 175 -0.00312801 0.0656882 0.997835 
2170.0 2245.0 2264.3257000000003 203 247 175 0.00713032 0.0376889 0.999264 
2260.0 2219.0 2264.6127 204 247 175 -0.00104658 0.0722139 0.997389 
2250.0 2236.0 2263.4328 203 248 175 0.0154961 0.042356 0.998982 
2180.0 2245.0 2264.2969000000003 203 247 175 0.0133226 0.0379181 0.999192 
2190.0 2323.0 2265.6074000000003 203 247 175 0.0399497 -0.138112 0.989611 
2280.0 2306.0 2265.5711 204 247 175 -0.0531782 -0.112014 0.992283 
2190.0 2323.0 2265.4389 203 247 175 0.0331933 -0.152231 0.987787 
2200.0 2319.0 2264.5395000000003 203 247 175 0.019357 -0.158272 0.987206 
2260.0 2202.0 2265.3823 204 247 175 -0.0170815 0.0130623 0.999769 
2200.0 2319.0 2264.5054 203 247 175 -0.00112498 -0.163122 0.986605 
2290.0 2288.0 2264.0338 203 248 175 -0.0487216 -0.121237 0.991427 
2260.0 2236.0 2263.3503 203 248 175 0.013271 0.0316463 0.999411 
2290.0 2288.0 2264.3045 203 248 175 -0.0636436 -0.130759 0.989369 
2260.0 2206.0 2265.3286000000003 204 247 175 -0.0152225 0.0233412 0.999612 
2300.0 2284.0 2264.309 203 247 175 -0.0580502 -0.117239 0.991406 
2270.0 2202.0 2265.4572000000003 204 247 175 -0.0171159 0.0130886 0.999768 
2260.0 2236.0 2263.2801 203 248 175 0.0111187 0.0232481 0.999668 
2250.0 2319.0 2265.7153000000003 204 247 175 -0.027463 -0.104359 0.99416 
2270.0 2206.0 2265.3991 204 247 175 -0.0172858 0.0254203 0.999527 
2180.0 2245.0 2264.2128000000002 203 247 175 0.0239069 0.0405378 0.998892 
2260.0 2210.0 2265.1823 204 247 175 -0.0134279 0.0464812 0.998829 
2250.0 2319.0 2265.8372 204 247 175 -0.0296068 -0.0997858 0.994568 
2270.0 2210.0 2265.2407000000003 204 247 175 -0.0134808 0.0508123 0.998617 
2190.0 2236.0 2264.4535 203 247 175 0.0260905 0.0427884 0.998743 
2190.0 2241.0 2264.261 203 247 175 0.0303881 0.0429624 0.998614 
2270.0 2202.0 2265.5369 204 247 175 -0.0191668 0.0151317 0.999702 
2190.0 2236.0 2264.3230000000003 203 247 175 0.0326806 0.0474396 0.998339 
2310.0 2241.0 2263.5713 203 248 175 -0.0133751 0.0421831 0.99902 
2200.0 2323.0 2265.3272 203 247 175 0.0170742 -0.160497 0.986889 
2190.0 2241.0 2264.1104 203 247 175 0.0370479 0.0476331 0.998178 
2250.0 2323.0 2266.1416 204 247 175 -0.0227078 -0.0875871 0.995898 
2190.0 2245.0 2264.0803 203 247 175 0.0347201 0.0431371 0.998466 
2200.0 2323.0 2265.2788 203 247 175 0.00335616 -0.155502 0.98783 
2250.0 2323.0 2266.2485 204 247 175 -0.0270885 -0.0877667 0.995773 
2310.0 2245.0 2263.4412 203 248 175 -0.0111187 0.0232481 0.999668 
2260.0 2319.0 2265.9725000000003 204 247 175 -0.0318742 -0.0978207 0.994694 
2190.0 2245.0 2263.9101 203 247 175 0.0414503 0.0478272 0.997995 
2260.0 2319.0 2266.1215 204 247 175 -0.0362804 -0.0934495 0.994963 
2270.0 2206.0 2265.4738 204 247 175 -0.0173554 0.0275645 0.999469 
2170.0 2249.0 2264.1563 203 247 175 0.00714487 0.0377657 0.999261 
2200.0 2319.0 2264.5582 203 247 175 -0.0192474 -0.150583 0.98841 
2300.0 2288.0 2264.6127 203 247 175 -0.0660994 -0.131039 0.989171 
2280.0 2202.0 2265.6211000000003 204 247 175 -0.0192049 0.0171834 0.999668 
2180.0 2249.0 2264.1242 203 247 175 0.0133488 0.0400465 0.999109 
2310.0 2284.0 2264.5466 203 247 175 -0.0345416 -0.114767 0.992792 
2310.0 2284.0 2264.6361 203 247 175 -0.0208604 -0.110889 0.993614 
2210.0 2319.0 2264.6708000000003 203 247 175 -0.0283909 -0.144226 0.989137 
2180.0 2249.0 2264.0308 203 247 175 0.02812 0.0406177 0.998779 
2200.0 2323.0 2265.2967000000003 203 247 175 -0.0101197 -0.151796 0.98836 
2210.0 2323.0 2265.3659000000002 203 247 175 -0.0190954 -0.142654 0.989588 
2280.0 2293.0 2264.1628 203 247 175 -0.0437417 -0.11328 0.9926 
2170.0 2254.0 2263.993 203 247 175 0.00717233 0.0440586 0.999003 
2170.0 2327.0 2266.3654 203 247 175 0.00530599 -0.0838347 0.996466 
2290.0 2293.0 2264.3814 203 247 175 -0.049121 -0.129085 0.990416 
2180.0 2254.0 2263.9594 203 247 175 0.0175964 0.0445085 0.998854 
2280.0 2297.0 2264.7475 203 247 175 -0.0562091 -0.129625 0.989969 
2260.0 2323.0 2266.369 204 247 175 -0.0293226 -0.0857956 0.995881 
2290.0 2297.0 2264.9985 203 247 175 -0.0564485 -0.132481 0.989577 
2180.0 2254.0 2263.8616 203 247 175 0.0303881 0.0429624 0.998614 
2290.0 2293.0 2264.6304 203 247 175 -0.0615426 -0.140503 0.988166 
2180.0 2327.0 2266.3352 203 247 175 0.0139367 -0.0889803 0.995936 
2290.0 2293.0 2264.9076 203 247 175 -0.0615626 -0.138225 0.988486 
2190.0 2206.0 2265.3691 205 247 174 0.010966 0.00897218 0.9999 
2180.0 2327.0 2266.2536 203 247 175 0.025065 -0.0969905 0.99497 
2260.0 2323.0 2266.5032 204 247 175 -0.0315608 -0.0859759 0.995797 
2280.0 2206.0 2265.5525000000002 204 247 175 -0.0173899 0.0296651 0.999409 
2190.0 2210.0 2265.3582 205 247 174 0.0090254 0.017048 0.999814 
2190.0 2210.0 2265.3098 205 247 174 0.0130881 0.0191288 0.999731 
2190.0 2327.0 2266.1434 203 247 175 0.0252674 -0.104365 0.994218 
2170.0 2215.0 2265.3453 205 247 174 0.00299633 0.0209743 0.999776 
2290.0 2297.0 2265.2572 203 247 175 -0.0586461 -0.127642 0.990085 
2270.0 2210.0 2265.3013 204 247 175 -0.0135621 0.0552916 0.998378 
2190.0 2327.0 2266.0344 203 247 175 0.0232463 -0.116232 0.99295 
2260.0 2310.0 2265.4006 204 247 175 -0.0436662 -0.108606 0.993125 
2190.0 2332.0 2266.5472 203 247 175 0.0161147 -0.0891678 0.995886 
2280.0 2301.0 2265.2836 203 247 175 -0.0557659 -0.119498 0.991267 
2190.0 2249.0 2263.884 203 247 175 0.0390045 0.0432212 0.998304 
2270.0 2310.0 2265.6026 204 247 175 -0.0459119 -0.106381 0.993265 
2290.0 2301.0 2265.5331 203 247 175 -0.0557809 -0.117254 0.991534 
2260.0 2314.0 2265.8714 204 247 175 -0.041094 -0.101069 0.99403 
2270.0 2314.0 2266.0585 204 247 175 -0.0433208 -0.0988604 0.994158 
2180.0 2215.0 2265.3360000000002 205 247 174 0.00501365 0.0230628 0.999721 
2270.0 2310.0 2265.8125 204 247 175 -0.0481578 -0.104155 0.993394 
2280.0 2306.0 2265.8049 203 247 175 -0.0530723 -0.109532 0.992565 
2280.0 2310.0 2266.0286 204 247 175 -0.0502918 -0.101701 0.993543 
2190.0 2249.0 2263.6959 203 247 175 0.0457948 0.0457948 0.997901 
2270.0 2314.0 2266.2534 204 247 175 -0.0455478 -0.0966503 0.994276 
2280.0 2210.0 2265.3645 204 247 175 -0.0136155 0.0596989 0.998124 
2190.0 2254.0 2263.7088000000003 203 247 175 0.0411961 0.0433087 0.998212 
2190.0 2332.0 2266.4772000000003 203 247 175 0.0183733 -0.094028 0.9954 
2190.0 2254.0 2263.5148 203 247 175 0.047726 0.0413625 0.998004 
2290.0 2306.0 2266.0382 203 247 175 -0.0528483 -0.106821 0.992873 
2200.0 2236.0 2264.1754 203 247 175 0.0349962 0.0540851 0.997923 
2200.0 2241.0 2263.9397 203 247 175 0.0394032 0.0521826 0.99786 
2290.0 2301.0 2265.7801 203 247 175 -0.0555447 -0.11449 0.99187 
2200.0 2236.0 2264.0235000000002 203 247 175 0.0351366 0.0585609 0.997665 
2290.0 2306.0 2266.263 203 247 175 -0.0505045 -0.104376 0.993255 
2280.0 2314.0 2266.4532 204 247 175 -0.04786 -0.0990591 0.99393 
2180.0 2215.0 2265.3086000000003 205 247 174 0.00906064 0.023155 0.999691 
2300.0 2293.0 2265.1903 203 247 175 -0.0610585 -0.130181 0.989608 
2260.0 2319.0 2266.2832000000003 204 247 175 -0.0384761 -0.0934419 0.994881 
2260.0 2215.0 2264.9345000000003 204 247 175 -0.00731375 0.0658237 0.997804 
2170.0 2219.0 2265.2391000000002 205 247 174 0.00301395 0.0271256 0.999627 
2270.0 2319.0 2266.4554000000003 204 247 175 -0.0407686 -0.0914539 0.994974 
2200.0 2327.0 2265.9492 203 247 175 0.0165935 -0.122792 0.992294 
2180.0 2219.0 2265.2279000000003 205 247 174 0.00504319 0.0292505 0.999559 
2270.0 2215.0 2264.9685 204 247 175 -0.00735767 0.0704234 0.99749 
2200.0 2241.0 2263.7644 203 247 175 0.0395573 0.0588014 0.997486 
2260.0 2219.0 2264.621 204 247 175 -0.00105267 0.0789502 0.996878 
2200.0 2327.0 2265.9042 203 247 175 0.00770423 -0.128771 0.991644 
2250.0 2327.0 2266.4821 204 247 175 -0.0203015 -0.0758636 0.996911 
2200.0 2332.0 2266.4178 203 247 175 0.0140453 -0.0983172 0.995056 
2270.0 2219.0 2264.6236 204 247 175 0.00105859 0.0878629 0.996132 
2200.0 2332.0 2266.3776000000003 203 247 175 0.0075149 -0.0976938 0.995188 
2200.0 2327.0 2265.8999000000003 203 247 175 -0.00108757 -0.118545 0.992948 
2270.0 2215.0 2265.0005 204 247 175 -0.00739955 0.0792809 0.996825 
2180.0 2219.0 2265.1953000000003 205 247 174 0.00913272 0.0294276 0.999525 
2280.0 2310.0 2266.2471 204 247 175 -0.0503031 -0.0994884 0.993766 
2290.0 2310.0 2266.462 204 247 175 -0.0501916 -0.0992679 0.993794 
2190.0 2215.0 2265.2653 205 247 174 0.0111181 0.0252684 0.999619 
2190.0 2215.0 2265.2093 205 247 174 0.0132187 0.0274542 0.999536 
2190.0 2219.0 2265.1439 205 247 174 0.013271 0.0316463 0.999411 
2280.0 2215.0 2265.0319 204 247 175 -0.0074571 0.0884199 0.996055 
2190.0 2219.0 2265.0774 205 247 174 0.0174233 0.0338216 0.999276 
2270.0 2219.0 2264.6184000000003 204 247 175 0.00106902 0.0972807 0.995256 
2200.0 2245.0 2263.7166 203 247 175 0.0438416 0.0523961 0.997664 
2280.0 2219.0 2264.6065000000003 204 247 175 0.00323172 0.106647 0.994292 
2200.0 2202.0 2265.3419 205 247 174 0.0109227 0.00496489 0.999928 
2210.0 2327.0 2265.9276 203 247 175 -0.00981381 -0.114494 0.993375 
2200.0 2245.0 2263.5179000000003 203 247 175 0.0440191 0.0569028 0.997409 
2250.0 2223.0 2264.303 204 247 175 0.00103849 0.063348 0.997991 
2200.0 2236.0 2263.8808 203 247 175 0.0308739 0.0628125 0.997548 
2200.0 2241.0 2263.6012 203 247 175 0.0352773 0.0630715 0.997385 
2200.0 2332.0 2266.3596000000002 203 247 175 0.00318246 -0.0880482 0.996111 
2210.0 2236.0 2263.7589000000003 203 247 175 0.0244353 0.0648067 0.997599 
2250.0 2223.0 2264.2912 204 247 175 0.00313364 0.0699847 0.997543 
2210.0 2332.0 2266.3614000000002 203 247 175 -0.00317021 -0.0834823 0.996504 
2250.0 2228.0 2264.0222000000003 204 247 175 0.00731375 0.0658237 0.997804 
2210.0 2241.0 2263.4651 203 247 175 0.0266151 0.0649409 0.997534 
2250.0 2228.0 2263.9880000000003 204 247 175 0.00947814 0.0726658 0.997311 
2220.0 2314.0 2264.3876 204 247 175 -0.0324421 -0.1197 0.99228 
2260.0 2223.0 2264.2746 204 247 175 0.00526414 0.0768565 0.997028 
2260.0 2223.0 2264.2526000000003 204 247 175 0.00530599 0.0838347 0.996466 
2230.0 2310.0 2264.0851000000002 204 247 175 -0.0230212 -0.104143 0.994296 
2200.0 2245.0 2263.3347000000003 203 247 175 0.0374973 0.0610671 0.997429 
2260.0 2228.0 2263.9436 204 247 175 0.0116539 0.0773394 0.996937 
2220.0 2314.0 2264.5312 204 247 175 -0.027894 -0.123849 0.991909 
2260.0 2228.0 2263.8907 204 247 175 0.0138825 0.0843631 0.996338 
2210.0 2245.0 2263.1873 203 247 175 0.0265623 0.062687 0.99768 
2250.0 2232.0 2263.7257 204 247 175 0.00940573 0.0616598 0.998053 
2230.0 2314.0 2264.6533 204 247 175 -0.0257064 -0.128532 0.991372 
2250.0 2232.0 2263.6686 204 247 175 0.0136691 0.0641398 0.997847 
2200.0 2249.0 2263.4821 203 247 175 0.0481197 0.0481197 0.997682 
2210.0 2319.0 2264.8157 204 247 175 -0.030611 -0.13945 0.989756 
2200.0 2249.0 2263.2623000000003 203 247 175 0.0482122 0.0524977 0.997457 
2220.0 2319.0 2264.9599000000003 204 247 175 -0.030425 -0.134095 0.990501 
2210.0 2323.0 2265.4593 204 247 175 -0.0212726 -0.133234 0.990856 
2200.0 2254.0 2263.2966 203 247 175 0.0476331 0.0370479 0.998178 
2200.0 2206.0 2265.3184 205 247 174 0.0129851 0.0109874 0.999855 
2220.0 2323.0 2265.5577000000003 204 247 175 -0.0233303 -0.123317 0.992093 
2200.0 2254.0 2263.0732000000003 203 247 175 0.0474396 0.0326806 0.998339 
2220.0 2319.0 2265.0886 204 247 175 -0.0280021 -0.12881 0.991274 
2230.0 2319.0 2265.201 204 247 175 -0.0233818 -0.12359 0.992058 
2200.0 2249.0 2263.062 203 247 175 0.0394032 0.0521826 0.99786 
2200.0 2202.0 2265.2896 205 247 174 0.0129341 0.00497465 0.999904 
2220.0 2323.0 2265.6494000000002 204 247 175 -0.0209413 -0.115728 0.99306 
2210.0 2249.0 2262.9084000000003 203 247 175 0.0262443 0.0514387 0.998331 
2200.0 2206.0 2265.2642 205 247 174 0.0129851 0.0109874 0.999855 
2260.0 2232.0 2263.598 204 247 175 0.0158359 0.0665107 0.99766 
2200.0 2254.0 2262.8665 203 247 175 0.0381486 0.0195898 0.99908 
2260.0 2232.0 2263.5184 204 247 175 0.015867 0.0687571 0.997507 
2170.0 2258.0 2263.7805000000003 203 247 175 0.00720115 0.0462931 0.998902 
2200.0 2210.0 2265.2538 205 247 174 0.0131145 0.0191674 0.99973 
2180.0 2258.0 2263.7482 203 247 175 0.0134279 0.0464812 0.998829 
2200.0 2210.0 2265.1942 205 247 174 0.0131405 0.021227 0.999688 
2260.0 2223.0 2264.2237 204 247 175 0.00748744 0.090919 0.99583 
2270.0 2223.0 2264.1859 204 247 175 0.00970123 0.100246 0.994915 
2260.0 2228.0 2263.8308 204 247 175 0.0139638 0.0913017 0.995725 
2270.0 2228.0 2263.7647 204 247 175 0.0161775 0.0938296 0.995457 
2270.0 2223.0 2264.1358 204 247 175 0.0119771 0.107794 0.994101 
2230.0 2323.0 2265.7318 204 247 175 -0.0186292 -0.108488 0.993923 
2280.0 2223.0 2264.0743 204 247 175 0.0142638 0.117402 0.992982 
2270.0 2228.0 2263.692 204 247 175 0.0161775 0.0938296 0.995457 
2230.0 2310.0 2264.1997 204 247 175 -0.0254158 -0.111609 0.993427 
2280.0 2228.0 2263.601 204 247 175 0.0182694 0.0848992 0.996222 
2230.0 2310.0 2264.322 204 247 175 -0.0254158 -0.111609 0.993427 
2230.0 2314.0 2264.7695000000003 204 247 175 -0.0256568 -0.126053 0.991692 
2260.0 2232.0 2263.4388 204 247 175 0.0158359 0.0665107 0.99766 
2180.0 2258.0 2263.6564000000003 203 247 175 0.0260385 0.04062 0.998835 
2230.0 2314.0 2264.8855000000003 204 247 175 -0.025664 -0.123857 0.991968 
2200.0 2202.0 2265.2374 205 247 174 0.0129339 0.00696442 0.999892 
2240.0 2310.0 2264.4443 204 247 175 -0.027786 -0.118924 0.992514 
2170.0 2262.0 2263.5762 203 247 175 0.00310942 0.0611519 0.998124 
2240.0 2314.0 2265.0016 204 247 175 -0.0256143 -0.121389 0.992274 
2180.0 2262.0 2263.553 203 247 175 0.00722865 0.0526659 0.998586 
2200.0 2206.0 2265.2101000000002 205 247 174 0.0130111 0.0110094 0.999855 
2180.0 2262.0 2263.4886 203 247 175 0.0133499 0.0379959 0.999189 
2230.0 2319.0 2265.3031 204 247 175 -0.0232403 -0.118415 0.992692 
2230.0 2319.0 2265.4017 204 247 175 -0.0232012 -0.113796 0.993233 
2190.0 2258.0 2263.5138 203 247 175 0.0365265 0.0344393 0.998739 
2230.0 2323.0 2265.8081 204 247 175 -0.0185168 -0.103476 0.99446 
2190.0 2258.0 2263.3343 203 247 175 0.0407024 0.0281786 0.998774 
2240.0 2319.0 2265.5011 204 247 175 -0.0231055 -0.111127 0.993538 
2190.0 2262.0 2263.3933 203 247 175 0.0212693 0.0151924 0.999658 
2210.0 2327.0 2265.9758 204 247 175 -0.011954 -0.105413 0.994357 
2220.0 2327.0 2266.0323000000003 204 247 175 -0.0140453 -0.0983172 0.995056 
2210.0 2332.0 2266.3776000000003 204 247 175 -0.00528457 -0.0813823 0.996669 
2200.0 2258.0 2263.1421 203 247 175 0.0401288 0.0133763 0.999105 
2280.0 2202.0 2265.7095 203 247 175 -0.0212686 0.0172175 0.999626 
2220.0 2332.0 2266.4026 204 247 175 -0.00738639 -0.0749191 0.997162 
2210.0 2202.0 2265.1884 205 247 174 0.0109226 0.00695076 0.999916 
2280.0 2206.0 2265.6358 203 247 175 -0.0195136 0.031838 0.999303 
2210.0 2236.0 2263.6658 204 247 175 0.0179846 0.0666487 0.997614 
2220.0 2327.0 2266.0897 204 247 175 -0.0139638 -0.0913017 0.995725 
2210.0 2241.0 2263.3668000000002 204 247 175 0.0158048 0.0642727 0.997807 
2230.0 2327.0 2266.1457 204 247 175 -0.0138825 -0.0843631 0.996338 
2290.0 2202.0 2265.8019 203 247 175 -0.0213118 0.0172524 0.999624 
2220.0 2236.0 2263.6039 204 247 175 0.0115407 0.0660968 0.997746 
2220.0 2241.0 2263.309 204 247 175 0.00731474 0.0637427 0.99794 
2210.0 2245.0 2263.0908 204 247 175 0.0157407 0.0619132 0.997957 
2220.0 2245.0 2263.0499 204 247 175 0.00518359 0.0570195 0.99836 
2290.0 2206.0 2265.7244 203 247 175 -0.0216097 0.033958 0.99919 
2220.0 2236.0 2263.5702 204 247 175 0.00521401 0.0636109 0.997961 
2220.0 2241.0 2263.2867 204 247 175 0.00311587 0.0612787 0.998116 
2280.0 2210.0 2265.4327000000003 203 247 175 -0.0158026 0.0663709 0.99767 
2220.0 2332.0 2266.4329000000002 204 247 175 -0.00947814 -0.0726658 0.997311 
2290.0 2210.0 2265.5094 203 247 175 -0.01802 0.0689001 0.997461 
2230.0 2241.0 2263.2891 204 247 175 -0.00103246 0.0567851 0.998386 
2290.0 2202.0 2265.8967000000002 203 247 175 -0.021311 0.0192814 0.999587 
2220.0 2245.0 2263.0552000000002 204 247 175 -0.00308566 0.0503991 0.998724 
2230.0 2327.0 2266.2014 204 247 175 -0.013885 -0.0822419 0.996516 
2290.0 2206.0 2265.8178000000003 203 247 175 -0.021524 0.0297236 0.999326 
2230.0 2245.0 2263.0901 204 247 175 -0.0132701 0.0336858 0.999344 
2290.0 2202.0 2265.9907000000003 203 247 175 -0.0213118 0.0172524 0.999624 
2210.0 2249.0 2262.8242 204 247 175 0.00927753 0.0463876 0.99888 
2220.0 2249.0 2262.8160000000003 204 247 175 -0.00711687 0.033551 0.999412 
2220.0 2249.0 2262.8754 204 247 175 -0.021142 0.0110744 0.999715 
2210.0 2206.0 2265.1594 205 247 174 0.0109874 0.0129851 0.999855 
2200.0 2210.0 2265.1348000000003 205 247 174 0.0131665 0.0232946 0.999642 
2210.0 2210.0 2265.0791 205 247 174 0.0111406 0.0253196 0.999617 
2200.0 2215.0 2265.1447000000003 205 247 174 0.0152821 0.0295453 0.999447 
2200.0 2215.0 2265.0761 205 247 174 0.0153436 0.0317101 0.999379 
2290.0 2206.0 2265.9133 203 247 175 -0.0216097 0.033958 0.99919 
2200.0 2219.0 2265.0011 205 247 174 0.0174924 0.0380716 0.999122 
2230.0 2241.0 2263.3053 204 247 175 -0.00514324 0.0483465 0.998817 
2290.0 2210.0 2265.5979 203 247 175 -0.0222174 0.0645363 0.997668 
2200.0 2219.0 2264.9204 205 247 174 0.0196287 0.0402904 0.998995 
2290.0 2210.0 2265.6979 203 247 175 -0.0223526 0.0691867 0.997353 
2200.0 2215.0 2265.0079 205 247 174 0.0153426 0.0337536 0.999312 
2230.0 2241.0 2263.3268000000003 204 247 175 -0.00511314 0.0419277 0.999108 
2280.0 2215.0 2265.0681 203 247 175 -0.00968455 0.0957694 0.995356 
2210.0 2215.0 2264.9444000000003 205 247 174 0.0133236 0.0358711 0.999268 
2290.0 2215.0 2265.1184000000003 203 247 175 -0.0141303 0.10326 0.994554 
2200.0 2219.0 2264.8407 205 247 174 0.017598 0.0424422 0.998944 
2230.0 2245.0 2263.1377 204 247 175 -0.0131405 0.021227 0.999688 
2210.0 2219.0 2264.7671 205 247 174 0.0155253 0.0465759 0.998794 
2230.0 2245.0 2263.1959 204 247 175 -0.0169465 0.00498427 0.999844 
2280.0 2219.0 2264.5961 203 247 175 0.00108757 0.118545 0.992948 
2240.0 2241.0 2263.3423000000003 204 247 175 -0.00505337 0.0293096 0.999558 
2170.0 2223.0 2265.1063 205 247 174 0.00303186 0.0313293 0.999505 
2290.0 2219.0 2264.6037 203 247 175 -0.0033072 0.13339 0.991058 
2290.0 2215.0 2265.1935000000003 203 247 175 -0.0207439 0.101536 0.994616 
2290.0 2215.0 2265.2986 203 247 175 -0.0253168 0.106771 0.993961 
2290.0 2219.0 2264.6516 203 247 175 -0.019065 0.137941 0.990257 
2290.0 2219.0 2264.7581 203 247 175 -0.030552 0.136918 0.990111 
2300.0 2202.0 2266.0779 203 247 175 -0.0192438 0.0172182 0.999667 
2180.0 2223.0 2265.0929 205 247 174 0.00507323 0.0334833 0.999426 
2300.0 2206.0 2266.0047 203 247 175 -0.0195136 0.031838 0.999303 
2300.0 2202.0 2266.1499000000003 203 247 175 -0.0151023 0.0151023 0.999772 
2180.0 2223.0 2265.0538 205 247 174 0.0112289 0.0336866 0.999369 
2170.0 2228.0 2264.9609 205 247 174 0.00303759 0.0354386 0.999367 
2300.0 2206.0 2266.0822000000003 203 247 175 -0.0153132 0.0296056 0.999444 
2300.0 2210.0 2265.8025000000002 203 247 175 -0.0244319 0.0669222 0.997459 
2180.0 2228.0 2264.9448 205 247 174 0.00713086 0.0356543 0.999339 
2300.0 2210.0 2265.8977 203 247 175 -0.0200231 0.0600693 0.997993 
2180.0 2228.0 2264.8979 205 247 174 0.0133499 0.0379959 0.999189 
2310.0 2202.0 2266.1978 203 247 175 -0.00898964 0.0149827 0.999847 
2190.0 2223.0 2264.992 205 247 174 0.0154033 0.0379947 0.999159 
2190.0 2223.0 2264.9126 205 247 174 0.0196693 0.0403737 0.998991 
2310.0 2206.0 2266.1347 203 247 175 -0.00909634 0.027289 0.999586 
2190.0 2228.0 2264.824 205 247 174 0.0196693 0.0403737 0.998991 
2310.0 2202.0 2266.2146000000002 203 247 175 -0.00497451 0.0149235 0.999876 
2190.0 2228.0 2264.7292 205 247 174 0.0239524 0.0447805 0.99871 
2170.0 2232.0 2264.8007000000002 205 247 174 0.00508281 0.0376128 0.999279 
2310.0 2206.0 2266.1534 203 247 175 -0.00505307 0.031329 0.999496 
2310.0 2210.0 2265.9656 203 247 175 -0.0114521 0.0551781 0.998411 
2310.0 2210.0 2265.9903 203 247 175 -0.00727199 0.057137 0.99834 
2300.0 2215.0 2265.4281 203 247 175 -0.0296715 0.100004 0.994545 
2300.0 2215.0 2265.5605 203 247 175 -0.0272006 0.090306 0.995543 
2300.0 2219.0 2264.9222 203 247 175 -0.0397823 0.13526 0.990011 
2310.0 2215.0 2265.6612 203 247 175 -0.018198 0.0802851 0.996606 
2310.0 2215.0 2265.6995 203 247 175 -0.0095538 0.079615 0.99678 
2280.0 2223.0 2264.0081 203 247 175 0.0121626 0.127155 0.991808 
2180.0 2232.0 2264.7817 205 247 174 0.00918611 0.0377651 0.999244 
2290.0 2223.0 2263.9599000000003 203 247 175 0.00552237 0.13585 0.990714 
2180.0 2232.0 2264.7261000000003 205 247 174 0.0154655 0.0402103 0.999072 
2290.0 2223.0 2263.965 203 247 175 -0.0100215 0.141414 0.9899 
2190.0 2232.0 2264.6388 205 247 174 0.0239048 0.0426129 0.998806 
2290.0 2223.0 2264.0573 203 247 175 -0.0308473 0.149666 0.988255 
2190.0 2232.0 2264.5269000000003 205 247 174 0.0282887 0.0471479 0.998487 
2200.0 2223.0 2264.8216 205 247 174 0.0218252 0.0446897 0.998762 
2200.0 2223.0 2264.7261000000003 205 247 174 0.0219141 0.0469588 0.998656 
2300.0 2223.0 2264.2508000000003 203 247 175 -0.0521089 0.147063 0.987754 
2200.0 2228.0 2264.6212 205 247 174 0.0261921 0.0492412 0.998443 
2200.0 2228.0 2264.5087000000003 205 247 174 0.0262994 0.0515468 0.998324 
2200.0 2223.0 2264.6329 205 247 174 0.0198652 0.0512314 0.998489 
2210.0 2223.0 2264.5479 205 247 174 0.0177729 0.0533187 0.998419 
2200.0 2228.0 2264.4003000000002 205 247 174 0.0241912 0.0557451 0.998152 
2210.0 2228.0 2264.3035 205 247 174 0.0199835 0.0578471 0.998125 
2200.0 2232.0 2264.4 205 247 174 0.0305678 0.0516491 0.998197 
2200.0 2232.0 2264.2687 205 247 174 0.03069 0.0560886 0.997954 
2200.0 2232.0 2264.1437 205 247 174 0.0264536 0.0603141 0.997829 
2210.0 2232.0 2264.0342 205 247 174 0.0222204 0.0624288 0.997802 
2210.0 2202.0 2265.1454000000003 205 247 174 0.00893687 0.00695089 0.999936 
2210.0 2206.0 2265.1148000000003 205 247 174 0.00898989 0.0129854 0.999875 
2220.0 2202.0 2265.1103000000003 205 247 174 0.00693723 0.00693723 0.999952 
2220.0 2206.0 2265.0783 205 247 174 0.00697831 0.0129597 0.999892 
2210.0 2210.0 2265.03 205 247 174 0.0111181 0.0252684 0.999619 
2220.0 2210.0 2264.9898000000003 205 247 174 0.00909634 0.027289 0.999586 
2220.0 2202.0 2265.0847000000003 205 247 174 0.00494542 0.00692359 0.999964 
2220.0 2206.0 2265.0515 205 247 174 0.00497451 0.0149235 0.999876 
2230.0 2202.0 2265.0694000000003 205 247 174 0.00296142 0.00690997 0.999972 
2230.0 2206.0 2265.0351 205 247 174 0.0029788 0.014894 0.999885 
2220.0 2210.0 2264.9598 205 247 174 0.00504347 0.0272348 0.999616 
2230.0 2210.0 2264.9405 205 247 174 0.00301985 0.0291919 0.999569 
2210.0 2215.0 2264.8886 205 247 174 0.0112732 0.037919 0.999217 
2220.0 2215.0 2264.8430000000003 205 247 174 0.00920488 0.0378423 0.999241 
2210.0 2219.0 2264.7034000000003 205 247 174 0.0134543 0.0486426 0.998726 
2220.0 2219.0 2264.6518 205 247 174 0.0113612 0.0485435 0.998756 
2220.0 2215.0 2264.8085 205 247 174 0.0071443 0.039804 0.999182 
2230.0 2215.0 2264.7855 205 247 174 0.00305568 0.0397238 0.999206 
2220.0 2219.0 2264.6132000000002 205 247 174 0.00721454 0.0505018 0.998698 
2230.0 2219.0 2264.587 205 247 174 0.00514272 0.0503986 0.998716 
2230.0 2202.0 2265.0648 205 247 174 -0.000985182 0.00886664 0.99996 
2230.0 2206.0 2265.0293 205 247 174 0.000994882 0.016913 0.999856 
2230.0 2202.0 2265.0708 205 247 174 -0.00296137 0.00888411 0.999956 
2230.0 2206.0 2265.0341000000003 205 247 174 -0.00298463 0.0169129 0.999852 
2230.0 2210.0 2264.9319 205 247 174 0.00100656 0.0312033 0.999513 
2230.0 2210.0 2264.9335 205 247 174 -0.00100859 0.0312662 0.999511 
2240.0 2202.0 2265.0874000000003 205 247 174 -0.00495514 0.00891926 0.999948 
2240.0 2206.0 2265.0493 205 247 174 -0.00498427 0.0169465 0.999844 
2240.0 2210.0 2264.945 205 247 174 -0.00303186 0.0313293 0.999505 
2230.0 2215.0 2264.7732 205 247 174 0.00101848 0.0417576 0.999127 
2230.0 2215.0 2264.7706000000003 205 247 174 -0.00101839 0.0437908 0.99904 
2230.0 2219.0 2264.5718 205 247 174 0.00308566 0.0503991 0.998724 
2240.0 2215.0 2264.7766 205 247 174 -0.00306139 0.0438799 0.999032 
2210.0 2223.0 2264.4757 205 247 174 0.0156481 0.0552899 0.998348 
2220.0 2223.0 2264.4187 205 247 174 0.0114507 0.0572536 0.998294 
2210.0 2228.0 2264.2235 205 247 174 0.0157427 0.0598221 0.998085 
2220.0 2228.0 2264.1629000000003 205 247 174 0.0115197 0.0617874 0.998023 
2220.0 2223.0 2264.3771 205 247 174 0.00727199 0.057137 0.99834 
2230.0 2223.0 2264.3494 205 247 174 0.00517288 0.0569017 0.998366 
2220.0 2228.0 2264.1212 205 247 174 0.00730047 0.0615325 0.998078 
2210.0 2232.0 2263.9467 205 247 174 0.0179114 0.0642704 0.997772 
2220.0 2232.0 2263.8834 205 247 174 0.0115182 0.0638734 0.997892 
2220.0 2232.0 2263.8429 205 247 174 0.00729952 0.0636101 0.997948 
2230.0 2223.0 2264.3326 205 247 174 0.00309736 0.0567849 0.998382 
2240.0 2265.0 2267.0909 218 247 169 -0.100611 -0.235607 0.966626 
2240.0 2266.0 2267.0909 218 247 169 -0.141798 -0.117559 0.98289 
2240.0 2265.0 2267.0909 218 248 169 -0.0502302 -0.231549 0.971526 
2240.0 2266.0 2267.0909 218 247 169 -0.0777221 -0.121803 0.989507 
2270.0 2270.0 2267.0909 219 248 168 0.14276 0.175608 0.974054 
2280.0 2267.0 2267.0909 219 248 168 0.0929144 0.201934 0.974982 
2240.0 2265.0 2267.0909 219 248 169 0.00119665 -0.259673 0.965696 
2270.0 2270.0 2267.0909 219 248 168 0.313836 0.272964 0.909394 
2240.0 2265.0 2267.0909 219 248 169 -0.0840455 -0.229557 0.96966 
2270.0 2271.0 2267.0909 219 248 168 0.325661 0.244607 0.913298 
2240.0 2265.0 2267.0909 219 248 169 0.00819268 -0.211839 0.97727 
2240.0 2265.0 2267.0909 219 248 169 0.00115774 -0.207235 0.97829 
2280.0 2249.0 2267.0909 218 247 169 -0.0232915 -0.118676 0.99266 
2240.0 2265.0 2267.0909 219 248 169 -0.024823 -0.209222 0.977553 
2280.0 2249.0 2267.0909 218 247 169 -0.0460828 -0.113521 0.992466 
2280.0 2267.0 2267.0909 219 248 168 -0.0556699 0.114748 0.991834 
2240.0 2265.0 2267.0909 219 248 169 -0.11093 -0.157253 0.981308 
2240.0 2265.0 2267.0909 219 248 169 -0.00576538 -0.192564 0.981268 
2280.0 2248.0 2267.0909 218 247 169 -0.0522288 -0.0900114 0.99457 
2280.0 2267.0 2267.0909 219 247 168 -0.0245972 0.195606 0.980374 
2270.0 2272.0 2267.0909 218 248 168 0.0650133 0.161942 0.984656 
2280.0 2267.0 2267.0909 219 247 168 0.108427 0.0673388 0.991821 
2290.0 2267.0 2267.0909 219 248 168 0.0188492 0.322949 0.946229 
2270.0 2272.0 2267.0909 218 248 168 -0.0430507 0.164058 0.985511 
2290.0 2266.0 2267.0909 219 248 168 -0.0192408 0.152794 0.988071 
2270.0 2272.0 2267.0909 218 248 168 -0.134919 0.152248 0.97909 
2280.0 2269.0 2267.0909 218 247 168 0.0708953 0.176637 0.981719 
2270.0 2272.0 2267.0909 218 248 169 0.221 0.138286 0.96542 
2280.0 2269.0 2267.0909 218 247 168 0.0657763 0.237043 0.96927 
2270.0 2272.0 2267.0909 218 248 169 0.201881 0.0011536 0.979409 
2280.0 2268.0 2267.0909 218 248 168 0.0295362 0.199664 0.979419 
2270.0 2272.0 2267.0909 218 248 169 -0.0954484 0.24053 0.965937 
2270.0 2273.0 2267.0909 218 248 169 -0.186548 0.16339 0.968764 
2280.0 2267.0 2267.0909 218 247 168 -0.019065 0.137941 0.990257 
2270.0 2272.0 2267.0909 218 248 169 0.344659 0.00125331 0.938727 
2270.0 2273.0 2267.0909 218 248 169 -0.0737815 0.299009 0.951394 
2270.0 2273.0 2267.0909 218 248 169 0.345202 0.333036 0.877452 
2200.0 2279.0 2267.0909 219 247 169 -0.12552 -0.234218 0.964047 
2200.0 2280.0 2267.0909 219 247 169 -0.261809 -0.198756 0.944432 
2270.0 2271.0 2267.0909 218 248 169 0.2608 0.252341 0.93183 
2200.0 2279.0 2267.0909 218 248 168 0.0172599 -0.178352 0.983815 
2270.0 2271.0 2267.0909 218 248 169 0.278614 0.18254 0.942896 
2200.0 2279.0 2267.0909 218 248 168 -0.027631 -0.109419 0.993612 
2200.0 2279.0 2267.0909 218 248 168 -0.130395 -0.0834058 0.987948 
2270.0 2273.0 2267.0909 218 248 169 0.657235 0.00137785 0.753685 
2200.0 2279.0 2267.0909 218 248 168 -0.0231953 -0.115977 0.992981 
2200.0 2280.0 2267.0909 219 247 168 -0.0870304 -0.112559 0.989826 
2190.0 2291.0 2267.0909 220 247 167 -0.884664 0.387695 0.258963 
2190.0 2292.0 2267.0909 220 247 167 -0.768614 0.604685 0.208779 
2190.0 2292.0 2267.0909 220 247 167 -0.524778 0.815806 0.243039 
2190.0 2292.0 2267.0909 220 247 167 -0.0764943 0.99658 0.0312441 
2190.0 2292.0 2267.0909 218 247 168 -0.55469 0.694611 0.458077 
2190.0 2292.0 2267.0909 218 247 168 -0.485247 0.596065 0.63972 
2190.0 2293.0 2267.0909 218 247 168 -0.2724 0.546374 0.792006 
2200.0 2296.0 2267.0909 219 247 168 0.0414337 0.423693 0.904858 
2200.0 2296.0 2267.0909 219 247 168 0.00679461 0.544928 0.838455 
2200.0 2296.0 2267.0909 219 247 168 0.0727288 0.571848 0.817129 
2200.0 2295.0 2267.0909 218 248 168 0.0404017 0.155835 0.986956 
2200.0 2295.0 2267.0909 218 248 168 0.102019 0.1114 0.988525 
2200.0 2295.0 2267.0909 218 248 168 0.211871 0.172392 0.961973 
2200.0 2296.0 2267.0909 218 248 168 0.247067 0.346478 0.904937 
2270.0 2270.0 2267.0833000000002 219 248 168 0.216172 0.39558 0.892629 
2280.0 2267.0 2267.0771 219 248 168 0.0916672 0.222262 0.970668 
2240.0 2262.0 2266.7295 217 247 169 -0.0569285 -0.498471 0.865035 
2270.0 2271.0 2266.9509000000003 219 248 168 0.305414 0.27911 0.910396 
2240.0 2262.0 2266.5567 217 247 169 0.274565 -0.588807 0.760211 
2280.0 2248.0 2267.0465 218 247 169 -0.0499929 -0.152304 0.987068 
2240.0 2263.0 2266.928 217 248 169 -0.216606 -0.255236 0.942304 
2280.0 2248.0 2267.0677 218 247 169 -0.0692059 -0.0987035 0.992707 
2270.0 2272.0 2267.0846 218 248 168 0.0668898 0.146688 0.986919 
2240.0 2263.0 2266.837 217 248 169 -0.0612342 -0.251185 0.966 
2240.0 2263.0 2266.9058 217 247 169 -0.0936195 -0.100554 0.990517 
2240.0 2263.0 2266.8249 217 247 169 -0.188621 -0.043893 0.981068 
2270.0 2272.0 2267.0577000000003 218 248 168 -0.00558502 0.150796 0.988549 
2240.0 2263.0 2266.8727 217 247 169 -0.0480172 -0.0480172 0.997692 
2240.0 2263.0 2266.9165000000003 217 247 169 -0.024146 -0.0514414 0.998384 
2240.0 2263.0 2266.9859 217 247 169 0.212614 -0.273758 0.938004 
2280.0 2267.0 2267.068 219 247 168 0.0272006 0.090306 0.995543 
2240.0 2263.0 2266.6686 217 248 169 0.1444 -0.29015 0.946024 
2240.0 2263.0 2266.876 217 248 169 0.0286323 -0.058325 0.997887 
2240.0 2263.0 2266.8187000000003 217 248 169 0.0956479 -0.163449 0.981904 
2290.0 2267.0 2267.0191 219 248 168 0.0163072 0.101105 0.994742 
2270.0 2272.0 2267.0589 218 248 169 0.362873 0.00126437 0.931838 
2290.0 2267.0 2267.0472 219 248 168 0.00578368 0.200115 0.979755 
2270.0 2273.0 2266.9979000000003 218 248 169 0.113259 0.122796 0.985948 
2280.0 2269.0 2267.052 218 247 168 0.126178 0.324263 0.937514 
2270.0 2273.0 2266.975 218 248 169 0.0168441 0.144859 0.989309 
2270.0 2273.0 2266.9411 218 248 169 -0.113381 0.188138 0.975576 
2240.0 2265.0 2266.8353 218 248 169 -0.0555481 -0.240709 0.969007 
2270.0 2273.0 2266.9065 218 248 169 0.099262 0.108604 0.989117 
2240.0 2265.0 2266.8805 218 248 169 -0.128514 -0.202314 0.970852 
2240.0 2265.0 2266.9522 218 248 169 -0.0821225 -0.197339 0.97689 
2270.0 2273.0 2266.9398 218 248 169 -0.0786458 0.0269335 0.996539 
2240.0 2265.0 2267.027 218 248 169 -0.0779593 -0.269662 0.959794 
2270.0 2273.0 2266.9099 218 248 169 -0.0375368 -0.00304352 0.999291 
2240.0 2265.0 2266.9222 218 248 169 -0.0808593 -0.132422 0.98789 
2240.0 2265.0 2267.0445 218 248 169 -0.0715744 -0.249883 0.965627 
2270.0 2273.0 2266.9464000000003 218 248 169 -0.0479661 0.0992787 0.993903 
2240.0 2266.0 2267.0433000000003 218 247 169 -0.090773 -0.168233 0.981559 
2280.0 2269.0 2266.9987 218 248 168 0.0512444 0.366594 0.928969 
2270.0 2273.0 2266.946 218 248 169 0.420975 0.0986443 0.901693 
2240.0 2265.0 2266.9511 219 248 169 -0.0465389 -0.125996 0.990939 
2270.0 2271.0 2266.9823 218 248 169 0.334969 0.236363 0.912101 
2280.0 2267.0 2266.9479 218 247 168 0.0274607 0.218492 0.975452 
2240.0 2265.0 2266.9744 219 248 169 -0.0443603 -0.128531 0.990713 
2270.0 2271.0 2266.7685 218 248 169 0.349131 0.318903 0.88114 
2280.0 2267.0 2267.0681 218 247 168 0.00632033 0.350147 0.936674 
2270.0 2272.0 2266.847 218 248 169 0.423302 0.234836 0.875024 
2240.0 2265.0 2267.0841 219 248 169 0.0011536 -0.201881 0.979409 
2280.0 2267.0 2266.9799000000003 218 248 169 0.0520226 0.290565 0.95544 
2270.0 2273.0 2266.6903 218 248 169 0.598297 0.188211 0.778857 
2280.0 2268.0 2266.8783000000003 218 248 169 0.0781192 0.34293 0.936107 
2240.0 2265.0 2267.0363 219 248 169 -0.0241992 -0.169394 0.985251 
2270.0 2274.0 2267.0087000000003 218 248 169 -0.0453032 0.159142 0.986216 
2280.0 2268.0 2266.8299 218 248 169 0.0220878 0.388485 0.92119 
2240.0 2265.0 2267.0 219 248 169 0.0104008 -0.192993 0.981145 
2270.0 2274.0 2267.0346 218 248 169 0.00792739 0.16421 0.986394 
2280.0 2268.0 2266.7777 218 248 169 0.0932076 0.360673 0.928023 
2270.0 2274.0 2266.9422 218 247 169 0.509085 0.132741 0.850419 
2270.0 2274.0 2266.7205 218 247 169 0.0422793 0.478711 0.876954 
2290.0 2267.0 2267.0259 218 248 169 0.0558816 0.247121 0.967372 
2270.0 2274.0 2266.7488000000003 218 247 169 -0.0345234 0.539947 0.840991 
2290.0 2267.0 2266.9027 218 248 169 0.0187448 0.308664 0.950986 
2270.0 2274.0 2266.779 218 248 169 0.209299 0.431957 0.877273 
2290.0 2268.0 2266.7356 218 247 168 0.0464198 0.391253 0.919112 
2290.0 2268.0 2266.6846 218 248 169 0.0192698 0.363557 0.931373 
2200.0 2279.0 2266.7425000000003 218 248 168 -0.270901 -0.372676 0.887539 
2200.0 2279.0 2266.8543 218 248 168 -0.212351 -0.323514 0.922088 
2200.0 2279.0 2266.9446000000003 218 248 168 -0.169532 -0.37753 0.910346 
2200.0 2279.0 2267.0674 218 248 168 -0.0970356 -0.386776 0.917054 
2200.0 2279.0 2267.0169 218 248 168 -0.205073 -0.262878 0.942783 
2200.0 2279.0 2267.0627 218 248 168 -0.116548 -0.226693 0.966968 
2200.0 2280.0 2267.0616 219 247 169 -0.0544699 -0.206986 0.976826 
2200.0 2279.0 2267.0754 218 248 168 -0.0742166 -0.313793 0.946587 
2200.0 2279.0 2267.0468 218 248 168 -0.025048 -0.223046 0.974486 
2190.0 2292.0 2266.6032 220 247 167 -0.64918 0.464658 0.602211 
2190.0 2293.0 2266.655 220 247 167 -0.601173 0.31751 0.733334 
2190.0 2293.0 2267.0327 218 247 168 -0.438792 0.455104 0.774818 
2200.0 2296.0 2266.9115 219 247 168 0.140811 0.321268 0.936461 
2200.0 2296.0 2266.8524 219 247 168 0.0906349 0.450386 0.888222 
2200.0 2296.0 2266.7821 219 247 168 0.117704 0.52749 0.841368 
2200.0 2297.0 2266.6628 219 247 168 0.199463 0.438818 0.876158 
2200.0 2297.0 2266.5783 219 247 168 0.134973 0.421969 0.896507 
2200.0 2295.0 2267.0075 218 248 168 0.0830025 0.261777 0.961553 
2200.0 2296.0 2266.9783 218 248 168 0.216912 0.368314 0.904043 
2200.0 2296.0 2266.8719 218 247 168 0.136371 0.301096 0.943793 
2200.0 2296.0 2266.6957 218 247 168 0.15167 0.505075 0.849645 
2200.0 2296.0 2266.6526 218 247 168 0.104952 0.435203 0.894194 
2240.0 2267.0 2267.6317 220 247 167 -0.0330029 -0.14453 0.98895 
2240.0 2267.0 2267.6317 220 247 167 -0.0596742 -0.153281 0.986379 
2240.0 2267.0 2267.6317 220 247 167 -0.0893747 -0.144191 0.985505 
2240.0 2279.0 2267.6317 220 247 167 0.0864014 0.181321 0.979621 
2190.0 2291.0 2267.6317 220 247 167 -0.835877 0.233801 0.496636 
2240.0 2267.0 2267.6317 221 247 167 -0.0848897 -0.156627 0.984003 
2240.0 2280.0 2267.6317 220 247 167 0.0815308 0.183748 0.979586 
2190.0 2291.0 2267.6317 220 247 167 -0.588229 0.306136 0.74851 
2240.0 2279.0 2267.6317 220 247 167 0.0662774 0.189192 0.979701 
2190.0 2292.0 2267.6317 220 247 167 -0.708614 0.518539 0.478523 
2280.0 2255.0 2267.6317 220 247 167 -0.0608381 -0.180128 0.98176 
2270.0 2269.0 2267.6317 220 247 167 0.105429 0.189773 0.976151 
2280.0 2255.0 2267.6317 220 247 167 -0.0263625 -0.159321 0.986875 
2270.0 2269.0 2267.6317 220 247 167 0.299629 0.0791227 0.950769 
2280.0 2255.0 2267.6317 220 247 167 -0.028273 -0.141365 0.989554 
2280.0 2255.0 2267.6317 220 247 167 -0.061441 -0.135634 0.988852 
2270.0 2270.0 2267.6317 220 247 167 0.00112041 0.160219 0.987081 
2190.0 2292.0 2267.6317 220 247 167 -0.704825 0.541532 0.458219 
2230.0 2280.0 2267.6317 219 248 168 0.0707577 0.126436 0.989448 
2270.0 2270.0 2267.6317 220 247 167 0.0353014 0.239806 0.970179 
2190.0 2292.0 2267.6317 220 247 167 -0.681207 0.625127 0.381014 
2230.0 2281.0 2267.6317 219 248 168 0.0830699 0.12519 0.988649 
2270.0 2269.0 2267.6317 220 247 167 -0.00794215 0.166785 0.985961 
2270.0 2269.0 2267.6317 220 247 167 -0.0270624 0.196497 0.980131 
2240.0 2280.0 2267.6317 219 248 168 0.039465 0.209284 0.977058 
2190.0 2292.0 2267.6317 220 247 167 -0.0435693 0.993156 0.108365 
2240.0 2280.0 2267.6317 219 247 168 0.131228 0.0910319 0.987164 
2240.0 2280.0 2267.6317 219 247 168 0.164168 0.1222 0.978834 
2240.0 2280.0 2267.6317 220 248 168 0.0515811 0.275518 0.959911 
2190.0 2292.0 2267.6317 218 247 168 0.00138012 0.680398 0.732842 
2190.0 2292.0 2267.6317 218 247 168 0.0295573 0.688264 0.724858 
2290.0 2261.0 2267.6317 220 247 167 0.241718 0.187703 0.952019 
2190.0 2292.0 2267.6317 218 247 168 -0.218903 0.894711 0.389324 
2290.0 2261.0 2267.6317 220 247 167 0.214153 0.129518 0.968176 
2290.0 2261.0 2267.6317 220 247 167 0.224659 0.107887 0.968446 
2190.0 2292.0 2267.6317 220 247 167 -0.0721512 0.530524 0.844594 
2190.0 2292.0 2267.6317 220 247 167 -0.280783 0.197793 0.939169 
2190.0 2293.0 2267.6317 220 247 167 -0.3475 0.231182 0.908735 
2240.0 2266.0 2267.1485000000002 218 248 169 -0.0891957 -0.105413 0.99042 
2270.0 2269.0 2267.5682 220 247 167 0.076336 0.0968442 0.992368 
2280.0 2266.0 2267.2963 219 248 168 0.0588766 0.261813 0.963321 
2240.0 2280.0 2267.5931 220 247 167 0.0659481 0.130739 0.989221 
2270.0 2270.0 2267.5957000000003 220 247 167 0.0056919 0.174172 0.984699 
2270.0 2270.0 2267.6188 220 247 167 0.0349045 0.225074 0.973716 
2240.0 2280.0 2267.5445 220 247 167 0.0421594 0.133315 0.990177 
2270.0 2270.0 2267.5662 220 247 167 0.0551164 0.102359 0.993219 
2280.0 2266.0 2267.2641000000003 219 248 168 0.0677794 0.287743 0.955306 
2240.0 2266.0 2267.1834 219 248 169 -0.0566713 -0.087785 0.994526 
2270.0 2269.0 2267.5716 220 247 167 -0.0158048 0.0642727 0.997807 
2280.0 2266.0 2267.1803 219 248 168 0.108565 0.195917 0.974592 
2230.0 2281.0 2267.6005 219 248 168 0.110868 0.190593 0.975388 
2270.0 2269.0 2267.5750000000003 220 247 167 0.0347335 0.214389 0.976131 
2280.0 2266.0 2267.0912000000003 219 248 168 0.0169779 0.152801 0.988111 
2240.0 2281.0 2267.5592 219 248 168 0.0824362 0.203014 0.975699 
2240.0 2266.0 2267.125 218 247 169 -0.0314259 -0.17808 0.983514 
2270.0 2270.0 2267.581 220 247 168 0.069772 0.157283 0.985086 
2280.0 2266.0 2267.2644 219 248 168 -0.0302763 0.240999 0.970053 
2240.0 2280.0 2267.5475 219 247 168 0.0772155 0.155619 0.984795 
2270.0 2270.0 2267.4619000000002 220 248 168 0.102125 0.180873 0.97819 
2280.0 2266.0 2267.1605 219 248 168 -0.100081 0.18657 0.977331 
2240.0 2266.0 2267.1544 218 247 169 -0.0714794 -0.0964404 0.992769 
2240.0 2281.0 2267.5018 220 248 168 0.0676985 0.217866 0.973628 
2270.0 2270.0 2267.5049 220 247 167 0.0453198 0.156876 0.986578 
2280.0 2267.0 2267.1176 219 248 168 0.000977516 0.000977516 0.999999 
2240.0 2281.0 2267.4469 219 247 168 0.0614194 0.193893 0.979098 
2270.0 2270.0 2267.474 220 247 167 0.0544699 0.206986 0.976826 
2240.0 2266.0 2267.1947 218 247 169 -0.0805677 -0.0873763 0.992912 
2290.0 2266.0 2267.2808 219 247 168 0.0147373 0.157575 0.987397 
2270.0 2270.0 2267.452 220 247 167 0.0450186 0.22996 0.972158 
2240.0 2267.0 2267.2032 218 247 169 -0.0381555 -0.160716 0.986263 
2290.0 2266.0 2267.2627 219 247 168 0.0561397 0.187531 0.980653 
2240.0 2267.0 2267.2378 218 247 169 -0.0508667 -0.176259 0.983029 
2270.0 2271.0 2267.2836 218 248 168 0.0489244 0.194504 0.979681 
2290.0 2266.0 2267.2079000000003 219 248 168 0.0807408 0.169917 0.982145 
2290.0 2266.0 2267.1242 219 248 168 0.0512987 0.126537 0.990635 
2240.0 2267.0 2267.2668000000003 218 247 169 -0.0752958 -0.163738 0.983626 
2270.0 2271.0 2267.2529 218 248 168 0.067814 0.165371 0.983897 
2240.0 2265.0 2267.1020000000003 219 248 169 0.00114324 -0.188635 0.982047 
2270.0 2271.0 2267.4194 220 247 167 0.0753939 0.12411 0.9894 
2270.0 2271.0 2267.1755000000003 218 248 168 0.0630244 0.170047 0.983419 
2280.0 2267.0 2267.5508 219 248 168 0.0581824 0.238919 0.969295 
2270.0 2271.0 2267.1563 218 248 168 0.0124893 0.162361 0.986652 
2270.0 2271.0 2267.3615 220 247 167 0.104125 0.137636 0.984995 
2280.0 2267.0 2267.5107000000003 219 248 168 0.0742771 0.196043 0.977778 
2270.0 2271.0 2267.2186 218 248 169 0.0295487 0.0974013 0.994806 
2270.0 2271.0 2267.3049 220 247 167 0.0602561 0.16659 0.984183 
2270.0 2271.0 2267.1995 218 248 169 -0.0424569 0.0772933 0.996104 
2280.0 2267.0 2267.4230000000002 219 248 168 0.0493821 0.208369 0.976803 
2270.0 2270.0 2267.4292 220 248 168 0.0550472 0.226305 0.9725 
2270.0 2270.0 2267.3798 220 247 167 0.083495 0.17304 0.981369 
2280.0 2267.0 2267.4182 219 248 168 0.0339702 0.181565 0.982792 
2270.0 2271.0 2267.3009 220 247 167 0.0410997 0.179664 0.982869 
2280.0 2267.0 2267.483 219 248 168 0.0433975 0.172417 0.984068 
2270.0 2272.0 2267.1471 218 248 168 -0.0797631 0.155955 0.984538 
2280.0 2267.0 2267.4012000000002 219 248 168 -0.0235107 0.133227 0.990807 
2240.0 2266.0 2267.1988 219 248 169 -0.0258553 -0.136021 0.990368 
2280.0 2268.0 2267.309 219 248 168 0.0365989 0.190078 0.981087 
2270.0 2271.0 2267.1949 218 248 169 0.0383311 0.0865187 0.995513 
2280.0 2268.0 2267.3136 219 248 168 -0.00115414 0.199666 0.979863 
2280.0 2268.0 2267.3404 219 248 168 -0.0175878 0.202846 0.979053 
2270.0 2271.0 2267.1779 218 248 169 0.0549808 0.0506686 0.997201 
2280.0 2267.0 2267.4604 219 248 168 0.0680192 0.121051 0.990313 
2270.0 2271.0 2267.1885 218 248 169 0.0412726 0.182779 0.982287 
2280.0 2267.0 2267.4873000000002 219 248 168 0.11022 0.11496 0.987236 
2240.0 2266.0 2267.1893 219 247 169 -0.00336987 -0.158384 0.987372 
2270.0 2271.0 2267.1467000000002 218 248 169 0.115407 0.117786 0.98631 
2280.0 2267.0 2267.3835 219 247 168 0.0352991 0.140058 0.989514 
2240.0 2265.0 2267.1625 219 248 169 -0.0257064 -0.128532 0.991372 
2280.0 2267.0 2267.3064 219 247 168 0.0626587 0.161967 0.984805 
2240.0 2265.0 2267.1105000000002 219 247 168 -0.0576547 -0.224485 0.97277 
2280.0 2268.0 2267.3340000000003 219 247 168 0.043326 0.261194 0.964314 
2270.0 2270.0 2267.4117 219 248 168 0.0652123 0.220245 0.973262 
2280.0 2268.0 2267.2385 219 248 168 0.12441 0.189757 0.973917 
2240.0 2266.0 2267.1875 219 248 169 -0.0579897 -0.171602 0.983458 
2240.0 2266.0 2267.2090000000003 219 248 169 -0.0613313 -0.188804 0.980098 
2280.0 2268.0 2267.2166 219 247 168 0.0362569 0.176606 0.983614 
2270.0 2270.0 2267.3305 219 248 168 0.119822 0.233202 0.965018 
2280.0 2268.0 2267.1984 219 247 168 0.0384622 0.169001 0.984865 
2270.0 2270.0 2267.3011 219 248 168 0.0699349 0.15765 0.985016 
2240.0 2266.0 2267.2465 219 248 169 -0.0557659 -0.119498 0.991267 
2280.0 2268.0 2267.1798 219 247 168 0.0274957 0.223552 0.974304 
2240.0 2266.0 2267.2801 219 248 169 -0.0702093 -0.163028 0.98412 
2280.0 2269.0 2267.146 219 247 168 0.0381555 0.160716 0.986263 
2240.0 2267.0 2267.3139 219 247 168 -0.0721779 -0.152639 0.985643 
2270.0 2272.0 2267.1613 218 248 169 0.0336074 0.07914 0.996297 
2270.0 2270.0 2267.251 219 248 168 -0.00109554 0.130369 0.991465 
2280.0 2269.0 2267.1195000000002 219 247 168 0.0805991 0.214518 0.973389 
2240.0 2267.0 2267.3607 219 248 169 -0.07201 -0.152283 0.98571 
2270.0 2270.0 2267.3159 219 248 168 0.00747296 0.0886079 0.996039 
2280.0 2269.0 2267.098 219 247 168 0.045343 0.241421 0.969361 
2240.0 2266.0 2267.3456 219 248 169 -0.0415837 -0.193661 0.980187 
2270.0 2270.0 2267.3534 219 248 168 -0.0795656 0.111853 0.990534 
2280.0 2268.0 2267.1563 218 247 168 0.0565772 0.267799 0.961812 
2240.0 2266.0 2267.3224 219 248 169 -0.0601628 -0.161614 0.985018 
2240.0 2267.0 2267.3967000000002 219 247 169 -0.0717266 -0.146981 0.986535 
2270.0 2270.0 2267.2918 219 248 168 0.105393 0.15385 0.982457 
2240.0 2267.0 2267.4402 219 248 169 -0.038389 -0.166353 0.985319 
2270.0 2270.0 2267.331 219 248 168 0.192597 0.144129 0.970636 
2270.0 2270.0 2267.2217 219 248 168 0.0498651 0.220136 0.974194 
2240.0 2267.0 2267.5612 220 247 167 -0.0423242 -0.138411 0.98947 
2270.0 2271.0 2267.1227 219 247 168 0.146785 0.325122 0.934211 
2270.0 2273.0 2267.1091 218 248 169 0.0031519 0.0766961 0.99705 
2280.0 2268.0 2267.1134 218 248 168 0.046955 0.210696 0.976423 
2280.0 2249.0 2267.1145 218 247 169 -0.00333117 -0.145461 0.989358 
2270.0 2273.0 2267.1276000000003 218 248 169 0.0291333 0.0010046 0.999575 
2280.0 2249.0 2267.1281 218 247 169 -0.0471799 -0.143841 0.988476 
2280.0 2248.0 2267.0922 218 247 169 -0.047584 -0.089635 0.994837 
2280.0 2249.0 2267.1597 218 247 169 -0.0616638 -0.143107 0.987784 
2280.0 2249.0 2267.1922 218 247 169 -0.014765 -0.160143 0.986983 
2280.0 2249.0 2267.2206 218 247 169 -0.0634843 -0.183266 0.981011 
2200.0 2280.0 2267.1935000000003 218 248 168 -0.0543355 -0.0876022 0.994673 
2200.0 2280.0 2267.1578 219 248 169 0.0277932 -0.116732 0.992774 
2200.0 2279.0 2267.1377 219 247 169 -0.0270936 -0.0856157 0.99596 
2200.0 2279.0 2267.112 218 248 168 -0.0493144 -0.134181 0.989729 
2280.0 2249.0 2267.2533000000003 218 247 169 -0.0849216 -0.200612 0.975983 
2200.0 2280.0 2267.1612 219 247 169 -0.045357 -0.0940328 0.994535 
2290.0 2248.0 2267.1211000000003 218 247 169 -0.0143187 -0.12226 0.992395 
2240.0 2267.0 2267.5917 220 247 167 -0.0562091 -0.129625 0.989969 
2290.0 2249.0 2267.2009000000003 218 247 169 -0.0684743 -0.178994 0.981464 
2200.0 2280.0 2267.1816 218 248 168 -0.0558766 -0.122016 0.990954 
2290.0 2248.0 2267.1355000000003 218 247 169 -0.0731744 -0.17154 0.982456 
2240.0 2267.0 2267.6309 220 247 167 -0.0737977 -0.139396 0.987483 
2290.0 2249.0 2267.2436000000002 218 247 169 -0.086102 -0.173417 0.981078 
2290.0 2249.0 2267.3285 218 247 169 -0.0922999 -0.236439 0.967252 
2290.0 2249.0 2267.3437 218 247 169 -0.0540633 -0.195829 0.979147 
2280.0 2250.0 2267.2874 219 248 168 -0.0283909 -0.144226 0.989137 
2280.0 2255.0 2267.5884 220 247 167 -0.064255 -0.146034 0.987191 
2280.0 2250.0 2267.3303 219 248 168 -0.0805501 -0.169516 0.98223 
2280.0 2255.0 2267.6134 220 247 167 -0.0374394 -0.13274 0.990444 
2280.0 2250.0 2267.3682 219 248 168 -0.106663 -0.170415 0.979582 
2280.0 2255.0 2267.6292000000003 220 247 167 -0.0281104 -0.133805 0.990609 
2280.0 2250.0 2267.3524 219 248 168 -0.0432975 -0.17202 0.984141 
2200.0 2280.0 2267.1516 219 247 168 -0.0147596 -0.162355 0.986622 
2280.0 2250.0 2267.4041 219 248 168 -0.0804246 -0.16445 0.983101 
2200.0 2280.0 2267.1679 219 247 168 -0.0677984 -0.07669 0.994747 
2280.0 2250.0 2267.4551 219 248 168 -0.0770911 -0.150624 0.985581 
2200.0 2280.0 2267.201 219 247 168 -0.0246256 -0.0760182 0.996802 
2290.0 2250.0 2267.4636 219 247 168 -0.0576554 -0.163553 0.984848 
2200.0 2281.0 2267.2105 219 247 168 -0.0290336 -0.177686 0.983659 
2290.0 2250.0 2267.4408000000003 219 248 168 -0.0428861 -0.158794 0.98638 
2200.0 2281.0 2267.2367 219 247 168 -0.0222149 -0.192919 0.980963 
2290.0 2250.0 2267.4983 219 248 168 -0.0735274 -0.131882 0.988535 
2200.0 2281.0 2267.2669 219 247 168 -0.0574537 -0.155946 0.986093 
2200.0 2280.0 2267.2262 219 247 168 -0.0539055 -0.131896 0.989797 
2200.0 2280.0 2267.2544000000003 219 247 168 -0.0794484 -0.150596 0.985398 
2200.0 2281.0 2267.3043000000002 219 247 168 -0.0650133 -0.161942 0.984656 
2290.0 2250.0 2267.5468 219 248 168 -0.0526361 -0.157908 0.98605 
2200.0 2281.0 2267.349 219 247 168 -0.066758 -0.144057 0.987315 
2290.0 2261.0 2267.6181 220 247 167 0.134117 0.0961367 0.986291 
2190.0 2291.0 2267.4894 220 247 167 -0.965867 0.206138 0.156872 
2290.0 2261.0 2267.494 220 247 167 0.103008 0.0622579 0.99273 
2190.0 2292.0 2267.4463 220 247 167 -0.0893747 0.985505 -0.144191 
2190.0 2292.0 2267.6310000000003 218 247 168 0.00137479 0.636526 0.771254 
2190.0 2293.0 2267.1688 218 247 168 -0.384135 0.428764 0.817681 
2190.0 2293.0 2267.4821 220 247 167 -0.357064 0.452281 0.81728 
2200.0 2294.0 2267.3079000000002 219 247 168 -0.00556592 0.143601 0.98962 
2200.0 2294.0 2267.2981 219 247 168 0.00114373 0.186429 0.982468 
2200.0 2294.0 2267.2543 219 247 168 0.0481197 0.0481197 0.997682 
2200.0 2294.0 2267.2244 219 247 168 0.0454474 0.0964372 0.994301 
2200.0 2294.0 2267.2865 219 247 168 0.0174837 0.196983 0.980251 
2200.0 2294.0 2267.2008 219 247 168 0.0323155 0.114776 0.992866 
2200.0 2295.0 2267.235 219 247 168 0.0667058 -0.0557704 0.996213 
2200.0 2295.0 2267.1993 219 247 168 0.0630761 -0.0331417 0.997458 
2200.0 2295.0 2267.1565 219 247 168 0.0857615 0.00105878 0.996315 
2200.0 2295.0 2267.311 219 247 168 0.0119282 0.105185 0.994381 
2200.0 2295.0 2267.2947 219 247 168 0.0706287 0.0467236 0.996408 
2200.0 2295.0 2267.1763 219 247 168 0.16308 0.0171063 0.986465 
2200.0 2296.0 2267.1258000000003 219 247 168 0.0239688 0.319163 0.947397 
2200.0 2296.0 2267.1428 219 247 168 -0.0237208 0.303376 0.952576 
2200.0 2296.0 2267.1564000000003 219 247 168 0.104445 0.173255 0.979323 
2200.0 2294.0 2267.2828 219 247 168 0.0200044 0.208282 0.977864 
2200.0 2294.0 2267.1908000000003 219 247 168 0.0259628 0.138845 0.989974 
2200.0 2294.0 2267.27 219 247 168 -0.0345893 0.211114 0.976849 
2200.0 2294.0 2267.1846 219 247 168 -0.0147872 0.164934 0.986194 
2200.0 2295.0 2267.1207 219 247 168 0.0610105 0.0787589 0.995025 
2200.0 2295.0 2267.1138 219 247 168 0.00110208 0.135556 0.990769 
2200.0 2295.0 2267.0964 218 248 169 0.167436 0.0480062 0.984713 
2230.0 2270.0 2267.6317 220 247 168 -0.0615626 -0.138225 0.988486 
2290.0 2250.0 2267.6317 220 248 168 -0.0335236 -0.162994 0.986057 
2200.0 2292.0 2267.6317 220 247 167 -0.0140756 0.098529 0.995035 
2290.0 2258.0 2267.6317 221 247 167 0.136494 0.306774 0.941944 
2210.0 2279.0 2267.6317 219 247 168 -0.0463563 -0.120979 0.991572 
2230.0 2283.0 2267.6317 220 247 167 -0.0277932 0.116732 0.992774 
2190.0 2289.0 2267.6317 220 247 167 -0.654638 -0.499814 0.567129 
2230.0 2284.0 2267.6317 220 247 167 0.0101959 0.162002 0.986738 
2210.0 2277.0 2267.6317 220 247 168 -0.0616638 -0.143107 0.987784 
2230.0 2283.0 2267.6317 220 247 167 0.0874088 0.11538 0.989468 
2190.0 2285.0 2267.6317 219 248 168 -0.350134 -0.0563886 0.935001 
2270.0 2258.0 2267.6317 219 247 168 -0.0563371 -0.12992 0.989923 
2250.0 2276.0 2267.6317 220 247 168 0.0542413 0.137334 0.989039 
2210.0 2280.0 2267.6317 219 247 168 -0.0471033 -0.139012 0.98917 
2230.0 2271.0 2267.6317 221 247 167 -0.0663414 -0.138502 0.988138 
2210.0 2278.0 2267.6317 219 248 168 -0.0489278 -0.124026 0.991072 
2290.0 2262.0 2267.6317 219 247 168 0.111168 0.0994662 0.988811 
2260.0 2271.0 2267.6317 220 247 167 0.0738216 0.137097 0.987803 
2250.0 2262.0 2267.6317 220 247 168 -0.0448832 -0.143856 0.98858 
2230.0 2282.0 2267.6317 220 247 167 0.0843605 0.109784 0.990369 
2230.0 2283.0 2267.6317 220 247 167 0.103644 0.0717537 0.992023 
2270.0 2258.0 2267.6317 219 247 168 -0.059112 -0.137928 0.988677 
2250.0 2276.0 2267.6317 220 247 168 0.0619142 0.202739 0.977274 
2230.0 2271.0 2267.6317 221 247 167 -0.0330774 -0.144856 0.9889 
2290.0 2258.0 2267.6317 221 247 167 0.368066 0.200632 0.907896 
2250.0 2262.0 2267.6317 220 247 168 -0.0688387 -0.136511 0.988244 
2210.0 2288.0 2267.6317 221 247 167 0.0701484 0.217829 0.973463 
2290.0 2263.0 2267.6317 219 247 168 0.026774 0.0717543 0.997063 
2260.0 2271.0 2267.6317 220 247 167 0.0893787 0.107951 0.99013 
2250.0 2277.0 2267.6317 220 247 168 0.0227855 0.231452 0.972579 
2200.0 2292.0 2267.6317 220 247 167 -0.0279016 0.121651 0.992181 
2190.0 2289.0 2267.6317 220 247 167 -0.95871 0.0543143 0.27915 
2230.0 2270.0 2267.6317 220 247 168 -0.042489 -0.143544 0.988731 
2300.0 2254.0 2267.6317 221 247 167 0.999999 0.000977516 0.000977516 
2210.0 2277.0 2267.6317 220 247 168 -0.047656 -0.154592 0.986828 
2300.0 2255.0 2267.6317 221 247 167 0.999999 0.000977516 0.000977516 
2270.0 2257.0 2267.6317 219 247 168 -0.0596954 -0.150994 0.986731 
2300.0 2256.0 2267.6317 221 247 167 0.999999 0.000977516 0.000977516 
2260.0 2262.0 2267.6317 220 248 168 -0.047656 -0.154592 0.986828 
2190.0 2285.0 2267.6317 219 248 168 -0.528668 0.00134521 0.848828 
2300.0 2257.0 2267.6317 221 247 167 0.670821 0.0267203 0.741138 
2240.0 2279.0 2267.6317 220 247 167 0.043067 0.161792 0.985885 
2250.0 2277.0 2267.6317 220 247 168 0.0302939 0.238716 0.970617 
2300.0 2257.0 2267.6317 221 247 167 0.319327 0.281066 0.905004 
2230.0 2270.0 2267.6317 219 248 168 -0.0404793 -0.158447 0.986537 
2210.0 2277.0 2267.6317 220 247 168 -0.0567832 -0.14022 0.988491 
2290.0 2261.0 2267.6317 220 247 167 0.00117422 0.228974 0.973432 
2260.0 2260.0 2267.6317 220 248 168 -0.0329501 -0.139754 0.989638 
2290.0 2250.0 2267.6317 220 248 168 -0.0689756 -0.13912 0.98787 
2190.0 2286.0 2267.6317 219 247 168 -0.402 0.0248794 0.915302 
2250.0 2275.0 2267.6317 220 247 167 0.064919 0.108198 0.992007 
2260.0 2270.0 2267.6317 221 247 167 0.0236536 0.138543 0.990074 
2250.0 2276.0 2267.6317 219 247 168 0.0577668 0.166227 0.984394 
2200.0 2292.0 2267.6317 220 247 167 0.00754554 0.100248 0.994934 
2290.0 2251.0 2267.6317 220 247 168 -0.0515009 -0.131613 0.989962 
2240.0 2279.0 2267.6317 220 247 167 0.00113494 0.178186 0.983996 
2210.0 2279.0 2267.6317 219 248 168 -0.0522104 -0.14967 0.987357 
2250.0 2275.0 2267.6317 220 247 167 0.0342044 0.102613 0.994133 
2230.0 2270.0 2267.6317 219 248 168 -0.0448682 -0.146109 0.98825 
2240.0 2279.0 2267.6317 220 247 167 0.0268509 0.187957 0.98181 
2240.0 2279.0 2267.6317 220 247 167 0.0386655 0.179267 0.98304 
2260.0 2261.0 2267.6317 220 248 168 -0.0301318 -0.121643 0.992116 
2200.0 2291.0 2267.6317 220 247 167 0.0951657 0.121013 0.988079 
2260.0 2272.0 2267.6317 220 248 168 0.0616638 0.143107 0.987784 
2230.0 2269.0 2267.6317 219 247 168 -0.0527381 -0.160558 0.985616 
2290.0 2261.0 2267.6317 220 247 167 0.0876181 0.198683 0.976139 
2300.0 2257.0 2267.6317 221 247 167 0.0386085 -0.174323 0.983931 
2270.0 2267.0 2267.6317 219 247 168 0.0653116 0.115727 0.991131 
2260.0 2261.0 2267.6317 220 248 168 -0.0563201 -0.13218 0.989624 
2260.0 2270.0 2267.6317 221 247 167 0.0122056 0.134261 0.990871 
2200.0 2292.0 2267.6317 220 247 167 0.113292 0.120447 0.986234 
2210.0 2278.0 2267.6317 220 248 168 -0.0519061 -0.141877 0.988523 
2290.0 2251.0 2267.6317 220 247 168 -0.0515163 -0.129363 0.990258 
2260.0 2260.0 2267.6317 220 248 168 -0.0519229 -0.139615 0.988844 
2210.0 2279.0 2267.6317 219 247 168 -0.0568948 -0.142818 0.988112 
2210.0 2288.0 2267.6317 221 247 167 0.065772 0.178182 0.981797 
2260.0 2262.0 2267.6317 220 248 168 -0.0426541 -0.148713 0.98796 
2290.0 2258.0 2267.6317 221 247 167 -0.182878 0.11321 0.976596 
2200.0 2292.0 2267.6317 220 247 167 0.0847265 0.112582 0.990024 
2290.0 2262.0 2267.6317 220 247 167 0.126389 0.15093 0.980432 
2240.0 2277.0 2267.6317 220 247 168 0.0654247 0.120519 0.990553 
2200.0 2290.0 2267.6317 219 247 168 0.0394845 0.122966 0.991625 
2190.0 2289.0 2267.6317 218 247 168 -0.365795 -0.356535 0.859696 
2260.0 2260.0 2267.6317 220 247 168 -0.0419825 -0.130486 0.990561 
2230.0 2282.0 2267.6317 220 247 167 0.0917695 0.141826 0.985629 
2250.0 2273.0 2267.6317 220 247 167 0.0729067 0.221192 0.972501 
2240.0 2269.0 2267.6317 219 247 168 -0.0382284 -0.163339 0.985829 
2240.0 2279.0 2267.6317 220 247 167 0.0102681 0.174557 0.984594 
2240.0 2277.0 2267.6317 220 247 168 0.088096 0.128033 0.98785 
2210.0 2288.0 2267.6317 220 247 167 0.0573367 0.215928 0.974724 
2250.0 2277.0 2267.6317 220 248 168 0.0582126 0.177014 0.982485 
2260.0 2261.0 2267.6317 220 247 168 -0.054224 -0.139598 0.988722 
2300.0 2258.0 2267.6317 221 247 167 0.673762 -0.738465 -0.0267254 
2190.0 2290.0 2267.6317 220 247 167 -0.946372 0.0989929 0.307538 
2240.0 2278.0 2267.6317 220 247 168 0.0492177 0.131629 0.990076 
2230.0 2281.0 2267.6317 220 248 168 0.05656 0.135051 0.989223 
2240.0 2278.0 2267.6317 220 247 168 0.0589917 0.196238 0.97878 
2240.0 2279.0 2267.6317 220 247 167 0.0453198 0.156876 0.986578 
2270.0 2268.0 2267.6317 219 247 168 0.0750954 0.077337 0.994173 
2210.0 2278.0 2267.6317 220 248 168 -0.0524134 -0.154911 0.986537 
2260.0 2259.0 2267.6317 220 248 168 -0.0400274 -0.140668 0.989247 
2200.0 2290.0 2267.6317 219 247 168 0.0585129 0.127352 0.99013 
2240.0 2269.0 2267.6317 219 247 168 -0.0475469 -0.154238 0.986889 
2270.0 2270.0 2267.6317 220 247 167 0.0445344 0.133603 0.990034 
2260.0 2271.0 2267.6317 220 248 168 0.0466439 0.12628 0.990897 
2290.0 2261.0 2267.6317 221 247 167 -0.0326958 0.129656 0.99102 
2260.0 2260.0 2267.6317 220 248 168 -0.0564485 -0.132481 0.989577 
2250.0 2273.0 2267.6317 220 247 167 0.099885 0.183739 0.977887 
2280.0 2267.0 2267.6317 219 247 168 0.0475638 0.151972 0.98724 
2240.0 2279.0 2267.6317 220 247 167 0.00117217 0.226229 0.974073 
2190.0 2288.0 2267.6317 221 247 167 -0.412039 -0.080765 0.90758 
2210.0 2276.0 2267.6317 220 247 167 -0.0473633 -0.149021 0.987699 
2260.0 2259.0 2267.6317 220 248 168 -0.0396278 -0.130206 0.990695 
2290.0 2250.0 2267.6317 220 247 168 -0.0352878 -0.142289 0.989196 
2190.0 2284.0 2267.6317 219 247 168 -0.0477306 -0.15949 0.986045 
2240.0 2269.0 2267.6317 220 248 168 -0.0570065 -0.145425 0.987726 
2270.0 2270.0 2267.6317 220 247 167 0.0144837 0.137038 0.99046 
2290.0 2262.0 2267.6317 221 247 167 -0.0769412 0.109096 0.991049 
2210.0 2287.0 2267.6317 220 247 167 0.0473261 0.219642 0.974432 
2260.0 2259.0 2267.6317 220 247 168 -0.0609376 -0.127624 0.989949 
2260.0 2273.0 2267.6317 220 247 167 0.0415837 0.193661 0.980187 
2290.0 2250.0 2267.6317 220 248 168 -0.0262125 -0.151577 0.988098 
2190.0 2292.0 2267.6317 221 247 167 0.0608641 0.177819 0.982179 
2270.0 2259.0 2267.6317 220 247 167 -0.0472874 -0.144169 0.988423 
2270.0 2268.0 2267.6317 219 248 168 0.0362012 0.0932455 0.994985 
2240.0 2268.0 2267.6317 220 247 168 -0.0542413 -0.137334 0.989039 
2250.0 2274.0 2267.6317 220 247 168 0.0958758 0.163838 0.981817 
2240.0 2266.0 2267.6317 219 248 168 -0.0696606 -0.152309 0.985875 
2290.0 2250.0 2267.6317 221 247 167 0.00336987 -0.158384 0.987372 
2290.0 2262.0 2267.6317 221 247 167 0.0570065 0.145425 0.987726 
2290.0 2250.0 2267.6317 221 247 167 0.0408987 -0.266461 0.962978 
2230.0 2281.0 2267.6317 220 248 168 0.00553449 0.136148 0.990673 
2240.0 2269.0 2267.6317 220 247 168 -0.0547557 -0.152617 0.986767 
2290.0 2250.0 2267.6317 221 247 167 0.465344 -0.259549 0.84622 
2270.0 2258.0 2267.6317 220 247 167 -0.0494921 -0.14157 0.98869 
2240.0 2266.0 2267.6317 219 248 168 -0.0573212 -0.155586 0.986158 
2190.0 2284.0 2267.6317 219 247 168 -0.0636242 -0.133032 0.989067 
2190.0 2283.0 2267.6317 219 247 168 -0.0382284 -0.163339 0.985829 
2200.0 2283.0 2267.6317 219 247 168 -0.0262625 -0.154149 0.987698 
2200.0 2283.0 2267.6317 219 247 168 -0.0472716 -0.146427 0.988091 
2200.0 2283.0 2267.6317 219 247 168 -0.0479144 -0.164779 0.985166 
2200.0 2283.0 2267.6317 219 247 168 -0.0335874 -0.165621 0.985617 
2210.0 2276.0 2267.6317 220 247 167 -0.0424066 -0.140973 0.989105 
2200.0 2282.0 2267.6317 219 247 168 -0.0521089 -0.147063 0.987754 
2200.0 2282.0 2267.6317 219 247 168 -0.0570065 -0.145425 0.987726 
2190.0 2284.0 2267.6317 221 247 167 -0.0823773 -0.117185 0.989688 
2210.0 2277.0 2267.6317 220 247 167 -0.0468133 -0.133589 0.989931 
2210.0 2290.0 2267.6317 219 247 168 0.0301903 0.124116 0.991808 
2190.0 2286.0 2267.6317 221 247 167 -0.33126 0.0163741 0.943398 
2190.0 2287.0 2267.6317 221 247 167 -0.393863 0.0168984 0.919014 
2220.0 2276.0 2267.6317 220 247 167 -0.0472874 -0.144169 0.988423 
2240.0 2268.0 2267.6317 220 247 167 -0.0473795 -0.146761 0.988037 
2220.0 2275.0 2267.6317 220 247 167 -0.0540282 -0.132197 0.98975 
2200.0 2281.0 2267.6317 221 247 167 -0.0390983 -0.110592 0.993097 
2290.0 2259.0 2267.6317 220 247 167 0.0726049 0.160683 0.984332 
2220.0 2275.0 2267.6317 219 247 168 -0.0522104 -0.14967 0.987357 
2240.0 2268.0 2267.6317 220 247 167 -0.0284454 -0.146778 0.98876 
2200.0 2282.0 2267.6317 221 247 167 -0.0830699 -0.12519 0.988649 
2290.0 2260.0 2267.6317 220 247 167 0.206122 0.195484 0.958801 
2220.0 2275.0 2267.6317 219 247 168 -0.0566716 -0.137631 0.988861 
2190.0 2293.0 2267.6317 221 247 167 0.225981 0.209743 0.951284 
2250.0 2265.0 2267.6317 220 247 168 -0.0414918 -0.115504 0.99244 
2300.0 2258.0 2267.6317 221 247 167 0.996331 -0.0855809 0.00105655 
2290.0 2250.0 2267.6317 221 247 167 0.536025 -0.443092 0.718572 
2250.0 2274.0 2267.6317 220 247 168 0.118038 0.147244 0.982032 
2200.0 2293.0 2267.6317 221 247 167 -0.0830089 0.0875573 0.992695 
2250.0 2266.0 2267.6317 220 247 168 -0.0330664 -0.147088 0.988571 
2200.0 2292.0 2267.6317 221 247 167 0.146112 0.184228 0.971963 
2250.0 2265.0 2267.6317 220 247 168 -0.0510967 -0.121497 0.991276 
2290.0 2251.0 2267.6317 221 247 167 0.829029 -0.298201 0.473062 
2250.0 2275.0 2267.6317 220 247 168 0.11466 0.138799 0.983661 
2220.0 2275.0 2267.6317 219 247 168 -0.0522104 -0.14967 0.987357 
2300.0 2259.0 2267.6317 220 247 168 -0.148135 0.173457 0.973637 
2290.0 2251.0 2267.6317 221 247 167 0.774973 -0.572944 0.266742 
2250.0 2264.0 2267.6317 220 247 168 -0.0811837 -0.137659 0.987147 
2220.0 2287.0 2267.6317 220 247 168 0.0560333 0.184791 0.981179 
2280.0 2253.0 2267.6317 219 248 168 -0.0402467 -0.150638 0.987769 
2220.0 2274.0 2267.6317 220 248 168 -0.0380099 -0.155495 0.987105 
2240.0 2267.0 2267.6317 220 247 167 -0.0449551 -0.148698 0.98786 
2270.0 2257.0 2267.6317 220 248 168 -0.0496852 -0.146745 0.987926 
2260.0 2273.0 2267.6317 220 247 168 0.00110175 0.137718 0.990471 
2230.0 2281.0 2267.6317 220 247 168 -0.028991 0.172786 0.984533 
2220.0 2287.0 2267.6317 220 247 168 0.0562715 0.187971 0.980561 
2290.0 2259.0 2267.6317 220 247 167 0.382583 0.166402 0.908813 
2200.0 2293.0 2267.6317 221 247 167 0.158545 0.168692 0.972834 
2280.0 2254.0 2267.6317 219 248 168 -0.0499929 -0.152304 0.987068 
2260.0 2273.0 2267.6317 220 247 168 0.0196494 0.179156 0.983624 
2210.0 2290.0 2267.6317 220 247 168 0.0377312 0.142921 0.989015 
2200.0 2281.0 2267.6317 221 247 167 -0.0280021 -0.12881 0.991274 
2290.0 2260.0 2267.6317 220 247 167 0.00336866 0.160573 0.987018 
2280.0 2253.0 2267.6317 219 248 168 -0.054348 -0.139917 0.988671 
2290.0 2260.0 2267.6317 220 247 167 0.459609 0.17474 0.870761 
2220.0 2287.0 2267.6317 220 247 168 0.0747381 0.202161 0.976497 
2210.0 2289.0 2267.6317 220 247 168 0.0391931 0.195965 0.979827 
2300.0 2253.0 2267.6317 221 247 167 0.883424 -0.400744 0.24283 
2270.0 2257.0 2267.6317 220 248 168 -0.0523303 -0.150013 0.987298 
2200.0 2281.0 2267.6317 221 247 167 -0.0521089 -0.147063 0.987754 
2200.0 2281.0 2267.6317 221 247 167 -0.0520075 -0.144465 0.988142 
2260.0 2272.0 2267.6317 220 247 168 0.0641234 0.0956226 0.99335 
2200.0 2280.0 2267.6317 221 247 167 -0.0587447 -0.132464 0.989446 
2300.0 2259.0 2267.6317 220 247 168 -0.0405255 0.0843368 0.995613 
2200.0 2291.0 2267.6317 221 247 167 0.00115153 0.199215 0.979955 
2260.0 2272.0 2267.6317 220 247 168 0.0234655 0.130737 0.991139 
2290.0 2260.0 2267.6317 220 247 167 0.00128895 0.406019 0.913864 
2280.0 2267.0 2267.6317 220 247 167 -0.00335732 0.153318 0.988171 
2230.0 2281.0 2267.6317 220 247 168 0.0545429 0.147382 0.987575 
2220.0 2274.0 2267.6317 220 248 168 -0.0471799 -0.143841 0.988476 
2300.0 2259.0 2267.6317 220 247 168 0.417756 0.64411 0.640782 
2280.0 2265.0 2267.6317 220 247 168 0.049039 0.19496 0.979584 
2280.0 2253.0 2267.6317 219 248 168 -0.0781919 -0.129542 0.988486 
2230.0 2281.0 2267.6317 220 247 168 0.104445 0.173255 0.979323 
2270.0 2257.0 2267.6317 220 248 168 -0.0476388 -0.156859 0.986471 
2250.0 2265.0 2267.6317 220 247 168 -0.0380827 -0.158101 0.986688 
2280.0 2266.0 2267.6317 220 247 168 0.0733167 0.174277 0.981963 
2220.0 2274.0 2267.6317 220 248 168 -0.0500717 -0.157202 0.986296 
2280.0 2267.0 2267.6317 220 247 167 0.0103819 0.190334 0.981664 
2270.0 2256.0 2267.6317 220 247 168 -0.0497818 -0.149345 0.987531 
2210.0 2289.0 2267.6317 219 248 168 0.0984867 0.2057 0.973647 
2270.0 2256.0 2267.6317 220 247 168 -0.0521089 -0.147063 0.987754 
2290.0 2251.0 2267.6317 219 248 168 -0.0544547 -0.142509 0.988294 
2250.0 2264.0 2267.6317 220 247 168 -0.0637503 -0.135614 0.988709 
2300.0 2259.0 2267.6317 220 247 168 0.983747 -0.00799794 0.179382 
2300.0 2254.0 2267.6317 221 247 167 0.70472 -0.213127 0.676718 
2280.0 2254.0 2267.6317 220 247 167 -0.0568948 -0.142818 0.988112 
2280.0 2254.0 2267.6317 220 247 167 -0.0493956 -0.138997 0.98906 
2220.0 2273.0 2267.6317 220 247 168 -0.0421594 -0.133315 0.990177 
2220.0 2273.0 2267.6317 220 247 168 -0.0427366 -0.151311 0.987562 
2230.0 2273.0 2267.6317 220 247 168 -0.0521265 -0.144796 0.988087 
2280.0 2266.0 2267.6317 220 247 167 0.0921292 0.233478 0.967988 
2220.0 2274.0 2267.6317 220 248 168 -0.0550751 -0.160538 0.985492 
2220.0 2273.0 2267.6317 220 247 168 -0.0548621 -0.155248 0.986351 
2210.0 2289.0 2267.6317 219 248 168 0.114492 0.202563 0.972553 
2270.0 2255.0 2267.6317 220 247 168 -0.0616842 -0.140826 0.988111 
2270.0 2268.0 2267.6317 220 247 168 0.0737977 0.139396 0.987483 
2210.0 2289.0 2267.6317 219 248 168 0.0677873 0.223082 0.97244 
2270.0 2269.0 2267.6317 220 247 168 0.137964 0.155365 0.978176 
2200.0 2292.0 2267.6317 221 247 167 0.0268127 0.183026 0.982742 
2200.0 2280.0 2267.6317 221 247 167 -0.0668666 -0.148984 0.986576 
2210.0 2288.0 2267.6317 219 248 168 0.04819 0.172779 0.983781 
2250.0 2264.0 2267.6317 220 247 168 -0.0309655 -0.154828 0.987456 
2270.0 2268.0 2267.6317 220 247 168 -0.00783885 0.148938 0.988815 
2200.0 2292.0 2267.6317 221 247 167 -0.00783885 0.148938 0.988815 
2270.0 2269.0 2267.6317 220 247 168 0.0614526 0.257098 0.96443 
2250.0 2265.0 2267.6317 220 247 168 -0.0443603 -0.128531 0.990713 
2190.0 2293.0 2267.6317 219 248 168 -0.0925638 0.421372 0.902151 
2280.0 2252.0 2267.6317 220 248 168 -0.0548621 -0.155248 0.986351 
2200.0 2293.0 2267.6317 220 247 168 -0.0932106 0.165842 0.981737 
2270.0 2256.0 2267.6317 220 247 168 -0.0496852 -0.146745 0.987926 
2250.0 2263.0 2267.6317 221 247 167 -0.0696606 -0.152309 0.985875 
2280.0 2253.0 2267.6317 220 248 168 -0.0590929 -0.140201 0.988358 
2200.0 2293.0 2267.6317 220 247 168 0.0516426 0.198163 0.978808 
2280.0 2252.0 2267.6317 220 248 168 -0.0377312 -0.142921 0.989015 
2250.0 2263.0 2267.6317 221 247 167 -0.0505754 -0.168193 0.984456 
2250.0 2263.0 2267.6317 221 247 167 -0.0715851 -0.144344 0.986935 
2280.0 2252.0 2267.6317 220 247 168 -0.0545614 -0.14511 0.98791 
2220.0 2284.0 2267.6317 220 247 167 0.093754 0.136477 0.986197 
2280.0 2266.0 2267.6317 220 247 168 0.0788889 0.185692 0.979436 
2220.0 2284.0 2267.6317 220 247 167 0.099319 0.142397 0.984814 
2220.0 2283.0 2267.6317 220 247 167 0.0230159 0.106311 0.994066 
2280.0 2265.0 2267.6317 220 248 168 0.0380965 0.155849 0.987046 
2280.0 2265.0 2267.6317 220 248 168 0.0717266 0.146981 0.986535 
2220.0 2286.0 2267.6317 220 247 168 0.0932477 0.163486 0.982129 
2220.0 2286.0 2267.6317 220 247 168 0.116767 0.163474 0.979613 
2280.0 2264.0 2267.6317 220 248 168 0.00111833 0.157685 0.987489 
2220.0 2285.0 2267.6317 220 247 168 0.0346066 0.208833 0.977339 
2280.0 2265.0 2267.6317 220 248 168 0.0536559 0.184815 0.981308 
2220.0 2285.0 2267.6317 220 247 168 0.061187 0.18836 0.980192 
2280.0 2265.0 2267.6317 220 248 168 0.0105952 0.217791 0.975938 
2220.0 2285.0 2267.6317 220 247 168 0.0506725 0.170872 0.983989 
2280.0 2263.0 2267.6317 220 248 168 0.0838461 0.102223 0.991222 
2220.0 2286.0 2267.6317 220 248 168 0.0607217 0.177403 0.982263 
2280.0 2263.0 2267.6317 220 248 168 0.174658 0.075886 0.9817 
2280.0 2265.0 2267.6317 220 248 168 0.131482 0.176561 0.975468 
2220.0 2285.0 2267.6317 220 248 168 0.0868057 0.143883 0.98578 
2280.0 2265.0 2267.6317 219 247 168 0.0213619 0.315402 0.948718 
2230.0 2272.0 2267.6317 220 247 167 -0.0572301 -0.150667 0.986927 
2230.0 2272.0 2267.6317 220 247 167 -0.0568758 -0.145091 0.987782 
2230.0 2272.0 2267.6317 220 247 167 -0.0615426 -0.140503 0.988166 
2230.0 2271.0 2267.6317 220 247 167 -0.0419006 -0.127967 0.990893 
2270.0 2269.0 2267.5297 219 247 168 0.0848004 0.19541 0.977049 
2210.0 2273.0 2266.6646 218 247 168 -0.0599005 -0.291856 0.954585 
2290.0 2258.0 2267.5005 221 247 167 0.0012127 0.28256 0.959249 
2210.0 2274.0 2266.7870000000003 218 248 168 -0.123076 -0.281883 0.951522 
2270.0 2253.0 2266.6754 217 248 169 -0.160229 -0.270638 0.949253 
2200.0 2293.0 2267.4552000000003 219 247 168 0.0452325 0.154254 0.986995 
2190.0 2288.0 2266.7934 220 247 167 -0.709862 -0.33625 0.618896 
2260.0 2271.0 2267.5789 220 247 167 0.0703092 0.0792374 0.994373 
2210.0 2273.0 2266.6582000000003 218 247 168 -0.0546855 -0.291232 0.955088 
2290.0 2261.0 2267.629 220 247 167 0.00110589 0.14266 0.989771 
2270.0 2269.0 2267.4590000000003 219 247 168 0.015236 0.2051 0.978622 
2260.0 2255.0 2266.8769 218 248 169 -0.152619 -0.217841 0.963978 
2200.0 2275.0 2266.7565 218 247 168 -0.124648 -0.263729 0.956509 
2200.0 2275.0 2267.0129 218 247 168 -0.135313 -0.290722 0.947191 
2210.0 2290.0 2267.1934 218 248 169 0.0547741 0.215445 0.974979 
2230.0 2284.0 2267.5686 220 247 167 0.00338742 0.168242 0.98574 
2200.0 2293.0 2267.5053000000003 219 247 168 -0.0283272 0.143902 0.989186 
2270.0 2253.0 2266.8764 217 248 169 -0.111917 -0.24313 0.963516 
2190.0 2279.0 2266.6291 217 248 169 0.000977516 0.000977516 0.999999 
2190.0 2288.0 2267.5296000000003 218 247 168 -0.572659 -0.0667865 0.817069 
2250.0 2260.0 2267.2584 220 248 168 -0.0600233 -0.161239 0.985088 
2270.0 2269.0 2267.5423 219 247 168 -0.00581775 0.205948 0.978546 
2210.0 2288.0 2267.5698 221 247 167 0.0724626 0.157992 0.984778 
2230.0 2271.0 2267.623 221 247 167 -0.0166894 -0.130177 0.99135 
2210.0 2290.0 2267.1330000000003 218 248 169 0.0345261 0.208347 0.977445 
2210.0 2292.0 2266.8716 218 248 169 0.11094 0.225706 0.967858 
2230.0 2284.0 2267.5444 220 247 167 0.0103293 0.180189 0.983578 
2200.0 2294.0 2267.3199 219 247 168 0.0805515 0.0896278 0.992713 
2290.0 2247.0 2267.1356 219 247 168 0.0121394 -0.124705 0.99212 
2230.0 2267.0 2266.803 218 247 168 -0.0956245 -0.243524 0.96517 
2250.0 2276.0 2267.5851000000002 220 247 168 0.0603538 0.227867 0.97182 
2190.0 2279.0 2266.7483 217 247 169 0.000977516 0.000977516 0.999999 
2240.0 2280.0 2267.523 220 247 167 0.0492991 0.136432 0.989422 
2190.0 2293.0 2267.5009 221 247 167 -0.0056687 0.171195 0.985221 
2240.0 2279.0 2267.6246 220 247 167 0.00113909 0.183394 0.983039 
2230.0 2284.0 2267.5531 220 247 167 0.0264125 0.16192 0.98645 
2240.0 2280.0 2267.4481 220 247 167 0.0405568 0.161068 0.98611 
2280.0 2269.0 2266.8577 218 247 168 0.163117 0.302931 0.938949 
2210.0 2292.0 2266.9016 218 248 169 -0.0108951 0.262692 0.964818 
2290.0 2247.0 2267.2253 219 247 168 0.213105 -0.00349353 0.977023 
2250.0 2277.0 2267.4075000000003 220 247 168 0.053835 0.19261 0.979798 
2210.0 2274.0 2266.9891000000002 218 247 168 -0.0479878 -0.244861 0.96837 
2270.0 2251.0 2266.6886 217 248 169 -0.0742989 -0.248083 0.965885 
2200.0 2293.0 2267.5495 219 247 168 -0.00341381 0.17638 0.984316 
2230.0 2283.0 2267.5216 220 247 167 0.118918 0.10008 0.987847 
2210.0 2275.0 2267.0807 218 247 168 -0.0788228 -0.231464 0.969645 
2200.0 2292.0 2267.6186000000002 221 247 167 0.00107494 0.106419 0.994321 
2210.0 2288.0 2267.4745000000003 220 247 167 0.066758 0.144057 0.987315 
2280.0 2270.0 2266.5708 218 247 168 0.00119867 0.262509 0.964929 
2210.0 2274.0 2266.9738 218 247 168 -0.0420279 -0.212541 0.976248 
2260.0 2255.0 2266.8889 218 248 168 0.00120549 -0.268825 0.963188 
2240.0 2280.0 2267.4213 220 247 167 0.0171706 0.168272 0.985591 
2210.0 2271.0 2266.7424 217 248 169 -0.161683 -0.286682 0.944284 
2200.0 2295.0 2267.3194000000003 219 248 168 0.0114283 0.0550636 0.998417 
2210.0 2290.0 2267.1192 218 248 169 -0.00111456 0.150466 0.988615 
2260.0 2271.0 2267.5164 221 247 167 0.0532702 0.116741 0.991733 
2230.0 2267.0 2266.7742000000003 218 247 168 0.00602109 -0.263724 0.964579 
2290.0 2262.0 2267.5653 220 247 167 0.103049 0.0387817 0.99392 
2230.0 2282.0 2267.5666 220 247 167 0.0327494 0.134386 0.990388 
2290.0 2263.0 2267.6138 219 247 168 0.0401051 0.143232 0.988876 
2210.0 2273.0 2266.8073 218 247 168 -0.0920218 -0.28125 0.955212 
2210.0 2274.0 2266.8757 218 248 169 -0.0852319 -0.255696 0.962993 
2260.0 2271.0 2267.4997000000003 221 247 167 0.0168441 0.144859 0.989309 
2250.0 2277.0 2267.3724 220 247 168 0.0499565 0.222977 0.973543 
2200.0 2295.0 2267.2070000000003 219 248 168 -0.238559 0.187343 0.952886 
2270.0 2270.0 2267.2079000000003 219 247 168 0.0737882 0.374307 0.924364 
2290.0 2262.0 2267.4778 220 247 167 0.0276851 0.111848 0.99334 
2230.0 2283.0 2267.4173 220 247 167 0.0812098 0.13535 0.987464 
2230.0 2268.0 2266.9942 218 247 168 -0.125735 -0.11376 0.98552 
2270.0 2253.0 2266.9692 217 248 169 -0.073895 -0.239219 0.96815 
2220.0 2270.0 2266.7850000000003 217 247 169 -0.165396 -0.228907 0.959294 
2250.0 2260.0 2267.3225 220 248 168 -0.0602561 -0.16659 0.984183 
2200.0 2295.0 2267.2587000000003 219 248 168 -0.0302574 0.124392 0.991772 
2240.0 2279.0 2267.5717 220 247 167 0.0510967 0.121497 0.991276 
2270.0 2271.0 2266.5854 219 248 168 0.218324 0.420311 0.880723 
2200.0 2296.0 2267.1236 219 248 168 -0.213515 0.0911496 0.972678 
2270.0 2268.0 2267.5442000000003 219 247 168 0.0951423 0.0882645 0.991543 
2190.0 2294.0 2266.73 218 248 168 -0.340246 0.424916 0.838856 
2280.0 2267.0 2267.6301000000003 219 247 168 0.00793913 0.16899 0.985586 
2280.0 2268.0 2267.4394 219 247 168 0.074091 0.144654 0.986704 
2290.0 2248.0 2267.2902 219 247 168 0.0494921 -0.14157 0.98869 
2210.0 2275.0 2267.1155 218 248 169 -0.049131 -0.197723 0.979026 
2270.0 2254.0 2266.9641 217 247 169 -0.149027 -0.213822 0.965438 
2290.0 2262.0 2267.5951 221 247 167 -0.0503212 0.234423 0.970831 
2270.0 2254.0 2267.0644 217 247 169 -0.0881975 -0.165521 0.982255 
2190.0 2282.0 2266.6541 219 248 168 -0.442883 -0.274312 0.853585 
2200.0 2296.0 2267.1866 219 248 168 -0.0299053 0.109653 0.99352 
2290.0 2263.0 2267.567 219 247 168 0.102029 0.0791012 0.991632 
2230.0 2268.0 2267.0095 218 247 168 -0.0101162 -0.153992 0.98802 
2250.0 2277.0 2267.2912 220 247 168 0.0691994 0.252892 0.965017 
2260.0 2256.0 2266.8335 218 247 168 -0.0347156 -0.216673 0.975627 
2210.0 2275.0 2267.1655 218 248 168 -0.0363781 -0.184237 0.982208 
2210.0 2288.0 2267.424 220 247 167 0.0536559 0.184815 0.981308 
2290.0 2262.0 2267.5964 221 247 167 0.0359616 0.274052 0.961042 
2200.0 2276.0 2266.7548 218 248 168 -0.0187147 -0.305673 0.951953 
2290.0 2260.0 2267.4715 220 247 167 0.0160519 0.0845402 0.996291 
2270.0 2271.0 2267.4912 220 247 167 0.0306601 0.144216 0.989071 
2290.0 2263.0 2267.3937 219 247 168 0.125103 0.137249 0.982605 
2190.0 2294.0 2267.0427 219 248 168 -0.251825 0.42373 0.870079 
2220.0 2271.0 2266.9700000000003 217 248 169 -0.123167 -0.279444 0.952229 
2240.0 2280.0 2267.3989 220 247 167 0.0172919 0.180989 0.983333 
2270.0 2254.0 2267.1407 217 248 169 -0.059112 -0.137928 0.988677 
2200.0 2276.0 2266.705 218 248 168 -0.074094 -0.310675 0.947624 
2260.0 2256.0 2266.9429 218 247 168 -0.107867 -0.149075 0.982925 
2220.0 2287.0 2267.6040000000003 220 247 168 0.0608381 0.180128 0.98176 
2270.0 2269.0 2267.4655000000002 219 248 168 0.0876181 0.198683 0.976139 
2210.0 2274.0 2267.0798 218 247 168 -0.0799512 -0.205413 0.975404 
2190.0 2295.0 2266.7113 217 248 169 -0.220263 0.36905 0.902932 
2220.0 2271.0 2267.0412 217 248 169 -0.0777589 -0.213528 0.973837 
2230.0 2284.0 2267.4352 220 247 167 0.122602 0.0829021 0.988987 
2290.0 2265.0 2267.4017 219 248 168 0.0687075 0.186836 0.979985 
2220.0 2267.0 2266.6156 218 247 169 -0.240347 -0.143157 0.960073 
2200.0 2296.0 2267.1887 219 248 168 0.02201 0.179556 0.983502 
2250.0 2276.0 2267.5077 219 247 168 0.0620306 0.205552 0.976678 
2230.0 2267.0 2266.7361 218 247 168 0.0455046 -0.247201 0.967895 
2290.0 2265.0 2267.3902000000003 219 248 168 0.0971638 0.185718 0.977787 
2210.0 2292.0 2266.9543000000003 218 248 169 0.0384642 0.271731 0.961604 
2280.0 2267.0 2267.6224 220 247 167 0.0443875 0.205142 0.977725 
2200.0 2297.0 2267.0749 219 247 168 -0.308567 0.113542 0.944402 
2280.0 2269.0 2267.303 219 248 168 0.121217 0.153052 0.980756 
2290.0 2248.0 2267.3287 219 247 168 0.232694 -0.11699 0.965488 
2250.0 2261.0 2267.4197 220 248 168 -0.0842182 -0.145899 0.985708 
2190.0 2294.0 2267.2976 220 247 168 -0.123397 0.326799 0.937004 
2290.0 2259.0 2267.2447 220 247 167 0.0955648 0.24592 0.964568 
2200.0 2276.0 2266.9599000000003 218 248 169 -0.127209 -0.295928 0.946702 
2200.0 2297.0 2267.0187 219 247 168 0.0570984 0.15032 0.986987 
2230.0 2284.0 2267.2857 220 247 167 0.124948 0.105908 0.986495 
2280.0 2268.0 2267.3761 219 247 168 0.0689701 0.19239 0.978892 
2240.0 2280.0 2267.3947000000003 220 247 167 0.0127174 0.190761 0.981554 
2250.0 2275.0 2267.6314 219 247 168 0.0696354 0.154614 0.985518 
2290.0 2247.0 2266.7051 219 248 168 0.507511 0.174131 0.843867 
2210.0 2293.0 2266.6825 218 248 169 0.203606 0.177334 0.962859 
2250.0 2261.0 2267.4993 220 248 168 -0.0522104 -0.14967 0.987357 
2290.0 2249.0 2267.4483 219 247 168 0.0267514 -0.182607 0.982822 
2200.0 2277.0 2267.0839 218 248 169 -0.0927364 -0.199074 0.975587 
2220.0 2269.0 2266.6157000000003 216 248 169 -0.0505485 -0.338286 0.939685 
2200.0 2294.0 2267.4796 220 247 168 -0.0790662 0.239709 0.96762 
2230.0 2282.0 2267.5597000000002 220 248 168 0.0290336 0.177686 0.983659 
2280.0 2269.0 2267.1563 219 247 168 0.0701819 0.165344 0.983736 
2280.0 2249.0 2266.6014 218 247 168 -0.100034 -0.188954 0.976878 
2260.0 2260.0 2267.4013 220 248 168 -0.065038 -0.159639 0.985031 
2200.0 2297.0 2266.9498000000003 219 247 168 0.13915 0.340298 0.929965 
2260.0 2256.0 2267.0608 218 248 168 -0.0692494 -0.144367 0.987098 
2210.0 2275.0 2267.187 218 247 168 -0.0411772 -0.182356 0.98237 
2220.0 2287.0 2267.5256 220 247 168 0.0479144 0.164779 0.985166 
2260.0 2272.0 2267.599 220 248 168 0.0596493 0.0553112 0.996686 
2230.0 2282.0 2267.5281 220 247 168 -0.0126942 0.188104 0.982067 
2220.0 2269.0 2266.6284 216 248 169 -0.0112923 -0.327478 0.944791 
2190.0 2282.0 2267.1596 219 248 168 -0.206149 -0.1012 0.973273 
2290.0 2260.0 2267.0483 220 247 167 0.325561 0.258405 0.909526 
2290.0 2249.0 2267.5458000000003 219 247 168 0.498342 -0.101382 0.861032 
2260.0 2261.0 2267.5395000000003 220 248 168 -0.0470882 -0.141264 0.988851 
2280.0 2249.0 2266.7071 217 247 168 -0.0800719 -0.260551 0.962134 
2200.0 2293.0 2267.5239 220 247 167 -0.010287 0.177166 0.984127 
2250.0 2262.0 2267.5627 220 247 168 -0.0919222 -0.146837 0.98488 
2190.0 2295.0 2266.8507 220 247 168 -0.203932 0.335134 0.919835 
2210.0 2275.0 2267.2564 218 248 169 -0.0627806 -0.164651 0.984352 
2220.0 2288.0 2267.3869 220 247 168 0.0216333 0.158264 0.98716 
2190.0 2281.0 2266.6858 219 248 168 -0.0750622 -0.335805 0.938936 
2230.0 2268.0 2266.9925000000003 218 247 168 0.00114998 -0.194346 0.980932 
2220.0 2290.0 2267.1776 218 247 168 0.0802538 0.211129 0.974158 
2290.0 2265.0 2267.2041 219 248 168 0.107769 0.182093 0.977358 
2220.0 2269.0 2266.6792 217 248 169 0.0341324 -0.312248 0.949387 
2250.0 2276.0 2267.4416 219 247 168 0.0540377 0.198138 0.978683 
2260.0 2254.0 2266.7158 218 247 168 -0.0818075 -0.237871 0.967846 
2220.0 2288.0 2267.3423000000003 220 247 168 0.0449704 0.146442 0.988197 
2260.0 2272.0 2267.5337 220 248 168 0.0652941 0.117988 0.990866 
2220.0 2292.0 2266.7596000000003 218 247 168 0.141517 0.331123 0.932915 
2270.0 2270.0 2267.0586000000003 219 248 168 0.00914338 0.419289 0.907807 
2290.0 2263.0 2267.3009 219 247 168 0.0199778 0.203303 0.978912 
2220.0 2270.0 2266.9535 217 248 169 -0.0955648 -0.24592 0.964568 
2250.0 2277.0 2267.2493 219 247 168 0.0509225 0.257096 0.965043 
2260.0 2272.0 2267.5085 220 248 168 0.0608168 0.125076 0.990281 
2220.0 2270.0 2266.9892 217 248 169 -0.0034624 -0.199665 0.979858 
2200.0 2293.0 2267.5785 220 247 167 -0.0197224 0.184463 0.982642 
2220.0 2290.0 2266.9622 218 248 168 0.112744 0.255294 0.960268 
2220.0 2271.0 2267.0831000000003 217 247 169 -0.0567832 -0.14022 0.988491 
2190.0 2281.0 2266.7273 219 248 168 -0.101842 -0.359841 0.927439 
2290.0 2249.0 2267.434 220 248 168 -0.065038 -0.159639 0.985031 
2280.0 2270.0 2267.1259 219 248 168 0.0238356 0.312372 0.949661 
2290.0 2263.0 2267.2603 219 248 168 0.131268 0.271819 0.953354 
2260.0 2273.0 2267.5561000000002 220 248 168 0.0537089 0.124559 0.990757 
2200.0 2294.0 2267.424 220 247 168 0.0519061 0.141877 0.988523 
2190.0 2282.0 2266.9965 219 247 168 -0.0517394 -0.200941 0.978236 
2200.0 2292.0 2267.5422000000003 220 247 167 0.103735 0.129967 0.986077 
2220.0 2284.0 2267.6174 220 247 167 0.066231 0.133624 0.988817 
2200.0 2293.0 2267.5408 220 247 167 0.0580131 0.169304 0.983855 
2230.0 2282.0 2267.5861 220 247 168 0.0455322 0.244889 0.968481 
2260.0 2255.0 2266.803 218 247 168 -0.0762908 -0.233875 0.969269 
2200.0 2293.0 2267.3923 220 247 167 0.118275 0.120664 0.985622 
2290.0 2265.0 2267.117 219 247 168 0.0805501 0.169516 0.98223 
2280.0 2271.0 2266.668 219 247 168 -0.157508 0.308169 0.938202 
2250.0 2277.0 2267.1837 219 248 168 0.0503212 0.234423 0.970831 
2220.0 2284.0 2267.5491 220 247 167 0.0214771 0.145818 0.989078 
2260.0 2273.0 2267.3781 220 248 168 0.095748 0.128846 0.987031 
2200.0 2277.0 2267.1143 218 248 169 -0.0227324 -0.230914 0.972709 
2280.0 2249.0 2266.7926 218 248 169 0.0325987 -0.233021 0.971925 
2260.0 2254.0 2266.6781 218 248 168 -0.0534335 -0.254741 0.965532 
2200.0 2290.0 2267.6102 219 247 168 0.0425571 0.148375 0.988015 
2290.0 2265.0 2266.971 219 248 168 0.127589 0.106126 0.986133 
2210.0 2273.0 2266.9005 218 248 169 -0.126701 -0.249484 0.960055 
2260.0 2273.0 2267.2998000000002 220 247 168 0.0420645 0.133015 0.990221 
2230.0 2282.0 2267.445 220 247 168 0.124498 0.22461 0.966463 
2260.0 2272.0 2267.3831 219 247 168 0.0697685 0.108656 0.991628 
2280.0 2270.0 2267.0092 218 248 168 0.0310838 0.160024 0.986624 
2190.0 2282.0 2267.17 219 248 168 -0.138632 -0.221553 0.965244 
2260.0 2258.0 2266.9570000000003 220 248 168 -0.137909 -0.282513 0.949298 
2210.0 2274.0 2267.1338 218 248 169 -0.061448 -0.191573 0.979553 
2220.0 2271.0 2267.121 217 247 169 -0.0306601 -0.144216 0.989071 
2260.0 2255.0 2266.9857 218 248 168 -0.102747 -0.229594 0.967848 
2220.0 2292.0 2266.6153 218 248 168 -0.0158907 0.272587 0.962 
2210.0 2290.0 2267.5625 219 247 168 0.0329395 0.141981 0.989321 
2200.0 2277.0 2267.1501000000003 218 247 169 -0.0610977 -0.183293 0.981158 
2290.0 2261.0 2267.4746 220 247 167 0.117542 0.112793 0.986642 
2210.0 2273.0 2267.0369 218 247 168 -0.0885087 -0.17338 0.98087 
2230.0 2283.0 2267.3268000000003 220 247 168 0.0607472 0.175095 0.982676 
2260.0 2258.0 2267.0524 220 248 168 -0.111138 -0.191057 0.975267 
2210.0 2274.0 2267.2125 218 247 168 -0.0805827 -0.167179 0.982628 
2260.0 2259.0 2267.2076 220 248 168 -0.0827494 -0.208726 0.974467 
2270.0 2251.0 2266.6647000000003 218 248 169 0.0496644 -0.304353 0.951264 
2250.0 2279.0 2267.2242 219 247 168 0.0757385 0.171914 0.982196 
2210.0 2290.0 2267.5378 220 247 168 0.0633901 0.17821 0.981948 
2230.0 2283.0 2267.318 220 247 168 0.020113 0.216511 0.976073 
2210.0 2275.0 2267.304 218 247 168 -0.0625131 -0.16159 0.984876 
2290.0 2266.0 2267.1647000000003 219 247 168 0.0924583 0.115865 0.988952 
2230.0 2269.0 2267.0566 218 248 168 -0.10656 -0.132901 0.985384 
2220.0 2270.0 2266.9422 218 247 169 -0.0180018 -0.238824 0.970896 
2250.0 2279.0 2267.1381 219 247 168 0.101588 0.211955 0.971985 
2290.0 2262.0 2267.5151 220 247 167 0.130517 0.226144 0.96531 
2270.0 2250.0 2266.7547 218 248 169 -0.166563 -0.243848 0.955403 
2210.0 2290.0 2267.4528 220 247 168 0.0673202 0.209305 0.97553 
2210.0 2275.0 2267.4011 218 248 168 -0.0673925 -0.159614 0.984877 
2260.0 2259.0 2267.2578000000003 220 248 168 -0.0684446 -0.181318 0.98104 
2260.0 2272.0 2267.3264 219 248 168 0.037221 0.125198 0.991433 
2250.0 2279.0 2266.9817000000003 219 247 168 0.0881887 0.256897 0.962407 
2200.0 2275.0 2266.6548000000003 218 247 168 -0.105441 -0.321663 0.940965 
2230.0 2269.0 2267.1577 218 248 168 -0.0405718 -0.15881 0.986475 
2220.0 2270.0 2267.0588000000002 218 248 169 -0.0892942 -0.278235 0.956353 
2270.0 2251.0 2266.7513 218 247 169 -0.145417 -0.303064 0.94181 
2290.0 2262.0 2267.3005000000003 220 247 167 0.158413 0.221255 0.962264 
2190.0 2283.0 2266.907 218 248 168 -0.163346 0.237715 0.957502 
2260.0 2256.0 2267.0911 218 247 168 -0.0363937 -0.181969 0.982631 
2210.0 2272.0 2266.8563 218 248 169 -0.132681 -0.290826 0.947531 
2260.0 2273.0 2267.3132 219 247 168 0.0533759 0.119244 0.991429 
2250.0 2280.0 2267.059 219 248 168 0.0699086 0.15996 0.984645 
2290.0 2250.0 2267.5837 220 248 168 -0.0520075 -0.144465 0.988142 
2230.0 2269.0 2267.1936 218 247 168 -0.0242902 -0.174658 0.98433 
2270.0 2251.0 2266.9172000000003 218 247 169 -0.131082 -0.199805 0.971028 
2230.0 2284.0 2267.1486 220 247 168 0.102546 0.150802 0.983231 
2260.0 2256.0 2267.1800000000003 218 248 168 -0.0786188 -0.1778 0.980921 
2210.0 2293.0 2266.7925 218 247 168 0.118794 0.348188 0.929867 
2260.0 2257.0 2267.0518 218 247 168 -0.0290455 -0.175435 0.984062 
2200.0 2292.0 2267.4335 219 247 168 0.0715851 0.144344 0.986935 
2250.0 2280.0 2266.9178 219 248 168 0.132622 0.103947 0.985701 
2280.0 2270.0 2266.9284000000002 218 247 168 0.158505 0.218763 0.962818 
2220.0 2271.0 2267.176 218 248 169 -0.0432975 -0.17202 0.984141 
2200.0 2276.0 2266.9984 218 247 168 -0.0634956 -0.245267 0.967374 
2220.0 2286.0 2267.5395000000003 220 247 168 0.0872954 0.154262 0.984166 
2290.0 2249.0 2267.4795 220 248 168 -0.0522284 -0.1474 0.987697 
2260.0 2257.0 2267.1431000000002 218 247 168 -0.0754131 -0.168782 0.982764 
2230.0 2267.0 2266.641 219 248 168 -0.0267623 -0.335166 0.941779 
2250.0 2280.0 2266.6866 219 247 168 0.180034 0.112987 0.97715 
2290.0 2261.0 2267.1663000000003 220 247 167 0.310801 0.169905 0.935166 
2260.0 2258.0 2267.2222 220 248 168 -0.106707 -0.168033 0.979989 
2270.0 2253.0 2267.0138 218 247 168 -0.00360432 -0.263116 0.964758 
2210.0 2293.0 2266.6887 218 247 168 -0.0349155 0.353034 0.934959 
2260.0 2273.0 2267.2205 219 248 168 0.0664943 0.138822 0.988083 
2260.0 2257.0 2267.2093 218 248 168 -0.0646573 -0.151651 0.986317 
2290.0 2266.0 2266.9877 219 247 168 0.101624 0.10396 0.989376 
2260.0 2258.0 2267.2405 218 248 168 -0.0193204 -0.1557 0.987615 
2290.0 2249.0 2267.5434 220 247 168 -0.0374281 -0.134968 0.990143 
2260.0 2258.0 2267.3062 218 248 168 -0.0602797 -0.164292 0.984568 
2230.0 2284.0 2267.0444 220 247 168 0.0622632 0.211206 0.975456 
2290.0 2249.0 2267.5665 220 248 168 -0.0236536 -0.138543 0.990074 
2230.0 2268.0 2267.0063 219 248 168 -0.0374164 -0.223291 0.974033 
2260.0 2259.0 2267.3412000000003 220 248 168 -0.0543302 -0.142183 0.988348 
2280.0 2271.0 2266.9613 218 248 168 0.0252272 0.234253 0.971848 
2210.0 2293.0 2266.8742 218 247 168 -0.103216 0.333776 0.936985 
2210.0 2272.0 2266.8381 218 248 169 -0.0970225 -0.267782 0.958582 
2210.0 2292.0 2267.3928 219 247 168 0.0577668 0.166227 0.984394 
2260.0 2274.0 2267.3498 219 248 168 0.0225707 0.219767 0.975291 
2290.0 2261.0 2266.8397 220 247 167 0.311442 0.074277 0.947358 
2260.0 2274.0 2267.281 219 248 168 0.0828092 0.164418 0.982909 
2220.0 2271.0 2267.2181 218 248 169 -0.0499929 -0.152304 0.987068 
2210.0 2293.0 2266.9202 218 248 168 0.0631523 0.236512 0.969574 
2270.0 2253.0 2267.0315 218 248 169 -0.0234491 -0.282623 0.958944 
2200.0 2293.0 2267.2749000000003 219 248 168 0.0781919 0.129542 0.988486 
2290.0 2262.0 2267.1457 220 247 167 0.146211 0.0867758 0.98544 
2230.0 2267.0 2266.7826 219 248 168 -0.122781 -0.317071 0.94042 
2260.0 2258.0 2267.3782 218 247 168 -0.0723202 -0.155311 0.985215 
2250.0 2279.0 2266.9371 218 247 168 0.0406862 0.257679 0.965373 
2210.0 2293.0 2267.2082 219 248 168 0.127194 0.190162 0.973478 
2290.0 2262.0 2266.8789 220 247 167 0.302693 0.054919 0.951504 
2210.0 2294.0 2266.5765 218 248 168 0.00123236 0.311788 0.950151 
2210.0 2292.0 2267.2859000000003 219 247 168 0.110667 0.22515 0.968019 
2220.0 2285.0 2267.6298 220 247 168 0.00334478 0.148285 0.988939 
2260.0 2257.0 2267.2819 218 247 168 -0.0554164 -0.166249 0.984525 
2250.0 2279.0 2266.8934 218 247 168 0.0366672 0.192799 0.980553 
2270.0 2254.0 2267.1845000000003 218 248 169 -0.0330137 -0.1423 0.989273 
2210.0 2292.0 2267.1692000000003 219 247 168 0.100366 0.277635 0.955429 
2280.0 2271.0 2266.6417 218 248 168 0.281758 0.328963 0.90133 
2210.0 2293.0 2267.01 219 248 168 0.191819 0.282898 0.939773 
2280.0 2266.0 2267.5773 220 247 168 0.0483017 0.173179 0.983705 
2190.0 2283.0 2267.1028 219 248 168 -0.269586 0.0670801 0.960637 
2220.0 2285.0 2267.6268 220 247 168 0.0390294 0.192781 0.980465 
2250.0 2280.0 2266.6803 218 247 168 -0.0688265 0.244021 0.967324 
2290.0 2249.0 2267.5885000000003 221 247 167 0.0605135 -0.169675 0.98364 
2230.0 2283.0 2267.2581 219 247 168 0.0758691 0.22512 0.971373 
2230.0 2268.0 2267.1376 219 248 168 -0.0926406 -0.242388 0.965746 
2220.0 2269.0 2266.8136 218 247 169 -0.0815798 -0.359753 0.929474 
2260.0 2260.0 2267.4413 220 248 168 -0.0520247 -0.142201 0.98847 
2200.0 2294.0 2267.331 219 248 168 0.00348731 0.210401 0.977609 
2220.0 2286.0 2267.4671000000003 220 248 168 0.0575656 0.158599 0.985664 
2280.0 2266.0 2267.5758 220 248 168 0.0123257 0.144547 0.989421 
2290.0 2244.0 2266.6618000000003 217 248 169 -0.169645 -0.216988 0.96132 
2220.0 2286.0 2267.3736 219 248 168 0.0457385 0.172399 0.983965 
2290.0 2267.0 2267.1038000000003 219 248 168 0.0367356 0.195528 0.98001 
2290.0 2251.0 2267.5429 221 247 167 0.977694 -0.177199 -0.112763 
2260.0 2257.0 2267.3286000000003 218 247 168 -0.0546682 -0.14772 0.987517 
2200.0 2276.0 2267.0822000000003 218 248 168 -0.0755458 -0.221684 0.972188 
2220.0 2269.0 2266.797 218 248 169 -0.0579849 -0.315696 0.947087 
2280.0 2266.0 2267.527 220 248 168 0.0900582 0.157302 0.983436 
2290.0 2245.0 2266.7912 220 247 167 0.296281 -0.264485 0.91775 
2190.0 2283.0 2267.297 219 247 168 -0.179864 -0.132068 0.974786 
2250.0 2280.0 2266.924 218 247 168 0.0707284 0.176222 0.981806 
2270.0 2254.0 2267.2179 218 248 169 -0.0425571 -0.148375 0.988015 
2200.0 2277.0 2267.194 218 248 168 -0.0625368 -0.159292 0.985249 
2260.0 2260.0 2267.5235000000002 220 248 168 -0.0495081 -0.139313 0.98901 
2260.0 2274.0 2267.1892000000003 219 248 168 0.0407276 0.164074 0.985607 
2220.0 2288.0 2267.3323 218 247 169 0.0262532 0.156378 0.987348 
2230.0 2283.0 2267.1411000000003 219 247 168 0.133482 0.262999 0.955518 
2220.0 2287.0 2267.4802 220 248 168 0.0660791 0.133318 0.988868 
2190.0 2284.0 2267.0702 218 247 168 -0.481902 -0.0339367 0.875568 
2210.0 2272.0 2267.0397000000003 218 247 168 -0.134702 -0.209109 0.968571 
2280.0 2267.0 2267.4338000000002 220 248 168 0.033638 0.17051 0.984782 
2220.0 2268.0 2266.739 218 247 169 -0.220129 -0.130018 0.966767 
2290.0 2245.0 2266.9165000000003 217 248 169 -0.151644 -0.211264 0.965594 
2230.0 2269.0 2267.2161 219 248 168 -0.0465214 -0.196821 0.979335 
2230.0 2284.0 2267.0908 219 248 168 0.0971272 0.273251 0.957027 
2220.0 2287.0 2267.3771 220 247 168 0.0853931 0.125165 0.988454 
2190.0 2284.0 2267.5080000000003 219 247 168 -0.239814 -0.157668 0.95793 
2260.0 2275.0 2267.0759000000003 219 248 168 0.00116659 0.215818 0.976433 
2270.0 2253.0 2267.0704 218 248 169 -0.0711876 -0.241039 0.967901 
2230.0 2269.0 2267.2871 219 248 168 -0.0751482 -0.161032 0.984084 
2200.0 2295.0 2267.1178 219 248 168 0.0227324 0.230914 0.972709 
2230.0 2284.0 2266.8142000000003 219 248 168 0.170744 0.282752 0.943874 
2200.0 2277.0 2267.2833 218 247 168 -0.0621489 -0.153613 0.986175 
2220.0 2269.0 2266.9359 218 247 169 -0.13575 -0.221078 0.965762 
2220.0 2288.0 2267.2963 220 248 168 0.0901121 0.118199 0.988893 
2260.0 2258.0 2267.2473 220 248 168 -0.0212662 -0.135432 0.990558 
2220.0 2287.0 2267.3011 220 247 168 0.0562257 0.127368 0.990261 
2270.0 2253.0 2267.1442 218 247 168 -0.0565648 -0.198579 0.978451 
2200.0 2294.0 2267.2782 219 247 168 0.0250161 0.217998 0.975629 
2220.0 2289.0 2267.1953000000003 218 247 169 0.0779763 0.169149 0.982501 
2250.0 2273.0 2267.6299 220 247 167 0.0599069 0.158577 0.985528 
2280.0 2267.0 2267.3289 219 248 168 0.104194 0.172839 0.979423 
2260.0 2275.0 2267.0215000000003 219 248 168 0.0951564 0.288076 0.952868 
2200.0 2279.0 2267.2008 218 247 168 -0.0666261 -0.141434 0.987703 
2200.0 2279.0 2267.2598000000003 218 247 168 -0.0419006 -0.127967 0.990893 
2230.0 2285.0 2267.3733 219 247 168 0.0151736 0.201926 0.979283 
2290.0 2245.0 2266.8781 217 247 169 -0.0632415 -0.177792 0.982034 
2190.0 2285.0 2267.0150000000003 219 248 168 -0.634031 0.0736574 0.769792 
2220.0 2289.0 2267.1215 218 247 169 0.0268509 0.187957 0.98181 
2220.0 2287.0 2267.2566 220 248 168 0.0658364 0.125898 0.989856 
2280.0 2265.0 2267.6249000000003 220 248 168 0.0011536 0.201881 0.979409 
2210.0 2273.0 2267.1459 218 247 168 -0.0789242 -0.183347 0.979875 
2220.0 2270.0 2267.0615000000003 218 247 169 -0.0369901 -0.208815 0.977255 
2230.0 2270.0 2267.2368 219 247 168 -0.0724352 -0.160307 0.984406 
2260.0 2258.0 2267.4686 218 247 168 -0.0572301 -0.150667 0.986927 
2270.0 2254.0 2267.2768 218 248 169 -0.0523119 -0.152286 0.986951 
2260.0 2273.0 2267.549 220 247 167 0.0169137 0.147713 0.988886 
2290.0 2246.0 2266.8739 220 248 168 0.488099 0.0147909 0.872663 
2260.0 2258.0 2267.5056 218 248 168 -0.0380099 -0.155495 0.987105 
2220.0 2288.0 2267.1307 220 247 168 0.097353 0.188545 0.977227 
2200.0 2279.0 2267.2989000000002 218 247 168 -0.0492027 -0.133877 0.989776 
2270.0 2254.0 2266.7479000000003 218 248 168 -0.122727 -0.273167 0.954106 
2200.0 2294.0 2267.2929 219 248 168 0.0735693 0.182114 0.980521 
2270.0 2255.0 2267.0423 218 248 168 -0.0701484 -0.217829 0.973463 
2220.0 2270.0 2267.1442 218 247 169 -0.0555481 -0.240709 0.969007 
2230.0 2270.0 2267.3357 219 247 168 -0.0616638 -0.143107 0.987784 
2270.0 2254.0 2267.3344 218 248 169 -0.0427216 -0.153567 0.987214 
2220.0 2289.0 2267.139 218 247 169 0.124331 0.219181 0.96773 
2290.0 2244.0 2266.8412000000003 218 247 169 0.0419728 -0.309073 0.950112 
2190.0 2286.0 2266.7819 219 248 168 -0.651463 0.104411 0.751462 
2300.0 2254.0 2267.1187 221 247 167 0.883813 -0.210994 -0.417561 
2260.0 2275.0 2266.9379 219 248 168 0.0416974 0.296936 0.953986 
2220.0 2271.0 2267.2782 218 247 169 -0.0547557 -0.152617 0.986767 
2220.0 2290.0 2266.9267 218 247 169 0.00112456 0.165311 0.986241 
2220.0 2271.0 2267.3427 218 248 169 -0.0526165 -0.160188 0.985683 
2270.0 2250.0 2266.8119 218 248 169 -0.0459063 -0.26179 0.964032 
2280.0 2254.0 2267.5512 220 247 167 -0.050187 -0.157564 0.986233 
2200.0 2295.0 2267.0526 219 248 168 0.0399205 0.223797 0.973818 
2190.0 2286.0 2267.6031000000003 219 247 168 -0.599228 0.0976844 0.794597 
2260.0 2259.0 2267.3666000000003 220 248 168 -0.0282819 -0.139147 0.989868 
2260.0 2274.0 2267.1358 218 248 168 0.0722934 0.157623 0.98485 
2190.0 2287.0 2266.7132 219 248 168 -0.663079 0.00137854 0.748548 
2220.0 2290.0 2266.8299 218 248 169 0.141241 0.109854 0.983861 
2290.0 2267.0 2266.9653000000003 219 247 168 0.0352773 0.0630715 0.997385 
2200.0 2295.0 2267.0014 219 247 168 0.10755 0.257861 0.960177 
2200.0 2280.0 2267.3769 218 247 168 -0.0472874 -0.144169 0.988423 
2280.0 2254.0 2267.6045 220 247 167 -0.0483017 -0.173179 0.983705 
2270.0 2255.0 2267.1530000000002 218 247 168 -0.0964469 -0.172139 0.98034 
2260.0 2259.0 2267.4210000000003 220 248 168 -0.0601397 -0.16391 0.98464 
2290.0 2245.0 2266.998 218 248 169 -0.0124192 -0.154675 0.987887 
2280.0 2250.0 2266.803 218 248 169 -0.0523869 -0.222949 0.973422 
2220.0 2288.0 2267.154 220 248 168 0.0932701 0.207681 0.97374 
2280.0 2263.0 2267.6028 220 248 168 0.0114746 0.0573728 0.998287 
2250.0 2274.0 2267.545 220 247 168 0.10341 0.159373 0.981787 
2290.0 2266.0 2266.9374000000003 218 247 168 0.0480619 0.101712 0.993652 
2270.0 2256.0 2267.2469 218 247 168 -0.0595579 -0.150646 0.986792 
2210.0 2273.0 2267.2272000000003 218 248 169 -0.0780077 -0.166817 0.982897 
2270.0 2251.0 2267.0203 218 248 169 -0.0409446 -0.174307 0.98384 
2260.0 2274.0 2267.0308 218 248 168 0.0791609 0.142962 0.986557 
2230.0 2285.0 2267.3544 219 247 168 0.0252414 0.23198 0.972393 
2190.0 2287.0 2267.4928 219 247 168 -0.594028 0.0349428 0.803685 
2230.0 2270.0 2267.3627 219 248 168 -0.0549686 -0.157888 0.985926 
2280.0 2265.0 2267.5478000000003 220 248 168 0.0783133 0.172289 0.981928 
2200.0 2296.0 2266.7527 218 248 168 0.0348312 0.352182 0.935283 
2220.0 2272.0 2267.1745 218 248 169 -0.106451 -0.16763 0.980086 
2290.0 2245.0 2266.9729 218 247 169 0.0227044 -0.225849 0.973898 
2260.0 2275.0 2266.9506 218 248 168 0.0328886 0.247274 0.968387 
2250.0 2275.0 2267.5307000000003 220 247 168 0.113725 0.128091 0.98522 
2290.0 2266.0 2266.8955 218 248 168 0.0748088 0.111638 0.990929 
2280.0 2266.0 2267.4014 219 247 168 0.0820043 0.192159 0.977932 
2260.0 2260.0 2267.5391 220 248 168 -0.0378042 -0.145489 0.988637 
2280.0 2267.0 2267.2094 219 248 168 0.117261 0.203 0.972132 
2230.0 2271.0 2267.4082000000003 219 247 168 -0.0379371 -0.152898 0.987514 
2200.0 2280.0 2267.3804 218 247 168 -0.0355041 -0.147743 0.988388 
2280.0 2268.0 2267.1898 218 248 168 0.0269007 0.190644 0.981291 
2270.0 2256.0 2267.3106000000002 218 248 168 -0.0667353 -0.146349 0.986979 
2260.0 2275.0 2266.8891000000003 218 248 168 0.0530548 0.243065 0.968558 
2200.0 2296.0 2266.7971000000002 218 247 168 0.0286596 0.292827 0.955736 
2290.0 2267.0 2266.9505 218 247 168 0.105413 0.0891957 0.99042 
2280.0 2251.0 2267.033 218 248 169 -0.0610977 -0.183293 0.981158 
2220.0 2289.0 2266.8558000000003 218 247 169 0.132345 0.29009 0.947804 
2200.0 2280.0 2267.4392000000003 218 247 168 -0.0518047 -0.139297 0.988895 
2280.0 2268.0 2267.1418000000003 218 248 168 0.120804 0.209818 0.970249 
2220.0 2272.0 2267.2188 218 247 168 -0.0375007 -0.137503 0.989791 
2200.0 2296.0 2266.7273 218 248 168 0.123287 0.329218 0.936171 
2260.0 2260.0 2267.6066 220 248 168 -0.0600459 -0.158945 0.98546 
2220.0 2285.0 2267.5703000000003 220 248 168 0.0697978 0.154975 0.98545 
2260.0 2261.0 2267.5818 220 248 168 -0.0447959 -0.141279 0.988956 
2290.0 2267.0 2266.822 218 248 168 0.205285 0.189392 0.960203 
2270.0 2255.0 2267.2228 219 247 168 -0.0545614 -0.14511 0.98791 
2250.0 2275.0 2267.3863 220 247 168 0.114463 0.133741 0.984384 
2200.0 2279.0 2267.3711000000003 219 248 168 -0.0567646 -0.142491 0.988167 
2190.0 2280.0 2266.7470000000003 218 247 168 -0.180072 -0.284542 0.9416 
2230.0 2285.0 2267.2960000000003 219 247 168 -0.0107397 0.242241 0.970157 
2240.0 2262.0 2266.9410000000003 219 247 168 -0.131082 -0.199805 0.971028 
2280.0 2269.0 2267.0037 218 248 168 0.0546855 0.291232 0.955088 
2200.0 2279.0 2267.4210000000003 219 247 168 -0.0589768 -0.137613 0.988729 
2280.0 2250.0 2266.8859 218 248 169 -0.0796869 -0.197378 0.977083 
2200.0 2294.0 2267.1608 219 248 169 0.100034 0.188954 0.976878 
2190.0 2280.0 2267.0227 218 247 168 -0.136024 -0.30033 0.944087 
2230.0 2271.0 2267.4611 219 247 168 -0.0590929 -0.140201 0.988358 
2220.0 2285.0 2267.4449 220 247 168 0.0888085 0.138541 0.986367 
2210.0 2294.0 2266.9628000000002 218 248 169 0.232001 0.165715 0.958496 
2200.0 2277.0 2266.6348000000003 218 248 169 -0.126541 -0.286382 0.949723 
2230.0 2286.0 2267.0743 219 247 168 0.0906882 0.306237 0.947626 
2200.0 2277.0 2266.7619 218 248 168 -0.0942248 -0.267185 0.959028 
2250.0 2274.0 2267.4454 220 247 167 0.0749722 0.160655 0.984159 
2200.0 2276.0 2266.7827 218 248 169 -0.101342 -0.298762 0.948932 
2200.0 2295.0 2266.8446 218 247 169 0.0475086 0.31972 0.94632 
2220.0 2273.0 2267.2718 218 247 168 -0.0581815 -0.117504 0.991367 
2260.0 2274.0 2267.3992000000003 220 247 167 0.0308955 0.154478 0.987513 
2290.0 2263.0 2267.0111 219 247 168 0.128847 0.324151 0.93719 
2200.0 2277.0 2266.9143 218 248 168 -0.129733 -0.187672 0.973627 
2210.0 2295.0 2266.9205 218 247 169 0.173411 0.221066 0.959718 
2230.0 2271.0 2267.5471000000002 219 247 168 -0.0670218 -0.149329 0.986513 
2250.0 2275.0 2267.273 220 247 167 0.0848897 0.156627 0.984003 
2230.0 2286.0 2267.0147 219 247 168 0.0365073 0.30087 0.952966 
2260.0 2275.0 2267.2165 220 247 167 -0.0011354 0.175987 0.984392 
2240.0 2262.0 2267.0295 219 247 168 -0.0827919 -0.206362 0.974967 
2210.0 2294.0 2266.6857 218 247 169 0.256132 0.264622 0.929716 
2270.0 2272.0 2267.3095000000003 219 248 168 0.0145987 0.144864 0.989344 
2260.0 2273.0 2267.5669000000003 220 247 168 0.00111664 0.15298 0.988229 
2220.0 2286.0 2267.3671 220 248 168 0.0415059 0.190927 0.980726 
2200.0 2298.0 2266.8465 218 248 169 -0.264051 0.0282474 0.964095 
2280.0 2250.0 2266.9789 218 248 169 0.0203045 -0.228127 0.97342 
2230.0 2286.0 2267.0093 219 247 168 -0.0216302 0.339721 0.940277 
2270.0 2272.0 2267.3187000000003 219 247 168 0.0541178 0.137022 0.989089 
2220.0 2270.0 2267.1882 219 248 169 -0.0494986 -0.20886 0.976692 
2220.0 2286.0 2267.3295000000003 220 248 168 0.0849633 0.198248 0.976463 
2290.0 2245.0 2266.9217000000003 218 247 168 0.0355297 -0.253609 0.966654 
2260.0 2273.0 2267.5438 220 247 168 0.0287181 0.159672 0.986752 
2290.0 2263.0 2266.9709000000003 219 248 168 -0.0104955 0.206411 0.978409 
2270.0 2273.0 2267.1505 219 247 168 0.0533276 0.178944 0.982413 
2280.0 2251.0 2267.1413000000002 218 248 169 -0.0763285 -0.182946 0.980155 
2270.0 2273.0 2267.0986000000003 219 247 168 0.0347786 0.219465 0.975 
2280.0 2251.0 2267.2177 218 247 168 -0.0417964 -0.204205 0.978035 
2270.0 2272.0 2267.1784000000002 219 248 168 0.101809 0.10883 0.988833 
2230.0 2270.0 2267.4683 219 247 168 -0.0508667 -0.176259 0.983029 
2220.0 2285.0 2267.3547000000003 219 247 168 0.0498958 0.149688 0.987474 
2240.0 2263.0 2267.1154 219 247 168 -0.113434 -0.185733 0.976031 
2200.0 2299.0 2266.9436 218 248 169 -0.0297926 0.215698 0.976005 
2220.0 2286.0 2267.1945 219 247 168 0.0912726 0.218804 0.971491 
2200.0 2280.0 2267.5 219 247 168 -0.0563371 -0.12992 0.989923 
2280.0 2270.0 2266.7769000000003 218 248 168 0.129273 0.330668 0.934851 
2230.0 2285.0 2267.3765000000003 219 248 168 0.0501684 0.159839 0.985868 
2230.0 2270.0 2267.4731 219 247 168 -0.0404793 -0.158447 0.986537 
2220.0 2289.0 2266.7723 218 247 169 0.0451552 0.336729 0.940518 
2270.0 2255.0 2267.2698 219 248 168 -0.0467356 -0.128808 0.990568 
2200.0 2298.0 2267.0043 218 248 169 0.198977 0.14506 0.969209 
2200.0 2279.0 2267.1209 218 248 169 -0.0811796 -0.180534 0.980213 
2290.0 2265.0 2266.7562000000003 219 247 168 0.0765321 0.0654405 0.994917 
2260.0 2273.0 2267.5247 220 247 168 0.00563732 0.163482 0.98653 
2200.0 2280.0 2267.5679 219 248 168 -0.0586461 -0.127642 0.990085 
2230.0 2271.0 2267.6092000000003 219 248 168 -0.0421594 -0.133315 0.990177 
2220.0 2287.0 2267.1361 219 247 168 0.117549 0.203499 0.971993 
2280.0 2248.0 2266.6178 218 248 169 -0.0912618 -0.0384839 0.995083 
2220.0 2273.0 2267.3296 218 248 169 -0.0369305 -0.115268 0.992648 
2270.0 2273.0 2267.1106 219 248 168 0.0658984 0.180921 0.981287 
2270.0 2253.0 2267.1666 219 248 169 -0.0406343 -0.163698 0.985673 
2280.0 2270.0 2266.5764 218 247 168 0.0983922 0.244064 0.964755 
2200.0 2280.0 2267.2779 218 248 168 -0.0815084 -0.142935 0.98637 
2270.0 2256.0 2267.368 219 248 168 -0.0493956 -0.138997 0.98906 
2220.0 2287.0 2267.0237 219 248 168 0.132914 0.294023 0.946512 
2200.0 2276.0 2267.1651 219 248 168 -0.0853936 -0.164774 0.982628 
2270.0 2274.0 2266.9175 218 247 168 0.090092 0.154958 0.983805 
2230.0 2285.0 2267.1820000000002 219 248 168 0.150518 0.0975355 0.983784 
2290.0 2265.0 2266.8419 219 247 168 -0.0163352 0.105634 0.994271 
2270.0 2256.0 2267.4086 219 247 168 -0.0423106 -0.140654 0.989154 
2270.0 2274.0 2266.8160000000003 218 247 168 0.102806 0.227189 0.968409 
2210.0 2276.0 2267.2357 219 248 168 -0.0569871 -0.147701 0.987389 
2280.0 2253.0 2267.215 219 248 169 -0.0633901 -0.17821 0.981948 
2200.0 2277.0 2267.3284000000003 219 248 168 -0.0546493 -0.149995 0.987175 
2260.0 2274.0 2267.4155 220 247 168 0.00110416 0.13802 0.990429 
2280.0 2249.0 2266.6005 218 248 168 -0.158448 -0.143476 0.976887 
2230.0 2267.0 2266.9954000000002 219 247 168 -0.146004 -0.24334 0.958889 
2270.0 2257.0 2267.3984 219 248 168 -0.0566716 -0.137631 0.988861 
2270.0 2254.0 2267.3519 219 248 169 -0.0478405 -0.159857 0.98598 
2280.0 2271.0 2266.5644 218 247 168 0.000998737 0.0229709 0.999736 
2260.0 2274.0 2267.3647 220 248 168 0.0426393 0.150966 0.987619 
2210.0 2274.0 2267.2957 218 247 168 -0.0666039 -0.143724 0.987374 
2230.0 2268.0 2267.2059 219 247 168 -0.076588 -0.190862 0.978625 
2220.0 2288.0 2266.888 219 247 168 0.206746 0.222961 0.952651 
2280.0 2248.0 2266.6774 218 247 168 -0.174474 -0.159192 0.971708 
2260.0 2275.0 2267.2836 220 247 168 0.0124381 0.159433 0.98713 
2230.0 2286.0 2267.0926 219 248 168 -0.0431018 0.361794 0.931261 
2230.0 2267.0 2267.0827 219 247 168 -0.069792 -0.206927 0.975864 
2210.0 2277.0 2267.3952 219 247 168 -0.0566534 -0.139899 0.988544 
2230.0 2286.0 2267.079 219 247 168 0.11699 0.232694 0.965488 
2260.0 2275.0 2267.2095 220 248 168 0.0838416 0.229 0.969809 
2290.0 2263.0 2267.1411000000003 219 248 168 0.194554 0.0795345 0.977662 
2270.0 2257.0 2267.4569 219 248 168 -0.0587447 -0.132464 0.989446 
2240.0 2263.0 2267.2397 219 247 168 -0.0802353 -0.164063 0.983181 
2230.0 2268.0 2267.2371000000003 219 247 168 -0.0479144 -0.164779 0.985166 
2210.0 2274.0 2267.3481 218 248 169 -0.0536935 -0.126808 0.990473 
2230.0 2287.0 2266.6633 218 247 168 0.0617663 0.350885 0.934379 
2220.0 2290.0 2266.5604000000003 218 248 169 0.240297 0.125994 0.962488 
2260.0 2274.0 2267.3179 219 247 168 0.0174198 0.191618 0.981315 
2280.0 2254.0 2267.4468 219 248 169 -0.0602797 -0.164292 0.984568 
2220.0 2288.0 2266.6681000000003 219 248 168 0.194733 0.30681 0.931637 
2210.0 2275.0 2267.4593 218 247 168 -0.0524322 -0.152636 0.986891 
2290.0 2263.0 2266.6377 219 248 168 0.477423 0.0798038 0.875042 
2240.0 2262.0 2267.0887000000002 219 247 168 -0.0683422 -0.176251 0.98197 
2220.0 2271.0 2267.3929000000003 219 248 169 -0.0355041 -0.147743 0.988388 
2270.0 2258.0 2267.5522 219 248 168 -0.0473795 -0.146761 0.988037 
2210.0 2275.0 2267.5019 218 247 168 -0.0425715 -0.146124 0.98835 
2220.0 2287.0 2266.9032 219 248 168 0.141047 0.324546 0.935294 
2220.0 2292.0 2266.9251 218 248 169 -0.00339368 0.170815 0.985297 
2240.0 2263.0 2267.3151000000003 219 247 168 -0.0454072 -0.159507 0.986152 
2230.0 2287.0 2266.7985 218 247 168 0.0550099 0.305753 0.95052 
2270.0 2275.0 2266.8557 218 247 168 0.102554 0.226632 0.968566 
2280.0 2268.0 2266.918 218 248 169 0.152118 0.275966 0.949054 
2220.0 2292.0 2266.676 218 247 169 0.116221 0.265089 0.957194 
2240.0 2265.0 2267.3631 219 247 168 -0.0841482 -0.18415 0.979289 
2260.0 2275.0 2267.0949 219 247 168 0.0606851 0.236548 0.969723 
2240.0 2260.0 2266.6495 217 247 169 -0.0447344 -0.0752847 0.996158 
2270.0 2275.0 2266.6482 218 248 168 0.238746 0.304509 0.922103 
2270.0 2258.0 2267.6009 219 247 168 -0.0519229 -0.139615 0.988844 
2210.0 2276.0 2267.2964 218 247 168 -0.0573419 -0.153302 0.986514 
2270.0 2274.0 2266.7713000000003 218 248 169 -0.0115798 0.379559 0.925095 
2220.0 2292.0 2266.7393 217 247 169 0.14511 0.0545614 0.98791 
2270.0 2274.0 2266.8133000000003 218 248 169 0.0131793 0.245614 0.969278 
2240.0 2265.0 2267.3976000000002 219 247 168 -0.0548819 -0.152969 0.986706 
2260.0 2276.0 2266.9036 218 248 169 0.0658959 0.306222 0.949677 
2280.0 2248.0 2266.9386 218 247 168 -0.168069 -0.226298 0.959449 
2230.0 2269.0 2267.3807 219 247 168 -0.057544 -0.160888 0.985294 
2250.0 2276.0 2267.3857000000003 219 247 168 0.0741356 0.193239 0.978347 
2240.0 2261.0 2266.6404 217 248 169 -0.0750007 -0.158335 0.984533 
2280.0 2249.0 2266.8275000000003 218 247 168 -0.197679 -0.156334 0.967721 
2240.0 2265.0 2267.4448 219 247 168 -0.0544366 -0.144778 0.987966 
2210.0 2276.0 2267.3717 219 247 168 -0.0404793 -0.158447 0.986537 
2220.0 2289.0 2266.6951 217 247 168 0.172972 0.220506 0.959926 
2230.0 2272.0 2267.5658000000003 220 247 167 -0.0422418 -0.135859 0.989827 
2220.0 2274.0 2267.4168 219 247 168 -0.0539217 -0.129641 0.990094 
2250.0 2276.0 2267.2736 219 248 168 0.131578 0.148794 0.980075 
2270.0 2257.0 2267.5307000000003 219 247 168 -0.0518212 -0.137038 0.989209 
2230.0 2269.0 2267.4335 219 247 168 -0.043067 -0.161792 0.985885 
2280.0 2249.0 2267.0645 218 247 168 -0.161715 -0.124681 0.97893 
2240.0 2262.0 2266.7063000000003 217 247 169 -0.174414 -0.182166 0.967675 
2210.0 2277.0 2267.4569 219 248 168 -0.0563371 -0.12992 0.989923 
2250.0 2277.0 2267.1039 219 247 168 0.057412 0.221097 0.97356 
2220.0 2274.0 2267.4649 219 247 168 -0.0491064 -0.131331 0.990122 
2230.0 2287.0 2266.6646 218 248 169 0.00382371 0.375998 0.926612 
2220.0 2275.0 2267.559 219 248 169 -0.0519229 -0.139615 0.988844 
2230.0 2267.0 2267.1552 219 247 168 -0.0587693 -0.1907 0.979888 
2220.0 2275.0 2267.6171 219 247 168 -0.0566534 -0.139899 0.988544 
2240.0 2277.0 2267.5988 220 247 168 0.090092 0.154958 0.983805 
2260.0 2276.0 2266.6303000000003 218 248 169 0.221368 0.385561 0.895734 
2210.0 2276.0 2267.3861 219 248 168 -0.0241082 -0.164165 0.986138 
2280.0 2246.0 2266.6316 217 248 169 0.00121668 -0.288352 0.957524 
2250.0 2277.0 2267.0592 219 248 168 0.1158 0.258924 0.958931 
2290.0 2265.0 2266.9829 219 248 168 0.0354893 0.248425 0.968001 
2260.0 2276.0 2266.7522 218 248 169 -0.0281322 0.260528 0.965056 
2250.0 2262.0 2267.1747 219 247 168 -0.0549686 -0.157888 0.985926 
2270.0 2257.0 2267.5831000000003 219 247 168 -0.0472716 -0.146427 0.988091 
2250.0 2276.0 2267.0834 218 248 168 0.103576 0.164503 0.980924 
2230.0 2268.0 2267.2943 219 247 168 -0.0472716 -0.146427 0.988091 
2260.0 2276.0 2267.0076 218 247 168 0.0291001 0.178093 0.983583 
2210.0 2276.0 2267.4190000000003 219 248 168 -0.0477306 -0.15949 0.986045 
2280.0 2253.0 2267.3070000000002 219 248 169 -0.0699349 -0.15765 0.985016 
2250.0 2263.0 2267.3379 219 247 168 -0.040494 -0.156191 0.986896 
2210.0 2277.0 2267.5146 219 247 168 -0.0444473 -0.131063 0.990377 
2210.0 2277.0 2267.5606000000002 219 248 168 -0.0400918 -0.145476 0.988549 
2250.0 2277.0 2266.9191 218 247 168 0.101915 0.256722 0.961097 
2230.0 2267.0 2267.2046 219 247 168 -0.0363253 -0.179283 0.983127 
2250.0 2277.0 2267.5042000000003 220 248 168 0.0880235 0.162783 0.982728 
2280.0 2253.0 2267.3711000000003 219 248 169 -0.0450421 -0.151295 0.987462 
2230.0 2285.0 2267.0104 217 248 169 0.163821 0.119478 0.979228 
2250.0 2262.0 2267.2059 219 248 168 -0.0216333 -0.158264 0.98716 
2260.0 2277.0 2266.7992 218 247 168 0.0738505 0.241579 0.967567 
2250.0 2263.0 2267.3731000000002 219 248 168 -0.0288162 -0.167134 0.985513 
2260.0 2259.0 2267.4959 220 247 168 -0.0526361 -0.157908 0.98605 
2230.0 2285.0 2266.7923 217 247 169 0.159251 0.198093 0.96716 
2290.0 2265.0 2266.6677 219 248 168 0.321999 0.161691 0.93283 
2280.0 2247.0 2266.7962 217 248 169 -0.119369 -0.227187 0.966508 
2230.0 2286.0 2266.8928 217 247 169 0.156735 0.261225 0.952468 
2230.0 2268.0 2267.3396000000002 219 247 168 -0.0496852 -0.146745 0.987926 
2290.0 2266.0 2266.9339 218 248 168 0.041166 0.105696 0.993546 
2280.0 2254.0 2267.4892 219 247 168 -0.0524322 -0.152636 0.986891 
2200.0 2279.0 2267.4925000000003 219 247 168 -0.0564311 -0.134744 0.989272 
2230.0 2269.0 2267.4769 219 247 168 -0.0383159 -0.163713 0.985764 
2230.0 2286.0 2266.7277 217 248 169 0.173072 0.167944 0.970485 
2230.0 2269.0 2267.5143000000003 219 247 168 -0.0478225 -0.16213 0.98561 
2250.0 2279.0 2266.8918000000003 218 247 168 0.0755758 0.280527 0.956866 
2210.0 2279.0 2267.5534000000002 219 247 168 -0.0469965 -0.138697 0.989219 
2240.0 2279.0 2267.4779000000003 220 247 168 0.0627441 0.115221 0.991356 
2200.0 2280.0 2267.627 219 247 168 -0.0560982 -0.12708 0.990305 
2260.0 2259.0 2267.5495 220 247 168 -0.054775 -0.15034 0.987116 
2230.0 2270.0 2267.5491 220 248 168 -0.0597905 -0.155924 0.985958 
2280.0 2247.0 2266.9088 217 248 169 -0.0723642 -0.209734 0.975077 
2240.0 2279.0 2267.4259 220 247 168 0.0926932 0.155291 0.98351 
2260.0 2259.0 2267.6084 220 248 168 -0.0662102 -0.135905 0.988507 
2250.0 2265.0 2267.5231000000003 219 248 168 -0.0499929 -0.152304 0.987068 
2210.0 2277.0 2267.5986000000003 219 248 168 -0.0453903 -0.161776 0.985783 
2210.0 2279.0 2267.585 219 248 168 -0.0489138 -0.126266 0.99079 
2290.0 2266.0 2266.9117 218 248 168 0.11784 0.142137 0.982808 
2230.0 2270.0 2267.5897 220 247 168 -0.0448682 -0.146109 0.98825 
2250.0 2279.0 2266.7018000000003 218 247 168 0.207689 0.345193 0.915263 
2230.0 2285.0 2266.5856000000003 217 247 169 0.118291 0.393839 0.911536 
2250.0 2265.0 2267.5691 219 248 168 -0.043067 -0.161792 0.985885 
2270.0 2255.0 2267.313 219 248 168 -0.0419006 -0.127967 0.990893 
2210.0 2276.0 2267.4832 220 247 168 -0.0625368 -0.159292 0.985249 
2290.0 2246.0 2266.6305 218 247 169 -0.150626 -0.262596 0.953077 
2250.0 2258.0 2266.6128 217 248 169 -0.187536 -0.149263 0.97085 
2210.0 2276.0 2267.5629 220 247 168 -0.0672857 -0.154639 0.985677 
2270.0 2255.0 2267.3637 219 248 168 -0.0469965 -0.138697 0.989219 
2280.0 2247.0 2267.0124 218 248 169 -0.0231478 -0.257063 0.966118 
2270.0 2256.0 2267.4533 219 247 168 -0.0519061 -0.141877 0.988523 
2230.0 2263.0 2266.6683000000003 217 247 169 0.00114117 -0.186011 0.982547 
2240.0 2282.0 2267.2979 219 248 168 0.073042 0.224078 0.97183 
2210.0 2276.0 2267.6157000000003 220 247 167 -0.0521089 -0.147063 0.987754 
2290.0 2247.0 2266.9673000000003 218 247 169 -0.0278069 -0.238172 0.970825 
2240.0 2266.0 2267.4787 219 247 168 -0.0638967 -0.135926 0.988656 
2250.0 2257.0 2266.6929 217 248 169 0.00113702 -0.180786 0.983522 
2230.0 2265.0 2266.681 217 248 169 -0.104125 -0.209504 0.972248 
2240.0 2282.0 2267.2427000000002 219 248 168 0.0196859 0.181805 0.983137 
2280.0 2248.0 2267.0247 218 248 169 -0.0551815 -0.163196 0.985049 
2270.0 2256.0 2267.5215000000003 219 247 168 -0.0473795 -0.146761 0.988037 
2250.0 2258.0 2266.7089 217 248 169 -0.0772438 -0.153299 0.985156 
2230.0 2265.0 2266.7876 218 247 169 -0.0658984 -0.180921 0.981287 
2280.0 2249.0 2267.2008 218 248 169 -0.0520075 -0.144465 0.988142 
2250.0 2258.0 2266.7804 217 248 169 -0.0356964 -0.157755 0.986833 
2260.0 2276.0 2267.0627 218 248 168 0.0558471 0.249451 0.966776 
2240.0 2266.0 2267.5546 219 247 168 -0.0621712 -0.151322 0.986527 
2280.0 2250.0 2266.9525000000003 219 247 168 0.0111326 -0.30058 0.953692 
2240.0 2260.0 2266.5882 217 247 169 -0.0119512 -0.107561 0.994127 
2240.0 2280.0 2267.4235 220 247 168 0.0547557 0.152617 0.986767 
2230.0 2266.0 2266.9744 218 247 169 -0.0688702 -0.187279 0.97989 
2260.0 2276.0 2266.8606 218 247 168 0.115583 0.298922 0.947252 
2190.0 2281.0 2266.8842 219 247 168 -0.136961 -0.313248 0.939743 
2240.0 2263.0 2266.8103 218 247 168 -0.00837731 -0.250123 0.968178 
2240.0 2266.0 2267.6218 219 248 168 -0.0503812 -0.16286 0.985362 
2240.0 2281.0 2267.4288 219 247 168 0.03067 0.141991 0.989393 
2260.0 2277.0 2266.6862 218 248 168 0.140215 0.317185 0.937941 
2280.0 2250.0 2266.9263 219 247 168 -0.041138 -0.273006 0.961132 
2250.0 2260.0 2266.5934 217 247 169 -0.115474 -0.293331 0.949012 
2270.0 2255.0 2267.4213 219 248 168 -0.0492027 -0.133877 0.989776 
2290.0 2268.0 2266.7333000000003 218 248 169 -0.0734061 0.289761 0.95428 
2220.0 2272.0 2267.2266 219 247 168 -0.0328128 -0.136908 0.99004 
2270.0 2255.0 2267.4668 219 248 168 -0.0469965 -0.138697 0.989219 
2240.0 2263.0 2266.8271 218 247 168 -0.075837 -0.286638 0.955033 
2240.0 2280.0 2267.2405 220 248 168 0.135678 0.188935 0.972571 
2230.0 2266.0 2266.678 218 247 169 -0.126764 -0.289556 0.94873 
2290.0 2268.0 2266.9885 218 247 168 -0.0104435 0.196105 0.980527 
2240.0 2281.0 2267.3672 219 248 168 0.0745582 0.1503 0.985825 
2270.0 2256.0 2267.5626 219 247 168 -0.0471954 -0.141586 0.9888 
2230.0 2266.0 2266.7653 218 248 169 -0.0934875 -0.257411 0.961769 
2240.0 2282.0 2267.2732 219 248 168 0.0170679 0.162714 0.986526 
2280.0 2251.0 2267.2453 219 248 168 0.00115829 -0.205018 0.978758 
2290.0 2268.0 2266.7734 218 247 169 0.228101 0.319916 0.919578 
2220.0 2272.0 2267.2792 219 247 168 -0.0446075 -0.138398 0.989372 
2250.0 2262.0 2267.2021 220 247 168 -0.0285444 -0.15414 0.987637 
2240.0 2261.0 2266.7808 217 248 169 -0.106456 -0.204145 0.973135 
2220.0 2273.0 2267.3701 219 247 168 -0.0443603 -0.128531 0.990713 
2260.0 2276.0 2266.7988 218 247 168 0.0183158 0.26741 0.963409 
2220.0 2273.0 2267.424 219 248 168 -0.0470113 -0.136448 0.989531 
2300.0 2255.0 2266.8 221 247 167 0.888961 -0.0732736 -0.452084 
2250.0 2263.0 2267.4077 220 247 168 -0.0486706 -0.183998 0.981721 
2300.0 2256.0 2266.5955 221 247 167 0.983577 -0.02196 -0.179147 
2240.0 2281.0 2267.1584000000003 219 247 169 0.023173 0.262221 0.96473 
2220.0 2272.0 2267.322 219 248 168 -0.0397823 -0.13526 0.990011 
2240.0 2265.0 2267.065 218 247 168 -0.0686602 -0.243432 0.967485 
2240.0 2281.0 2267.2012 219 247 169 0.0881305 0.259283 0.961772 
2250.0 2262.0 2267.2739 220 247 168 -0.0737437 -0.182546 0.980428 
2220.0 2272.0 2267.3677000000002 219 247 168 -0.0467218 -0.131049 0.990274 
2250.0 2279.0 2267.3182 219 248 168 0.0892416 0.182151 0.979212 
2240.0 2281.0 2267.0042000000003 219 248 169 0.085569 0.212062 0.973503 
2270.0 2256.0 2267.6224 219 247 168 -0.0545614 -0.14511 0.98791 
2230.0 2266.0 2266.8824 218 247 169 -0.0885767 -0.218323 0.971848 
2240.0 2282.0 2266.8062 219 248 169 0.0847705 0.24672 0.965372 
2280.0 2251.0 2267.2093 219 247 168 -0.0350302 -0.230716 0.97239 
2240.0 2282.0 2266.7991 219 248 169 0.0213786 0.320679 0.946947 
2240.0 2261.0 2266.9272 217 248 169 -0.0593914 -0.276739 0.959108 
2300.0 2257.0 2267.3940000000002 221 247 167 0.821711 -0.559927 -0.106168 
2250.0 2263.0 2267.4858 220 247 168 -0.0838217 -0.178577 0.980349 
2240.0 2282.0 2267.192 219 248 168 0.0725769 0.163001 0.983953 
2240.0 2282.0 2266.7185 218 248 169 0.0461456 0.270638 0.961575 
2280.0 2250.0 2267.0516000000002 219 247 168 -0.139166 -0.227608 0.963757 
2280.0 2250.0 2267.1977 219 247 168 -0.137892 -0.185964 0.972833 
2250.0 2280.0 2267.0884 218 247 168 0.0836584 0.175804 0.980864 
2220.0 2273.0 2267.4633 219 247 168 -0.0352991 -0.140058 0.989514 
2250.0 2261.0 2266.9859 218 248 169 -0.0488685 -0.27191 0.961081 
2300.0 2258.0 2267.4137 221 247 167 0.979638 -0.196404 -0.0416614 
2250.0 2281.0 2266.9347000000002 218 247 168 0.0724352 0.160307 0.984406 
2250.0 2265.0 2267.6228 220 247 168 -0.0410997 -0.179664 0.982869 
2300.0 2259.0 2267.6091 220 247 168 -0.199195 0.429376 0.880885 
2220.0 2273.0 2267.4993 219 247 168 -0.0423242 -0.138411 0.98947 
2250.0 2281.0 2266.8589 218 248 169 0.0774667 0.207808 0.975097 
2280.0 2251.0 2267.2923 219 247 168 -0.107683 -0.221701 0.969151 
2240.0 2283.0 2267.0113 219 248 168 0.0813449 0.287935 0.954189 
2270.0 2257.0 2267.6277 220 247 168 -0.0428192 -0.153918 0.987155 
2240.0 2265.0 2267.213 218 247 168 -0.076664 -0.245073 0.966469 
2250.0 2282.0 2266.7796000000003 218 248 169 0.0470882 0.141264 0.988851 
2250.0 2262.0 2267.3631 220 248 168 -0.0563783 -0.190727 0.980023 
2280.0 2251.0 2267.4444000000003 219 247 168 -0.100034 -0.188954 0.976878 
2250.0 2263.0 2267.6015 220 248 168 -0.054139 -0.200916 0.978111 
2220.0 2274.0 2267.5148 219 247 168 -0.0518212 -0.137038 0.989209 
2240.0 2283.0 2267.0271000000002 219 247 168 -0.0277418 0.237615 0.970963 
2250.0 2282.0 2266.6548000000003 218 248 169 0.162179 0.198507 0.966588 
2270.0 2255.0 2267.5322 220 247 168 -0.0572098 -0.152949 0.986577 
2240.0 2263.0 2266.9617000000003 219 247 168 -0.133817 -0.235154 0.962702 
2190.0 2281.0 2267.0872 219 247 168 -0.154395 -0.23621 0.959358 
2240.0 2284.0 2266.6525 219 247 168 0.0337681 0.288905 0.956762 
2240.0 2284.0 2266.7466 219 247 168 -0.0669626 0.266587 0.961482 
2250.0 2261.0 2267.0263 218 248 169 -0.0406405 -0.252464 0.966752 
2240.0 2283.0 2266.6477 218 248 169 0.108987 0.201689 0.973367 
2300.0 2260.0 2266.996 220 247 168 -0.015072 0.563145 0.82622 
2240.0 2283.0 2267.0884 218 247 168 0.0175794 0.205093 0.978585 
2240.0 2265.0 2267.2332 219 247 168 -0.0722647 -0.204546 0.976186 
2250.0 2283.0 2266.7878 218 248 169 -0.0305425 0.139138 0.989802 
2220.0 2274.0 2267.5777000000003 219 248 168 -0.0542413 -0.137334 0.989039 
2250.0 2259.0 2266.7323 218 248 169 -0.147254 -0.142305 0.978808 
2280.0 2253.0 2267.4003000000002 219 247 168 -0.0361884 -0.173938 0.984091 
2250.0 2281.0 2266.8599 218 248 169 0.0270624 0.196497 0.980131 
2240.0 2266.0 2267.357 219 247 168 -0.0637556 -0.186455 0.980393 
2300.0 2262.0 2266.6289 220 247 168 0.215328 0.00116393 0.976541 
2250.0 2281.0 2266.8588 218 248 169 0.171283 0.131275 0.976437 
2250.0 2262.0 2267.4013 220 247 168 -0.0505754 -0.168193 0.984456 
2250.0 2260.0 2266.7838 218 247 169 -0.110184 -0.255368 0.960545 
2280.0 2253.0 2267.4789 219 247 168 -0.0589077 -0.19115 0.979792 
2240.0 2266.0 2267.3637 219 247 168 -0.0453032 -0.159142 0.986216 
2190.0 2282.0 2267.2735000000002 219 247 168 -0.0827053 -0.25575 0.963199 
2240.0 2267.0 2267.4654 219 247 168 -0.0423928 -0.143219 0.988783 
2280.0 2253.0 2267.5446 219 248 168 -0.0670674 -0.203641 0.976746 
2240.0 2267.0 2267.5295 219 247 168 -0.0426393 -0.150966 0.987619 
2190.0 2282.0 2267.2917 219 247 168 -0.0696256 -0.206434 0.97598 
2240.0 2283.0 2266.9556000000002 218 248 168 0.0385198 0.173923 0.984006 
2220.0 2272.0 2267.4199000000003 219 247 168 -0.049121 -0.129085 0.990416 
2190.0 2281.0 2267.2317000000003 219 247 168 -0.0920654 -0.185358 0.978349 
2280.0 2253.0 2267.6243 219 248 168 -0.108618 -0.193515 0.975066 
2190.0 2282.0 2267.3904 219 247 168 -0.0724352 -0.160307 0.984406 
2200.0 2282.0 2267.483 219 247 168 -0.0361055 -0.173539 0.984165 
2190.0 2283.0 2267.4722 219 248 168 -0.0754131 -0.168782 0.982764 
2280.0 2250.0 2267.3336 219 248 168 -0.074091 -0.144654 0.986704 
2220.0 2272.0 2267.4678 219 247 168 -0.049121 -0.129085 0.990416 
2190.0 2283.0 2267.5076 219 247 168 -0.0413322 -0.187766 0.981344 
2250.0 2260.0 2266.9335 218 247 169 -0.131804 -0.176993 0.975347 
2240.0 2284.0 2266.8184 218 248 168 -0.0266793 0.329044 0.943938 
2250.0 2263.0 2267.6047000000003 220 247 168 -0.0221233 -0.189794 0.981575 
2190.0 2284.0 2267.617 219 247 168 -0.116298 -0.157921 0.980579 
2280.0 2251.0 2267.5302 219 247 168 -0.0584353 -0.182461 0.981475 
2240.0 2284.0 2266.8357 218 247 168 0.0428712 0.243753 0.968889 
2250.0 2259.0 2266.8499 218 247 169 -0.0664726 -0.141109 0.98776 
2250.0 2262.0 2267.4753 221 247 167 -0.0752661 -0.166063 0.983239 
2240.0 2266.0 2267.4219000000003 219 247 168 -0.0522104 -0.14967 0.987357 
2250.0 2259.0 2266.875 218 247 169 -0.0613004 -0.135324 0.988903 
2190.0 2283.0 2267.5608 219 247 168 -0.0529421 -0.165885 0.984723 
2250.0 2260.0 2267.0214 218 247 169 -0.0646573 -0.151651 0.986317 
2240.0 2281.0 2267.2665 218 248 168 0.0502841 0.160207 0.985802 
2240.0 2268.0 2267.4164 219 247 168 -0.0556303 -0.171625 0.98359 
2200.0 2283.0 2267.5991 219 247 168 -0.0303662 -0.131587 0.990839 
2250.0 2260.0 2267.0721000000003 218 248 169 -0.0794766 -0.148277 0.985747 
2220.0 2273.0 2267.5562 219 247 168 -0.0544366 -0.144778 0.987966 
2200.0 2282.0 2267.4663 219 247 168 -0.0262532 -0.156378 0.987348 
2280.0 2251.0 2267.5689 219 248 168 -0.0508454 -0.17855 0.982616 
2220.0 2273.0 2267.6240000000003 219 247 168 -0.0593452 -0.143127 0.987924 
2200.0 2282.0 2267.512 219 247 168 -0.0522284 -0.1474 0.987697 
2240.0 2268.0 2267.4644000000003 219 247 168 -0.0503812 -0.16286 0.985362 
2220.0 2272.0 2267.5359000000003 220 247 168 -0.0396278 -0.130206 0.990695 
2280.0 2251.0 2267.6213000000002 219 248 168 -0.0629025 -0.167344 0.98389 
2240.0 2281.0 2267.2793 218 248 168 0.021805 0.166407 0.985816 
2200.0 2281.0 2267.4303 219 247 168 -0.0710412 -0.131601 0.988754 
2240.0 2269.0 2267.5876000000003 219 247 168 -0.0649111 -0.156967 0.985468 
2250.0 2261.0 2267.0813000000003 218 247 169 -0.0502302 -0.231549 0.971526 
2240.0 2282.0 2267.0862 218 247 168 0.0493144 0.134181 0.989729 
2200.0 2281.0 2267.5099 219 248 168 -0.0660791 -0.133318 0.988868 
2240.0 2268.0 2267.5298000000003 220 248 168 -0.0668898 -0.146688 0.986919 
2290.0 2246.0 2266.8588 218 248 168 -0.130937 -0.271133 0.953594 
2240.0 2282.0 2267.0427 218 248 168 0.0571183 0.148041 0.98733 
2240.0 2281.0 2267.23 219 248 168 0.0518362 0.203728 0.977654 
2240.0 2268.0 2267.6031000000003 220 248 168 -0.0594619 -0.14574 0.987534 
2240.0 2282.0 2266.9500000000003 219 248 169 0.109887 0.210933 0.971304 
2290.0 2246.0 2266.9054 218 247 168 -0.0593297 -0.271402 0.960636 
2240.0 2283.0 2267.0108 218 248 168 0.0507487 0.17585 0.983108 
2290.0 2247.0 2267.0417 218 248 168 -0.0952338 -0.196652 0.975837 
2240.0 2283.0 2266.9575 218 248 169 0.12879 0.24327 0.96137 
2250.0 2261.0 2267.0798 218 248 169 -0.0580131 -0.169304 0.983855 
2240.0 2284.0 2266.7855 218 248 169 0.083388 0.273256 0.95832 
2240.0 2283.0 2266.7004 218 248 169 0.114384 0.235194 0.965194 
2290.0 2247.0 2267.1447000000003 218 248 168 -0.0643639 -0.200378 0.977602 
2250.0 2261.0 2267.1632 218 247 169 -0.0649111 -0.156967 0.985468 
2290.0 2246.0 2266.9519 218 248 168 -0.086102 -0.173417 0.981078 
2200.0 2282.0 2267.5668 219 247 168 -0.0587447 -0.132464 0.989446 
2290.0 2246.0 2267.0751 218 247 168 -0.0171959 -0.173106 0.984753 
2210.0 2289.0 2267.5149 219 248 168 0.0721281 0.201714 0.976785 
2290.0 2247.0 2267.1937000000003 218 247 168 -0.0462813 -0.186312 0.9814 
2250.0 2261.0 2267.2306000000003 218 248 169 -0.0596742 -0.153281 0.986379 
2290.0 2247.0 2267.2565 218 248 168 -0.0290336 -0.177686 0.983659 
2200.0 2282.0 2267.6314 219 247 168 -0.0699095 -0.111168 0.99134 
2290.0 2248.0 2267.2477 218 247 168 -0.0805501 -0.169516 0.98223 
2200.0 2283.0 2267.6240000000003 219 247 168 -0.0236914 -0.143277 0.989399 
2210.0 2290.0 2267.3886 219 248 168 0.0601324 0.222122 0.973163 
2250.0 2258.0 2266.8543 218 248 168 -0.0348601 -0.219979 0.974881 
2250.0 2258.0 2266.789 218 248 169 0.0426459 -0.339875 0.939503 
2250.0 2258.0 2266.7759 218 247 168 -0.0633253 -0.314042 0.947295 
2260.0 2256.0 2266.7608 218 248 169 -0.20357 -0.159485 0.965983 
2200.0 2281.0 2267.592 221 247 167 -0.0527381 -0.160558 0.985616 
2260.0 2256.0 2266.8129 218 248 169 -0.0929144 -0.201934 0.974982 
2200.0 2281.0 2267.5971 221 247 167 -0.0286531 -0.159311 0.986813 
2260.0 2255.0 2266.7817 218 248 169 0.0011536 -0.201881 0.979409 
2290.0 2248.0 2267.3299 218 248 168 -0.065165 -0.16232 0.984584 
2260.0 2256.0 2266.8611 218 248 169 -0.0172919 -0.180989 0.983333 
2290.0 2248.0 2267.3863 219 248 168 -0.0378773 -0.148066 0.988252 
2290.0 2248.0 2267.4189 219 248 168 -0.0307882 -0.147099 0.988643 
2290.0 2246.0 2267.0179000000003 219 247 168 -0.00757468 -0.104963 0.994447 
2210.0 2290.0 2267.2805000000003 219 248 168 0.0637556 0.186455 0.980393 
2290.0 2246.0 2267.0533 219 247 168 -0.0435693 -0.108365 0.993156 
2210.0 2289.0 2267.4824000000003 219 248 168 0.048947 0.192206 0.980133 
2290.0 2247.0 2267.2127 219 248 168 0.0408833 -0.169374 0.984704 
2210.0 2289.0 2267.4021000000002 219 248 168 0.0532481 0.173944 0.983315 
2210.0 2290.0 2267.2282 219 248 168 0.041039 0.174709 0.983764 
2290.0 2246.0 2267.206 219 248 168 0.0930257 -0.123642 0.987957 
2210.0 2292.0 2267.072 219 248 168 0.031531 0.311526 0.949714 
2210.0 2292.0 2267.1291 219 248 168 -0.00579682 0.20057 0.979662 
2210.0 2292.0 2267.0663 218 248 168 0.0960662 0.166596 0.981334 
2290.0 2248.0 2267.4395 219 247 168 0.0573212 -0.155586 0.986158 
2210.0 2289.0 2267.3676 219 248 168 0.067261 0.156942 0.985315 
2210.0 2289.0 2267.2239 219 247 168 0.0211442 0.127978 0.991552 
2220.0 2289.0 2267.2863 218 248 168 0.0185931 0.10609 0.994183 
2260.0 2257.0 2266.7921 218 247 168 -0.162403 -0.177748 0.970583 
2260.0 2257.0 2267.0152000000003 218 247 168 -0.0994499 -0.180483 0.978537 
2260.0 2257.0 2267.0963 218 248 169 -0.0057024 -0.176775 0.984235 
2250.0 2259.0 2266.995 218 248 168 -0.0853936 -0.164774 0.982628 
2250.0 2259.0 2267.0576 218 247 168 -0.0200407 -0.211016 0.977277 
2250.0 2260.0 2267.2081000000003 218 248 168 -0.0862846 -0.135928 0.986954 
2250.0 2259.0 2267.0947 219 248 168 -0.0650564 -0.219719 0.973392 
2250.0 2261.0 2267.2974 219 247 168 -0.0837421 -0.135639 0.987213 
2280.0 2258.0 2268.1726 220 247 167 -0.0503812 -0.16286 0.985362 
2240.0 2271.0 2268.1726 220 247 167 -0.0397823 -0.13526 0.990011 
2190.0 2291.0 2268.1726 220 247 167 -0.286194 -0.155983 0.94539 
2240.0 2271.0 2268.1726 220 247 167 -0.0535875 -0.124277 0.990799 
2190.0 2291.0 2268.1726 220 247 167 -0.705546 0.0210401 0.708352 
2240.0 2270.0 2268.1726 220 247 167 -0.0553239 -0.109519 0.992444 
2280.0 2258.0 2268.1726 221 247 167 -0.0572301 -0.150667 0.986927 
2190.0 2292.0 2268.1726 220 247 167 -0.78907 0.241234 0.564955 
2250.0 2271.0 2268.1726 221 247 167 0.0429331 0.357776 0.93282 
2280.0 2257.0 2268.1726 221 247 167 -0.0571183 -0.148041 0.98733 
2280.0 2258.0 2268.1726 220 247 167 -0.0375007 -0.137503 0.989791 
2250.0 2271.0 2268.1726 221 247 167 -0.311458 0.173032 0.934373 
2190.0 2292.0 2268.1726 220 247 167 0.141417 0.587999 0.796404 
2270.0 2261.0 2268.1726 221 247 167 -0.0835739 -0.133012 0.987585 
2280.0 2261.0 2268.1726 221 247 167 0.0519061 0.141877 0.988523 
2270.0 2261.0 2268.1726 221 247 167 -0.0868057 -0.143883 0.98578 
2190.0 2291.0 2268.1726 221 247 167 -0.0167214 -0.132656 0.991021 
2240.0 2270.0 2268.1726 221 247 167 -0.0510094 -0.116755 0.99185 
2190.0 2291.0 2268.1726 221 247 167 0.0982274 0.0386287 0.994414 
2270.0 2261.0 2268.1726 221 247 167 -0.0303752 -0.129376 0.99113 
2240.0 2270.0 2268.1726 221 247 167 -0.0419006 -0.127967 0.990893 
2270.0 2261.0 2268.1726 221 247 167 -0.0685441 -0.133603 0.988662 
2190.0 2291.0 2268.1726 221 247 167 0.0454072 0.159507 0.986152 
2280.0 2261.0 2268.1726 221 247 167 0.0877403 0.122836 0.988541 
2190.0 2292.0 2268.1726 221 247 167 0.149523 0.0921061 0.984459 
2280.0 2258.0 2268.1726 221 246 166 -0.039705 -0.132728 0.990357 
2240.0 2270.0 2268.1726 220 247 167 -0.0643827 -0.100527 0.992849 
2250.0 2272.0 2268.1726 221 247 167 0.115221 0.0627441 0.991356 
2280.0 2258.0 2268.1726 221 246 166 -0.0537089 -0.124559 0.990757 
2280.0 2261.0 2268.1726 221 247 167 0.0190954 0.142654 0.989588 
2250.0 2272.0 2268.1726 221 247 167 -0.0375734 0.140046 0.989432 
2190.0 2290.0 2268.1726 220 247 167 -0.0430466 0.0346473 0.998472 
2250.0 2272.0 2268.1726 221 247 167 0.0322441 0.114522 0.992897 
2270.0 2264.0 2268.1726 221 247 167 0.160175 0.341242 0.926228 
2280.0 2261.0 2268.1726 221 247 167 0.0295487 0.0974013 0.994806 
2270.0 2265.0 2268.1726 221 247 167 0.168959 0.096027 0.980934 
2190.0 2291.0 2268.1726 220 247 167 0.0146541 0.149923 0.988589 
2280.0 2261.0 2268.1726 221 247 167 0.0170039 0.15757 0.987361 
2250.0 2272.0 2268.1726 221 247 167 0.0703465 0.165732 0.983659 
2270.0 2264.0 2268.1726 221 247 167 0.0728605 0.168415 0.98302 
2250.0 2271.0 2268.1726 221 247 167 0.0 0.0 0.0 
2190.0 2291.0 2268.1726 220 247 167 0.0457749 0.253618 0.966221 
2240.0 2270.0 2268.1726 221 247 167 -0.0311312 -0.16488 0.985822 
2270.0 2264.0 2268.1726 221 247 167 0.0937629 0.174131 0.980248 
2270.0 2264.0 2268.1726 221 247 167 0.0945642 0.225693 0.969598 
2240.0 2270.0 2268.1726 221 247 167 -0.0327593 -0.132167 0.990686 
2240.0 2270.0 2268.1726 221 247 167 -0.0356964 -0.157755 0.986833 
2270.0 2265.0 2268.1726 221 247 167 0.102031 0.215398 0.971181 
2240.0 2269.0 2268.1726 221 247 167 -0.0432347 -0.0964467 0.994399 
2250.0 2271.0 2268.1726 221 247 167 0.11142 0.160396 0.980744 
2250.0 2271.0 2268.1726 221 247 167 -0.0330664 0.147088 0.988571 
2240.0 2269.0 2268.1726 221 247 167 -0.0722081 -0.108885 0.991428 
2220.0 2276.0 2268.1726 221 247 167 -0.0332685 -0.152576 0.987732 
2240.0 2270.0 2268.1726 221 247 167 -0.0471799 -0.143841 0.988476 
2220.0 2276.0 2268.1726 221 247 167 -0.0415644 -0.195947 0.979733 
2250.0 2272.0 2268.1726 221 247 167 0.0100594 0.14642 0.989171 
2270.0 2265.0 2268.1726 221 247 167 0.0427366 0.151311 0.987562 
2270.0 2262.0 2268.1726 221 247 167 -0.0280101 -0.126606 0.991558 
2250.0 2271.0 2268.1726 221 247 167 0.105012 0.116811 0.987587 
2270.0 2265.0 2268.1726 221 247 167 0.204176 -0.0105005 0.978878 
2270.0 2262.0 2268.1726 221 247 167 -0.0394845 -0.122966 0.991625 
2250.0 2271.0 2268.1726 221 247 167 0.0736744 0.134485 0.988173 
2220.0 2276.0 2268.1726 221 247 167 -0.0516021 -0.134166 0.989614 
2270.0 2262.0 2268.1726 221 247 167 -0.0615626 -0.138225 0.988486 
2250.0 2272.0 2268.1726 221 247 167 0.0316615 0.188796 0.981506 
2230.0 2276.0 2268.1726 221 247 167 -0.0535875 -0.124277 0.990799 
2270.0 2262.0 2268.1726 221 247 167 -0.057704 -0.109751 0.992283 
2230.0 2280.0 2268.1726 221 247 167 0.00789501 0.161284 0.986876 
2270.0 2261.0 2268.1726 221 247 167 -0.0281187 -0.131596 0.990905 
2270.0 2265.0 2268.1726 221 247 167 -0.0432212 0.0390045 0.998304 
2270.0 2261.0 2268.1726 221 247 167 -0.0633723 -0.127897 0.989761 
2230.0 2280.0 2268.1726 221 247 167 -0.00767705 0.121736 0.992533 
2270.0 2265.0 2268.1726 221 247 167 0.126389 0.15093 0.980432 
2270.0 2262.0 2268.1726 221 247 167 -0.0468133 -0.133589 0.989931 
2280.0 2261.0 2268.1726 221 247 167 0.0271952 0.0924637 0.995345 
2270.0 2265.0 2268.1726 221 248 168 0.393609 0.00128212 0.919277 
2230.0 2280.0 2268.1726 221 247 167 -0.121267 0.0977202 0.987798 
2230.0 2279.0 2268.1726 221 247 167 0.110916 0.069751 0.991379 
2230.0 2280.0 2268.1726 221 247 167 0.124629 0.129469 0.98372 
2280.0 2261.0 2268.1726 221 247 167 0.0195763 0.173883 0.984572 
2270.0 2261.0 2268.1726 221 247 167 -0.0566534 -0.139899 0.988544 
2230.0 2280.0 2268.1726 220 247 167 0.0528197 0.165502 0.984794 
2230.0 2280.0 2268.1726 220 247 167 0.0309064 0.152243 0.98786 
2230.0 2280.0 2268.1726 220 247 167 0.0231953 0.115977 0.992981 
2230.0 2281.0 2268.0141000000003 220 247 167 0.050652 0.173159 0.983591 
2230.0 2281.0 2267.9929 220 247 167 0.0289793 0.175035 0.984136 
2240.0 2267.0 2267.6427000000003 220 247 167 -0.0430507 -0.164058 0.985511 
2230.0 2281.0 2267.9234 220 247 167 0.0329501 0.139754 0.989638 
2240.0 2267.0 2267.6773000000003 220 247 167 -0.0655459 -0.170419 0.983189 
2230.0 2281.0 2267.9044 220 247 167 0.0346768 0.119691 0.992205 
2230.0 2281.0 2267.9863 220 247 167 0.012793 0.196547 0.980411 
2230.0 2281.0 2267.8843 220 247 167 0.0469049 0.136139 0.989579 
2240.0 2267.0 2267.7186 220 247 167 -0.0836225 -0.178152 0.980443 
2230.0 2282.0 2267.8924 220 247 167 -0.00780937 0.143916 0.989559 
2230.0 2282.0 2267.8627 220 247 167 0.0119743 0.109946 0.993865 
2270.0 2257.0 2267.8846000000003 221 248 168 -0.0739941 -0.190444 0.978905 
2230.0 2282.0 2267.835 220 247 167 0.0899992 0.0854423 0.99227 
2240.0 2268.0 2267.7346000000002 220 247 167 -0.0504585 -0.167804 0.984528 
2230.0 2281.0 2267.9722 220 247 167 0.00360048 0.258034 0.966129 
2230.0 2281.0 2267.8554 220 247 167 0.0385353 0.171657 0.984403 
2280.0 2256.0 2267.8540000000003 221 247 167 -0.0693623 -0.149305 0.986355 
2270.0 2257.0 2267.9158 221 248 168 -0.0462813 -0.186312 0.9814 
2230.0 2281.0 2267.9716000000003 220 247 167 0.0781961 0.222176 0.971866 
2280.0 2256.0 2267.8871 221 247 167 -0.0742634 -0.14499 0.986642 
2190.0 2290.0 2267.6505 220 247 167 -0.372469 0.0115197 0.927973 
2270.0 2257.0 2267.9771 221 248 168 -0.0779763 -0.169149 0.982501 
2230.0 2281.0 2267.8512 220 247 167 0.0721281 0.201714 0.976785 
2270.0 2257.0 2267.9942 221 248 168 -0.0383159 -0.163713 0.985764 
2190.0 2290.0 2267.8819000000003 220 247 167 -0.364665 -0.035039 0.930479 
2280.0 2257.0 2267.9266000000002 220 247 167 -0.0337651 -0.175811 0.983845 
2190.0 2291.0 2267.8250000000003 220 247 167 -0.518586 0.161965 0.839545 
2280.0 2257.0 2268.0124 220 247 167 -0.0384469 -0.171264 0.984475 
2240.0 2268.0 2267.7752 220 247 167 -0.0943149 -0.182506 0.978671 
2190.0 2290.0 2268.0353 220 247 167 -0.213449 -0.143593 0.966344 
2270.0 2258.0 2268.0631000000003 220 247 167 -0.0544366 -0.144778 0.987966 
2190.0 2292.0 2267.657 220 247 167 -0.651004 0.107763 0.751386 
2270.0 2258.0 2268.0885000000003 220 247 167 -0.037138 -0.124919 0.991472 
2280.0 2256.0 2267.9668 221 247 167 -0.0642768 -0.143746 0.987525 
2280.0 2258.0 2268.1096000000002 221 248 168 -0.0536935 -0.126808 0.990473 
2240.0 2268.0 2267.839 220 247 167 -0.0767707 -0.191317 0.978521 
2190.0 2292.0 2267.8705 220 247 167 -0.262344 0.780749 0.567104 
2230.0 2282.0 2267.7673 220 247 167 0.100138 0.0886277 0.991018 
2280.0 2256.0 2267.7394 220 247 167 -0.0442733 -0.126009 0.991041 
2230.0 2282.0 2267.692 220 247 167 0.0724813 0.1162 0.990578 
2280.0 2256.0 2267.7648 220 247 167 -0.0398596 -0.1378 0.989658 
2190.0 2290.0 2268.1308 221 247 167 -0.167179 -0.0805827 0.982628 
2280.0 2256.0 2267.9758 221 247 167 -0.071467 -0.139419 0.987651 
2230.0 2280.0 2267.7849 219 248 168 0.0727473 0.163383 0.983877 
2280.0 2256.0 2267.8251 220 247 167 -0.0454773 -0.164418 0.985342 
2230.0 2280.0 2267.7474 219 248 168 0.0703185 0.168049 0.983267 
2230.0 2280.0 2267.7036000000003 219 248 168 0.0785302 0.132446 0.988074 
2280.0 2256.0 2267.85 220 247 167 -0.0428861 -0.158794 0.98638 
2280.0 2256.0 2267.9491000000003 221 247 167 -0.0603725 -0.16928 0.983717 
2230.0 2280.0 2267.6575000000003 219 248 168 0.06415 0.14113 0.98791 
2190.0 2290.0 2268.1718 221 247 167 -0.0485445 -0.00929576 0.998778 
2280.0 2256.0 2267.7915000000003 220 247 167 -0.0548621 -0.155248 0.986351 
2190.0 2291.0 2268.1615 221 247 167 0.0761638 0.0966257 0.992402 
2280.0 2256.0 2268.0342 221 247 167 -0.054224 -0.139598 0.988722 
2240.0 2280.0 2267.7069 219 248 168 0.0499929 0.152304 0.987068 
2190.0 2292.0 2268.1043 221 247 167 0.164699 0.514869 0.841299 
2240.0 2268.0 2267.8288000000002 220 247 167 -0.0650133 -0.161942 0.984656 
2190.0 2292.0 2268.0969 221 247 167 0.155369 0.457395 0.875585 
2190.0 2291.0 2268.1092000000003 220 247 167 0.117266 0.280648 0.95262 
2240.0 2268.0 2267.868 220 247 167 -0.0859333 -0.170656 0.981576 
2190.0 2291.0 2268.0753 220 247 167 0.0908408 0.309385 0.946588 
2240.0 2280.0 2267.6382000000003 219 248 168 0.0234655 0.130737 0.991139 
2280.0 2257.0 2268.0186000000003 221 247 167 -0.054348 -0.139917 0.988671 
2240.0 2268.0 2267.931 220 247 167 -0.0824838 -0.158991 0.983828 
2230.0 2281.0 2267.6432 219 248 168 0.0752636 0.119264 0.990006 
2190.0 2292.0 2267.8916 220 247 167 0.154194 0.430879 0.889139 
2240.0 2280.0 2267.6637 219 248 168 0.0705957 0.126146 0.989497 
2280.0 2257.0 2268.0507000000002 221 247 167 -0.0816988 -0.143269 0.986306 
2240.0 2280.0 2267.6546000000003 219 248 168 0.0334684 0.0766535 0.996496 
2240.0 2269.0 2267.924 220 247 167 -0.0748532 -0.155647 0.984973 
2240.0 2280.0 2267.6354 220 248 168 0.0734894 0.230433 0.970309 
2280.0 2256.0 2267.875 220 247 167 -0.0524134 -0.154911 0.986537 
2280.0 2257.0 2268.1018 221 247 167 -0.0656862 -0.12561 0.989903 
2240.0 2274.0 2268.1099 221 247 167 0.0836225 0.178152 0.980443 
2240.0 2269.0 2267.9624000000003 220 247 167 -0.0727473 -0.163383 0.983877 
2240.0 2274.0 2268.0750000000003 221 247 167 0.0411772 0.182356 0.98237 
2280.0 2257.0 2267.9475 220 247 167 -0.0361884 -0.173938 0.984091 
2240.0 2275.0 2268.0017000000003 221 247 167 0.0791928 0.191281 0.978335 
2240.0 2275.0 2267.9682000000003 221 247 167 0.0532481 0.173944 0.983315 
2240.0 2269.0 2268.0126 220 247 167 -0.071302 -0.139097 0.987708 
2240.0 2274.0 2268.0559000000003 221 247 167 0.0341614 0.189655 0.981256 
2240.0 2275.0 2267.9534000000003 221 247 167 0.0266126 0.172403 0.984667 
2280.0 2257.0 2267.9666 221 247 167 -0.0431329 -0.166703 0.985063 
2240.0 2275.0 2267.9204 221 247 167 0.0589954 0.135342 0.989041 
2280.0 2257.0 2268.1025 221 247 167 -0.0552025 -0.16091 0.985424 
2240.0 2275.0 2267.8869 221 247 167 0.0540282 0.132197 0.98975 
2280.0 2256.0 2267.821 221 247 167 -0.0548621 -0.155248 0.986351 
2190.0 2292.0 2267.873 220 247 167 0.0543684 0.284486 0.957137 
2280.0 2257.0 2268.1321000000003 221 247 167 -0.0649111 -0.156967 0.985468 
2190.0 2292.0 2267.6964000000003 221 247 167 0.156046 0.692358 0.704478 
2280.0 2257.0 2268.1713 221 247 167 -0.0815357 -0.14062 0.986701 
2240.0 2269.0 2268.0074 220 247 167 -0.0775198 -0.161003 0.983905 
2190.0 2292.0 2267.6449000000002 220 247 167 -0.113256 0.30779 0.944689 
2280.0 2261.0 2268.1389 221 247 167 0.0635172 0.128189 0.989714 
2280.0 2256.0 2267.9019000000003 221 247 167 -0.0668666 -0.148984 0.986576 
2240.0 2275.0 2267.8573 221 247 167 0.0190227 0.137635 0.9903 
2280.0 2261.0 2268.1084 221 247 167 0.0239717 0.156387 0.987405 
2240.0 2269.0 2268.0698 220 247 167 -0.0697978 -0.154975 0.98545 
2250.0 2274.0 2268.038 221 248 168 0.0264625 0.164528 0.986017 
2280.0 2261.0 2268.1244 221 247 167 -0.0100436 0.141727 0.989855 
2250.0 2275.0 2267.9391 221 248 168 -0.00792739 0.16421 0.986394 
2280.0 2257.0 2267.993 221 247 167 -0.0476388 -0.156859 0.986471 
2250.0 2274.0 2268.0534000000002 221 247 167 0.0352197 0.139743 0.989561 
2280.0 2261.0 2268.1548000000003 221 247 167 0.0286323 0.058325 0.997887 
2240.0 2269.0 2268.0868 220 247 167 -0.0474717 -0.149362 0.987642 
2280.0 2261.0 2268.1435 221 247 167 0.0477306 0.15949 0.986045 
2280.0 2257.0 2268.04 221 247 167 -0.0288818 -0.167514 0.985447 
2240.0 2270.0 2268.1011000000003 220 247 167 -0.061785 -0.145719 0.987395 
2190.0 2292.0 2267.8182 220 247 167 0.0101959 0.162002 0.986738 
2280.0 2261.0 2268.1324 221 247 167 0.0345503 0.112567 0.993043 
2280.0 2257.0 2268.0558 221 247 167 -0.0310838 -0.160024 0.986624 
2280.0 2261.0 2268.0552000000002 221 247 167 0.0897333 0.149555 0.984673 
2240.0 2270.0 2268.1301000000003 220 247 167 -0.0637503 -0.135614 0.988709 
2280.0 2258.0 2268.1359 220 247 167 -0.0282275 -0.136621 0.990221 
2190.0 2293.0 2267.7668000000003 220 247 167 0.00117011 0.223492 0.974705 
2280.0 2262.0 2268.0665 221 247 167 0.0544366 0.144778 0.987966 
2250.0 2275.0 2267.9661 221 247 167 0.0309064 0.152243 0.98786 
2280.0 2258.0 2268.1328000000003 220 247 167 -0.0332568 -0.154816 0.987383 
2280.0 2262.0 2268.0184 221 247 167 0.0519061 0.141877 0.988523 
2240.0 2270.0 2268.1694 220 247 167 -0.0670218 -0.149329 0.986513 
2250.0 2275.0 2267.8683 221 247 167 0.00783622 0.151127 0.988483 
2220.0 2274.0 2267.7959 220 248 168 -0.0501684 -0.159839 0.985868 
2280.0 2257.0 2268.0704 221 247 167 -0.0453903 -0.161776 0.985783 
2220.0 2274.0 2267.8224 220 248 168 -0.0428861 -0.158794 0.98638 
2250.0 2275.0 2267.879 221 247 167 0.010215 0.164574 0.986312 
2220.0 2275.0 2267.8849 220 248 168 -0.0381696 -0.158462 0.986627 
2280.0 2262.0 2268.0157 221 247 167 0.00350149 0.213591 0.976917 
2220.0 2275.0 2267.9136000000003 220 248 168 -0.0597905 -0.155924 0.985958 
2250.0 2271.0 2268.0244000000002 221 247 167 0.000977516 0.000977516 0.999999 
2280.0 2262.0 2268.0012 221 247 167 0.0514148 0.126823 0.990592 
2280.0 2258.0 2268.1713 221 247 167 -0.0632415 -0.177792 0.982034 
2250.0 2272.0 2268.1613 221 247 167 0.0507487 0.17585 0.983108 
2280.0 2262.0 2267.953 221 247 167 0.0752498 0.0797423 0.993971 
2220.0 2274.0 2267.8444 220 248 168 -0.0455821 -0.164797 0.985274 
2250.0 2272.0 2268.1426 221 247 167 0.0316615 0.188796 0.981506 
2280.0 2262.0 2267.8304000000003 221 247 167 0.157575 0.160096 0.974443 
2240.0 2270.0 2268.0282 220 247 167 -0.0550751 -0.160538 0.985492 
2250.0 2271.0 2268.1721000000002 221 247 167 0.0 0.0 0.0 
2280.0 2262.0 2268.0559000000003 221 247 167 0.0681252 0.296923 0.952468 
2250.0 2272.0 2268.1247000000003 221 247 167 0.0215924 0.155693 0.98757 
2250.0 2272.0 2268.107 221 247 167 0.0428038 0.156176 0.986801 
2280.0 2262.0 2267.9678 221 247 167 0.0844617 0.240779 0.966898 
2250.0 2271.0 2268.1306 221 247 167 0.130007 0.130007 0.982953 
2240.0 2270.0 2268.0559000000003 220 247 167 -0.0699349 -0.15765 0.985016 
2280.0 2262.0 2267.7644 221 247 167 0.0124893 0.162361 0.986652 
2250.0 2272.0 2268.0804000000003 221 247 167 0.063512 0.180949 0.98144 
2270.0 2259.0 2267.9065 221 247 167 -0.0594619 -0.14574 0.987534 
2250.0 2272.0 2268.0518 221 247 167 0.0914877 0.179316 0.979528 
2240.0 2270.0 2268.1082 220 247 167 -0.0473795 -0.146761 0.988037 
2240.0 2270.0 2268.1318 220 247 167 -0.0613004 -0.135324 0.988903 
2240.0 2270.0 2268.1706 220 247 167 -0.0857382 -0.130369 0.987751 
2270.0 2259.0 2267.9365000000003 221 247 167 -0.0748253 -0.157964 0.984606 
2270.0 2260.0 2267.9883 221 247 167 -0.068 -0.123322 0.990034 
2270.0 2260.0 2268.0365 221 247 167 -0.0799098 -0.114653 0.990186 
2280.0 2262.0 2267.8637 221 247 167 0.0256143 0.121389 0.992274 
2240.0 2267.0 2267.6710000000003 221 247 167 -0.0770911 -0.150624 0.985581 
2270.0 2259.0 2267.9973 221 247 167 -0.0479327 -0.162504 0.985543 
2240.0 2267.0 2267.7572 221 247 167 -0.0645304 -0.149007 0.986728 
2270.0 2260.0 2268.0681 221 247 167 -0.0540116 -0.134454 0.989447 
2240.0 2267.0 2267.7219 221 247 167 -0.0772155 -0.155619 0.984795 
2270.0 2260.0 2268.0507000000002 221 247 167 -0.0419949 -0.128255 0.990852 
2240.0 2267.0 2267.8101 221 247 167 -0.0782154 -0.127246 0.988783 
2290.0 2259.0 2268.0716 221 247 167 0.0420279 0.212541 0.976248 
2240.0 2268.0 2267.8612000000003 221 247 167 -0.022092 -0.184875 0.982514 
2270.0 2260.0 2268.0679 221 247 167 -0.0774094 -0.116692 0.990147 
2240.0 2268.0 2267.858 221 247 167 -0.0615426 -0.140503 0.988166 
2290.0 2259.0 2268.0676000000003 221 247 167 -0.0170742 0.160497 0.986889 
2270.0 2260.0 2268.1313 221 247 167 -0.0800719 -0.117207 0.989874 
2240.0 2267.0 2267.7556 221 247 167 -0.0699349 -0.15765 0.985016 
2290.0 2260.0 2267.982 221 247 167 0.00798644 0.174561 0.984614 
2240.0 2267.0 2267.85 221 247 167 -0.0860838 -0.135611 0.987015 
2290.0 2260.0 2267.9869 221 247 167 -0.118308 0.118308 0.985904 
2220.0 2275.0 2267.9554000000003 220 248 168 -0.0479327 -0.162504 0.985543 
2240.0 2267.0 2267.7906000000003 221 247 167 -0.0358327 -0.162981 0.985978 
2270.0 2261.0 2268.1246 221 247 167 -0.0355725 -0.150322 0.987997 
2270.0 2261.0 2268.155 221 247 167 -0.062293 -0.153969 0.98611 
2240.0 2267.0 2267.8939 221 247 167 -0.0310838 -0.160024 0.986624 
2240.0 2268.0 2267.9138000000003 221 247 167 -0.119989 -0.139381 0.982942 
2240.0 2268.0 2267.9867 221 247 167 -0.0451451 -0.151641 0.987404 
2270.0 2269.0 2267.7573 220 247 167 0.0430507 0.164058 0.985511 
2240.0 2268.0 2267.9523 221 247 167 -0.021723 -0.161208 0.986681 
2220.0 2275.0 2267.9458 220 248 168 -0.0303662 -0.131587 0.990839 
2220.0 2275.0 2267.9839 220 248 168 -0.0729193 -0.123847 0.989618 
2270.0 2269.0 2267.7218000000003 220 247 167 0.0637355 0.0883351 0.99405 
2220.0 2275.0 2268.0319 221 248 168 -0.0512987 -0.126537 0.990635 
2290.0 2259.0 2268.1478 221 247 167 0.0581862 0.0713604 0.995752 
2220.0 2274.0 2267.8711000000003 220 247 168 -0.0855616 -0.167508 0.982151 
2290.0 2260.0 2268.1167 221 247 167 -0.00764774 0.116901 0.993114 
2220.0 2275.0 2267.9595 220 247 168 -0.0727473 -0.163383 0.983877 
2270.0 2269.0 2267.6764000000003 220 247 167 -0.0324333 0.121904 0.992012 
2230.0 2274.0 2267.9304 220 247 168 -0.0609809 -0.180551 0.981673 
2240.0 2268.0 2267.9501 221 247 167 -0.0264625 -0.164528 0.986017 
2270.0 2269.0 2267.8039 220 247 167 0.0449963 0.0845053 0.995407 
2270.0 2269.0 2267.7004 220 247 167 0.0590929 0.140201 0.988358 
2240.0 2269.0 2268.0312 220 247 167 -0.0213544 -0.138241 0.990168 
2240.0 2269.0 2268.0404000000003 221 247 167 -0.0520247 -0.142201 0.98847 
2230.0 2275.0 2268.0278000000003 220 247 168 -0.0405718 -0.15881 0.986475 
2240.0 2268.0 2267.9944 221 247 167 -0.10056 -0.156292 0.982579 
2270.0 2269.0 2267.6627000000003 220 247 167 0.0188777 0.127702 0.991633 
2240.0 2268.0 2268.0571 221 247 167 -0.0473633 -0.149021 0.987699 
2220.0 2275.0 2268.0439 220 247 168 -0.0637701 -0.133338 0.989017 
2240.0 2269.0 2268.0877 221 247 167 -0.0832378 -0.127788 0.988302 
2230.0 2275.0 2268.1007 220 247 168 -0.0652941 -0.117988 0.990866 
2270.0 2269.0 2267.6956 220 247 167 -0.0254654 0.114041 0.99315 
2290.0 2260.0 2267.8877 221 247 167 -0.0328502 0.242118 0.96969 
2240.0 2269.0 2268.1274000000003 221 247 167 -0.0631384 -0.120537 0.990699 
2220.0 2276.0 2268.0370000000003 221 247 167 -0.00115153 -0.199215 0.979955 
2220.0 2276.0 2268.0497 221 247 167 -0.0575656 -0.158599 0.985664 
2240.0 2269.0 2268.1018 221 247 167 -0.0306013 -0.141672 0.989441 
2290.0 2260.0 2267.9419000000003 221 247 167 -0.147471 0.170159 0.974319 
2220.0 2276.0 2268.0981 221 247 167 -0.0521265 -0.144796 0.988087 
2240.0 2269.0 2268.1237 221 247 167 -0.0401692 -0.148052 0.988163 
2270.0 2265.0 2268.099 221 247 167 0.121546 0.0752426 0.98973 
2220.0 2276.0 2268.1558 221 247 167 0.0123958 -0.15213 0.988283 
2290.0 2260.0 2268.0144 220 247 167 0.0240172 0.158971 0.986991 
2220.0 2276.0 2268.1683000000003 221 247 167 -0.0236083 -0.136029 0.990424 
2240.0 2269.0 2268.1468 221 247 167 -0.068 -0.123322 0.990034 
2220.0 2276.0 2268.1273 221 247 167 -0.0568758 -0.145091 0.987782 
2270.0 2264.0 2268.1237 221 247 167 0.0332048 0.149994 0.988129 
2290.0 2261.0 2267.687 221 247 167 -0.0642114 0.199903 0.977709 
2230.0 2276.0 2268.1562 221 247 167 -0.0513134 -0.124292 0.990918 
2290.0 2261.0 2267.8518 221 247 167 -0.182539 0.177361 0.967069 
2270.0 2265.0 2268.0786000000003 221 247 167 0.0827111 0.122319 0.989038 
2290.0 2261.0 2267.9536000000003 221 248 168 0.159262 0.172003 0.972137 
2270.0 2265.0 2268.0321 221 247 167 0.0419127 0.125738 0.991178 
2270.0 2259.0 2267.8283 221 248 168 -0.0693623 -0.149305 0.986355 
2230.0 2280.0 2268.1567 221 247 167 0.00106266 0.0924518 0.995717 
2270.0 2259.0 2267.8679 221 248 168 -0.0693623 -0.149305 0.986355 
2270.0 2265.0 2268.1603 221 247 167 0.048943 0.0177028 0.998645 
2290.0 2261.0 2267.6931 221 248 168 -0.108145 0.0390212 0.993369 
2270.0 2260.0 2267.9122 221 248 168 -0.0667353 -0.146349 0.986979 
2270.0 2265.0 2268.1369 221 247 167 0.0116558 0.0752327 0.997098 
2270.0 2260.0 2267.9485 221 248 168 -0.0637503 -0.135614 0.988709 
2230.0 2280.0 2268.1586 221 247 167 0.148224 0.148224 0.977783 
2270.0 2260.0 2267.9971 221 247 167 -0.0619063 -0.148342 0.986997 
2290.0 2261.0 2267.7541 221 248 168 -0.0935943 0.131506 0.986887 
2270.0 2260.0 2268.0262000000002 221 247 167 -0.0498958 -0.149688 0.987474 
2270.0 2260.0 2267.8757 221 247 167 -0.0669981 -0.151627 0.986165 
2240.0 2277.0 2268.1238000000003 220 247 167 0.0262532 0.156378 0.987348 
2270.0 2260.0 2267.9053 221 247 167 -0.0523119 -0.152286 0.986951 
2240.0 2277.0 2268.0895 220 247 167 0.0444473 0.131063 0.990377 
2290.0 2261.0 2267.8089 221 248 168 0.0419718 0.20746 0.977343 
2240.0 2278.0 2268.0288 220 247 167 0.00112871 0.170436 0.985368 
2270.0 2261.0 2267.9586 221 247 167 -0.0647842 -0.154304 0.985897 
2240.0 2278.0 2268.0861 220 247 167 0.0653927 0.170021 0.983268 
2270.0 2261.0 2267.9839 221 247 167 -0.0626587 -0.161967 0.984805 
2270.0 2266.0 2268.1613 221 247 167 0.0631202 0.175069 0.982531 
2270.0 2260.0 2267.9339 221 247 167 -0.0526165 -0.160188 0.985683 
2290.0 2259.0 2267.9777 220 247 167 0.197558 0.0981577 0.975365 
2270.0 2261.0 2268.0171 221 247 167 -0.0453032 -0.159142 0.986216 
2240.0 2277.0 2268.0447 220 247 167 0.120276 0.139714 0.98286 
2290.0 2260.0 2267.9951 220 247 167 0.262427 0.130554 0.956079 
2270.0 2266.0 2268.0994 221 247 167 0.0543414 0.206497 0.976937 
2270.0 2261.0 2268.0374 221 247 167 -0.0690894 -0.144034 0.987158 
2240.0 2278.0 2267.9695 220 247 167 0.182997 0.177806 0.966901 
2270.0 2266.0 2268.0372 221 247 167 0.0992936 0.214927 0.971569 
2290.0 2259.0 2267.9254 220 247 167 0.157575 0.160096 0.974443 
2240.0 2279.0 2267.9348 220 247 167 0.0388279 0.182373 0.982462 
2270.0 2261.0 2268.0859 221 247 167 -0.0695235 -0.149652 0.986291 
2270.0 2261.0 2268.1126 221 247 167 -0.0378773 -0.148066 0.988252 
2270.0 2262.0 2268.1171 221 247 167 -0.066758 -0.144057 0.987315 
2270.0 2262.0 2268.1666 221 247 167 -0.0638764 -0.138205 0.988342 
2270.0 2265.0 2267.9801 221 248 168 0.16771 0.065419 0.983663 
2270.0 2260.0 2267.9637000000002 221 247 167 -0.0572098 -0.152949 0.986577 
2270.0 2261.0 2268.0455 221 247 167 -0.0474717 -0.149362 0.987642 
2270.0 2265.0 2267.9925000000003 221 247 167 0.0362012 0.0932455 0.994985 
2270.0 2266.0 2267.9963000000002 221 247 167 0.0945439 0.144808 0.984933 
2270.0 2266.0 2267.9493 221 247 167 0.0597905 0.155924 0.985958 
2240.0 2279.0 2267.9085 220 247 167 0.0424125 0.226604 0.973063 
2240.0 2279.0 2267.8553 220 248 168 0.159485 0.20357 0.965983 
2230.0 2279.0 2267.9679 220 247 167 0.0500899 0.154929 0.986655 
2230.0 2279.0 2267.9484 220 247 167 0.0335236 0.162994 0.986057 
2290.0 2260.0 2267.8273 220 247 167 0.242715 0.193901 0.950522 
2290.0 2260.0 2267.839 220 247 167 0.289286 0.205435 0.934939 
2270.0 2261.0 2268.0709 221 247 167 -0.0668666 -0.148984 0.986576 
2290.0 2260.0 2267.7173000000003 220 247 168 0.276086 0.203943 0.939247 
2270.0 2261.0 2268.1212 221 247 167 -0.0400918 -0.145476 0.988549 
2290.0 2261.0 2267.7293 220 247 167 0.314048 0.137311 0.939425 
2230.0 2279.0 2267.8758000000003 220 247 167 0.0601397 0.16391 0.98464 
2290.0 2261.0 2267.6904 220 247 167 0.331954 0.162505 0.929193 
2280.0 2263.0 2267.9302000000002 220 248 168 0.0160833 0.0868497 0.996092 
2280.0 2263.0 2268.0103 220 248 168 0.0915136 0.0734369 0.993092 
2280.0 2263.0 2267.8717 220 248 168 0.159438 0.0101769 0.987156 
2230.0 2279.0 2267.8461 220 247 167 0.0537578 0.187555 0.980782 
2280.0 2263.0 2267.9026 220 248 168 0.0579012 0.166614 0.984321 
2240.0 2279.0 2267.8183 220 247 167 0.0519329 0.206524 0.977062 
2270.0 2261.0 2268.1531 221 247 167 -0.0668898 -0.146688 0.986919 
2240.0 2279.0 2267.7885 220 247 167 0.0625773 0.222088 0.973016 
2280.0 2263.0 2267.8507 220 248 168 0.054139 0.200916 0.978111 
2240.0 2279.0 2267.7444 220 248 167 0.10584 0.195493 0.974977 
2280.0 2263.0 2267.7940000000003 220 247 168 0.0556303 0.171625 0.98359 
2240.0 2277.0 2267.9854 220 247 167 0.0735693 0.182114 0.980521 
2270.0 2261.0 2268.1132000000002 221 247 167 -0.0449551 -0.148698 0.98786 
2280.0 2263.0 2267.7961 220 248 168 0.0212693 -0.0151924 0.999658 
2240.0 2278.0 2267.8784 220 247 167 0.0934965 0.208186 0.97361 
2280.0 2263.0 2267.8372 220 248 168 0.0902001 0.0545655 0.994428 
2240.0 2277.0 2267.9687 220 247 167 0.066561 0.192422 0.979052 
2280.0 2263.0 2267.802 220 248 168 -0.00108316 0.115898 0.993261 
2280.0 2255.0 2267.6915 220 248 168 -0.0613195 -0.133052 0.98921 
2280.0 2263.0 2267.8094 220 248 168 0.0882835 0.0928697 0.991757 
2240.0 2278.0 2267.8489 220 247 167 0.0643639 0.200378 0.977602 
2280.0 2255.0 2267.7097000000003 220 248 168 -0.023601 -0.138234 0.990118 
2240.0 2279.0 2267.7591 220 247 167 0.107298 0.178829 0.978012 
2280.0 2255.0 2267.7088000000003 220 247 167 -0.0307882 -0.147099 0.988643 
2240.0 2279.0 2267.7328 220 247 167 0.0483737 0.178157 0.982812 
2240.0 2279.0 2267.6741 220 248 167 0.0976949 0.155588 0.982979 
2280.0 2255.0 2267.6578 220 247 167 -0.0853931 -0.125165 0.988454 
2240.0 2279.0 2267.6408 220 247 167 0.0555233 0.168933 0.984062 
2280.0 2255.0 2267.7354 220 247 167 -0.0793187 -0.145615 0.986157 
2280.0 2255.0 2267.7180000000003 220 247 167 -0.0675498 -0.159986 0.984805 
2280.0 2255.0 2267.8112 220 247 167 -0.0564485 -0.132481 0.989577 
2230.0 2280.0 2268.1147 220 247 167 0.0505553 0.170477 0.984064 
2230.0 2280.0 2268.0868 220 247 167 0.00338742 0.168242 0.98574 
2270.0 2256.0 2267.6762 220 247 167 -0.0572098 -0.152949 0.986577 
2230.0 2280.0 2268.114 220 247 167 -0.054165 0.198605 0.978582 
2270.0 2256.0 2267.7089 220 247 167 -0.066231 -0.133624 0.988817 
2270.0 2256.0 2267.7657 220 247 167 -0.0631463 -0.172759 0.982938 
2230.0 2280.0 2268.1625 220 247 167 0.026126 0.289874 0.956708 
2270.0 2256.0 2267.7980000000002 220 247 167 -0.053226 -0.176237 0.982908 
2230.0 2280.0 2268.0679 220 247 167 0.144121 0.161666 0.976265 
2280.0 2258.0 2268.1965 221 247 167 -0.0464476 -0.123483 0.991259 
2240.0 2271.0 2268.1856000000002 220 247 167 -0.037646 -0.142599 0.989064 
2240.0 2271.0 2268.2041 220 247 167 -0.0401828 -0.145806 0.988497 
2270.0 2261.0 2268.1971000000003 221 247 167 -0.0688387 -0.136511 0.988244 
2240.0 2271.0 2268.2298 220 247 167 -0.0488177 -0.123747 0.991112 
2240.0 2270.0 2268.1983 220 247 167 -0.043926 -0.11601 0.992276 
2270.0 2261.0 2268.197 221 247 167 -0.0391654 -0.115258 0.992563 
2250.0 2271.0 2268.3488 221 247 167 0.0106519 0.226057 0.974056 
2240.0 2270.0 2268.2227000000003 220 247 167 -0.0482421 -0.108825 0.99289 
2250.0 2271.0 2268.4252 221 247 167 -0.01694 0.15246 0.988164 
2240.0 2271.0 2268.2603 220 247 167 -0.0413389 -0.108375 0.99325 
2270.0 2261.0 2268.2316 221 247 167 -0.0754154 -0.121825 0.989682 
2240.0 2271.0 2268.2859000000003 220 247 167 -0.0476794 -0.0920323 0.994614 
2250.0 2271.0 2268.2827 221 247 167 -0.14014 0.242299 0.960027 
2190.0 2291.0 2268.1969 220 247 167 -0.0407822 0.0324167 0.998642 
2270.0 2261.0 2268.2734 221 247 167 -0.0726272 -0.11874 0.990266 
2240.0 2270.0 2268.1864 221 247 167 -0.0390885 -0.112798 0.992849 
2250.0 2271.0 2268.3156 221 247 167 0.108638 0.0720443 0.991467 
2240.0 2270.0 2268.2037 221 247 167 -0.0326229 -0.129367 0.99106 
2250.0 2271.0 2268.2638 221 247 167 0.0971638 0.185718 0.977787 
2270.0 2261.0 2268.3183 221 247 167 -0.0803734 -0.124637 0.988942 
2240.0 2269.0 2268.1822 221 247 167 -0.0609376 -0.127624 0.989949 
2190.0 2292.0 2268.2466 220 247 167 0.0010046 0.0291333 0.999575 
2270.0 2262.0 2268.3366 221 247 167 -0.0598536 -0.105026 0.992667 
2280.0 2258.0 2268.2191000000003 221 247 167 -0.0614215 -0.137909 0.988539 
2270.0 2262.0 2268.3683 221 247 167 -0.0679487 -0.07686 0.994724 
2270.0 2261.0 2268.3711000000003 221 247 167 -0.106093 -0.129934 0.98583 
2250.0 2272.0 2268.1811000000002 221 247 167 0.0441739 0.125726 0.991081 
2270.0 2262.0 2268.4127000000003 221 247 167 -0.0898129 -0.0521136 0.994594 
2280.0 2258.0 2268.2453 221 247 167 -0.05656 -0.135051 0.989223 
2270.0 2262.0 2268.3803000000003 221 247 167 -0.0266151 -0.0649409 0.997534 
2240.0 2270.0 2268.2217 221 247 167 -0.0370656 -0.122429 0.991785 
2250.0 2271.0 2268.2783 221 247 167 0.016589 0.12497 0.992022 
2270.0 2262.0 2268.3900000000003 221 247 167 -0.0449652 -0.0261426 0.998646 
2280.0 2259.0 2268.4031 221 247 167 -0.0572098 -0.152949 0.986577 
2240.0 2270.0 2268.2412 221 247 167 -0.0432347 -0.0964467 0.994399 
2250.0 2271.0 2268.3191 221 247 167 0.0323155 0.114776 0.992866 
2280.0 2259.0 2268.4156000000003 221 247 167 -0.0326229 -0.129367 0.99106 
2250.0 2271.0 2268.1949 221 247 167 -0.0324414 0.222283 0.974442 
2190.0 2291.0 2268.2392 221 247 167 0.0110312 -0.0150425 0.999826 
2250.0 2271.0 2268.2255 221 247 167 0.103312 0.124686 0.986803 
2280.0 2260.0 2268.5126 221 247 167 -0.0472898 -0.0846817 0.995285 
2250.0 2271.0 2268.1881000000003 221 247 167 0.0766333 0.142656 0.986801 
2250.0 2269.0 2268.3779 221 247 167 -0.0372938 -0.127703 0.991111 
2270.0 2262.0 2268.4479 221 247 167 -0.015619 0.0510221 0.998575 
2280.0 2260.0 2268.4937 221 247 167 0.0529917 0.0114296 0.99853 
2250.0 2271.0 2268.197 221 247 167 0.103312 0.124686 0.986803 
2190.0 2290.0 2268.2007000000003 220 247 167 -0.120698 0.115918 0.985898 
2190.0 2290.0 2268.2371000000003 220 247 167 0.0369403 0.203767 0.978322 
2270.0 2261.0 2268.4265 221 247 167 -0.103292 -0.0963282 0.989976 
2270.0 2262.0 2268.4766 221 247 167 -0.00700582 0.0170141 0.999831 
2270.0 2261.0 2268.4746 221 247 167 -0.0492412 -0.0261921 0.998443 
2280.0 2259.0 2268.4227 221 247 167 0.0159295 -0.0732755 0.997185 
2270.0 2262.0 2268.4332 221 247 167 0.00103233 0.058843 0.998267 
2250.0 2269.0 2268.3927000000003 221 247 167 -0.0349581 -0.127428 0.991232 
2280.0 2260.0 2268.4316 221 247 167 0.0354387 0.00101253 0.999371 
2220.0 2276.0 2268.1788 221 247 167 -0.0233366 -0.121128 0.992363 
2250.0 2269.0 2268.4248000000002 221 247 167 -0.0488431 -0.0155882 0.998685 
2280.0 2260.0 2268.4569 222 247 167 0.0231055 0.111127 0.993538 
2250.0 2269.0 2268.4956 221 247 167 0.00699205 0.014983 0.999863 
2270.0 2262.0 2268.422 221 247 167 0.0117242 0.0820694 0.996558 
2280.0 2260.0 2268.4315 222 247 167 0.0414103 0.113039 0.992727 
2250.0 2269.0 2268.3999000000003 221 247 167 0.0295487 -0.0974013 0.994806 
2280.0 2260.0 2268.4030000000002 222 247 167 0.0472985 0.0824974 0.995468 
2220.0 2276.0 2268.1955000000003 221 247 167 -0.0299639 -0.112087 0.993247 
2250.0 2269.0 2268.4182 221 247 167 0.0856105 0.0292593 0.995899 
2270.0 2262.0 2268.4011 221 247 167 0.0348123 0.124651 0.99159 
2250.0 2270.0 2268.3920000000003 221 247 167 0.0288569 0.0694703 0.997167 
2280.0 2259.0 2268.4177 221 247 167 -0.0302665 -0.0386159 0.998796 
2230.0 2276.0 2268.2163 221 247 167 -0.0384074 -0.0888858 0.995301 
2250.0 2270.0 2268.3837000000003 221 247 167 0.0032947 0.128493 0.991705 
2280.0 2260.0 2268.452 221 247 167 0.0413666 0.0456094 0.998102 
2250.0 2270.0 2268.3662 221 247 167 0.051212 0.121771 0.991236 
2270.0 2259.0 2268.1803 221 246 166 -0.0590194 -0.193921 0.97924 
2230.0 2279.0 2268.4326 222 247 167 -0.0484454 0.00721527 0.9988 
2280.0 2259.0 2268.4137 221 247 167 0.0274534 0.0152519 0.999507 
2250.0 2270.0 2268.4096 221 247 167 0.00523436 -0.0680466 0.997668 
2270.0 2259.0 2268.1901000000003 221 246 166 -0.0262034 -0.153803 0.987754 
2230.0 2279.0 2268.4127000000003 222 247 167 0.0603141 0.0264536 0.997829 
2250.0 2270.0 2268.3982 221 247 167 -0.00493571 -0.00493571 0.999976 
2270.0 2260.0 2268.2949000000003 221 246 166 -0.015236 -0.2051 0.978622 
2250.0 2270.0 2268.4145000000003 221 247 167 0.0366001 0.0366001 0.99866 
2270.0 2260.0 2268.2541 221 246 166 0.0423928 -0.143219 0.988783 
2230.0 2279.0 2268.319 222 247 167 -0.00789501 0.161284 0.986876 
2270.0 2259.0 2268.188 222 247 167 -0.00539894 -0.104739 0.994485 
2250.0 2270.0 2268.3856 221 247 167 0.0255231 0.0193976 0.999486 
2270.0 2260.0 2268.2339 222 247 167 -0.00111004 -0.147635 0.989041 
2230.0 2279.0 2268.2978000000003 222 247 167 0.047128 0.216306 0.975188 
2250.0 2270.0 2268.3397 221 247 167 0.0737148 0.0561112 0.9957 
2270.0 2260.0 2268.3993 221 246 166 0.010287 -0.177166 0.984127 
2280.0 2260.0 2268.3807 221 247 167 0.0672464 0.0672464 0.995468 
2250.0 2270.0 2268.3185000000003 221 247 167 0.0314359 0.0812998 0.996194 
2270.0 2260.0 2268.3714 221 246 166 0.0511579 -0.184406 0.981518 
2230.0 2279.0 2268.3074 221 247 167 0.129071 0.0513998 0.990302 
2250.0 2270.0 2268.312 221 247 167 -0.00728622 0.0593306 0.998212 
2270.0 2260.0 2268.3442 222 247 167 0.0358327 -0.162981 0.985978 
2230.0 2279.0 2268.2618 221 247 167 0.0888085 0.138541 0.986367 
2280.0 2260.0 2268.3796 221 247 166 0.0577182 0.107514 0.992527 
2270.0 2259.0 2268.1912 221 246 166 -0.050593 -0.109056 0.992747 
2230.0 2280.0 2268.2089 221 247 167 0.0471525 0.214 0.975695 
2270.0 2260.0 2268.2697000000003 221 246 166 -0.0560982 -0.12708 0.990305 
2280.0 2260.0 2268.3401 221 247 167 0.0667816 0.100738 0.992669 
2280.0 2259.0 2268.2373000000002 222 247 166 -0.0510094 -0.116755 0.99185 
2230.0 2280.0 2268.1742 221 247 167 0.0448558 0.224279 0.973492 
2280.0 2260.0 2268.2973 222 247 166 -0.0629951 -0.120263 0.990741 
2280.0 2259.0 2268.4052 221 247 167 -0.00308533 0.0524506 0.998619 
2230.0 2279.0 2268.2829 221 247 167 0.0328082 0.0539747 0.998003 
2250.0 2269.0 2268.3857000000003 221 247 167 0.00309134 -0.0546137 0.998503 
2280.0 2260.0 2268.3636 221 247 167 0.0473935 0.0848675 0.995264 
2270.0 2260.0 2268.3411 221 246 166 -0.0311312 -0.16488 0.985822 
2280.0 2259.0 2268.3946 221 247 167 0.0227034 0.0897326 0.995707 
2250.0 2269.0 2268.3797 221 247 167 0.054089 0.0328776 0.997995 
2280.0 2260.0 2268.3273 221 247 167 -0.00523436 0.0680466 0.997668 
2250.0 2269.0 2268.3720000000003 221 247 167 -0.0362335 -0.025881 0.999008 
2280.0 2260.0 2268.3139 221 247 167 0.0647726 0.107954 0.992044 
2250.0 2269.0 2268.3451 221 247 167 -0.00106675 0.0970741 0.995277 
2280.0 2260.0 2268.3552 221 246 166 -0.0357729 -0.0791341 0.996222 
2280.0 2260.0 2268.2775 221 247 167 -0.0214362 0.143284 0.989449 
2250.0 2270.0 2268.357 221 247 167 0.0331372 0.0652054 0.997321 
2280.0 2259.0 2268.214 221 246 166 -0.0349581 -0.127428 0.991232 
2230.0 2279.0 2268.2318 221 247 167 0.0314925 0.08579 0.995815 
2250.0 2270.0 2268.3241000000003 221 247 167 0.0629637 0.0740099 0.995268 
2280.0 2259.0 2268.2359 221 246 166 -0.037221 -0.125198 0.991433 
2250.0 2270.0 2268.3259000000003 221 246 166 0.0666468 0.0982759 0.992925 
2280.0 2259.0 2268.2575 221 246 166 -0.0585299 -0.125093 0.990417 
2230.0 2279.0 2268.2713000000003 222 247 167 0.0683532 0.0862819 0.993923 
2250.0 2270.0 2268.257 221 246 166 0.0991188 0.139722 0.985217 
2280.0 2259.0 2268.2859000000003 221 246 166 -0.0469194 -0.133892 0.989885 
2230.0 2279.0 2268.2044 222 247 167 0.115439 0.115439 0.986584 
2280.0 2259.0 2268.3042 221 246 166 -0.0281731 -0.134104 0.990567 
2230.0 2280.0 2268.2252000000003 221 247 167 0.00311587 0.0612787 0.998116 
2280.0 2259.0 2268.3238 222 247 167 -0.0737977 -0.139396 0.987483 
2280.0 2261.0 2268.3942 221 247 167 0.0482421 0.108825 0.99289 
2270.0 2261.0 2268.4861 221 246 166 -0.00964709 -0.0911114 0.995794 
2240.0 2271.0 2268.2623000000003 221 246 167 -0.0396278 -0.130206 0.990695 
2270.0 2261.0 2268.4538000000002 221 246 166 0.0647761 -0.0647761 0.995795 
2240.0 2271.0 2268.2841000000003 221 246 167 -0.0393193 -0.120205 0.99197 
2280.0 2261.0 2268.3682 221 247 167 0.025756 0.13102 0.991045 
2270.0 2261.0 2268.4094 221 246 166 0.0157098 -0.0596971 0.998093 
2240.0 2271.0 2268.3024 222 247 167 -0.0321812 -0.112079 0.993178 
2280.0 2261.0 2268.3655 221 247 167 0.0441864 0.123495 0.991361 
2240.0 2272.0 2268.322 221 246 166 -0.0338687 -0.0906808 0.995304 
2270.0 2261.0 2268.4923 221 246 166 0.0177729 0.0533187 0.998419 
2280.0 2261.0 2268.3097000000002 221 247 167 0.0763035 0.139694 0.98725 
2270.0 2262.0 2268.1742 221 247 167 -0.039705 -0.132728 0.990357 
2270.0 2261.0 2268.4511 221 246 166 0.0723939 0.0746214 0.994581 
2270.0 2262.0 2268.1934 221 247 167 -0.0515163 -0.129363 0.990258 
2270.0 2261.0 2268.4164 221 247 167 0.0618175 0.0531414 0.996672 
2270.0 2262.0 2268.2136 221 247 167 -0.0543302 -0.142183 0.988348 
2270.0 2261.0 2268.447 221 247 167 0.0427884 -0.0260905 0.998743 
2270.0 2262.0 2268.2475 221 247 167 -0.0517034 -0.136727 0.989259 
2280.0 2261.0 2268.3541 221 246 166 -0.00909682 0.0252689 0.999639 
2270.0 2261.0 2268.3846000000003 221 246 166 0.0622432 0.105248 0.992496 
2270.0 2261.0 2268.1884 221 247 167 -0.0253663 -0.109185 0.993698 
2280.0 2261.0 2268.3529000000003 221 247 167 0.0183375 0.0916876 0.995619 
2270.0 2262.0 2268.2023 221 247 167 -0.0445344 -0.133603 0.990034 
2270.0 2262.0 2268.2270000000003 221 247 167 -0.0441739 -0.125726 0.991081 
2270.0 2263.0 2268.2624 221 247 167 -0.0651635 -0.115465 0.991172 
2270.0 2262.0 2268.2741 221 247 167 -0.0526165 -0.160188 0.985683 
2270.0 2263.0 2268.3214000000003 221 247 167 -0.0605919 -0.117754 0.991192 
2270.0 2262.0 2268.2951000000003 221 247 167 -0.0143187 -0.12226 0.992395 
2270.0 2263.0 2268.3242 221 247 167 -0.0480509 -0.103924 0.993424 
2270.0 2262.0 2268.2457 221 247 167 -0.027732 -0.116475 0.992806 
2270.0 2263.0 2268.3199 221 247 167 -0.0508748 -0.0595343 0.996929 
2270.0 2262.0 2268.259 221 247 167 -0.0537994 -0.129348 0.990139 
2270.0 2263.0 2268.3478 221 247 167 -0.0410301 -0.038926 0.998399 
2270.0 2262.0 2268.3138 221 247 167 -0.0410847 -0.103267 0.993805 
2270.0 2263.0 2268.369 222 247 167 -0.0216111 -0.0319021 0.999257 
2270.0 2262.0 2268.3349000000003 221 247 167 -0.0409223 -0.0984348 0.994302 
2270.0 2263.0 2268.3872 222 247 167 -0.0116994 -0.0818955 0.996572 
2270.0 2263.0 2268.3307 222 247 167 -0.0138038 -0.0753899 0.997059 
2270.0 2263.0 2268.3718 222 247 167 -0.0129597 -0.00697831 0.999892 
2270.0 2263.0 2268.3743 222 247 167 -0.0252184 -0.00706115 0.999657 
2280.0 2261.0 2268.2922000000003 221 247 167 0.0329395 0.141981 0.989321 
2270.0 2263.0 2268.4125 221 247 167 -0.0180555 -0.07116 0.997301 
2280.0 2261.0 2268.2763 221 247 167 0.0497818 0.149345 0.987531 
2270.0 2263.0 2268.4089 221 247 167 0.0215668 -0.0318367 0.99926 
2270.0 2263.0 2268.3774000000003 221 247 167 0.0191674 0.0131145 0.99973 
2270.0 2263.0 2268.4473000000003 221 247 167 0.0230168 -0.00300219 0.999731 
2280.0 2261.0 2268.3281 221 246 167 0.0681555 0.123604 0.989988 
2270.0 2263.0 2268.3969 221 247 167 0.0381025 0.079471 0.996109 
2280.0 2261.0 2268.2799 221 247 167 0.0652941 0.117988 0.990866 
2280.0 2261.0 2268.2428 221 247 167 0.0671295 0.15428 0.985744 
2280.0 2261.0 2268.2133 221 247 167 0.0547557 0.152617 0.986767 
2280.0 2261.0 2268.2497000000003 221 246 167 0.068 0.123322 0.990034 
2280.0 2261.0 2268.2165 221 247 167 0.0490101 0.128794 0.99046 
2280.0 2261.0 2268.1851 221 247 167 0.054775 0.15034 0.987116 
2240.0 2272.0 2268.3393 221 246 166 -0.0270936 -0.0856157 0.99596 
2280.0 2260.0 2268.3524 221 247 167 0.0231055 0.111127 0.993538 
2270.0 2263.0 2268.4207 221 247 167 0.0944284 0.0499915 0.994276 
2280.0 2261.0 2268.2015 221 247 167 -0.00348276 0.205483 0.978655 
2240.0 2272.0 2268.3555 221 246 166 -0.0181948 -0.0824117 0.996432 
2270.0 2264.0 2268.4198 221 247 167 0.0572439 0.0998962 0.99335 
2280.0 2260.0 2268.2470000000003 221 247 167 0.110871 0.125177 0.98592 
2270.0 2264.0 2268.3345 221 247 167 0.110217 0.182044 0.977094 
2270.0 2264.0 2268.3408 221 247 167 0.13331 0.229087 0.964234 
2270.0 2265.0 2268.3119 221 247 167 0.0897379 0.23888 0.966894 
2270.0 2265.0 2268.254 221 247 167 0.125453 0.198951 0.971946 
2270.0 2263.0 2268.355 221 247 167 0.0893787 0.107951 0.99013 
2270.0 2263.0 2268.2967000000003 221 247 167 0.0433798 0.174692 0.983667 
2240.0 2271.0 2268.3258 221 247 167 -0.0206184 -0.0965812 0.995112 
2270.0 2263.0 2268.2799 221 247 167 0.177013 0.156638 0.971664 
2270.0 2263.0 2268.2066 221 247 167 0.065165 0.16232 0.984584 
2270.0 2264.0 2268.1856000000002 221 247 167 0.253006 0.261487 0.931457 
2270.0 2265.0 2268.1947 221 247 167 0.000977516 0.000977516 0.999999 
2240.0 2271.0 2268.3219 221 247 167 -0.0449963 -0.0845053 0.995407 
2240.0 2272.0 2268.357 222 247 167 0.00933231 -0.0528831 0.998557 
2240.0 2272.0 2268.3589 221 247 167 -0.0454209 -0.0390831 0.998203 
2280.0 2261.0 2268.1788 221 247 167 0.102926 0.192212 0.975941 
2280.0 2260.0 2268.2326000000003 221 247 167 0.00551195 0.133389 0.991048 
2280.0 2260.0 2268.2323 221 247 167 0.0145388 0.142033 0.989755 
2290.0 2254.0 2268.1877 221 247 167 -0.052515 -0.157545 0.986114 
2290.0 2254.0 2268.2055 221 247 167 -0.026303 -0.158962 0.986934 
2290.0 2254.0 2268.2693 221 247 167 -0.0594416 -0.148021 0.987196 
2290.0 2254.0 2268.3105 221 247 167 -0.0240084 -0.161199 0.98663 
2290.0 2254.0 2268.2077 221 247 167 -0.0287181 -0.159672 0.986752 
2290.0 2254.0 2268.3016000000002 221 247 167 -0.0123958 -0.15213 0.988283 
2290.0 2255.0 2268.3431 222 246 167 -0.0660994 -0.131039 0.989171 
2290.0 2255.0 2268.3737 222 246 167 -0.0327593 -0.132167 0.990686 
2290.0 2255.0 2268.3839000000003 221 247 167 -0.0163669 -0.108021 0.994014 
2290.0 2255.0 2268.2925 221 247 167 -0.054224 -0.139598 0.988722 
2290.0 2255.0 2268.3186 221 247 167 -0.0489138 -0.126266 0.99079 
2290.0 2255.0 2268.3501 221 247 167 -0.0164979 -0.115485 0.993172 
2290.0 2255.0 2268.3631 221 247 167 -0.0610105 -0.0787589 0.995025 
2290.0 2255.0 2268.431 221 247 167 -0.0757547 -0.051601 0.99579 
2290.0 2256.0 2268.3972000000003 221 247 167 0.0116786 -0.0775031 0.996924 
2290.0 2256.0 2268.3984 221 247 167 -0.00933231 -0.0528831 0.998557 
2290.0 2256.0 2268.4249 221 247 167 -0.0503991 0.00308566 0.998724 
2290.0 2255.0 2268.4558 222 247 167 -0.00104253 -0.0677644 0.997701 
2290.0 2255.0 2268.4112 221 247 167 -0.00298463 0.0169129 0.999852 
2290.0 2256.0 2268.4299 222 246 167 0.03493 0.0497488 0.998151 
2290.0 2256.0 2268.3823 221 247 167 0.0414503 0.0478272 0.997995 
2290.0 2256.0 2268.4376 221 247 167 0.0219141 -0.0469588 0.998656 
2290.0 2256.0 2268.424 221 247 167 0.0297846 -0.0215681 0.999324 
2290.0 2256.0 2268.4081 221 247 167 0.0193206 0.0213543 0.999585 
2290.0 2257.0 2268.4512 221 247 167 0.0641398 0.0136691 0.997847 
2290.0 2257.0 2268.4215 221 247 167 0.0574876 0.0553182 0.996812 
2290.0 2257.0 2268.3946 221 247 167 0.0508748 0.0595343 0.996929 
2290.0 2256.0 2268.3865 222 247 167 0.0436646 0.0479246 0.997896 
2290.0 2256.0 2268.3608 222 247 167 0.0391657 0.0455169 0.998196 
2290.0 2257.0 2268.3685 222 247 167 0.0492035 0.0732586 0.996099 
2290.0 2257.0 2268.3425 221 247 167 0.0655739 0.078911 0.994723 
2290.0 2255.0 2268.4182 222 247 167 -0.0032947 -0.128493 0.991705 
2290.0 2255.0 2268.464 222 247 167 0.0441482 0.00924033 0.998982 
2290.0 2255.0 2268.3507 221 247 167 0.0608865 -0.0763849 0.995218 
2290.0 2255.0 2268.3732 221 247 167 0.0290336 -0.074197 0.996821 
2290.0 2256.0 2268.3824 222 247 167 -0.0205422 0.0897368 0.995754 
2290.0 2256.0 2268.396 221 247 167 0.0010444 0.0720634 0.9974 
2290.0 2256.0 2268.3443 221 247 167 0.0473846 0.0870554 0.995076 
2290.0 2256.0 2268.31 221 247 167 0.0341614 0.189655 0.981256 
2290.0 2257.0 2268.2876 221 247 167 0.128893 0.121666 0.984167 
2290.0 2257.0 2268.2269 221 247 167 0.0921388 0.147183 0.984808 
2250.0 2262.0 2267.6456000000003 220 248 168 -0.0517034 -0.136727 0.989259 
2270.0 2260.0 2268.2002 221 247 167 -0.0956855 -0.161091 0.98229 
2210.0 2280.0 2267.6765 221 247 167 -0.0520075 -0.144465 0.988142 
2280.0 2260.0 2268.2073 221 247 167 0.064634 0.153947 0.985963 
2230.0 2273.0 2267.7262 220 247 167 -0.0503618 -0.16514 0.984984 
2270.0 2260.0 2268.3864000000003 221 247 167 -0.0909517 -0.170989 0.981066 
2270.0 2267.0 2267.7123 219 247 168 0.0441864 0.123495 0.991361 
2280.0 2261.0 2268.0004 221 247 167 0.056989 0.209768 0.976089 
2210.0 2280.0 2267.7385 221 247 167 -0.0616842 -0.140826 0.988111 
2260.0 2271.0 2267.7549 220 248 168 0.0651398 0.164626 0.984203 
2230.0 2273.0 2267.7764 220 247 167 -0.0498958 -0.149688 0.987474 
2210.0 2282.0 2268.1283000000003 221 247 167 -0.0618059 -0.143436 0.987728 
2200.0 2288.0 2268.1679 220 247 167 0.082065 0.109805 0.99056 
2190.0 2285.0 2267.6392 220 247 168 -0.0948366 -0.0524391 0.994111 
2290.0 2250.0 2267.668 220 248 168 -0.0279016 -0.121651 0.992181 
2250.0 2275.0 2267.8359 220 248 168 0.0423106 0.140654 0.989154 
2290.0 2262.0 2267.6964000000003 219 247 168 0.0533276 0.178944 0.982413 
2230.0 2283.0 2267.7017 220 247 167 -0.0331298 0.149655 0.988183 
2230.0 2274.0 2267.9611 220 247 167 -0.0359146 -0.163354 0.985914 
2210.0 2282.0 2268.1963 221 247 167 -0.0490101 -0.128794 0.99046 
2260.0 2262.0 2267.7049 220 248 168 -0.0446215 -0.136153 0.989682 
2230.0 2271.0 2267.7110000000002 220 248 168 -0.0540282 -0.132197 0.98975 
2210.0 2281.0 2267.8428 221 247 167 -0.049605 -0.141893 0.988638 
2290.0 2251.0 2267.6815 220 247 168 -0.0444473 -0.131063 0.990377 
2290.0 2251.0 2267.7347 220 247 168 -0.0492991 -0.136432 0.989422 
2290.0 2251.0 2267.7858 220 247 168 -0.0492177 -0.131629 0.990076 
2290.0 2254.0 2268.2914 221 247 167 0.361677 -0.149419 0.920252 
2230.0 2283.0 2267.7647 220 247 167 0.0321183 0.109645 0.993452 
2230.0 2271.0 2267.7514 220 247 168 -0.0493956 -0.138997 0.98906 
2300.0 2254.0 2267.7266 221 247 167 0.551471 -0.0755244 0.830768 
2200.0 2288.0 2268.0948000000003 220 247 167 0.0453663 0.0918392 0.99474 
2290.0 2260.0 2268.0607 221 247 167 0.0890676 0.179355 0.979744 
2240.0 2271.0 2268.3368 221 247 167 -0.0411755 -0.103495 0.993777 
2290.0 2255.0 2268.4736000000003 221 247 167 0.311062 0.0879375 0.946312 
2270.0 2267.0 2267.6761 219 247 168 0.0401692 0.148052 0.988163 
2240.0 2272.0 2268.4391 221 247 167 -0.000994882 0.016913 0.999856 
2290.0 2261.0 2267.9296 221 247 167 0.115437 0.179983 0.976873 
2210.0 2283.0 2268.2984 221 247 167 -0.0593746 -0.0952233 0.993684 
2300.0 2255.0 2267.6574 221 247 167 0.599568 0.0264311 0.799887 
2200.0 2289.0 2268.0125000000003 220 247 167 0.0549887 0.155606 0.986287 
2210.0 2281.0 2267.8920000000003 221 247 167 -0.0593253 -0.145405 0.987592 
2270.0 2268.0 2267.6417 219 247 168 0.0181266 0.0757054 0.996965 
2270.0 2262.0 2268.3957 221 247 167 0.0423928 0.143219 0.988783 
2210.0 2279.0 2267.6440000000002 219 248 168 -0.0545614 -0.14511 0.98791 
2280.0 2262.0 2267.721 221 247 167 0.073032 0.168812 0.982939 
2200.0 2289.0 2267.9604 220 247 167 0.0120204 0.11474 0.993323 
2210.0 2277.0 2267.6562 220 247 168 -0.0497988 -0.14708 0.98787 
2270.0 2258.0 2267.972 221 246 166 -0.0732858 -0.176607 0.981549 
2290.0 2250.0 2267.6766000000002 220 247 168 -0.0400274 -0.140668 0.989247 
2280.0 2260.0 2268.4448 221 246 166 -0.0460741 -0.052503 0.997557 
2290.0 2256.0 2268.0398 221 247 167 0.252748 0.182465 0.950171 
2210.0 2283.0 2268.3443 221 247 167 -0.0275705 -0.109179 0.99364 
2260.0 2261.0 2267.6393000000003 220 248 168 -0.0495886 -0.144153 0.988312 
2210.0 2277.0 2267.7155000000002 220 247 168 -0.0494112 -0.136743 0.989374 
2250.0 2269.0 2268.4615000000003 221 247 167 -0.0137477 0.0729687 0.997239 
2210.0 2280.0 2267.8111 221 247 167 -0.0645304 -0.149007 0.986728 
2260.0 2271.0 2267.6856000000002 220 248 168 0.0743846 0.14995 0.985891 
2290.0 2250.0 2267.7447 220 247 168 -0.0261625 -0.149013 0.988489 
2210.0 2282.0 2268.2468 221 247 167 -0.0366322 -0.107677 0.993511 
2230.0 2283.0 2267.6664 220 247 167 0.0868345 0.0733019 0.993522 
2260.0 2262.0 2267.7447 220 248 168 -0.0446075 -0.138398 0.989372 
2210.0 2279.0 2267.7085 220 247 168 -0.0574537 -0.155946 0.986093 
2300.0 2256.0 2267.6585 221 247 167 0.442483 0.136039 0.886398 
2290.0 2254.0 2267.985 221 247 167 -0.0426393 -0.150966 0.987619 
2250.0 2269.0 2268.4344 221 247 167 0.0157407 0.0619132 0.997957 
2230.0 2282.0 2267.6662 220 247 167 0.070865 0.178964 0.9813 
2230.0 2273.0 2267.8338000000003 220 247 167 -0.0546682 -0.14772 0.987517 
2280.0 2260.0 2268.4668 221 246 166 -0.0232939 -0.0151917 0.999613 
2290.0 2254.0 2268.0494 221 247 167 -0.0651398 -0.164626 0.984203 
2210.0 2279.0 2267.7712 220 247 168 -0.0450421 -0.151295 0.987462 
2210.0 2280.0 2267.8941 220 247 168 -0.0597905 -0.155924 0.985958 
2230.0 2280.0 2267.8974000000003 220 247 168 0.0501684 0.159839 0.985868 
2290.0 2257.0 2267.9815000000003 221 247 167 0.175122 0.188094 0.966413 
2200.0 2288.0 2268.062 220 247 167 0.00747296 0.0886079 0.996039 
2290.0 2255.0 2268.1593000000003 221 247 167 -0.0554164 -0.166249 0.984525 
2230.0 2280.0 2267.8886 220 247 168 -0.0194228 0.165665 0.985991 
2200.0 2289.0 2268.021 220 247 167 0.0388583 0.105473 0.993663 
2280.0 2254.0 2267.6534 219 247 168 -0.0374394 -0.13274 0.990444 
2200.0 2290.0 2267.812 220 247 167 0.00571291 0.179385 0.983762 
2210.0 2280.0 2267.9376 220 248 168 -0.0427216 -0.153567 0.987214 
2290.0 2255.0 2268.242 221 247 167 -0.0527381 -0.160558 0.985616 
2240.0 2271.0 2268.3717 221 247 167 -0.0095538 -0.079615 0.99678 
2290.0 2254.0 2268.1315 221 247 167 -0.0622703 -0.156263 0.985751 
2230.0 2281.0 2267.7174 220 247 168 0.0478405 0.159857 0.98598 
2210.0 2279.0 2267.8183 220 248 168 -0.0450577 -0.149037 0.987804 
2230.0 2274.0 2268.0174 220 247 167 -0.052515 -0.157545 0.986114 
2210.0 2279.0 2267.8727 220 248 168 -0.0498958 -0.149688 0.987474 
2210.0 2283.0 2268.341 221 247 167 0.00103634 -0.063217 0.997999 
2210.0 2280.0 2267.9755 220 248 168 -0.0449551 -0.148698 0.98786 
2300.0 2258.0 2267.7026 221 247 167 -0.044599 0.0197065 0.998811 
2280.0 2254.0 2267.6922 219 248 168 -0.0568948 -0.142818 0.988112 
2230.0 2281.0 2267.7001 220 247 168 -0.0101352 0.156533 0.987621 
2270.0 2262.0 2268.3057 221 246 166 0.0681555 0.123604 0.989988 
2210.0 2284.0 2268.3541 221 247 167 -0.0505599 -0.0548629 0.997213 
2300.0 2258.0 2267.7432 221 247 167 0.0447805 -0.0239524 0.99871 
2210.0 2284.0 2268.3998 221 247 167 0.0129084 0.00496477 0.999904 
2290.0 2251.0 2267.8415 220 248 168 -0.0475469 -0.154238 0.986889 
2200.0 2290.0 2267.8518 220 247 167 -0.00333224 0.143286 0.989676 
2280.0 2262.0 2268.2076 221 246 166 0.0209413 0.115728 0.99306 
2210.0 2280.0 2268.0393 220 247 168 -0.0521089 -0.147063 0.987754 
2250.0 2275.0 2267.7827 220 248 168 0.0490243 0.126551 0.990748 
2260.0 2262.0 2267.7975 220 248 168 -0.0471799 -0.143841 0.988476 
2200.0 2290.0 2267.8471 220 247 167 0.0122752 0.141723 0.98983 
2290.0 2251.0 2267.8973 220 247 168 -0.0307189 -0.146768 0.988694 
2280.0 2261.0 2268.3837000000003 221 246 166 -0.0251687 0.0995805 0.994711 
2290.0 2253.0 2267.8263 220 248 168 -0.0423106 -0.140654 0.989154 
2210.0 2276.0 2267.6621 220 247 167 -0.0422286 -0.138099 0.989518 
2290.0 2253.0 2267.8711000000003 220 248 168 -0.0519061 -0.141877 0.988523 
2230.0 2280.0 2267.9374000000003 220 248 168 0.01701 0.155358 0.987712 
2290.0 2253.0 2267.9410000000003 220 247 168 -0.0647604 -0.156603 0.985536 
2260.0 2261.0 2267.6941 220 247 168 -0.0496852 -0.146745 0.987926 
2210.0 2284.0 2268.3474 221 247 167 0.0364531 0.032287 0.998814 
2230.0 2281.0 2267.7455 220 248 168 -0.0194592 0.168265 0.98555 
2230.0 2270.0 2267.6401 219 247 168 -0.0473633 -0.149021 0.987699 
2250.0 2270.0 2268.2676 221 247 167 0.0241537 0.166775 0.985699 
2280.0 2254.0 2267.7692 219 248 168 -0.0637701 -0.133338 0.989017 
2190.0 2284.0 2267.6918 219 248 168 -0.0494112 -0.136743 0.989374 
2230.0 2270.0 2267.6924 219 247 168 -0.0524134 -0.154911 0.986537 
2240.0 2272.0 2268.396 221 247 167 0.0370479 0.0476331 0.998178 
2250.0 2270.0 2268.2582 221 247 167 0.0148759 0.170501 0.985245 
2230.0 2280.0 2267.8699 220 248 168 0.0667353 0.146349 0.986979 
2200.0 2288.0 2268.0242000000003 220 247 167 0.0537994 0.129348 0.990139 
2240.0 2273.0 2268.3835 221 247 167 0.0422872 0.0726473 0.996461 
2190.0 2284.0 2267.7316 219 247 168 -0.0377188 -0.14516 0.988689 
2280.0 2261.0 2268.4178 221 246 166 0.0347446 0.122166 0.991901 
2200.0 2289.0 2267.8838 220 247 167 0.0953872 0.121295 0.988023 
2230.0 2281.0 2267.7261000000003 220 248 168 0.0517034 0.136727 0.989259 
2290.0 2253.0 2268.0187 220 247 168 -0.0453198 -0.156876 0.986578 
2210.0 2277.0 2267.7674 220 247 167 -0.0493956 -0.138997 0.98906 
2240.0 2273.0 2268.291 221 247 167 0.0646573 0.151651 0.986317 
2280.0 2262.0 2268.2386 221 246 166 -0.00549112 0.128492 0.991695 
2280.0 2262.0 2268.2199 221 246 166 0.0260626 0.143911 0.989247 
2210.0 2281.0 2267.9695 221 247 167 -0.06415 -0.14113 0.98791 
2290.0 2256.0 2268.3492 221 247 167 -0.0533759 -0.119244 0.991429 
2240.0 2273.0 2268.2641000000003 221 247 167 0.0450577 0.149037 0.987804 
2290.0 2253.0 2268.0480000000002 220 248 168 -0.0284358 -0.149003 0.988428 
2250.0 2271.0 2268.378 221 247 167 -0.00504319 -0.0292505 0.999559 
2300.0 2259.0 2267.6734 220 248 168 0.00105249 0.0810419 0.99671 
2230.0 2271.0 2267.8064 219 248 168 -0.0522104 -0.14967 0.987357 
2250.0 2272.0 2268.3351000000002 221 247 167 0.0643827 0.100527 0.992849 
2280.0 2253.0 2267.6909 220 248 168 -0.039705 -0.132728 0.990357 
2200.0 2288.0 2267.9682000000003 220 247 167 0.0530441 0.168562 0.984263 
2250.0 2271.0 2268.3762 221 247 167 -0.0094597 0.0704222 0.997472 
2290.0 2250.0 2267.7353000000003 221 247 167 -0.00782153 -0.148609 0.988865 
2200.0 2284.0 2267.7636 219 247 168 -0.0333323 -0.155168 0.987326 
2210.0 2282.0 2268.2853 221 247 167 -0.0227925 -0.0944259 0.995271 
2200.0 2289.0 2267.795 220 247 167 0.0685441 0.133603 0.988662 
2230.0 2271.0 2267.8709 219 247 168 -0.0598122 -0.153635 0.986316 
2210.0 2282.0 2267.9971 221 247 167 -0.0566716 -0.137631 0.988861 
2210.0 2277.0 2267.8215 220 247 167 -0.042489 -0.143544 0.988731 
2290.0 2250.0 2267.7538 221 247 167 0.00114532 -0.191268 0.981537 
2290.0 2256.0 2268.4122 221 247 167 -0.0348123 -0.124651 0.99159 
2200.0 2290.0 2267.7804 220 247 167 0.0897451 0.113056 0.989527 
2210.0 2282.0 2268.0597000000002 221 247 167 -0.0615626 -0.138225 0.988486 
2260.0 2269.0 2268.4033 221 247 167 0.0137477 0.0729687 0.997239 
2230.0 2275.0 2268.1323 220 247 167 -0.030425 -0.134095 0.990501 
2250.0 2272.0 2268.2245000000003 221 247 167 0.0507942 0.114005 0.992181 
2200.0 2283.0 2267.6692000000003 219 247 168 -0.0458443 -0.172798 0.98389 
2240.0 2269.0 2267.6415 219 247 168 -0.0377915 -0.14773 0.988305 
2210.0 2283.0 2268.3404 221 247 167 -0.00911423 -0.0293681 0.999527 
2200.0 2290.0 2267.6714 220 247 167 0.0845323 0.112324 0.99007 
2200.0 2292.0 2267.6435 220 247 167 -0.0259546 0.141058 0.989661 
2260.0 2261.0 2267.7444 220 247 168 -0.0494921 -0.14157 0.98869 
2290.0 2257.0 2268.4459 221 247 167 -0.024098 -0.0492438 0.998496 
2260.0 2270.0 2268.2333000000003 221 247 167 0.0432975 0.17202 0.984141 
2200.0 2292.0 2267.6653 220 247 167 -0.016876 0.147384 0.988935 
2240.0 2269.0 2267.6836000000003 220 248 168 -0.049975 -0.154574 0.986716 
2210.0 2288.0 2267.8465 219 248 168 -0.0148701 0.172722 0.984858 
2230.0 2275.0 2268.1823 220 247 167 -0.049121 -0.129085 0.990416 
2250.0 2276.0 2267.6713 220 248 168 0.0194666 0.166039 0.985927 
2230.0 2273.0 2267.8957 221 247 167 -0.0497818 -0.149345 0.987531 
2220.0 2276.0 2267.7193 220 247 167 -0.0445207 -0.135845 0.989729 
2250.0 2271.0 2268.056 221 247 167 0.0693623 0.149305 0.986355 
2280.0 2253.0 2267.7201 220 248 168 -0.049605 -0.141893 0.988638 
2260.0 2262.0 2267.8529000000003 220 247 168 -0.0521265 -0.144796 0.988087 
2230.0 2274.0 2268.0737 221 247 167 -0.049975 -0.154574 0.986716 
2260.0 2262.0 2267.9114 221 247 167 -0.0523119 -0.152286 0.986951 
2250.0 2273.0 2268.1915 221 247 167 0.0493956 0.138997 0.98906 
2220.0 2276.0 2267.7556 220 247 167 -0.0567646 -0.142491 0.988167 
2240.0 2269.0 2267.7484 220 248 168 -0.0544547 -0.142509 0.988294 
2250.0 2271.0 2268.0558 221 247 167 0.012536 0.167527 0.985788 
2250.0 2266.0 2267.6448 220 247 168 -0.0446944 -0.140959 0.989006 
2210.0 2288.0 2267.8569 219 248 168 0.0481172 0.167823 0.984642 
2250.0 2266.0 2267.6995 220 247 168 -0.0545429 -0.147382 0.987575 
2280.0 2254.0 2267.8291 220 248 168 -0.0520247 -0.142201 0.98847 
2220.0 2277.0 2267.8618 220 247 167 -0.0497988 -0.14708 0.98787 
2230.0 2273.0 2267.9472 221 247 167 -0.0449551 -0.148698 0.98786 
2200.0 2284.0 2267.808 219 247 168 -0.0454773 -0.164418 0.985342 
2210.0 2289.0 2267.6514 219 248 168 0.00340126 0.171197 0.985231 
2200.0 2292.0 2267.6767 220 247 167 0.00330095 0.130938 0.991385 
2290.0 2257.0 2268.4937 221 247 167 -0.0218252 -0.0446897 0.998762 
2200.0 2282.0 2267.8857000000003 221 247 167 -0.0523119 -0.152286 0.986951 
2210.0 2282.0 2268.2988 221 247 167 -0.0271471 -0.0879565 0.995754 
2220.0 2277.0 2267.9348 220 247 167 -0.0596954 -0.150994 0.986731 
2250.0 2276.0 2267.6503000000002 220 248 168 0.0329395 0.141981 0.989321 
2260.0 2271.0 2268.0446 221 247 167 0.0587693 0.1907 0.979888 
2230.0 2274.0 2268.1220000000003 221 247 167 -0.0427366 -0.151311 0.987562 
2200.0 2284.0 2267.8623000000002 219 247 168 -0.0480249 -0.165159 0.985097 
2200.0 2282.0 2267.9313 221 247 167 -0.0519229 -0.139615 0.988844 
2250.0 2273.0 2268.1335 221 247 167 0.0582814 0.122277 0.990783 
2200.0 2283.0 2267.7249 219 247 168 -0.0502841 -0.160207 0.985802 
2210.0 2283.0 2268.3731000000002 221 247 167 0.00499422 0.0169804 0.999843 
2200.0 2283.0 2267.7888000000003 219 247 168 -0.0645304 -0.149007 0.986728 
2250.0 2275.0 2267.7273 220 248 168 0.051212 0.121771 0.991236 
2260.0 2267.0 2268.3443 221 247 167 -0.0326323 -0.127153 0.991346 
2250.0 2267.0 2267.8104000000003 220 248 168 -0.0333961 -0.157768 0.986911 
2200.0 2292.0 2267.6569 220 247 167 0.0393193 0.120205 0.99197 
2210.0 2289.0 2267.6318 219 248 168 0.0618836 0.205065 0.97679 
2240.0 2274.0 2268.2161 221 247 167 0.0888552 0.178928 0.979842 
2210.0 2284.0 2268.3053 221 247 167 0.0288611 0.0673426 0.997312 
2200.0 2284.0 2267.9097 219 247 168 -0.0405568 -0.161068 0.98611 
2210.0 2284.0 2268.2612 221 247 167 0.0627441 0.115221 0.991356 
2280.0 2254.0 2267.8934 220 248 168 -0.0548819 -0.152969 0.986706 
2250.0 2267.0 2267.8716 220 247 168 -0.0574326 -0.158233 0.98573 
2200.0 2284.0 2267.9605 219 247 168 -0.0546682 -0.14772 0.987517 
2240.0 2275.0 2267.9844000000003 221 247 167 0.070865 0.178964 0.9813 
2260.0 2267.0 2268.3517 221 247 167 -0.00752939 -0.100033 0.994956 
2290.0 2258.0 2268.4312 221 247 167 -0.01177 0.0866698 0.996168 
2250.0 2265.0 2267.6461 220 247 168 -0.066758 -0.144057 0.987315 
2250.0 2265.0 2267.7323 220 247 168 -0.0589768 -0.137613 0.988729 
2280.0 2253.0 2267.782 220 248 168 -0.0448682 -0.146109 0.98825 
2250.0 2265.0 2267.7968 220 247 168 -0.0452162 -0.156517 0.98664 
2290.0 2251.0 2267.9102000000003 221 247 167 -0.0357093 -0.155508 0.987189 
2230.0 2275.0 2268.2399 221 247 167 -0.0463563 -0.120979 0.991572 
2240.0 2270.0 2267.7489 220 247 168 -0.0502841 -0.160207 0.985802 
2190.0 2285.0 2267.7496 221 247 167 -0.107153 -0.111863 0.98793 
2210.0 2288.0 2267.7404 219 248 168 0.0864014 0.181321 0.979621 
2260.0 2262.0 2267.9666 221 247 167 -0.0378773 -0.148066 0.988252 
2250.0 2266.0 2267.7642 220 248 168 -0.0448682 -0.146109 0.98825 
2250.0 2275.0 2267.6798 219 247 168 0.0634776 0.0835231 0.994482 
2200.0 2283.0 2268.0493 221 247 167 -0.0519229 -0.139615 0.988844 
2210.0 2280.0 2268.0871 221 247 167 -0.0449551 -0.148698 0.98786 
2230.0 2275.0 2268.2801 221 247 167 -0.0370656 -0.122429 0.991785 
2290.0 2251.0 2268.0099 221 247 167 0.012536 -0.167527 0.985788 
2210.0 2288.0 2267.6531 219 248 168 0.0764413 0.18807 0.979176 
2240.0 2270.0 2267.7994 220 247 168 -0.0451291 -0.153902 0.987055 
2190.0 2285.0 2267.8312 221 247 167 -0.061198 -0.130479 0.989561 
2190.0 2286.0 2267.9100000000003 221 247 167 -0.155958 -0.0979271 0.982897 
2250.0 2274.0 2267.9824000000003 221 247 167 0.0565422 0.137317 0.988912 
2210.0 2279.0 2267.9228000000003 220 247 167 -0.0496852 -0.146745 0.987926 
2260.0 2263.0 2268.0840000000003 221 247 167 -0.0445344 -0.133603 0.990034 
2280.0 2254.0 2267.9476 220 247 168 -0.0475638 -0.151972 0.98724 
2190.0 2286.0 2267.9796 221 247 167 -0.0707577 -0.126436 0.989448 
2250.0 2272.0 2267.9213 221 247 167 0.0742378 0.147297 0.986302 
2250.0 2271.0 2268.4278 221 247 167 0.0207393 0.103696 0.994393 
2200.0 2288.0 2267.9143 219 247 168 0.0533276 0.178944 0.982413 
2290.0 2258.0 2268.5196 221 247 167 0.039705 0.132728 0.990357 
2240.0 2271.0 2267.9395 220 247 168 -0.0549887 -0.155606 0.986287 
2200.0 2283.0 2268.0894000000003 221 247 167 -0.0397823 -0.13526 0.990011 
2290.0 2250.0 2267.6851 221 247 167 0.0862335 -0.17854 0.980147 
2250.0 2272.0 2268.2247 221 247 167 0.0282819 0.139147 0.989868 
2250.0 2273.0 2267.9366 221 247 167 0.0480981 0.170103 0.984252 
2260.0 2263.0 2268.1274000000003 221 247 167 -0.034948 -0.129646 0.990944 
2250.0 2273.0 2267.8252 221 247 167 0.0857646 0.167905 0.982065 
2200.0 2289.0 2267.739 219 247 168 0.0446944 0.140959 0.989006 
2210.0 2281.0 2268.1887 221 247 167 -0.0487216 -0.121237 0.991427 
2250.0 2273.0 2267.7469 221 247 167 0.0866078 0.181754 0.979523 
2230.0 2272.0 2267.7947 221 247 167 -0.0449551 -0.148698 0.98786 
2250.0 2273.0 2268.0649000000003 221 247 167 0.0520247 0.142201 0.98847 
2190.0 2285.0 2267.8927000000003 221 247 167 -0.0471954 -0.141586 0.9888 
2260.0 2262.0 2268.0069000000003 221 247 167 -0.0448832 -0.143856 0.98858 
2290.0 2251.0 2267.8815 221 247 167 0.105317 -0.227129 0.968153 
2210.0 2279.0 2267.9811 220 247 167 -0.0472874 -0.144169 0.988423 
2240.0 2271.0 2267.9831 220 247 168 -0.0404017 -0.155835 0.986956 
2250.0 2266.0 2267.8072 220 247 168 -0.0548621 -0.155248 0.986351 
2250.0 2273.0 2268.0054 221 247 167 0.0546682 0.14772 0.987517 
2230.0 2272.0 2267.8414000000002 221 247 167 -0.054348 -0.139917 0.988671 
2250.0 2272.0 2267.871 220 247 167 0.0565917 0.196265 0.978916 
2230.0 2272.0 2267.9064000000003 221 247 167 -0.0570065 -0.145425 0.987726 
2210.0 2283.0 2268.1442 221 247 167 -0.0511977 -0.124012 0.990959 
2290.0 2251.0 2267.7278 221 247 167 0.203399 -0.334257 0.920273 
2250.0 2267.0 2267.9333 220 247 168 -0.0501684 -0.159839 0.985868 
2210.0 2288.0 2267.808 219 247 168 0.0414096 0.190484 0.980816 
2210.0 2280.0 2268.1328000000003 220 247 167 -0.0428192 -0.153918 0.987155 
2240.0 2270.0 2267.8543 220 247 168 -0.049975 -0.154574 0.986716 
2210.0 2281.0 2268.2415 221 247 167 -0.050593 -0.109056 0.992747 
2240.0 2270.0 2267.9071 220 247 168 -0.0523303 -0.150013 0.987298 
2260.0 2263.0 2268.1569 221 247 167 -0.0371483 -0.122702 0.991748 
2250.0 2267.0 2267.9863 220 247 168 -0.0576554 -0.163553 0.984848 
2250.0 2273.0 2267.9439 221 247 167 0.0410997 0.179664 0.982869 
2200.0 2284.0 2268.1861 221 247 167 -0.037138 -0.124919 0.991472 
2210.0 2289.0 2267.6992 219 247 168 0.03489 0.124929 0.991552 
2210.0 2281.0 2268.3171 221 247 167 -0.0405986 -0.0888781 0.995215 
2260.0 2268.0 2268.4502 221 247 167 -0.0134822 -0.0487434 0.99872 
2210.0 2288.0 2267.8246 220 247 168 0.00796854 0.174169 0.984683 
2260.0 2272.0 2267.7892 220 247 167 0.0731772 0.226973 0.971148 
2290.0 2258.0 2268.3896 221 247 167 0.0826465 0.1617 0.983373 
2210.0 2282.0 2268.3316 221 247 167 -0.015435 -0.0380729 0.999156 
2290.0 2253.0 2268.0833000000002 221 247 167 -0.0215516 -0.15313 0.987971 
2230.0 2273.0 2267.9988000000003 221 247 167 -0.0522284 -0.1474 0.987697 
2210.0 2282.0 2268.3611 221 247 167 -0.023063 0.00300821 0.99973 
2200.0 2284.0 2268.228 221 247 167 -0.0248738 -0.0854361 0.996033 
2290.0 2258.0 2268.3033 221 247 167 0.059112 0.137928 0.988677 
2250.0 2274.0 2267.9206 221 247 167 0.0562257 0.127368 0.990261 
2290.0 2253.0 2268.0805 221 247 167 -0.0209818 -0.118161 0.992773 
2250.0 2274.0 2267.7201 220 247 168 0.016908 0.149918 0.988554 
2220.0 2280.0 2268.1742 221 247 167 -0.0592091 -0.142798 0.987979 
2210.0 2289.0 2267.6702 220 247 168 0.0212318 0.130743 0.991189 
2250.0 2274.0 2267.8511000000003 221 247 167 0.0803734 0.124637 0.988942 
2250.0 2266.0 2267.8857000000003 220 247 168 -0.0670218 -0.149329 0.986513 
2260.0 2268.0 2268.4324 221 247 167 0.0354387 -0.00101253 0.999371 
2290.0 2254.0 2268.2538 221 247 167 0.00552402 -0.133681 0.991009 
2220.0 2281.0 2268.3463 221 247 167 -0.0338687 -0.0906808 0.995304 
2200.0 2285.0 2267.937 221 247 167 -0.0452325 -0.154254 0.986995 
2250.0 2274.0 2267.6754 220 247 168 0.0686803 0.136197 0.988298 
2250.0 2266.0 2267.9532 220 248 168 -0.0451451 -0.151641 0.987404 
2250.0 2274.0 2267.7185 220 247 167 0.0578193 0.112237 0.991998 
2230.0 2273.0 2268.0601 221 247 167 -0.054224 -0.139598 0.988722 
2220.0 2280.0 2268.2670000000003 221 247 167 -0.0442733 -0.126009 0.991041 
2190.0 2286.0 2268.0439 221 247 167 -0.0541178 -0.137022 0.989089 
2260.0 2267.0 2268.3540000000003 221 247 167 -0.00102833 -0.0545017 0.998513 
2260.0 2268.0 2268.3471 221 247 167 0.0465424 0.0638605 0.996873 
2220.0 2279.0 2268.0404000000003 220 247 167 -0.0521265 -0.144796 0.988087 
2260.0 2269.0 2268.3834 221 247 167 0.0812098 0.13535 0.987464 
2220.0 2281.0 2268.4 221 247 167 -0.0290336 -0.074197 0.996821 
2260.0 2271.0 2267.937 220 247 168 0.0741356 0.193239 0.978347 
2240.0 2271.0 2268.0296000000003 220 247 168 -0.0451291 -0.153902 0.987055 
2240.0 2276.0 2267.8028 220 248 168 0.0416552 0.120462 0.991844 
2290.0 2254.0 2268.225 221 247 167 -0.0602141 -0.112475 0.991828 
2220.0 2279.0 2268.0949 220 247 167 -0.0572301 -0.150667 0.986927 
2260.0 2269.0 2268.2167 221 247 167 0.0756968 0.129267 0.988716 
2260.0 2272.0 2267.714 220 247 168 0.0267627 0.180357 0.983237 
2240.0 2271.0 2268.0769 220 247 168 -0.0498958 -0.149688 0.987474 
2250.0 2267.0 2268.0574 220 247 168 -0.0599069 -0.158577 0.985528 
2230.0 2272.0 2267.9726 221 247 167 -0.0545429 -0.147382 0.987575 
2240.0 2268.0 2267.6386 220 247 167 -0.0400144 -0.142908 0.988927 
2200.0 2286.0 2268.1044 221 247 167 -0.0493956 -0.138997 0.98906 
2220.0 2275.0 2267.6761 219 247 168 -0.0568948 -0.142818 0.988112 
2260.0 2271.0 2267.8836 220 248 168 0.0380965 0.155849 0.987046 
2210.0 2284.0 2268.2605000000003 221 247 167 -0.0381717 -0.0839778 0.995736 
2290.0 2258.0 2268.2387 221 247 167 0.0979196 0.123874 0.987455 
2220.0 2282.0 2268.3799 221 247 167 -0.0150425 0.0110312 0.999826 
2240.0 2276.0 2267.7793 220 248 168 0.0484337 0.113763 0.992327 
2230.0 2272.0 2268.0293 221 247 167 -0.0594416 -0.148021 0.987196 
2190.0 2287.0 2267.9791 221 247 167 -0.247644 -0.0609776 0.96693 
2240.0 2276.0 2267.728 220 247 168 0.0418187 0.125456 0.991217 
2210.0 2283.0 2268.1994 221 247 167 -0.0651635 -0.115465 0.991172 
2190.0 2287.0 2268.1253 221 247 167 -0.087587 -0.11795 0.989149 
2240.0 2277.0 2267.6899000000003 220 247 168 0.0390212 0.108145 0.993369 
2290.0 2253.0 2268.1211000000003 221 247 167 -0.0342888 -0.195091 0.980186 
2290.0 2255.0 2268.3132 221 247 167 -0.0340028 -0.0954272 0.994856 
2260.0 2267.0 2268.3789 221 247 167 -0.0212693 -0.0151924 0.999658 
2190.0 2288.0 2268.0817 221 247 167 -0.268857 -0.116723 0.956081 
2210.0 2284.0 2268.3038 221 247 167 -0.0466297 -0.0683179 0.996573 
2230.0 2273.0 2268.1237 221 247 167 -0.0536935 -0.126808 0.990473 
2220.0 2275.0 2267.7389000000003 219 247 168 -0.0521265 -0.144796 0.988087 
2250.0 2267.0 2268.1171 220 247 168 -0.0498958 -0.149688 0.987474 
2240.0 2277.0 2267.7001 220 247 168 0.0274093 0.101963 0.994411 
2260.0 2265.0 2268.2247 221 247 167 -0.0370757 -0.120215 0.992055 
2250.0 2276.0 2267.6765 220 248 168 0.0262625 0.154149 0.987698 
2260.0 2268.0 2268.3194000000003 221 247 167 0.0204179 0.0848956 0.996181 
2190.0 2288.0 2268.2789000000002 221 247 167 -0.109408 -0.135858 0.984669 
2260.0 2272.0 2267.7715000000003 220 248 168 0.0283364 0.141682 0.989507 
2230.0 2273.0 2268.2001 221 247 167 -0.0555447 -0.11449 0.99187 
2250.0 2268.0 2267.989 221 247 167 -0.0358462 -0.16073 0.986347 
2220.0 2274.0 2267.6348000000003 220 247 168 -0.0376582 -0.140362 0.989384 
2260.0 2267.0 2268.4199000000003 221 247 167 0.0522893 0.041618 0.997764 
2200.0 2284.0 2268.0256 221 247 167 -0.054224 -0.139598 0.988722 
2290.0 2256.0 2268.4425 221 247 167 0.0600938 0.109983 0.992115 
2230.0 2274.0 2268.1714 221 247 167 -0.0472716 -0.146427 0.988091 
2260.0 2265.0 2268.2375 221 247 167 -0.0139121 -0.084543 0.996323 
2260.0 2271.0 2267.8196000000003 220 247 168 0.0692258 0.146665 0.986761 
2190.0 2287.0 2268.1734 221 247 167 -0.0571291 -0.0974556 0.993599 
2260.0 2268.0 2268.272 221 247 167 0.0764743 0.101585 0.991883 
2200.0 2285.0 2268.1045 221 247 167 -0.027786 -0.118924 0.992514 
2260.0 2269.0 2268.2124000000003 221 247 167 0.0167854 0.13764 0.99034 
2230.0 2274.0 2268.2256 221 247 167 -0.0424066 -0.140973 0.989105 
2260.0 2272.0 2267.6694 220 247 168 0.0796345 0.150949 0.985329 
2200.0 2287.0 2268.2653 221 247 167 -0.0381025 -0.079471 0.996109 
2200.0 2285.0 2268.1769 221 247 167 -0.0356309 -0.0745009 0.996584 
2220.0 2282.0 2268.3872 221 247 167 0.0312492 0.0743516 0.996742 
2230.0 2275.0 2268.3287 221 247 167 -0.0415025 -0.113291 0.992695 
2240.0 2268.0 2267.6892000000003 220 247 167 -0.0519061 -0.141877 0.988523 
2290.0 2253.0 2268.1522 221 247 167 0.219118 -0.24668 0.944 
2200.0 2284.0 2268.09 221 247 167 -0.0490101 -0.128794 0.99046 
2260.0 2265.0 2268.2794 221 247 167 -0.0415295 -0.0521781 0.997774 
2190.0 2288.0 2268.2601 221 247 167 0.00966385 -0.0955647 0.995376 
2210.0 2283.0 2268.3297000000002 221 247 167 0.0361367 0.0886993 0.995403 
2240.0 2269.0 2267.7968 220 247 167 -0.0401692 -0.148052 0.988163 
2250.0 2268.0 2268.0506 221 247 167 -0.057544 -0.160888 0.985294 
2290.0 2254.0 2268.4327000000003 221 247 167 -0.0329501 -0.139754 0.989638 
2230.0 2275.0 2268.3691 221 247 167 -0.00525476 -0.0725157 0.997353 
2250.0 2269.0 2268.1724 221 247 167 -0.0471799 -0.143841 0.988476 
2260.0 2262.0 2268.062 221 247 167 -0.0542413 -0.137334 0.989039 
2200.0 2285.0 2268.194 221 247 167 -0.051601 -0.0757547 0.99579 
2240.0 2269.0 2267.8391 220 247 167 -0.0549887 -0.155606 0.986287 
2220.0 2274.0 2267.6775000000002 220 247 168 -0.0582369 -0.174711 0.982896 
2200.0 2288.0 2268.2803 221 247 167 -0.0149236 -0.00298473 0.999884 
2200.0 2286.0 2268.2105 221 247 167 0.0333357 -0.0720481 0.996844 
2260.0 2269.0 2268.1984 221 247 167 0.089554 0.146869 0.985094 
2240.0 2270.0 2267.9636 220 247 167 -0.0500717 -0.157202 0.986296 
2260.0 2263.0 2268.2083000000002 221 247 167 -0.043828 -0.115751 0.992311 
2290.0 2255.0 2268.4268 221 247 167 -0.0452371 0.0347169 0.998373 
2250.0 2269.0 2268.2326000000003 221 247 167 -0.0574537 -0.155946 0.986093 
2210.0 2283.0 2268.3065 221 247 167 0.00951511 0.0771781 0.996972 
2200.0 2286.0 2268.2127 221 247 167 -0.000987127 -0.00888415 0.99996 
2220.0 2275.0 2267.7898 220 247 168 -0.0651398 -0.164626 0.984203 
2260.0 2262.0 2268.1281 221 247 167 -0.0589768 -0.137613 0.988729 
2250.0 2270.0 2268.321 221 247 167 -0.0566713 -0.087785 0.994526 
2210.0 2284.0 2268.181 221 247 167 0.0523119 0.152286 0.986951 
2250.0 2270.0 2268.3902000000003 221 247 167 -0.0547512 -0.0483099 0.997331 
2200.0 2286.0 2268.2238 221 247 167 -0.034028 0.0216542 0.999186 
2290.0 2256.0 2268.2042 221 247 167 0.122354 0.198037 0.972528 
2280.0 2255.0 2267.7533000000003 220 247 167 -0.0429018 -0.156533 0.98674 
2210.0 2284.0 2268.1584000000003 221 247 167 0.0214362 0.143284 0.989449 
2220.0 2275.0 2267.8912 220 248 168 -0.0718545 -0.196078 0.977952 
2260.0 2270.0 2268.1436000000003 221 247 167 0.0764413 0.18807 0.979176 
2200.0 2284.0 2268.1386 221 247 167 -0.0517195 -0.134471 0.989567 
2250.0 2268.0 2268.1138 221 247 167 -0.0528197 -0.165502 0.984794 
2280.0 2255.0 2267.8001 220 247 167 -0.0476388 -0.156859 0.986471 
2200.0 2285.0 2267.9976 221 247 167 -0.0477306 -0.15949 0.986045 
2260.0 2270.0 2268.0681 221 247 167 0.0627559 0.166954 0.983965 
2240.0 2271.0 2268.1420000000003 220 247 167 -0.0496852 -0.146745 0.987926 
2280.0 2256.0 2267.9854 220 247 167 -0.0405568 -0.161068 0.98611 
2250.0 2268.0 2268.1726 221 247 167 -0.052515 -0.157545 0.986114 
2230.0 2274.0 2268.2547 221 247 167 -0.0163072 -0.101105 0.994742 
2260.0 2270.0 2268.0175 221 247 167 0.0534521 0.179361 0.98233 
2290.0 2257.0 2268.1358 221 247 167 0.0705918 0.173488 0.982303 
2200.0 2285.0 2268.0344 221 247 167 -0.0453903 -0.161776 0.985783 
2250.0 2269.0 2268.3005000000003 221 247 167 -0.0350944 -0.132453 0.990568 
2200.0 2285.0 2268.2806 221 247 167 -0.0606294 -0.0738576 0.995424 
2250.0 2269.0 2268.35 221 247 167 -0.0390885 -0.112798 0.992849 
2250.0 2268.0 2268.2385 221 247 167 -0.0520075 -0.144465 0.988142 
2250.0 2268.0 2268.2815 221 247 167 -0.0372104 -0.127418 0.991151 
2230.0 2274.0 2268.2795 221 247 167 -0.0398015 -0.0634673 0.99719 
2290.0 2258.0 2268.0662 221 247 167 0.117799 0.144516 0.982466 
2280.0 2255.0 2267.8649 221 247 167 -0.0553095 -0.163575 0.984979 
2200.0 2285.0 2268.3442 221 247 167 -0.00727111 -0.0592076 0.998219 
2260.0 2270.0 2267.9427 221 247 167 0.0762945 0.185287 0.979718 
2220.0 2273.0 2267.6719000000003 220 247 168 -0.0452325 -0.154254 0.986995 
2290.0 2258.0 2267.9604 221 247 167 0.0711381 0.184477 0.980259 
2200.0 2286.0 2268.3079000000002 221 247 167 -0.0457948 0.0457948 0.997901 
2230.0 2275.0 2268.3360000000002 221 247 167 0.009223 -0.0399663 0.999159 
2290.0 2257.0 2268.0016 221 247 167 0.148735 0.179244 0.972496 
2220.0 2283.0 2268.2903 221 247 167 0.0232915 0.118676 0.99266 
2290.0 2258.0 2267.9701 221 247 167 0.139939 0.175239 0.97453 
2250.0 2270.0 2268.4419000000003 221 247 167 -0.015867 -0.0687571 0.997507 
2230.0 2275.0 2268.3275000000003 221 247 167 0.00696442 -0.0129339 0.999892 
2260.0 2263.0 2268.2631 221 247 167 -0.0476794 -0.0920323 0.994614 
2290.0 2259.0 2268.3053 221 247 167 0.0597905 0.155924 0.985958 
2200.0 2286.0 2268.1654000000003 221 247 167 -0.0487216 -0.121237 0.991427 
2220.0 2274.0 2267.7436000000002 220 247 168 -0.0531461 -0.171249 0.983793 
2200.0 2286.0 2268.3348 221 247 167 -0.0199811 0.0599432 0.998002 
2250.0 2263.0 2267.6616 221 247 167 -0.0546682 -0.14772 0.987517 
2290.0 2259.0 2268.2386 221 247 167 0.0622632 0.211206 0.975456 
2260.0 2265.0 2268.3340000000003 221 247 167 -0.0239069 -0.0405378 0.998892 
2290.0 2259.0 2268.1102 221 247 167 0.0756862 0.224577 0.971513 
2200.0 2287.0 2268.2504 221 247 167 0.0722028 0.0334073 0.99683 
2220.0 2275.0 2267.9405 220 248 168 -0.0314848 -0.180746 0.983026 
2270.0 2258.0 2267.6662 219 247 168 -0.0695235 -0.149652 0.986291 
2250.0 2263.0 2267.7216000000003 221 247 167 -0.0638764 -0.138205 0.988342 
2200.0 2287.0 2268.1721000000002 221 247 167 0.0394826 0.054422 0.997737 
2230.0 2276.0 2268.2801 221 247 167 -0.0318742 -0.0978207 0.994694 
2260.0 2265.0 2268.3321 221 247 167 -0.0194736 -0.0317728 0.999305 
2200.0 2286.0 2268.2283 221 247 167 -0.0415735 -0.117979 0.992145 
2200.0 2287.0 2268.1643 221 247 167 -0.00312758 0.0677641 0.997696 
2280.0 2255.0 2267.9199000000003 221 247 167 -0.0625368 -0.159292 0.985249 
2200.0 2285.0 2268.0988 221 247 167 -0.0309655 -0.154828 0.987456 
2200.0 2286.0 2268.254 221 247 167 -0.0120234 -0.112583 0.99357 
2220.0 2283.0 2268.2255 221 247 167 0.0676819 0.162674 0.984356 
2200.0 2287.0 2268.2586 221 247 167 -0.0247229 -0.080618 0.996438 
2200.0 2287.0 2268.2856 221 247 167 -0.0238099 -0.038303 0.998982 
2220.0 2284.0 2268.116 221 247 167 0.0566534 0.139899 0.988544 
2220.0 2276.0 2267.8302000000003 221 247 167 -0.0616842 -0.140826 0.988111 
2250.0 2265.0 2267.8299 221 247 167 -0.0404793 -0.158447 0.986537 
2220.0 2284.0 2268.0346 221 247 167 0.0886585 0.133579 0.987064 
2230.0 2276.0 2268.2881 221 247 167 -0.0114507 -0.0572536 0.998294 
2260.0 2266.0 2268.329 221 247 167 -0.0031892 -0.0882346 0.996095 
2220.0 2276.0 2267.8906 221 247 167 -0.064255 -0.146034 0.987191 
2230.0 2277.0 2268.3315000000002 221 247 167 -0.026982 -0.0831046 0.996175 
2200.0 2287.0 2268.192 221 247 167 -0.00977622 0.109711 0.993915 
2290.0 2260.0 2267.9824000000003 221 247 167 0.101642 0.209558 0.972499 
2280.0 2256.0 2268.0476 221 247 167 -0.0603966 -0.166979 0.984109 
2200.0 2288.0 2268.3417 221 247 167 -0.00703312 0.0231088 0.999708 
2200.0 2287.0 2268.1747 221 247 167 0.0216333 0.158264 0.98716 
2220.0 2277.0 2267.9963000000002 221 247 167 -0.0593253 -0.145405 0.987592 
2230.0 2277.0 2268.3445 221 247 167 0.0112281 -0.0357257 0.999299 
2200.0 2288.0 2268.2925 221 247 167 0.025881 0.0362335 0.999008 
2250.0 2265.0 2267.8776000000003 221 247 167 -0.0550956 -0.158253 0.98586 
2220.0 2277.0 2268.0604000000003 221 247 167 -0.0542413 -0.137334 0.989039 
2200.0 2285.0 2268.3044 221 247 167 0.00731474 -0.0637427 0.99794 
2270.0 2258.0 2267.7461000000003 219 247 168 -0.0596742 -0.153281 0.986379 
2260.0 2266.0 2268.3038 221 247 167 0.0429624 -0.0303881 0.998614 
2230.0 2277.0 2268.3162 221 247 167 0.0294861 0.0132179 0.999478 
2280.0 2256.0 2268.1102 221 247 167 -0.0504783 -0.165522 0.984913 
2220.0 2276.0 2267.9888 221 247 167 -0.0952688 -0.157977 0.982836 
2250.0 2263.0 2267.7997 221 247 167 -0.0588607 -0.135033 0.989091 
2200.0 2287.0 2268.344 221 247 167 0.0192822 -0.0192822 0.999628 
2260.0 2266.0 2268.2801 221 247 167 0.0029498 0.00491634 0.999984 
2230.0 2276.0 2268.3311000000003 221 247 167 -0.05713 -0.0506625 0.99708 
2210.0 2285.0 2268.4022 221 247 167 0.00953363 0.0794469 0.996794 
2280.0 2257.0 2268.1483000000003 221 247 167 -0.0596742 -0.153281 0.986379 
2290.0 2260.0 2267.8801000000003 221 247 167 0.0599891 0.221592 0.973292 
2280.0 2258.0 2268.3298 221 247 167 -0.0682719 -0.128444 0.989364 
2210.0 2285.0 2268.2998000000002 221 247 167 -0.00688282 -0.00098326 0.999976 
2260.0 2263.0 2267.8528 221 247 167 -0.0469965 -0.138697 0.989219 
2230.0 2276.0 2268.4208000000003 221 247 167 -0.04062 -0.0260385 0.998835 
2250.0 2265.0 2267.9488 221 247 167 -0.0594416 -0.148021 0.987196 
2200.0 2286.0 2268.3267 221 247 167 0.0313682 0.0811246 0.99621 
2260.0 2265.0 2268.0117 221 247 167 -0.052515 -0.157545 0.986114 
2260.0 2260.0 2267.6606 220 247 168 -0.0301399 -0.119443 0.992383 
2290.0 2261.0 2267.7244 220 247 167 0.143873 0.216457 0.965633 
2280.0 2257.0 2268.243 221 247 167 -0.0704837 -0.168444 0.983188 
2220.0 2276.0 2268.1094000000003 221 247 167 -0.0858976 -0.173005 0.981168 
2250.0 2266.0 2268.0 221 247 167 -0.0501684 -0.159839 0.985868 
2260.0 2260.0 2267.6861 220 247 168 -0.0468275 -0.131345 0.99023 
2250.0 2266.0 2268.0601 221 247 167 -0.0553095 -0.163575 0.984979 
2280.0 2257.0 2268.3021 221 247 167 -0.0455821 -0.164797 0.985274 
2260.0 2267.0 2268.2753000000002 221 247 167 0.0669806 0.0603924 0.995925 
2220.0 2277.0 2268.1191 221 247 167 -0.0973479 -0.113768 0.988727 
2200.0 2288.0 2268.2871 221 247 167 0.0522183 0.0922152 0.994369 
2280.0 2258.0 2268.4286 221 247 167 -0.0511852 -0.0664318 0.996477 
2230.0 2277.0 2268.2787000000003 221 247 167 -0.00745849 0.0863054 0.996241 
2290.0 2259.0 2267.7090000000003 220 247 167 0.0818075 0.237871 0.967846 
2260.0 2267.0 2268.241 221 247 167 0.0270401 0.0832836 0.996159 
2250.0 2267.0 2268.1715 221 247 167 -0.0497019 -0.144482 0.988258 
2260.0 2266.0 2268.2932 221 247 167 -0.0133751 0.0421831 0.99902 
2200.0 2282.0 2267.7128000000002 221 247 167 -0.0515163 -0.129363 0.990258 
2280.0 2258.0 2268.4757 221 247 167 -0.00308566 -0.0503991 0.998724 
2210.0 2285.0 2268.3058 221 247 167 0.0621325 0.100542 0.992991 
2230.0 2277.0 2268.3793 221 247 167 -0.00788311 0.156536 0.987641 
2200.0 2282.0 2267.7568 221 247 167 -0.0447959 -0.141279 0.988956 
2250.0 2267.0 2268.2312 221 247 167 -0.054224 -0.139598 0.988722 
2200.0 2281.0 2267.6546000000003 221 247 167 -0.0568758 -0.145091 0.987782 
2250.0 2266.0 2268.1227 221 247 167 -0.0550751 -0.160538 0.985492 
2210.0 2285.0 2268.2688000000003 221 247 167 0.0456387 0.0990694 0.994033 
2260.0 2266.0 2268.188 221 247 167 -0.0425715 -0.146124 0.98835 
2290.0 2259.0 2267.6569 220 247 167 0.0380099 0.155495 0.987105 
2200.0 2281.0 2267.7097000000003 221 247 167 -0.0594416 -0.148021 0.987196 
2230.0 2279.0 2268.1447000000003 221 247 167 0.100931 0.127054 0.986747 
2250.0 2267.0 2268.293 221 247 167 -0.0467218 -0.131049 0.990274 
2280.0 2255.0 2267.9988000000003 221 247 167 -0.0575656 -0.158599 0.985664 
2200.0 2282.0 2267.8163 221 247 167 -0.0594619 -0.14574 0.987534 
2230.0 2279.0 2268.0646 221 247 166 0.024563 0.190656 0.98135 
2260.0 2263.0 2267.8997 221 247 167 -0.0448832 -0.143856 0.98858 
2210.0 2286.0 2268.2455 221 247 167 0.0472985 0.0824974 0.995468 
2200.0 2283.0 2267.8603000000003 221 247 167 -0.0521265 -0.144796 0.988087 
2260.0 2266.0 2268.3203000000003 221 247 167 -0.0301432 0.0363797 0.998883 
2220.0 2277.0 2268.3188 221 247 167 -0.102671 -0.0865203 0.990946 
2210.0 2285.0 2268.3464 221 247 167 -0.0369698 0.0475326 0.998185 
2260.0 2259.0 2267.6588 220 247 168 -0.0443603 -0.128531 0.990713 
2210.0 2286.0 2268.2024 221 247 167 0.00788031 0.158732 0.98729 
2200.0 2283.0 2267.9108 221 247 167 -0.0499929 -0.152304 0.987068 
2230.0 2280.0 2268.0009 221 247 167 0.112506 0.14154 0.983519 
2220.0 2279.0 2268.1538 221 247 167 -0.0472874 -0.144169 0.988423 
2210.0 2286.0 2268.2254000000003 221 247 167 0.0166527 0.129891 0.991388 
2200.0 2283.0 2267.9762 221 247 167 -0.0619276 -0.146056 0.987336 
2280.0 2255.0 2268.0595000000003 221 247 167 -0.0549887 -0.155606 0.986287 
2260.0 2260.0 2267.7542000000003 220 248 168 -0.049121 -0.129085 0.990416 
2200.0 2287.0 2268.1322 221 247 167 0.0268127 0.183026 0.982742 
2290.0 2260.0 2267.6383 220 247 167 0.000998737 0.0229709 0.999736 
2220.0 2279.0 2268.2026 221 247 167 -0.0369932 -0.119948 0.992091 
2260.0 2267.0 2268.2035 221 247 167 -0.00108343 0.11376 0.993508 
2230.0 2276.0 2268.3946 221 247 167 0.0170139 -0.00900734 0.999815 
2260.0 2263.0 2267.954 221 247 167 -0.0495081 -0.139313 0.98901 
2260.0 2260.0 2267.7928 220 247 168 -0.054348 -0.139917 0.988671 
2220.0 2280.0 2268.3077000000003 221 247 167 -0.0392526 -0.115515 0.99253 
2280.0 2262.0 2268.1658 220 247 168 0.0543302 0.142183 0.988348 
2200.0 2281.0 2267.7848 221 247 167 -0.0590929 -0.140201 0.988358 
2280.0 2263.0 2268.0697 220 247 168 0.0390117 0.110347 0.993127 
2260.0 2265.0 2268.0656 221 247 167 -0.0404017 -0.155835 0.986956 
2280.0 2263.0 2268.0195000000003 220 247 168 0.0588607 0.135033 0.989091 
2260.0 2267.0 2268.2691 221 247 167 -0.0055328 0.13832 0.990372 
2210.0 2287.0 2268.123 221 247 167 0.043893 0.188621 0.981068 
2220.0 2280.0 2268.3422 221 247 167 0.00104642 -0.0742956 0.997236 
2260.0 2261.0 2267.7911 220 247 168 -0.0400918 -0.145476 0.988549 
2210.0 2287.0 2268.0375 221 247 167 0.0410997 0.179664 0.982869 
2210.0 2286.0 2268.1763 221 247 167 0.0476388 0.156859 0.986471 
2270.0 2265.0 2268.3607 221 247 167 -0.0296046 -0.0173544 0.999411 
2210.0 2287.0 2268.0347 221 247 167 0.0124614 0.161998 0.986712 
2280.0 2262.0 2268.1205 220 247 168 0.0517195 0.134471 0.989567 
2230.0 2276.0 2268.3421000000003 221 247 167 0.0217388 0.040372 0.998948 
2210.0 2286.0 2268.1193000000003 221 247 167 0.0547557 0.152617 0.986767 
2190.0 2289.0 2267.6453 220 247 167 -0.292619 -0.144287 0.945281 
2280.0 2256.0 2268.1736 221 247 167 -0.0523119 -0.152286 0.986951 
2230.0 2277.0 2268.3197 221 247 167 0.0446075 0.138398 0.989372 
2270.0 2265.0 2268.3775 221 247 167 -0.000998737 0.0229709 0.999736 
2230.0 2277.0 2268.2523 221 247 167 0.0586461 0.127642 0.990085 
2210.0 2285.0 2268.2127 221 247 167 0.0631384 0.120537 0.990699 
2190.0 2289.0 2267.9408000000003 220 247 167 -0.240725 -0.166246 0.95625 
2230.0 2276.0 2268.3758000000003 221 247 167 0.029317 0.0879511 0.995693 
2270.0 2263.0 2268.4395 222 247 167 -0.0322246 -0.0322246 0.998961 
2260.0 2265.0 2268.1052 221 247 167 -0.0473633 -0.149021 0.987699 
2230.0 2276.0 2268.2929 221 247 167 0.0428829 0.0890644 0.995102 
2190.0 2289.0 2268.1972 221 247 167 -0.220745 -0.0860532 0.971528 
2230.0 2277.0 2268.1379 221 247 167 0.0524134 0.154911 0.986537 
2260.0 2263.0 2268.0137 221 247 167 -0.0592091 -0.142798 0.987979 
2220.0 2279.0 2268.2546 221 247 167 -0.0335406 -0.0768188 0.996481 
2280.0 2263.0 2267.9538000000002 220 247 168 0.0376582 0.140362 0.989384 
2230.0 2277.0 2268.1327 221 247 167 0.0261536 0.151236 0.988152 
2210.0 2285.0 2268.1075 221 247 167 0.0945109 0.14715 0.984589 
2280.0 2256.0 2268.2294 221 247 167 -0.0521265 -0.144796 0.988087 
2230.0 2279.0 2268.0640000000003 221 247 167 0.00115774 0.207235 0.97829 
2210.0 2286.0 2268.0571 221 247 167 0.0772438 0.153299 0.985156 
2280.0 2265.0 2267.976 220 247 168 0.034948 0.129646 0.990944 
2230.0 2279.0 2268.0939000000003 221 247 167 0.0124893 0.162361 0.986652 
2260.0 2265.0 2268.1727 221 247 167 -0.0472716 -0.146427 0.988091 
2280.0 2265.0 2267.8531000000003 220 247 168 0.0902369 0.16002 0.982981 
2220.0 2279.0 2268.3025000000002 221 247 167 -0.0523433 -0.00102634 0.998629 
2270.0 2265.0 2268.38 221 247 167 0.00317691 0.0836585 0.996489 
2280.0 2255.0 2268.1182 221 247 167 -0.0428861 -0.158794 0.98638 
2280.0 2265.0 2267.8084 220 247 168 0.0480981 0.170103 0.984252 
2190.0 2289.0 2268.4457 221 247 167 -0.0278962 0.032029 0.999098 
2220.0 2280.0 2268.3075 221 247 167 0.017321 -0.0254721 0.999525 
2270.0 2265.0 2268.4033 222 247 167 0.02082 0.108483 0.99388 
2260.0 2261.0 2267.841 220 248 168 -0.0498958 -0.149688 0.987474 
2220.0 2280.0 2268.2822 221 247 167 0.0131659 0.025319 0.999593 
2280.0 2256.0 2268.2869 221 247 167 -0.0470882 -0.141264 0.988851 
2230.0 2279.0 2268.0325000000003 221 247 167 0.0565422 0.137317 0.988912 
2260.0 2266.0 2268.2347 221 247 167 -0.034948 -0.129646 0.990944 
2280.0 2262.0 2268.0283 220 248 168 0.0585129 0.127352 0.99013 
2260.0 2261.0 2267.8982 220 247 168 -0.0569871 -0.147701 0.987389 
2210.0 2286.0 2267.9122 221 247 167 0.0757194 0.126976 0.989012 
2260.0 2266.0 2268.2703 221 247 167 -0.043926 -0.11601 0.992276 
2220.0 2276.0 2268.1561 221 247 167 -0.0220825 -0.18712 0.982089 
2260.0 2266.0 2268.3453 221 247 167 -0.0273022 -0.0971957 0.994891 
2260.0 2261.0 2267.9682000000003 220 248 168 -0.0621712 -0.151322 0.986527 
2240.0 2272.0 2268.0986000000003 221 247 167 -0.0471954 -0.141586 0.9888 
2210.0 2287.0 2267.9866 221 247 167 0.0471799 0.143841 0.988476 
2250.0 2268.0 2268.3328 221 247 167 -0.0387817 -0.103049 0.99392 
2250.0 2268.0 2268.3752 221 247 167 -0.0384074 -0.0888858 0.995301 
2250.0 2268.0 2268.4166 221 247 167 -0.0264569 -0.0582052 0.997954 
2240.0 2272.0 2268.1435 221 247 167 -0.0423106 -0.140654 0.989154 
2190.0 2289.0 2268.3305 221 247 167 0.078433 0.0563392 0.995326 
2270.0 2259.0 2267.7112 220 247 167 -0.0520247 -0.142201 0.98847 
2210.0 2287.0 2267.9343 221 247 167 0.065292 0.165011 0.984128 
2240.0 2273.0 2268.2437 221 247 167 -0.0460031 -0.108837 0.992995 
2280.0 2257.0 2268.3321 221 247 167 -0.0234204 -0.128255 0.991465 
2200.0 2289.0 2268.2235 221 247 167 0.0696354 0.154614 0.985518 
2240.0 2273.0 2268.2871 221 247 167 -0.0318672 -0.0999972 0.994477 
2190.0 2290.0 2268.1378 221 247 167 0.114528 0.240637 0.963835 
2210.0 2287.0 2267.8607 221 247 167 0.0536322 0.187117 0.980873 
2270.0 2259.0 2267.754 220 247 167 -0.0546493 -0.149995 0.987175 
2280.0 2257.0 2268.3798 221 247 167 -0.0387137 -0.0984434 0.994389 
2240.0 2272.0 2268.1979 221 247 167 -0.0446215 -0.136153 0.989682 
2280.0 2263.0 2267.936 220 248 168 0.0419949 0.128255 0.990852 
2210.0 2287.0 2267.8349000000003 221 247 167 0.0696606 0.152309 0.985875 
2200.0 2290.0 2267.9612 221 247 167 0.0714897 0.24457 0.966993 
2210.0 2285.0 2267.9825 220 247 167 0.0587625 0.130199 0.989745 
2240.0 2272.0 2268.2382000000002 221 247 167 -0.0373555 -0.132442 0.990487 
2210.0 2285.0 2267.9811 220 247 167 0.00996471 0.13397 0.990935 
2210.0 2286.0 2267.893 220 247 167 0.0464476 0.123483 0.991259 
2210.0 2286.0 2267.8607 220 247 167 0.0403242 0.153232 0.987367 
2220.0 2285.0 2267.9779000000003 220 247 167 0.0330664 0.147088 0.988571 
2240.0 2273.0 2268.3237 221 247 167 -0.0359934 -0.0839845 0.995817 
2190.0 2292.0 2267.7639 221 247 167 0.0936846 0.310083 0.946082 
2270.0 2257.0 2267.6827000000003 220 247 168 -0.0451451 -0.151641 0.987404 
2200.0 2292.0 2267.675 221 247 167 -0.00113079 0.173011 0.984919 
2200.0 2293.0 2267.6614 221 247 167 -0.0071029 0.0314557 0.99948 
2200.0 2289.0 2268.2193 221 247 167 0.00114117 0.186011 0.982547 
2200.0 2289.0 2268.206 221 247 167 0.0482094 0.170497 0.984178 
2200.0 2290.0 2267.9353 221 247 167 -0.0174198 0.191618 0.981315 
2200.0 2290.0 2267.9287 221 247 167 0.057412 0.221097 0.97356 
2200.0 2289.0 2268.1006 221 247 167 0.0744184 0.198856 0.977199 
2270.0 2266.0 2268.3496 221 247 167 0.0136405 0.0640055 0.997856 
2270.0 2266.0 2268.2895000000003 221 247 167 0.0536026 0.122031 0.991078 
2240.0 2273.0 2268.3848000000003 221 247 167 -0.0242392 -0.0579634 0.998024 
2270.0 2267.0 2268.2266 222 247 167 0.0700452 0.162647 0.984195 
2240.0 2274.0 2268.3314 221 247 167 -0.0456977 -0.0456977 0.99791 
2240.0 2274.0 2268.3826 221 247 167 -0.0218685 -0.0468611 0.998662 
2240.0 2275.0 2268.3462 221 247 167 -0.0335504 0.00915011 0.999395 
2240.0 2275.0 2268.3888 221 247 167 0.00102435 0.050193 0.998739 
2270.0 2267.0 2268.1229000000003 222 247 167 0.09906 0.174884 0.979593 
2240.0 2274.0 2268.3806 221 247 167 0.00703312 -0.0231088 0.999708 
2240.0 2274.0 2268.3638 221 247 167 0.0153426 0.0337536 0.999312 
2270.0 2266.0 2268.2244 221 247 167 0.0534521 0.179361 0.98233 
2240.0 2275.0 2268.3446 221 247 167 0.0531646 0.114247 0.992029 
2280.0 2265.0 2267.739 220 248 168 0.0536322 0.187117 0.980873 
2270.0 2266.0 2268.2073 221 247 167 0.0420279 0.212541 0.976248 
2270.0 2267.0 2267.9779000000003 221 247 167 0.0788889 0.185692 0.979436 
2280.0 2265.0 2267.6644 220 248 168 0.0664037 0.191967 0.979152 
2270.0 2267.0 2267.8859 221 247 167 0.0458256 0.175077 0.983488 
2280.0 2266.0 2267.8212000000003 220 247 168 0.0604889 0.171978 0.983242 
2260.0 2268.0 2268.1558 221 247 167 0.087587 0.11795 0.989149 
2220.0 2277.0 2268.3406 221 247 167 -0.00105655 -0.0855809 0.996331 
2270.0 2258.0 2267.7992 220 247 168 -0.0478225 -0.16213 0.98561 
2260.0 2268.0 2268.1118 221 247 167 0.0500717 0.157202 0.986296 
2220.0 2285.0 2267.9284000000002 220 247 167 0.0633909 0.125629 0.99005 
2220.0 2277.0 2268.2792 221 247 167 0.00953521 -0.0773411 0.996959 
2200.0 2290.0 2267.847 221 247 167 0.0472144 0.219123 0.974554 
2270.0 2258.0 2267.8472 220 247 168 -0.0451291 -0.153902 0.987055 
2260.0 2269.0 2267.9907000000003 221 247 167 0.113653 0.155203 0.981323 
2270.0 2257.0 2267.7372 220 247 168 -0.0474551 -0.151625 0.987298 
2200.0 2292.0 2267.8283 221 247 167 0.0124148 0.156878 0.98754 
2270.0 2257.0 2267.7853 220 247 168 -0.065165 -0.16232 0.984584 
2220.0 2277.0 2268.311 221 247 167 -0.0246742 -0.0783138 0.996623 
2200.0 2292.0 2267.6575000000003 221 247 167 0.127582 0.228101 0.965242 
2260.0 2269.0 2267.8942 221 247 167 0.0703185 0.168049 0.983267 
2200.0 2293.0 2267.6404 221 247 167 -0.0431396 0.0962345 0.994423 
2270.0 2258.0 2267.9005 220 247 168 -0.0577893 -0.163933 0.984777 
2280.0 2258.0 2268.4132 221 247 167 -0.00699205 -0.014983 0.999863 
2260.0 2268.0 2268.0568000000003 221 247 167 0.0356964 0.157755 0.986833 
2280.0 2266.0 2267.6826 220 247 168 0.120678 0.177907 0.97662 
2240.0 2275.0 2268.2732 221 247 167 0.0441864 0.123495 0.991361 
2280.0 2258.0 2268.4744 221 247 167 -0.0169129 -0.00298463 0.999852 
2260.0 2268.0 2268.0367 221 247 167 0.012723 0.188532 0.981985 
2240.0 2272.0 2268.2885 221 247 167 -0.043828 -0.115751 0.992311 
2270.0 2259.0 2268.0144 221 247 167 -0.0454773 -0.164418 0.985342 
2260.0 2269.0 2267.8529000000003 221 247 167 0.0362569 0.176606 0.983614 
2220.0 2286.0 2267.7866 220 247 167 0.050652 0.173159 0.983591 
2240.0 2273.0 2268.3744 221 247 167 -0.00906105 -0.0211424 0.999735 
2280.0 2265.0 2267.6523 220 248 168 -0.00561838 0.156191 0.987711 
2220.0 2286.0 2267.7523 220 247 167 0.0582369 0.174711 0.982896 
2260.0 2269.0 2267.8105 221 247 167 0.0337015 0.173156 0.984318 
2210.0 2287.0 2267.7193 220 247 167 0.0687382 0.184508 0.980424 
2210.0 2287.0 2267.6779 220 247 167 0.0459997 0.18046 0.982506 
2270.0 2259.0 2268.1003 221 247 167 -0.0850836 -0.203461 0.975379 
2240.0 2273.0 2268.416 221 247 167 -0.0233879 0.0172867 0.999577 
2280.0 2257.0 2268.4326 221 247 167 -0.0359867 -0.08615 0.995632 
2240.0 2273.0 2268.4319 221 246 166 0.00890162 0.00494534 0.999948 
2220.0 2281.0 2268.3779 221 247 167 0.0211847 -0.0110967 0.999714 
2240.0 2274.0 2268.3296 221 247 167 0.0289185 0.0696187 0.997154 
2220.0 2281.0 2268.3285 221 247 167 0.0481146 0.0502531 0.997577 
2240.0 2274.0 2268.3072 221 247 167 0.00534612 0.0951609 0.995448 
2220.0 2282.0 2268.2967000000003 221 247 167 0.0621183 0.102777 0.992763 
2240.0 2275.0 2268.2277 221 247 167 0.037221 0.125198 0.991433 
2220.0 2279.0 2268.3385000000003 221 247 167 -0.0215668 0.0318367 0.99926 
2280.0 2258.0 2268.4488 221 247 167 0.00911475 0.0273443 0.999584 
2260.0 2270.0 2267.8417 220 247 167 0.105645 0.154217 0.982373 
2220.0 2279.0 2268.3469 221 247 167 0.00690992 0.00493566 0.999964 
2260.0 2270.0 2267.7319 220 247 167 0.0697978 0.154975 0.98545 
2220.0 2280.0 2268.2733000000003 221 247 167 -0.00313364 0.0699847 0.997543 
2220.0 2282.0 2268.2339 221 247 167 0.054664 0.0948253 0.993992 
2240.0 2275.0 2268.176 221 247 167 0.0546682 0.14772 0.987517 
2220.0 2280.0 2268.2983 221 247 167 0.01424 0.112825 0.993513 
2220.0 2281.0 2268.2743 221 247 167 0.0465358 0.066016 0.996733 
2280.0 2259.0 2268.3785000000003 221 247 167 0.0223968 0.0714566 0.997192 
2220.0 2281.0 2268.2103 221 247 167 0.0497016 0.085045 0.995137 
2220.0 2279.0 2268.3338000000003 221 247 167 -0.0211847 0.0110967 0.999714 
2220.0 2282.0 2268.176 221 247 167 0.0551035 0.104584 0.992988 
2280.0 2259.0 2268.3847 221 247 167 0.00972209 0.100462 0.994893 
2260.0 2270.0 2267.6745 221 247 167 0.0381696 0.158462 0.986627 
2240.0 2274.0 2268.3142000000003 221 247 167 0.0475469 0.154238 0.986889 
2260.0 2270.0 2267.6547 221 247 167 0.0192109 0.148037 0.988795 
2220.0 2282.0 2268.11 221 247 167 0.0717537 0.103644 0.992023 
2240.0 2275.0 2268.0771 221 247 167 0.0943569 0.180136 0.979106 
2280.0 2259.0 2268.3340000000003 221 247 167 0.0321812 0.112079 0.993178 
2270.0 2268.0 2267.9970000000003 220 247 167 0.0466082 0.199579 0.978773 
2240.0 2276.0 2268.2859000000003 221 247 167 0.0119771 0.107794 0.994101 
2220.0 2280.0 2268.2582 221 247 167 0.0303662 0.131587 0.990839 
2240.0 2276.0 2268.2364000000002 221 247 167 0.0600459 0.158945 0.98546 
2220.0 2283.0 2268.1474000000003 221 247 167 0.0681817 0.175837 0.982055 
2240.0 2276.0 2268.1607 221 247 167 0.0606053 0.174686 0.982757 
2220.0 2283.0 2268.1155 221 247 167 0.0378773 0.148066 0.988252 
2240.0 2276.0 2268.0943 221 247 167 0.0460191 0.178177 0.982922 
2220.0 2284.0 2267.9002 221 247 167 0.0447959 0.141279 0.988956 
2240.0 2277.0 2267.869 221 247 167 0.0439755 0.191353 0.980536 
2220.0 2284.0 2267.9332 221 247 167 0.0336512 0.168256 0.985169 
2210.0 2281.0 2268.0429 221 247 167 -0.0590929 -0.140201 0.988358 
2220.0 2283.0 2268.0426 221 247 167 0.0562091 0.129625 0.989969 
2240.0 2279.0 2267.6787 220 247 167 0.0363781 0.184237 0.982208 
2220.0 2283.0 2267.9889000000003 221 247 167 0.0758715 0.129565 0.988664 
2210.0 2281.0 2268.0999 221 247 167 -0.0423106 -0.140654 0.989154 
2220.0 2284.0 2267.8997 221 247 167 0.0483939 0.175871 0.983223 
2240.0 2276.0 2268.0689 220 247 167 0.031143 0.162636 0.986195 
2270.0 2268.0 2267.9076 220 247 167 0.083005 0.164807 0.982827 
2240.0 2276.0 2268.0268 220 247 167 0.0699349 0.15765 0.985016 
2210.0 2281.0 2268.134 221 247 167 -0.0328228 -0.134687 0.990344 
2240.0 2277.0 2267.8694 220 247 167 0.0268509 0.187957 0.98181 
2240.0 2277.0 2267.8174 220 247 167 0.0411169 0.17739 0.983281 
2240.0 2276.0 2267.9009 220 247 167 0.0915544 0.141493 0.985696 
2240.0 2277.0 2267.7516 220 247 167 0.0635172 0.128189 0.989714 
2270.0 2269.0 2267.7605000000003 220 247 167 0.0264125 0.16192 0.98645 
2220.0 2284.0 2267.8307 221 247 167 0.0633629 0.180525 0.981527 
2240.0 2279.0 2267.6432 220 247 167 0.031838 0.196924 0.979902 
2220.0 2281.0 2268.1516 220 247 167 0.0440873 0.123218 0.9914 
2240.0 2279.0 2267.6448 220 247 167 0.00107494 0.106419 0.994321 
2270.0 2268.0 2267.8176000000003 220 247 167 0.071467 0.139419 0.987651 
2220.0 2281.0 2268.1079 220 247 167 0.0456695 0.167455 0.984821 
2230.0 2281.0 2267.8408 220 247 167 0.108521 0.157295 0.981571 
2270.0 2268.0 2267.7714 220 247 167 0.025065 0.0969905 0.99497 
2220.0 2282.0 2268.0173 220 247 167 0.0908199 0.130922 0.987224 
2220.0 2282.0 2267.8971 220 247 167 0.0575656 0.158599 0.985664 
2220.0 2281.0 2268.0819 221 247 167 0.0386816 0.176998 0.983451 
2270.0 2270.0 2267.6435 220 247 167 0.0279558 0.124124 0.991873 
2220.0 2282.0 2267.8659000000002 221 247 167 0.0311312 0.16488 0.985822 
2220.0 2283.0 2267.8765000000003 220 247 167 0.101311 0.134684 0.985696 
2220.0 2283.0 2267.7703 220 247 167 0.0862567 0.138247 0.986634 
2220.0 2284.0 2267.7321 220 247 167 0.0947341 0.147497 0.984515 
2220.0 2283.0 2267.659 220 247 167 0.0264125 0.16192 0.98645 
2270.0 2263.0 2268.1719000000003 221 247 167 0.0382428 0.161083 0.9862 
2220.0 2285.0 2267.8484000000003 220 247 168 0.0832378 0.127788 0.988302 
2220.0 2285.0 2267.7186 220 247 168 0.0996894 0.180918 0.978433 
2270.0 2265.0 2268.0223 221 247 167 0.0372829 0.129925 0.990823 
2220.0 2286.0 2267.6600000000003 220 248 168 0.0813728 0.180964 0.980118 
2270.0 2267.0 2267.8619 221 247 167 0.0271123 0.199217 0.97958 
2270.0 2267.0 2267.8543 221 247 167 0.0570065 0.145425 0.987726 
2230.0 2272.0 2267.6348000000003 220 247 167 -0.0493144 -0.134181 0.989729 
2270.0 2266.0 2267.8829 221 247 167 0.0471033 0.139012 0.98917 
2230.0 2272.0 2267.6878 220 247 167 -0.0516179 -0.131912 0.989917 
2270.0 2267.0 2267.7475 221 247 167 0.0539217 0.129641 0.990094 
2230.0 2272.0 2267.7439 220 247 167 -0.0469965 -0.138697 0.989219 
2270.0 2263.0 2268.1087 221 247 167 0.0382284 0.163339 0.985829 
2280.0 2263.0 2268.1127 221 247 167 0.0166894 0.130177 0.99135 
2270.0 2265.0 2267.9632 221 247 167 0.0328228 0.134687 0.990344 
2280.0 2265.0 2267.9468 221 247 167 0.00782411 0.146423 0.989191 
2280.0 2263.0 2268.1020000000003 220 247 167 0.00545092 0.11665 0.993158 
2280.0 2265.0 2267.9539 220 247 167 -0.00780685 0.1461 0.989239 
2270.0 2266.0 2267.8324000000002 220 247 167 0.0422418 0.135859 0.989827 
2280.0 2266.0 2267.7886000000003 220 247 167 0.016876 0.147384 0.988935 
2280.0 2266.0 2267.795 220 247 167 -0.012345 0.149262 0.988721 
2270.0 2268.0 2267.7585 220 247 168 0.0406794 0.0912538 0.994996 
2270.0 2268.0 2267.6971000000003 220 248 168 0.0519229 0.139615 0.988844 
2270.0 2269.0 2267.7069 220 248 168 0.0314303 0.0834529 0.996016 
2270.0 2268.0 2267.6385 220 248 168 0.0460945 0.111301 0.992717 
2170.0 2332.0 2266.679 219 247 168 0.00307334 -0.048149 0.998835 
2300.0 2323.0 2267.9435000000003 218 247 168 -0.0155559 -0.0487419 0.99869 
2310.0 2323.0 2267.9946 218 247 168 -0.00720115 -0.0462931 0.998902 
2300.0 2327.0 2268.1269 218 247 168 -0.0133236 -0.0358711 0.999268 
2310.0 2327.0 2268.1727 218 247 168 -0.00713086 -0.0356543 0.999339 
2230.0 2332.0 2266.5506 219 247 168 -0.0112945 -0.0420977 0.99905 
2310.0 2323.0 2268.0119 218 247 168 -0.00513269 -0.0482473 0.998822 
2180.0 2332.0 2266.6616 219 247 168 0.00722942 -0.0506059 0.998693 
2240.0 2332.0 2266.6041 219 247 168 -0.0134027 -0.04227 0.999016 
2180.0 2332.0 2266.6137 219 247 168 0.0135073 -0.0529903 0.998504 
2310.0 2327.0 2268.1882 218 247 168 -0.00304971 -0.0376131 0.999288 
2300.0 2332.0 2268.2631 218 247 168 -0.0131659 -0.025319 0.999593 
2310.0 2332.0 2268.3050000000003 218 247 168 -0.00704694 -0.0251676 0.999658 
2240.0 2332.0 2266.668 219 247 168 -0.0155268 -0.04451 0.998888 
2310.0 2332.0 2268.3191 218 247 168 -0.00301395 -0.0271256 0.999627 
2230.0 2336.0 2266.6566000000003 219 247 168 -0.00706078 -0.0272344 0.999604 
2230.0 2336.0 2266.6866 219 247 168 -0.00704728 -0.0231553 0.999707 
2230.0 2336.0 2266.7249 219 247 168 -0.00911475 -0.0273443 0.999584 
2300.0 2306.0 2266.65 218 247 168 -0.0336743 -0.08147 0.996107 
2290.0 2332.0 2268.1046 218 247 168 -0.0236225 -0.0277308 0.999336 
2170.0 2336.0 2266.8626 219 247 168 0.00300807 -0.0250672 0.999681 
2300.0 2332.0 2268.1954 218 247 168 -0.0193965 -0.0275635 0.999432 
2290.0 2336.0 2268.195 218 247 168 -0.0212263 -0.0151617 0.99966 
2300.0 2306.0 2266.79 218 247 168 -0.0247759 -0.0807911 0.996423 
2300.0 2336.0 2268.2809 218 247 168 -0.0171159 -0.0130886 0.999768 
2180.0 2336.0 2266.8512 219 247 168 0.00505337 -0.0293096 0.999558 
2300.0 2336.0 2268.3449 218 247 168 -0.0130108 -0.0130108 0.999831 
2310.0 2306.0 2266.8793 218 247 168 -0.0138579 -0.0799494 0.996703 
2230.0 2340.0 2266.7253 219 247 168 -0.00498427 -0.0169465 0.999844 
2290.0 2340.0 2268.2264 218 247 168 -0.0231088 -0.00703312 0.999708 
2310.0 2306.0 2266.9100000000003 218 247 168 -0.00741391 -0.081553 0.996641 
2300.0 2340.0 2268.3105 218 247 168 -0.0170141 -0.00700582 0.999831 
2230.0 2340.0 2266.752 219 247 168 -0.00699205 -0.014983 0.999863 
2180.0 2336.0 2266.8194000000003 219 247 168 0.0091868 -0.0357264 0.999319 
2300.0 2340.0 2268.3732 218 247 168 -0.0129339 -0.00696442 0.999892 
2260.0 2323.0 2266.6501000000003 218 247 168 -0.0355654 -0.0700531 0.996909 
2170.0 2340.0 2266.9301 219 247 168 0.0029788 -0.014894 0.999885 
2230.0 2340.0 2266.7876 219 247 168 -0.00898964 -0.0149827 0.999847 
2270.0 2323.0 2266.8076 218 247 168 -0.0377179 -0.0700475 0.99683 
2310.0 2336.0 2268.3844 218 247 168 -0.00696442 -0.0129339 0.999892 
2270.0 2319.0 2266.6353 218 247 168 -0.0402764 -0.0794642 0.996024 
2240.0 2336.0 2266.7728 219 247 168 -0.0131919 -0.0273985 0.999538 
2240.0 2336.0 2266.8317 219 247 168 -0.0152527 -0.0254212 0.99956 
2280.0 2319.0 2266.8195 218 247 168 -0.0424569 -0.0772933 0.996104 
2240.0 2340.0 2266.8333000000002 219 247 168 -0.0110091 -0.0150124 0.999827 
2310.0 2336.0 2268.3978 218 247 168 -0.0029788 -0.014894 0.999885 
2270.0 2323.0 2266.9724 218 247 168 -0.0377991 -0.0701984 0.996817 
2180.0 2340.0 2266.9206 219 247 168 0.00298463 -0.0169129 0.999852 
2240.0 2340.0 2266.8903 219 247 168 -0.0150422 -0.0130365 0.999802 
2310.0 2340.0 2268.4120000000003 218 247 168 -0.00692351 -0.00692351 0.999952 
2180.0 2340.0 2266.8940000000002 219 247 168 0.00700582 -0.0170141 0.999831 
2280.0 2323.0 2267.1408 218 247 168 -0.039796 -0.0656096 0.997052 
2310.0 2340.0 2268.4251 218 247 168 -0.00295558 -0.00689636 0.999972 
2190.0 2336.0 2266.7739 219 247 168 0.011206 -0.033618 0.999372 
2250.0 2327.0 2266.5788000000002 218 247 168 -0.0242873 -0.0601903 0.997891 
2190.0 2336.0 2266.7238 219 247 168 0.011251 -0.0357987 0.999296 
2250.0 2332.0 2266.7437 218 247 168 -0.0197456 -0.0467658 0.998711 
2190.0 2340.0 2266.8554 219 247 168 0.00904321 -0.0190912 0.999777 
2250.0 2332.0 2266.8323 218 247 168 -0.0218706 -0.0447827 0.998757 
2190.0 2340.0 2266.8119 219 247 168 0.0110748 -0.0191293 0.999756 
2260.0 2327.0 2266.6890000000003 218 247 168 -0.0265096 -0.0604418 0.99782 
2260.0 2327.0 2266.8124000000003 218 247 168 -0.0286893 -0.0605664 0.997752 
2260.0 2332.0 2266.934 218 247 168 -0.0260881 -0.0448715 0.998652 
2260.0 2332.0 2267.0483 218 247 168 -0.0282324 -0.0449627 0.99859 
2250.0 2336.0 2266.9028000000003 218 247 168 -0.017321 -0.0254721 0.999525 
2250.0 2336.0 2266.9866 218 247 168 -0.0214396 -0.0234815 0.999494 
2250.0 2340.0 2266.9595 218 247 168 -0.0171159 -0.0130886 0.999768 
2250.0 2340.0 2267.0415000000003 218 247 168 -0.0191674 -0.0131145 0.99973 
2260.0 2336.0 2267.0832 218 247 168 -0.0235284 -0.0235284 0.999446 
2260.0 2336.0 2267.1918 218 247 168 -0.0255731 -0.0235272 0.999396 
2200.0 2336.0 2266.6775000000002 219 247 168 0.00913215 -0.0314552 0.999463 
2260.0 2340.0 2267.1361 218 247 168 -0.0232475 -0.0131399 0.999643 
2200.0 2336.0 2266.6412 219 247 168 0.00708852 -0.031392 0.999482 
2200.0 2340.0 2266.7702 219 247 168 0.00906105 -0.0211424 0.999735 
2260.0 2340.0 2267.2426 218 247 168 -0.0253196 -0.0111406 0.999617 
2200.0 2340.0 2266.7354 219 247 168 0.00703344 -0.0211003 0.999753 
2200.0 2336.0 2266.6178 219 247 168 0.00503332 -0.0271799 0.999618 
2210.0 2336.0 2266.6072 219 247 168 0.00100269 -0.0250673 0.999685 
2200.0 2340.0 2266.7104 219 247 168 0.00300233 -0.0210163 0.999775 
2210.0 2340.0 2266.6959 219 247 168 0.00099679 -0.0209326 0.99978 
2260.0 2327.0 2266.9476 218 247 168 -0.030878 -0.0606912 0.997679 
2270.0 2327.0 2267.0925 218 247 168 -0.0351366 -0.0585609 0.997665 
2260.0 2332.0 2267.1738 218 247 168 -0.0303246 -0.0428727 0.99862 
2270.0 2332.0 2267.3083 218 247 168 -0.0324167 -0.0407822 0.998642 
2210.0 2336.0 2266.6078 219 247 168 -0.00100074 -0.0230169 0.999735 
2270.0 2327.0 2267.244 218 247 168 -0.0350705 -0.0541998 0.997914 
2220.0 2336.0 2266.6171 219 247 168 -0.00300821 -0.023063 0.99973 
2210.0 2340.0 2266.6912 219 247 168 0.000994847 -0.0189021 0.999821 
2280.0 2327.0 2267.3985000000002 218 247 168 -0.0350002 -0.0519699 0.998035 
2220.0 2340.0 2266.695 219 247 168 -0.00099683 -0.0189398 0.99982 
2270.0 2332.0 2267.4489000000003 218 247 168 -0.0324193 -0.0386941 0.998725 
2220.0 2336.0 2266.6336 219 247 168 -0.00502372 -0.0231091 0.99972 
2280.0 2332.0 2267.5921000000003 218 247 168 -0.0323543 -0.0365291 0.998809 
2220.0 2340.0 2266.7064 219 247 168 -0.00299058 -0.0169466 0.999852 
2260.0 2336.0 2267.3112 218 247 168 -0.0276753 -0.0215252 0.999385 
2270.0 2336.0 2267.4391 218 247 168 -0.0297236 -0.021524 0.999326 
2260.0 2340.0 2267.3597 218 247 168 -0.0273992 -0.0111626 0.999562 
2270.0 2340.0 2267.4852 218 247 168 -0.029427 -0.011162 0.999505 
2270.0 2336.0 2267.5728 218 247 168 -0.0317728 -0.0194736 0.999305 
2280.0 2336.0 2267.7089 218 247 168 -0.0317728 -0.0194736 0.999305 
2270.0 2340.0 2267.6163 218 247 168 -0.0315185 -0.011184 0.999441 
2280.0 2340.0 2267.7498 218 247 168 -0.0314552 -0.00913215 0.999463 
2280.0 2314.0 2266.6536 218 247 168 -0.0426345 -0.0798031 0.995898 
2290.0 2314.0 2266.8493000000003 218 247 168 -0.042627 -0.081975 0.995722 
2290.0 2310.0 2266.6663000000003 218 247 168 -0.0427122 -0.0843292 0.995522 
2290.0 2310.0 2266.8519 218 247 168 -0.0381786 -0.0818113 0.995916 
2290.0 2314.0 2267.0335 218 247 168 -0.0402832 -0.0773003 0.996194 
2290.0 2314.0 2267.1988 218 247 168 -0.0356309 -0.0745009 0.996584 
2280.0 2319.0 2267.0033000000003 218 247 168 -0.0402027 -0.0749726 0.996375 
2290.0 2319.0 2267.1813 218 247 168 -0.0400357 -0.0724971 0.996565 
2280.0 2323.0 2267.3082 218 247 168 -0.0375726 -0.0633367 0.997285 
2290.0 2323.0 2267.4694 218 247 168 -0.0352114 -0.0586856 0.997655 
2290.0 2319.0 2267.3475000000003 218 247 168 -0.0354944 -0.067762 0.99707 
2290.0 2319.0 2267.4953 218 247 168 -0.0309397 -0.0629462 0.997537 
2290.0 2323.0 2267.619 218 247 168 -0.0328738 -0.0562035 0.997878 
2290.0 2323.0 2267.7514 218 247 168 -0.0284583 -0.0537546 0.998149 
2300.0 2310.0 2267.0097 218 247 168 -0.0313736 -0.078975 0.996383 
2300.0 2310.0 2267.1307 218 247 168 -0.0224854 -0.0760221 0.996853 
2300.0 2314.0 2267.3376000000003 218 247 168 -0.0289142 -0.07175 0.997003 
2300.0 2314.0 2267.443 218 247 168 -0.0201421 -0.066787 0.997564 
2310.0 2310.0 2267.2070000000003 218 247 168 -0.011633 -0.0729707 0.997266 
2310.0 2310.0 2267.2331 218 247 168 -0.00525476 -0.0725157 0.997353 
2310.0 2314.0 2267.5089000000003 218 247 168 -0.0094426 -0.0660982 0.997768 
2310.0 2314.0 2267.5314000000003 218 247 168 -0.00522418 -0.0658246 0.997818 
2300.0 2319.0 2267.6186000000002 218 247 168 -0.0243386 -0.0603174 0.997882 
2300.0 2319.0 2267.7115000000003 218 247 168 -0.0178433 -0.0577282 0.998173 
2300.0 2323.0 2267.8612000000003 218 247 168 -0.0219577 -0.0491433 0.99855 
2310.0 2319.0 2267.7693 218 247 168 -0.00934954 -0.057136 0.998323 
2310.0 2319.0 2267.789 218 247 168 -0.00517288 -0.0569017 0.998366 
2280.0 2327.0 2267.5515 218 247 168 -0.0348563 -0.0496439 0.998159 
2290.0 2327.0 2267.6985 218 247 168 -0.0326151 -0.0452403 0.998444 
2280.0 2332.0 2267.7337 218 247 168 -0.0322223 -0.0343012 0.998892 
2290.0 2332.0 2267.8694 218 247 168 -0.0300228 -0.0320933 0.999034 
2290.0 2327.0 2267.8343 218 247 168 -0.0303246 -0.0428727 0.99862 
2290.0 2327.0 2267.954 218 247 168 -0.0259844 -0.0405357 0.99884 
2290.0 2332.0 2267.9946 218 247 168 -0.0278405 -0.0299028 0.999165 
2280.0 2336.0 2267.8434 218 247 168 -0.0296651 -0.0173899 0.999409 
2290.0 2336.0 2267.9721 218 247 168 -0.0275093 -0.0152829 0.999505 
2280.0 2340.0 2267.8817 218 247 168 -0.0314552 -0.00913215 0.999463 
2290.0 2340.0 2268.0079 218 247 168 -0.0273443 -0.00911475 0.999584 
2290.0 2336.0 2268.0908 218 247 168 -0.0254212 -0.0152527 0.99956 
2290.0 2340.0 2268.1242 218 247 168 -0.0252184 -0.00706115 0.999657 
2300.0 2327.0 2268.0529 218 247 168 -0.0196302 -0.0382273 0.999076 
3 543 1238 537 
3 1238 511 537 
3 511 524 537 
3 1238 507 511 
3 1291 1270 1309 
3 1260 1270 1291 
3 1309 1238 1319 
3 1270 1238 1309 
3 946 941 1336 
3 941 1309 1336 
3 941 1291 1309 
3 1336 1319 1417 
3 1309 1319 1336 
3 555 1319 550 
3 1319 1238 550 
3 1238 543 550 
3 1319 555 1446 
3 1446 1417 1319 
3 1455 556 558 
3 1455 1446 556 
3 1446 555 556 
3 592 584 1474 
3 584 564 1474 
3 564 493 1474 
3 584 574 564 
3 1474 1487 1489 
3 1489 592 1474 
3 1489 1523 1557 
3 1487 1523 1489 
3 1571 595 1489 
3 595 592 1489 
3 1571 602 595 
3 1571 1557 1573 
3 1489 1557 1571 
3 1575 598 602 
3 1575 607 598 
3 607 581 598 
3 1575 611 607 
3 1577 609 611 
3 1577 1455 609 
3 1455 558 609 
3 611 1575 1588 
3 1588 1577 611 
3 602 1571 1621 
3 1621 1575 602 
3 1571 1573 1631 
3 1631 1621 1571 
3 1588 1621 1643 
3 1575 1621 1588 
3 1643 1631 1670 
3 1621 1631 1643 
3 1336 1678 951 
3 951 946 1336 
3 1336 1417 1702 
3 1702 1678 1336 
3 951 1723 1001 
3 1678 1723 951 
3 1678 1702 1783 
3 1783 1723 1678 
3 1702 1446 1793 
3 1417 1446 1702 
3 1793 1455 1803 
3 1446 1455 1793 
3 1783 1793 1833 
3 1702 1793 1783 
3 1833 1803 1853 
3 1793 1803 1833 
3 1015 1872 1869 
3 1015 1723 1872 
3 1015 1001 1723 
3 1723 1783 1874 
3 1874 1872 1723 
3 725 720 1872 
3 720 1869 1872 
3 720 694 1869 
3 48 1872 612 
3 1872 1874 612 
3 1874 614 612 
3 48 725 1872 
3 1783 1833 1903 
3 1903 1874 1783 
3 1833 1853 1916 
3 1916 1903 1833 
3 614 1903 1917 
3 1874 1903 614 
3 1903 1916 1928 
3 1928 1917 1903 
3 1803 1577 1939 
3 1455 1577 1803 
3 1939 1588 1952 
3 1577 1588 1939 
3 1853 1939 1962 
3 1803 1939 1853 
3 1962 1952 1985 
3 1939 1952 1962 
3 1952 1643 1993 
3 1588 1643 1952 
3 1643 1670 2007 
3 2007 1993 1643 
3 1952 1993 2022 
3 2022 1985 1952 
3 2022 2007 2031 
3 1993 2007 2022 
3 1853 1962 2045 
3 2045 1916 1853 
3 2045 1985 2091 
3 1962 1985 2045 
3 1916 2045 2129 
3 2129 1928 1916 
3 2129 2091 2143 
3 2045 2091 2129 
3 2091 2022 2207 
3 1985 2022 2091 
3 2207 2031 2218 
3 2022 2031 2207 
3 2143 2207 2233 
3 2091 2207 2143 
3 2233 2218 2240 
3 2207 2218 2233 
3 2243 615 1917 
3 615 614 1917 
3 2243 120 615 
3 2243 1928 2259 
3 1917 1928 2243 
3 2266 124 2243 
3 124 120 2243 
3 2266 130 124 
3 2266 2259 2273 
3 2243 2259 2266 
3 147 140 2266 
3 140 131 2266 
3 131 130 2266 
3 140 133 131 
3 147 2273 2286 
3 2266 2273 147 
3 2258 149 2286 
3 149 147 2286 
3 2258 155 149 
3 1928 2129 2312 
3 2312 2259 1928 
3 2129 2143 2334 
3 2334 2312 2129 
3 2273 2312 2372 
3 2259 2312 2273 
3 2372 2334 2447 
3 2312 2334 2372 
3 2334 2233 2510 
3 2143 2233 2334 
3 2510 2240 2576 
3 2233 2240 2510 
3 2447 2510 2598 
3 2334 2510 2447 
3 2598 2576 2629 
3 2510 2576 2598 
3 2286 2372 2665 
3 2273 2372 2286 
3 2665 2447 2726 
3 2372 2447 2665 
3 2258 2665 2310 
3 2286 2665 2258 
3 2665 2726 2327 
3 2327 2310 2665 
3 2726 2598 2739 
3 2447 2598 2726 
3 2739 2629 2750 
3 2598 2629 2739 
3 2726 2739 2364 
3 2364 2327 2726 
3 2739 2750 1572 
3 1572 2364 2739 
3 679 821 829 
3 679 676 821 
3 676 804 821 
3 804 806 821 
3 2353 2362 2406 
3 2406 2371 2353 
3 2406 2417 2420 
3 2362 2417 2406 
3 2422 2406 2425 
3 2371 2406 2422 
3 2425 2420 2446 
3 2406 2420 2425 
3 2566 2483 2575 
3 2456 2483 2566 
3 2575 1346 2632 
3 2483 1346 2575 
3 2566 2575 2683 
3 2683 2669 2566 
3 2683 2632 2691 
3 2575 2632 2683 
3 2632 1353 2695 
3 1346 1353 2632 
3 1353 1364 2730 
3 2730 2695 1353 
3 2691 2695 2752 
3 2632 2695 2691 
3 2695 2730 2759 
3 2759 2752 2695 
3 2771 2763 957 
3 957 979 2771 
3 2794 2771 979 
3 979 992 2794 
3 2763 2771 2813 
3 2813 1412 2763 
3 2771 2794 2822 
3 2822 2813 2771 
3 1009 2794 992 
3 2906 2794 1009 
3 1009 2919 2906 
3 1009 1211 2919 
3 1009 958 1211 
3 2794 2906 2927 
3 2927 2822 2794 
3 2906 2919 2937 
3 2937 2927 2906 
3 1434 2813 2946 
3 1412 2813 1434 
3 2946 2822 2985 
3 2813 2822 2946 
3 1505 2946 2993 
3 1434 2946 1505 
3 2946 2985 2995 
3 2995 2993 2946 
3 2822 2927 3034 
3 3034 2985 2822 
3 2927 2937 3041 
3 3041 3034 2927 
3 2995 3034 3048 
3 2985 3034 2995 
3 3048 3041 3064 
3 3034 3041 3048 
3 1211 1299 3069 
3 3069 2919 1211 
3 1299 1310 3082 
3 3082 3069 1299 
3 2937 3069 3089 
3 2919 3069 2937 
3 3069 3082 3106 
3 3106 3089 3069 
3 1310 1366 3110 
3 3110 3082 1310 
3 3110 1381 3113 
3 1366 1381 3110 
3 3082 3110 3116 
3 3116 3106 3082 
3 3110 3113 3124 
3 3124 3116 3110 
3 2937 3089 3133 
3 3133 3041 2937 
3 3089 3106 3139 
3 3139 3133 3089 
3 3064 3133 3143 
3 3041 3133 3064 
3 3143 3139 3146 
3 3133 3139 3143 
3 3106 3116 3150 
3 3150 3139 3106 
3 3150 3124 3157 
3 3116 3124 3150 
3 3146 3150 3161 
3 3139 3150 3146 
3 3150 3157 3165 
3 3165 3161 3150 
3 1505 2993 3169 
3 3169 1956 1505 
3 2993 2995 3172 
3 3172 3169 2993 
3 1956 3169 3179 
3 3179 1977 1956 
3 3179 3172 3180 
3 3169 3172 3179 
3 2995 3048 3181 
3 3181 3172 2995 
3 3048 3064 3182 
3 3182 3181 3048 
3 3180 3181 3184 
3 3172 3181 3180 
3 3184 3182 3186 
3 3181 3182 3184 
3 1977 3179 3188 
3 3188 2095 1977 
3 3179 3180 3192 
3 3192 3188 3179 
3 2095 3188 2365 
3 2365 2115 2095 
3 3188 3192 2401 
3 2401 2365 3188 
3 3192 3184 3195 
3 3180 3184 3192 
3 3184 3186 3196 
3 3196 3195 3184 
3 3192 3195 2438 
3 2438 2401 3192 
3 2438 3196 2450 
3 3195 3196 2438 
3 3064 3143 3198 
3 3198 3182 3064 
3 3143 3146 3200 
3 3200 3198 3143 
3 3186 3198 3202 
3 3182 3198 3186 
3 3202 3200 3204 
3 3198 3200 3202 
3 3200 3161 3206 
3 3146 3161 3200 
3 3206 3165 3208 
3 3161 3165 3206 
3 3200 3206 3211 
3 3211 3204 3200 
3 3211 3208 3213 
3 3206 3208 3211 
3 3196 3202 3215 
3 3186 3202 3196 
3 3215 3204 3234 
3 3202 3204 3215 
3 3196 3215 3236 
3 3236 2450 3196 
3 3215 3234 3237 
3 3237 3236 3215 
3 3234 3211 3238 
3 3204 3211 3234 
3 3211 3213 3239 
3 3239 3238 3211 
3 3234 3238 3240 
3 3240 3237 3234 
3 3240 3239 3241 
3 3238 3239 3240 
3 1381 1815 580 
3 580 3113 1381 
3 589 582 1830 
3 582 1815 1830 
3 582 580 1815 
3 594 3124 585 
3 3124 3113 585 
3 3113 580 585 
3 604 601 1842 
3 601 1830 1842 
3 601 589 1830 
3 604 1849 3242 
3 1842 1849 604 
3 3243 606 3242 
3 606 604 3242 
3 3243 610 606 
3 619 3157 616 
3 3157 3124 616 
3 3124 594 616 
3 625 3165 622 
3 3165 3157 622 
3 3157 619 622 
3 3244 629 3243 
3 629 610 3243 
3 3244 631 629 
3 3245 633 3244 
3 633 631 3244 
3 3245 635 633 
3 3242 2082 3246 
3 1849 2082 3242 
3 3246 2087 3247 
3 2082 2087 3246 
3 3242 3246 3248 
3 3248 3243 3242 
3 3246 3247 3249 
3 3249 3248 3246 
3 2087 2096 3250 
3 3250 3247 2087 
3 3250 2202 2494 
3 2096 2202 3250 
3 3247 3250 3251 
3 3251 3249 3247 
3 3250 2494 2590 
3 2590 3251 3250 
3 3243 3248 3252 
3 3252 3244 3243 
3 3248 3249 3253 
3 3253 3252 3248 
3 3245 3252 3254 
3 3244 3252 3245 
3 3252 3253 3255 
3 3255 3254 3252 
3 3249 3251 3256 
3 3256 3253 3249 
3 3251 2590 2727 
3 2727 3256 3251 
3 3253 3256 3257 
3 3257 3255 3253 
3 3257 2727 2765 
3 3256 2727 3257 
3 3165 625 3258 
3 3258 3208 3165 
3 3259 626 627 
3 3259 3258 626 
3 3258 625 626 
3 3213 3258 3260 
3 3208 3258 3213 
3 3260 3259 3261 
3 3258 3259 3260 
3 3262 634 635 
3 3262 3259 634 
3 3259 627 634 
3 635 3245 3263 
3 3263 3262 635 
3 3259 3262 3264 
3 3264 3261 3259 
3 3262 3263 3265 
3 3265 3264 3262 
3 3239 3260 3266 
3 3213 3260 3239 
3 3260 3261 3267 
3 3267 3266 3260 
3 3239 3266 3268 
3 3268 3241 3239 
3 3266 3267 3269 
3 3269 3268 3266 
3 3245 3254 3270 
3 3270 3263 3245 
3 3270 3255 3271 
3 3254 3255 3270 
3 3265 3270 3272 
3 3263 3270 3265 
3 3270 3271 3273 
3 3273 3272 3270 
3 3271 3257 3274 
3 3255 3257 3271 
3 3257 2765 3275 
3 3275 3274 3257 
3 3271 3274 3276 
3 3276 3273 3271 
3 3276 3275 3277 
3 3274 3275 3276 
3 3284 3313 3328 
3 3328 3323 3284 
3 3313 3330 3350 
3 3350 3328 3313 
3 3323 3328 3358 
3 3358 3353 3323 
3 3328 3350 3367 
3 3367 3358 3328 
3 3353 3358 3370 
3 3370 3369 3353 
3 3358 3367 3374 
3 3374 3370 3358 
3 3369 3370 3283 
3 3283 2471 3369 
3 3370 3374 3287 
3 3287 3283 3370 
3 3413 3407 3414 
3 3385 3407 3413 
3 3414 3427 3461 
3 3407 3427 3414 
3 3472 3414 3483 
3 3413 3414 3472 
3 3483 3461 3501 
3 3414 3461 3483 
3 3461 3509 3514 
3 3427 3509 3461 
3 3514 3525 3531 
3 3509 3525 3514 
3 3501 3514 3534 
3 3461 3514 3501 
3 3534 3531 3056 
3 3514 3531 3534 
3 3574 3570 3587 
3 3549 3570 3574 
3 3570 3600 3602 
3 3602 3587 3570 
3 3614 3587 3616 
3 3574 3587 3614 
3 3587 3602 3621 
3 3621 3616 3587 
3 3600 3625 3629 
3 3629 3602 3600 
3 3625 3472 3631 
3 3631 3629 3625 
3 3621 3629 3632 
3 3602 3629 3621 
3 3632 3631 3038 
3 3629 3631 3632 
3 2793 2742 3616 
3 2742 3614 3616 
3 2742 2722 3614 
3 2835 2815 3621 
3 2815 3616 3621 
3 2815 2793 3616 
3 3621 3632 2882 
3 2882 2835 3621 
3 1212 2889 3079 
3 2889 3632 3079 
3 3632 3038 3079 
3 2889 2882 3632 
3 2662 2862 2890 
3 2862 2882 2890 
3 2862 2835 2882 
3 2662 2602 2862 
3 2602 2277 2862 
3 3631 3483 3638 
3 3472 3483 3631 
3 3638 3501 3643 
3 3483 3501 3638 
3 3103 3072 3638 
3 3072 3631 3638 
3 3072 3038 3631 
3 1616 3638 3643 
3 1616 3119 3638 
3 3119 3103 3638 
3 3501 3534 2921 
3 2921 3643 3501 
3 3028 2938 3081 
3 2938 3534 3081 
3 3534 3056 3081 
3 2938 2921 3534 
3 1700 1628 2947 
3 1628 3643 2947 
3 3643 2921 2947 
3 1628 1616 3643 
3 3666 3652 3671 
3 3649 3652 3666 
3 3671 3463 3677 
3 3652 3463 3671 
3 3666 3671 3681 
3 3681 3679 3666 
3 3671 3677 2623 
3 2623 3681 3671 
3 3531 3683 3714 
3 3525 3683 3531 
3 3683 3679 3719 
3 3719 3714 3683 
3 3107 3063 3714 
3 3063 3531 3714 
3 3063 3056 3531 
3 3135 3125 3719 
3 3125 3714 3719 
3 3125 3107 3714 
3 3679 3681 3724 
3 3724 3719 3679 
3 2785 3724 2655 
3 3724 3681 2655 
3 3681 2623 2655 
3 3209 3205 3724 
3 3205 3719 3724 
3 3205 3135 3719 
3 1222 3214 2861 
3 3214 3724 2861 
3 3724 2785 2861 
3 3214 3209 3724 
3 3677 3470 3727 
3 3463 3470 3677 
3 3470 3475 2333 
3 2333 3727 3470 
3 2735 2630 3727 
3 2630 3677 3727 
3 2630 2623 3677 
3 2511 2814 2386 
3 2814 3727 2386 
3 3727 2333 2386 
3 2814 2735 3727 
3 2451 2342 3542 
3 2342 3475 3542 
3 2342 2333 3475 
3 1285 2567 1240 
3 2567 3542 1240 
3 3542 1218 1240 
3 2567 2451 3542 
3 3988 4197 3937 
3 4018 4212 3939 
3 4046 1197 4062 
3 1015 1197 4046 
3 3849 4062 3793 
3 4062 1197 3793 
3 1197 636 3793 
3 4212 941 946 
3 1127 1071 4260 
3 1129 4260 4264 
3 1127 4260 1129 
3 1129 4264 4266 
3 4266 1150 1129 
3 1150 4266 4269 
3 4269 1155 1150 
3 4269 1124 1155 
3 3975 961 3967 
3 990 961 3975 
3 3975 997 990 
3 3975 3985 997 
3 3985 4237 997 
3 4237 948 997 
3 1007 1016 4121 
3 4121 4043 1007 
3 1029 1007 4043 
3 4043 4143 1029 
3 4147 1029 4143 
3 1031 1029 4147 
3 3883 3884 4285 
3 4285 4284 3883 
3 4285 3885 4286 
3 3884 3885 4285 
3 3885 3886 4287 
3 4287 4286 3885 
3 4287 3887 4288 
3 3886 3887 4287 
3 4289 4296 4290 
3 4291 3888 3889 
3 4291 4296 3888 
3 4291 4290 4296 
3 4297 3890 3891 
3 4293 3892 4297 
3 3892 3890 4297 
3 4293 4292 3892 
3 3893 3894 4295 
3 4295 4294 3893 
3 4291 3893 4294 
3 3889 3893 4291 
3 4295 3892 4292 
3 3894 3892 4295 
3 4284 4285 4322 
3 4322 4321 4284 
3 4298 4285 4286 
3 4298 4299 4285 
3 4299 4322 4285 
3 4298 4287 4300 
3 4286 4287 4298 
3 4301 4287 4323 
3 4287 4288 4323 
3 4301 4300 4287 
3 4321 4322 4303 
3 4303 4302 4321 
3 4303 4322 4299 
3 4301 4323 4304 
3 4306 4289 4290 
3 4306 4324 4289 
3 4306 4305 4324 
3 4307 4325 4308 
3 4307 4291 4325 
3 4307 4306 4291 
3 4306 4290 4291 
3 4326 4292 4293 
3 4309 4294 4295 
3 4309 4325 4294 
3 4309 4308 4325 
3 4325 4291 4294 
3 4310 4292 4326 
3 4310 4295 4292 
3 4310 4309 4295 
3 3948 3913 4341 
3 4341 4414 3948 
3 4430 4674 4428 
3 4341 3962 4442 
3 3913 3962 4341 
3 4430 3962 4674 
3 3962 3973 4674 
3 4430 4442 3962 
3 3945 3984 4485 
3 4485 4345 3945 
3 4516 3993 4684 
3 4516 3984 3993 
3 4516 4485 3984 
3 4013 4005 4694 
3 3993 4019 4733 
3 4733 4684 3993 
3 4533 4019 4694 
3 4019 4013 4694 
3 4533 4733 4019 
3 4533 4562 4733 
3 4516 4684 4567 
3 4567 4733 4568 
3 4684 4733 4567 
3 4568 4733 4562 
3 4005 4025 4743 
3 4743 4694 4005 
3 4414 4577 3948 
3 4577 4743 3948 
3 4743 4025 3948 
3 4694 4743 4578 
3 4578 4533 4694 
3 4578 4743 4577 
3 4034 4027 4756 
3 4428 4674 4581 
3 4107 4105 4762 
3 4610 4581 4108 
3 4581 4674 4108 
3 4674 3973 4108 
3 4616 4107 4762 
3 4616 4610 4107 
3 4610 4108 4107 
3 4105 4110 4767 
3 4767 4762 4105 
3 4783 4767 4756 
3 4767 4110 4756 
3 4110 4034 4756 
3 4762 4767 4625 
3 4625 4616 4762 
3 4767 4783 4636 
3 4636 4625 4767 
3 4118 4115 4789 
3 4650 4654 4135 
3 4654 4756 4135 
3 4756 4027 4135 
3 4658 4650 4789 
3 4650 4118 4789 
3 4650 4135 4118 
3 4660 4115 4141 
3 4660 4789 4115 
3 4660 4661 4789 
3 4662 3926 4681 
3 4662 4660 3926 
3 4660 4141 3926 
3 4658 4789 4661 
3 4662 4681 4362 
3 4783 4756 4654 
3 4654 4663 4783 
3 4636 4783 4663 
3 5369 5426 5372 
3 5372 5429 5374 
3 5426 5429 5372 
3 5431 5433 5379 
3 5379 5377 5431 
3 5379 5433 5383 
3 6037 6048 6129 
3 6129 6089 6037 
3 4462 6129 4346 
3 6129 6048 4346 
3 6048 6139 4346 
3 6142 6129 6159 
3 6089 6129 6142 
3 6159 4462 4486 
3 6129 4462 6159 
3 6254 5692 6187 
3 5692 5677 6187 
3 6254 5699 5692 
3 5731 5778 6267 
3 5778 6187 6267 
3 5778 6254 6187 
3 5784 6254 5802 
3 5699 6254 5784 
3 5802 6254 5778 
3 6267 6279 5843 
3 5843 5731 6267 
3 5843 6282 5851 
3 6279 6282 5843 
3 6282 6315 5858 
3 5858 5851 6282 
3 6315 6142 5860 
3 5860 5858 6315 
3 6142 6159 5863 
3 5863 5860 6142 
3 5893 5863 4494 
3 5863 4486 4494 
3 5863 6159 4486 
3 5899 4509 6326 
3 5899 4494 4509 
3 5899 5893 4494 
3 6326 4509 4350 
3 6331 4474 4336 
3 6380 4336 4342 
3 6331 4336 6380 
3 6380 4342 4344 
3 4344 6139 6380 
3 6139 4344 4346 
3 5899 6326 5903 
3 5924 4350 4365 
3 5924 5903 4350 
3 5903 6326 4350 
3 5952 5924 6393 
3 5924 4365 6393 
3 4365 4377 6393 
3 5952 6393 5763 
3 6399 6409 5954 
3 5954 5953 6399 
3 5954 6409 5915 
3 5828 7551 5797 
3 7551 7579 5797 
3 5828 7586 7551 
3 7579 5838 5797 
3 7586 5828 5854 
3 5915 5906 7622 
3 5906 5920 7635 
3 7635 7622 5906 
3 7635 5939 7660 
3 5920 5939 7635 
3 5949 5784 7568 
3 5979 5975 7685 
3 7685 5981 7718 
3 5975 5981 7685 
3 7729 5979 7685 
3 7729 7660 5979 
3 7660 5939 5979 
3 7729 7718 7757 
3 7685 7718 7729 
3 7718 5984 7765 
3 5981 5984 7718 
3 7650 5949 7568 
3 7650 7765 5949 
3 7765 5984 5949 
3 7718 7765 7786 
3 7786 7757 7718 
3 7765 7650 7608 
3 7608 7786 7765 
3 8355 4831 8358 
3 4826 4831 8355 
3 8358 4834 8363 
3 4831 4834 8358 
3 8365 4842 8366 
3 4838 4842 8365 
3 8367 4843 8355 
3 8367 4842 4843 
3 8367 8366 4842 
3 8365 8366 8382 
3 8382 8378 8365 
3 8366 8367 8387 
3 8387 8382 8366 
3 8355 8358 8391 
3 8391 8367 8355 
3 8358 8363 8392 
3 8392 8391 8358 
3 8367 8391 8394 
3 8394 8387 8367 
3 8391 8392 8398 
3 8398 8394 8391 
3 2 13 0 
3 4 13 2 
3 1222 1231 1252 
3 1252 1243 1222 
3 1231 1254 1256 
3 1256 1252 1231 
3 184 1252 1280 
3 1243 1252 184 
3 1280 1256 1292 
3 1252 1256 1280 
3 1256 1318 1342 
3 1254 1318 1256 
3 1342 1361 1419 
3 1318 1361 1342 
3 1256 1342 1427 
3 1427 1292 1256 
3 1427 1419 1436 
3 1342 1419 1427 
3 1452 187 1280 
3 187 184 1280 
3 1452 190 187 
3 1452 1292 1480 
3 1280 1292 1452 
3 1514 212 1452 
3 212 190 1452 
3 1514 225 212 
3 1514 1480 1525 
3 1452 1480 1514 
3 1480 1427 1574 
3 1292 1427 1480 
3 1574 1436 1662 
3 1427 1436 1574 
3 1525 1574 1685 
3 1480 1574 1525 
3 1574 1662 1699 
3 1699 1685 1574 
3 1361 1721 1742 
3 1742 1419 1361 
3 1742 1756 1764 
3 1721 1756 1742 
3 1436 1742 1802 
3 1419 1742 1436 
3 1802 1764 1811 
3 1742 1764 1802 
3 1756 1834 1888 
3 1888 1764 1756 
3 1888 1639 1695 
3 1834 1639 1888 
3 1764 1888 1915 
3 1915 1811 1764 
3 1888 1695 1814 
3 1814 1915 1888 
3 1662 1802 1926 
3 1436 1802 1662 
3 1926 1811 1950 
3 1802 1811 1926 
3 926 1662 1926 
3 926 928 1662 
3 928 1699 1662 
3 926 1950 930 
3 1926 1950 926 
3 1950 1915 1979 
3 1811 1915 1950 
3 1979 1814 1998 
3 1915 1814 1979 
3 930 1979 932 
3 1950 1979 930 
3 1979 1998 973 
3 973 932 1979 
3 225 1514 982 
3 982 977 225 
3 1514 1525 1013 
3 1013 982 1514 
3 1013 1685 1020 
3 1525 1685 1013 
3 1020 1699 1034 
3 1685 1699 1020 
3 1034 1699 928 
3 2097 2042 2130 
3 2029 2042 2097 
3 2042 2141 2174 
3 2174 2130 2042 
3 2097 2130 2194 
3 2194 2184 2097 
3 2194 2174 2208 
3 2130 2174 2194 
3 2174 2249 2269 
3 2141 2249 2174 
3 2269 2277 2287 
3 2249 2277 2269 
3 2174 2269 2308 
3 2308 2208 2174 
3 2308 2287 2359 
3 2269 2287 2308 
3 2369 2194 2380 
3 2184 2194 2369 
3 2380 2208 2400 
3 2194 2208 2380 
3 2369 2380 2463 
3 2463 1471 2369 
3 2463 2400 2472 
3 2380 2400 2463 
3 2400 2308 2478 
3 2208 2308 2400 
3 2478 2359 2501 
3 2308 2359 2478 
3 2472 2478 2587 
3 2400 2478 2472 
3 2587 2501 2595 
3 2478 2501 2587 
3 2277 2602 2642 
3 2642 2287 2277 
3 2642 2662 2667 
3 2602 2662 2642 
3 2359 2642 2673 
3 2287 2642 2359 
3 2673 2667 2675 
3 2642 2667 2673 
3 2667 2702 2736 
3 2662 2702 2667 
3 2702 1347 2748 
3 2748 2736 2702 
3 2675 2736 2783 
3 2667 2736 2675 
3 2736 2748 2790 
3 2790 2783 2736 
3 2501 2673 2798 
3 2359 2673 2501 
3 2798 2675 2808 
3 2673 2675 2798 
3 1042 2501 2798 
3 1042 1047 2501 
3 1047 2595 2501 
3 2798 2808 1053 
3 1053 1042 2798 
3 2808 2783 2817 
3 2675 2783 2808 
3 2817 2790 2825 
3 2783 2790 2817 
3 2808 2817 1055 
3 1055 1053 2808 
3 1055 2825 1069 
3 2817 2825 1055 
3 1497 2463 2832 
3 1471 2463 1497 
3 2832 2472 2839 
3 2463 2472 2832 
3 922 2832 1074 
3 1497 2832 922 
3 1074 2839 1085 
3 2832 2839 1074 
3 1098 1143 2587 
3 1143 2472 2587 
3 1143 2839 2472 
3 2587 2595 1157 
3 1157 1098 2587 
3 1085 2839 1143 
3 1157 2595 1047 
3 2748 1357 2874 
3 1347 1357 2748 
3 2874 1376 2899 
3 1357 1376 2874 
3 2748 2874 2945 
3 2945 2790 2748 
3 2874 2899 2955 
3 2955 2945 2874 
3 2899 1542 2972 
3 1376 1542 2899 
3 2972 1565 3017 
3 1542 1565 2972 
3 2955 2972 3030 
3 2899 2972 2955 
3 1171 2972 3017 
3 1171 1175 2972 
3 1175 3030 2972 
3 1179 1181 2945 
3 1181 2825 2945 
3 2825 2790 2945 
3 1179 2955 1182 
3 2945 2955 1179 
3 1069 2825 1181 
3 1182 3030 1184 
3 2955 3030 1182 
3 1184 3030 1175 
3 1187 1565 2267 
3 1187 1190 1565 
3 1190 3017 1565 
3 1187 2267 925 
3 1171 3017 1190 
3 2115 2365 2395 
3 2395 2367 2115 
3 2395 2401 2409 
3 2365 2401 2395 
3 2367 2395 2430 
3 2430 2418 2367 
3 2395 2409 2431 
3 2431 2430 2395 
3 2401 2438 2444 
3 2444 2409 2401 
3 2438 2450 2452 
3 2452 2444 2438 
3 2431 2444 2457 
3 2409 2444 2431 
3 2444 2452 2464 
3 2464 2457 2444 
3 2494 2474 2533 
3 2202 2474 2494 
3 2474 2552 2558 
3 2558 2533 2474 
3 2494 2533 2631 
3 2631 2590 2494 
3 2631 2558 2659 
3 2533 2558 2631 
3 2552 2674 2680 
3 2680 2558 2552 
3 2680 2687 2696 
3 2674 2687 2680 
3 2659 2680 2716 
3 2558 2680 2659 
3 2716 2696 2725 
3 2680 2696 2716 
3 2590 2631 2733 
3 2733 2727 2590 
3 2631 2659 2757 
3 2757 2733 2631 
3 2765 2733 2773 
3 2727 2733 2765 
3 2773 2757 2778 
3 2733 2757 2773 
3 2757 2716 2787 
3 2659 2716 2757 
3 2716 2725 2792 
3 2792 2787 2716 
3 2757 2787 2811 
3 2811 2778 2757 
3 2787 2792 2837 
3 2837 2811 2787 
3 2696 2857 2891 
3 2687 2857 2696 
3 2857 2898 2904 
3 2904 2891 2857 
3 2696 2891 2912 
3 2912 2725 2696 
3 2891 2904 2922 
3 2922 2912 2891 
3 2898 2931 2954 
3 2954 2904 2898 
3 2931 1559 2971 
3 2971 2954 2931 
3 2922 2954 2976 
3 2904 2954 2922 
3 2954 2971 2978 
3 2978 2976 2954 
3 2971 1569 3005 
3 1559 1569 2971 
3 1569 1576 3009 
3 3009 3005 1569 
3 2971 3005 3013 
3 3013 2978 2971 
3 3005 3009 3015 
3 3015 3013 3005 
3 3926 4205 3936 
3 4193 4205 3926 
3 3936 4205 3954 
3 3927 1160 4232 
3 1160 1163 4232 
3 3927 3935 1160 
3 3964 1160 3935 
3 1164 1160 3964 
3 4232 1163 1153 
3 4010 1164 3964 
3 1126 1164 4010 
3 4016 4241 4023 
3 4016 4024 4241 
3 4024 949 4241 
3 949 956 4241 
3 4252 4206 4026 
3 4026 4042 4252 
3 4042 983 4252 
3 4042 4054 983 
3 4054 959 983 
3 1010 959 4054 
3 4054 4060 1010 
3 1018 1010 4060 
3 4060 4068 1018 
3 1022 4206 4252 
3 4252 1050 1022 
3 4252 983 1050 
3 4092 4265 4094 
3 4092 1059 4265 
3 1059 1062 4265 
3 4092 4106 1059 
3 4068 4094 1018 
3 4094 4265 1018 
3 4265 1083 1018 
3 4265 1062 1083 
3 4106 4241 1059 
3 4241 1103 1059 
3 4106 4023 4241 
3 4241 956 1103 
3 1183 949 4024 
3 4024 4112 1183 
3 4131 1183 4112 
3 1188 1183 4131 
3 4156 1196 4178 
3 1192 1196 4156 
3 4180 1188 4131 
3 1198 1188 4180 
3 1196 1198 4180 
3 4180 4178 1196 
3 4182 4278 4183 
3 4184 4278 4182 
3 4280 4278 4184 
3 3919 4214 4185 
3 4186 4280 4184 
3 4282 4280 4186 
3 4186 1200 4282 
3 4186 4185 1200 
3 4185 4214 1200 
3 4214 938 1200 
3 4156 1202 1192 
3 4156 4278 1202 
3 4156 4183 4278 
3 1202 4278 4280 
3 4280 1204 1202 
3 1204 4280 4282 
3 4282 1206 1204 
3 4282 1200 1206 
3 4331 4664 4358 
3 4400 4664 4331 
3 3935 3927 4387 
3 4387 4409 3935 
3 4409 4436 3935 
3 4436 3964 3935 
3 4436 4693 3964 
3 4693 4010 3964 
3 4449 4705 4459 
3 4506 4705 4449 
3 4714 4705 4506 
3 4506 4513 4714 
3 4513 4023 4714 
3 4513 4016 4023 
3 4518 4016 4513 
3 4024 4016 4518 
3 4725 4718 4524 
3 4524 4551 4725 
3 4559 4725 4551 
3 4748 4725 4559 
3 4026 4718 4725 
3 4725 4042 4026 
3 4042 4725 4748 
3 4748 4054 4042 
3 4574 4748 4559 
3 4593 4768 4602 
3 4574 4060 4748 
3 4060 4054 4748 
3 4574 4621 4060 
3 4621 4602 4060 
3 4602 4768 4060 
3 4768 4068 4060 
3 4593 4092 4768 
3 4092 4094 4768 
3 4593 4459 4092 
3 4459 4705 4092 
3 4092 4705 4714 
3 4714 4106 4092 
3 4768 4094 4068 
3 4714 4023 4106 
3 4638 4786 4640 
3 4643 4024 4518 
3 4112 4024 4643 
3 4646 4112 4643 
3 4131 4112 4646 
3 4648 4156 4178 
3 4648 4786 4156 
3 4648 4640 4786 
3 4180 4131 4646 
3 4646 4651 4180 
3 4648 4180 4651 
3 4178 4180 4648 
3 4655 4802 4657 
3 4638 4659 4786 
3 4659 4183 4786 
3 4659 4182 4183 
3 4659 4184 4182 
3 4659 4657 4184 
3 4657 4802 4184 
3 4655 4337 4802 
3 4337 4699 4802 
3 4699 4809 4802 
3 4185 4699 3919 
3 4699 4695 3919 
3 4185 4809 4699 
3 4184 4802 4809 
3 4809 4186 4184 
3 4809 4185 4186 
3 4786 4183 4156 
3 4299 4298 5428 
3 5428 4300 5430 
3 4298 4300 5428 
3 5430 4300 4301 
3 5432 4303 5435 
3 4302 4303 5432 
3 5436 5435 5428 
3 5435 4299 5428 
3 5435 4303 4299 
3 5432 5435 5439 
3 5439 5437 5432 
3 5435 5436 5440 
3 5440 5439 5435 
3 5428 5430 5441 
3 5441 5436 5428 
3 5443 5441 4304 
3 5441 4301 4304 
3 5441 5430 4301 
3 5436 5441 5444 
3 5444 5440 5436 
3 5441 5443 5445 
3 5445 5444 5441 
3 5456 5455 5458 
3 5453 5455 5456 
3 5455 5460 5461 
3 5461 5458 5455 
3 5365 5456 5458 
3 5365 5366 5456 
3 5366 5463 5456 
3 5365 5461 5367 
3 5458 5461 5365 
3 5368 5463 5366 
3 5371 5373 5466 
3 5373 5460 5466 
3 5373 5461 5460 
3 5375 5469 5473 
3 5375 5466 5469 
3 5375 5371 5466 
3 5367 5461 5373 
3 5375 5473 5376 
3 5378 5469 5477 
3 5378 5381 5469 
3 5381 5473 5469 
3 5378 5480 5382 
3 5477 5480 5378 
3 5376 5473 5381 
3 6014 6025 5708 
3 5708 6036 6014 
3 5712 5709 6052 
3 5709 6025 6052 
3 5709 5708 6025 
3 5714 6062 5710 
3 6062 6036 5710 
3 6036 5708 5710 
3 6084 6081 6095 
3 6073 6081 6084 
3 6081 6062 6121 
3 6121 6095 6081 
3 6084 6095 6134 
3 6134 6127 6084 
3 6134 6121 6150 
3 6095 6121 6134 
3 5720 6121 5717 
3 6121 6062 5717 
3 6062 5714 5717 
3 5506 6150 5503 
3 6150 6121 5503 
3 6121 5419 5503 
3 6121 5720 5419 
3 6162 6052 5732 
3 5732 5760 6162 
3 6183 6162 5760 
3 5760 5783 6183 
3 5792 6193 5800 
3 6195 6183 5783 
3 5783 5808 6195 
3 5808 6198 6195 
3 5808 5800 6198 
3 5800 6193 6198 
3 5811 6207 5831 
3 6220 6207 5811 
3 5811 5877 6220 
3 5917 6220 5877 
3 6230 6220 5917 
3 6239 6230 5917 
3 5917 5923 6239 
3 5792 6261 6193 
3 5792 5831 6261 
3 5831 6207 6261 
3 6207 6220 6288 
3 6288 6261 6207 
3 6198 6261 6295 
3 6193 6261 6198 
3 6295 6288 6300 
3 6261 6288 6295 
3 6288 6230 6303 
3 6220 6230 6288 
3 6303 6239 6308 
3 6230 6239 6303 
3 6300 6303 6310 
3 6288 6303 6300 
3 6310 6308 6259 
3 6303 6308 6310 
3 5725 5723 6162 
3 5723 6052 6162 
3 5723 5712 6052 
3 5725 6183 6320 
3 6162 6183 5725 
3 6353 5726 6320 
3 5726 5725 6320 
3 6353 5728 5726 
3 6320 6195 6361 
3 6183 6195 6320 
3 6195 6198 6385 
3 6385 6361 6195 
3 6353 6361 6400 
3 6320 6361 6353 
3 6400 6385 6407 
3 6361 6385 6400 
3 6426 5508 6353 
3 5508 5422 6353 
3 5422 5728 6353 
3 6426 5510 5508 
3 6426 5512 5510 
3 6426 4499 5512 
3 4499 4320 5512 
3 6353 6400 6440 
3 6440 6426 6353 
3 6440 6407 6447 
3 6400 6407 6440 
3 4545 6426 6440 
3 4499 6426 4545 
3 4545 6440 6447 
3 6447 4554 4545 
3 6385 6295 6461 
3 6198 6295 6385 
3 6461 6300 6465 
3 6295 6300 6461 
3 6407 6461 6471 
3 6385 6461 6407 
3 6461 6465 6476 
3 6476 6471 6461 
3 6465 6310 6482 
3 6300 6310 6465 
3 4561 6310 4524 
3 6310 6259 4524 
3 4561 6482 6310 
3 4360 6476 4573 
3 6476 6465 4573 
3 6465 6482 4573 
3 6482 4561 4573 
3 4591 6471 4586 
3 4591 6407 6471 
3 4591 6447 6407 
3 4372 6471 6476 
3 4586 6471 4372 
3 6447 4591 4554 
3 6476 4360 4372 
3 4375 6127 6486 
3 6486 4389 4375 
3 4392 6486 6503 
3 4389 6486 4392 
3 4394 4392 6503 
3 6486 6134 6511 
3 6127 6134 6486 
3 4417 6511 4407 
3 6511 6134 4407 
3 6134 6150 4407 
3 4451 6503 4444 
3 6503 6511 4444 
3 6503 6486 6511 
3 6511 4417 4444 
3 4407 6150 5506 
3 5506 4463 4407 
3 5506 4318 4463 
3 5507 4318 5506 
3 6503 4451 4394 
3 4333 4339 6017 
3 6017 6010 4333 
3 6017 4380 6069 
3 4339 4380 6017 
3 4398 4391 6251 
3 4380 4420 6209 
3 6209 6069 4380 
3 6223 6209 6251 
3 6209 4420 6251 
3 4420 4398 6251 
3 6999 5520 6997 
3 5520 5517 6997 
3 5517 6993 6997 
3 6891 6997 7002 
3 6891 6999 6997 
3 6891 6893 6999 
3 5520 6999 7004 
3 7004 5522 5520 
3 7004 6999 6893 
3 6893 6896 7004 
3 5530 5522 7004 
3 6896 5530 7004 
3 6896 5533 5530 
3 6896 7009 5533 
3 6896 6901 7009 
3 5538 5533 7009 
3 6891 7014 6905 
3 7002 7014 6891 
3 6907 7023 7025 
3 6907 6905 7023 
3 6905 7014 7023 
3 6911 7028 6913 
3 6911 7030 7028 
3 6911 6907 7030 
3 6907 7025 7030 
3 6920 7025 7023 
3 6920 6925 7025 
3 6925 7031 7025 
3 7033 7031 6925 
3 6925 6930 7033 
3 7030 7031 7038 
3 7025 7031 7030 
3 7031 7033 7060 
3 7060 7038 7031 
3 6901 7062 7009 
3 6901 7028 7062 
3 6901 6913 7028 
3 5543 7030 5542 
3 5543 7062 7030 
3 7062 7028 7030 
3 5538 7009 7062 
3 7062 5545 5538 
3 7062 5543 5545 
3 7065 5548 7038 
3 5548 7030 7038 
3 5548 5542 7030 
3 7065 7060 7081 
3 7038 7060 7065 
3 5549 5548 7065 
3 7087 5550 7081 
3 5550 5549 7081 
3 5549 7065 7081 
3 7098 7096 7100 
3 7094 7096 7098 
3 7100 7106 7145 
3 7096 7106 7100 
3 7154 7100 7155 
3 7098 7100 7154 
3 7155 7145 7157 
3 7100 7145 7155 
3 7106 7159 7161 
3 7161 7145 7106 
3 7161 7163 7169 
3 7159 7163 7161 
3 7157 7161 7173 
3 7145 7161 7157 
3 7161 7169 7175 
3 7175 7173 7161 
3 7154 7155 7180 
3 7180 7179 7154 
3 7180 7157 7183 
3 7155 7157 7180 
3 7179 7180 7188 
3 7188 7186 7179 
3 6941 6943 7183 
3 6943 7180 7183 
3 6943 7188 7180 
3 7183 7173 7190 
3 7157 7173 7183 
3 7173 7175 7193 
3 7193 7190 7173 
3 7183 7190 6951 
3 6951 6941 7183 
3 7190 7193 6954 
3 6954 6951 7190 
3 6956 7199 6960 
3 6965 7199 6956 
3 6966 7206 6967 
3 7215 7213 7217 
3 7211 7213 7215 
3 7217 7223 7227 
3 7213 7223 7217 
3 7215 7217 7241 
3 7241 7230 7215 
3 7217 7227 7242 
3 7242 7241 7217 
3 7251 7244 7256 
3 7243 7244 7251 
3 7256 7230 7258 
3 7244 7230 7256 
3 7016 7256 7018 
3 7251 7256 7016 
3 7018 7258 7027 
3 7256 7258 7018 
3 7258 7241 7260 
3 7230 7241 7258 
3 7241 7242 7262 
3 7262 7260 7241 
3 7027 7260 7039 
3 7258 7260 7027 
3 7260 7262 7043 
3 7043 7039 7260 
3 7227 7264 7267 
3 7223 7264 7227 
3 7267 7269 7273 
3 7264 7269 7267 
3 7242 7267 7275 
3 7227 7267 7242 
3 7267 7273 7277 
3 7277 7275 7267 
3 7242 7275 7278 
3 7278 7262 7242 
3 7278 7277 7280 
3 7275 7277 7278 
3 5519 7262 5516 
3 7262 7278 5516 
3 5519 7043 7262 
3 5516 7278 7280 
3 7280 5521 5516 
3 6971 7284 6970 
3 7285 7284 6971 
3 6971 6960 7285 
3 6960 7287 7285 
3 6960 7199 7287 
3 7284 7285 6974 
3 6974 6973 7284 
3 7285 7287 6979 
3 6979 6974 7285 
3 6965 7287 7199 
3 6965 6972 7287 
3 6972 7290 7287 
3 6972 7292 7290 
3 6972 6967 7292 
3 6967 7206 7292 
3 7287 7290 6987 
3 6987 6979 7287 
3 7290 7292 6991 
3 6991 6987 7290 
3 5793 7554 7601 
3 7601 5834 5793 
3 7601 5758 5834 
3 4823 4820 8368 
3 4820 4825 8373 
3 8373 8368 4820 
3 4825 4827 8377 
3 8377 8373 4825 
3 4827 4829 8380 
3 8380 8377 4827 
3 4844 4836 8385 
3 8385 4845 8388 
3 4836 4845 8385 
3 4847 4846 8390 
3 8390 4848 8393 
3 4846 4848 8390 
3 8396 4847 8390 
3 8396 4845 4847 
3 8396 8388 4845 
3 8390 8393 8401 
3 8401 8396 8390 
3 4850 4849 8404 
3 8363 4851 8406 
3 4834 4851 8363 
3 8408 4850 8404 
3 8408 8406 4850 
3 8406 4851 4850 
3 8404 4852 8410 
3 4849 4852 8404 
3 8410 4853 8411 
3 4852 4853 8410 
3 8404 8410 8412 
3 8412 8408 8404 
3 8410 8411 8413 
3 8413 8412 8410 
3 8363 8406 8414 
3 8414 8392 8363 
3 8406 8408 8415 
3 8415 8414 8406 
3 8392 8414 8416 
3 8416 8398 8392 
3 8414 8415 8417 
3 8417 8416 8414 
3 8408 8412 8418 
3 8418 8415 8408 
3 8412 8413 8419 
3 8419 8418 8412 
3 8415 8418 8421 
3 8421 8417 8415 
3 8418 8419 8424 
3 8424 8421 8418 
3 8430 4844 8385 
3 8430 4853 4844 
3 8430 8411 4853 
3 8385 8388 8431 
3 8431 8430 8385 
3 8411 8430 8432 
3 8432 8413 8411 
3 8430 8431 8433 
3 8433 8432 8430 
3 8388 8396 8435 
3 8435 8431 8388 
3 8396 8401 8438 
3 8438 8435 8396 
3 8431 8435 8440 
3 8440 8433 8431 
3 8435 8438 8442 
3 8442 8440 8435 
3 8413 8432 8444 
3 8444 8419 8413 
3 8432 8433 8445 
3 8445 8444 8432 
3 8419 8444 8446 
3 8446 8424 8419 
3 8444 8445 8447 
3 8447 8446 8444 
3 8433 8440 8448 
3 8448 8445 8433 
3 8440 8442 8449 
3 8449 8448 8440 
3 8445 8448 8450 
3 8450 8447 8445 
3 8448 8449 8451 
3 8451 8450 8448 
3 4855 4854 8452 
3 4854 4856 8453 
3 8453 8452 4854 
3 4858 4857 8454 
3 4857 4859 8455 
3 8455 8454 4857 
3 8456 4858 8454 
3 8456 8453 4858 
3 8453 4856 4858 
3 8454 8455 8457 
3 8457 8456 8454 
3 8458 4855 8452 
3 8458 8393 4855 
3 8393 4848 4855 
3 8452 8453 8459 
3 8459 8458 8452 
3 8393 8458 8460 
3 8460 8401 8393 
3 8458 8459 8461 
3 8461 8460 8458 
3 8453 8456 8462 
3 8462 8459 8453 
3 8456 8457 8463 
3 8463 8462 8456 
3 8459 8462 8464 
3 8464 8461 8459 
3 8462 8463 8465 
3 8465 8464 8462 
3 8466 4823 8368 
3 8466 8455 4823 
3 8455 4859 4823 
3 8368 8373 8467 
3 8467 8466 8368 
3 8455 8466 8468 
3 8468 8457 8455 
3 8466 8467 8469 
3 8469 8468 8466 
3 8373 8377 8470 
3 8470 8467 8373 
3 8377 8380 8471 
3 8471 8470 8377 
3 8467 8470 8472 
3 8472 8469 8467 
3 8470 8471 8473 
3 8473 8472 8470 
3 8457 8468 8474 
3 8474 8463 8457 
3 8468 8469 8475 
3 8475 8474 8468 
3 8463 8474 8476 
3 8476 8465 8463 
3 8474 8475 8351 
3 8351 8476 8474 
3 8469 8472 8477 
3 8477 8475 8469 
3 8472 8473 8478 
3 8478 8477 8472 
3 8475 8477 8352 
3 8352 8351 8475 
3 8477 8478 8356 
3 8356 8352 8477 
3 8401 8460 8479 
3 8479 8438 8401 
3 8460 8461 8480 
3 8480 8479 8460 
3 8438 8479 8481 
3 8481 8442 8438 
3 8479 8480 8482 
3 8482 8481 8479 
3 8461 8464 8483 
3 8483 8480 8461 
3 8464 8465 8484 
3 8484 8483 8464 
3 8480 8483 8485 
3 8485 8482 8480 
3 8483 8484 8369 
3 8369 8485 8483 
3 8442 8481 8486 
3 8486 8449 8442 
3 8481 8482 8487 
3 8487 8486 8481 
3 8449 8486 8488 
3 8488 8451 8449 
3 8486 8487 8489 
3 8489 8488 8486 
3 8482 8485 8490 
3 8490 8487 8482 
3 8485 8369 8372 
3 8372 8490 8485 
3 8487 8490 8491 
3 8491 8489 8487 
3 8490 8372 8379 
3 8379 8491 8490 
3 8465 8476 8492 
3 8492 8484 8465 
3 8476 8351 8353 
3 8353 8492 8476 
3 8484 8492 8371 
3 8371 8369 8484 
3 8492 8353 8361 
3 8361 8371 8492 
3 126 121 128 
3 116 121 126 
3 128 129 148 
3 121 129 128 
3 126 128 154 
3 154 153 126 
3 128 148 156 
3 156 154 128 
3 148 160 180 
3 129 160 148 
3 180 184 187 
3 160 184 180 
3 156 180 189 
3 148 180 156 
3 180 187 190 
3 190 189 180 
3 191 154 192 
3 153 154 191 
3 192 156 194 
3 154 156 192 
3 191 192 201 
3 201 195 191 
3 201 194 205 
3 192 194 201 
3 156 189 209 
3 209 194 156 
3 189 190 212 
3 212 209 189 
3 205 209 222 
3 194 209 205 
3 209 212 225 
3 225 222 209 
3 232 231 234 
3 229 231 232 
3 231 237 240 
3 240 234 231 
3 245 234 246 
3 232 234 245 
3 246 240 255 
3 234 240 246 
3 237 256 257 
3 257 240 237 
3 256 258 259 
3 259 257 256 
3 255 257 261 
3 240 257 255 
3 261 259 262 
3 257 259 261 
3 245 246 266 
3 266 264 245 
3 246 255 278 
3 278 266 246 
3 281 266 284 
3 264 266 281 
3 284 278 286 
3 266 278 284 
3 278 261 290 
3 255 261 278 
3 290 262 294 
3 261 262 290 
3 278 290 298 
3 298 286 278 
3 298 294 302 
3 290 294 298 
3 331 324 333 
3 319 324 331 
3 333 334 345 
3 324 334 333 
3 331 333 356 
3 356 349 331 
3 333 345 359 
3 359 356 333 
3 259 364 367 
3 258 364 259 
3 364 349 369 
3 369 367 364 
3 262 367 372 
3 259 367 262 
3 372 369 376 
3 367 369 372 
3 369 356 381 
3 349 356 369 
3 356 359 407 
3 407 381 356 
3 369 381 408 
3 408 376 369 
3 408 407 409 
3 381 407 408 
3 345 411 413 
3 334 411 345 
3 411 416 419 
3 419 413 411 
3 345 413 421 
3 421 359 345 
3 421 419 423 
3 413 419 421 
3 416 426 430 
3 430 419 416 
3 426 433 436 
3 436 430 426 
3 419 430 440 
3 440 423 419 
3 440 436 442 
3 430 436 440 
3 359 421 444 
3 444 407 359 
3 444 423 447 
3 421 423 444 
3 407 444 449 
3 449 409 407 
3 449 447 450 
3 444 447 449 
3 447 440 452 
3 423 440 447 
3 440 442 454 
3 454 452 440 
3 450 452 456 
3 447 452 450 
3 456 454 474 
3 452 454 456 
3 454 479 481 
3 442 479 454 
3 481 483 485 
3 479 483 481 
3 474 481 490 
3 454 481 474 
3 481 485 493 
3 493 490 481 
3 294 372 496 
3 262 372 294 
3 372 376 498 
3 498 496 372 
3 294 496 499 
3 499 302 294 
3 496 498 500 
3 500 499 496 
3 409 449 504 
3 504 502 409 
3 449 450 505 
3 505 504 449 
3 502 504 511 
3 511 507 502 
3 504 505 524 
3 524 511 504 
3 450 456 530 
3 530 505 450 
3 530 474 531 
3 456 474 530 
3 524 530 533 
3 505 530 524 
3 530 531 535 
3 535 533 530 
3 524 533 539 
3 539 537 524 
3 539 535 541 
3 533 535 539 
3 537 539 545 
3 545 543 537 
3 539 541 547 
3 547 545 539 
3 550 545 552 
3 543 545 550 
3 545 547 554 
3 554 552 545 
3 550 552 556 
3 556 555 550 
3 556 554 558 
3 552 554 556 
3 531 490 560 
3 474 490 531 
3 490 493 564 
3 564 560 490 
3 531 560 570 
3 570 535 531 
3 570 564 574 
3 560 564 570 
3 541 570 576 
3 535 570 541 
3 570 574 577 
3 577 576 570 
3 541 576 578 
3 578 547 541 
3 578 577 581 
3 576 577 578 
3 577 584 590 
3 574 584 577 
3 590 592 595 
3 584 592 590 
3 577 590 598 
3 598 581 577 
3 590 595 602 
3 602 598 590 
3 554 578 605 
3 547 578 554 
3 578 581 607 
3 607 605 578 
3 558 605 609 
3 554 605 558 
3 605 607 611 
3 611 609 605 
3 48 613 58 
3 612 613 48 
3 613 614 615 
3 612 614 613 
3 58 115 27 
3 613 115 58 
3 115 615 120 
3 613 615 115 
3 1241 1250 1264 
3 1264 1262 1241 
3 1264 1266 1282 
3 1250 1266 1264 
3 1262 1264 1323 
3 1323 1305 1262 
3 1264 1282 1333 
3 1333 1323 1264 
3 1282 1372 1401 
3 1266 1372 1282 
3 1372 1412 1434 
3 1434 1401 1372 
3 1282 1401 1442 
3 1442 1333 1282 
3 1401 1434 1505 
3 1505 1442 1401 
3 1511 1526 1581 
3 1581 1536 1511 
3 1526 1595 1614 
3 1614 1581 1526 
3 1536 1581 1664 
3 1664 1637 1536 
3 1581 1614 1672 
3 1672 1664 1581 
3 1614 1674 1688 
3 1595 1674 1614 
3 1688 1305 1724 
3 1674 1305 1688 
3 1614 1688 1734 
3 1734 1672 1614 
3 1688 1724 1735 
3 1735 1734 1688 
3 1637 1664 1770 
3 1770 1746 1637 
3 1664 1672 1777 
3 1777 1770 1664 
3 431 1770 1787 
3 1746 1770 431 
3 1787 1777 1805 
3 1770 1777 1787 
3 1777 1734 1807 
3 1672 1734 1777 
3 1734 1735 1809 
3 1809 1807 1734 
3 1777 1807 1822 
3 1822 1805 1777 
3 1822 1809 1836 
3 1807 1809 1822 
3 1305 1323 1854 
3 1854 1724 1305 
3 1854 1333 1867 
3 1323 1333 1854 
3 1735 1854 1875 
3 1724 1854 1735 
3 1875 1867 1896 
3 1854 1867 1875 
3 1333 1442 1944 
3 1944 1867 1333 
3 1944 1505 1956 
3 1442 1505 1944 
3 1896 1944 1958 
3 1867 1944 1896 
3 1944 1956 1977 
3 1977 1958 1944 
3 1735 1875 2010 
3 2010 1809 1735 
3 1875 1896 2018 
3 2018 2010 1875 
3 1836 2010 2027 
3 1809 2010 1836 
3 2010 2018 2041 
3 2041 2027 2010 
3 1896 1958 2067 
3 2067 2018 1896 
3 1958 1977 2095 
3 2095 2067 1958 
3 2018 2067 2104 
3 2104 2041 2018 
3 2067 2095 2115 
3 2115 2104 2067 
3 1943 2124 2138 
3 2138 1945 1943 
3 2124 2159 2186 
3 2186 2138 2124 
3 1945 2138 2196 
3 2196 1949 1945 
3 2138 2186 2198 
3 2198 2196 2138 
3 2159 2209 2241 
3 2241 2186 2159 
3 2241 2314 2356 
3 2209 2314 2241 
3 2186 2241 2363 
3 2363 2198 2186 
3 2241 2356 2403 
3 2403 2363 2241 
3 1949 2196 2428 
3 2428 2008 1949 
3 2428 2198 2439 
3 2196 2198 2428 
3 2117 2428 2445 
3 2008 2428 2117 
3 2445 2439 2476 
3 2428 2439 2445 
3 2439 2363 2490 
3 2198 2363 2439 
3 2490 2403 2508 
3 2363 2403 2490 
3 2439 2490 2516 
3 2516 2476 2439 
3 2490 2508 2549 
3 2549 2516 2490 
3 2314 2570 2586 
3 2586 2356 2314 
3 417 2586 397 
3 2586 2570 397 
3 2570 394 397 
3 2403 2586 2593 
3 2356 2586 2403 
3 467 2593 445 
3 2593 2586 445 
3 2586 417 445 
3 2508 2593 2601 
3 2403 2593 2508 
3 494 2601 487 
3 2601 2593 487 
3 2593 467 487 
3 2508 2601 2613 
3 2613 2549 2508 
3 542 2613 536 
3 2613 2601 536 
3 2601 494 536 
3 2117 2445 2625 
3 2625 2572 2117 
3 2625 2476 2634 
3 2445 2476 2625 
3 2572 2625 2666 
3 2666 2594 2572 
3 2625 2634 2672 
3 2672 2666 2625 
3 2634 2516 2705 
3 2476 2516 2634 
3 2516 2549 2714 
3 2714 2705 2516 
3 2634 2705 2738 
3 2738 2672 2634 
3 2705 2714 2753 
3 2753 2738 2705 
3 2549 2613 2758 
3 2758 2714 2549 
3 2758 542 2786 
3 2613 542 2758 
3 2714 2758 2796 
3 2796 2753 2714 
3 2758 2786 2803 
3 2803 2796 2758 
3 2810 544 546 
3 2810 2786 544 
3 2786 542 544 
3 2828 551 553 
3 2828 2810 551 
3 2810 546 551 
3 2803 2810 2838 
3 2786 2810 2803 
3 2810 2828 2860 
3 2860 2838 2810 
3 566 557 1787 
3 557 434 1787 
3 434 431 1787 
3 557 439 434 
3 1787 1805 2867 
3 2867 566 1787 
3 2873 567 2867 
3 567 566 2867 
3 2873 569 567 
3 2867 1822 2876 
3 1805 1822 2867 
3 1822 1836 2887 
3 2887 2876 1822 
3 2873 2876 2895 
3 2867 2876 2873 
3 2895 2887 2902 
3 2876 2887 2895 
3 2940 572 2873 
3 572 569 2873 
3 2940 575 572 
3 2966 573 575 
3 2966 549 573 
3 549 528 573 
3 2966 553 549 
3 2966 2940 2979 
3 575 2940 2966 
3 2873 2895 2998 
3 2998 2940 2873 
3 2895 2902 3020 
3 3020 2998 2895 
3 2940 2998 3026 
3 3026 2979 2940 
3 2998 3020 3047 
3 3047 3026 2998 
3 2887 2027 3054 
3 1836 2027 2887 
3 3054 2041 3057 
3 2027 2041 3054 
3 2902 3054 3070 
3 2887 3054 2902 
3 3070 3057 3075 
3 3054 3057 3070 
3 3057 2104 3078 
3 2041 2104 3057 
3 3078 2115 2367 
3 2104 2115 3078 
3 3075 3078 3084 
3 3057 3078 3075 
3 3084 2367 2418 
3 3078 2367 3084 
3 2828 2966 3090 
3 553 2966 2828 
3 2966 2979 3101 
3 3101 3090 2966 
3 2828 3090 3105 
3 3105 2860 2828 
3 3090 3101 3118 
3 3118 3105 3090 
3 2979 3026 3129 
3 3129 3101 2979 
3 3129 3047 3134 
3 3026 3047 3129 
3 3101 3129 3138 
3 3138 3118 3101 
3 3138 3134 3145 
3 3129 3134 3138 
3 3016 3093 3155 
3 3155 3152 3016 
3 3155 3097 3159 
3 3093 3097 3155 
3 3152 3155 2362 
3 2362 2353 3152 
3 3155 3159 2417 
3 2417 2362 3155 
3 3097 3136 3163 
3 3163 3159 3097 
3 3163 2456 2566 
3 3136 2456 3163 
3 2417 3163 3167 
3 3159 3163 2417 
3 3163 2566 2669 
3 2669 3167 3163 
3 3288 3281 3289 
3 1686 3281 3288 
3 3281 3300 3310 
3 3310 3289 3281 
3 3288 3289 3338 
3 3338 3335 3288 
3 3338 3310 3340 
3 3289 3310 3338 
3 3365 3361 3373 
3 3355 3361 3365 
3 3373 3335 3387 
3 3361 3335 3373 
3 3399 3373 3431 
3 3365 3373 3399 
3 3431 3387 3447 
3 3373 3387 3431 
3 3387 3338 3454 
3 3335 3338 3387 
3 3338 3340 3456 
3 3456 3454 3338 
3 3387 3454 3459 
3 3459 3447 3387 
3 3454 3456 3476 
3 3476 3459 3454 
3 3505 3497 3508 
3 3493 3497 3505 
3 3508 3520 3529 
3 3497 3520 3508 
3 3532 3508 3536 
3 3505 3508 3532 
3 3536 3529 3538 
3 3508 3529 3536 
3 645 968 3895 
3 3895 3799 645 
3 3918 4198 3915 
3 3940 4198 3918 
3 4004 4237 3985 
3 4004 4030 4237 
3 4030 948 4237 
3 4030 944 948 
3 950 944 4030 
3 4030 4117 950 
3 4125 4249 4127 
3 4125 4132 4249 
3 4132 970 4249 
3 4132 966 970 
3 4117 4127 950 
3 4127 4249 950 
3 4249 988 950 
3 4249 970 988 
3 1002 966 4132 
3 4132 4138 1002 
3 4138 4225 1002 
3 4225 1046 1002 
3 4138 4041 4225 
3 1043 1046 4225 
3 4114 1071 1054 
3 4114 4260 1071 
3 4114 4144 4260 
3 4264 4260 4144 
3 4144 4146 4264 
3 4151 4264 4146 
3 4266 4264 4151 
3 4152 4266 4151 
3 4269 4266 4152 
3 4154 1089 4157 
3 1076 1089 4154 
3 1100 1113 4171 
3 4171 4167 1100 
3 3967 1100 4167 
3 961 1100 3967 
3 4171 1076 4154 
3 1113 1076 4171 
3 4174 4276 4176 
3 4174 1089 4276 
3 1089 1121 4276 
3 4174 4157 1089 
3 4152 1124 4269 
3 4152 4176 1124 
3 4176 1123 1124 
3 4176 4276 1123 
3 4276 1121 1123 
3 4332 4699 4337 
3 4343 4699 4332 
3 4695 4699 4343 
3 4434 3975 3967 
3 4434 4698 3975 
3 4434 4404 4698 
3 4698 3985 3975 
3 4724 4043 4121 
3 4469 4446 4724 
3 4446 4143 4724 
3 4143 4043 4724 
3 4503 4143 4446 
3 4147 4143 4503 
3 4424 4712 4529 
3 4556 4734 4538 
3 4740 4734 4556 
3 4556 4529 4740 
3 4529 4728 4740 
3 4529 4712 4728 
3 4864 4870 4881 
3 4881 4876 4864 
3 4870 4886 4898 
3 4898 4881 4870 
3 4876 4881 4911 
3 4911 4905 4876 
3 4881 4898 4915 
3 4915 4911 4881 
3 4923 4927 4929 
3 4929 4928 4923 
3 4927 4905 4930 
3 4930 4929 4927 
3 4820 4928 4929 
3 4820 4823 4928 
3 4823 4931 4928 
3 4929 4930 4825 
3 4825 4820 4929 
3 4905 4911 4932 
3 4932 4930 4905 
3 4911 4915 4934 
3 4934 4932 4911 
3 4930 4932 4827 
3 4827 4825 4930 
3 4932 4934 4829 
3 4829 4827 4932 
3 4940 4904 4943 
3 4878 4904 4940 
3 4904 4917 4945 
3 4945 4943 4904 
3 4940 4943 4953 
3 4953 4949 4940 
3 4943 4945 4971 
3 4971 4953 4943 
3 4917 4959 4980 
3 4980 4945 4917 
3 4959 4962 4984 
3 4984 4980 4959 
3 4945 4980 4988 
3 4988 4971 4945 
3 4980 4984 4990 
3 4990 4988 4980 
3 4949 4953 5025 
3 5025 4994 4949 
3 4953 4971 5029 
3 5029 5025 4953 
3 4994 5025 5038 
3 5038 4880 4994 
3 5025 5029 5041 
3 5041 5038 5025 
3 4971 4988 5043 
3 5043 5029 4971 
3 4988 4990 5045 
3 5045 5043 4988 
3 5029 5043 5064 
3 5064 5041 5029 
3 5043 5045 5072 
3 5072 5064 5043 
3 4962 4979 5081 
3 5081 4984 4962 
3 4979 4983 5085 
3 5085 5081 4979 
3 4984 5081 5087 
3 5087 4990 4984 
3 5081 5085 5088 
3 5088 5087 5081 
3 4983 4995 5090 
3 5090 5085 4983 
3 4995 5013 5092 
3 5092 5090 4995 
3 5085 5090 5094 
3 5094 5088 5085 
3 5090 5092 5105 
3 5105 5094 5090 
3 4990 5087 5108 
3 5108 5045 4990 
3 5087 5088 5111 
3 5111 5108 5087 
3 4836 5045 5108 
3 4836 4844 5045 
3 4844 5072 5045 
3 5108 5111 4845 
3 4845 4836 5108 
3 4846 5088 5094 
3 4846 4847 5088 
3 4847 5111 5088 
3 5094 5105 4848 
3 4848 4846 5094 
3 4845 5111 4847 
3 4880 5038 5118 
3 5118 4882 4880 
3 4849 4850 5041 
3 4850 5038 5041 
3 4850 5118 5038 
3 4834 5118 4851 
3 4882 5118 4834 
3 4851 5118 4850 
3 4849 5064 4852 
3 5041 5064 4849 
3 4852 5072 4853 
3 5064 5072 4852 
3 4853 5072 4844 
3 5013 5091 5125 
3 5125 5092 5013 
3 5091 5099 5126 
3 5126 5125 5091 
3 4854 5092 5125 
3 4854 4855 5092 
3 4855 5105 5092 
3 5125 5126 4856 
3 4856 4854 5125 
3 4857 4858 5104 
3 4858 5099 5104 
3 4858 5126 5099 
3 5104 4931 4859 
3 4859 4857 5104 
3 4856 5126 4858 
3 4848 5105 4855 
3 4859 4931 4823 
3 5516 5554 5519 
3 5557 5554 5516 
3 5516 5521 5557 
3 5531 5563 5534 
3 5566 5563 5531 
3 5531 5537 5566 
3 5539 5570 5540 
3 5574 5566 5537 
3 5537 5541 5574 
3 5541 5577 5574 
3 5541 5540 5577 
3 5540 5570 5577 
3 5585 5589 5594 
3 5594 5592 5585 
3 5594 5597 5599 
3 5589 5597 5594 
3 5385 5592 5594 
3 5594 5388 5385 
3 5606 5390 5599 
3 5390 5388 5599 
3 5388 5594 5599 
3 5597 5610 5613 
3 5613 5599 5597 
3 5613 5615 5618 
3 5610 5615 5613 
3 5599 5613 5637 
3 5637 5606 5599 
3 5394 5637 5392 
3 5637 5613 5392 
3 5613 5618 5392 
3 5396 5390 5606 
3 5654 5397 5637 
3 5397 5396 5637 
3 5396 5606 5637 
3 5657 5654 5399 
3 5654 5637 5399 
3 5637 5394 5399 
3 5400 5397 5654 
3 5401 5654 5657 
3 5400 5654 5401 
3 5406 5615 5404 
3 5615 5653 5404 
3 5406 5618 5615 
3 5653 5374 5404 
3 5618 5406 5392 
3 5657 5399 5409 
3 5657 5409 5401 
3 6130 6080 6141 
3 6029 6080 6130 
3 6080 6149 6160 
3 6160 6141 6080 
3 5748 5755 6141 
3 5755 6130 6141 
3 5755 6163 6130 
3 5748 6160 5768 
3 6141 6160 5748 
3 6215 6225 6241 
3 6241 6227 6215 
3 6225 6272 6284 
3 6284 6241 6225 
3 6227 6241 6319 
3 6319 6149 6227 
3 6241 6284 6336 
3 6336 6319 6241 
3 6284 6358 6402 
3 6272 6358 6284 
3 6402 6278 6411 
3 6358 6278 6402 
3 6284 6402 6433 
3 6433 6336 6284 
3 6433 6411 6448 
3 6402 6411 6433 
3 6160 6319 6450 
3 6149 6319 6160 
3 5791 5798 6336 
3 5798 6319 6336 
3 5798 6450 6319 
3 5768 6450 5806 
3 6160 6450 5768 
3 5806 6450 5798 
3 5791 6433 5821 
3 6336 6433 5791 
3 6433 6448 5836 
3 5836 5821 6433 
3 6502 6481 6554 
3 6457 6481 6502 
3 6554 6564 6570 
3 6481 6564 6554 
3 6502 6554 6584 
3 6584 6575 6502 
3 6554 6570 6591 
3 6591 6584 6554 
3 6564 6615 6622 
3 6622 6570 6564 
3 6622 6630 6632 
3 6615 6630 6622 
3 6591 6622 6654 
3 6570 6622 6591 
3 6654 6632 6661 
3 6622 6632 6654 
3 6674 6584 6685 
3 6575 6584 6674 
3 6685 6591 6693 
3 6584 6591 6685 
3 5857 6674 6685 
3 5857 5674 6674 
3 5857 5518 5674 
3 6685 6693 5865 
3 5865 5857 6685 
3 5891 5896 6654 
3 5896 6591 6654 
3 5896 6693 6591 
3 5891 6661 5898 
3 6654 6661 5891 
3 5865 6693 5896 
3 6632 6713 6719 
3 6630 6713 6632 
3 6719 6725 6736 
3 6713 6725 6719 
3 6661 6719 6746 
3 6632 6719 6661 
3 5904 5942 6736 
3 5942 6719 6736 
3 5942 6746 6719 
3 6736 6755 6757 
3 6725 6755 6736 
3 6755 6779 6800 
3 6800 6757 6755 
3 6736 6757 5950 
3 5950 5904 6736 
3 5950 6800 5969 
3 6757 6800 5950 
3 5898 6746 5973 
3 6661 6746 5898 
3 5973 6746 5942 
3 5978 5982 6805 
3 5982 6779 6805 
3 5982 6800 6779 
3 6805 6163 5983 
3 5983 5978 6805 
3 5969 6800 5982 
3 5983 6163 5755 
3 6893 6891 7307 
3 6896 7307 7315 
3 6893 7307 6896 
3 6901 6896 7315 
3 6891 6905 7332 
3 7332 7307 6891 
3 7332 6905 6907 
3 6913 7307 6911 
3 7307 7332 6911 
3 6913 7315 7307 
3 7332 6907 6911 
3 6925 6920 7340 
3 6930 7340 7341 
3 6925 7340 6930 
3 7315 6913 6901 
3 6943 6941 7349 
3 6941 6951 7357 
3 7357 7349 6941 
3 6951 6954 7362 
3 7362 7357 6951 
3 7376 7371 7380 
3 7367 7371 7376 
3 7371 7386 7389 
3 7389 7380 7371 
3 7392 7380 7396 
3 7376 7380 7392 
3 6960 7396 6956 
3 7396 7380 6956 
3 7380 7389 6956 
3 7389 7399 7413 
3 7386 7399 7389 
3 7413 7418 7421 
3 7399 7418 7413 
3 7423 6956 7413 
3 6956 7389 7413 
3 7423 6965 6956 
3 6967 7423 6966 
3 7423 7413 6966 
3 7413 7421 6966 
3 7427 7295 7429 
3 7294 7295 7427 
3 7295 7297 7432 
3 7432 7429 7295 
3 7427 7429 7480 
3 7480 7434 7427 
3 7429 7432 7484 
3 7484 7480 7429 
3 7297 7303 7493 
3 7493 7432 7297 
3 7303 7305 7498 
3 7498 7493 7303 
3 7432 7493 7499 
3 7499 7484 7432 
3 7493 7498 7500 
3 7500 7499 7493 
3 6970 7392 7396 
3 7396 6971 6970 
3 7396 6960 6971 
3 6972 6965 7423 
3 7423 6967 6972 
3 5764 5738 7591 
3 5738 5775 7598 
3 7598 7591 5738 
3 7588 5801 7606 
3 5745 5801 7588 
3 7606 5829 7614 
3 5801 5829 7606 
3 7600 7606 7615 
3 7588 7606 7600 
3 7606 7614 7624 
3 7624 7615 7606 
3 7629 5764 7591 
3 7629 7614 5764 
3 7614 5829 5764 
3 7591 7598 7631 
3 7631 7629 7591 
3 7614 7629 7633 
3 7633 7624 7614 
3 7633 7631 7644 
3 7629 7631 7633 
3 5872 5841 7651 
3 7598 5876 7673 
3 5775 5876 7598 
3 7694 5872 7651 
3 7694 7673 5872 
3 7673 5876 5872 
3 5841 5880 7716 
3 7716 7651 5841 
3 5880 5882 7723 
3 7723 7716 5880 
3 7651 7716 7730 
3 7730 7694 7651 
3 7730 7723 7738 
3 7716 7723 7730 
3 7598 7673 7784 
3 7784 7631 7598 
3 7784 7694 7807 
3 7673 7694 7784 
3 7631 7784 7776 
3 7776 7644 7631 
3 7784 7807 7818 
3 7818 7776 7784 
3 7807 7730 7857 
3 7694 7730 7807 
3 7730 7738 7864 
3 7864 7857 7730 
3 7807 7857 7841 
3 7841 7818 7807 
3 7841 7864 7853 
3 7857 7864 7841 
3 5889 5885 7872 
3 5885 5901 7890 
3 7890 7872 5885 
3 5936 5907 7900 
3 7900 5944 7931 
3 5907 5944 7900 
3 7941 5936 7900 
3 7941 5901 5936 
3 7941 7890 5901 
3 7941 7931 7950 
3 7900 7931 7941 
3 5956 5955 7974 
3 7974 5957 7549 
3 5955 5957 7974 
3 5944 5959 7986 
3 7986 7931 5944 
3 5959 5960 7094 
3 7094 7986 5959 
3 7931 7986 7993 
3 7993 7950 7931 
3 7154 7993 7098 
3 7993 7986 7098 
3 7986 7094 7098 
3 7106 7096 7974 
3 7096 5956 7974 
3 7096 7094 5956 
3 7094 5960 5956 
3 7163 7159 7549 
3 7159 7106 7549 
3 7106 7974 7549 
3 8008 5889 7872 
3 8008 7723 5889 
3 7723 5882 5889 
3 7872 7890 8013 
3 8013 8008 7872 
3 7723 8008 8020 
3 8020 7738 7723 
3 8020 8013 8024 
3 8008 8013 8020 
3 8013 7941 8030 
3 7890 7941 8013 
3 8030 7950 8048 
3 7941 7950 8030 
3 8013 8030 8054 
3 8054 8024 8013 
3 8054 8048 8083 
3 8030 8048 8054 
3 7738 8020 8089 
3 8089 7864 7738 
3 8020 8024 8096 
3 8096 8089 8020 
3 7864 8089 8101 
3 8101 7853 7864 
3 8089 8096 8109 
3 8109 8101 8089 
3 8024 8054 8132 
3 8132 8096 8024 
3 8054 8083 8143 
3 8143 8132 8054 
3 8096 8132 8148 
3 8148 8109 8096 
3 8132 8143 8151 
3 8151 8148 8132 
3 7950 7993 8159 
3 8159 8048 7950 
3 7186 8159 7179 
3 8159 7993 7179 
3 7993 7154 7179 
3 8048 8159 8219 
3 8219 8083 8048 
3 8219 7186 8223 
3 8159 7186 8219 
3 8230 7188 7349 
3 7188 6943 7349 
3 8230 8223 7188 
3 8223 7186 7188 
3 8014 7357 7362 
3 8014 8230 7357 
3 8230 7349 7357 
3 8143 8219 8261 
3 8083 8219 8143 
3 8219 8223 8264 
3 8264 8261 8219 
3 8143 8261 8266 
3 8266 8151 8143 
3 8266 8264 8269 
3 8261 8264 8266 
3 8223 8230 8273 
3 8273 8264 8223 
3 8273 8014 7367 
3 8230 8014 8273 
3 8269 8273 8284 
3 8264 8273 8269 
3 7392 8284 7376 
3 8284 8273 7376 
3 8273 7367 7376 
3 7600 7615 8293 
3 8293 7677 7600 
3 8293 7624 8297 
3 7615 7624 8293 
3 7677 8293 7564 
3 7564 7556 7677 
3 8293 8297 7603 
3 7603 7564 8293 
3 7624 7633 8302 
3 8302 8297 7624 
3 7633 7644 7800 
3 7800 8302 7633 
3 7603 8302 7690 
3 8297 8302 7603 
3 8302 7800 7737 
3 7737 7690 8302 
3 16 15 17 
3 14 15 16 
3 17 18 19 
3 15 18 17 
3 20 17 21 
3 16 17 20 
3 1 17 19 
3 1 3 17 
3 3 21 17 
3 5 18 22 
3 5 6 18 
3 6 19 18 
3 5 22 7 
3 1 19 6 
3 25 24 26 
3 23 24 25 
3 8 24 20 
3 8 26 24 
3 8 9 26 
3 10 26 11 
3 25 26 10 
3 11 26 9 
3 20 21 12 
3 12 8 20 
3 12 21 3 
3 1290 1288 1327 
3 1277 1288 1290 
3 1327 1354 1406 
3 1288 1354 1327 
3 934 1327 963 
3 1290 1327 934 
3 963 1406 969 
3 1327 1406 963 
3 974 1354 1420 
3 974 996 1354 
3 996 1406 1354 
3 974 1449 1003 
3 1420 1449 974 
3 969 1406 996 
3 1475 1485 1508 
3 1508 1496 1475 
3 281 1508 264 
3 1508 1485 264 
3 1485 245 264 
3 1449 1508 1540 
3 1496 1508 1449 
3 1540 281 1591 
3 1508 281 1540 
3 1623 284 286 
3 1623 1591 284 
3 1591 281 284 
3 1260 298 302 
3 1260 1623 298 
3 1623 286 298 
3 1449 1540 1066 
3 1066 1003 1449 
3 1066 1591 1082 
3 1540 1591 1066 
3 1082 1623 1088 
3 1591 1623 1082 
3 1118 1260 1291 
3 1118 1623 1260 
3 1118 1088 1623 
3 1118 1291 941 
3 1639 1652 1706 
3 1706 1695 1639 
3 1652 1743 1792 
3 1792 1706 1652 
3 1814 1706 1823 
3 1695 1706 1814 
3 1823 1792 1918 
3 1706 1792 1823 
3 1743 1932 1942 
3 1942 1792 1743 
3 1942 1963 1975 
3 1932 1963 1942 
3 1137 1145 1942 
3 1145 1792 1942 
3 1145 1918 1792 
3 1942 1975 1152 
3 1152 1137 1942 
3 1998 1823 2023 
3 1814 1823 1998 
3 1167 1823 1918 
3 1167 1170 1823 
3 1170 2023 1823 
3 1998 2023 1173 
3 1173 973 1998 
3 1173 2023 1170 
3 1167 1918 1145 
3 1186 1975 2070 
3 1975 1963 2070 
3 1186 1191 1975 
3 1186 2070 991 
3 1152 1975 1191 
3 1015 1869 1197 
3 1197 694 636 
3 1869 694 1197 
3 2079 2105 2193 
3 2193 2173 2079 
3 2193 2217 2227 
3 2105 2217 2193 
3 2229 2193 319 
3 2173 2193 2229 
3 334 324 2227 
3 324 2193 2227 
3 324 319 2193 
3 2227 2260 2293 
3 2217 2260 2227 
3 2293 2307 2316 
3 2260 2307 2293 
3 416 411 2293 
3 411 2227 2293 
3 411 334 2227 
3 433 426 2316 
3 426 2293 2316 
3 426 416 2293 
3 349 364 331 
3 364 2229 331 
3 2229 319 331 
3 364 258 2229 
3 2307 2347 2373 
3 2373 2316 2307 
3 2347 2391 2407 
3 2407 2373 2347 
3 2316 2373 2412 
3 2412 433 2316 
3 2373 2407 2429 
3 2429 2412 2373 
3 2391 2436 2454 
3 2454 2407 2391 
3 2454 2471 2480 
3 2436 2471 2454 
3 2407 2454 2492 
3 2492 2429 2407 
3 2492 2480 2507 
3 2454 2480 2492 
3 483 479 2412 
3 479 436 2412 
3 436 433 2412 
3 479 442 436 
3 483 2429 2518 
3 2412 2429 483 
3 1474 485 2518 
3 485 483 2518 
3 1474 493 485 
3 2429 2492 2528 
3 2528 2518 2429 
3 2492 2507 2536 
3 2536 2528 2492 
3 1474 2528 1487 
3 2518 2528 1474 
3 1487 2536 1523 
3 2528 2536 1487 
3 507 498 502 
3 498 408 502 
3 408 409 502 
3 498 376 408 
3 507 500 498 
3 1270 499 500 
3 1270 1260 499 
3 1260 302 499 
3 1270 507 1238 
3 500 507 1270 
3 1047 1042 4257 
3 3913 3948 1053 
3 3948 4257 1053 
3 4257 1042 1053 
3 3913 1055 3962 
3 1053 1055 3913 
3 3962 1069 3973 
3 1055 1069 3962 
3 922 1074 3984 
3 3984 3945 922 
3 1074 1085 3993 
3 3993 3984 1074 
3 1143 1098 4263 
3 4005 4013 1157 
3 4013 4263 1157 
3 4263 1098 1157 
3 4019 3993 4263 
3 3993 1143 4263 
3 3993 1085 1143 
3 4019 4263 4013 
3 4025 4005 4257 
3 4005 1047 4257 
3 4005 1157 1047 
3 4025 4257 3948 
3 1175 1171 4027 
3 4027 4034 1175 
3 1181 1179 4270 
3 4105 4107 1182 
3 4107 4270 1182 
3 4270 1179 1182 
3 4108 3973 4270 
3 3973 1069 4270 
3 1069 1181 4270 
3 4108 4270 4107 
3 1182 1184 4110 
3 4110 4105 1182 
3 4110 1175 4034 
3 1184 1175 4110 
3 1190 1187 4274 
3 4115 925 4200 
3 4115 1187 925 
3 4115 4274 1187 
3 4115 4118 4274 
3 4135 4027 4274 
3 4027 1171 4274 
3 1171 1190 4274 
3 4135 4274 4118 
3 4115 4211 4141 
3 4200 4211 4115 
3 4141 4193 3926 
3 4211 4193 4141 
3 3961 3928 4676 
3 3928 3976 4683 
3 4683 4676 3928 
3 4339 4333 4676 
3 4333 3961 4676 
3 4333 3996 3961 
3 4676 4683 4380 
3 4380 4339 4676 
3 4753 4683 4710 
3 4683 3934 4710 
3 4683 3976 3934 
3 4391 4710 4760 
3 4391 4398 4710 
3 4398 4753 4710 
3 4683 4753 4420 
3 4420 4380 4683 
3 4420 4753 4398 
3 4760 4766 4425 
3 4425 4391 4760 
3 4425 4766 4328 
3 5366 5365 5551 
3 5551 5367 5560 
3 5365 5367 5551 
3 5573 5366 5551 
3 5573 5368 5366 
3 5573 5567 5368 
3 5573 5560 5579 
3 5551 5560 5573 
3 5582 5573 5584 
3 5567 5573 5582 
3 5573 5579 5588 
3 5588 5584 5573 
3 5373 5371 5590 
3 5590 5371 5375 
3 5608 5373 5590 
3 5608 5367 5373 
3 5608 5560 5367 
3 5617 5375 5376 
3 5617 5608 5375 
3 5608 5590 5375 
3 5381 5378 5620 
3 5378 5382 5622 
3 5622 5620 5378 
3 5626 5381 5620 
3 5626 5617 5381 
3 5617 5376 5381 
3 5620 5622 5627 
3 5627 5626 5620 
3 5579 5608 5632 
3 5560 5608 5579 
3 5632 5617 5634 
3 5608 5617 5632 
3 5579 5632 5636 
3 5636 5588 5579 
3 5636 5634 5640 
3 5632 5634 5636 
3 5634 5626 5643 
3 5617 5626 5634 
3 5643 5627 5646 
3 5626 5627 5643 
3 5634 5643 5647 
3 5647 5640 5634 
3 5647 5646 5649 
3 5643 5646 5647 
3 5652 5670 5514 
3 5514 5513 5652 
3 5670 5674 5515 
3 5515 5514 5670 
3 5515 5674 5518 
3 5679 5681 5525 
3 5525 5523 5679 
3 5681 5683 5527 
3 5527 5525 5681 
3 5527 5683 5528 
3 4381 4367 6027 
3 4402 4381 6027 
3 6027 4367 4426 
3 4460 4354 6040 
3 6027 4426 4402 
3 4382 4460 6040 
3 4501 4483 6094 
3 6094 4508 6157 
3 4483 4508 6094 
3 4517 4510 6167 
3 6167 4520 6186 
3 4510 4520 6167 
3 6192 4517 6167 
3 6192 6157 4517 
3 6157 4508 4517 
3 6192 6186 6214 
3 6167 6186 6192 
3 4525 4501 6094 
3 6249 4528 6157 
3 4528 4525 6157 
3 4525 6094 6157 
3 4548 4528 6249 
3 6249 6192 6312 
3 6157 6192 6249 
3 6312 6214 6332 
3 6192 6214 6312 
3 6341 4555 6312 
3 4555 4548 6312 
3 4548 6249 6312 
3 6341 6332 6349 
3 6312 6332 6341 
3 4555 6341 6370 
3 6370 4557 4555 
3 5740 6341 6349 
3 5740 6370 6341 
3 5740 5769 6370 
3 4557 6370 6392 
3 6392 4582 4557 
3 5769 5779 6370 
3 5779 6392 6370 
3 5779 6401 6392 
3 4582 6392 6404 
3 6404 4592 4582 
3 6392 6401 6423 
3 6423 6404 6392 
3 4379 6404 6015 
3 4592 6404 4379 
3 6404 6423 6028 
3 6028 6015 6404 
3 6040 4354 4371 
3 6040 4371 4382 
3 4464 4405 6455 
3 4490 4481 5491 
3 6455 4498 6462 
3 4405 4498 6455 
3 5497 6462 5493 
3 6462 4498 5493 
3 4498 4490 5493 
3 4490 5491 5493 
3 4505 4500 6466 
3 6466 4531 6468 
3 4500 4531 6466 
3 4547 4539 6470 
3 6470 4549 6103 
3 4539 4549 6470 
3 6475 4547 6470 
3 6475 4531 4547 
3 6475 6468 4531 
3 6475 6103 6143 
3 6470 6103 6475 
3 5495 4505 6466 
3 5495 5492 4505 
3 5492 4481 4505 
3 5492 5491 4481 
3 5499 5498 6468 
3 5498 6466 6468 
3 5498 5495 6466 
3 6468 6475 6512 
3 6512 5499 6468 
3 6475 6143 6366 
3 6366 6512 6475 
3 6523 5666 6512 
3 5666 5410 6512 
3 5410 5499 6512 
3 6523 5672 5666 
3 6523 6366 6408 
3 6512 6366 6523 
3 4576 4552 6244 
3 4552 4583 6021 
3 6021 6244 4552 
3 6989 6992 7015 
3 7015 7006 6989 
3 6992 7021 7026 
3 7026 7015 6992 
3 7035 7015 7040 
3 7006 7015 7035 
3 7015 7026 7045 
3 7045 7040 7015 
3 7035 7040 7061 
3 7061 7057 7035 
3 7040 7045 7063 
3 7063 7061 7040 
3 7057 7061 6895 
3 6895 6889 7057 
3 7061 7063 6898 
3 6898 6895 7061 
3 6903 7066 6912 
3 7069 7066 6903 
3 6903 6918 7069 
3 7072 7069 6918 
3 6918 6923 7072 
3 6926 7076 6963 
3 7078 7076 6926 
3 6926 6968 7078 
3 6923 6963 7072 
3 6963 7082 7072 
3 6963 7076 7082 
3 7082 7078 7084 
3 7076 7078 7082 
3 7088 7069 7091 
3 7066 7069 7088 
3 7069 7072 7099 
3 7099 7091 7069 
3 7102 7091 7105 
3 7088 7091 7102 
3 7105 7099 7108 
3 7091 7099 7105 
3 7099 7082 7111 
3 7072 7082 7099 
3 7111 7084 7114 
3 7082 7084 7111 
3 7108 7111 7117 
3 7099 7111 7108 
3 7117 7114 7127 
3 7111 7114 7117 
3 7142 7139 7144 
3 7135 7139 7142 
3 7144 7158 7160 
3 7139 7158 7144 
3 7177 7144 7182 
3 7142 7144 7177 
3 7144 7160 7187 
3 7187 7182 7144 
3 7192 7182 7194 
3 7177 7182 7192 
3 7194 7187 7196 
3 7182 7187 7194 
3 7192 7194 7208 
3 7208 7202 7192 
3 7194 7196 7214 
3 7214 7208 7194 
3 7158 7221 7224 
3 7224 7160 7158 
3 7224 7229 7245 
3 7221 7229 7224 
3 7187 7224 7246 
3 7160 7224 7187 
3 7224 7245 7248 
3 7248 7246 7224 
3 7196 7246 7250 
3 7187 7246 7196 
3 5546 7250 5544 
3 7250 7246 5544 
3 7246 7248 5544 
3 7196 7250 7252 
3 7252 7214 7196 
3 7250 5546 5547 
3 5547 7252 7250 
3 7253 7105 7254 
3 7102 7105 7253 
3 7254 7108 7255 
3 7105 7108 7254 
3 7253 7254 7261 
3 7261 7257 7253 
3 7254 7255 7263 
3 7263 7261 7254 
3 7255 7117 7266 
3 7108 7117 7255 
3 7117 7127 7268 
3 7268 7266 7117 
3 7255 7266 7270 
3 7270 7263 7255 
3 7266 7268 7272 
3 7272 7270 7266 
3 7560 7645 7739 
3 7739 7714 7560 
3 5752 7645 5742 
3 7645 7748 5742 
3 5752 7739 7645 
3 5759 7714 7739 
3 7739 5772 5759 
3 7739 5752 5772 
3 5742 7748 7774 
3 7774 5782 5742 
3 7774 5787 5782 
3 7788 7115 7717 
3 7115 6947 7717 
3 6947 7339 7717 
3 7788 7120 7115 
3 7798 7118 7120 
3 7798 7796 7118 
3 7796 7113 7118 
3 7120 7788 7801 
3 7801 7798 7120 
3 7788 7725 7812 
3 7717 7725 7788 
3 7812 7740 7830 
3 7725 7740 7812 
3 5837 7812 5815 
3 5837 7801 7812 
3 7801 7788 7812 
3 5815 7812 7830 
3 7830 5850 5815 
3 7796 7798 7849 
3 7849 7840 7796 
3 5894 7798 5856 
3 7798 7801 5856 
3 5894 7849 7798 
3 5780 7840 7849 
3 7849 5900 5780 
3 7849 5894 5900 
3 7801 5837 5856 
3 7740 7860 7866 
3 7866 7830 7740 
3 7866 7873 7897 
3 7860 7873 7866 
3 5850 7830 7866 
3 7866 5910 5850 
3 5916 7866 7897 
3 5910 7866 5916 
3 7897 7906 7912 
3 7873 7906 7897 
3 5928 7906 5793 
3 7906 7554 5793 
3 5928 7912 7906 
3 5916 7897 7912 
3 7912 5932 5916 
3 7912 5928 5932 
3 636 698 637 
3 694 698 636 
3 639 701 641 
3 639 637 701 
3 637 703 701 
3 637 698 703 
3 641 705 643 
3 701 705 641 
3 705 703 709 
3 701 703 705 
3 643 705 646 
3 647 709 706 
3 647 705 709 
3 647 646 705 
3 648 712 650 
3 648 714 712 
3 648 647 714 
3 647 706 714 
3 650 712 652 
3 652 714 640 
3 712 714 652 
3 653 717 654 
3 694 720 722 
3 722 698 694 
3 720 725 727 
3 727 722 720 
3 698 722 729 
3 729 703 698 
3 722 727 684 
3 684 729 722 
3 727 48 58 
3 725 48 727 
3 727 58 27 
3 27 684 727 
3 709 729 753 
3 703 729 709 
3 729 684 689 
3 689 753 729 
3 706 753 718 
3 709 753 706 
3 718 689 699 
3 753 689 718 
3 645 696 968 
3 1286 1275 1295 
3 1247 1275 1286 
3 1295 1297 118 
3 1275 1297 1295 
3 1286 1295 1350 
3 1350 1321 1286 
3 141 1350 125 
3 1350 1295 125 
3 1295 118 125 
3 136 122 414 
3 122 1297 414 
3 1297 403 414 
3 122 118 1297 
3 1367 1350 1377 
3 1321 1350 1367 
3 200 1377 176 
3 1377 1350 176 
3 1350 141 176 
3 1402 1377 1463 
3 1367 1377 1402 
3 1463 200 1504 
3 1377 200 1463 
3 1510 202 204 
3 1510 1504 202 
3 1504 200 202 
3 1512 210 213 
3 1512 1510 210 
3 1510 204 210 
3 1522 307 308 
3 1522 361 307 
3 361 292 307 
3 1522 386 361 
3 1537 384 386 
3 1537 1512 384 
3 1512 213 384 
3 1537 1522 415 
3 386 1522 1537 
3 1570 328 330 
3 1570 1522 328 
3 1522 308 328 
3 1592 352 354 
3 1592 1570 352 
3 1570 330 352 
3 432 422 1570 
3 422 1522 1570 
3 422 415 1522 
3 76 1592 700 
3 76 443 1592 
3 443 1570 1592 
3 443 432 1570 
3 1604 1463 1618 
3 1402 1463 1604 
3 1463 1504 1629 
3 1629 1618 1463 
3 1645 1618 1655 
3 1604 1618 1645 
3 1618 1629 1666 
3 1666 1655 1618 
3 1629 1510 1668 
3 1504 1510 1629 
3 1510 1512 1676 
3 1676 1668 1510 
3 1629 1668 1690 
3 1690 1666 1629 
3 1668 1676 1703 
3 1703 1690 1668 
3 1666 1690 1817 
3 1817 1753 1666 
3 1817 1703 1837 
3 1690 1703 1817 
3 1753 1817 1879 
3 1879 1863 1753 
3 1817 1837 1895 
3 1895 1879 1817 
3 1676 1537 388 
3 1512 1537 1676 
3 402 390 425 
3 390 1537 425 
3 1537 415 425 
3 390 388 1537 
3 406 1703 391 
3 1703 1676 391 
3 1676 388 391 
3 1703 406 1904 
3 1904 1837 1703 
3 472 1904 466 
3 1904 410 466 
3 410 412 466 
3 1904 406 410 
3 1895 1904 1960 
3 1837 1904 1895 
3 1960 472 1974 
3 1904 472 1960 
3 1990 473 475 
3 1990 1974 473 
3 1974 472 473 
3 1407 486 488 
3 1407 1990 486 
3 1990 475 486 
3 2000 1879 2002 
3 1863 1879 2000 
3 2002 1895 2012 
3 1879 1895 2002 
3 2014 2002 2021 
3 2000 2002 2014 
3 2002 2012 2086 
3 2086 2021 2002 
3 2012 1960 2100 
3 1895 1960 2012 
3 1960 1974 2109 
3 2109 2100 1960 
3 2086 2100 2125 
3 2012 2100 2086 
3 2100 2109 2131 
3 2131 2125 2100 
3 1974 1990 2146 
3 2146 2109 1974 
3 2146 1407 1584 
3 1990 1407 2146 
3 2131 2146 2171 
3 2109 2146 2131 
3 2171 1584 1612 
3 2146 1584 2171 
3 2086 2125 2191 
3 2191 2182 2086 
3 2125 2131 2211 
3 2211 2191 2125 
3 2220 2191 2222 
3 2182 2191 2220 
3 2222 2211 2236 
3 2191 2211 2222 
3 2131 2171 2244 
3 2244 2211 2131 
3 2171 1612 1624 
3 1624 2244 2171 
3 2236 2244 2252 
3 2211 2244 2236 
3 2252 1624 1634 
3 2244 1624 2252 
3 2254 2252 2296 
3 2236 2252 2254 
3 2252 1634 1759 
3 1759 2296 2252 
3 2318 2296 2326 
3 2254 2296 2318 
3 2296 1759 1826 
3 1826 2326 2296 
3 2351 710 711 
3 2351 1592 710 
3 1592 95 710 
3 1592 354 95 
3 661 947 730 
3 947 2351 730 
3 2351 711 730 
3 947 1214 2351 
3 742 735 2351 
3 735 1592 2351 
3 735 700 1592 
3 2351 1214 1227 
3 1227 742 2351 
3 929 927 4199 
3 927 933 4208 
3 4208 4199 927 
3 3925 933 960 
3 3925 3934 933 
3 3934 4208 933 
3 3925 993 3946 
3 960 993 3925 
3 1012 1000 3951 
3 3951 3960 1012 
3 1049 1044 4223 
3 3946 1051 3965 
3 993 1051 3946 
3 3990 3965 4223 
3 3965 1049 4223 
3 3965 1051 1049 
3 4002 1044 1081 
3 4002 4223 1044 
3 4002 4012 4223 
3 4002 1012 3960 
3 1081 1012 4002 
3 3990 4223 4012 
3 4395 4670 4379 
3 4671 4670 4395 
3 4671 3848 4670 
3 3848 3846 4670 
3 4671 3850 3848 
3 4671 4668 3850 
3 4700 4671 4395 
3 4395 4450 4700 
3 4680 4671 4700 
3 4668 4671 4680 
3 4311 4700 4450 
3 4311 3918 4700 
3 3918 4680 4700 
3 3918 3915 4680 
3 4311 4313 3918 
3 4315 4313 4314 
3 4315 3918 4313 
3 4315 3940 3918 
3 4315 4686 3940 
3 4315 4316 4686 
3 4335 4686 4316 
3 4433 4712 4424 
3 4440 4722 4477 
3 4433 4492 4712 
3 4492 4728 4712 
3 4492 4751 4728 
3 4492 4001 4751 
3 4492 4722 4001 
3 4722 3972 4001 
3 4492 4477 4722 
3 4050 4734 4740 
3 4041 4734 4050 
3 4763 4056 4728 
3 4056 4740 4728 
3 4056 4050 4740 
3 4075 4056 4763 
3 4088 4728 4077 
3 4728 4751 4077 
3 4088 4763 4728 
3 4751 4001 4077 
3 4763 4088 4075 
3 4440 4511 4722 
3 4511 4158 4722 
3 4511 4119 4158 
3 4511 4121 4119 
3 4511 4724 4121 
3 4511 4521 4724 
3 4722 4158 3972 
3 4469 4724 4521 
3 4312 4324 4305 
3 4312 4164 4324 
3 4312 4530 4164 
3 4530 4160 4164 
3 4289 4164 4296 
3 4164 3888 4296 
3 4289 4324 4164 
3 4532 4147 4503 
3 4165 4147 4532 
3 4532 4297 4165 
3 4297 3891 4165 
3 4532 4293 4297 
3 4532 4541 4293 
3 4541 4326 4293 
3 4310 4326 4541 
3 4530 4358 4160 
3 4358 4177 4160 
3 4358 4664 4177 
3 4400 4177 4664 
3 4400 4179 4177 
3 4400 4558 4179 
3 4588 4179 4558 
3 4181 4179 4588 
3 4456 4181 4588 
3 4011 4181 4456 
3 5524 5552 5526 
3 5532 5555 5529 
3 5556 5555 5532 
3 5532 5558 5556 
3 5532 5526 5558 
3 5526 5552 5558 
3 5535 5552 5524 
3 5561 5552 5535 
3 5536 5561 5535 
3 5564 5561 5536 
3 5558 5561 5568 
3 5552 5561 5558 
3 5568 5564 5571 
3 5561 5564 5568 
3 5575 5556 5578 
3 5555 5556 5575 
3 5556 5558 5581 
3 5581 5578 5556 
3 5591 5578 5595 
3 5575 5578 5591 
3 5595 5581 5598 
3 5578 5581 5595 
3 5581 5568 5601 
3 5558 5568 5581 
3 5568 5571 5602 
3 5602 5601 5568 
3 5581 5601 5604 
3 5604 5598 5581 
3 5601 5602 5585 
3 5585 5604 5601 
3 5624 5629 5638 
3 5638 5631 5624 
3 5638 5641 5644 
3 5629 5641 5638 
3 5631 5638 5610 
3 5610 5597 5631 
3 5638 5644 5615 
3 5615 5610 5638 
3 5641 5648 5650 
3 5650 5644 5641 
3 5372 5650 5369 
3 5650 5648 5369 
3 5648 5651 5369 
3 5615 5650 5653 
3 5644 5650 5615 
3 5650 5372 5374 
3 5374 5653 5650 
3 5377 5379 5658 
3 5658 5656 5377 
3 5660 5383 5659 
3 5660 5379 5383 
3 5660 5658 5379 
3 5661 5658 5662 
3 5656 5658 5661 
3 5662 5660 5667 
3 5658 5660 5662 
3 5660 5669 5671 
3 5659 5669 5660 
3 5671 5673 5675 
3 5669 5673 5671 
3 5667 5671 5676 
3 5660 5671 5667 
3 5671 5675 5677 
3 5677 5676 5671 
3 5678 5662 5680 
3 5661 5662 5678 
3 5680 5667 5682 
3 5662 5667 5680 
3 5684 5680 5686 
3 5678 5680 5684 
3 5686 5682 5688 
3 5680 5682 5686 
3 5682 5676 5690 
3 5667 5676 5682 
3 5690 5677 5692 
3 5676 5677 5690 
3 5682 5690 5694 
3 5694 5688 5682 
3 5694 5692 5699 
3 5690 5692 5694 
3 5544 5701 5546 
3 5701 5703 5547 
3 5547 5546 5701 
3 5742 6039 5752 
3 6072 6049 5759 
3 5759 5772 6072 
3 5772 5752 6072 
3 5752 6098 6072 
3 5752 6039 6098 
3 6122 6039 5742 
3 5742 5782 6122 
3 5782 6172 6122 
3 5782 5787 6172 
3 5787 6138 6172 
3 6039 6122 6180 
3 6180 6098 6039 
3 6122 6172 6201 
3 6201 6180 6122 
3 6229 6072 6236 
3 6049 6072 6229 
3 6236 6098 6243 
3 6072 6098 6236 
3 6253 6236 6262 
3 6229 6236 6253 
3 6262 6243 6270 
3 6236 6243 6262 
3 6243 6180 6299 
3 6098 6180 6243 
3 6180 6201 6306 
3 6306 6299 6180 
3 6243 6299 6314 
3 6314 6270 6243 
3 6314 6306 6333 
3 6299 6306 6314 
3 5815 6363 5837 
3 5850 6363 5815 
3 6379 6363 5850 
3 5856 6416 5894 
3 6430 6138 5780 
3 5780 5900 6430 
3 5900 6453 6430 
3 5900 5894 6453 
3 5894 6416 6453 
3 5856 6469 6416 
3 5856 5837 6469 
3 5837 6363 6469 
3 6363 6379 6473 
3 6473 6469 6363 
3 6453 6469 6478 
3 6416 6469 6453 
3 6478 6473 6480 
3 6469 6473 6478 
3 6484 6379 5850 
3 5850 5910 6484 
3 5916 6484 5910 
3 6493 6484 5916 
3 5793 6154 5928 
3 5932 6493 5916 
3 6514 6493 5932 
3 5932 6190 6514 
3 5932 5928 6190 
3 5928 6154 6190 
3 6379 6484 6535 
3 6535 6473 6379 
3 6535 6493 6541 
3 6484 6493 6535 
3 6480 6535 6546 
3 6473 6535 6480 
3 6546 6541 6551 
3 6535 6541 6546 
3 6541 6514 6559 
3 6493 6514 6541 
3 6559 6190 6289 
3 6514 6190 6559 
3 6551 6559 6576 
3 6541 6559 6551 
3 6559 6289 6350 
3 6350 6576 6559 
3 6138 6430 6588 
3 6588 6172 6138 
3 6430 6453 6596 
3 6596 6588 6430 
3 6201 6588 6602 
3 6172 6588 6201 
3 6588 6596 6612 
3 6612 6602 6588 
3 6596 6478 6617 
3 6453 6478 6596 
3 6617 6480 6619 
3 6478 6480 6617 
3 6596 6617 6625 
3 6625 6612 6596 
3 6625 6619 6631 
3 6617 6619 6625 
3 6201 6602 6645 
3 6645 6306 6201 
3 6645 6612 6659 
3 6602 6612 6645 
3 4404 6333 4396 
3 6333 6306 4396 
3 6306 6645 4396 
3 4396 6645 6659 
3 6659 4406 4396 
3 4439 6625 4432 
3 4439 6612 6625 
3 4439 6659 6612 
3 4448 6625 6631 
3 4432 6625 4448 
3 6659 4439 4406 
3 6480 6546 6684 
3 6684 6619 6480 
3 6684 6551 6690 
3 6546 6551 6684 
3 6631 6684 6695 
3 6619 6684 6631 
3 4537 6690 4476 
3 4537 6695 6690 
3 6695 6684 6690 
3 6551 6576 6716 
3 6716 6690 6551 
3 6716 6350 6585 
3 6576 6350 6716 
3 4476 6690 6716 
3 6716 4544 4476 
3 4544 6716 6585 
3 6585 4538 4544 
3 4448 6631 6695 
3 6695 4564 4448 
3 6695 4537 4564 
3 6721 6688 6724 
3 6137 6688 6721 
3 6724 6703 6728 
3 6688 6703 6724 
3 6721 6724 6733 
3 6733 6731 6721 
3 6724 6728 6738 
3 6738 6733 6724 
3 6703 6741 6745 
3 6745 6728 6703 
3 6745 6253 6749 
3 6741 6253 6745 
3 6728 6745 6754 
3 6754 6738 6728 
3 6754 6749 6760 
3 6745 6749 6754 
3 4585 6731 4572 
3 6731 6733 4572 
3 4585 6767 6731 
3 4572 6733 6738 
3 6738 4587 4572 
3 6767 4585 4575 
3 6771 4587 6754 
3 4587 6738 6754 
3 6771 4594 4587 
3 4609 6754 4603 
3 6754 6760 4603 
3 4609 6771 6754 
3 4614 4594 6771 
3 6771 4609 4614 
3 6253 6262 6775 
3 6775 6749 6253 
3 6262 6270 6778 
3 6778 6775 6262 
3 4623 6749 4620 
3 6749 6775 4620 
3 4623 6760 6749 
3 4620 6775 6778 
3 6778 4626 4620 
3 4634 6270 4631 
3 6270 6314 4631 
3 4634 6778 6270 
3 4434 6314 6333 
3 4631 6314 4434 
3 6778 4634 4626 
3 6760 4623 4603 
3 6333 4404 4434 
3 7306 6900 7302 
3 6900 6897 7302 
3 6897 7300 7302 
3 7302 7310 7312 
3 7312 7306 7302 
3 7320 6916 6921 
3 7306 6919 6900 
3 6919 7306 7312 
3 7312 6927 6919 
3 6938 7325 6929 
3 6938 7312 7325 
3 7312 7310 7325 
3 7331 7325 7329 
3 7331 6939 7325 
3 6939 6929 7325 
3 7312 6938 6927 
3 6944 6939 7331 
3 7329 7333 7335 
3 7335 7331 7329 
3 6950 7333 6947 
3 7333 7339 6947 
3 6950 7335 7333 
3 6944 7331 7335 
3 7335 6953 6944 
3 7335 6950 6953 
3 7557 7575 7590 
3 7590 7584 7557 
3 7590 7618 7621 
3 7575 7618 7590 
3 7584 7590 7642 
3 7642 7623 7584 
3 7590 7621 7647 
3 7647 7642 7590 
3 7621 7666 7670 
3 7618 7666 7621 
3 7670 7686 7691 
3 7666 7686 7670 
3 7621 7670 7697 
3 7697 7647 7621 
3 7697 7691 7705 
3 7670 7691 7697 
3 7623 7642 7710 
3 7710 7706 7623 
3 7710 7647 7734 
3 7642 7647 7710 
3 5760 7706 7710 
3 5732 7706 5760 
3 5783 7710 7734 
3 5760 7710 5783 
3 7647 7697 7751 
3 7751 7734 7647 
3 5800 7697 5792 
3 7697 7705 5792 
3 5800 7751 7697 
3 5783 7734 7751 
3 7751 5808 5783 
3 7751 5800 5808 
3 7691 7790 7799 
3 7686 7790 7691 
3 7790 7817 7826 
3 7826 7799 7790 
3 5831 7799 5811 
3 5831 7691 7799 
3 5831 7705 7691 
3 5811 7799 7826 
3 7826 5877 5811 
3 7826 7829 7842 
3 7817 7829 7826 
3 7829 7712 7733 
3 7733 7842 7829 
3 5877 7826 7842 
3 7842 5917 5877 
3 5917 7842 7733 
3 7733 5923 5917 
3 7705 5831 5792 
3 4819 4821 8357 
3 8357 8350 4819 
3 4821 4822 8359 
3 8359 8357 4821 
3 8359 4822 4824 
3 8350 8357 8375 
3 8375 8370 8350 
3 8357 8359 8383 
3 8383 8375 8357 
3 8370 8375 8397 
3 8397 8386 8370 
3 8375 8383 8400 
3 8400 8397 8375 
3 8403 4824 4828 
3 8403 8383 4824 
3 8383 8359 4824 
3 4828 4830 8405 
3 8405 8403 4828 
3 8383 8403 8407 
3 8407 8400 8383 
3 8403 8405 8409 
3 8409 8407 8403 
3 8405 4832 8420 
3 4830 4832 8405 
3 8420 4833 8422 
3 4832 4833 8420 
3 8405 8420 8423 
3 8423 8409 8405 
3 8420 8422 8425 
3 8425 8423 8420 
3 8422 4835 8426 
3 4833 4835 8422 
3 8426 4837 8427 
3 4835 4837 8426 
3 8425 8426 8428 
3 8422 8426 8425 
3 8428 8427 8429 
3 8426 8427 8428 
3 4837 4839 8434 
3 8434 8427 4837 
3 4839 4840 8436 
3 8436 8434 4839 
3 8429 8434 8437 
3 8427 8434 8429 
3 8434 8436 8439 
3 8439 8437 8434 
3 4840 4841 8441 
3 8441 8436 4840 
3 4841 4838 8365 
3 8365 8441 4841 
3 8436 8441 8443 
3 8443 8439 8436 
3 8441 8365 8378 
3 8378 8443 8441 
3 4843 4826 8355 
3 161 157 164 
3 151 157 161 
3 164 166 169 
3 157 166 164 
3 161 164 177 
3 177 172 161 
3 164 169 181 
3 181 177 164 
3 169 211 214 
3 166 211 169 
3 211 215 216 
3 216 214 211 
3 169 214 217 
3 217 181 169 
3 217 216 220 
3 214 216 217 
3 216 224 227 
3 215 224 216 
3 227 230 233 
3 224 230 227 
3 216 227 236 
3 236 220 216 
3 227 233 239 
3 239 236 227 
3 45 243 40 
3 253 243 45 
3 260 253 45 
3 45 49 260 
3 230 263 265 
3 265 233 230 
3 263 243 268 
3 268 265 263 
3 233 265 270 
3 270 239 233 
3 270 268 271 
3 265 268 270 
3 268 253 273 
3 243 253 268 
3 253 260 276 
3 276 273 253 
3 268 273 280 
3 280 271 268 
3 273 276 282 
3 282 280 273 
3 295 270 297 
3 239 270 295 
3 297 271 299 
3 270 271 297 
3 295 297 303 
3 303 301 295 
3 303 299 305 
3 297 299 303 
3 299 280 312 
3 271 280 299 
3 312 282 314 
3 280 282 312 
3 299 312 316 
3 316 305 299 
3 312 314 318 
3 318 316 312 
3 282 321 335 
3 335 314 282 
3 321 341 347 
3 347 335 321 
3 314 335 362 
3 362 318 314 
3 335 347 366 
3 366 362 335 
3 371 316 373 
3 305 316 371 
3 373 318 375 
3 316 318 373 
3 371 373 379 
3 379 377 371 
3 373 375 383 
3 383 379 373 
3 318 362 387 
3 387 375 318 
3 362 366 389 
3 389 387 362 
3 375 387 392 
3 392 383 375 
3 387 389 393 
3 393 392 387 
3 394 395 399 
3 399 397 394 
3 395 400 401 
3 401 399 395 
3 417 399 420 
3 397 399 417 
3 420 401 424 
3 399 401 420 
3 401 427 429 
3 400 427 401 
3 429 431 434 
3 427 431 429 
3 424 429 437 
3 401 429 424 
3 429 434 439 
3 439 437 429 
3 417 420 458 
3 458 445 417 
3 420 424 465 
3 465 458 420 
3 445 458 469 
3 469 467 445 
3 469 465 471 
3 458 465 469 
3 465 437 476 
3 424 437 465 
3 476 439 477 
3 437 439 476 
3 465 476 480 
3 480 471 465 
3 476 477 484 
3 484 480 476 
3 487 469 489 
3 467 469 487 
3 489 471 491 
3 469 471 489 
3 487 489 509 
3 509 494 487 
3 509 491 516 
3 489 491 509 
3 491 480 520 
3 471 480 491 
3 480 484 522 
3 522 520 480 
3 491 520 526 
3 526 516 491 
3 520 522 528 
3 528 526 520 
3 494 509 538 
3 538 536 494 
3 509 516 540 
3 540 538 509 
3 542 538 544 
3 536 538 542 
3 538 540 546 
3 546 544 538 
3 516 526 548 
3 548 540 516 
3 548 528 549 
3 526 528 548 
3 540 548 551 
3 551 546 540 
3 548 549 553 
3 553 551 548 
3 477 557 562 
3 439 557 477 
3 557 566 567 
3 567 562 557 
3 477 562 568 
3 568 484 477 
3 562 567 569 
3 569 568 562 
3 484 568 571 
3 571 522 484 
3 571 569 572 
3 568 569 571 
3 522 571 573 
3 573 528 522 
3 571 572 575 
3 575 573 571 
3 585 582 587 
3 580 582 585 
3 587 589 591 
3 582 589 587 
3 594 587 597 
3 585 587 594 
3 597 591 599 
3 587 591 597 
3 591 601 603 
3 589 601 591 
3 603 604 606 
3 601 604 603 
3 591 603 608 
3 608 599 591 
3 603 606 610 
3 610 608 603 
3 594 597 617 
3 617 616 594 
3 617 599 618 
3 597 599 617 
3 619 617 620 
3 616 617 619 
3 617 618 621 
3 621 620 617 
3 619 620 623 
3 623 622 619 
3 623 621 624 
3 620 621 623 
3 622 623 626 
3 626 625 622 
3 626 624 627 
3 623 624 626 
3 618 608 628 
3 599 608 618 
3 628 610 629 
3 608 610 628 
3 618 628 630 
3 630 621 618 
3 630 629 631 
3 628 629 630 
3 621 630 632 
3 632 624 621 
3 632 631 633 
3 630 631 632 
3 624 632 634 
3 634 627 624 
3 632 633 635 
3 635 634 632 
3 692 689 30 
3 689 27 30 
3 689 684 27 
3 692 30 31 
3 699 692 702 
3 689 692 699 
3 702 31 32 
3 692 31 702 
3 706 718 723 
3 723 714 706 
3 723 699 728 
3 718 699 723 
3 642 723 731 
3 642 640 723 
3 640 714 723 
3 731 728 733 
3 723 728 731 
3 728 702 737 
3 699 702 728 
3 702 32 33 
3 33 737 702 
3 733 737 738 
3 728 737 733 
3 737 33 35 
3 35 738 737 
3 731 740 660 
3 660 642 731 
3 740 733 741 
3 731 733 740 
3 653 743 717 
3 653 660 743 
3 660 740 743 
3 740 741 745 
3 745 743 740 
3 37 733 36 
3 733 738 36 
3 37 741 733 
3 738 35 36 
3 750 745 38 
3 745 37 38 
3 745 741 37 
3 750 38 41 
3 662 751 663 
3 662 754 751 
3 662 654 754 
3 654 717 754 
3 663 756 664 
3 751 756 663 
3 751 754 758 
3 758 756 751 
3 756 760 665 
3 665 664 756 
3 756 758 761 
3 761 760 756 
3 760 763 666 
3 666 665 760 
3 763 761 765 
3 760 761 763 
3 667 768 668 
3 669 52 670 
3 46 52 669 
3 669 668 46 
3 668 768 46 
3 768 54 46 
3 768 770 54 
3 671 773 672 
3 673 774 674 
3 673 672 774 
3 672 773 774 
3 773 776 774 
3 671 779 773 
3 671 763 779 
3 671 666 763 
3 763 765 781 
3 781 779 763 
3 773 779 784 
3 784 776 773 
3 779 781 786 
3 786 784 779 
3 667 774 768 
3 774 787 768 
3 667 674 774 
3 787 776 789 
3 774 776 787 
3 768 787 790 
3 790 770 768 
3 60 790 57 
3 790 787 57 
3 787 789 57 
3 789 784 792 
3 776 784 789 
3 792 786 793 
3 784 786 792 
3 795 61 792 
3 61 57 792 
3 57 789 792 
3 795 793 732 
3 792 793 795 
3 675 670 800 
3 670 52 800 
3 52 62 800 
3 802 54 770 
3 802 62 54 
3 802 800 62 
3 800 804 676 
3 676 675 800 
3 804 802 806 
3 800 802 804 
3 802 790 809 
3 770 790 802 
3 810 809 74 
3 809 790 74 
3 790 60 74 
3 806 809 812 
3 802 809 806 
3 812 810 814 
3 809 810 812 
3 816 61 795 
3 816 74 61 
3 816 810 74 
3 795 732 736 
3 736 816 795 
3 810 816 819 
3 819 814 810 
3 81 816 43 
3 816 736 43 
3 81 819 816 
3 821 812 827 
3 806 812 821 
3 827 814 828 
3 812 814 827 
3 829 827 830 
3 821 827 829 
3 827 828 831 
3 831 830 827 
3 828 819 832 
3 814 819 828 
3 769 832 51 
3 832 81 51 
3 832 819 81 
3 828 832 833 
3 833 831 828 
3 832 769 775 
3 775 833 832 
3 677 834 678 
3 677 835 834 
3 677 679 835 
3 679 829 835 
3 678 837 680 
3 834 837 678 
3 837 835 839 
3 834 835 837 
3 680 837 681 
3 682 839 841 
3 682 681 839 
3 681 837 839 
3 682 842 683 
3 841 842 682 
3 835 830 856 
3 829 830 835 
3 830 831 858 
3 858 856 830 
3 835 856 860 
3 860 839 835 
3 860 858 862 
3 856 858 860 
3 858 833 864 
3 831 833 858 
3 864 775 811 
3 833 775 864 
3 862 864 866 
3 858 864 862 
3 866 811 817 
3 864 811 866 
3 86 860 84 
3 86 839 860 
3 86 841 839 
3 868 88 862 
3 88 860 862 
3 88 84 860 
3 870 86 90 
3 870 841 86 
3 870 842 841 
3 872 88 868 
3 872 870 88 
3 870 90 88 
3 868 866 891 
3 862 866 868 
3 866 817 893 
3 893 891 866 
3 868 891 894 
3 894 872 868 
3 894 893 895 
3 891 893 894 
3 717 743 897 
3 897 754 717 
3 743 745 898 
3 898 897 743 
3 758 897 899 
3 754 897 758 
3 897 898 900 
3 900 899 897 
3 898 750 901 
3 745 750 898 
3 902 901 94 
3 901 41 94 
3 901 750 41 
3 898 901 903 
3 903 900 898 
3 97 901 96 
3 901 902 96 
3 97 903 901 
3 761 899 904 
3 758 899 761 
3 899 900 905 
3 905 904 899 
3 765 904 906 
3 761 904 765 
3 906 905 907 
3 904 905 906 
3 905 903 908 
3 900 903 905 
3 908 97 98 
3 903 97 908 
3 905 908 909 
3 909 907 905 
3 910 909 100 
3 909 98 100 
3 909 908 98 
3 902 101 911 
3 94 101 902 
3 911 101 103 
3 912 105 911 
3 105 96 911 
3 96 902 911 
3 913 912 107 
3 912 911 107 
3 911 103 107 
3 110 912 914 
3 105 912 110 
3 914 913 915 
3 912 913 914 
3 916 110 914 
3 916 100 110 
3 916 910 100 
3 914 915 917 
3 917 916 914 
3 765 906 918 
3 918 781 765 
3 906 907 919 
3 919 918 906 
3 781 918 920 
3 920 786 781 
3 920 919 686 
3 918 919 920 
3 793 920 921 
3 786 920 793 
3 920 686 690 
3 690 921 920 
3 793 921 734 
3 734 732 793 
3 921 690 716 
3 716 734 921 
3 1281 1271 1283 
3 1245 1271 1281 
3 1271 1308 1337 
3 1337 1283 1271 
3 1281 1283 1353 
3 1353 1346 1281 
3 1353 1337 1364 
3 1283 1337 1353 
3 990 1379 961 
3 1387 1379 990 
3 1395 1387 990 
3 990 997 1395 
3 1379 1387 1418 
3 1418 1398 1379 
3 1387 1395 1454 
3 1454 1418 1387 
3 997 1473 1395 
3 997 948 1473 
3 948 1464 1473 
3 1464 1498 1527 
3 1527 1473 1464 
3 1395 1473 1549 
3 1549 1454 1395 
3 1549 1527 1561 
3 1473 1527 1549 
3 1597 1418 1625 
3 1398 1418 1597 
3 1418 1454 1641 
3 1641 1625 1418 
3 1696 1625 1722 
3 1597 1625 1696 
3 1625 1641 1750 
3 1750 1722 1625 
3 1454 1549 1766 
3 1766 1641 1454 
3 1766 1561 1788 
3 1549 1561 1766 
3 1641 1766 1808 
3 1808 1750 1641 
3 1766 1788 1819 
3 1819 1808 1766 
3 1527 1844 1857 
3 1498 1844 1527 
3 1844 1878 1885 
3 1885 1857 1844 
3 1527 1857 1902 
3 1902 1561 1527 
3 1857 1885 1911 
3 1911 1902 1857 
3 1885 1930 1936 
3 1878 1930 1885 
3 1930 1943 1945 
3 1945 1936 1930 
3 1885 1936 1947 
3 1947 1911 1885 
3 1936 1945 1949 
3 1949 1947 1936 
3 1561 1902 1959 
3 1959 1788 1561 
3 1902 1911 1969 
3 1969 1959 1902 
3 1819 1959 1980 
3 1788 1959 1819 
3 1980 1969 1988 
3 1959 1969 1980 
3 1911 1947 1996 
3 1996 1969 1911 
3 1947 1949 2008 
3 2008 1996 1947 
3 1969 1996 2046 
3 2046 1988 1969 
3 2046 2008 2117 
3 1996 2008 2046 
3 2133 1722 2142 
3 1696 1722 2133 
3 1722 1750 2144 
3 2144 2142 1722 
3 2133 2142 2168 
3 2168 1308 2133 
3 2168 2144 2177 
3 2142 2144 2168 
3 1750 1808 2187 
3 2187 2144 1750 
3 1808 1819 2197 
3 2197 2187 1808 
3 2177 2187 2199 
3 2144 2187 2177 
3 2199 2197 2232 
3 2187 2197 2199 
3 1308 2168 2248 
3 2248 1337 1308 
3 2168 2177 2276 
3 2276 2248 2168 
3 1364 2248 2393 
3 1337 2248 1364 
3 2393 2276 2408 
3 2248 2276 2393 
3 2276 2199 2419 
3 2177 2199 2276 
3 2419 2232 2440 
3 2199 2232 2419 
3 2276 2419 2466 
3 2466 2408 2276 
3 2466 2440 2485 
3 2419 2440 2466 
3 1819 1980 2529 
3 2529 2197 1819 
3 1980 1988 2539 
3 2539 2529 1980 
3 2197 2529 2544 
3 2544 2232 2197 
3 2529 2539 2554 
3 2554 2544 2529 
3 2539 2046 2556 
3 1988 2046 2539 
3 2556 2117 2572 
3 2046 2117 2556 
3 2554 2556 2578 
3 2539 2556 2554 
3 2556 2572 2594 
3 2594 2578 2556 
3 1007 2604 1016 
3 1029 2604 1007 
3 2605 2604 1029 
3 1511 2605 1029 
3 1029 1031 1511 
3 1035 2607 1036 
3 1061 1943 1043 
3 2124 1943 1061 
3 1068 2124 1061 
3 2159 2124 1068 
3 1036 2610 1086 
3 2607 2610 1036 
3 1092 2159 1068 
3 2209 2159 1092 
3 1092 1086 2209 
3 1086 2610 2209 
3 2610 2314 2209 
3 1095 2614 1097 
3 1095 2617 2614 
3 1095 1016 2617 
3 1016 2604 2617 
3 1035 2620 2607 
3 1035 1097 2620 
3 1097 2614 2620 
3 2614 2617 2628 
3 2628 2620 2614 
3 2604 2605 2638 
3 2638 2617 2604 
3 2605 1511 1536 
3 1536 2638 2605 
3 2617 2638 2692 
3 2692 2628 2617 
3 2638 1536 1637 
3 1637 2692 2638 
3 2607 2620 2701 
3 2701 2610 2607 
3 2620 2628 2703 
3 2703 2701 2620 
3 2610 2701 2570 
3 2570 2314 2610 
3 2570 2703 394 
3 2701 2703 2570 
3 2628 2692 2728 
3 2728 2703 2628 
3 2728 1637 1746 
3 2692 1637 2728 
3 400 395 2728 
3 395 2703 2728 
3 395 394 2703 
3 431 427 1746 
3 427 2728 1746 
3 427 400 2728 
3 1116 1241 1122 
3 1130 2741 1140 
3 1144 2741 1130 
3 2776 2741 1144 
3 1031 1140 1511 
3 1140 1526 1511 
3 1140 2741 1526 
3 2741 2776 1595 
3 1595 1526 2741 
3 2806 2776 1144 
3 1144 1154 2806 
3 1154 1122 2806 
3 1122 1262 2806 
3 1122 1241 1262 
3 2776 2806 1674 
3 1674 1595 2776 
3 2806 1262 1305 
3 1305 1674 2806 
3 1177 2820 1189 
3 2826 2820 1177 
3 1177 1193 2826 
3 1116 1250 1241 
3 1116 1189 1250 
3 1189 2820 1250 
3 2820 2826 1266 
3 1266 1250 2820 
3 2834 2826 1193 
3 1193 1195 2834 
3 957 2834 1195 
3 2763 2834 957 
3 2826 2834 1372 
3 1372 1266 2826 
3 1372 2763 1412 
3 2834 2763 1372 
3 3317 3305 3322 
3 3278 3305 3317 
3 3305 3326 3331 
3 3331 3322 3305 
3 3337 3322 3368 
3 3317 3322 3337 
3 3368 3331 3388 
3 3322 3331 3368 
3 2014 3400 2000 
3 3400 3395 2000 
3 3395 1863 2000 
3 3400 2014 3412 
3 3412 3326 3400 
3 2220 3412 2182 
3 3412 2021 2182 
3 2021 2086 2182 
3 3412 2014 2021 
3 3331 3412 3420 
3 3326 3412 3331 
3 3412 2220 3441 
3 3441 3420 3412 
3 3388 3420 3445 
3 3331 3420 3388 
3 3420 3441 3450 
3 3450 3445 3420 
3 2318 3441 2254 
3 3441 2222 2254 
3 2222 2236 2254 
3 3441 2220 2222 
3 3441 2318 3453 
3 3453 3450 3441 
3 1654 3453 1912 
3 3453 2326 1912 
3 2326 1826 1912 
3 3453 2318 2326 
3 1174 2530 929 
3 3923 1045 3929 
3 1041 1045 3923 
3 3931 1041 3923 
3 1048 1041 3931 
3 1045 931 3938 
3 3938 3929 1045 
3 1011 1048 3931 
3 3931 3957 1011 
3 4204 1056 1064 
3 4213 1056 4204 
3 1070 1056 4213 
3 3844 683 1084 
3 4220 1091 1093 
3 3981 3911 1104 
3 3911 3829 1104 
3 3829 1084 1104 
3 3829 3844 1084 
3 3981 3882 3911 
3 3991 1104 4220 
3 1104 1091 4220 
3 3991 3981 1104 
3 4227 1110 1132 
3 4003 1110 4227 
3 4003 3994 1110 
3 3994 4220 1110 
3 4220 1093 1110 
3 4031 1070 4213 
3 4031 1132 1070 
3 4031 4021 1132 
3 4021 4227 1132 
3 4003 4227 4021 
3 3991 4220 3994 
3 4235 1172 1176 
3 1178 1019 3998 
3 3998 4036 1178 
3 4036 1176 1178 
3 4036 4235 1176 
3 4036 4049 4235 
3 4100 1172 4235 
3 4100 4204 1172 
3 4204 1064 1172 
3 4100 4058 4204 
3 4102 4204 4058 
3 4213 4204 4102 
3 4100 4235 4049 
3 4031 4213 4102 
3 3864 4697 3863 
3 4697 4675 3863 
3 4675 3862 3863 
3 4675 3861 3862 
3 3866 4726 3865 
3 4726 4697 3865 
3 4697 3864 3865 
3 4744 3867 3868 
3 3872 4755 3871 
3 4755 3870 3871 
3 4755 3869 3870 
3 4755 4726 3869 
3 4726 3866 3869 
3 4755 4758 4726 
3 4744 3873 3867 
3 4744 4765 3873 
3 4765 4755 3873 
3 4755 3872 3873 
3 4758 4755 4765 
3 4765 4771 4758 
3 3875 4776 3874 
3 4776 4744 3874 
3 4744 3868 3874 
3 4787 3875 3876 
3 4776 3875 4787 
3 4765 4744 4776 
3 4776 4793 4765 
3 4771 4765 4793 
3 4793 4796 4771 
3 4798 4776 4787 
3 4793 4776 4798 
3 4801 4793 4798 
3 4796 4793 4801 
3 3878 4803 3877 
3 4803 4787 3877 
3 4787 3876 3877 
3 4803 3878 3879 
3 4798 4787 4803 
3 4803 4806 4798 
3 4807 4798 4806 
3 4801 4798 4807 
3 3882 4709 3881 
3 4709 4806 3881 
3 4806 3880 3881 
3 4806 3879 3880 
3 4806 4803 3879 
3 4667 4806 4709 
3 4807 4806 4667 
3 4348 4717 4410 
3 4418 4717 4348 
3 4422 4812 4429 
3 4435 4812 4422 
3 4452 3942 3955 
3 4452 4812 3942 
3 4452 4429 4812 
3 4435 3938 4812 
3 3938 3942 4812 
3 4435 4378 3938 
3 4465 4678 4340 
3 4687 4678 4465 
3 4465 4478 4687 
3 4478 3957 4687 
3 4478 4502 3957 
3 4502 3987 3957 
3 3998 3987 4502 
3 4502 4504 3998 
3 6050 6017 6058 
3 6010 6017 6050 
3 6017 6069 6115 
3 6115 6058 6017 
3 6100 6058 6152 
3 6050 6058 6100 
3 6058 6115 6165 
3 6165 6152 6058 
3 6069 6209 6216 
3 6216 6115 6069 
3 6209 6223 6226 
3 6226 6216 6209 
3 6115 6216 6232 
3 6232 6165 6115 
3 6232 6226 6240 
3 6216 6226 6232 
3 4391 4425 6287 
3 6287 6251 4391 
3 6342 4328 6061 
3 6342 6287 4328 
3 6287 4425 4328 
3 6223 6287 6374 
3 6251 6287 6223 
3 6287 6342 6419 
3 6419 6374 6287 
3 6061 6108 6427 
3 6427 6342 6061 
3 6108 6117 6446 
3 6446 6427 6108 
3 6342 6427 6472 
3 6472 6419 6342 
3 6472 6446 6519 
3 6427 6446 6472 
3 6223 6374 6542 
3 6542 6226 6223 
3 6374 6419 6556 
3 6556 6542 6374 
3 6226 6542 6562 
3 6562 6240 6226 
3 6542 6556 6567 
3 6567 6562 6542 
3 6556 6472 6595 
3 6419 6472 6556 
3 6472 6519 6603 
3 6603 6595 6472 
3 6556 6595 6605 
3 6605 6567 6556 
3 6605 6603 6607 
3 6595 6603 6605 
3 6100 6152 6610 
3 6610 6592 6100 
3 6152 6165 6620 
3 6620 6610 6152 
3 6623 6610 6624 
3 6592 6610 6623 
3 6624 6620 6655 
3 6610 6620 6624 
3 6620 6232 6663 
3 6165 6232 6620 
3 6232 6240 6666 
3 6666 6663 6232 
3 5738 5764 6663 
3 5764 6620 6663 
3 5764 6655 6620 
3 6663 6666 5775 
3 5775 5738 6663 
3 5745 6624 5801 
3 6623 6624 5745 
3 5801 6655 5829 
3 6624 6655 5801 
3 5829 6655 5764 
3 6240 6562 6672 
3 6672 6666 6240 
3 5841 5872 6567 
3 5872 6562 6567 
3 5872 6672 6562 
3 6666 6672 5876 
3 5876 5775 6666 
3 5876 6672 5872 
3 5841 6605 5880 
3 6567 6605 5841 
3 6605 6607 5882 
3 5882 5880 6605 
3 6117 6185 6700 
3 6700 6446 6117 
3 6700 6217 6712 
3 6185 6217 6700 
3 6519 6700 6715 
3 6446 6700 6519 
3 6715 6712 6717 
3 6700 6712 6715 
3 6217 6264 6722 
3 6722 6712 6217 
3 6722 6292 6726 
3 6264 6292 6722 
3 6712 6722 6742 
3 6742 6717 6712 
3 6722 6726 6748 
3 6748 6742 6722 
3 6603 6715 6758 
3 6519 6715 6603 
3 6758 6717 6772 
3 6715 6717 6758 
3 5885 6603 6758 
3 5885 5889 6603 
3 5889 6607 6603 
3 6758 6772 5901 
3 5901 5885 6758 
3 5907 5936 6742 
3 5936 6717 6742 
3 5936 6772 6717 
3 5907 6748 5944 
3 6742 6748 5907 
3 5901 6772 5936 
3 6292 6395 6789 
3 6789 6726 6292 
3 6395 6397 6796 
3 6796 6789 6395 
3 6748 6789 6814 
3 6726 6789 6748 
3 6814 6796 6817 
3 6789 6796 6814 
3 6796 6565 6820 
3 6397 6565 6796 
3 6820 6435 6594 
3 6565 6435 6820 
3 5955 6796 6820 
3 5955 5956 6796 
3 5956 6817 6796 
3 5955 6594 5957 
3 6820 6594 5955 
3 5944 6814 5959 
3 6748 6814 5944 
3 6814 6817 5960 
3 5960 5959 6814 
3 5960 6817 5956 
3 5882 6607 5889 
3 6975 5514 6977 
3 5513 5514 6975 
3 5514 5515 6981 
3 6981 6977 5514 
3 6986 6977 7001 
3 6975 6977 6986 
3 7001 6981 7008 
3 6977 6981 7001 
3 6986 7001 7032 
3 7032 7029 6986 
3 7001 7008 7036 
3 7036 7032 7001 
3 7029 7032 7047 
3 7047 7042 7029 
3 7032 7036 7052 
3 7052 7047 7032 
3 7064 7047 7070 
3 7042 7047 7064 
3 7047 7052 7077 
3 7077 7070 7047 
3 7064 7070 7085 
3 7085 7080 7064 
3 7085 7077 7092 
3 7070 7077 7085 
3 7109 7116 7122 
3 7122 7121 7109 
3 7116 7080 7123 
3 7123 7122 7116 
3 7121 7122 6892 
3 6892 6890 7121 
3 7122 7123 6894 
3 6894 6892 7122 
3 6906 7080 7085 
3 6906 6909 7080 
3 6909 7123 7080 
3 7085 7092 6915 
3 6915 6906 7085 
3 6894 7123 6909 
3 7130 6981 7128 
3 6981 5518 7128 
3 6981 5515 5518 
3 7130 7132 7134 
3 7128 7132 7130 
3 6981 7130 7136 
3 7136 7008 6981 
3 7130 7134 7138 
3 7138 7136 7130 
3 7134 7141 7143 
3 7132 7141 7134 
3 7143 7146 7149 
3 7141 7146 7143 
3 7138 7143 7150 
3 7134 7143 7138 
3 7150 7149 7151 
3 7143 7149 7150 
3 7008 7136 7153 
3 7153 7036 7008 
3 7136 7138 7164 
3 7164 7153 7136 
3 7036 7153 7167 
3 7167 7052 7036 
3 7167 7164 7168 
3 7153 7164 7167 
3 7138 7150 7170 
3 7170 7164 7138 
3 7150 7151 7172 
3 7172 7170 7150 
3 7168 7170 7174 
3 7164 7170 7168 
3 7170 7172 7178 
3 7178 7174 7170 
3 7052 7167 7181 
3 7181 7077 7052 
3 7181 7168 7184 
3 7167 7168 7181 
3 6931 7077 7181 
3 6931 6934 7077 
3 6934 7092 7077 
3 7181 7184 6935 
3 6935 6931 7181 
3 7168 7174 7189 
3 7189 7184 7168 
3 6937 6940 7178 
3 6940 7174 7178 
3 6940 7189 7174 
3 7184 7189 6942 
3 6942 6935 7184 
3 6942 7189 6940 
3 7198 7200 7205 
3 7205 7203 7198 
3 7205 7119 7125 
3 7200 7119 7205 
3 7203 7205 7209 
3 7209 7207 7203 
3 7205 7125 7133 
3 7133 7209 7205 
3 7210 7212 7218 
3 7218 7216 7210 
3 7218 7220 7222 
3 7212 7220 7218 
3 7226 7218 7231 
3 7216 7218 7226 
3 7218 7222 7232 
3 7232 7231 7218 
3 7233 7231 7234 
3 7226 7231 7233 
3 6946 6949 7232 
3 6949 7231 7232 
3 6949 7234 7231 
3 7233 7234 6955 
3 6955 6952 7233 
3 6955 7234 6949 
3 7220 7236 7237 
3 7237 7222 7220 
3 7236 7207 7247 
3 7247 7237 7236 
3 7222 7237 7249 
3 7249 7232 7222 
3 7249 7247 7259 
3 7237 7247 7249 
3 7247 7209 7265 
3 7207 7209 7247 
3 7209 7133 7147 
3 7147 7265 7209 
3 6957 6959 7265 
3 6959 7247 7265 
3 6959 7259 7247 
3 7265 7147 6908 
3 6908 6957 7265 
3 6946 7249 6962 
3 7232 7249 6946 
3 7249 7259 6969 
3 6969 6962 7249 
3 6969 7259 6959 
3 5523 5525 7274 
3 7274 7271 5523 
3 5525 5527 7276 
3 7276 7274 5525 
3 7011 7274 7013 
3 7271 7274 7011 
3 7013 7276 7024 
3 7274 7276 7013 
3 7281 5528 7279 
3 7281 7276 5528 
3 7276 5527 5528 
3 7281 7282 7283 
3 7279 7282 7281 
3 7024 7281 7059 
3 7276 7281 7024 
3 7281 7283 6989 
3 6989 7059 7281 
3 7286 7288 7291 
3 7291 7289 7286 
3 7288 7011 7017 
3 7017 7291 7288 
3 7289 7291 6990 
3 6990 6984 7289 
3 7291 7017 6998 
3 6998 6990 7291 
3 6899 6889 7293 
3 6904 6902 7296 
3 7299 6910 7304 
3 6908 6910 7299 
3 7308 6904 7296 
3 7308 7304 6904 
3 7304 6910 6904 
3 7308 7313 7318 
3 7318 7316 7308 
3 7313 7319 7321 
3 7321 7318 7313 
3 7316 7318 7326 
3 7326 7323 7316 
3 7326 7321 7337 
3 7318 7321 7326 
3 7321 7342 7343 
3 7319 7342 7321 
3 7342 7344 7346 
3 7346 7343 7342 
3 7321 7343 7353 
3 7353 7337 7321 
3 7343 7346 7359 
3 7359 7353 7343 
3 7373 7370 7375 
3 7366 7370 7373 
3 7375 7377 7379 
3 7370 7377 7375 
3 7373 7375 7385 
3 7385 7382 7373 
3 7385 7379 7388 
3 7375 7379 7385 
3 7379 7391 7393 
3 7377 7391 7379 
3 7391 7395 7397 
3 7397 7393 7391 
3 7379 7393 7402 
3 7402 7388 7379 
3 7393 7397 7409 
3 7409 7402 7393 
3 6914 6917 7415 
3 7415 7412 6914 
3 7417 6899 7293 
3 7417 7415 6899 
3 7415 6917 6899 
3 7412 7415 7422 
3 7422 7420 7412 
3 7415 7417 7424 
3 7424 7422 7415 
3 7426 7385 7428 
3 7382 7385 7426 
3 7428 7388 7431 
3 7385 7388 7428 
3 7435 7428 7438 
3 7426 7428 7435 
3 7428 7431 7440 
3 7440 7438 7428 
3 7431 7402 7442 
3 7388 7402 7431 
3 7442 7409 7444 
3 7402 7409 7442 
3 7431 7442 7445 
3 7445 7440 7431 
3 7442 7444 7447 
3 7447 7445 7442 
3 7450 7441 7452 
3 7439 7441 7450 
3 7441 7443 7454 
3 7454 7452 7441 
3 7450 7452 7458 
3 7458 7456 7450 
3 7458 7454 7460 
3 7452 7454 7458 
3 7454 7451 7462 
3 7443 7451 7454 
3 7462 7453 7463 
3 7451 7453 7462 
3 7454 7462 7464 
3 7464 7460 7454 
3 7462 7463 7465 
3 7465 7464 7462 
3 7323 7326 7469 
3 7469 7467 7323 
3 7326 7337 7470 
3 7470 7469 7326 
3 7471 7469 7473 
3 7467 7469 7471 
3 7469 7470 7482 
3 7482 7473 7469 
3 7485 7473 7487 
3 7471 7473 7485 
3 7473 7482 7488 
3 7488 7487 7473 
3 7485 7487 7490 
3 7490 7489 7485 
3 6924 7487 6922 
3 7487 7488 6922 
3 6924 7490 7487 
3 7337 7353 7491 
3 7491 7470 7337 
3 7491 7359 7492 
3 7353 7359 7491 
3 7482 7491 7494 
3 7470 7491 7482 
3 7494 7492 7495 
3 7491 7492 7494 
3 7488 7494 7496 
3 7482 7494 7488 
3 6932 7494 6928 
3 7494 7495 6928 
3 6932 7496 7494 
3 6922 7488 7496 
3 7496 6933 6922 
3 7496 6932 6933 
3 6936 7489 7490 
3 7490 6945 6936 
3 6958 6948 7497 
3 6924 6945 7490 
3 6961 6958 7497 
3 7497 6948 6964 
3 7497 6964 6961 
3 7547 7553 7585 
3 7585 7567 7547 
3 7585 7600 7677 
3 7553 7600 7585 
3 7693 7585 7698 
3 7567 7585 7693 
3 7585 7677 7556 
3 7556 7698 7585 
3 7736 7743 7793 
3 7793 7775 7736 
3 7743 7693 7814 
3 7814 7793 7743 
3 7825 7793 7836 
3 7775 7793 7825 
3 7793 7814 7874 
3 7874 7836 7793 
3 7693 7698 7881 
3 7881 7814 7693 
3 7881 7556 7582 
3 7698 7556 7881 
3 7814 7881 7888 
3 7888 7874 7814 
3 7881 7582 7638 
3 7638 7888 7881 
3 7909 7902 7914 
3 7759 7902 7909 
3 7902 7919 7929 
3 7929 7914 7902 
3 7909 7914 7940 
3 7940 7933 7909 
3 7914 7929 7946 
3 7946 7940 7914 
3 7929 7952 7965 
3 7919 7952 7929 
3 7965 7825 7972 
3 7952 7825 7965 
3 7929 7965 7976 
3 7976 7946 7929 
3 7965 7972 7987 
3 7987 7976 7965 
3 7992 7940 7996 
3 7933 7940 7992 
3 7940 7946 8000 
3 8000 7996 7940 
3 7992 7996 7575 
3 7575 7557 7992 
3 7575 8000 7618 
3 7996 8000 7575 
3 7946 7976 8015 
3 8015 8000 7946 
3 7976 7987 8019 
3 8019 8015 7976 
3 7618 8015 7666 
3 8000 8015 7618 
3 7666 8019 7686 
3 8015 8019 7666 
3 7825 7836 8025 
3 8025 7972 7825 
3 7836 7874 8039 
3 8039 8025 7836 
3 7972 8025 8043 
3 8043 7987 7972 
3 8043 8039 8080 
3 8025 8039 8043 
3 8039 7888 8084 
3 7874 7888 8039 
3 8084 7638 8035 
3 7888 7638 8084 
3 8039 8084 8090 
3 8090 8080 8039 
3 8084 8035 8086 
3 8086 8090 8084 
3 8019 8043 8094 
3 7987 8043 8019 
3 8043 8080 8108 
3 8108 8094 8043 
3 7686 8094 7790 
3 8019 8094 7686 
3 7790 8108 7817 
3 8094 8108 7790 
3 8108 8090 8111 
3 8080 8090 8108 
3 8090 8086 8114 
3 8114 8111 8090 
3 8108 8111 7829 
3 7829 7817 8108 
3 7829 8114 7712 
3 8111 8114 7829 
3 5761 5736 8118 
3 8118 5812 8124 
3 5736 5812 8118 
3 5823 8118 6993 
3 5761 8118 5823 
3 7002 6997 8124 
3 6997 8118 8124 
3 6997 6993 8118 
3 5517 5823 6993 
3 8129 5812 7887 
3 5812 5840 7887 
3 8129 8124 5812 
3 8129 7896 8147 
3 7887 7896 8129 
3 7023 7014 8129 
3 7014 8124 8129 
3 7014 7002 8124 
3 6920 8129 7340 
3 8129 8147 7340 
3 8147 7341 7340 
3 6920 7023 8129 
3 8147 7921 8168 
3 7896 7921 8147 
3 8168 7932 8173 
3 7921 7932 8168 
3 8147 8168 8175 
3 8175 7341 8147 
3 8175 8173 8182 
3 8168 8173 8175 
3 8190 7033 8175 
3 7033 6930 8175 
3 6930 7341 8175 
3 8190 7060 7033 
3 8175 8182 8192 
3 8192 8190 8175 
3 5890 7081 5852 
3 7081 7060 5852 
3 7060 8190 5852 
3 5890 7087 7081 
3 8193 5895 8192 
3 5895 5852 8192 
3 5852 8190 8192 
3 7932 8018 8194 
3 8194 8173 7932 
3 8018 8022 8195 
3 8195 8194 8018 
3 8182 8194 8196 
3 8173 8194 8182 
3 8194 8195 8197 
3 8197 8196 8194 
3 8195 8055 8198 
3 8022 8055 8195 
3 8055 7557 7584 
3 7584 8198 8055 
3 8195 8198 8224 
3 8224 8197 8195 
3 8198 7584 7623 
3 7623 8224 8198 
3 8192 8196 8228 
3 8182 8196 8192 
3 8228 8197 8231 
3 8196 8197 8228 
3 8192 8228 8233 
3 8233 8193 8192 
3 5914 8228 5897 
3 8228 8231 5897 
3 5914 8233 8228 
3 5966 8224 5931 
3 5966 8197 8224 
3 5966 8231 8197 
3 7706 5971 7623 
3 5971 8224 7623 
3 5971 5931 8224 
3 8231 5966 5897 
3 5732 5971 7706 
3 5974 5550 7087 
3 7087 5890 5974 
3 5976 5895 8193 
3 5976 8193 8233 
3 8233 5980 5976 
3 8233 5914 5980 
3 1218 1228 1249 
3 1249 1240 1218 
3 1249 1259 1274 
3 1228 1259 1249 
3 1285 1249 1301 
3 1240 1249 1285 
3 1301 1274 1311 
3 1249 1274 1301 
3 1274 1352 1362 
3 1259 1352 1274 
3 1362 1378 1438 
3 1352 1378 1362 
3 1311 1362 1459 
3 1274 1362 1311 
3 1459 1438 1478 
3 1362 1438 1459 
3 1285 1301 1515 
3 1515 1500 1285 
3 1301 1311 1531 
3 1531 1515 1301 
3 1500 1515 1568 
3 1568 1546 1500 
3 1515 1531 1590 
3 1590 1568 1515 
3 1531 1459 1599 
3 1311 1459 1531 
3 1459 1478 1609 
3 1609 1599 1459 
3 1531 1599 1611 
3 1611 1590 1531 
3 1599 1609 1626 
3 1626 1611 1599 
3 1438 1648 1661 
3 1378 1648 1438 
3 1648 1669 1683 
3 1683 1661 1648 
3 1478 1661 1692 
3 1438 1661 1478 
3 1692 1683 1713 
3 1661 1683 1692 
3 1683 1741 1757 
3 1669 1741 1683 
3 1757 1781 1800 
3 1741 1781 1757 
3 1683 1757 1831 
3 1831 1713 1683 
3 1757 1800 1839 
3 1839 1831 1757 
3 1478 1692 1847 
3 1847 1609 1478 
3 1847 1713 1851 
3 1692 1713 1847 
3 1609 1847 1868 
3 1868 1626 1609 
3 1847 1851 1898 
3 1898 1868 1847 
3 1851 1831 1905 
3 1713 1831 1851 
3 1905 1839 1923 
3 1831 1839 1905 
3 1898 1905 1934 
3 1851 1905 1898 
3 1905 1923 1940 
3 1940 1934 1905 
3 1951 1568 1970 
3 1546 1568 1951 
3 1568 1590 1995 
3 1995 1970 1568 
3 1951 1970 2037 
3 2037 2009 1951 
3 1970 1995 2126 
3 2126 2037 1970 
3 1995 1611 2134 
3 1590 1611 1995 
3 2134 1626 2201 
3 1611 1626 2134 
3 1995 2134 2219 
3 2219 2126 1995 
3 2219 2201 2284 
3 2134 2201 2219 
3 2306 2037 2322 
3 2009 2037 2306 
3 2322 2126 2332 
3 2037 2126 2322 
3 1639 2322 1652 
3 2306 2322 1639 
3 1652 2332 1743 
3 2322 2332 1652 
3 2332 2219 2345 
3 2126 2219 2332 
3 2345 2284 2355 
3 2219 2284 2345 
3 1743 2345 1932 
3 2332 2345 1743 
3 1932 2355 1963 
3 2345 2355 1932 
3 2201 1868 2366 
3 1626 1868 2201 
3 1868 1898 2374 
3 2374 2366 1868 
3 2201 2366 2387 
3 2387 2284 2201 
3 2366 2374 2397 
3 2397 2387 2366 
3 1898 1934 2455 
3 2455 2374 1898 
3 1934 1940 2487 
3 2487 2455 1934 
3 2397 2455 2496 
3 2374 2455 2397 
3 2496 2487 1277 
3 2455 2487 2496 
3 2355 2387 2500 
3 2284 2387 2355 
3 2500 2397 2509 
3 2387 2397 2500 
3 1963 2500 2070 
3 2355 2500 1963 
3 955 991 2509 
3 991 2500 2509 
3 991 2070 2500 
3 2397 2496 2519 
3 2519 2509 2397 
3 2519 1277 1290 
3 2496 1277 2519 
3 2509 2519 1021 
3 1021 955 2509 
3 2519 1290 934 
3 934 1021 2519 
3 1800 2523 2546 
3 1781 2523 1800 
3 2546 2127 2626 
3 2523 2127 2546 
3 1839 2546 2637 
3 1800 2546 1839 
3 2546 2626 2644 
3 2644 2637 2546 
3 2127 2139 2670 
3 2670 2626 2127 
3 2670 2150 2679 
3 2139 2150 2670 
3 2626 2670 2698 
3 2698 2644 2626 
3 2670 2679 2723 
3 2723 2698 2670 
3 1923 2637 2747 
3 1839 2637 1923 
3 2747 2644 2754 
3 2637 2644 2747 
3 1923 2747 2779 
3 2779 1940 1923 
3 2779 2754 2800 
3 2747 2754 2779 
3 2644 2698 2844 
3 2844 2754 2644 
3 2698 2723 2851 
3 2851 2844 2698 
3 2800 2844 2865 
3 2754 2844 2800 
3 2865 2851 1475 
3 2844 2851 2865 
3 2679 2281 2905 
3 2150 2281 2679 
3 2905 2325 2913 
3 2281 2325 2905 
3 2679 2905 2914 
3 2914 2723 2679 
3 2905 2913 2925 
3 2925 2914 2905 
3 2913 2935 2942 
3 2325 2935 2913 
3 2942 2079 2173 
3 2935 2079 2942 
3 2925 2942 2961 
3 2913 2942 2925 
3 2942 2173 2229 
3 2229 2961 2942 
3 2851 2914 2990 
3 2723 2914 2851 
3 2990 2925 229 
3 2914 2925 2990 
3 1475 2990 1485 
3 2851 2990 1475 
3 245 1485 232 
3 1485 2990 232 
3 2990 229 232 
3 237 231 2961 
3 231 2925 2961 
3 231 229 2925 
3 258 256 2229 
3 256 2961 2229 
3 256 237 2961 
3 1940 2779 3039 
3 3039 2487 1940 
3 2779 2800 3049 
3 3049 3039 2779 
3 2487 3039 1288 
3 1288 1277 2487 
3 1288 3049 1354 
3 3039 3049 1288 
3 3049 2865 3066 
3 2800 2865 3049 
3 3066 1475 1496 
3 2865 1475 3066 
3 1354 3066 1420 
3 3049 3066 1354 
3 1420 1496 1449 
3 3066 1496 1420 
3 3302 3298 3306 
3 3282 3298 3302 
3 3306 3364 3375 
3 3298 3364 3306 
3 3302 3306 3396 
3 3396 3386 3302 
3 3396 3375 3406 
3 3306 3375 3396 
3 2564 3375 2520 
3 3375 3364 2520 
3 3364 1920 2520 
3 2654 3406 2600 
3 3406 3375 2600 
3 3375 2564 2600 
3 3386 3396 3452 
3 3452 3428 3386 
3 3396 3406 3467 
3 3467 3452 3396 
3 3428 3452 3479 
3 3479 3471 3428 
3 3452 3467 3489 
3 3489 3479 3452 
3 2751 3467 2712 
3 3467 3406 2712 
3 3406 2654 2712 
3 3489 2751 3498 
3 3467 2751 3489 
3 1247 3498 1298 
3 3498 2767 1298 
3 2767 1272 1298 
3 3498 2751 2767 
3 1704 1615 3516 
3 1615 3513 3516 
3 1615 1601 3513 
3 1877 1827 1941 
3 1827 3516 1941 
3 3516 1458 1941 
3 1827 1704 3516 
3 3521 3479 3524 
3 3471 3479 3521 
3 3479 3489 3528 
3 3528 3524 3479 
3 3521 3524 3558 
3 3558 3547 3521 
3 3558 3528 3575 
3 3524 3528 3558 
3 3528 3498 3584 
3 3489 3498 3528 
3 1321 3584 1286 
3 3584 3498 1286 
3 3498 1247 1286 
3 3528 3584 3604 
3 3604 3575 3528 
3 1402 3584 1367 
3 3584 1321 1367 
3 1402 3604 3584 
3 3575 3604 3609 
3 3609 3606 3575 
3 1645 3609 1604 
3 3609 3604 1604 
3 3604 1402 1604 
3 3606 3609 3628 
3 3628 3611 3606 
3 3628 1645 3395 
3 3609 1645 3628 
3 1863 3395 1753 
3 3395 1655 1753 
3 1655 1666 1753 
3 3395 1645 1655 
3 3611 3628 3637 
3 3637 3635 3611 
3 3628 3395 3400 
3 3400 3637 3628 
3 3635 3637 3305 
3 3305 3278 3635 
3 3637 3400 3326 
3 3326 3305 3637 
3 3853 3850 4668 
3 4680 3855 4668 
3 3855 3853 4668 
3 4680 3857 3855 
3 3915 3857 4680 
3 3986 3940 4686 
3 4335 3986 4686 
3 4335 4338 3986 
3 4338 3997 3986 
3 4338 4689 3997 
3 4719 3997 4689 
3 3999 3997 4719 
3 4374 4689 4338 
3 4374 4719 4689 
3 4374 4727 4719 
3 4374 4383 4727 
3 4729 3999 4719 
3 4009 3999 4729 
3 4033 4009 4729 
3 4778 4719 4727 
3 4729 4719 4778 
3 4038 4729 4778 
3 4033 4729 4038 
3 4415 4727 4383 
3 4423 4727 4415 
3 4778 4727 4423 
3 4423 4073 4778 
3 4073 4038 4778 
3 4423 4471 4073 
3 3950 4073 4471 
3 4471 4375 3950 
3 4317 4784 4318 
3 4319 4784 4317 
3 4319 4788 4784 
3 4319 4320 4788 
3 4792 4788 4320 
3 4320 4499 4792 
3 4499 4545 4792 
3 4545 4095 4792 
3 4545 4089 4095 
3 4109 4089 4545 
3 4545 4554 4109 
3 4524 4718 4561 
3 4573 4702 4360 
3 4573 4718 4702 
3 4718 3944 4702 
3 4718 4026 3944 
3 4573 4561 4718 
3 4586 4804 4591 
3 4738 4804 4586 
3 4586 4372 4738 
3 4554 4591 4109 
3 4591 4113 4109 
3 4591 4804 4113 
3 4113 4804 4738 
3 4738 3947 4113 
3 4347 4334 6020 
3 4334 4355 6059 
3 6059 6020 4334 
3 6112 4347 6020 
3 6112 6099 4347 
3 6099 4362 4347 
3 6112 6059 6151 
3 6020 6059 6112 
3 6197 4368 6173 
3 6197 4355 4368 
3 6197 6059 4355 
3 6197 6206 6218 
3 6173 6206 6197 
3 6059 6197 6250 
3 6250 6151 6059 
3 6197 6218 6258 
3 6258 6250 6197 
3 6099 6112 6268 
3 6268 6260 6099 
3 6112 6151 6276 
3 6276 6268 6112 
3 6260 6268 6280 
3 6280 6278 6260 
3 6280 6276 6298 
3 6268 6276 6280 
3 6276 6250 6305 
3 6151 6250 6276 
3 6250 6258 6327 
3 6327 6305 6250 
3 6298 6305 6377 
3 6276 6305 6298 
3 6305 6327 6381 
3 6381 6377 6305 
3 6206 6384 6386 
3 6386 6218 6206 
3 6384 6091 6410 
3 6410 6386 6384 
3 6258 6386 6418 
3 6218 6386 6258 
3 6386 6410 6438 
3 6438 6418 6386 
3 6091 6093 6452 
3 6452 6410 6091 
3 6093 6110 6510 
3 6510 6452 6093 
3 6410 6452 6524 
3 6524 6438 6410 
3 6452 6510 6530 
3 6530 6524 6452 
3 6327 6418 6538 
3 6258 6418 6327 
3 6418 6438 6553 
3 6553 6538 6418 
3 6327 6538 6566 
3 6566 6381 6327 
3 6538 6553 6579 
3 6579 6566 6538 
3 6553 6524 6597 
3 6438 6524 6553 
3 6597 6530 6616 
3 6524 6530 6597 
3 5741 5751 6597 
3 5751 6553 6597 
3 5751 6579 6553 
3 5741 6616 5766 
3 6597 6616 5741 
3 6411 6280 6633 
3 6278 6280 6411 
3 6280 6298 6649 
3 6649 6633 6280 
3 5777 5803 6633 
3 5803 6411 6633 
3 5803 6448 6411 
3 6633 6649 5813 
3 5813 5777 6633 
3 6298 6377 6653 
3 6653 6649 6298 
3 5830 5842 6381 
3 5842 6377 6381 
3 5842 6653 6377 
3 5813 6653 5849 
3 6649 6653 5813 
3 5849 6653 5842 
3 5836 6448 5803 
3 5830 6566 5853 
3 6381 6566 5830 
3 6566 6579 5864 
3 5864 5853 6566 
3 5864 6579 5751 
3 6110 6307 6662 
3 6662 6510 6110 
3 6662 6334 6667 
3 6307 6334 6662 
3 6530 6662 6669 
3 6510 6662 6530 
3 6669 6667 6679 
3 6662 6667 6669 
3 6334 6378 6698 
3 6698 6667 6334 
3 6378 6389 6701 
3 6701 6698 6378 
3 6667 6698 6707 
3 6707 6679 6667 
3 6707 6701 6729 
3 6698 6701 6707 
3 6530 6669 6752 
3 6752 6616 6530 
3 5909 6669 6679 
3 5909 5925 6669 
3 5925 6752 6669 
3 5766 6752 5941 
3 6616 6752 5766 
3 5941 6752 5925 
3 5909 6707 5946 
3 6679 6707 5909 
3 6707 6729 5948 
3 5948 5946 6707 
3 6701 6539 6761 
3 6389 6539 6701 
3 6539 6560 5679 
3 5679 6761 6539 
3 5962 6701 6761 
3 5962 5977 6701 
3 5977 6729 6701 
3 5962 5679 5523 
3 6761 5679 5962 
3 5683 5681 6640 
3 5681 6560 6640 
3 5681 5679 6560 
3 5953 6640 6399 
3 5953 5528 6640 
3 5528 5683 6640 
3 5948 6729 5977 
3 6984 6990 6996 
3 6996 6994 6984 
3 6996 6998 7000 
3 6990 6998 6996 
3 7003 6996 7005 
3 6994 6996 7003 
3 7005 7000 7007 
3 6996 7000 7005 
3 7011 7013 7020 
3 7020 7017 7011 
3 7013 7024 7044 
3 7044 7020 7013 
3 7017 7020 7049 
3 7049 6998 7017 
3 7020 7044 7055 
3 7055 7049 7020 
3 7024 7059 7067 
3 7067 7044 7024 
3 7067 6989 7006 
3 7059 6989 7067 
3 7044 7067 7074 
3 7074 7055 7044 
3 7067 7006 7035 
3 7035 7074 7067 
3 7000 7049 7079 
3 6998 7049 7000 
3 7049 7055 7083 
3 7083 7079 7049 
3 7000 7079 7086 
3 7086 7007 7000 
3 7079 7083 7090 
3 7090 7086 7079 
3 7055 7074 7095 
3 7095 7083 7055 
3 7095 7035 7057 
3 7074 7035 7095 
3 7090 7095 7103 
3 7083 7095 7090 
3 6889 7095 7057 
3 6889 6899 7095 
3 6899 7103 7095 
3 7125 7124 7126 
3 7119 7124 7125 
3 7124 7129 7131 
3 7131 7126 7124 
3 7125 7126 7137 
3 7137 7133 7125 
3 7137 7131 7140 
3 7126 7131 7137 
3 7147 7137 7148 
3 7133 7137 7147 
3 6902 7137 7140 
3 6902 6904 7137 
3 6904 7148 7137 
3 6908 7148 6910 
3 7147 7148 6908 
3 6910 7148 6904 
3 7090 7103 6917 
3 6917 6914 7090 
3 6917 7103 6899 
3 7162 7156 7165 
3 7152 7156 7162 
3 5526 7156 5524 
3 7156 7166 5524 
3 5526 7165 7156 
3 5532 7162 7165 
3 5529 7162 5532 
3 7165 5526 5532 
3 5524 7166 7171 
3 7171 5535 5524 
3 5536 7171 7176 
3 5535 7171 5536 
3 6922 7185 6924 
3 6928 7191 6932 
3 6933 7185 6922 
3 7195 7185 6933 
3 6933 6932 7195 
3 6932 7197 7195 
3 6932 7191 7197 
3 7204 7201 6936 
3 6936 6945 7204 
3 6948 6924 7185 
3 6948 6958 6924 
3 6958 6945 6924 
3 6958 7204 6945 
3 7219 7204 7225 
3 7201 7204 7219 
3 6958 6961 7204 
3 6961 7225 7204 
3 6961 7228 7225 
3 6964 6948 7235 
3 6948 7195 7235 
3 6948 7185 7195 
3 7195 7197 7238 
3 7238 7235 7195 
3 6961 7239 7228 
3 6961 7235 7239 
3 6961 6964 7235 
3 7239 7238 7240 
3 7235 7238 7239 
3 7572 6983 6985 
3 7572 7562 6983 
3 7562 6982 6983 
3 7604 7010 7012 
3 7604 7572 7010 
3 7572 6985 7010 
3 5737 7562 7572 
3 5735 7562 5737 
3 5737 7572 7604 
3 7604 5739 5737 
3 5750 7012 5749 
3 7012 7610 5749 
3 5750 7604 7012 
3 7610 5814 5749 
3 7604 5750 5739 
3 7628 7620 7636 
3 7616 7620 7628 
3 7620 7653 7657 
3 7657 7636 7620 
3 5825 7628 7636 
3 7636 5861 5825 
3 5911 7636 7657 
3 5861 7636 5911 
3 7653 7665 7671 
3 7671 7657 7653 
3 7037 7671 7019 
3 7671 7665 7019 
3 7665 7016 7019 
3 5935 7657 7671 
3 5911 7657 5935 
3 5935 7671 7037 
3 7037 5940 5935 
3 7037 5534 5940 
3 7043 5519 5539 
3 7733 7727 7752 
3 7712 7727 7733 
3 5961 7752 5947 
3 7752 7727 5947 
3 7727 7771 5947 
3 5923 7733 7752 
3 7752 5964 5923 
3 7752 5961 5964 
3 5947 7771 7779 
3 7779 5968 5947 
3 7779 5805 5968 
3 840 893 826 
3 893 818 826 
3 818 820 826 
3 893 817 818 
3 840 895 893 
3 1216 186 1213 
3 186 165 1213 
3 1216 66 186 
3 1216 796 66 
3 1213 1242 1294 
3 1294 1216 1213 
3 1306 805 1216 
3 805 796 1216 
3 1306 808 805 
3 1306 1294 1316 
3 1216 1294 1306 
3 1242 1332 1338 
3 1338 1294 1242 
3 1338 1340 1351 
3 1332 1340 1338 
3 1316 1338 1382 
3 1294 1338 1316 
3 1338 1351 1428 
3 1428 1382 1338 
3 1453 850 1306 
3 850 808 1306 
3 1453 852 850 
3 1306 1316 1465 
3 1465 1453 1306 
3 1477 861 1453 
3 861 852 1453 
3 1477 865 861 
3 1477 1465 1479 
3 1453 1465 1477 
3 1316 1382 1495 
3 1495 1465 1316 
3 1495 1428 1521 
3 1382 1428 1495 
3 1465 1495 1543 
3 1543 1479 1465 
3 1495 1521 1554 
3 1554 1543 1495 
3 1572 1582 1650 
3 1650 1636 1572 
3 1650 1653 1656 
3 1582 1653 1650 
3 1684 1650 1712 
3 1636 1650 1684 
3 1712 1656 1755 
3 1650 1656 1712 
3 1765 1712 1820 
3 1684 1712 1765 
3 1712 1755 1841 
3 1841 1820 1712 
3 1765 1820 1880 
3 1880 1340 1765 
3 1880 1841 1908 
3 1820 1841 1880 
3 1351 1880 1921 
3 1340 1880 1351 
3 1921 1908 1931 
3 1880 1908 1921 
3 1428 1921 1938 
3 1351 1921 1428 
3 1938 1931 1982 
3 1921 1931 1938 
3 1428 1938 1994 
3 1994 1521 1428 
3 1994 1982 2005 
3 1938 1982 1994 
3 1554 1994 2030 
3 1521 1994 1554 
3 1994 2005 2039 
3 2039 2030 1994 
3 871 1429 867 
3 1429 895 867 
3 895 840 867 
3 1429 871 2074 
3 2074 1444 1429 
3 885 2074 882 
3 2074 873 882 
3 873 874 882 
3 2074 871 873 
3 1552 2074 2080 
3 1444 2074 1552 
3 2080 885 2110 
3 2074 885 2080 
3 1552 2080 2119 
3 2119 1596 1552 
3 2080 2110 2148 
3 2148 2119 2080 
3 2160 886 887 
3 2160 2110 886 
3 2110 885 886 
3 2188 890 892 
3 2188 2160 890 
3 2160 887 890 
3 2110 2160 2256 
3 2256 2148 2110 
3 2160 2188 2270 
3 2270 2256 2160 
3 2288 879 1477 
3 879 865 1477 
3 2288 881 879 
3 1477 1479 2295 
3 2295 2288 1477 
3 2297 889 2288 
3 889 881 2288 
3 2297 892 889 
3 2297 2295 2299 
3 2288 2295 2297 
3 2295 1543 2350 
3 1479 1543 2295 
3 2350 1554 2361 
3 1543 1554 2350 
3 2295 2350 2383 
3 2383 2299 2295 
3 2383 2361 2433 
3 2350 2361 2383 
3 892 2297 2442 
3 2442 2188 892 
3 2297 2299 2461 
3 2461 2442 2297 
3 2270 2442 2469 
3 2188 2442 2270 
3 2469 2461 2512 
3 2442 2461 2469 
3 2461 2383 2524 
3 2299 2383 2461 
3 2383 2433 2534 
3 2534 2524 2383 
3 2461 2524 2542 
3 2542 2512 2461 
3 2524 2534 1224 
3 1224 2542 2524 
3 1596 2119 2551 
3 2551 1971 1596 
3 2551 2148 2561 
3 2119 2148 2551 
3 1971 2551 2596 
3 2596 2013 1971 
3 2551 2561 2609 
3 2609 2596 2551 
3 2561 2256 2646 
3 2148 2256 2561 
3 2646 2270 2689 
3 2256 2270 2646 
3 2561 2646 2704 
3 2704 2609 2561 
3 2704 2689 2711 
3 2646 2689 2704 
3 2094 2596 2768 
3 2013 2596 2094 
3 2596 2609 2782 
3 2782 2768 2596 
3 2094 2768 2474 
3 2474 2202 2094 
3 2474 2782 2552 
3 2768 2782 2474 
3 2609 2704 2791 
3 2791 2782 2609 
3 2704 2711 2797 
3 2797 2791 2704 
3 2552 2791 2674 
3 2782 2791 2552 
3 2791 2797 2687 
3 2687 2674 2791 
3 2270 2469 2831 
3 2831 2689 2270 
3 2469 2512 2863 
3 2863 2831 2469 
3 2711 2831 2870 
3 2689 2831 2711 
3 2870 2863 2872 
3 2831 2863 2870 
3 2512 2542 2884 
3 2884 2863 2512 
3 2884 1224 1248 
3 2542 1224 2884 
3 2872 2884 2924 
3 2863 2884 2872 
3 2884 1248 1358 
3 1358 2924 2884 
3 2711 2870 2934 
3 2934 2797 2711 
3 2870 2872 2950 
3 2950 2934 2870 
3 2797 2934 2857 
3 2857 2687 2797 
3 2857 2950 2898 
3 2934 2950 2857 
3 2950 2924 2964 
3 2872 2924 2950 
3 2964 1358 1509 
3 2924 1358 2964 
3 2950 2964 2931 
3 2931 2898 2950 
3 2931 1509 1559 
3 2964 1509 2931 
3 2361 2030 2968 
3 1554 2030 2361 
3 2968 2039 2973 
3 2030 2039 2968 
3 2361 2968 2980 
3 2980 2433 2361 
3 2968 2973 2982 
3 2982 2980 2968 
3 2039 2989 2997 
3 2997 2973 2039 
3 2989 3011 3019 
3 3019 2997 2989 
3 2982 2997 3022 
3 2973 2997 2982 
3 3022 3019 3037 
3 2997 3019 3022 
3 2433 2980 3045 
3 3045 2534 2433 
3 2980 2982 3080 
3 3080 3045 2980 
3 2534 3045 1232 
3 1232 1224 2534 
3 1232 3080 1325 
3 3045 3080 1232 
3 3080 3022 3100 
3 2982 3022 3080 
3 3100 3037 3104 
3 3022 3037 3100 
3 3080 3100 1432 
3 1432 1325 3080 
3 3100 3104 1456 
3 1456 1432 3100 
3 3285 2480 3283 
3 2480 2471 3283 
3 3285 2507 2480 
3 3283 3287 3290 
3 3290 3285 3283 
3 3299 2536 3285 
3 2536 2507 3285 
3 3299 1523 2536 
3 3299 3290 3320 
3 3285 3290 3299 
3 3325 1557 3299 
3 1557 1523 3299 
3 3325 1573 1557 
3 3325 3320 3327 
3 3299 3320 3325 
3 3332 1631 3325 
3 1631 1573 3325 
3 3332 1670 1631 
3 3332 3327 3351 
3 3325 3327 3332 
3 3357 2007 3332 
3 2007 1670 3332 
3 3357 2031 2007 
3 3357 3351 3359 
3 3332 3351 3357 
3 3380 2218 3357 
3 2218 2031 3357 
3 3380 2240 2218 
3 3357 3359 3389 
3 3389 3380 3357 
3 3392 2576 3380 
3 2576 2240 3380 
3 3392 2629 2576 
3 3392 3389 3397 
3 3380 3389 3392 
3 1653 1582 3392 
3 1582 2750 3392 
3 2750 2629 3392 
3 1582 1572 2750 
3 3392 3397 3279 
3 3279 1653 3392 
3 3397 3405 3410 
3 3389 3405 3397 
3 3410 3437 3446 
3 3405 3437 3410 
3 3279 3410 3311 
3 3397 3410 3279 
3 3311 3446 3334 
3 3410 3446 3311 
3 1090 1087 3883 
3 3883 3933 1090 
3 3885 3884 1101 
3 3884 1087 1101 
3 3884 3883 1087 
3 3887 3886 4202 
3 3886 1108 4202 
3 3886 1101 1108 
3 3886 3885 1101 
3 962 922 3945 
3 3945 3949 962 
3 965 964 4218 
3 3952 986 967 
3 3952 3887 986 
3 3887 4202 986 
3 3974 3952 4218 
3 3952 965 4218 
3 3952 967 965 
3 3992 4218 1033 
3 4218 964 1033 
3 3992 4008 4218 
3 3992 962 3949 
3 1033 962 3992 
3 3974 4218 4008 
3 3943 1039 4020 
3 1017 1039 3943 
3 1039 1052 4047 
3 4047 4020 1039 
3 1102 1067 4059 
3 4059 4065 1102 
3 4059 1109 4070 
3 1067 1109 4059 
3 4047 1102 4065 
3 1052 1102 4047 
3 1125 1114 4079 
3 4079 4123 1125 
3 1139 1134 4240 
3 4139 4240 1159 
3 4240 1134 1159 
3 4139 4149 4240 
3 4155 4079 4240 
3 4079 1139 4240 
3 4079 1114 1139 
3 4155 4240 4149 
3 4070 1165 4162 
3 1109 1165 4070 
3 1165 1125 4123 
3 4123 4162 1165 
3 4139 1168 4166 
3 1159 1168 4139 
3 4166 1090 3933 
3 1168 1090 4166 
3 4202 1108 1185 
3 1185 986 4202 
3 4364 3923 3929 
3 4364 4340 3923 
3 4340 4678 3923 
3 3923 4678 4687 
3 4687 3931 3923 
3 3929 3938 4378 
3 4378 4364 3929 
3 4687 3957 3931 
3 4709 3882 3981 
3 3981 4741 4709 
3 4667 4709 4741 
3 4741 4679 4667 
3 4754 3981 3991 
3 4741 3981 4754 
3 4679 4741 4754 
3 4754 4688 4679 
3 4770 3994 4003 
3 4021 4031 4397 
3 4397 4390 4021 
3 4390 4421 4021 
3 4421 4003 4021 
3 4421 4770 4003 
3 4461 3991 4770 
3 3991 3994 4770 
3 4461 4445 3991 
3 4445 4754 3991 
3 4688 4754 4445 
3 4445 4470 4688 
3 4461 4770 4421 
3 4036 3998 4504 
3 4504 4512 4036 
3 4523 4036 4512 
3 4049 4036 4523 
3 4779 4058 4100 
3 4569 4058 4779 
3 4569 4102 4058 
3 4569 4565 4102 
3 4523 4779 4049 
3 4779 4100 4049 
3 4523 4598 4779 
3 4569 4779 4598 
3 4397 4102 4565 
3 4031 4102 4397 
3 4675 4697 4607 
3 4607 4377 4675 
3 4607 4726 4615 
3 4697 4726 4607 
3 4627 4758 4791 
3 4627 4615 4758 
3 4615 4726 4758 
3 4627 4791 4632 
3 4791 4758 4771 
3 4771 4799 4791 
3 4632 4799 4633 
3 4791 4799 4632 
3 4799 4771 4796 
3 4796 4805 4799 
3 4635 4633 4808 
3 4633 4799 4808 
3 4799 4805 4808 
3 4810 4796 4801 
3 4805 4796 4810 
3 4645 4805 4810 
3 4645 4808 4805 
3 4645 4642 4808 
3 4635 4808 4647 
3 4647 4808 4642 
3 4652 4801 4807 
3 4652 4649 4801 
3 4649 4810 4801 
3 4645 4810 4649 
3 4656 4667 4677 
3 4656 4652 4667 
3 4652 4807 4667 
3 4656 4677 4454 
3 5737 6024 5735 
3 6035 6024 5737 
3 5739 6035 5737 
3 6044 6035 5739 
3 5749 6053 5750 
3 5749 6076 6053 
3 5749 5814 6076 
3 5814 6067 6076 
3 5739 6118 6044 
3 5739 6053 6118 
3 5739 5750 6053 
3 6118 6076 6135 
3 6053 6076 6118 
3 5861 6067 5825 
3 6146 6067 5861 
3 6155 6146 5861 
3 5861 5911 6155 
3 6196 6155 5911 
3 5911 5935 6196 
3 6211 6196 5935 
3 5935 5940 6211 
3 6076 6146 6224 
3 6067 6146 6076 
3 6146 6155 6231 
3 6231 6224 6146 
3 6135 6224 6257 
3 6076 6224 6135 
3 6257 6231 6281 
3 6224 6231 6257 
3 6231 6196 6316 
3 6155 6196 6231 
3 6196 6211 6339 
3 6339 6316 6196 
3 6231 6316 6347 
3 6347 6281 6231 
3 6347 6339 6354 
3 6316 6339 6347 
3 6024 6035 6422 
3 6422 6368 6024 
3 6422 6044 6456 
3 6035 6044 6422 
3 6467 6422 6479 
3 6368 6422 6467 
3 6422 6456 6488 
3 6488 6479 6422 
3 6044 6118 6507 
3 6507 6456 6044 
3 6507 6135 6528 
3 6118 6135 6507 
3 6488 6507 6547 
3 6456 6507 6488 
3 6507 6528 6550 
3 6550 6547 6507 
3 6557 6479 6571 
3 6467 6479 6557 
3 4361 6488 4353 
3 4361 6479 6488 
3 4361 6571 6479 
3 4376 6557 6571 
3 4343 6557 4376 
3 6571 4361 4376 
3 4388 6488 6547 
3 4353 6488 4388 
3 6604 6547 6550 
3 6604 4388 6547 
3 6604 4416 4388 
3 4437 4416 6604 
3 6528 6257 6629 
3 6135 6257 6528 
3 6629 6281 6634 
3 6257 6281 6629 
3 6550 6629 6637 
3 6528 6629 6550 
3 6629 6634 6643 
3 6643 6637 6629 
3 6634 6347 6660 
3 6281 6347 6634 
3 4455 6354 4447 
3 4455 6347 6354 
3 4455 6660 6347 
3 4458 6634 4457 
3 6634 6660 4457 
3 4458 6643 6634 
3 6660 4455 4457 
3 4546 6637 4514 
3 4546 6550 6637 
3 4546 6604 6550 
3 4514 6637 6643 
3 6643 4553 4514 
3 6604 4546 4437 
3 6643 4458 4553 
3 5940 5563 6211 
3 5563 6671 6211 
3 5563 5566 6671 
3 5940 5534 5563 
3 6677 5574 5577 
3 6677 6671 5574 
3 6671 5566 5574 
3 5539 5519 5570 
3 5519 5554 5570 
3 5554 6694 5570 
3 6694 5577 5570 
3 5554 5557 6694 
3 6694 6041 6706 
3 5557 6041 6694 
3 6677 6694 6709 
3 5577 6694 6677 
3 6709 6706 6737 
3 6694 6706 6709 
3 6211 6671 6751 
3 6751 6339 6211 
3 6671 6677 6759 
3 6759 6751 6671 
3 6354 6751 6764 
3 6339 6751 6354 
3 6764 6759 6765 
3 6751 6759 6764 
3 6759 6709 6769 
3 6677 6709 6759 
3 6769 6737 6788 
3 6709 6737 6769 
3 6765 6769 6799 
3 6759 6769 6765 
3 6769 6788 6803 
3 6803 6799 6769 
3 6706 6045 6810 
3 6041 6045 6706 
3 6045 6060 6822 
3 6822 6810 6045 
3 6737 6810 6826 
3 6706 6810 6737 
3 6826 6822 6830 
3 6810 6822 6826 
3 6822 6109 6831 
3 6060 6109 6822 
3 6831 6137 6721 
3 6109 6137 6831 
3 6830 6831 6833 
3 6822 6831 6830 
3 6833 6721 6731 
3 6831 6721 6833 
3 6737 6826 6835 
3 6835 6788 6737 
3 6835 6830 6837 
3 6826 6830 6835 
3 6788 6835 6839 
3 6839 6803 6788 
3 4436 6837 4563 
3 4436 6835 6837 
3 4436 6839 6835 
3 6837 6833 6840 
3 6830 6833 6837 
3 6833 6731 6767 
3 6767 6840 6833 
3 4563 6837 6840 
3 6840 4570 4563 
3 4570 6840 6767 
3 6767 4575 4570 
3 4447 6354 6764 
3 6764 4580 4447 
3 4605 6764 6765 
3 4580 6764 4605 
3 4605 6765 6799 
3 6799 4613 4605 
3 4387 6799 6803 
3 4613 6799 4387 
3 4387 6803 6839 
3 6839 4409 4387 
3 6839 4436 4409 
3 5947 6846 5961 
3 6853 6239 5923 
3 5923 5964 6853 
3 5964 6846 6853 
3 6846 6867 6853 
3 5964 5961 6846 
3 5968 6846 5947 
3 6869 6846 5968 
3 5968 5805 6869 
3 5805 6031 6869 
3 6031 6871 6869 
3 6867 6869 6872 
3 6846 6869 6867 
3 6869 6871 6023 
3 6023 6872 6869 
3 6308 6853 6874 
3 6239 6853 6308 
3 6853 6867 6875 
3 6875 6874 6853 
3 6259 6874 6274 
3 6308 6874 6259 
3 6274 6875 6286 
3 6874 6875 6274 
3 6875 6872 6876 
3 6867 6872 6875 
3 6876 6023 6034 
3 6872 6023 6876 
3 6875 6876 6293 
3 6293 6286 6875 
3 6293 6034 6140 
3 6876 6034 6293 
3 6031 6056 6878 
3 6878 6871 6031 
3 6878 6101 6879 
3 6056 6101 6878 
3 6023 6878 6033 
3 6871 6878 6023 
3 6878 6879 6063 
3 6063 6033 6878 
3 6879 6166 6880 
3 6101 6166 6879 
3 6880 6174 6362 
3 6166 6174 6880 
3 6879 6880 6169 
3 6169 6063 6879 
3 6169 6362 6184 
3 6880 6362 6169 
3 7549 7555 7563 
3 7563 7163 7549 
3 7555 7611 7630 
3 7630 7563 7555 
3 7700 7169 7563 
3 7169 7163 7563 
3 7700 7175 7169 
3 7563 7630 7713 
3 7713 7700 7563 
3 7611 7715 7720 
3 7720 7630 7611 
3 7715 7731 7741 
3 7741 7720 7715 
3 7713 7720 7768 
3 7630 7720 7713 
3 7720 7741 7777 
3 7777 7768 7720 
3 7811 5744 7566 
3 7811 7802 5744 
3 7802 5753 5744 
3 7811 7573 7813 
3 7566 7573 7811 
3 7731 7811 7834 
3 7802 7811 7731 
3 7811 7813 7852 
3 7852 7834 7811 
3 7813 7683 7869 
3 7573 7683 7813 
3 7683 7692 7878 
3 7878 7869 7683 
3 7813 7869 7889 
3 7889 7852 7813 
3 7889 7878 7898 
3 7869 7878 7889 
3 7731 7834 7904 
3 7904 7741 7731 
3 7834 7852 7911 
3 7911 7904 7834 
3 7741 7904 7916 
3 7916 7777 7741 
3 7904 7911 7926 
3 7926 7916 7904 
3 7852 7889 7960 
3 7960 7911 7852 
3 7889 7898 7969 
3 7969 7960 7889 
3 7926 7960 7977 
3 7911 7960 7926 
3 7960 7969 7982 
3 7982 7977 7960 
3 7997 7193 7700 
3 7193 7175 7700 
3 7997 6954 7193 
3 7997 7362 6954 
3 7700 7713 8011 
3 8011 7997 7700 
3 7362 7997 8021 
3 8021 8014 7362 
3 8021 8011 8028 
3 7997 8011 8021 
3 7713 7768 8034 
3 8034 8011 7713 
3 8034 7777 8041 
3 7768 7777 8034 
3 8011 8034 8057 
3 8057 8028 8011 
3 8057 8041 8065 
3 8034 8041 8057 
3 7386 7371 8021 
3 7371 8014 8021 
3 7371 7367 8014 
3 7418 7399 8028 
3 7399 8021 8028 
3 7399 7386 8021 
3 7418 8057 8074 
3 8028 8057 7418 
3 8057 8065 8078 
3 8078 8074 8057 
3 8088 7421 8074 
3 7421 7418 8074 
3 8088 6966 7421 
3 8088 7206 6966 
3 8088 8078 7616 
3 8074 8078 8088 
3 7777 7916 8098 
3 8098 8041 7777 
3 8098 7926 8116 
3 7916 7926 8098 
3 8065 8098 8120 
3 8041 8098 8065 
3 8120 8116 8122 
3 8098 8116 8120 
3 8116 7977 8125 
3 7926 7977 8116 
3 8125 7982 8128 
3 7977 7982 8125 
3 8122 8125 8130 
3 8116 8125 8122 
3 8125 8128 8134 
3 8134 8130 8125 
3 8065 8120 8137 
3 8137 8078 8065 
3 8120 8122 8140 
3 8140 8137 8120 
3 7616 8137 7620 
3 8078 8137 7616 
3 7620 8140 7653 
3 8137 8140 7620 
3 8122 8130 8153 
3 8153 8140 8122 
3 8153 8134 7243 
3 8130 8134 8153 
3 7653 8153 7665 
3 8140 8153 7653 
3 7016 7665 7251 
3 7665 8153 7251 
3 8153 7243 7251 
3 7878 7792 8162 
3 7692 7792 7878 
3 8162 7808 8167 
3 7792 7808 8162 
3 7878 8162 8171 
3 8171 7898 7878 
3 8162 8167 8174 
3 8174 8171 8162 
3 8167 7861 8179 
3 7808 7861 8167 
3 7861 7867 8184 
3 8184 8179 7861 
3 8167 8179 8189 
3 8189 8174 8167 
3 8189 8184 8201 
3 8179 8184 8189 
3 7969 8171 8203 
3 7898 8171 7969 
3 8203 8174 8204 
3 8171 8174 8203 
3 7969 8203 8205 
3 8205 7982 7969 
3 8203 8204 8206 
3 8206 8205 8203 
3 8174 8189 8208 
3 8208 8204 8174 
3 8189 8201 8209 
3 8209 8208 8189 
3 8206 8208 8211 
3 8204 8208 8206 
3 8211 8209 8238 
3 8208 8209 8211 
3 7867 7957 8241 
3 8241 8184 7867 
3 7434 8241 7427 
3 8241 7957 7427 
3 7957 7294 7427 
3 8184 8241 8245 
3 8245 8201 8184 
3 8245 7434 8252 
3 8241 7434 8245 
3 8254 7480 7484 
3 8254 8252 7480 
3 8252 7434 7480 
3 7667 7499 7500 
3 7667 8254 7499 
3 8254 7484 7499 
3 8209 8245 8256 
3 8201 8245 8209 
3 8245 8252 8258 
3 8258 8256 8245 
3 8238 8256 8260 
3 8209 8256 8238 
3 8260 8258 8268 
3 8256 8258 8260 
3 8252 8254 8277 
3 8277 8258 8252 
3 8277 7667 7753 
3 8254 7667 8277 
3 8268 8277 8280 
3 8258 8277 8268 
3 8277 7753 7760 
3 7760 8280 8277 
3 7982 8205 8283 
3 8283 8128 7982 
3 8283 8206 8285 
3 8205 8206 8283 
3 8134 8283 7211 
3 8128 8283 8134 
3 7223 7213 8285 
3 7213 8283 8285 
3 7213 7211 8283 
3 8285 8211 8287 
3 8206 8211 8285 
3 8211 8238 8289 
3 8289 8287 8211 
3 7269 7264 8287 
3 7264 8285 8287 
3 7264 7223 8285 
3 7269 8289 8291 
3 8287 8289 7269 
3 7230 7244 7215 
3 7244 8134 7215 
3 8134 7211 7215 
3 7244 7243 8134 
3 8295 7273 8291 
3 7273 7269 8291 
3 8295 7277 7273 
3 8295 5771 7277 
3 5771 7280 7277 
3 5771 5521 7280 
3 8238 8260 8299 
3 8299 8289 8238 
3 8260 8268 8301 
3 8301 8299 8260 
3 8289 8299 8303 
3 8303 8291 8289 
3 8303 8301 8304 
3 8299 8301 8303 
3 8301 8280 8305 
3 8268 8280 8301 
3 8305 7760 7862 
3 8280 7760 8305 
3 8301 8305 8306 
3 8306 8304 8301 
3 8305 7862 7883 
3 7883 8306 8305 
3 8295 8303 8309 
3 8291 8303 8295 
3 5789 8304 5785 
3 5789 8303 8304 
3 5789 8309 8303 
3 5771 8295 8309 
3 8309 5790 5771 
3 8309 5789 5790 
3 8311 5817 8306 
3 5817 8304 8306 
3 5817 5785 8304 
3 5827 8306 5824 
3 8306 7883 5824 
3 5827 8311 8306 
3 5839 5817 8311 
3 8311 5827 5839 
3 8314 7292 8088 
3 7292 7206 8088 
3 8314 6991 7292 
3 8314 7616 7628 
3 8088 7616 8314 
3 7610 6995 8314 
3 6995 6991 8314 
3 7610 7012 6995 
3 5814 8314 5825 
3 8314 7628 5825 
3 5814 7610 8314 
3 8351 8352 8354 
3 8354 8353 8351 
3 8352 8356 8360 
3 8360 8354 8352 
3 8353 8354 8362 
3 8362 8361 8353 
3 8354 8360 8364 
3 8364 8362 8354 
3 8369 8371 8374 
3 8374 8372 8369 
3 8371 8361 8376 
3 8376 8374 8371 
3 8372 8374 8381 
3 8381 8379 8372 
3 8374 8376 8384 
3 8384 8381 8374 
3 8361 8362 8389 
3 8389 8376 8361 
3 8362 8364 8395 
3 8395 8389 8362 
3 8376 8389 8399 
3 8399 8384 8376 
3 8389 8395 8402 
3 8402 8399 8389 
3 114 117 34 
3 34 29 114 
3 39 119 42 
3 39 123 119 
3 39 34 123 
3 34 117 123 
3 114 127 139 
3 139 117 114 
3 139 143 146 
3 127 143 139 
3 123 139 158 
3 117 139 123 
3 158 146 165 
3 139 146 158 
3 44 168 43 
3 51 168 44 
3 42 119 56 
3 59 123 174 
3 59 56 123 
3 56 119 123 
3 174 178 63 
3 63 59 174 
3 123 158 183 
3 183 174 123 
3 158 165 186 
3 186 183 158 
3 64 174 183 
3 64 178 174 
3 64 65 178 
3 183 186 66 
3 66 64 183 
3 63 178 67 
3 67 178 65 
3 69 193 70 
3 71 193 69 
3 70 193 73 
3 73 193 71 
3 75 196 77 
3 78 196 75 
3 77 196 80 
3 80 196 78 
3 197 199 207 
3 207 203 197 
3 207 228 235 
3 199 228 207 
3 238 207 242 
3 203 207 238 
3 207 235 244 
3 244 242 207 
3 235 247 248 
3 228 247 235 
3 248 249 250 
3 247 249 248 
3 235 248 252 
3 252 244 235 
3 248 250 267 
3 267 252 248 
3 275 242 288 
3 238 242 275 
3 288 244 291 
3 242 244 288 
3 275 288 296 
3 296 293 275 
3 288 291 306 
3 306 296 288 
3 291 252 322 
3 244 252 291 
3 322 267 327 
3 252 267 322 
3 306 322 329 
3 291 322 306 
3 322 327 332 
3 332 329 322 
3 336 337 339 
3 339 338 336 
3 339 340 342 
3 337 340 339 
3 338 339 344 
3 344 343 338 
3 339 342 346 
3 346 344 339 
3 350 344 353 
3 343 344 350 
3 353 346 355 
3 344 346 353 
3 357 353 360 
3 350 353 357 
3 353 355 363 
3 363 360 353 
3 342 365 368 
3 340 365 342 
3 368 370 374 
3 365 370 368 
3 342 368 378 
3 378 346 342 
3 378 374 380 
3 368 374 378 
3 355 378 382 
3 346 378 355 
3 382 380 385 
3 378 380 382 
3 355 382 398 
3 398 363 355 
3 83 382 385 
3 83 398 382 
3 83 87 398 
3 403 405 418 
3 418 414 403 
3 405 218 221 
3 221 418 405 
3 136 418 150 
3 414 418 136 
3 418 221 167 
3 167 150 418 
3 690 688 707 
3 686 688 690 
3 707 713 715 
3 688 713 707 
3 716 707 719 
3 690 707 716 
3 719 715 721 
3 707 715 719 
3 715 724 726 
3 713 724 715 
3 724 29 34 
3 34 726 724 
3 42 715 39 
3 715 726 39 
3 42 721 715 
3 726 34 39 
3 736 734 748 
3 732 734 736 
3 734 716 752 
3 752 748 734 
3 755 44 748 
3 44 43 748 
3 43 736 748 
3 755 752 759 
3 748 752 755 
3 716 719 762 
3 762 752 716 
3 719 721 764 
3 764 762 719 
3 752 762 766 
3 766 759 752 
3 762 764 767 
3 767 766 762 
3 771 44 755 
3 771 51 44 
3 771 769 51 
3 771 759 772 
3 755 759 771 
3 775 771 777 
3 769 771 775 
3 777 772 778 
3 771 772 777 
3 759 766 780 
3 780 772 759 
3 780 767 782 
3 766 767 780 
3 778 780 783 
3 772 780 778 
3 780 782 785 
3 785 783 780 
3 788 764 56 
3 764 42 56 
3 764 721 42 
3 788 56 59 
3 767 788 791 
3 764 788 767 
3 788 59 63 
3 63 791 788 
3 65 64 794 
3 64 66 796 
3 796 794 64 
3 767 791 797 
3 797 782 767 
3 798 797 67 
3 797 63 67 
3 797 791 63 
3 785 797 799 
3 782 797 785 
3 797 798 801 
3 801 799 797 
3 803 65 794 
3 803 67 65 
3 803 798 67 
3 803 796 805 
3 794 796 803 
3 801 803 807 
3 798 803 801 
3 807 805 808 
3 803 805 807 
3 775 777 813 
3 813 811 775 
3 813 778 815 
3 777 778 813 
3 811 813 818 
3 818 817 811 
3 818 815 820 
3 813 815 818 
3 815 783 822 
3 778 783 815 
3 822 785 823 
3 783 785 822 
3 815 822 824 
3 824 820 815 
3 822 823 825 
3 825 824 822 
3 820 824 836 
3 836 826 820 
3 824 825 838 
3 838 836 824 
3 840 836 843 
3 826 836 840 
3 843 838 844 
3 836 838 843 
3 785 799 845 
3 845 823 785 
3 845 801 846 
3 799 801 845 
3 823 845 847 
3 847 825 823 
3 847 846 848 
3 845 846 847 
3 801 807 849 
3 849 846 801 
3 849 808 850 
3 807 808 849 
3 848 849 851 
3 846 849 848 
3 851 850 852 
3 849 850 851 
3 838 847 853 
3 825 847 838 
3 847 848 854 
3 854 853 847 
3 844 853 855 
3 838 853 844 
3 853 854 857 
3 857 855 853 
3 854 851 859 
3 848 851 854 
3 851 852 861 
3 861 859 851 
3 854 859 863 
3 863 857 854 
3 859 861 865 
3 865 863 859 
3 70 840 69 
3 840 843 69 
3 70 867 840 
3 869 69 844 
3 69 843 844 
3 869 71 69 
3 873 871 73 
3 871 70 73 
3 871 867 70 
3 874 73 869 
3 73 71 869 
3 874 873 73 
3 77 844 75 
3 844 855 75 
3 77 869 844 
3 875 78 857 
3 78 855 857 
3 78 75 855 
3 876 874 80 
3 874 77 80 
3 874 869 77 
3 877 78 875 
3 877 80 78 
3 877 876 80 
3 875 863 878 
3 857 863 875 
3 878 865 879 
3 863 865 878 
3 875 878 880 
3 880 877 875 
3 878 879 881 
3 881 880 878 
3 874 876 883 
3 883 882 874 
3 883 877 884 
3 876 877 883 
3 885 883 886 
3 882 883 885 
3 883 884 887 
3 887 886 883 
3 877 880 888 
3 888 884 877 
3 888 881 889 
3 880 881 888 
3 884 888 890 
3 890 887 884 
3 888 889 892 
3 892 890 888 
3 87 83 896 
3 1289 1253 1307 
3 1215 1253 1289 
3 1307 1317 1320 
3 1253 1317 1307 
3 1289 1307 1410 
3 1410 1369 1289 
3 1307 1320 1491 
3 1491 1410 1307 
3 1503 1518 1544 
3 1544 1530 1503 
3 1518 1558 1587 
3 1587 1544 1518 
3 1605 1544 1613 
3 1530 1544 1605 
3 1544 1587 1638 
3 1638 1613 1544 
3 1654 1658 1693 
3 1693 1667 1654 
3 1658 1705 1707 
3 1707 1693 1658 
3 1667 1693 1745 
3 1745 1717 1667 
3 1745 1707 1761 
3 1693 1707 1745 
3 1707 1769 1795 
3 1705 1769 1707 
3 1795 1806 1843 
3 1769 1806 1795 
3 1707 1795 1919 
3 1919 1761 1707 
3 1919 1843 1935 
3 1795 1843 1919 
3 1955 1919 1987 
3 1761 1919 1955 
3 1919 1935 2032 
3 2032 1987 1919 
3 1955 1987 2176 
3 2176 2154 1955 
3 1987 2032 2204 
3 2204 2176 1987 
3 1806 2180 2223 
3 2223 1843 1806 
3 2180 2192 2226 
3 2226 2223 2180 
3 1935 2223 2250 
3 1843 2223 1935 
3 2250 2226 2263 
3 2223 2226 2250 
3 2226 2264 2272 
3 2192 2264 2226 
3 2272 2047 2305 
3 2264 2047 2272 
3 2263 2272 2313 
3 2226 2272 2263 
3 2313 2305 2324 
3 2272 2305 2313 
3 1935 2250 2339 
3 2339 2032 1935 
3 2250 2263 2370 
3 2370 2339 2250 
3 2032 2339 2381 
3 2381 2204 2032 
3 2339 2370 2390 
3 2390 2381 2339 
3 2263 2313 2402 
3 2402 2370 2263 
3 2402 2324 2423 
3 2313 2324 2402 
3 2370 2402 2434 
3 2434 2390 2370 
3 2434 2423 2505 
3 2402 2423 2434 
3 2305 2053 2537 
3 2047 2053 2305 
3 2053 2054 2547 
3 2547 2537 2053 
3 2305 2537 2559 
3 2559 2324 2305 
3 2559 2547 2568 
3 2537 2547 2559 
3 2054 2057 2577 
3 2577 2547 2054 
3 2577 2058 2633 
3 2057 2058 2577 
3 2547 2577 2651 
3 2651 2568 2547 
3 2577 2633 2660 
3 2660 2651 2577 
3 2423 2559 2686 
3 2324 2559 2423 
3 2686 2568 2721 
3 2559 2568 2686 
3 2423 2686 2749 
3 2749 2505 2423 
3 2686 2721 2762 
3 2762 2749 2686 
3 2058 2072 2769 
3 2769 2633 2058 
3 2769 2073 2772 
3 2072 2073 2769 
3 2660 2769 2795 
3 2633 2769 2660 
3 2769 2772 2809 
3 2809 2795 2769 
3 944 1464 948 
3 950 1464 944 
3 1498 1464 950 
3 966 2824 970 
3 988 1498 950 
3 1844 1498 988 
3 988 1878 1844 
3 988 970 1878 
3 970 2824 1878 
3 2841 2824 966 
3 966 1002 2841 
3 1046 2841 1002 
3 2824 2841 1930 
3 1930 1878 2824 
3 1046 1930 2841 
3 1046 1043 1930 
3 1043 1943 1930 
3 1071 2579 1054 
3 1076 2866 1089 
3 1100 2897 1113 
3 1379 2897 1100 
3 1100 961 1379 
3 1076 2939 2866 
3 1076 1113 2939 
3 1113 2897 2939 
3 2939 1379 1398 
3 2897 1379 2939 
3 1089 2949 1121 
3 2866 2949 1089 
3 1123 2958 1124 
3 1123 2965 2958 
3 1123 1121 2965 
3 1121 2949 2965 
3 2949 2939 2983 
3 2866 2939 2949 
3 2939 1398 1597 
3 1597 2983 2939 
3 2949 2983 2991 
3 2991 2965 2949 
3 2991 1597 1696 
3 2983 1597 2991 
3 1071 2888 2579 
3 1071 1127 2888 
3 1127 2994 2888 
3 3003 2994 1127 
3 1127 1129 3003 
3 2888 2994 3006 
3 3006 2930 2888 
3 2994 3003 3023 
3 3023 3006 2994 
3 1150 3003 1129 
3 3031 3003 1150 
3 1155 3031 1150 
3 3062 3031 1155 
3 3023 3031 3077 
3 3003 3031 3023 
3 3031 3062 3083 
3 3083 3077 3031 
3 2930 3006 3087 
3 3087 3000 2930 
3 3006 3023 3091 
3 3091 3087 3006 
3 3016 3087 3093 
3 3000 3087 3016 
3 3093 3091 3097 
3 3087 3091 3093 
3 3023 3077 3102 
3 3102 3091 3023 
3 3077 3083 3131 
3 3131 3102 3077 
3 3097 3102 3136 
3 3091 3102 3097 
3 3102 3131 2456 
3 2456 3136 3102 
3 1155 1124 3062 
3 1124 3141 3062 
3 1124 2958 3141 
3 2958 2965 3148 
3 3148 3141 2958 
3 3062 3141 3151 
3 3151 3083 3062 
3 3151 3148 1245 
3 3141 3148 3151 
3 2965 2991 3170 
3 3170 3148 2965 
3 2991 1696 2133 
3 2133 3170 2991 
3 1245 3170 1271 
3 3148 3170 1245 
3 3170 2133 1308 
3 1308 1271 3170 
3 3083 3151 3174 
3 3174 3131 3083 
3 3174 1245 1281 
3 3151 1245 3174 
3 2456 3174 2483 
3 3131 3174 2456 
3 3174 1281 1346 
3 1346 2483 3174 
3 3308 3303 3314 
3 3294 3303 3308 
3 3303 3321 3336 
3 3336 3314 3303 
3 3308 3314 3349 
3 3349 3343 3308 
3 3314 3336 2458 
3 2458 3349 3314 
3 3321 3366 2103 
3 2103 3336 3321 
3 2164 2136 2690 
3 2136 3366 2690 
3 3366 2677 2690 
3 2136 2103 3366 
3 2178 3336 2147 
3 3336 2103 2147 
3 2178 2465 3336 
3 2465 2458 3336 
3 2368 2255 3349 
3 2255 3343 3349 
3 2255 2239 3343 
3 2415 2396 2484 
3 2396 3349 2484 
3 3349 2458 2484 
3 2396 2368 3349 
3 3398 3404 3438 
3 3438 3416 3398 
3 3438 3443 3449 
3 3404 3443 3438 
3 3463 3438 3470 
3 3416 3438 3463 
3 3470 3449 3475 
3 3438 3449 3470 
3 3449 3491 3511 
3 3443 3491 3449 
3 3511 3526 3533 
3 3491 3526 3511 
3 3475 3511 3542 
3 3449 3511 3475 
3 3511 3533 1218 
3 1218 3542 3511 
3 3546 3548 3554 
3 3554 3551 3546 
3 3548 3556 3560 
3 3560 3554 3548 
3 3551 3554 3585 
3 3585 3563 3551 
3 3554 3560 3589 
3 3589 3585 3554 
3 3533 3593 3596 
3 3526 3593 3533 
3 3596 3563 3601 
3 3593 3563 3596 
3 1259 1228 3596 
3 1228 3533 3596 
3 1228 1218 3533 
3 1378 1352 3601 
3 1352 3596 3601 
3 1352 1259 3596 
3 3601 3585 3607 
3 3563 3585 3601 
3 3607 3589 3612 
3 3585 3589 3607 
3 1669 1648 3607 
3 1648 3601 3607 
3 1648 1378 3601 
3 1781 1741 3612 
3 1741 3607 3612 
3 1741 1669 3607 
3 3556 3624 3640 
3 3640 3560 3556 
3 3640 3648 3653 
3 3624 3648 3640 
3 3560 3640 3655 
3 3655 3589 3560 
3 3655 3653 3661 
3 3640 3653 3655 
3 3648 3665 3667 
3 3667 3653 3648 
3 3665 3674 3687 
3 3687 3667 3665 
3 3653 3667 3709 
3 3709 3661 3653 
3 3709 3687 2348 
3 3667 3687 3709 
3 3612 3655 2011 
3 3589 3655 3612 
3 2106 2028 3661 
3 2028 3655 3661 
3 2028 2011 3655 
3 2127 2523 2035 
3 2523 3612 2035 
3 3612 2011 2035 
3 2523 1781 3612 
3 2261 2179 3709 
3 2179 3661 3709 
3 2179 2106 3661 
3 2499 2261 2468 
3 2261 2348 2468 
3 2261 3709 2348 
3 2079 2935 2615 
3 2935 2268 2615 
3 2268 2499 2615 
3 2268 2261 2499 
3 2935 2325 2268 
3 3674 3718 3721 
3 3721 3687 3674 
3 3718 3723 3726 
3 3726 3721 3718 
3 2479 2392 3721 
3 2392 3687 3721 
3 2392 2348 3687 
3 2545 2522 3726 
3 2522 3721 3726 
3 2522 2479 3721 
3 3723 3728 3729 
3 3729 3726 3723 
3 3728 3284 3323 
3 3323 3729 3728 
3 2545 3729 3731 
3 3726 3729 2545 
3 3729 3323 3353 
3 3353 3731 3729 
3 2710 2668 3731 
3 2668 2560 3731 
3 2560 2545 3731 
3 2668 2612 2560 
3 3731 3353 3369 
3 3369 2710 3731 
3 2471 2436 3369 
3 2436 2718 3369 
3 2718 2710 3369 
3 2436 2391 2718 
3 925 923 4200 
3 4200 976 4211 
3 923 976 4200 
3 4211 998 4193 
3 976 998 4211 
3 3919 935 4214 
3 935 936 4214 
3 3919 3941 935 
3 937 935 3941 
3 3941 3956 937 
3 4214 936 938 
3 3933 4284 4321 
3 3883 4284 3933 
3 4356 3945 4345 
3 3949 3945 4356 
3 4669 4288 3952 
3 4288 3887 3952 
3 4669 4323 4288 
3 3952 3974 4696 
3 4696 4669 3952 
3 4008 3992 4721 
3 4356 3992 3949 
3 4356 4363 3992 
3 4363 4721 3992 
3 4403 4008 4721 
3 4403 4427 4008 
3 4427 3974 4008 
3 4427 4696 3974 
3 4403 4721 4363 
3 4370 4020 4443 
3 3943 4020 4370 
3 4020 4047 4472 
3 4472 4443 4020 
3 4065 4059 4737 
3 4059 4070 4761 
3 4761 4737 4059 
3 4482 4472 4737 
3 4472 4065 4737 
3 4472 4047 4065 
3 4737 4761 4484 
3 4484 4482 4737 
3 4123 4079 4781 
3 4149 4139 4489 
3 4489 4491 4149 
3 4497 4079 4155 
3 4497 4526 4079 
3 4526 4781 4079 
3 4497 4149 4491 
3 4155 4149 4497 
3 4534 4536 4162 
3 4536 4070 4162 
3 4536 4761 4070 
3 4543 4534 4781 
3 4534 4123 4781 
3 4534 4162 4123 
3 4484 4761 4536 
3 4543 4781 4526 
3 4566 4166 4797 
3 4566 4139 4166 
3 4566 4489 4139 
3 4302 4579 4321 
3 4579 4166 4321 
3 4166 3933 4321 
3 4579 4797 4166 
3 4566 4797 4596 
3 4596 4797 4579 
3 4304 4669 4606 
3 4323 4669 4304 
3 4669 4696 4608 
3 4608 4606 4669 
3 4608 4696 4427 
3 4897 4892 4939 
3 4883 4892 4897 
3 4939 4942 4947 
3 4892 4942 4939 
3 4951 4939 4963 
3 4897 4939 4951 
3 4963 4947 4976 
3 4939 4947 4963 
3 4947 4997 4999 
3 4942 4997 4947 
3 4999 5001 5070 
3 4997 5001 4999 
3 4976 4999 5074 
3 4947 4999 4976 
3 5074 5070 5075 
3 4999 5070 5074 
3 5077 4963 5089 
3 4951 4963 5077 
3 5089 4976 5106 
3 4963 4976 5089 
3 5110 5089 5113 
3 5077 5089 5110 
3 5113 5106 5124 
3 5089 5106 5113 
3 5106 5074 5127 
3 4976 5074 5106 
3 5127 5075 5128 
3 5074 5075 5127 
3 5124 5127 5129 
3 5106 5127 5124 
3 5129 5128 5131 
3 5127 5128 5129 
3 5070 5135 5166 
3 5001 5135 5070 
3 5166 5172 5175 
3 5135 5172 5166 
3 5075 5166 5180 
3 5070 5166 5075 
3 5180 5175 5182 
3 5166 5175 5180 
3 5175 5198 5203 
3 5172 5198 5175 
3 5203 5218 5245 
3 5198 5218 5203 
3 5182 5203 5246 
3 5175 5203 5182 
3 5246 5245 5247 
3 5203 5245 5246 
3 5128 5180 5248 
3 5075 5180 5128 
3 5248 5182 5249 
3 5180 5182 5248 
3 5131 5248 5251 
3 5128 5248 5131 
3 5251 5249 5254 
3 5248 5249 5251 
3 5249 5246 5256 
3 5182 5246 5249 
3 5256 5247 5259 
3 5246 5247 5256 
3 5254 5256 5261 
3 5249 5256 5254 
3 5261 5259 5263 
3 5256 5259 5261 
3 5267 5113 5274 
3 5110 5113 5267 
3 5274 5124 5277 
3 5113 5124 5274 
3 5278 5274 5281 
3 5267 5274 5278 
3 5281 5277 5283 
3 5274 5277 5281 
3 5277 5129 5285 
3 5124 5129 5277 
3 5285 5131 5286 
3 5129 5131 5285 
3 5283 5285 5288 
3 5277 5285 5283 
3 5288 5286 5290 
3 5285 5286 5288 
3 5291 5281 5301 
3 5278 5281 5291 
3 5301 5283 5303 
3 5281 5283 5301 
3 4974 5301 4986 
3 5291 5301 4974 
3 4986 5303 5002 
3 5301 5303 4986 
3 5303 5288 5305 
3 5283 5288 5303 
3 5305 5290 5307 
3 5288 5290 5305 
3 5002 5305 5031 
3 5303 5305 5002 
3 5031 5307 5034 
3 5305 5307 5031 
3 5286 5251 5308 
3 5131 5251 5286 
3 5308 5254 5309 
3 5251 5254 5308 
3 5290 5308 5311 
3 5286 5308 5290 
3 5311 5309 5312 
3 5308 5309 5311 
3 5309 5261 5313 
3 5254 5261 5309 
3 5313 5263 5314 
3 5261 5263 5313 
3 5312 5313 5315 
3 5309 5313 5312 
3 5315 5314 5316 
3 5313 5314 5315 
3 5307 5311 5317 
3 5290 5311 5307 
3 5317 5312 5318 
3 5311 5312 5317 
3 5034 5317 5100 
3 5307 5317 5034 
3 5100 5318 5103 
3 5317 5318 5100 
3 5318 5315 5319 
3 5312 5315 5318 
3 5319 5316 5320 
3 5315 5316 5319 
3 5103 5319 5139 
3 5318 5319 5103 
3 5139 5320 5142 
3 5319 5320 5139 
3 5245 5321 5322 
3 5218 5321 5245 
3 5322 5323 5324 
3 5321 5323 5322 
3 5247 5322 5325 
3 5245 5322 5247 
3 5325 5324 5326 
3 5322 5324 5325 
3 5324 5327 5328 
3 5323 5327 5324 
3 5328 5329 5330 
3 5327 5329 5328 
3 5326 5328 5331 
3 5324 5328 5326 
3 5331 5330 5332 
3 5328 5330 5331 
3 5259 5325 5333 
3 5247 5325 5259 
3 5333 5326 5334 
3 5325 5326 5333 
3 5263 5333 5335 
3 5259 5333 5263 
3 5335 5334 5336 
3 5333 5334 5335 
3 5334 5331 5337 
3 5326 5331 5334 
3 5337 5332 5338 
3 5331 5332 5337 
3 5336 5337 5339 
3 5334 5337 5336 
3 5339 5338 5340 
3 5337 5338 5339 
3 5330 5341 5342 
3 5329 5341 5330 
3 5341 5343 5344 
3 5344 5342 5341 
3 5332 5342 5345 
3 5330 5342 5332 
3 5342 5344 5346 
3 5346 5345 5342 
3 5343 5347 5348 
3 5348 5344 5343 
3 5347 4863 4875 
3 4875 5348 5347 
3 5344 5348 5349 
3 5349 5346 5344 
3 5348 4875 4896 
3 4896 5349 5348 
3 5338 5345 5350 
3 5332 5345 5338 
3 5350 5346 5351 
3 5345 5346 5350 
3 5340 5350 5352 
3 5338 5350 5340 
3 5352 5351 4868 
3 5350 5351 5352 
3 5346 5349 5353 
3 5353 5351 5346 
3 5349 4896 4955 
3 4955 5353 5349 
3 5351 5353 4874 
3 4874 4868 5351 
3 5353 4955 4906 
3 4906 4874 5353 
3 5314 5335 5354 
3 5263 5335 5314 
3 5354 5336 5355 
3 5335 5336 5354 
3 5316 5354 5356 
3 5314 5354 5316 
3 5356 5355 5357 
3 5354 5355 5356 
3 5355 5339 5358 
3 5336 5339 5355 
3 5358 5340 5359 
3 5339 5340 5358 
3 5357 5358 5360 
3 5355 5358 5357 
3 5358 5359 4916 
3 4916 5360 5358 
3 5320 5356 5361 
3 5316 5356 5320 
3 5361 5357 5362 
3 5356 5357 5361 
3 5142 5361 5220 
3 5320 5361 5142 
3 5361 5362 5225 
3 5225 5220 5361 
3 5357 5360 5363 
3 5363 5362 5357 
3 5360 4916 4922 
3 4922 5363 5360 
3 5362 5363 5230 
3 5230 5225 5362 
3 5363 4922 4935 
3 4935 5230 5363 
3 5359 5352 5364 
3 5340 5352 5359 
3 5364 4868 4895 
3 5352 4868 5364 
3 5359 5364 4919 
3 4919 4916 5359 
3 4919 4895 4909 
3 5364 4895 4919 
3 4589 4333 6010 
3 4597 4595 6012 
3 6021 4599 6022 
3 4583 4599 6021 
3 6054 4597 6012 
3 6054 6022 4597 
3 6022 4599 4597 
3 6012 4611 6070 
3 4595 4611 6012 
3 6050 4589 6010 
3 6050 6070 4589 
3 6070 4611 4589 
3 6012 6070 6090 
3 6090 6054 6012 
3 6070 6050 6100 
3 6100 6090 6070 
3 6103 4617 6111 
3 4549 4617 6103 
3 4617 4619 6133 
3 6133 6111 4617 
3 6103 6111 6204 
3 6204 6143 6103 
3 6111 6133 6221 
3 6221 6204 6111 
3 6265 4576 6244 
3 6265 6133 4576 
3 6133 4619 4576 
3 6244 6021 6328 
3 6328 6265 6244 
3 6221 6265 6335 
3 6133 6265 6221 
3 6335 6328 6355 
3 6265 6328 6335 
3 6366 6204 6367 
3 6143 6204 6366 
3 6367 6221 6383 
3 6204 6221 6367 
3 6366 6367 6436 
3 6436 6408 6366 
3 6436 6383 6444 
3 6367 6383 6436 
3 6383 6335 6454 
3 6221 6335 6383 
3 6335 6355 6459 
3 6459 6454 6335 
3 6383 6454 6505 
3 6505 6444 6383 
3 6505 6459 6515 
3 6454 6459 6505 
3 6021 6022 6526 
3 6526 6328 6021 
3 6526 6054 6532 
3 6022 6054 6526 
3 6328 6526 6534 
3 6534 6355 6328 
3 6526 6532 6549 
3 6549 6534 6526 
3 6532 6090 6580 
3 6054 6090 6532 
3 6580 6100 6592 
3 6090 6100 6580 
3 6549 6580 6601 
3 6532 6580 6549 
3 6580 6592 6623 
3 6623 6601 6580 
3 6459 6534 6641 
3 6355 6534 6459 
3 6534 6549 6646 
3 6646 6641 6534 
3 6459 6641 6648 
3 6648 6515 6459 
3 5734 6641 6646 
3 5734 5743 6641 
3 5743 6648 6641 
3 6549 6601 6656 
3 6656 6646 6549 
3 5745 6656 6623 
3 6656 6601 6623 
3 5745 5786 6656 
3 5734 6656 5804 
3 6646 6656 5734 
3 5804 6656 5786 
3 4520 4629 6691 
3 6691 6186 4520 
3 6763 4464 6455 
3 6763 6691 4464 
3 6691 4629 4464 
3 6186 6691 6783 
3 6783 6214 6186 
3 6691 6763 6787 
3 6787 6783 6691 
3 6455 6462 6790 
3 6790 6763 6455 
3 5691 6790 5685 
3 6790 6462 5685 
3 6462 5411 5685 
3 6462 5497 5411 
3 6763 6790 6792 
3 6792 6787 6763 
3 6792 5691 6793 
3 6790 5691 6792 
3 6332 6783 6794 
3 6214 6783 6332 
3 6794 6787 6797 
3 6783 6787 6794 
3 6332 6794 6801 
3 6801 6349 6332 
3 5844 6794 6797 
3 5844 5866 6794 
3 5866 6801 6794 
3 6787 6792 6808 
3 6808 6797 6787 
3 6792 6793 6812 
3 6812 6808 6792 
3 6797 6808 5867 
3 5867 5844 6797 
3 6808 6812 5868 
3 5868 5867 6808 
3 6815 5693 5695 
3 6815 6793 5693 
3 6793 5691 5693 
3 6818 5698 5700 
3 6818 6815 5698 
3 6815 5695 5698 
3 6823 5697 6523 
3 5697 5672 6523 
3 6823 5700 5697 
3 6523 6408 6827 
3 6827 6823 6523 
3 5700 6823 6844 
3 6844 6818 5700 
3 6823 6827 6850 
3 6850 6844 6823 
3 6812 6815 6852 
3 6793 6815 6812 
3 5869 6815 6818 
3 5869 5870 6815 
3 5870 6852 6815 
3 5868 6852 5871 
3 6812 6852 5868 
3 5871 6852 5870 
3 6818 6844 5873 
3 5873 5869 6818 
3 6844 6850 5874 
3 5874 5873 6844 
3 6349 6801 5875 
3 5875 5740 6349 
3 5875 6801 5866 
3 5878 6401 5779 
3 6423 6401 5878 
3 5878 5879 6423 
3 6028 6423 5879 
3 5879 5840 6028 
3 6827 6436 6858 
3 6408 6436 6827 
3 6436 6444 6860 
3 6860 6858 6436 
3 5883 5887 6858 
3 5887 6850 6858 
3 6850 6827 6858 
3 5883 6860 5918 
3 6858 6860 5883 
3 5926 5927 6505 
3 5927 6444 6505 
3 5927 6860 6444 
3 6505 6515 5929 
3 5929 5926 6505 
3 5918 6860 5927 
3 5874 6850 5887 
3 5929 6648 5967 
3 6515 6648 5929 
3 5967 6648 5743 
3 6889 6895 7317 
3 7317 7293 6889 
3 6895 6898 7322 
3 7322 7317 6895 
3 7334 7330 7338 
3 7327 7330 7334 
3 7338 7345 7348 
3 7330 7345 7338 
3 7351 7338 7354 
3 7334 7338 7351 
3 7338 7348 7356 
3 7356 7354 7338 
3 7348 7361 7364 
3 7345 7361 7348 
3 7364 7368 7383 
3 7361 7368 7364 
3 7356 7364 7390 
3 7348 7364 7356 
3 7364 7383 7394 
3 7394 7390 7364 
3 7383 7398 7401 
3 7368 7398 7383 
3 7401 7403 7405 
3 7398 7403 7401 
3 7394 7401 7407 
3 7383 7401 7394 
3 7407 7405 7410 
3 7401 7405 7407 
3 7425 7354 7430 
3 7351 7354 7425 
3 7354 7356 7433 
3 7433 7430 7354 
3 7425 7430 7466 
3 7466 7436 7425 
3 7466 7433 7468 
3 7430 7433 7466 
3 7433 7390 7472 
3 7356 7390 7433 
3 7472 7394 7474 
3 7390 7394 7472 
3 7433 7472 7475 
3 7475 7468 7433 
3 7472 7474 7476 
3 7476 7475 7472 
3 7474 7407 7477 
3 7394 7407 7474 
3 7407 7410 7478 
3 7478 7477 7407 
3 7474 7477 7479 
3 7479 7476 7474 
3 6912 7477 6903 
3 7477 7478 6903 
3 6912 7479 7477 
3 7410 7481 7483 
3 7483 7478 7410 
3 7481 7486 7501 
3 7501 7483 7481 
3 6903 7478 7483 
3 7483 6918 6903 
3 6918 7483 7501 
3 7501 6923 6918 
3 6963 7486 6926 
3 7486 7502 6926 
3 6963 7501 7486 
3 6926 7502 7503 
3 7503 6968 6926 
3 7501 6963 6923 
3 7506 7505 7507 
3 7504 7505 7506 
3 7507 7508 7509 
3 7505 7508 7507 
3 7506 7507 7511 
3 7511 7510 7506 
3 7511 7509 7512 
3 7507 7509 7511 
3 7513 7514 7516 
3 7516 7515 7513 
3 7516 7510 7517 
3 7514 7510 7516 
3 7515 7516 7519 
3 7519 7518 7515 
3 7516 7517 7520 
3 7520 7519 7516 
3 7510 7511 7521 
3 7521 7517 7510 
3 7521 7512 7522 
3 7511 7512 7521 
3 7517 7521 7523 
3 7523 7520 7517 
3 7523 7522 7524 
3 7521 7522 7523 
3 7525 7519 7526 
3 7518 7519 7525 
3 7519 7520 7527 
3 7527 7526 7519 
3 7528 7526 7529 
3 7525 7526 7528 
3 7529 7527 7530 
3 7526 7527 7529 
3 7527 7523 7531 
3 7520 7523 7527 
3 7523 7524 7532 
3 7532 7531 7523 
3 7530 7531 7533 
3 7527 7531 7530 
3 7533 7532 7534 
3 7531 7532 7533 
3 7522 7535 7536 
3 7512 7535 7522 
3 7536 7537 7538 
3 7535 7537 7536 
3 7522 7536 7539 
3 7539 7524 7522 
3 7536 7538 7540 
3 7540 7539 7536 
3 7532 7539 7541 
3 7524 7539 7532 
3 7541 7540 7542 
3 7539 7540 7541 
3 7534 7541 7543 
3 7532 7541 7534 
3 7543 7542 7544 
3 7541 7542 7543 
3 7344 7342 7550 
3 7342 7546 7550 
3 7342 7319 7546 
3 7435 7344 7426 
3 7344 7550 7426 
3 7550 7382 7426 
3 7587 7346 7435 
3 7346 7344 7435 
3 7587 7359 7346 
3 7377 7370 7003 
3 7370 7592 7003 
3 7370 7366 7592 
3 7395 7391 7007 
3 7391 7005 7007 
3 7391 7377 7005 
3 7377 7003 7005 
3 7420 7395 7412 
3 7395 7086 7412 
3 7086 6914 7412 
3 7086 7090 6914 
3 7395 7007 7086 
3 7594 7397 7420 
3 7397 7395 7420 
3 7594 7409 7397 
3 7612 7422 7424 
3 7612 7594 7422 
3 7594 7420 7422 
3 7637 7438 7440 
3 7637 7587 7438 
3 7587 7435 7438 
3 7643 7445 7447 
3 7643 7637 7445 
3 7637 7440 7445 
3 7649 7444 7594 
3 7444 7409 7594 
3 7649 7447 7444 
3 7649 7612 7669 
3 7594 7612 7649 
3 7643 7649 7675 
3 7447 7649 7643 
3 7649 7669 7676 
3 7676 7675 7649 
3 7721 7772 7797 
3 7797 7785 7721 
3 7772 7805 7822 
3 7822 7797 7772 
3 7785 7797 7905 
3 7905 7893 7785 
3 7905 7822 7920 
3 7797 7822 7905 
3 7805 7928 7936 
3 7936 7822 7805 
3 7928 7942 7983 
3 7983 7936 7928 
3 7920 7936 7990 
3 7822 7936 7920 
3 7936 7983 7998 
3 7998 7990 7936 
3 8012 7905 8027 
3 7893 7905 8012 
3 7905 7920 8033 
3 8033 8027 7905 
3 7901 8027 8053 
3 8012 8027 7901 
3 8053 8033 8059 
3 8027 8033 8053 
3 7920 7990 8061 
3 8061 8033 7920 
3 8061 7998 8082 
3 7990 7998 8061 
3 8059 8061 8097 
3 8033 8061 8059 
3 8097 8082 8107 
3 8061 8082 8097 
3 7456 7983 7450 
3 7983 7942 7450 
3 7942 7439 7450 
3 7983 7456 8113 
3 8113 7998 7983 
3 8121 7458 7460 
3 8121 8113 7458 
3 8113 7456 7458 
3 8126 7459 7461 
3 8126 7463 7459 
3 7463 7453 7459 
3 8126 7465 7463 
3 8144 7464 7465 
3 8144 8121 7464 
3 8121 7460 7464 
3 7465 8126 8149 
3 8149 8144 7465 
3 8082 8113 8199 
3 7998 8113 8082 
3 8199 8121 8200 
3 8113 8121 8199 
3 8107 8199 8202 
3 8082 8199 8107 
3 8202 8200 8207 
3 8199 8200 8202 
3 8200 8144 8210 
3 8121 8144 8200 
3 8144 8149 8213 
3 8213 8210 8144 
3 8207 8210 8214 
3 8200 8210 8207 
3 8214 8213 8216 
3 8210 8213 8214 
3 7901 8053 8218 
3 8218 7908 7901 
3 8218 8059 8221 
3 8053 8059 8218 
3 7934 8218 8226 
3 7908 8218 7934 
3 8226 8221 8232 
3 8218 8221 8226 
3 8221 8097 8236 
3 8059 8097 8221 
3 8097 8107 8240 
3 8240 8236 8097 
3 8221 8236 8243 
3 8243 8232 8221 
3 8243 8240 8248 
3 8236 8240 8243 
3 7934 8226 8263 
3 8263 7973 7934 
3 8263 8232 8265 
3 8226 8232 8263 
3 7973 8263 7601 
3 7601 7554 7973 
3 5758 8263 5747 
3 8263 8265 5747 
3 5758 7601 8263 
3 8265 8243 8276 
3 8232 8243 8265 
3 8243 8248 8278 
3 8278 8276 8243 
3 5747 8265 8276 
3 8276 5781 5747 
3 5781 8276 8278 
3 8278 5799 5781 
3 8107 8202 8282 
3 8282 8240 8107 
3 8202 8207 8300 
3 8300 8282 8202 
3 8248 8282 8307 
3 8240 8282 8248 
3 8282 8300 7152 
3 7152 8307 8282 
3 8207 8214 8312 
3 8312 8300 8207 
3 8214 8216 8315 
3 8315 8312 8214 
3 7166 7156 8312 
3 7156 8300 8312 
3 7156 7152 8300 
3 7176 7171 8315 
3 7171 8312 8315 
3 7171 7166 8312 
3 8248 8307 8319 
3 8319 8278 8248 
3 5833 7162 5529 
3 5833 8307 7162 
3 8307 7152 7162 
3 5833 8319 8307 
3 5799 8278 8319 
3 8319 5846 5799 
3 8319 5833 5846 
3 7471 8126 7467 
3 8126 7461 7467 
3 7461 7323 7467 
3 7489 8149 7485 
3 8149 8126 7485 
3 8126 7471 7485 
3 8325 7492 7587 
3 7492 7359 7587 
3 8325 7495 7492 
3 8328 7191 8325 
3 7191 6928 8325 
3 6928 7495 8325 
3 8328 7197 7191 
3 7219 8213 7201 
3 8213 6936 7201 
3 8213 8149 6936 
3 8149 7489 6936 
3 8213 7219 8330 
3 8330 8216 8213 
3 8331 7225 7228 
3 8331 8330 7225 
3 8330 7219 7225 
3 8333 7238 8328 
3 7238 7197 8328 
3 8333 7240 7238 
3 8335 7239 7240 
3 8335 8331 7239 
3 8331 7228 7239 
3 7240 8333 7551 
3 7551 8335 7240 
3 7587 7637 8337 
3 8337 8325 7587 
3 7637 7643 8338 
3 8338 8337 7637 
3 8325 8337 8339 
3 8339 8328 8325 
3 8339 8338 8340 
3 8337 8338 8339 
3 7643 7675 8341 
3 8341 8338 7643 
3 8341 7676 8104 
3 7675 7676 8341 
3 8338 8341 8342 
3 8342 8340 8338 
3 8341 8104 8139 
3 8139 8342 8341 
3 8328 8339 8343 
3 8343 8333 8328 
3 8343 8340 8344 
3 8339 8340 8343 
3 8333 8343 7579 
3 7579 7551 8333 
3 5838 8344 5934 
3 5838 8343 8344 
3 5838 7579 8343 
3 8340 8342 8345 
3 8345 8344 8340 
3 8345 8139 8217 
3 8342 8139 8345 
3 5934 8344 8345 
3 8345 5945 5934 
3 5945 8345 8217 
3 8217 5958 5945 
3 8216 8330 8346 
3 8346 8315 8216 
3 8346 8331 8347 
3 8330 8331 8346 
3 8315 8346 8348 
3 8348 7176 8315 
3 5965 8346 5963 
3 8346 8347 5963 
3 5965 8348 8346 
3 8331 8335 8349 
3 8349 8347 8331 
3 8335 7551 7586 
3 7586 8349 8335 
3 5963 8347 8349 
3 8349 5970 5963 
3 5854 8349 7586 
3 5970 8349 5854 
3 5972 7176 8348 
3 5536 7176 5972 
3 8348 5965 5972 
3 47 28 685 
3 50 685 691 
3 47 685 50 
3 691 53 50 
3 55 696 697 
3 697 68 55 
3 72 68 697 
3 79 76 700 
3 645 704 696 
3 704 697 696 
3 645 649 704 
3 651 704 649 
3 82 697 704 
3 72 697 82 
3 651 85 704 
3 85 82 704 
3 651 655 85 
3 656 85 655 
3 89 85 656 
3 92 91 708 
3 95 93 710 
3 711 92 708 
3 711 93 92 
3 711 710 93 
3 656 657 89 
3 657 708 89 
3 708 91 89 
3 657 658 708 
3 658 711 708 
3 658 730 711 
3 661 730 658 
3 739 99 735 
3 99 79 735 
3 79 700 735 
3 739 742 744 
3 735 742 739 
3 102 99 739 
3 104 739 744 
3 102 739 104 
3 108 106 746 
3 749 109 747 
3 109 108 747 
3 108 746 747 
3 111 109 749 
3 113 112 757 
3 1330 1303 1343 
3 1284 1303 1330 
3 1343 1359 1383 
3 1303 1359 1343 
3 1330 1343 1411 
3 1411 1391 1330 
3 1343 1383 1435 
3 1435 1411 1343 
3 1506 1488 1516 
3 1445 1488 1506 
3 1516 1524 1545 
3 1488 1524 1516 
3 1506 1516 1610 
3 1610 1580 1506 
3 1610 1545 1632 
3 1516 1545 1610 
3 1545 1675 1694 
3 1524 1675 1545 
3 1675 1711 1729 
3 1729 1694 1675 
3 1545 1694 1749 
3 1749 1632 1545 
3 1694 1729 1754 
3 1754 1749 1694 
3 1729 1780 1790 
3 1711 1780 1729 
3 1780 1391 1804 
3 1804 1790 1780 
3 1729 1790 1824 
3 1824 1754 1729 
3 1824 1804 1835 
3 1790 1804 1824 
3 1778 1864 1890 
3 1890 1882 1778 
3 1864 1893 1907 
3 1907 1890 1864 
3 1359 1890 1937 
3 1882 1890 1359 
3 1937 1907 1961 
3 1890 1907 1937 
3 1893 1972 1973 
3 1973 1907 1893 
3 1972 2003 2118 
3 2118 1973 1972 
3 1961 1973 2156 
3 1907 1973 1961 
3 1973 2118 2183 
3 2183 2156 1973 
3 1383 1937 2206 
3 1359 1937 1383 
3 1937 1961 2213 
3 2213 2206 1937 
3 1435 2206 2221 
3 1383 2206 1435 
3 2221 2213 2242 
3 2206 2213 2221 
3 2118 2274 2283 
3 2003 2274 2118 
3 2283 2304 2315 
3 2274 2304 2283 
3 2118 2283 2338 
3 2338 2183 2118 
3 2283 2315 2344 
3 2344 2338 2283 
3 2304 2346 2358 
3 2358 2315 2304 
3 2346 1503 1530 
3 1530 2358 2346 
3 2315 2358 2379 
3 2379 2344 2315 
3 2379 1530 1605 
3 2358 1530 2379 
3 935 2394 936 
3 935 2413 2394 
3 935 937 2413 
3 937 2132 2413 
3 938 2443 2004 
3 938 936 2443 
3 936 2394 2443 
3 2394 2413 2459 
3 2459 2443 2394 
3 2132 2153 2486 
3 2486 2413 2132 
3 2153 2169 2497 
3 2497 2486 2153 
3 2413 2486 2504 
3 2504 2459 2413 
3 2486 2497 2526 
3 2526 2504 2486 
3 2004 2443 2555 
3 2555 2051 2004 
3 2443 2459 2569 
3 2569 2555 2443 
3 2111 2555 2584 
3 2051 2555 2111 
3 2555 2569 2591 
3 2591 2584 2555 
3 2459 2504 2597 
3 2597 2569 2459 
3 2504 2526 2608 
3 2608 2597 2504 
3 2569 2597 2619 
3 2619 2591 2569 
3 2597 2608 2622 
3 2622 2619 2597 
3 2169 2216 2624 
3 2624 2497 2169 
3 2624 2481 2641 
3 2216 2481 2624 
3 2497 2624 2648 
3 2648 2526 2497 
3 2624 2641 2657 
3 2657 2648 2624 
3 2481 2498 2671 
3 2671 2641 2481 
3 2498 2532 2678 
3 2678 2671 2498 
3 2657 2671 2684 
3 2641 2671 2657 
3 2671 2678 2693 
3 2693 2684 2671 
3 2608 2648 2708 
3 2526 2648 2608 
3 2648 2657 2715 
3 2715 2708 2648 
3 2608 2708 2729 
3 2729 2622 2608 
3 2729 2715 2737 
3 2708 2715 2729 
3 2657 2684 2764 
3 2764 2715 2657 
3 2764 2693 2784 
3 2684 2693 2764 
3 2737 2764 2823 
3 2715 2764 2737 
3 2764 2784 2833 
3 2833 2823 2764 
3 2354 2584 2840 
3 2111 2584 2354 
3 2840 2591 2842 
3 2584 2591 2840 
3 2354 2840 2847 
3 2847 2378 2354 
3 2840 2842 2852 
3 2852 2847 2840 
3 2842 2619 2859 
3 2591 2619 2842 
3 2859 2622 2864 
3 2619 2622 2859 
3 2842 2859 2869 
3 2869 2852 2842 
3 2869 2864 2885 
3 2859 2864 2869 
3 2378 2847 2900 
3 2900 2467 2378 
3 2847 2852 2926 
3 2926 2900 2847 
3 1503 2900 1518 
3 2467 2900 1503 
3 1518 2926 1558 
3 2900 2926 1518 
3 2926 2869 2948 
3 2852 2869 2926 
3 2869 2885 2962 
3 2962 2948 2869 
3 2926 2948 2970 
3 2970 1558 2926 
3 2948 2962 2986 
3 2986 2970 2948 
3 2622 2729 2992 
3 2992 2864 2622 
3 2729 2737 3002 
3 3002 2992 2729 
3 2885 2992 3004 
3 2864 2992 2885 
3 2992 3002 3024 
3 3024 3004 2992 
3 2737 2823 3029 
3 3029 3002 2737 
3 3029 2833 3032 
3 2823 2833 3029 
3 3002 3029 3042 
3 3042 3024 3002 
3 3029 3032 3055 
3 3055 3042 3029 
3 2532 2664 3059 
3 3059 2678 2532 
3 2664 2685 3065 
3 3065 3059 2664 
3 2678 3059 3067 
3 3067 2693 2678 
3 3059 3065 3071 
3 3071 3067 3059 
3 3065 2732 3076 
3 2685 2732 3065 
3 2732 2740 3092 
3 3092 3076 2732 
3 3065 3076 3094 
3 3094 3071 3065 
3 3076 3092 3096 
3 3096 3094 3076 
3 2693 3067 3098 
3 3098 2784 2693 
3 3067 3071 3123 
3 3123 3098 3067 
3 2784 3098 3127 
3 3127 2833 2784 
3 3127 3123 1215 
3 3098 3123 3127 
3 3123 3094 3130 
3 3071 3094 3123 
3 3094 3096 3132 
3 3132 3130 3094 
3 3123 3130 1253 
3 1253 1215 3123 
3 1253 3132 1317 
3 3130 3132 1253 
3 2740 2963 3144 
3 3144 3092 2740 
3 3144 2974 3147 
3 2963 2974 3144 
3 3092 3144 3149 
3 3149 3096 3092 
3 3144 3147 3153 
3 3153 3149 3144 
3 3147 3010 3156 
3 2974 3010 3147 
3 3156 3016 3152 
3 3010 3016 3156 
3 3147 3156 3171 
3 3171 3153 3147 
3 3156 3152 2353 
3 2353 3171 3156 
3 3132 3149 3173 
3 3096 3149 3132 
3 3173 3153 3185 
3 3149 3153 3173 
3 1317 3173 3187 
3 3132 3173 1317 
3 3187 3185 3189 
3 3173 3185 3187 
3 3185 3171 3190 
3 3153 3171 3185 
3 3171 2353 2371 
3 2371 3190 3171 
3 3189 3190 3191 
3 3185 3190 3189 
3 3191 2371 2422 
3 3190 2371 3191 
3 3032 3127 3193 
3 2833 3127 3032 
3 3127 1215 1289 
3 1289 3193 3127 
3 3032 3193 3199 
3 3199 3055 3032 
3 3199 1289 1369 
3 3193 1289 3199 
3 953 924 4192 
3 4192 971 4229 
3 924 971 4192 
3 3914 3921 999 
3 3921 4229 999 
3 4229 971 999 
3 999 1017 3943 
3 3943 3914 999 
3 1000 1040 3953 
3 3953 3951 1000 
3 1040 1057 3963 
3 3963 3953 1040 
3 1065 1063 4242 
3 1063 1079 4255 
3 4255 4242 1063 
3 4032 3963 4242 
3 3963 1065 4242 
3 3963 1057 1065 
3 4242 4255 4040 
3 4040 4032 4242 
3 4048 4055 4192 
3 4055 953 4192 
3 4055 4255 953 
3 4255 1079 953 
3 4192 4229 4061 
3 4061 4048 4192 
3 4040 4255 4055 
3 4061 4229 3921 
3 3921 3914 4329 
3 4329 4359 3921 
3 3914 3943 4370 
3 4370 4329 3914 
3 4393 4431 3953 
3 4431 4685 3953 
3 4685 3951 3953 
3 3953 3963 4438 
3 4438 4393 3953 
3 3963 4032 4473 
3 4473 4438 3963 
3 4495 4473 4720 
3 4473 4032 4720 
3 4032 4040 4720 
3 4330 4685 4431 
3 4495 4720 4507 
3 4055 4048 4749 
3 4749 4061 4757 
3 4048 4061 4749 
3 4519 4055 4749 
3 4519 4540 4055 
3 4540 4040 4055 
3 4540 4720 4040 
3 4749 4757 4550 
3 4550 4519 4749 
3 4359 4571 3921 
3 4571 4061 3921 
3 4571 4757 4061 
3 4550 4757 4571 
3 4507 4720 4540 
3 4456 4410 4011 
3 4410 4717 4011 
3 4717 4015 4011 
3 4418 4022 4717 
3 4022 4015 4717 
3 4418 4488 4022 
3 3955 4022 4488 
3 4488 4452 3955 
3 4890 4873 4894 
3 4862 4873 4890 
3 4894 4912 4944 
3 4873 4912 4894 
3 3330 3313 4894 
3 3313 4890 4894 
3 3313 3284 4890 
3 3330 4944 4950 
3 4894 4944 3330 
3 4957 3350 4950 
3 3350 3330 4950 
3 4957 3367 3350 
3 4961 3374 4957 
3 3374 3367 4957 
3 4961 3287 3374 
3 4956 4965 5005 
3 5005 4967 4956 
3 4965 5010 3385 
3 3385 5005 4965 
3 3600 3570 5005 
3 3570 4967 5005 
3 3570 3549 4967 
3 3472 3625 3413 
3 3625 5005 3413 
3 5005 3385 3413 
3 3625 3600 5005 
3 3427 3407 5019 
3 3407 5010 5019 
3 3407 3385 5010 
3 3525 3509 5024 
3 3509 5019 5024 
3 3509 3427 5019 
3 3679 3683 3666 
3 3683 5024 3666 
3 5024 3649 3666 
3 3683 3525 5024 
3 5035 3290 4961 
3 3290 3287 4961 
3 5035 3320 3290 
3 5042 3327 5035 
3 3327 3320 5035 
3 5042 3351 3327 
3 3437 3405 5042 
3 3405 3359 5042 
3 3359 3351 5042 
3 3405 3389 3359 
3 5380 5427 5370 
3 5384 5442 5386 
3 5446 5442 5384 
3 5384 5387 5446 
3 5448 5446 5387 
3 5387 5389 5448 
3 5391 5450 5393 
3 5464 5450 5391 
3 5391 5395 5464 
3 5380 5468 5427 
3 5380 5398 5468 
3 5398 5471 5468 
3 5398 5474 5471 
3 5398 5386 5474 
3 5386 5442 5474 
3 5468 5471 5479 
3 5479 5476 5468 
3 5471 5474 5482 
3 5482 5479 5471 
3 5442 5446 5485 
3 5485 5474 5442 
3 5485 5448 5487 
3 5446 5448 5485 
3 5474 5485 5489 
3 5489 5482 5474 
3 5485 5487 5490 
3 5490 5489 5485 
3 5493 5492 5494 
3 5491 5492 5493 
3 5492 5495 5496 
3 5496 5494 5492 
3 5402 5493 5494 
3 5402 5403 5493 
3 5403 5497 5493 
3 5402 5496 5405 
3 5494 5496 5402 
3 5407 5495 5498 
3 5407 5408 5495 
3 5408 5496 5495 
3 5407 5499 5410 
3 5498 5499 5407 
3 5405 5496 5408 
3 5411 5497 5403 
3 4313 4311 5412 
3 5412 5413 4313 
3 4314 4313 5413 
3 5413 5414 4314 
3 5414 4315 4314 
3 5414 5415 4315 
3 5415 5500 4315 
3 4315 5500 5501 
3 5501 4316 4315 
3 5416 5500 5415 
3 5416 5501 5500 
3 5416 5417 5501 
3 5417 5502 5501 
3 5418 5502 5417 
3 5504 5503 5419 
3 5419 5420 5504 
3 5505 5504 5420 
3 5420 5421 5505 
3 5506 5504 5507 
3 5503 5504 5506 
3 4318 5505 4317 
3 4318 5504 5505 
3 4318 5507 5504 
3 5422 5508 5423 
3 5424 5509 5425 
3 5424 5510 5509 
3 5424 5508 5510 
3 5424 5423 5508 
3 5421 5425 5505 
3 5425 5511 5505 
3 5425 5509 5511 
3 5509 5510 5512 
3 5512 5511 5509 
3 4317 5505 5511 
3 5511 4319 4317 
3 4319 5511 5512 
3 5512 4320 4319 
3 5733 6011 5754 
3 5776 6018 5795 
3 5809 6066 5746 
3 5809 6075 6066 
3 5809 5795 6075 
3 5795 6018 6075 
3 5835 6018 5776 
3 5835 6075 6018 
3 5835 5847 6075 
3 5847 6092 6075 
3 5859 6092 5847 
3 6102 6092 5859 
3 5884 6104 5888 
3 5754 6132 5913 
3 6011 6132 5754 
3 5919 6104 5884 
3 6132 6158 5921 
3 5921 5913 6132 
3 5544 5888 5701 
3 5888 6104 5701 
3 6104 6222 5701 
3 6222 5703 5701 
3 5859 6237 6102 
3 5859 5547 6237 
3 5547 5703 6237 
3 6237 6222 6248 
3 5703 6222 6237 
3 5919 6222 6104 
3 5919 6271 6222 
3 5919 5933 6271 
3 5933 5921 6271 
3 5921 6158 6271 
3 6158 6290 6271 
3 6222 6271 6296 
3 6296 6248 6222 
3 6271 6290 6301 
3 6301 6296 6271 
3 5938 6311 5943 
3 5958 5596 5593 
3 5958 5986 5596 
3 5986 5605 5596 
3 5986 5614 5605 
3 5986 5943 5614 
3 5943 6311 5614 
3 6311 5619 5614 
3 5989 6311 5938 
3 6322 6311 5989 
3 5990 6322 5989 
3 6330 6322 5990 
3 5619 6322 6343 
3 6311 6322 5619 
3 6343 6330 6364 
3 6322 6330 6343 
3 5993 6373 5995 
3 5997 6373 5993 
3 5999 6415 6001 
3 5757 6415 5999 
3 6068 6415 5757 
3 6001 6425 6002 
3 6415 6425 6001 
3 6425 6068 6119 
3 6415 6068 6425 
3 5990 6432 6330 
3 5990 5995 6432 
3 5995 6373 6432 
3 5997 6432 6373 
3 5997 5553 6432 
3 5997 6004 5553 
3 6330 6432 6434 
3 6434 6364 6330 
3 5427 6434 5370 
3 6434 5562 5370 
3 6434 6432 5562 
3 6432 5553 5562 
3 6004 5559 5553 
3 6004 6002 5559 
3 6002 6425 5559 
3 6425 5569 5559 
3 5586 6425 6119 
3 5586 5580 6425 
3 5580 5569 6425 
3 6437 5621 6343 
3 5621 5619 6343 
3 6437 5625 5621 
3 6343 6364 6445 
3 6445 6437 6343 
3 6458 5655 6437 
3 5655 5625 6437 
3 6458 5395 5655 
3 6458 5464 5395 
3 6458 6445 6046 
3 6437 6445 6458 
3 6506 5639 5642 
3 6506 6263 5639 
3 6263 5635 5639 
3 6522 5450 5464 
3 6522 6506 5450 
3 6506 5393 5450 
3 6506 5642 5393 
3 4410 6263 4348 
3 6263 6506 4348 
3 4410 6309 6263 
3 6540 4418 6522 
3 4418 4348 6522 
3 4348 6506 6522 
3 4429 5464 4422 
3 5464 6458 4422 
3 4429 6522 5464 
3 6057 4435 6046 
3 4435 4422 6046 
3 4422 6458 6046 
3 6522 4429 4452 
3 4452 6540 6522 
3 4378 4435 6057 
3 6445 6434 6573 
3 6364 6434 6445 
3 5476 6573 5468 
3 6573 6434 5468 
3 6434 5427 5468 
3 4340 6573 4465 
3 4340 6046 6573 
3 6046 6445 6573 
3 4465 6573 5476 
3 5476 4478 4465 
3 5482 4502 5479 
3 4502 4478 5479 
3 4478 5476 5479 
3 5490 4504 5489 
3 4504 4502 5489 
3 4502 5482 5489 
3 5769 5740 7558 
3 5779 5769 7558 
3 1246 1255 1335 
3 1335 1313 1246 
3 1335 1348 1356 
3 1255 1348 1335 
3 1313 1335 1374 
3 1374 1365 1313 
3 1335 1356 1388 
3 1388 1374 1335 
3 1006 985 1399 
3 985 1413 1399 
3 985 1397 1413 
3 1397 1422 1424 
3 1424 1413 1397 
3 1399 1413 1425 
3 1425 1348 1399 
3 1413 1424 1443 
3 1443 1425 1413 
3 1422 1466 1519 
3 1519 1424 1422 
3 1466 1363 1535 
3 1535 1519 1466 
3 1424 1519 1560 
3 1560 1443 1424 
3 1519 1535 1593 
3 1593 1560 1519 
3 1356 1425 1606 
3 1348 1425 1356 
3 1606 1443 1640 
3 1425 1443 1606 
3 1356 1606 1682 
3 1682 1388 1356 
3 1606 1640 1701 
3 1701 1682 1606 
3 1443 1560 1710 
3 1710 1640 1443 
3 1560 1593 1736 
3 1736 1710 1560 
3 1640 1710 1747 
3 1747 1701 1640 
3 1747 1736 1445 
3 1710 1736 1747 
3 1751 1775 1796 
3 1796 1786 1751 
3 1796 1365 1829 
3 1775 1365 1796 
3 1870 1796 1891 
3 1786 1796 1870 
3 1796 1829 1900 
3 1900 1891 1796 
3 1829 1374 1925 
3 1365 1374 1829 
3 1374 1388 1946 
3 1946 1925 1374 
3 1829 1925 1957 
3 1957 1900 1829 
3 1957 1946 1967 
3 1925 1946 1957 
3 1870 1891 2025 
3 2025 2001 1870 
3 1891 1900 2040 
3 2040 2025 1891 
3 2001 2025 2053 
3 2053 2047 2001 
3 2053 2040 2054 
3 2025 2040 2053 
3 2040 1957 2055 
3 1900 1957 2040 
3 1957 1967 2056 
3 2056 2055 1957 
3 2054 2055 2057 
3 2040 2055 2054 
3 2057 2056 2058 
3 2055 2056 2057 
3 1388 1682 2060 
3 2060 1946 1388 
3 2060 1701 2061 
3 1682 1701 2060 
3 1967 2060 2062 
3 1946 2060 1967 
3 2060 2061 2063 
3 2063 2062 2060 
3 2061 1747 2064 
3 1701 1747 2061 
3 1747 1445 1506 
3 1506 2064 1747 
3 2063 2064 2066 
3 2061 2064 2063 
3 2066 1506 1580 
3 2064 1506 2066 
3 1967 2062 2069 
3 2069 2056 1967 
3 2062 2063 2071 
3 2071 2069 2062 
3 2058 2069 2072 
3 2056 2069 2058 
3 2072 2071 2073 
3 2069 2071 2072 
3 2071 2066 2076 
3 2063 2066 2071 
3 2076 1580 2078 
3 2066 1580 2076 
3 2073 2076 2083 
3 2071 2076 2073 
3 2076 2078 2107 
3 2107 2083 2076 
3 1038 2132 937 
3 1075 2132 1038 
3 2153 2132 1075 
3 2169 2153 1075 
3 1075 1080 2169 
3 2216 2169 1080 
3 1080 1096 2216 
3 1105 2216 1096 
3 2481 2216 1105 
3 1106 2489 1107 
3 2498 2481 1105 
3 1105 1112 2498 
3 1112 2532 2498 
3 1112 1107 2532 
3 1107 2489 2532 
3 1119 2543 1126 
3 2579 2543 1119 
3 1119 1054 2579 
3 1135 2585 1142 
3 2592 2585 1135 
3 1135 1147 2592 
3 1149 2592 1147 
3 2611 2592 1149 
3 2627 2611 1149 
3 1149 1153 2627 
3 1106 2585 2489 
3 2585 2636 2489 
3 1106 1142 2585 
3 2585 2592 2639 
3 2639 2636 2585 
3 2532 2636 2664 
3 2489 2636 2532 
3 2636 2639 2685 
3 2685 2664 2636 
3 2639 2611 2694 
3 2592 2611 2639 
3 2611 2627 2707 
3 2707 2694 2611 
3 2639 2694 2732 
3 2732 2685 2639 
3 2732 2707 2740 
3 2694 2707 2732 
3 1160 2801 1163 
3 1164 2801 1160 
3 2821 2801 1164 
3 1153 1163 2627 
3 1163 2801 2627 
3 2801 2843 2627 
3 2843 2821 2846 
3 2801 2821 2843 
3 1164 2879 2821 
3 1164 1126 2879 
3 1126 2543 2879 
3 2543 2579 2888 
3 2888 2879 2543 
3 2846 2879 2911 
3 2821 2879 2846 
3 2879 2888 2930 
3 2930 2911 2879 
3 2627 2843 2941 
3 2941 2707 2627 
3 2843 2846 2957 
3 2957 2941 2843 
3 2740 2941 2963 
3 2707 2941 2740 
3 2941 2957 2974 
3 2974 2963 2941 
3 2846 2911 2984 
3 2984 2957 2846 
3 2911 2930 3000 
3 3000 2984 2911 
3 2974 2984 3010 
3 2957 2984 2974 
3 3010 3000 3016 
3 2984 3000 3010 
3 3791 3830 3792 
3 3791 636 3830 
3 636 637 3830 
3 3791 3793 636 
3 3794 639 641 
3 3794 3830 639 
3 3794 3792 3830 
3 3830 637 639 
3 641 643 3795 
3 3795 3794 641 
3 3796 3795 3832 
3 3795 646 3832 
3 3795 643 646 
3 3832 646 647 
3 3797 648 3834 
3 648 650 3834 
3 3797 3832 648 
3 3797 3796 3832 
3 3797 3834 3798 
3 3832 647 648 
3 3834 650 652 
3 3800 640 3836 
3 3800 652 640 
3 3800 3798 652 
3 3798 3834 652 
3 3836 3837 3801 
3 3801 3800 3836 
3 3802 3801 654 
3 3801 3837 654 
3 3837 653 654 
3 3836 640 642 
3 3837 642 660 
3 3836 642 3837 
3 3837 660 653 
3 3805 663 3807 
3 662 663 3805 
3 654 662 3805 
3 3805 3802 654 
3 663 664 3809 
3 3809 3807 663 
3 3809 665 3811 
3 664 665 3809 
3 3812 665 3838 
3 665 666 3838 
3 3812 3811 665 
3 3814 3839 668 
3 3839 667 668 
3 3814 3813 3839 
3 669 670 3816 
3 3816 3815 669 
3 3814 669 3815 
3 668 669 3814 
3 3817 3840 3818 
3 3817 3819 3840 
3 3819 671 3840 
3 671 672 3840 
3 3819 3838 671 
3 3820 3818 3839 
3 3818 3840 3839 
3 3840 673 3839 
3 673 674 3839 
3 3840 672 673 
3 3838 666 671 
3 3839 674 667 
3 670 675 3821 
3 3821 3816 670 
3 3822 675 3841 
3 675 676 3841 
3 3822 3821 675 
3 3822 3841 3823 
3 3842 677 678 
3 3825 677 3842 
3 3825 3824 677 
3 3824 679 677 
3 3842 678 680 
3 680 3843 3842 
3 3825 3843 3826 
3 3842 3843 3825 
3 3843 680 681 
3 3827 681 682 
3 3827 3826 681 
3 3826 3843 681 
3 3828 682 3844 
3 682 683 3844 
3 3828 3827 682 
3 3828 3844 3829 
3 3897 3895 3846 
3 3846 3848 3897 
3 3850 3897 3848 
3 3897 3803 3895 
3 3803 3799 3895 
3 3897 3899 3803 
3 3804 3803 3899 
3 3850 3899 3897 
3 3850 3901 3899 
3 3850 3853 3901 
3 3806 3899 3901 
3 3804 3899 3806 
3 3902 3901 3853 
3 3853 3855 3902 
3 3808 3901 3902 
3 3806 3901 3808 
3 3903 3902 3855 
3 3855 3857 3903 
3 3808 3902 3903 
3 3903 3810 3808 
3 998 1030 4205 
3 4205 4193 998 
3 3912 3954 1037 
3 3954 4205 1037 
3 4205 1030 1037 
3 1128 1078 4233 
3 1037 1133 3968 
3 3968 3912 1037 
3 3970 3968 4233 
3 3968 1128 4233 
3 3968 1133 1128 
3 1136 977 4244 
3 1146 1138 3977 
3 3977 3978 1146 
3 3980 1136 4244 
3 3980 3977 1136 
3 3977 1138 1136 
3 3982 3989 1156 
3 3989 4233 1156 
3 4233 1078 1156 
3 1156 1158 4086 
3 4086 3982 1156 
3 3970 4233 3989 
3 4086 1146 3978 
3 1158 1146 4086 
3 928 926 4122 
3 4122 4129 928 
3 4122 930 4137 
3 926 930 4122 
3 930 932 4142 
3 4142 4137 930 
3 932 973 4098 
3 4098 4142 932 
3 977 982 4251 
3 4251 4244 977 
3 982 1013 4253 
3 4253 4251 982 
3 3980 4251 4145 
3 4244 4251 3980 
3 4251 4253 4148 
3 4148 4145 4251 
3 4150 4161 1020 
3 4161 1013 1020 
3 4161 4253 1013 
3 4150 1034 4169 
3 1020 1034 4150 
3 4148 4253 4161 
3 4169 928 4129 
3 1034 928 4169 
3 4369 4667 4679 
3 4369 4352 4667 
3 4352 4677 4667 
3 4454 4677 4352 
3 4679 4688 4468 
3 4468 4369 4679 
3 4468 4688 4470 
3 3919 4695 4708 
3 4708 3941 3919 
3 4708 3956 3941 
3 4328 4327 6061 
3 4373 4330 6079 
3 6061 4384 6108 
3 4327 4384 6061 
3 6117 4373 6079 
3 6117 6108 4373 
3 6108 4384 4373 
3 4359 4329 6120 
3 4329 4370 6038 
3 6038 6120 4329 
3 4431 4393 6144 
3 6144 4438 6156 
3 4393 4438 6144 
3 6156 4473 6171 
3 4438 4473 6156 
3 6171 4473 4495 
3 6179 4431 6144 
3 6179 4330 4431 
3 6179 6079 4330 
3 6179 6156 6182 
3 6144 6156 6179 
3 6079 6179 6185 
3 6185 6117 6079 
3 6185 6182 6217 
3 6179 6182 6185 
3 6156 6171 6235 
3 6235 6182 6156 
3 6246 6235 4507 
3 6235 6171 4507 
3 6171 4495 4507 
3 6217 6235 6264 
3 6182 6235 6217 
3 6235 6246 6292 
3 6292 6264 6235 
3 4540 4519 6318 
3 4519 4550 6329 
3 6329 6318 4519 
3 4571 6120 6344 
3 4359 6120 4571 
3 6344 6038 6077 
3 6120 6038 6344 
3 6356 4571 6344 
3 6356 4550 4571 
3 6356 6329 4550 
3 6344 6077 6234 
3 6234 6356 6344 
3 6375 6246 6318 
3 6246 4540 6318 
3 6246 4507 4540 
3 6375 6329 6387 
3 6318 6329 6375 
3 6292 6375 6395 
3 6246 6375 6292 
3 6375 6387 6397 
3 6397 6395 6375 
3 6329 6356 6490 
3 6490 6387 6329 
3 6356 6234 6376 
3 6376 6490 6356 
3 6397 6490 6565 
3 6387 6490 6397 
3 6490 6376 6435 
3 6435 6565 6490 
3 4356 4345 6577 
3 4363 6577 6589 
3 4356 6577 4363 
3 4427 4403 6600 
3 6457 4363 6589 
3 6457 6600 4363 
3 6600 4403 4363 
3 4370 4443 6065 
3 6065 6038 4370 
3 6065 4472 6123 
3 4443 4472 6065 
3 4472 4482 6269 
3 6269 6123 4472 
3 6269 4484 6297 
3 4482 4484 6269 
3 4491 4489 6670 
3 4526 4497 6676 
3 6681 4491 6670 
3 6681 4497 4491 
3 6681 6676 4497 
3 4536 4534 6704 
3 4534 4543 6708 
3 6708 6704 4534 
3 6537 4536 6704 
3 6537 4484 4536 
3 6537 6297 4484 
3 6704 6708 6548 
3 6548 6537 6704 
3 6730 4526 6676 
3 6730 6708 4526 
3 6708 4543 4526 
3 6676 6681 6689 
3 6689 6730 6676 
3 6708 6730 6606 
3 6606 6548 6708 
3 6730 6689 6626 
3 6626 6606 6730 
3 7561 5746 5757 
3 7578 7574 7583 
3 7571 7574 7578 
3 7574 5763 5765 
3 5765 7583 7574 
3 7578 7583 7607 
3 7607 7595 7578 
3 7607 5765 5767 
3 7583 5765 7607 
3 5773 7617 5770 
3 7617 7595 5770 
3 7595 7607 5770 
3 7607 5767 5770 
3 5807 5796 7634 
3 5773 5733 7617 
3 5796 5822 7639 
3 7639 7634 5796 
3 7639 5822 5892 
3 5902 5807 7634 
3 7682 5930 7639 
3 5930 7634 7639 
3 5930 5902 7634 
3 5937 5930 7682 
3 7639 5892 5951 
3 5951 7682 7639 
3 7682 5951 5937 
3 125 122 132 
3 118 122 125 
3 132 136 138 
3 122 136 132 
3 141 132 142 
3 125 132 141 
3 142 138 145 
3 132 138 142 
3 138 150 163 
3 136 150 138 
3 150 167 170 
3 170 163 150 
3 145 163 171 
3 138 163 145 
3 171 170 173 
3 163 170 171 
3 141 142 179 
3 179 176 141 
3 142 145 198 
3 198 179 142 
3 200 179 202 
3 176 179 200 
3 179 198 204 
3 204 202 179 
3 145 171 206 
3 206 198 145 
3 206 173 208 
3 171 173 206 
3 204 206 210 
3 198 206 204 
3 210 208 213 
3 206 208 210 
3 221 219 223 
3 218 219 221 
3 223 226 241 
3 219 226 223 
3 167 223 251 
3 221 223 167 
3 223 241 254 
3 254 251 223 
3 226 269 272 
3 272 241 226 
3 272 274 277 
3 269 274 272 
3 241 272 279 
3 279 254 241 
3 272 277 283 
3 283 279 272 
3 167 251 285 
3 285 170 167 
3 251 254 287 
3 287 285 251 
3 173 285 289 
3 170 285 173 
3 289 287 292 
3 285 287 289 
3 287 279 300 
3 254 279 287 
3 279 283 304 
3 304 300 279 
3 292 300 307 
3 287 300 292 
3 307 304 308 
3 300 304 307 
3 28 277 274 
3 28 309 277 
3 28 47 309 
3 310 309 47 
3 47 50 310 
3 283 309 311 
3 277 309 283 
3 311 310 313 
3 309 310 311 
3 50 53 310 
3 53 317 310 
3 53 315 317 
3 317 315 55 
3 55 68 317 
3 313 317 320 
3 310 317 313 
3 68 323 317 
3 323 320 317 
3 68 72 323 
3 283 311 325 
3 325 304 283 
3 325 313 326 
3 311 313 325 
3 308 325 328 
3 304 325 308 
3 325 326 330 
3 330 328 325 
3 313 320 348 
3 348 326 313 
3 320 323 351 
3 351 348 320 
3 330 348 352 
3 326 348 330 
3 348 351 354 
3 354 352 348 
3 173 289 358 
3 358 208 173 
3 289 292 361 
3 361 358 289 
3 213 358 384 
3 208 358 213 
3 358 361 386 
3 386 384 358 
3 391 390 396 
3 388 390 391 
3 390 402 404 
3 404 396 390 
3 391 396 410 
3 410 406 391 
3 410 404 412 
3 396 404 410 
3 415 422 428 
3 428 425 415 
3 422 432 435 
3 435 428 422 
3 402 428 438 
3 425 428 402 
3 438 435 441 
3 428 435 438 
3 432 443 446 
3 446 435 432 
3 76 446 443 
3 76 79 446 
3 79 448 446 
3 441 446 451 
3 435 446 441 
3 446 448 453 
3 453 451 446 
3 404 438 455 
3 402 438 404 
3 438 441 457 
3 457 455 438 
3 404 455 459 
3 459 412 404 
3 455 457 460 
3 460 459 455 
3 441 451 461 
3 461 457 441 
3 451 453 462 
3 462 461 451 
3 457 461 463 
3 463 460 457 
3 461 462 464 
3 464 463 461 
3 412 459 468 
3 468 466 412 
3 468 460 470 
3 459 460 468 
3 472 468 473 
3 466 468 472 
3 468 470 475 
3 475 473 468 
3 470 463 478 
3 460 463 470 
3 478 464 482 
3 463 464 478 
3 470 478 486 
3 486 475 470 
3 478 482 488 
3 488 486 478 
3 492 323 72 
3 72 82 492 
3 495 492 82 
3 82 85 495 
3 89 495 85 
3 351 492 497 
3 323 492 351 
3 91 92 495 
3 92 497 495 
3 497 492 495 
3 93 95 497 
3 95 354 497 
3 354 351 497 
3 93 497 92 
3 91 495 89 
3 99 448 79 
3 99 453 448 
3 99 102 453 
3 102 501 453 
3 104 501 102 
3 503 501 104 
3 453 501 506 
3 506 462 453 
3 501 503 508 
3 508 506 501 
3 464 506 510 
3 462 506 464 
3 506 508 512 
3 512 510 506 
3 106 508 503 
3 106 108 508 
3 108 513 508 
3 109 513 108 
3 508 513 514 
3 514 512 508 
3 109 514 513 
3 109 111 514 
3 111 515 514 
3 464 510 517 
3 517 482 464 
3 517 512 518 
3 510 512 517 
3 488 517 519 
3 482 517 488 
3 519 518 521 
3 517 518 519 
3 512 514 523 
3 523 518 512 
3 514 515 525 
3 525 523 514 
3 521 523 527 
3 518 523 521 
3 523 525 529 
3 529 527 523 
3 532 534 561 
3 561 559 532 
3 534 563 565 
3 565 561 534 
3 151 561 157 
3 559 561 151 
3 157 565 166 
3 561 565 157 
3 563 579 583 
3 583 565 563 
3 579 586 588 
3 588 583 579 
3 166 583 211 
3 565 583 166 
3 211 588 215 
3 583 588 211 
3 586 593 596 
3 596 588 586 
3 112 596 593 
3 112 113 596 
3 113 600 596 
3 215 596 224 
3 588 596 215 
3 596 600 230 
3 230 224 596 
3 1210 1209 1221 
3 1207 1209 1210 
3 1209 1236 1251 
3 1251 1221 1209 
3 1265 1221 1300 
3 1210 1221 1265 
3 1300 1251 1322 
3 1221 1251 1300 
3 1334 1370 1389 
3 1389 1380 1334 
3 1389 1265 1396 
3 1370 1265 1389 
3 1409 1389 1430 
3 1380 1389 1409 
3 1389 1396 1439 
3 1439 1430 1389 
3 1396 1300 1447 
3 1265 1300 1396 
3 1447 1322 1467 
3 1300 1322 1447 
3 1439 1447 1499 
3 1396 1447 1439 
3 1499 1467 1507 
3 1447 1467 1499 
3 1236 1532 1556 
3 1556 1251 1236 
3 1532 1586 1594 
3 1594 1556 1532 
3 1322 1556 1607 
3 1251 1556 1322 
3 1607 1594 1649 
3 1556 1594 1607 
3 1586 1679 1689 
3 1689 1594 1586 
3 1679 1578 1598 
3 1598 1689 1679 
3 1649 1689 1728 
3 1594 1689 1649 
3 1728 1598 1665 
3 1689 1598 1728 
3 1467 1607 1798 
3 1322 1607 1467 
3 1607 1649 1861 
3 1861 1798 1607 
3 924 1467 1798 
3 924 953 1467 
3 953 1507 1467 
3 924 1861 971 
3 1798 1861 924 
3 1649 1728 1997 
3 1997 1861 1649 
3 1728 1665 1794 
3 1794 1997 1728 
3 971 1997 999 
3 1861 1997 971 
3 999 1794 1017 
3 1997 1794 999 
3 2024 1430 2090 
3 1409 1430 2024 
3 2090 1439 2098 
3 1430 1439 2090 
3 1000 2090 1040 
3 2024 2090 1000 
3 1040 2098 1057 
3 2090 2098 1040 
3 1063 1065 1499 
3 1065 1439 1499 
3 1065 2098 1439 
3 1063 1507 1079 
3 1499 1507 1063 
3 1057 2098 1065 
3 1079 1507 953 
3 2147 2136 2157 
3 2103 2136 2147 
3 2157 2164 2166 
3 2136 2164 2157 
3 2147 2157 2195 
3 2195 2178 2147 
3 2157 2166 2215 
3 2215 2195 2157 
3 2239 2255 2298 
3 2298 2289 2239 
3 2298 2368 2376 
3 2255 2368 2298 
3 1578 2298 1589 
3 2289 2298 1578 
3 2298 2376 1602 
3 1602 1589 2298 
3 2368 2396 2404 
3 2404 2376 2368 
3 2396 2415 2441 
3 2441 2404 2396 
3 1602 2404 1720 
3 2376 2404 1602 
3 1720 2441 1744 
3 2404 2441 1720 
3 2484 2465 2502 
3 2458 2465 2484 
3 2502 2178 2525 
3 2465 2178 2502 
3 2484 2502 2541 
3 2541 2415 2484 
3 2541 2525 2550 
3 2502 2525 2541 
3 2525 2195 2553 
3 2178 2195 2525 
3 2195 2215 2562 
3 2562 2553 2195 
3 2525 2553 2571 
3 2571 2550 2525 
3 2571 2562 2583 
3 2553 2562 2571 
3 2441 2541 2640 
3 2415 2541 2441 
3 2640 2550 2647 
3 2541 2550 2640 
3 1744 2640 1865 
3 2441 2640 1744 
3 2640 2647 1881 
3 1881 1865 2640 
3 2647 2571 2650 
3 2550 2571 2647 
3 2650 2583 2656 
3 2571 2583 2650 
3 1881 2650 1981 
3 2647 2650 1881 
3 1981 2656 1983 
3 2650 2656 1981 
3 2677 2688 2699 
3 2699 2690 2677 
3 2699 2709 2724 
3 2688 2709 2699 
3 2164 2699 2731 
3 2690 2699 2164 
3 2731 2724 2734 
3 2699 2724 2731 
3 2709 2755 2761 
3 2761 2724 2709 
3 2755 2770 2780 
3 2780 2761 2755 
3 2734 2761 2781 
3 2724 2761 2734 
3 2781 2780 2829 
3 2761 2780 2781 
3 2166 2731 2854 
3 2164 2731 2166 
3 2731 2734 2881 
3 2881 2854 2731 
3 2166 2854 2893 
3 2893 2215 2166 
3 2893 2881 2901 
3 2854 2881 2893 
3 2734 2781 2903 
3 2903 2881 2734 
3 2781 2829 2908 
3 2908 2903 2781 
3 2881 2903 2915 
3 2915 2901 2881 
3 2903 2908 1230 
3 1230 2915 2903 
3 2770 2928 2936 
3 2936 2780 2770 
3 2936 2944 2951 
3 2928 2944 2936 
3 2829 2936 2956 
3 2780 2936 2829 
3 2956 2951 2960 
3 2936 2951 2956 
3 2944 2981 2987 
3 2987 2951 2944 
3 2987 2029 2097 
3 2981 2029 2987 
3 2960 2987 2996 
3 2951 2987 2960 
3 2987 2097 2184 
3 2184 2996 2987 
3 2908 2956 2999 
3 2829 2956 2908 
3 2999 2960 3001 
3 2956 2960 2999 
3 1230 2999 1258 
3 2908 2999 1230 
3 1258 3001 1314 
3 2999 3001 1258 
3 3001 2996 3008 
3 2960 2996 3001 
3 3008 2184 2369 
3 2996 2184 3008 
3 1314 3008 1457 
3 3001 3008 1314 
3 1457 2369 1471 
3 3008 2369 1457 
3 2562 2893 3018 
3 2215 2893 2562 
3 2893 2901 3025 
3 3025 3018 2893 
3 2562 3018 3033 
3 3033 2583 2562 
3 3018 3025 3043 
3 3043 3033 3018 
3 3025 2915 3051 
3 2901 2915 3025 
3 2915 1230 1269 
3 1269 3051 2915 
3 3043 3051 3053 
3 3025 3051 3043 
3 3053 1269 1373 
3 3051 1269 3053 
3 2656 3033 3068 
3 2583 3033 2656 
3 3068 3043 3073 
3 3033 3043 3068 
3 1983 3068 1992 
3 2656 3068 1983 
3 1087 1090 3073 
3 1090 3068 3073 
3 1090 1992 3068 
3 3043 3053 3095 
3 3095 3073 3043 
3 3053 1373 1541 
3 1541 3095 3053 
3 1087 3095 1101 
3 3073 3095 1087 
3 1108 1541 1566 
3 1108 1101 1541 
3 1101 3095 1541 
3 3812 3838 3819 
3 3819 3904 3812 
3 3820 3839 3813 
3 3813 3905 3820 
3 3876 3823 3824 
3 3823 3841 3824 
3 3841 679 3824 
3 3841 676 679 
3 3876 3875 3823 
3 3942 4221 3955 
3 3942 931 4221 
3 931 958 4221 
3 3942 3938 931 
3 3987 1011 3957 
3 987 1011 3987 
3 1019 987 3987 
3 3987 3998 1019 
3 4015 957 4011 
3 979 957 4015 
3 4022 979 4015 
3 992 979 4022 
3 4022 3955 992 
3 3955 4221 992 
3 4221 1009 992 
3 4221 958 1009 
3 4411 3988 4692 
3 3988 3937 4692 
3 4411 4399 3988 
3 4692 4704 4412 
3 4412 4411 4692 
3 4412 4704 4385 
3 4665 4018 3939 
3 4346 4062 4462 
3 4046 4062 4346 
3 4062 3849 4486 
3 4486 4462 4062 
3 4494 3847 3851 
3 4494 4486 3847 
3 4486 3845 3847 
3 4486 3849 3845 
3 4509 3852 3854 
3 4509 4494 3852 
3 4494 3851 3852 
3 4350 3856 4673 
3 3856 3858 4673 
3 4350 3854 3856 
3 4350 4509 3854 
3 3861 4675 3860 
3 4675 3859 3860 
3 4675 4673 3859 
3 4673 3858 3859 
3 4474 4665 4336 
3 4863 4871 4879 
3 4879 4875 4863 
3 4871 4888 4891 
3 4891 4879 4871 
3 4875 4879 4900 
3 4900 4896 4875 
3 4879 4891 4903 
3 4903 4900 4879 
3 4888 4908 4914 
3 4914 4891 4888 
3 4908 4918 4924 
3 4924 4914 4908 
3 4891 4914 4926 
3 4926 4903 4891 
3 4914 4924 4948 
3 4948 4926 4914 
3 4896 4900 4960 
3 4960 4955 4896 
3 4900 4903 4977 
3 4977 4960 4900 
3 4955 4960 4981 
3 4981 4906 4955 
3 4960 4977 4985 
3 4985 4981 4960 
3 4903 4926 4998 
3 4998 4977 4903 
3 4926 4948 5003 
3 5003 4998 4926 
3 4977 4998 5007 
3 5007 4985 4977 
3 4998 5003 5009 
3 5009 5007 4998 
3 4918 5016 5021 
3 5021 4924 4918 
3 5016 5023 5026 
3 5026 5021 5016 
3 4924 5021 5028 
3 5028 4948 4924 
3 5021 5026 5030 
3 5030 5028 5021 
3 5023 5033 5046 
3 5046 5026 5023 
3 5033 5050 5073 
3 5073 5046 5033 
3 5026 5046 5079 
3 5079 5030 5026 
3 5046 5073 5095 
3 5095 5079 5046 
3 4948 5028 5109 
3 5109 5003 4948 
3 5028 5030 5114 
3 5114 5109 5028 
3 5003 5109 5116 
3 5116 5009 5003 
3 5109 5114 5120 
3 5120 5116 5109 
3 5030 5079 5123 
3 5123 5114 5030 
3 5079 5095 5130 
3 5130 5123 5079 
3 5114 5123 5132 
3 5132 5120 5114 
3 5123 5130 5134 
3 5134 5132 5123 
3 4906 4981 5138 
3 5138 4907 4906 
3 5138 4985 5143 
3 4981 4985 5138 
3 4913 5138 5145 
3 4907 5138 4913 
3 5145 5143 5147 
3 5138 5143 5145 
3 5143 5007 5149 
3 4985 5007 5143 
3 5149 5009 5150 
3 5007 5009 5149 
3 5147 5149 5153 
3 5143 5149 5147 
3 5153 5150 5155 
3 5149 5150 5153 
3 4952 5145 5157 
3 4913 5145 4952 
3 5157 5147 5159 
3 5145 5147 5157 
3 4956 5157 4965 
3 4952 5157 4956 
3 4965 5159 5010 
3 5157 5159 4965 
3 5159 5153 5176 
3 5147 5153 5159 
3 5176 5155 5178 
3 5153 5155 5176 
3 5010 5176 5019 
3 5159 5176 5010 
3 5176 5178 5024 
3 5024 5019 5176 
3 5150 5116 5183 
3 5009 5116 5150 
3 5183 5120 5184 
3 5116 5120 5183 
3 5155 5183 5185 
3 5150 5183 5155 
3 5185 5184 5186 
3 5183 5184 5185 
3 5184 5132 5187 
3 5120 5132 5184 
3 5187 5134 5189 
3 5132 5134 5187 
3 5186 5187 5190 
3 5184 5187 5186 
3 5190 5189 5192 
3 5187 5189 5190 
3 5178 5185 5195 
3 5155 5185 5178 
3 5195 5186 3398 
3 5185 5186 5195 
3 5178 5195 3649 
3 3649 5024 5178 
3 3463 3652 3416 
3 3652 5195 3416 
3 5195 3398 3416 
3 3652 3649 5195 
3 3443 3404 5190 
3 3404 5186 5190 
3 3404 3398 5186 
3 3526 3491 5192 
3 3491 5190 5192 
3 3491 3443 5190 
3 5050 5216 5219 
3 5219 5073 5050 
3 5216 5224 5229 
3 5229 5219 5216 
3 5073 5219 5232 
3 5232 5095 5073 
3 5219 5229 5234 
3 5234 5232 5219 
3 5224 5236 5239 
3 5239 5229 5224 
3 5239 5241 5250 
3 5236 5241 5239 
3 5229 5239 5253 
3 5253 5234 5229 
3 5253 5250 5255 
3 5239 5250 5253 
3 5095 5232 5258 
3 5258 5130 5095 
3 5232 5234 5260 
3 5260 5258 5232 
3 5130 5258 5265 
3 5265 5134 5130 
3 5258 5260 5268 
3 5268 5265 5258 
3 5234 5253 5269 
3 5269 5260 5234 
3 5269 5255 5270 
3 5253 5255 5269 
3 5260 5269 5271 
3 5271 5268 5260 
3 5271 5270 5272 
3 5269 5270 5271 
3 5250 5273 5275 
3 5241 5273 5250 
3 5275 5276 5279 
3 5273 5276 5275 
3 5255 5275 5280 
3 5250 5275 5255 
3 5280 5279 5282 
3 5275 5279 5280 
3 5279 5284 5287 
3 5276 5284 5279 
3 5287 5289 5292 
3 5284 5289 5287 
3 5282 5287 5293 
3 5279 5287 5282 
3 5293 5292 5294 
3 5287 5292 5293 
3 5270 5280 5295 
3 5255 5280 5270 
3 5295 5282 5296 
3 5280 5282 5295 
3 5272 5295 5297 
3 5270 5295 5272 
3 5297 5296 4862 
3 5295 5296 5297 
3 5296 5293 5298 
3 5282 5293 5296 
3 5298 5294 5299 
3 5293 5294 5298 
3 4862 5298 4873 
3 5296 5298 4862 
3 4873 5299 4912 
3 5298 5299 4873 
3 5189 5265 5300 
3 5134 5265 5189 
3 5300 5268 5302 
3 5265 5268 5300 
3 5192 5300 3546 
3 5189 5300 5192 
3 3556 5300 5302 
3 3556 3548 5300 
3 3548 3546 5300 
3 5268 5271 5304 
3 5304 5302 5268 
3 5271 5272 5306 
3 5306 5304 5271 
3 3648 3624 5304 
3 3624 5302 5304 
3 3624 3556 5302 
3 3674 3665 5306 
3 3665 5304 5306 
3 3665 3648 5304 
3 3563 3593 3551 
3 3593 5192 3551 
3 5192 3546 3551 
3 3593 3526 5192 
3 5306 5297 5310 
3 5272 5297 5306 
3 5310 4862 4890 
3 5297 4862 5310 
3 3723 3718 5310 
3 3718 5306 5310 
3 3718 3674 5306 
3 3284 3728 4890 
3 3728 5310 4890 
3 3728 3723 5310 
3 5562 5559 5565 
3 5553 5559 5562 
3 5565 5569 5572 
3 5559 5569 5565 
3 5576 5380 5565 
3 5380 5562 5565 
3 5380 5370 5562 
3 5386 5565 5384 
3 5565 5572 5384 
3 5386 5576 5565 
3 5572 5580 5583 
3 5569 5580 5572 
3 5583 5586 5587 
3 5580 5586 5583 
3 5387 5572 5583 
3 5384 5572 5387 
3 5387 5583 5587 
3 5587 5389 5387 
3 5593 5596 5603 
3 5603 5600 5593 
3 5596 5605 5607 
3 5607 5603 5596 
3 5600 5603 5611 
3 5611 5609 5600 
3 5611 5607 5612 
3 5603 5607 5611 
3 5607 5614 5616 
3 5605 5614 5607 
3 5616 5619 5621 
3 5614 5619 5616 
3 5607 5616 5623 
3 5623 5612 5607 
3 5616 5621 5625 
3 5625 5623 5616 
3 5628 5611 5630 
3 5609 5611 5628 
3 5611 5612 5633 
3 5633 5630 5611 
3 5635 5630 5639 
3 5628 5630 5635 
3 5639 5633 5642 
3 5630 5633 5639 
3 5633 5623 5645 
3 5612 5623 5633 
3 5623 5625 5655 
3 5655 5645 5623 
3 5393 5633 5391 
3 5633 5645 5391 
3 5393 5642 5633 
3 5391 5645 5655 
3 5655 5395 5391 
3 5398 5380 5576 
3 5576 5386 5398 
3 5403 5402 5663 
3 5663 5405 5664 
3 5402 5405 5663 
3 5408 5407 5665 
3 5407 5410 5666 
3 5666 5665 5407 
3 5668 5408 5665 
3 5668 5405 5408 
3 5668 5664 5405 
3 5665 5666 5672 
3 5672 5668 5665 
3 5687 5411 5663 
3 5411 5403 5663 
3 5687 5685 5411 
3 5663 5664 5689 
3 5689 5687 5663 
3 5691 5687 5693 
3 5685 5687 5691 
3 5687 5689 5695 
3 5695 5693 5687 
3 5689 5668 5696 
3 5664 5668 5689 
3 5696 5672 5697 
3 5668 5672 5696 
3 5695 5696 5698 
3 5689 5696 5695 
3 5698 5697 5700 
3 5696 5697 5698 
3 5520 5702 5517 
3 5520 5412 5702 
3 5520 5522 5412 
3 5522 5413 5412 
3 5414 5413 5522 
3 5522 5530 5414 
3 5530 5533 5414 
3 5533 5704 5414 
3 5704 5415 5414 
3 5538 5704 5533 
3 5416 5415 5704 
3 5542 5705 5543 
3 5538 5545 5704 
3 5545 5416 5704 
3 5545 5417 5416 
3 5545 5418 5417 
3 5545 5543 5418 
3 5543 5706 5418 
3 5543 5705 5706 
3 5548 5705 5542 
3 5548 5706 5705 
3 5548 5707 5706 
3 5548 5549 5707 
3 5550 5707 5549 
3 5710 5709 5711 
3 5708 5709 5710 
3 5711 5712 5713 
3 5709 5712 5711 
3 5714 5711 5715 
3 5710 5711 5714 
3 5715 5713 5716 
3 5711 5713 5715 
3 5714 5715 5718 
3 5718 5717 5714 
3 5718 5716 5719 
3 5715 5716 5718 
3 5720 5718 5721 
3 5717 5718 5720 
3 5718 5719 5722 
3 5722 5721 5718 
3 5420 5720 5721 
3 5419 5720 5420 
3 5421 5721 5722 
3 5420 5721 5421 
3 5713 5723 5724 
3 5712 5723 5713 
3 5723 5725 5726 
3 5726 5724 5723 
3 5716 5724 5727 
3 5713 5724 5716 
3 5727 5726 5728 
3 5724 5726 5727 
3 5719 5727 5729 
3 5716 5727 5719 
3 5423 5727 5422 
3 5727 5728 5422 
3 5423 5729 5727 
3 5425 5719 5424 
3 5719 5729 5424 
3 5425 5722 5719 
3 5729 5423 5424 
3 5722 5425 5421 
3 5736 4395 6015 
3 4395 4379 6015 
3 5736 5761 4395 
3 6015 6028 5812 
3 5812 5736 6015 
3 4450 4395 5761 
3 5761 5823 4450 
3 5823 5517 4450 
3 5517 5702 4450 
3 5702 4311 4450 
3 5702 5412 4311 
3 4335 4316 5501 
3 5812 6028 5840 
3 5852 6042 5890 
3 5895 6042 5852 
3 5897 6014 5914 
3 5931 6055 5966 
3 5971 6055 5931 
3 5897 5966 6014 
3 5966 6025 6014 
3 5966 6055 6025 
3 5971 6025 6055 
3 5971 5732 6025 
3 5732 6052 6025 
3 6086 5418 5706 
3 6086 4338 5418 
3 4338 5502 5418 
3 4338 4335 5502 
3 4335 5501 5502 
3 5550 5974 5707 
3 5974 6107 5707 
3 6107 6086 5707 
3 6086 5706 5707 
3 4374 4338 6086 
3 6116 4383 6107 
3 4383 4374 6107 
3 4374 6086 6107 
3 5974 6131 6107 
3 5974 6042 6131 
3 5974 5890 6042 
3 5895 5976 6042 
3 5976 6131 6042 
3 5976 6145 6131 
3 6107 6131 6164 
3 6164 6116 6107 
3 6164 6145 6073 
3 6131 6145 6164 
3 4415 4383 6116 
3 4423 6116 6164 
3 4415 6116 4423 
3 6084 4423 6073 
3 4423 6164 6073 
3 6084 4471 4423 
3 4471 6084 6127 
3 6127 4375 4471 
3 5980 6145 5976 
3 6191 6145 5980 
3 5980 5914 6191 
3 5914 6036 6191 
3 5914 6014 6036 
3 6145 6191 6081 
3 6081 6073 6145 
3 6191 6036 6062 
3 6062 6081 6191 
3 7580 7498 7577 
3 7498 7305 7577 
3 7580 7500 7498 
3 7580 7626 7663 
3 7577 7626 7580 
3 7667 7580 7674 
3 7500 7580 7667 
3 7580 7663 7679 
3 7679 7674 7580 
3 7663 7681 7684 
3 7626 7681 7663 
3 7684 7687 7701 
3 7681 7687 7684 
3 7679 7684 7722 
3 7663 7684 7679 
3 7684 7701 7744 
3 7744 7722 7684 
3 7753 7674 7046 
3 7667 7674 7753 
3 7053 7048 7679 
3 7048 7674 7679 
3 7048 7046 7674 
3 7056 7760 7050 
3 7760 7753 7050 
3 7753 7046 7050 
3 7075 7071 7722 
3 7071 7679 7722 
3 7071 7053 7679 
3 7075 7744 7783 
3 7722 7744 7075 
3 7560 7089 7783 
3 7089 7075 7783 
3 7560 7097 7089 
3 7687 7789 7795 
3 7795 7701 7687 
3 7320 7795 6916 
3 7795 7789 6916 
3 7789 6897 6916 
3 6897 7101 6916 
3 7789 7300 6897 
3 7744 7795 7803 
3 7701 7795 7744 
3 7803 7320 7810 
3 7795 7320 7803 
3 7824 7104 7107 
3 7824 7810 7104 
3 7810 6921 7104 
3 7810 7320 6921 
3 7796 7112 7113 
3 7796 7824 7112 
3 7824 7107 7112 
3 7744 7803 7838 
3 7838 7783 7744 
3 7838 7810 7843 
3 7803 7810 7838 
3 7783 7838 7645 
3 7645 7560 7783 
3 7838 7843 7748 
3 7748 7645 7838 
3 7843 7824 7851 
3 7810 7824 7843 
3 7824 7796 7840 
3 7840 7851 7824 
3 7843 7851 7774 
3 7774 7748 7843 
3 5787 7840 5780 
3 5787 7851 7840 
3 5787 7774 7851 
3 7760 7056 7877 
3 7877 7862 7760 
3 7880 7058 7068 
3 7880 7877 7058 
3 7877 7056 7058 
3 7862 7877 7892 
3 7892 7883 7862 
3 5818 7877 5810 
3 7877 7880 5810 
3 5818 7892 7877 
3 7894 7093 7097 
3 7894 7880 7093 
3 7880 7068 7093 
3 7097 7560 7714 
3 7714 7894 7097 
3 5810 7880 7894 
3 7894 5820 5810 
3 5820 7894 7714 
3 7714 5759 5820 
3 5824 7883 7892 
3 7892 5826 5824 
3 7892 5818 5826 
3 1224 1232 1263 
3 1263 1248 1224 
3 1263 1325 1349 
3 1232 1325 1263 
3 1358 1263 1368 
3 1248 1263 1358 
3 1263 1349 1384 
3 1384 1368 1263 
3 1325 1432 1441 
3 1441 1349 1325 
3 1441 1456 1482 
3 1432 1456 1441 
3 1349 1441 1492 
3 1492 1384 1349 
3 1492 1482 1501 
3 1441 1482 1492 
3 1509 1368 1539 
3 1358 1368 1509 
3 1368 1384 1547 
3 1547 1539 1368 
3 1509 1539 1569 
3 1569 1559 1509 
3 1569 1547 1576 
3 1539 1547 1569 
3 1547 1492 1585 
3 1384 1492 1547 
3 1585 1501 1622 
3 1492 1501 1585 
3 1547 1585 1663 
3 1663 1576 1547 
3 1585 1622 1686 
3 1686 1663 1585 
3 1708 1767 1779 
3 1779 1776 1708 
3 1779 1789 1799 
3 1767 1789 1779 
3 1825 1779 1832 
3 1776 1779 1825 
3 1832 1799 1848 
3 1779 1799 1832 
3 1825 1832 1858 
3 1858 1856 1825 
3 1858 1848 1860 
3 1832 1848 1858 
3 1862 0 1858 
3 0 1856 1858 
3 1862 2 0 
3 1858 1860 1876 
3 1876 1862 1858 
3 1894 4 1862 
3 4 2 1862 
3 1894 1883 4 
3 1862 1876 1909 
3 1909 1894 1862 
3 1883 1894 1929 
3 1929 1920 1883 
3 1894 1909 1953 
3 1953 1929 1894 
3 1789 1964 1966 
3 1966 1799 1789 
3 1964 1989 1999 
3 1999 1966 1964 
3 1799 1966 2016 
3 2016 1848 1799 
3 2016 1999 197 
3 1966 1999 2016 
3 1989 2033 2075 
3 2075 1999 1989 
3 2033 2077 2085 
3 2085 2075 2033 
3 228 199 2075 
3 199 1999 2075 
3 199 197 1999 
3 249 247 2085 
3 247 2075 2085 
3 247 228 2075 
3 2085 2099 2123 
3 2077 2099 2085 
3 2123 2135 2151 
3 2099 2135 2123 
3 249 2123 2158 
3 2085 2123 249 
3 2158 2151 2165 
3 2123 2151 2158 
3 2151 2181 2205 
3 2135 2181 2151 
3 2181 1601 1617 
3 1617 2205 2181 
3 2165 2205 2228 
3 2151 2205 2165 
3 2228 1617 1768 
3 2205 1617 2228 
3 1848 2016 2235 
3 2235 1860 1848 
3 238 2235 203 
3 2235 2016 203 
3 2016 197 203 
3 1876 2235 2237 
3 1860 2235 1876 
3 293 2237 275 
3 2237 2235 275 
3 2235 238 275 
3 1909 2237 2251 
3 1876 2237 1909 
3 2251 293 2265 
3 2237 293 2251 
3 1953 2251 2285 
3 1909 2251 1953 
3 2251 2265 2294 
3 2294 2285 2251 
3 2319 296 306 
3 2319 2265 296 
3 2265 293 296 
3 2335 329 332 
3 2335 2319 329 
3 2319 306 329 
3 2294 2319 336 
3 2265 2319 2294 
3 340 337 2335 
3 337 2319 2335 
3 337 336 2319 
3 2341 250 2158 
3 250 249 2158 
3 2341 267 250 
3 2341 2165 2349 
3 2158 2165 2341 
3 2357 327 2341 
3 327 267 2341 
3 2357 332 327 
3 2341 2349 2388 
3 2388 2357 2341 
3 2165 2228 2398 
3 2398 2349 2165 
3 2228 1768 2190 
3 2190 2398 2228 
3 2388 2398 2405 
3 2349 2398 2388 
3 2398 2190 2271 
3 2271 2405 2398 
3 2335 2357 2416 
3 332 2357 2335 
3 2416 2388 2462 
3 2357 2388 2416 
3 370 365 2416 
3 365 2335 2416 
3 365 340 2335 
3 2416 2462 2470 
3 2470 370 2416 
3 954 2462 2405 
3 2462 2388 2405 
3 954 978 2462 
3 954 2271 989 
3 2405 2271 954 
3 2470 2462 978 
3 978 1004 2470 
3 1920 1929 2531 
3 2531 2520 1920 
3 1929 1953 2540 
3 2540 2531 1929 
3 2520 2531 2581 
3 2581 2564 2520 
3 2531 2540 2588 
3 2588 2581 2531 
3 2600 2581 2621 
3 2564 2581 2600 
3 2621 2588 2645 
3 2581 2588 2621 
3 2600 2621 2676 
3 2676 2654 2600 
3 2621 2645 2682 
3 2682 2676 2621 
3 2654 2676 2720 
3 2720 2712 2654 
3 2676 2682 2744 
3 2744 2720 2676 
3 2751 2720 2767 
3 2712 2720 2751 
3 2720 2744 1272 
3 1272 2767 2720 
3 1953 2285 2775 
3 2775 2540 1953 
3 2285 2294 2777 
3 2777 2775 2285 
3 2540 2775 2789 
3 2789 2588 2540 
3 2775 2777 2805 
3 2805 2789 2775 
3 343 2777 338 
3 2777 2294 338 
3 2294 336 338 
3 357 2805 350 
3 2805 2777 350 
3 2777 343 350 
3 2588 2789 2836 
3 2836 2645 2588 
3 2836 2805 2845 
3 2789 2805 2836 
3 2645 2836 2850 
3 2850 2682 2645 
3 2850 2845 2856 
3 2836 2845 2850 
3 2805 357 2858 
3 2858 2845 2805 
3 2868 360 363 
3 2868 2858 360 
3 2858 357 360 
3 2845 2858 2875 
3 2875 2856 2845 
3 2875 2868 1481 
3 2858 2868 2875 
3 2909 374 2470 
3 374 370 2470 
3 2909 380 374 
3 2917 385 2909 
3 385 380 2909 
3 2917 83 385 
3 2917 896 83 
3 1024 2470 1004 
3 2909 2470 1024 
3 1025 2909 1024 
3 2917 2909 1025 
3 2920 87 896 
3 2920 398 87 
3 2920 2868 398 
3 2868 363 398 
3 2920 2917 2952 
3 896 2917 2920 
3 1481 2920 1490 
3 2868 2920 1481 
3 2920 2952 1533 
3 1533 1490 2920 
3 2952 2917 1025 
3 1025 1027 2952 
3 939 2952 1027 
3 1533 2952 939 
3 2682 2850 2959 
3 2959 2744 2682 
3 2850 2856 2969 
3 2969 2959 2850 
3 1272 2959 1287 
3 2744 2959 1272 
3 1287 2969 1345 
3 2959 2969 1287 
3 2969 2875 2977 
3 2856 2875 2969 
3 2875 1481 1493 
3 1493 2977 2875 
3 2969 2977 1393 
3 1393 1345 2969 
3 1393 1493 1451 
3 2977 1493 1393 
3 3291 1656 3279 
3 1656 1653 3279 
3 3291 1755 1656 
3 3307 1755 3291 
3 3307 1908 1755 
3 1908 1841 1755 
3 3291 3311 3318 
3 3279 3311 3291 
3 3318 3334 3346 
3 3311 3334 3318 
3 3307 3318 3362 
3 3291 3318 3307 
3 3362 3346 3371 
3 3318 3346 3362 
3 3377 1931 3307 
3 1931 1908 3307 
3 3377 1982 1931 
3 3011 2989 3377 
3 2989 2005 3377 
3 2005 1982 3377 
3 2989 2039 2005 
3 3377 3362 3379 
3 3307 3362 3377 
3 3362 3371 3393 
3 3393 3379 3362 
3 3377 3379 3419 
3 3419 3011 3377 
3 3379 3393 3426 
3 3426 3419 3379 
3 3435 3019 3419 
3 3019 3011 3419 
3 3435 3037 3019 
3 3435 3426 3439 
3 3419 3426 3435 
3 3444 3104 3435 
3 3104 3037 3435 
3 3444 1456 3104 
3 3444 3439 3466 
3 3435 3439 3444 
3 3474 1482 3444 
3 1482 1456 3444 
3 3474 1501 1482 
3 3444 3466 3477 
3 3477 3474 3444 
3 3281 1622 3474 
3 1622 1501 3474 
3 3281 1686 1622 
3 3474 3477 3300 
3 3300 3281 3474 
3 3486 3408 3518 
3 3402 3408 3486 
3 3518 3417 3530 
3 3408 3417 3518 
3 3539 3518 3545 
3 3486 3518 3539 
3 3545 3530 3550 
3 3518 3530 3545 
3 3530 3451 1708 
3 3417 3451 3530 
3 1789 1767 3455 
3 1767 3451 3455 
3 1767 1708 3451 
3 1825 3550 1776 
3 3550 3530 1776 
3 3530 1708 1776 
3 3552 3545 3566 
3 3539 3545 3552 
3 3566 3550 3569 
3 3545 3550 3566 
3 3282 3566 3298 
3 3552 3566 3282 
3 3298 3569 3364 
3 3566 3569 3298 
3 13 3569 0 
3 3569 1856 0 
3 3569 3550 1856 
3 3550 1825 1856 
3 1920 3364 1883 
3 3364 3569 1883 
3 3569 4 1883 
3 3569 13 4 
3 1989 1964 3487 
3 1964 3455 3487 
3 1964 1789 3455 
3 2077 2033 3522 
3 2033 3487 3522 
3 2033 1989 3487 
3 2135 2099 3568 
3 2099 3522 3568 
3 2099 2077 3522 
3 1601 2181 3513 
3 2181 3568 3513 
3 2181 2135 3568 
3 3803 645 3799 
3 649 645 3803 
3 651 649 3803 
3 3803 3804 651 
3 3804 655 651 
3 3804 3831 655 
3 3804 3806 3831 
3 3833 3831 3806 
3 3806 3808 3833 
3 3835 3833 3808 
3 3808 3810 3835 
3 3928 929 4199 
3 3928 1174 929 
3 3928 3961 1174 
3 3961 4230 1174 
3 3928 4208 3976 
3 4199 4208 3928 
3 3996 4230 3961 
3 3976 4208 3934 
3 3937 3958 4692 
3 3958 3969 4704 
3 4704 4692 3958 
3 4052 3995 4713 
3 4349 4357 4057 
3 4357 4713 4057 
3 4713 3995 4057 
3 4366 3969 4713 
3 3969 4052 4713 
3 4366 4704 3969 
3 4366 4385 4704 
3 4366 4713 4357 
3 4349 4069 4401 
3 4057 4069 4349 
3 4413 4069 4731 
3 4069 4076 4731 
3 4413 4401 4069 
3 4413 4731 4453 
3 4731 4076 4081 
3 4466 4081 4082 
3 4466 4731 4081 
3 4466 4453 4731 
3 4474 4466 4665 
3 4466 4082 4665 
3 4082 4018 4665 
3 4090 4083 4742 
3 4097 4096 4479 
3 4479 4480 4097 
3 4522 4099 4745 
3 4522 4493 4099 
3 4493 4098 4099 
3 4480 4099 4097 
3 4480 4745 4099 
3 4480 4527 4745 
3 4096 4101 4535 
3 4535 4479 4096 
3 4560 4535 4742 
3 4535 4090 4742 
3 4535 4101 4090 
3 4104 4103 4747 
3 4584 4747 4128 
3 4747 4103 4128 
3 4584 4600 4747 
3 4601 4604 4747 
3 4604 4083 4747 
3 4083 4104 4747 
3 4604 4742 4083 
3 4601 4747 4600 
3 4618 4136 4750 
3 4618 4128 4136 
3 4618 4584 4128 
3 4399 4622 3988 
3 4622 4136 3988 
3 4622 4750 4136 
3 4618 4750 4624 
3 4624 4750 4622 
3 4560 4742 4604 
3 4522 4745 4628 
3 4628 4745 4527 
3 5438 5434 5385 
3 5385 5388 5438 
3 5390 5438 5388 
3 5392 5447 5394 
3 5434 5438 5451 
3 5451 5449 5434 
3 5390 5451 5438 
3 5390 5396 5451 
3 5396 5452 5451 
3 5454 5451 5457 
3 5449 5451 5454 
3 5451 5452 5459 
3 5459 5457 5451 
3 5397 5452 5396 
3 5394 5447 5399 
3 5397 5459 5452 
3 5397 5400 5459 
3 5400 5462 5459 
3 5401 5462 5400 
3 5465 5462 5401 
3 5404 5467 5406 
3 5404 5470 5467 
3 5404 5429 5470 
3 5404 5374 5429 
3 5392 5472 5447 
3 5392 5406 5472 
3 5406 5467 5472 
3 4305 5472 4312 
3 5472 5470 4312 
3 5472 5467 5470 
3 5409 5399 5475 
3 5399 5472 5475 
3 5399 5447 5472 
3 5472 4305 4306 
3 4306 5475 5472 
3 5401 4307 5465 
3 4307 4308 5465 
3 5401 5475 4307 
3 5401 5409 5475 
3 5475 4306 4307 
3 5459 5462 5481 
3 5481 5478 5459 
3 5481 5465 5483 
3 5462 5465 5481 
3 5484 5481 5486 
3 5478 5481 5484 
3 5481 5483 5488 
3 5488 5486 5481 
3 5465 4308 4309 
3 4309 5483 5465 
3 5483 4309 4310 
3 4310 5488 5483 
3 6038 6065 6097 
3 6097 6077 6038 
3 6065 6123 6168 
3 6168 6097 6065 
3 6234 6097 6245 
3 6077 6097 6234 
3 6245 6168 6255 
3 6097 6168 6245 
3 6123 6269 6283 
3 6283 6168 6123 
3 6269 6297 6317 
3 6317 6283 6269 
3 6255 6283 6346 
3 6168 6283 6255 
3 6283 6317 6352 
3 6352 6346 6283 
3 6234 6245 6388 
3 6388 6376 6234 
3 6245 6255 6424 
3 6424 6388 6245 
3 6376 6388 6463 
3 6463 6435 6376 
3 6463 6424 6477 
3 6388 6424 6463 
3 6424 6346 6500 
3 6255 6346 6424 
3 6346 6352 6508 
3 6508 6500 6346 
3 6424 6500 6516 
3 6516 6477 6424 
3 6516 6508 6032 
3 6500 6508 6516 
3 6297 6537 6543 
3 6543 6317 6297 
3 6537 6548 6555 
3 6555 6543 6537 
3 6352 6543 6587 
3 6317 6543 6352 
3 6587 6555 6598 
3 6543 6555 6587 
3 6548 6606 6618 
3 6618 6555 6548 
3 6606 6626 6638 
3 6638 6618 6606 
3 6555 6618 6642 
3 6642 6598 6555 
3 6618 6638 6644 
3 6644 6642 6618 
3 6352 6587 6650 
3 6650 6508 6352 
3 6587 6598 6658 
3 6658 6650 6587 
3 5730 6508 6650 
3 5730 5744 6508 
3 5744 6032 6508 
3 6650 6658 5762 
3 5762 5730 6650 
3 5774 5788 6642 
3 5788 6598 6642 
3 5788 6658 6598 
3 5774 6644 5794 
3 6642 6644 5774 
3 5762 6658 5788 
3 6670 4489 4566 
3 4579 5432 5437 
3 4302 5432 4579 
3 5453 4566 4596 
3 5453 6681 4566 
3 6681 6670 4566 
3 5460 5455 5437 
3 5455 4579 5437 
3 5455 4596 4579 
3 5455 5453 4596 
3 5469 5466 5440 
3 5466 5439 5440 
3 5466 5460 5439 
3 5460 5437 5439 
3 5480 5444 5445 
3 5480 5477 5444 
3 5477 5469 5444 
3 5469 5440 5444 
3 5463 6689 5456 
3 6689 6681 5456 
3 6681 5453 5456 
3 5582 6626 5567 
3 6626 6689 5567 
3 6689 5368 5567 
3 6689 5463 5368 
3 6692 5443 4606 
3 5443 4304 4606 
3 6692 5445 5443 
3 4606 4608 6702 
3 6702 6692 4606 
3 5480 6692 6723 
3 5445 6692 5480 
3 6723 6702 6753 
3 6692 6702 6723 
3 6762 4427 6600 
3 6762 6702 4427 
3 6702 4608 4427 
3 6600 6457 6502 
3 6502 6762 6600 
3 6702 6762 6770 
3 6770 6753 6702 
3 6762 6502 6575 
3 6575 6770 6762 
3 6776 5622 6723 
3 5622 5382 6723 
3 5382 5480 6723 
3 6776 5627 5622 
3 6723 6753 6782 
3 6782 6776 6723 
3 6784 5646 6776 
3 5646 5627 6776 
3 6784 5649 5646 
3 6784 6782 6786 
3 6776 6782 6784 
3 6782 6770 6806 
3 6753 6770 6782 
3 6770 6575 6674 
3 6674 6806 6770 
3 6782 6806 5652 
3 5652 6786 6782 
3 5674 5670 6674 
3 5670 6806 6674 
3 5670 5652 6806 
3 6638 5582 6811 
3 6626 5582 6638 
3 6819 5584 5588 
3 6819 6811 5584 
3 6811 5582 5584 
3 6638 6811 6824 
3 6824 6644 6638 
3 5816 5832 6819 
3 5832 6811 6819 
3 5832 6824 6811 
3 6828 5636 5640 
3 6828 6819 5636 
3 6819 5588 5636 
3 6832 5647 5649 
3 6832 6828 5647 
3 6828 5640 5647 
3 6819 6828 5845 
3 5845 5816 6819 
3 6828 6832 5855 
3 5855 5845 6828 
3 6644 6824 5862 
3 5862 5794 6644 
3 5862 6824 5832 
3 5881 5886 6784 
3 5886 5649 6784 
3 5886 6832 5649 
3 6784 6786 5908 
3 5908 5881 6784 
3 5855 6832 5886 
3 6786 5652 5513 
3 5513 5908 6786 
3 4368 4351 6173 
3 6173 4386 6206 
3 4351 4386 6173 
3 4419 4408 6051 
3 4467 4441 6013 
3 4386 4475 6384 
3 6384 6206 4386 
3 6091 4467 6013 
3 6091 4475 4467 
3 6091 6384 4475 
3 5755 5748 7545 
3 7545 5768 7565 
3 5748 5768 7545 
3 5798 5791 7597 
3 7565 5806 7605 
3 5768 5806 7565 
3 7646 5798 7597 
3 7646 5806 5798 
3 7646 7605 5806 
3 7597 5821 7655 
3 5791 5821 7597 
3 5821 5836 7707 
3 7707 7655 5821 
3 7646 7655 7719 
3 7597 7655 7646 
3 7719 7707 7721 
3 7655 7707 7719 
3 5518 5857 7132 
3 7132 7128 5518 
3 7146 7141 5865 
3 7141 5857 5865 
3 7141 7132 5857 
3 5896 5891 7726 
3 7726 5898 7728 
3 5891 5898 7726 
3 7750 5896 7726 
3 7750 7146 5896 
3 7146 5865 5896 
3 7750 7728 7758 
3 7726 7728 7750 
3 5942 5904 7763 
3 5904 5950 7764 
3 7764 7763 5904 
3 7764 5969 7766 
3 5950 5969 7764 
3 7728 5973 7773 
3 5898 5973 7728 
3 7809 5942 7763 
3 7809 7773 5942 
3 7773 5973 5942 
3 7728 7773 7816 
3 7816 7758 7728 
3 7816 7809 7823 
3 7773 7809 7816 
3 7763 7764 7844 
3 7844 7809 7763 
3 7844 7766 7850 
3 7764 7766 7844 
3 7809 7844 7868 
3 7868 7823 7809 
3 7844 7850 7891 
3 7891 7868 7844 
3 7899 7149 7750 
3 7149 7146 7750 
3 7899 7151 7149 
3 7899 7758 7924 
3 7750 7758 7899 
3 7927 7172 7899 
3 7172 7151 7899 
3 7927 7178 7172 
3 7899 7924 7938 
3 7938 7927 7899 
3 7577 7309 7311 
3 7577 7301 7309 
3 7301 6934 7309 
3 7301 6915 6934 
3 6915 7092 6934 
3 7577 7305 7301 
3 7626 7324 7328 
3 7626 7577 7324 
3 7577 7311 7324 
3 7943 7314 7927 
3 7314 6937 7927 
3 6937 7178 7927 
3 7943 7328 7314 
3 7943 7938 7945 
3 7927 7938 7943 
3 7328 7943 7681 
3 7681 7626 7328 
3 7943 7945 7687 
3 7687 7681 7943 
3 7924 7816 7953 
3 7758 7816 7924 
3 7953 7823 7959 
3 7816 7823 7953 
3 7938 7953 7964 
3 7924 7953 7938 
3 7953 7959 7966 
3 7966 7964 7953 
3 7823 7868 7967 
3 7967 7959 7823 
3 7868 7891 7968 
3 7968 7967 7868 
3 7959 7967 7336 
3 7336 7966 7959 
3 7355 7347 7968 
3 7347 7967 7968 
3 7347 7336 7967 
3 7938 7964 7981 
3 7981 7945 7938 
3 7964 7966 7369 
3 7369 7981 7964 
3 7945 7981 7789 
3 7789 7687 7945 
3 7300 7789 7374 
3 7789 7981 7374 
3 7981 7369 7374 
3 7360 7372 7350 
3 7372 7966 7350 
3 7966 7336 7350 
3 7372 7369 7966 
3 5982 5978 7988 
3 5978 5983 7995 
3 7995 7988 5978 
3 8009 5982 7988 
3 8009 7766 5982 
3 7766 5969 5982 
3 7988 7995 8023 
3 8023 8009 7988 
3 8031 5755 7545 
3 8031 5983 5755 
3 8031 7995 5983 
3 7545 7565 8040 
3 8040 8031 7545 
3 7995 8031 8042 
3 8042 8023 7995 
3 8042 8040 8044 
3 8031 8040 8042 
3 7850 8009 8049 
3 7766 8009 7850 
3 8049 8023 8051 
3 8009 8023 8049 
3 7891 8049 8060 
3 7850 8049 7891 
3 8049 8051 8067 
3 8067 8060 8049 
3 8023 8042 8069 
3 8069 8051 8023 
3 8069 8044 8071 
3 8042 8044 8069 
3 8051 8069 8075 
3 8075 8067 8051 
3 8069 8071 7749 
3 7749 8075 8069 
3 8040 7605 8079 
3 7565 7605 8040 
3 8079 7646 8099 
3 7605 7646 8079 
3 8044 8079 8105 
3 8040 8079 8044 
3 8079 8099 8127 
3 8127 8105 8079 
3 8099 7719 8131 
3 7646 7719 8099 
3 8131 7721 7785 
3 7719 7721 8131 
3 8127 8131 8141 
3 8099 8131 8127 
3 8131 7785 7893 
3 7893 8141 8131 
3 8044 8105 8154 
3 8154 8071 8044 
3 8105 8127 8158 
3 8158 8154 8105 
3 8071 8154 7761 
3 7761 7749 8071 
3 8154 8158 7855 
3 7855 7761 8154 
3 8158 8141 8160 
3 8127 8141 8158 
3 8141 7893 8012 
3 8012 8160 8141 
3 8158 8160 7886 
3 7886 7855 8158 
3 7886 8012 7901 
3 8160 8012 7886 
3 7891 8060 8164 
3 8164 7968 7891 
3 8060 8067 8165 
3 8165 8164 8060 
3 7406 7400 8164 
3 7400 7968 8164 
3 7400 7355 7968 
3 7406 8165 7599 
3 8164 8165 7406 
3 8067 8075 8166 
3 8166 8165 8067 
3 8075 7749 7828 
3 7828 8166 8075 
3 8165 8166 7609 
3 7609 7599 8165 
3 8166 7828 7699 
3 7699 7609 8166 
3 7659 7408 7599 
3 7408 7406 7599 
3 7659 7414 7408 
3 7717 7419 7659 
3 7419 7414 7659 
3 7717 7339 7419 
3 1298 1287 1329 
3 1272 1287 1298 
3 1287 1345 1355 
3 1355 1329 1287 
3 1298 1329 1275 
3 1275 1247 1298 
3 1329 1355 1297 
3 1297 1275 1329 
3 1355 1393 1408 
3 1345 1393 1355 
3 1408 1451 1470 
3 1393 1451 1408 
3 1355 1408 403 
3 403 1297 1355 
3 218 405 1470 
3 405 1408 1470 
3 405 403 1408 
3 1493 1490 1520 
3 1481 1490 1493 
3 1520 1533 1551 
3 1490 1533 1520 
3 1451 1520 1562 
3 1493 1520 1451 
3 1520 1551 1564 
3 1564 1562 1520 
3 1551 1533 939 
3 939 940 1551 
3 1564 1551 940 
3 940 942 1564 
3 1451 1562 1567 
3 1567 1470 1451 
3 1562 1564 1579 
3 1579 1567 1562 
3 226 219 1567 
3 219 1470 1567 
3 219 218 1470 
3 274 269 1579 
3 269 1567 1579 
3 269 226 1567 
3 943 1564 942 
3 1579 1564 943 
3 943 28 1579 
3 28 274 1579 
3 943 685 28 
3 943 945 685 
3 945 691 685 
3 945 53 691 
3 945 968 53 
3 968 55 53 
3 55 315 53 
3 968 696 55 
3 1617 1615 1651 
3 1601 1615 1617 
3 1615 1704 1716 
3 1716 1651 1615 
3 1617 1651 1785 
3 1785 1768 1617 
3 1785 1716 1816 
3 1651 1716 1785 
3 1716 1827 1845 
3 1704 1827 1716 
3 1845 1877 1887 
3 1827 1877 1845 
3 1716 1845 1914 
3 1914 1816 1716 
3 1845 1887 1924 
3 1924 1914 1845 
3 1941 1468 2038 
3 1458 1468 1941 
3 2038 1483 2059 
3 1468 1483 2038 
3 1941 2038 2065 
3 2065 1877 1941 
3 2065 2059 2068 
3 2038 2059 2065 
3 1483 1627 2101 
3 2101 2059 1483 
3 2101 1635 2113 
3 1627 1635 2101 
3 2068 2101 2120 
3 2059 2101 2068 
3 2120 2113 2140 
3 2101 2113 2120 
3 1887 2065 2149 
3 1877 2065 1887 
3 2065 2068 2152 
3 2152 2149 2065 
3 1924 2149 2161 
3 1887 2149 1924 
3 2161 2152 2170 
3 2149 2152 2161 
3 2068 2120 2172 
3 2172 2152 2068 
3 2172 2140 2185 
3 2120 2140 2172 
3 975 980 2172 
3 980 2152 2172 
3 980 2170 2152 
3 2172 2185 984 
3 984 975 2172 
3 2190 1785 2231 
3 1768 1785 2190 
3 1785 1816 2262 
3 2262 2231 1785 
3 2190 2231 2279 
3 2279 2271 2190 
3 2279 2262 2300 
3 2231 2262 2279 
3 2262 1914 2317 
3 1816 1914 2262 
3 2317 1924 2328 
3 1914 1924 2317 
3 2300 2317 2331 
3 2262 2317 2300 
3 995 2317 2328 
3 995 2331 2317 
3 995 1008 2331 
3 989 2279 1014 
3 2271 2279 989 
3 1014 2300 1023 
3 2279 2300 1014 
3 1023 2331 1026 
3 2300 2331 1023 
3 1026 2331 1008 
3 1028 1924 2161 
3 1028 1032 1924 
3 1032 2328 1924 
3 1028 2170 1058 
3 2161 2170 1028 
3 995 2328 1032 
3 1058 2170 980 
3 1635 2114 2343 
3 2343 2113 1635 
3 2343 2122 2375 
3 2114 2122 2343 
3 2113 2343 2382 
3 2382 2140 2113 
3 2382 2375 2389 
3 2343 2375 2382 
3 2375 2162 2410 
3 2122 2162 2375 
3 2410 2189 2421 
3 2162 2189 2410 
3 2375 2410 2424 
3 2424 2389 2375 
3 2424 2421 2427 
3 2410 2421 2424 
3 2140 2382 2449 
3 2449 2185 2140 
3 2449 2389 2473 
3 2382 2389 2449 
3 984 2449 1073 
3 2185 2449 984 
3 2449 2473 1099 
3 1099 1073 2449 
3 1111 2389 2424 
3 1111 1115 2389 
3 1115 2473 2389 
3 2424 2427 1117 
3 1117 1111 2424 
3 1099 2473 1115 
3 2421 2411 2515 
3 2189 2411 2421 
3 2515 2453 2527 
3 2411 2453 2515 
3 1120 2421 2515 
3 1120 1141 2421 
3 1141 2427 2421 
3 2515 2527 1161 
3 1161 1120 2515 
3 1166 1169 2517 
3 1169 2527 2517 
3 2527 2453 2517 
3 1166 2530 1174 
3 2517 2530 1166 
3 1161 2527 1169 
3 1117 2427 1141 
3 3791 3792 3847 
3 3847 3845 3791 
3 3849 3791 3845 
3 3793 3791 3849 
3 3792 3794 3851 
3 3851 3847 3792 
3 3851 3795 3852 
3 3794 3795 3851 
3 3795 3796 3854 
3 3854 3852 3795 
3 3856 3854 3896 
3 3854 3797 3896 
3 3854 3796 3797 
3 3896 3797 3798 
3 3896 3898 3858 
3 3858 3856 3896 
3 3896 3798 3800 
3 3800 3898 3896 
3 3858 3900 3859 
3 3898 3900 3858 
3 3900 3800 3801 
3 3898 3800 3900 
3 3859 3900 3860 
3 3861 3860 3802 
3 3860 3900 3802 
3 3900 3801 3802 
3 3805 3807 3863 
3 3863 3862 3805 
3 3861 3805 3862 
3 3802 3805 3861 
3 3807 3809 3864 
3 3864 3863 3807 
3 3809 3811 3865 
3 3865 3864 3809 
3 3866 3865 3904 
3 3865 3812 3904 
3 3865 3811 3812 
3 3906 3813 3814 
3 3905 3813 3906 
3 3907 3815 3816 
3 3868 3867 3907 
3 3867 3815 3907 
3 3867 3814 3815 
3 3867 3906 3814 
3 3908 3817 3818 
3 3870 3819 3908 
3 3819 3817 3908 
3 3870 3869 3819 
3 3869 3904 3819 
3 3872 3871 3905 
3 3871 3908 3905 
3 3908 3818 3905 
3 3818 3820 3905 
3 3870 3908 3871 
3 3866 3904 3869 
3 3905 3906 3873 
3 3873 3872 3905 
3 3873 3906 3867 
3 3909 3816 3821 
3 3907 3816 3909 
3 3907 3909 3874 
3 3874 3868 3907 
3 3909 3821 3822 
3 3875 3822 3823 
3 3875 3909 3822 
3 3875 3874 3909 
3 3876 3825 3877 
3 3824 3825 3876 
3 3825 3826 3878 
3 3878 3877 3825 
3 3879 3827 3910 
3 3879 3826 3827 
3 3879 3878 3826 
3 3910 3827 3828 
3 3879 3910 3880 
3 3881 3829 3911 
3 3881 3828 3829 
3 3881 3880 3828 
3 3880 3910 3828 
3 3881 3911 3882 
3 4006 4212 951 
3 4212 946 951 
3 4006 3939 4212 
3 951 1001 4039 
3 4039 4006 951 
3 1001 1015 4046 
3 4046 4039 1001 
3 3972 1036 4001 
3 1035 1036 3972 
3 4236 4225 4041 
3 4041 4050 4236 
3 4056 4236 4050 
3 1061 4225 4236 
3 1043 4225 1061 
3 4056 1061 4236 
3 4056 1068 1061 
3 4056 4075 1068 
3 4077 4243 4088 
3 4077 4001 4243 
3 4001 1036 4243 
3 1036 1086 4243 
3 4075 4243 1068 
3 4243 1092 1068 
3 4075 4088 4243 
3 4243 1086 1092 
3 4119 1097 4158 
3 1095 1097 4119 
3 4121 1095 4119 
3 1016 1095 4121 
3 1097 1035 3972 
3 3972 4158 1097 
3 4160 4245 4164 
3 3888 4247 3889 
3 3888 1122 4247 
3 3888 1116 1122 
3 3888 4245 1116 
3 3888 4164 4245 
3 4258 1130 1140 
3 3890 4258 3891 
3 3890 1130 4258 
3 3890 1144 1130 
3 3890 3892 1144 
3 4147 1140 1031 
3 4147 4165 1140 
3 4165 4258 1140 
3 3891 4258 4165 
3 3892 3894 1144 
3 3894 3893 1144 
3 3893 4247 1144 
3 4247 1154 1144 
3 3893 3889 4247 
3 4247 1122 1154 
3 4160 4177 4245 
3 4177 1189 4245 
3 4177 1177 1189 
3 1193 1177 4177 
3 4177 4179 1193 
3 4245 1189 1116 
3 4181 1193 4179 
3 1195 1193 4181 
3 957 1195 4181 
3 4181 4011 957 
3 3932 3916 4672 
3 4354 4715 4371 
3 4775 3971 3966 
3 4775 4000 4790 
3 3966 4000 4775 
3 4371 4715 4382 
3 4730 3971 4795 
3 3971 4775 4795 
3 4730 3959 3971 
3 4405 4464 4790 
3 4464 4775 4790 
3 4464 4795 4775 
3 4000 4017 4800 
3 4800 4790 4000 
3 4481 4490 4672 
3 4490 4017 4672 
3 4017 3932 4672 
3 4490 4800 4017 
3 4790 4800 4498 
3 4498 4405 4790 
3 4498 4800 4490 
3 4067 4045 4811 
3 4500 4505 4072 
3 4505 4672 4072 
3 4672 3916 4072 
3 4531 4500 4811 
3 4500 4067 4811 
3 4500 4072 4067 
3 4539 4547 4078 
3 4547 4811 4078 
3 4811 4045 4078 
3 4078 4116 4549 
3 4549 4539 4078 
3 4531 4811 4547 
3 4481 4672 4505 
3 4126 4124 4813 
3 4813 4133 4814 
3 4124 4133 4813 
3 4172 4170 4815 
3 4552 4576 4175 
3 4576 4133 4175 
3 4576 4814 4133 
3 4583 4172 4815 
3 4583 4552 4172 
3 4552 4175 4172 
3 4188 4187 4816 
3 4187 4189 4817 
3 4817 4816 4187 
3 4333 4189 3996 
3 4333 4589 4189 
3 4589 4817 4189 
3 4170 4190 4818 
3 4818 4815 4170 
3 4595 4188 4816 
3 4595 4597 4188 
3 4597 4190 4188 
3 4597 4818 4190 
3 4815 4818 4599 
3 4599 4583 4815 
3 4599 4818 4597 
3 4816 4817 4611 
3 4611 4595 4816 
3 4611 4817 4589 
3 4617 4126 4813 
3 4617 4116 4126 
3 4617 4549 4116 
3 4617 4814 4619 
3 4813 4814 4617 
3 4619 4814 4576 
3 4730 4795 4629 
3 4629 4520 4730 
3 4629 4795 4464 
3 4895 4874 4901 
3 4868 4874 4895 
3 4901 4906 4907 
3 4874 4906 4901 
3 4909 4901 4910 
3 4895 4901 4909 
3 4910 4907 4913 
3 4901 4907 4910 
3 4916 4919 4925 
3 4925 4922 4916 
3 4919 4909 4933 
3 4933 4925 4919 
3 4922 4925 4936 
3 4936 4935 4922 
3 4925 4933 4937 
3 4937 4936 4925 
3 4933 4910 4938 
3 4909 4910 4933 
3 4938 4913 4952 
3 4910 4913 4938 
3 4933 4938 4954 
3 4954 4937 4933 
3 4938 4952 4956 
3 4956 4954 4938 
3 4993 4986 4996 
3 4974 4986 4993 
3 4996 5002 5004 
3 4986 5002 4996 
3 5008 4996 5011 
3 4993 4996 5008 
3 5011 5004 5027 
3 4996 5004 5011 
3 5004 5031 5032 
3 5002 5031 5004 
3 5032 5034 5037 
3 5031 5034 5032 
3 5027 5032 5039 
3 5004 5032 5027 
3 5039 5037 5044 
3 5032 5037 5039 
3 5047 5011 5051 
3 5008 5011 5047 
3 5051 5027 5055 
3 5011 5027 5051 
3 5059 5051 5062 
3 5047 5051 5059 
3 5062 5055 5066 
3 5051 5055 5062 
3 5055 5039 5084 
3 5027 5039 5055 
3 5084 5044 5093 
3 5039 5044 5084 
3 5066 5084 5096 
3 5055 5084 5066 
3 5096 5093 5098 
3 5084 5093 5096 
3 5037 5100 5101 
3 5034 5100 5037 
3 5101 5103 5115 
3 5100 5103 5101 
3 5044 5101 5133 
3 5037 5101 5044 
3 5133 5115 5137 
3 5101 5115 5133 
3 5115 5139 5140 
3 5103 5139 5115 
3 5140 5142 5146 
3 5139 5142 5140 
3 5137 5140 5152 
3 5115 5140 5137 
3 5152 5146 5156 
3 5140 5146 5152 
3 5093 5133 5160 
3 5044 5133 5093 
3 5160 5137 5162 
3 5133 5137 5160 
3 5098 5160 5165 
3 5093 5160 5098 
3 5165 5162 5168 
3 5160 5162 5165 
3 5162 5152 5171 
3 5137 5152 5162 
3 5171 5156 5174 
3 5152 5156 5171 
3 5168 5171 5177 
3 5162 5171 5168 
3 5171 5174 3755 
3 3755 5177 5171 
3 5059 5062 5181 
3 5181 5179 5059 
3 5062 5066 5196 
3 5196 5181 5062 
3 5179 5181 5202 
3 5202 5200 5179 
3 5181 5196 5204 
3 5204 5202 5181 
3 5066 5096 5207 
3 5207 5196 5066 
3 5096 5098 5209 
3 5209 5207 5096 
3 5196 5207 5211 
3 5211 5204 5196 
3 5207 5209 3617 
3 3617 5211 5207 
3 3360 3329 5202 
3 3329 5200 5202 
3 3329 3315 5200 
3 3436 3423 5204 
3 3423 5202 5204 
3 3423 3360 5202 
3 3482 3473 5211 
3 3473 5204 5211 
3 3473 3436 5204 
3 3555 3527 3623 
3 3527 5211 3623 
3 5211 3617 3623 
3 3527 3482 5211 
3 5098 5165 5215 
3 5215 5209 5098 
3 5165 5168 3572 
3 3572 5215 5165 
3 3645 3619 5215 
3 3619 5209 5215 
3 3619 3617 5209 
3 3591 3668 3579 
3 3668 5215 3579 
3 5215 3572 3579 
3 3668 3645 5215 
3 3583 3576 5177 
3 3576 5168 5177 
3 3576 3572 5168 
3 3605 3599 3759 
3 3599 5177 3759 
3 5177 3755 3759 
3 3599 3583 5177 
3 5146 5220 5222 
3 5142 5220 5146 
3 5220 5225 5226 
3 5226 5222 5220 
3 5146 5222 5227 
3 5227 5156 5146 
3 5222 5226 5228 
3 5228 5227 5222 
3 5225 5230 5231 
3 5231 5226 5225 
3 5230 4935 5235 
3 5235 5231 5230 
3 5226 5231 5237 
3 5237 5228 5226 
3 5237 5235 5240 
3 5231 5235 5237 
3 5156 5227 5242 
3 5242 5174 5156 
3 5227 5228 5243 
3 5243 5242 5227 
3 3762 3757 5242 
3 3757 5174 5242 
3 3757 3755 5174 
3 3770 3768 5243 
3 3768 5242 5243 
3 3768 3762 5242 
3 5243 5237 5244 
3 5228 5237 5243 
3 5244 5240 3690 
3 5237 5240 5244 
3 3784 3782 5244 
3 3782 5243 5244 
3 3782 3770 5243 
3 3294 3788 3693 
3 3788 5244 3693 
3 5244 3690 3693 
3 3788 3784 5244 
3 5235 4936 5252 
3 4935 4936 5235 
3 5252 4937 5257 
3 4936 4937 5252 
3 5240 5252 5262 
3 5235 5252 5240 
3 5262 5257 5264 
3 5252 5257 5262 
3 5257 4954 5266 
3 4937 4954 5257 
3 4954 4956 4967 
3 4967 5266 4954 
3 5264 5266 3732 
3 5257 5266 5264 
3 3549 3736 4967 
3 3736 5266 4967 
3 3736 3732 5266 
3 3702 3691 5262 
3 3691 5240 5262 
3 3691 3690 5240 
3 3712 3708 5264 
3 3708 5262 5264 
3 3708 3702 5262 
3 3742 3746 3738 
3 3746 5264 3738 
3 5264 3732 3738 
3 3746 3712 5264 
3 5747 6016 5758 
3 6064 6016 5747 
3 5747 5781 6064 
3 6071 6064 5781 
3 5781 5799 6071 
3 5529 5555 5833 
3 5846 6071 5799 
3 6105 6071 5846 
3 5846 5833 6105 
3 5833 5575 6105 
3 5575 5591 6105 
3 5833 5555 5575 
3 5934 6087 5838 
3 6126 6087 5934 
3 5934 5945 6126 
3 5593 6126 5945 
3 5945 5958 5593 
3 5963 6009 5965 
3 6019 6009 5963 
3 5963 5970 6019 
3 6030 6019 5970 
3 5970 5854 6030 
3 5536 5972 5564 
3 5972 5624 5564 
3 5624 5571 5564 
3 5972 5629 5624 
3 5972 5965 5629 
3 5965 6009 5629 
3 6009 5641 5629 
3 5597 5589 5631 
3 5589 5602 5631 
3 5602 5624 5631 
3 5602 5571 5624 
3 5589 5585 5602 
3 5744 5730 7566 
3 7566 5762 7573 
3 5730 5762 7566 
3 5788 5774 7658 
3 7658 5794 7662 
3 5774 5794 7658 
3 7683 5788 7658 
3 7683 5762 5788 
3 7683 7573 5762 
3 7683 7662 7692 
3 7658 7662 7683 
3 5832 5816 7703 
3 5816 5845 7711 
3 7711 7703 5816 
3 5845 5855 7724 
3 7724 7711 5845 
3 5794 5862 7769 
3 7769 7662 5794 
3 7780 5832 7703 
3 7780 5862 5832 
3 7780 7769 5862 
3 7692 7769 7792 
3 7662 7769 7692 
3 7769 7780 7808 
3 7808 7792 7769 
3 7780 7711 7819 
3 7703 7711 7780 
3 7711 7724 7821 
3 7821 7819 7711 
3 7780 7819 7861 
3 7861 7808 7780 
3 7819 7821 7867 
3 7867 7861 7819 
3 5886 5881 7870 
3 5881 5908 7917 
3 7917 7870 5881 
3 7923 5886 7870 
3 7923 5855 5886 
3 7923 7724 5855 
3 7870 7917 7930 
3 7930 7923 7870 
3 6986 5908 6975 
3 5908 5513 6975 
3 6986 7917 5908 
3 7042 7930 7029 
3 7930 7917 7029 
3 7917 6986 7029 
3 7821 7923 7935 
3 7724 7923 7821 
3 7935 7930 7109 
3 7923 7930 7935 
3 7867 7935 7957 
3 7821 7935 7867 
3 7294 7957 6890 
3 7957 7121 6890 
3 7957 7935 7121 
3 7935 7109 7121 
3 7080 7116 7064 
3 7116 7930 7064 
3 7930 7042 7064 
3 7116 7109 7930 
3 644 687 638 
3 693 687 644 
3 659 693 644 
3 695 693 659 
3 45 687 693 
3 40 687 45 
3 45 693 695 
3 695 49 45 
3 1268 1220 1278 
3 1212 1220 1268 
3 1278 1315 1331 
3 1220 1315 1278 
3 1268 1278 1357 
3 1357 1347 1268 
3 1278 1331 1376 
3 1376 1357 1278 
3 1315 1404 1415 
3 1415 1331 1315 
3 1415 1494 1534 
3 1404 1494 1415 
3 1376 1415 1542 
3 1331 1415 1376 
3 1542 1534 1565 
3 1415 1534 1542 
3 1660 1628 1691 
3 1616 1628 1660 
3 1691 1700 1718 
3 1628 1700 1691 
3 1494 1691 1727 
3 1660 1691 1494 
3 1727 1718 1739 
3 1691 1718 1727 
3 1718 1752 1758 
3 1700 1752 1718 
3 1758 1760 1762 
3 1752 1760 1758 
3 1718 1758 1772 
3 1772 1739 1718 
3 1758 1762 1773 
3 1773 1772 1758 
3 1534 1727 1791 
3 1494 1727 1534 
3 1791 1739 2230 
3 1727 1739 1791 
3 1565 1791 2267 
3 1534 1791 1565 
3 923 925 2230 
3 925 2267 2230 
3 2267 1791 2230 
3 2230 1772 2278 
3 1739 1772 2230 
3 2278 1773 2292 
3 1772 1773 2278 
3 923 2278 976 
3 2230 2278 923 
3 2278 2292 998 
3 998 976 2278 
3 2386 2342 2437 
3 2333 2342 2386 
3 2342 2451 2475 
3 2475 2437 2342 
3 2386 2437 2557 
3 2557 2511 2386 
3 2557 2475 2565 
3 2437 2475 2557 
3 2475 2567 2574 
3 2451 2567 2475 
3 2574 1285 1500 
3 2567 1285 2574 
3 2565 2574 2580 
3 2475 2574 2565 
3 2574 1500 1546 
3 1546 2580 2574 
3 2623 2630 2717 
3 2717 2655 2623 
3 2630 2735 2745 
3 2745 2717 2630 
3 2785 2717 2802 
3 2655 2717 2785 
3 2717 2745 2807 
3 2807 2802 2717 
3 2745 2814 2816 
3 2735 2814 2745 
3 2816 2511 2818 
3 2814 2511 2816 
3 2745 2816 2827 
3 2827 2807 2745 
3 2827 2818 2849 
3 2816 2818 2827 
3 2861 2802 2871 
3 2785 2802 2861 
3 2871 2807 2877 
3 2802 2807 2871 
3 2861 2871 1231 
3 1231 1222 2861 
3 1231 2877 1254 
3 2871 2877 1231 
3 2807 2827 2880 
3 2880 2877 2807 
3 2827 2849 2883 
3 2883 2880 2827 
3 1254 2880 1318 
3 2877 2880 1254 
3 2880 2883 1361 
3 1361 1318 2880 
3 2818 2557 2886 
3 2511 2557 2818 
3 2557 2565 2916 
3 2916 2886 2557 
3 2849 2886 2923 
3 2818 2886 2849 
3 2886 2916 2929 
3 2929 2923 2886 
3 2916 2580 2932 
3 2565 2580 2916 
3 2932 1546 1951 
3 2580 1546 2932 
3 2929 2932 2967 
3 2916 2932 2929 
3 2967 1951 2009 
3 2932 1951 2967 
3 2849 2923 3007 
3 3007 2883 2849 
3 2923 2929 3014 
3 3014 3007 2923 
3 1361 3007 1721 
3 2883 3007 1361 
3 1721 3014 1756 
3 3007 3014 1721 
3 2929 2967 3050 
3 3050 3014 2929 
3 3050 2009 2306 
3 2967 2009 3050 
3 1756 3050 1834 
3 3014 3050 1756 
3 3050 2306 1639 
3 1639 1834 3050 
3 3056 3063 3088 
3 3088 3081 3056 
3 3088 3107 3112 
3 3063 3107 3088 
3 3028 3088 3115 
3 3081 3088 3028 
3 3088 3112 3121 
3 3121 3115 3088 
3 3107 3125 3128 
3 3128 3112 3107 
3 3128 3135 3160 
3 3125 3135 3128 
3 3121 3128 3164 
3 3112 3128 3121 
3 3164 3160 3166 
3 3128 3160 3164 
3 3035 3115 3168 
3 3028 3115 3035 
3 3168 3121 3176 
3 3115 3121 3168 
3 3035 3168 3177 
3 3177 1760 3035 
3 3168 3176 3183 
3 3183 3177 3168 
3 3176 3164 3194 
3 3121 3164 3176 
3 3164 3166 3197 
3 3197 3194 3164 
3 3183 3194 3201 
3 3176 3194 3183 
3 3201 3197 3203 
3 3194 3197 3201 
3 3160 3205 3207 
3 3135 3205 3160 
3 3205 3209 3210 
3 3210 3207 3205 
3 3160 3207 3212 
3 3212 3166 3160 
3 3212 3210 116 
3 3207 3210 3212 
3 3210 3214 3216 
3 3209 3214 3210 
3 3216 1222 1243 
3 3214 1222 3216 
3 129 121 3216 
3 121 3210 3216 
3 121 116 3210 
3 184 160 1243 
3 160 3216 1243 
3 160 129 3216 
3 3166 3212 3217 
3 3217 3197 3166 
3 153 3217 126 
3 3217 3212 126 
3 3212 116 126 
3 3203 3217 3218 
3 3197 3217 3203 
3 195 3218 191 
3 3218 3217 191 
3 3217 153 191 
3 1760 3177 3219 
3 3219 1762 1760 
3 3219 3183 3220 
3 3177 3183 3219 
3 1773 3219 3221 
3 1762 3219 1773 
3 3219 3220 3222 
3 3222 3221 3219 
3 3183 3201 3223 
3 3223 3220 3183 
3 3223 3203 3224 
3 3201 3203 3223 
3 3222 3223 3225 
3 3220 3223 3222 
3 3225 3224 3226 
3 3223 3224 3225 
3 1773 3221 3227 
3 3227 2292 1773 
3 3227 3222 3228 
3 3221 3222 3227 
3 998 3227 1030 
3 2292 3227 998 
3 3227 3228 1037 
3 1037 1030 3227 
3 3228 3225 3229 
3 3222 3225 3228 
3 1078 3225 3226 
3 1078 1128 3225 
3 1128 3229 3225 
3 3228 3229 1133 
3 1133 1037 3228 
3 1133 3229 1128 
3 3224 3218 3230 
3 3203 3218 3224 
3 3230 195 3231 
3 3218 195 3230 
3 3226 3230 3232 
3 3224 3230 3226 
3 3232 3231 3233 
3 3230 3231 3232 
3 3235 201 205 
3 3235 3231 201 
3 3231 195 201 
3 977 1136 225 
3 1136 222 225 
3 1136 3235 222 
3 3235 205 222 
3 1138 3231 3235 
3 1138 3233 3231 
3 1138 1146 3233 
3 1138 3235 1136 
3 3226 3232 1156 
3 1156 1078 3226 
3 1156 3233 1158 
3 3232 3233 1156 
3 1158 3233 1146 
3 3324 3105 3118 
3 3324 3293 3105 
3 3293 2860 3105 
3 3333 3138 3145 
3 3333 3324 3138 
3 3324 3118 3138 
3 3352 3134 3341 
3 3134 3047 3341 
3 3352 3145 3134 
3 3352 3372 3401 
3 3341 3372 3352 
3 3145 3352 3421 
3 3421 3333 3145 
3 3421 3401 3448 
3 3352 3401 3421 
3 3460 3167 2669 
3 3460 2420 3167 
3 2420 2417 3167 
3 3460 2446 2420 
3 3462 2683 2691 
3 3462 3460 2683 
3 3460 2669 2683 
3 3468 2752 2759 
3 3468 3462 2752 
3 3462 2691 2752 
3 3481 2425 2446 
3 3481 3424 2425 
3 3424 2422 2425 
3 2446 3460 3492 
3 3492 3481 2446 
3 3424 3481 3496 
3 3496 3430 3424 
3 3481 3492 3499 
3 3499 3496 3481 
3 3460 3462 3502 
3 3502 3492 3460 
3 3502 3468 3504 
3 3462 3468 3502 
3 3492 3502 3507 
3 3507 3499 3492 
3 3502 3504 3510 
3 3510 3507 3502 
3 3517 2393 2408 
3 3517 2730 2393 
3 2730 1364 2393 
3 3517 2759 2730 
3 3519 2466 2485 
3 3519 3517 2466 
3 3517 2408 2466 
3 2759 3517 3523 
3 3523 3468 2759 
3 3523 3519 3541 
3 3517 3519 3523 
3 3519 3458 3565 
3 2485 3458 3519 
3 3458 3464 3571 
3 3571 3565 3458 
3 3541 3565 3573 
3 3519 3565 3541 
3 3573 3571 3578 
3 3565 3571 3573 
3 3504 3523 3582 
3 3468 3523 3504 
3 3582 3541 3615 
3 3523 3541 3582 
3 3510 3582 3618 
3 3504 3582 3510 
3 3582 3615 3622 
3 3622 3618 3582 
3 3464 3490 3626 
3 3626 3571 3464 
3 3626 3494 3633 
3 3490 3494 3626 
3 3571 3626 3634 
3 3634 3578 3571 
3 3626 3633 3636 
3 3636 3634 3626 
3 3494 3503 3639 
3 3639 3633 3494 
3 3639 3293 3641 
3 3503 3293 3639 
3 3636 3639 3642 
3 3633 3639 3636 
3 3642 3641 3644 
3 3639 3641 3642 
3 3641 3324 3646 
3 3293 3324 3641 
3 3646 3333 3657 
3 3324 3333 3646 
3 3644 3646 3660 
3 3641 3646 3644 
3 3660 3657 3662 
3 3646 3657 3660 
3 3657 3421 3664 
3 3333 3421 3657 
3 3664 3448 3678 
3 3421 3448 3664 
3 3662 3664 3704 
3 3657 3664 3662 
3 3704 3678 3710 
3 3664 3678 3704 
3 3713 3264 3265 
3 3713 3267 3264 
3 3267 3261 3264 
3 3713 3269 3267 
3 3717 3272 3273 
3 3717 3713 3272 
3 3713 3265 3272 
3 3493 3276 3277 
3 3493 3717 3276 
3 3717 3273 3276 
3 3720 2430 2431 
3 3720 3372 2430 
3 3372 2418 2430 
3 3730 2457 2464 
3 3730 3720 2457 
3 3720 2431 2457 
3 3733 3236 3237 
3 3733 2452 3236 
3 2452 2450 3236 
3 3733 2464 2452 
3 3734 3240 3241 
3 3734 3733 3240 
3 3733 3237 3240 
3 3730 3733 3735 
3 2464 3733 3730 
3 3735 3734 3737 
3 3733 3734 3735 
3 3372 3720 3740 
3 3740 3401 3372 
3 3720 3730 3741 
3 3741 3740 3720 
3 3448 3740 3743 
3 3401 3740 3448 
3 3743 3741 3745 
3 3740 3741 3743 
3 3730 3735 3748 
3 3748 3741 3730 
3 3735 3737 3750 
3 3750 3748 3735 
3 3745 3748 3751 
3 3741 3748 3745 
3 3751 3750 3753 
3 3748 3750 3751 
3 3754 3268 3269 
3 3754 3734 3268 
3 3734 3241 3268 
3 3269 3713 3756 
3 3756 3754 3269 
3 3737 3754 3758 
3 3734 3754 3737 
3 3758 3756 3761 
3 3754 3756 3758 
3 3756 3717 3764 
3 3713 3717 3756 
3 3764 3493 3505 
3 3717 3493 3764 
3 3761 3764 3766 
3 3756 3764 3761 
3 3766 3505 3532 
3 3764 3505 3766 
3 3771 2912 2922 
3 3771 2792 2912 
3 2792 2725 2912 
3 3771 2837 2792 
3 3355 2976 2978 
3 3355 3771 2976 
3 3771 2922 2976 
3 3774 2773 2778 
3 3774 3275 2773 
3 3275 2765 2773 
3 3774 3277 3275 
3 3775 2811 2837 
3 3775 3774 2811 
3 3774 2778 2811 
3 3277 3774 3497 
3 3497 3493 3277 
3 3774 3775 3520 
3 3520 3497 3774 
3 2837 3771 3778 
3 3778 3775 2837 
3 3778 3355 3365 
3 3771 3355 3778 
3 3520 3778 3781 
3 3775 3778 3520 
3 3781 3365 3399 
3 3778 3365 3781 
3 3288 1663 1686 
3 3288 3009 1663 
3 3009 1576 1663 
3 3288 3015 3009 
3 3361 3013 3015 
3 3361 3355 3013 
3 3355 2978 3013 
3 3015 3288 3335 
3 3335 3361 3015 
3 980 975 4209 
3 975 984 4216 
3 4216 4209 975 
3 1008 995 3916 
3 3916 3932 1008 
3 3966 3971 1014 
3 3971 4217 1014 
3 4217 989 1014 
3 1014 1023 4000 
3 4000 3966 1014 
3 3959 4217 3971 
3 4000 1026 4017 
3 1023 1026 4000 
3 4017 1008 3932 
3 1026 1008 4017 
3 1032 1028 4239 
3 4045 1028 1058 
3 4045 4239 1028 
3 4045 4067 4239 
3 4072 3916 4239 
3 3916 995 4239 
3 995 1032 4239 
3 4072 4239 4067 
3 4078 980 4209 
3 4078 4045 980 
3 4045 1058 980 
3 4078 4216 4116 
3 4209 4216 4078 
3 4124 4126 1073 
3 4126 4216 1073 
3 4216 984 1073 
3 1073 1099 4133 
3 4133 4124 1073 
3 1115 1111 4256 
3 4170 1111 1117 
3 4170 4256 1111 
3 4170 4172 4256 
3 4175 4133 4256 
3 4133 1115 4256 
3 4133 1099 1115 
3 4175 4256 4172 
3 1141 1120 4268 
3 4187 4188 1161 
3 4188 1120 1161 
3 4188 4268 1120 
3 1169 1166 4272 
3 1166 1174 4230 
3 4230 4272 1166 
3 4189 1161 4272 
3 1161 1169 4272 
3 4189 4187 1161 
3 4272 4230 3996 
3 3996 4189 4272 
3 4190 4170 4268 
3 4170 1141 4268 
3 4170 1117 1141 
3 4190 4268 4188 
3 4116 4216 4126 
3 4381 4707 4367 
3 4402 4707 4381 
3 4367 4707 4426 
3 4460 4715 4354 
3 4426 4707 4402 
3 3924 3920 4723 
3 4382 4715 4460 
3 4730 3920 3959 
3 4723 3920 4730 
3 4501 4739 4483 
3 4508 4007 3979 
3 4508 4483 4007 
3 4483 4739 4007 
3 4510 4064 4723 
3 4064 3924 4723 
3 4510 4517 4064 
3 4723 4730 4520 
3 4520 4510 4723 
3 3979 4064 4517 
3 4517 4508 3979 
3 4525 4739 4501 
3 4525 4007 4739 
3 4525 4071 4007 
3 4525 4528 4071 
3 4091 4071 4528 
3 4528 4548 4091 
3 4555 4091 4548 
3 4120 4091 4555 
3 4130 4120 4555 
3 4555 4557 4130 
3 4140 4130 4557 
3 4557 4582 4140 
3 4582 4769 4140 
3 4769 4168 4140 
3 4582 4592 4769 
3 4173 4168 4769 
3 4379 4769 4592 
3 4670 4769 4379 
3 3846 4769 4670 
3 4173 4769 3846 
3 4866 3557 3559 
3 4866 3537 3557 
3 3537 3488 3557 
3 4866 3543 3537 
3 4878 3567 3577 
3 4878 4866 3567 
3 4866 3559 3567 
3 4884 3337 4889 
3 4872 3337 4884 
3 3592 4889 3581 
3 4889 3368 3581 
3 3368 3388 3581 
3 4889 3337 3368 
3 4884 4889 4946 
3 4946 4941 4884 
3 4946 3592 4958 
3 4889 3592 4946 
3 3656 4958 3650 
3 4958 3594 3650 
3 3594 3597 3650 
3 4958 3592 3594 
3 4941 4946 4973 
3 4973 4968 4941 
3 4946 4958 4978 
3 4978 4973 4946 
3 4968 4973 4989 
3 4989 4982 4968 
3 4973 4978 4992 
3 4992 4989 4973 
3 4958 3656 5000 
3 5000 4978 4958 
3 5006 3669 3670 
3 5006 5000 3669 
3 5000 3656 3669 
3 4978 5000 5012 
3 5012 4992 4978 
3 5000 5006 5014 
3 5014 5012 5000 
3 5015 3670 3684 
3 3670 3682 3684 
3 5015 5006 3670 
3 5017 5015 3692 
3 5015 3684 3692 
3 3684 3689 3692 
3 5006 5015 5036 
3 5036 5014 5006 
3 5036 5017 5040 
3 5015 5017 5036 
3 5048 3700 3701 
3 5048 5017 3700 
3 5017 3692 3700 
3 5054 3706 3378 
3 5054 5048 3706 
3 5048 3701 3706 
3 5017 5048 5056 
3 5056 5040 5017 
3 5048 5054 5057 
3 5057 5056 5048 
3 4982 4989 5068 
3 5068 5060 4982 
3 4989 4992 5071 
3 5071 5068 4989 
3 5060 5068 4821 
3 4821 4819 5060 
3 5068 5071 4822 
3 4822 4821 5068 
3 4992 5012 5076 
3 5076 5071 4992 
3 5012 5014 5080 
3 5080 5076 5012 
3 4824 5076 5082 
3 4824 4822 5076 
3 4822 5071 5076 
3 5076 5080 5097 
3 5097 5082 5076 
3 4824 5082 4828 
3 5082 5097 4830 
3 4830 4828 5082 
3 5014 5036 5112 
3 5112 5080 5014 
3 5036 5040 5117 
3 5117 5112 5036 
3 5080 5112 5119 
3 5119 5097 5080 
3 5112 5117 5121 
3 5121 5119 5112 
3 5040 5056 5122 
3 5122 5117 5040 
3 5056 5057 5136 
3 5136 5122 5056 
3 5121 5122 5141 
3 5117 5122 5121 
3 5122 5136 5144 
3 5144 5141 5122 
3 5097 5119 4832 
3 4832 4830 5097 
3 4832 5121 4833 
3 5119 5121 4832 
3 4833 5141 4835 
3 5121 5141 4833 
3 4835 5144 4837 
3 5141 5144 4835 
3 5148 3725 3425 
3 5148 3345 3725 
3 3345 3316 3725 
3 5148 3384 3345 
3 5151 3381 3383 
3 5151 3415 3381 
3 3415 3356 3381 
3 5151 3440 3415 
3 5154 3434 3440 
3 5154 5148 3434 
3 5148 3425 3434 
3 5154 5151 5158 
3 3440 5151 5154 
3 5161 3382 3384 
3 5161 5054 3382 
3 5054 3378 3382 
3 3384 5148 5163 
3 5163 5161 3384 
3 5054 5161 5164 
3 5164 5057 5054 
3 5161 5163 5167 
3 5167 5164 5161 
3 5148 5154 5169 
3 5169 5163 5148 
3 5154 5158 5170 
3 5170 5169 5154 
3 5163 5169 5173 
3 5173 5167 5163 
3 5169 5170 5188 
3 5188 5173 5169 
3 5191 3506 3512 
3 5191 5151 3506 
3 5151 3383 3506 
3 5193 3540 3543 
3 5193 5191 3540 
3 5191 3512 3540 
3 5158 5191 5194 
3 5151 5191 5158 
3 5191 5193 5197 
3 5197 5194 5191 
3 5193 4866 5199 
3 3543 4866 5193 
3 5199 4878 4940 
3 4866 4878 5199 
3 5193 5199 5201 
3 5201 5197 5193 
3 5199 4940 4949 
3 4949 5201 5199 
3 5158 5194 5205 
3 5205 5170 5158 
3 5194 5197 5206 
3 5206 5205 5194 
3 5170 5205 5208 
3 5208 5188 5170 
3 5205 5206 4861 
3 4861 5208 5205 
3 5197 5201 5210 
3 5210 5206 5197 
3 5201 4949 4994 
3 4994 5210 5201 
3 5206 5210 4867 
3 4867 4861 5206 
3 5210 4994 4880 
3 4880 4867 5210 
3 5057 5164 5212 
3 5212 5136 5057 
3 5164 5167 5213 
3 5213 5212 5164 
3 5136 5212 5214 
3 5214 5144 5136 
3 5212 5213 5217 
3 5217 5214 5212 
3 5167 5173 5221 
3 5221 5213 5167 
3 5173 5188 5223 
3 5223 5221 5173 
3 5213 5221 5233 
3 5233 5217 5213 
3 5221 5223 4885 
3 4885 5233 5221 
3 5144 5214 4839 
3 4839 4837 5144 
3 5214 5217 4840 
3 4840 4839 5214 
3 5217 5233 4841 
3 4841 4840 5217 
3 5233 4885 4838 
3 4838 4841 5233 
3 5188 5208 5238 
3 5238 5223 5188 
3 5208 4861 4869 
3 4869 5238 5208 
3 5223 5238 4887 
3 4887 4885 5223 
3 4826 4887 4869 
3 4887 5238 4869 
3 4826 4843 4887 
3 6023 6033 6047 
3 6047 6034 6023 
3 6047 6063 6125 
3 6033 6063 6047 
3 4459 6047 4449 
3 4459 6034 6047 
3 4459 6140 6034 
3 4506 6047 6125 
3 4449 6047 4506 
3 6125 6169 6176 
3 6063 6169 6125 
3 6169 6184 6219 
3 6219 6176 6169 
3 4506 6125 6176 
3 6176 4513 4506 
3 4513 6176 6219 
3 6219 4518 4513 
3 4524 6259 6274 
3 6274 4551 4524 
3 4559 6274 6286 
3 4551 6274 4559 
3 6302 4574 6293 
3 4574 4559 6293 
3 4559 6286 6293 
3 4602 6293 4593 
3 6293 6140 4593 
3 4602 6302 6293 
3 4621 4574 6302 
3 6302 4602 4621 
3 6140 4459 4593 
3 6362 6338 6371 
3 6174 6338 6362 
3 6338 6357 6390 
3 6390 6371 6338 
3 6362 6371 6396 
3 6396 6184 6362 
3 6396 6390 6405 
3 6371 6390 6396 
3 6390 6382 6443 
3 6357 6382 6390 
3 6443 6414 6509 
3 6382 6414 6443 
3 6390 6443 6558 
3 6558 6405 6390 
3 4640 6443 4638 
3 6443 6509 4638 
3 4640 6558 6443 
3 6219 6396 6569 
3 6184 6396 6219 
3 6569 6405 6574 
3 6396 6405 6569 
3 4643 6219 6569 
3 4518 6219 4643 
3 4643 6569 6574 
3 6574 4646 4643 
3 6405 6558 6582 
3 6582 6574 6405 
3 6582 4640 4648 
3 6558 4640 6582 
3 4651 6574 6582 
3 4646 6574 4651 
3 6582 4648 4651 
3 6414 6544 6593 
3 6593 6509 6414 
3 4657 6544 4655 
3 6544 6561 4655 
3 4657 6593 6544 
3 4659 6509 6593 
3 4638 6509 4659 
3 6593 4657 4659 
3 6561 4337 4655 
3 5780 6138 5787 
3 5810 6608 5818 
3 6627 6608 5810 
3 5810 5820 6627 
3 6049 6627 5820 
3 5820 5759 6049 
3 6647 6082 5824 
3 5824 5826 6647 
3 5826 6652 6647 
3 5826 5818 6652 
3 5818 6608 6652 
3 6082 6647 6688 
3 6688 6137 6082 
3 6688 6652 6703 
3 6647 6652 6688 
3 6652 6627 6727 
3 6608 6627 6652 
3 6627 6049 6229 
3 6229 6727 6627 
3 6703 6727 6741 
3 6652 6727 6703 
3 6727 6229 6253 
3 6253 6741 6727 
3 5778 5731 7559 
3 7568 5802 7569 
3 5784 5802 7568 
3 7570 5778 7559 
3 7570 5802 5778 
3 7570 7569 5802 
3 5731 5843 7593 
3 7593 7559 5731 
3 7593 5851 7602 
3 5843 5851 7593 
3 7570 7593 7641 
3 7559 7593 7570 
3 7593 7602 7648 
3 7648 7641 7593 
3 7568 7569 7652 
3 7652 7650 7568 
3 7652 7570 7654 
3 7569 7570 7652 
3 7608 7652 7613 
3 7650 7652 7608 
3 7613 7654 7627 
3 7652 7654 7613 
3 7654 7641 7672 
3 7570 7641 7654 
3 7641 7648 7680 
3 7680 7672 7641 
3 7654 7672 7504 
3 7504 7627 7654 
3 7508 7505 7680 
3 7505 7672 7680 
3 7505 7504 7672 
3 5851 5858 7688 
3 7688 7602 5851 
3 5858 5860 7695 
3 7695 7688 5858 
3 7648 7688 7767 
3 7602 7688 7648 
3 7767 7695 7778 
3 7688 7695 7767 
3 7695 5863 7794 
3 5860 5863 7695 
3 7794 5863 5893 
3 7778 7794 7806 
3 7695 7794 7778 
3 7815 7806 5899 
3 7806 5893 5899 
3 7806 7794 5893 
3 7680 7767 7833 
3 7648 7767 7680 
3 7767 7778 7839 
3 7839 7833 7767 
3 7508 7833 7846 
3 7680 7833 7508 
3 7846 7839 7863 
3 7833 7839 7846 
3 7778 7806 7884 
3 7884 7839 7778 
3 7806 7815 7918 
3 7918 7884 7806 
3 7863 7884 7925 
3 7839 7884 7863 
3 7925 7918 7571 
3 7884 7918 7925 
3 7815 5899 5903 
3 7918 5903 5924 
3 7815 5903 7918 
3 7574 7571 5952 
3 7571 5924 5952 
3 7571 7918 5924 
3 7574 5952 5763 
3 5953 5954 7948 
3 7948 7282 5953 
3 7954 5915 7622 
3 7954 7948 5915 
3 7948 5954 5915 
3 7021 6992 7948 
3 6992 7283 7948 
3 7283 7282 7948 
3 6992 6989 7283 
3 7948 7954 7958 
3 7958 7021 7948 
3 7954 7635 7971 
3 7622 7635 7954 
3 7635 7660 8001 
3 8001 7971 7635 
3 7954 7971 8017 
3 8017 7958 7954 
3 8017 8001 8029 
3 7971 8001 8017 
3 8036 7026 7958 
3 7026 7021 7958 
3 8036 7045 7026 
3 8038 6898 8036 
3 6898 7045 8036 
3 6898 7063 7045 
3 8038 7322 6898 
3 8036 8017 8047 
3 7958 8017 8036 
3 8017 8029 8052 
3 8052 8047 8017 
3 8038 8047 8056 
3 8036 8047 8038 
3 8047 8052 8063 
3 8063 8056 8047 
3 8001 7729 8076 
3 7660 7729 8001 
3 7729 7757 8092 
3 8092 8076 7729 
3 8001 8076 8119 
3 8119 8029 8001 
3 8076 8092 8136 
3 8136 8119 8076 
3 8092 7786 8145 
3 7757 7786 8092 
3 8145 7608 7619 
3 7786 7608 8145 
3 8092 8145 8152 
3 8152 8136 8092 
3 8152 7619 7678 
3 8145 7619 8152 
3 8029 8119 8172 
3 8172 8052 8029 
3 8119 8136 8178 
3 8178 8172 8119 
3 8063 8172 8235 
3 8052 8172 8063 
3 8235 8178 8239 
3 8172 8178 8235 
3 8136 8152 8253 
3 8253 8178 8136 
3 8152 7678 7708 
3 7708 8253 8152 
3 8178 8253 8262 
3 8262 8239 8178 
3 8262 7708 7762 
3 8253 7708 8262 
3 7327 7317 7322 
3 7327 7417 7317 
3 7417 7293 7317 
3 7327 7424 7417 
3 7345 7330 8038 
3 7330 7322 8038 
3 7330 7327 7322 
3 7351 7612 7334 
3 7612 7424 7334 
3 7424 7327 7334 
3 7368 7361 8056 
3 7361 8038 8056 
3 7361 7345 8038 
3 7403 7398 8063 
3 7398 8056 8063 
3 7398 7368 8056 
3 7436 7669 7425 
3 7669 7612 7425 
3 7612 7351 7425 
3 7669 7436 8102 
3 8102 7676 7669 
3 8115 7466 7468 
3 8115 8102 7466 
3 8102 7436 7466 
3 8155 7475 7476 
3 8155 8115 7475 
3 8115 7468 7475 
3 7102 8155 7088 
3 8155 7479 7088 
3 7479 6912 7088 
3 6912 7066 7088 
3 8155 7476 7479 
3 8063 8235 8271 
3 8271 7403 8063 
3 8235 8239 8275 
3 8275 8271 8235 
3 7486 7481 8271 
3 7481 7405 8271 
3 7405 7403 8271 
3 7481 7410 7405 
3 7503 7502 8275 
3 7502 8271 8275 
3 7502 7486 8271 
3 8275 8262 8281 
3 8239 8262 8275 
3 8281 7762 7984 
3 8262 7762 8281 
3 8275 8281 7548 
3 7548 7503 8275 
3 7548 7984 7576 
3 8281 7984 7548 
3 27 115 30 
3 31 120 124 
3 31 30 120 
3 30 115 120 
3 124 130 32 
3 32 31 124 
3 130 131 33 
3 33 32 130 
3 131 133 35 
3 35 33 131 
3 36 134 37 
3 36 135 134 
3 36 133 135 
3 36 35 133 
3 37 134 38 
3 41 135 137 
3 41 38 135 
3 38 134 135 
3 133 140 144 
3 144 135 133 
3 144 147 149 
3 140 147 144 
3 135 144 152 
3 152 137 135 
3 152 149 155 
3 144 149 152 
3 46 159 52 
3 54 159 46 
3 57 162 60 
3 61 162 57 
3 52 159 62 
3 62 159 54 
3 60 162 74 
3 74 162 61 
3 43 168 81 
3 81 168 51 
3 84 175 86 
3 88 175 84 
3 86 175 90 
3 90 175 88 
3 41 137 94 
3 96 182 97 
3 182 185 98 
3 98 97 182 
3 98 185 100 
3 137 152 101 
3 101 94 137 
3 103 155 188 
3 103 101 155 
3 101 152 155 
3 105 182 96 
3 103 188 107 
3 110 182 105 
3 185 182 110 
3 100 185 110 
3 931 1211 958 
3 987 1219 1011 
3 1019 1219 987 
3 1233 1219 1019 
3 1041 1267 1045 
3 1048 1267 1041 
3 1276 1267 1048 
3 931 1045 1211 
3 1045 1299 1211 
3 1045 1267 1299 
3 1299 1276 1310 
3 1267 1276 1299 
3 1048 1328 1276 
3 1048 1011 1328 
3 1011 1219 1328 
3 1219 1233 1341 
3 1341 1328 1219 
3 1276 1328 1366 
3 1366 1310 1276 
3 1328 1341 1381 
3 1381 1366 1328 
3 1056 1390 1064 
3 1070 1390 1056 
3 1400 1390 1070 
3 683 842 1084 
3 1091 1403 1093 
3 1104 872 1405 
3 1104 870 872 
3 1104 1084 870 
3 1084 842 870 
3 1429 894 895 
3 1429 1405 894 
3 1405 872 894 
3 1091 1437 1403 
3 1091 1104 1437 
3 1104 1405 1437 
3 1405 1429 1444 
3 1444 1437 1405 
3 1110 1462 1132 
3 1110 1484 1462 
3 1110 1093 1484 
3 1093 1403 1484 
3 1070 1502 1400 
3 1070 1132 1502 
3 1132 1462 1502 
3 1502 1484 1538 
3 1462 1484 1502 
3 1403 1437 1550 
3 1550 1484 1403 
3 1550 1444 1552 
3 1437 1444 1550 
3 1484 1550 1563 
3 1563 1538 1484 
3 1563 1552 1596 
3 1550 1552 1563 
3 1172 1620 1176 
3 1630 1233 1019 
3 1019 1178 1630 
3 1178 1673 1630 
3 1178 1176 1673 
3 1176 1620 1673 
3 1172 1680 1620 
3 1172 1064 1680 
3 1064 1390 1680 
3 1680 1400 1681 
3 1390 1400 1680 
3 1673 1680 1731 
3 1620 1680 1673 
3 1680 1681 1740 
3 1740 1731 1680 
3 1233 1630 1771 
3 1771 1341 1233 
3 1771 1673 1797 
3 1630 1673 1771 
3 1341 1771 1815 
3 1815 1381 1341 
3 1771 1797 1830 
3 1830 1815 1771 
3 1673 1731 1838 
3 1838 1797 1673 
3 1731 1740 1840 
3 1840 1838 1731 
3 1797 1838 1842 
3 1842 1830 1797 
3 1842 1840 1849 
3 1838 1840 1842 
3 1400 1502 1855 
3 1855 1681 1400 
3 1502 1538 1884 
3 1884 1855 1502 
3 1681 1855 1897 
3 1897 1740 1681 
3 1897 1884 1927 
3 1855 1884 1897 
3 1884 1563 1954 
3 1538 1563 1884 
3 1563 1596 1971 
3 1971 1954 1563 
3 1884 1954 1984 
3 1984 1927 1884 
3 1954 1971 2013 
3 2013 1984 1954 
3 1840 1897 2020 
3 1740 1897 1840 
3 1897 1927 2036 
3 2036 2020 1897 
3 1840 2020 2082 
3 2082 1849 1840 
3 2082 2036 2087 
3 2020 2036 2082 
3 1927 1984 2089 
3 2089 2036 1927 
3 2089 2013 2094 
3 1984 2013 2089 
3 2087 2089 2096 
3 2036 2089 2087 
3 2089 2094 2202 
3 2202 2096 2089 
3 2291 188 2258 
3 188 155 2258 
3 2291 107 188 
3 2291 913 107 
3 2302 915 2291 
3 915 913 2291 
3 2302 917 915 
3 713 688 910 
3 688 909 910 
3 688 919 909 
3 919 907 909 
3 688 686 919 
3 29 917 114 
3 29 916 917 
3 29 724 916 
3 724 713 916 
3 713 910 916 
3 143 127 2302 
3 127 917 2302 
3 127 114 917 
3 2291 2310 2320 
3 2258 2310 2291 
3 2310 2327 2329 
3 2329 2320 2310 
3 2291 2320 2336 
3 2336 2302 2291 
3 2336 2329 2352 
3 2320 2329 2336 
3 2329 2364 2377 
3 2327 2364 2329 
3 2377 1572 1636 
3 2364 1572 2377 
3 2329 2377 2399 
3 2399 2352 2329 
3 2377 1636 1684 
3 1684 2399 2377 
3 143 2336 2414 
3 2302 2336 143 
3 2336 2352 2426 
3 2426 2414 2336 
3 1213 146 2414 
3 146 143 2414 
3 1213 165 146 
3 1213 2426 1242 
3 2414 2426 1213 
3 2352 2399 2432 
3 2432 2426 2352 
3 2399 1684 1765 
3 1765 2432 2399 
3 1242 2432 1332 
3 2426 2432 1242 
3 1332 1765 1340 
3 2432 1765 1332 
3 3297 3292 3301 
3 3286 3292 3297 
3 3301 3316 3345 
3 3292 3316 3301 
3 3378 3301 3382 
3 3297 3301 3378 
3 3301 3345 3384 
3 3384 3382 3301 
3 3309 3348 3409 
3 3409 3390 3309 
3 3409 3356 3415 
3 3348 3356 3409 
3 3425 3409 3434 
3 3390 3409 3425 
3 3434 3415 3440 
3 3409 3415 3434 
3 3458 2544 2554 
3 3458 2440 2544 
3 2440 2232 2544 
3 3458 2485 2440 
3 3464 2578 2594 
3 3464 3458 2578 
3 3458 2554 2578 
3 3490 2666 2672 
3 3490 3464 2666 
3 3464 2594 2666 
3 3494 2738 2753 
3 3494 3490 2738 
3 3490 2672 2738 
3 3503 2796 2803 
3 3503 3494 2796 
3 3494 2753 2796 
3 3293 2838 2860 
3 3293 3503 2838 
3 3503 2803 2838 
3 3341 3070 3075 
3 3341 3020 3070 
3 3020 2902 3070 
3 3341 3047 3020 
3 3372 3084 2418 
3 3372 3341 3084 
3 3341 3075 3084 
3 3922 937 3956 
3 1038 937 3922 
3 1075 1038 3922 
3 3922 4029 1075 
3 1080 1075 4029 
3 4029 4037 1080 
3 4044 4201 4051 
3 1096 1080 4037 
3 4037 4066 1096 
3 4080 1096 4066 
3 1105 1096 4080 
3 4085 4203 4093 
3 4085 1107 4203 
3 4085 4051 1107 
3 4051 4201 1107 
3 4201 1106 1107 
3 4080 4093 1105 
3 4093 4203 1105 
3 4203 1112 1105 
3 4203 1107 1112 
3 1119 1126 4010 
3 4010 4111 1119 
3 4114 1119 4111 
3 1054 1119 4114 
3 4134 4207 4153 
3 4044 1135 4201 
3 1135 1142 4201 
3 4044 4159 1135 
3 4159 4153 1135 
3 4153 4207 1135 
3 4207 1147 1135 
3 4228 4207 4134 
3 4134 4163 4228 
3 3927 4228 4163 
3 4232 4228 3927 
3 1147 4207 4228 
3 4228 1149 1147 
3 1149 4228 4232 
3 4232 1153 1149 
3 4201 1142 1106 
3 3954 3912 4666 
3 4351 4368 3968 
3 4368 4666 3968 
3 4666 3912 3968 
3 3968 3970 4386 
3 4386 4351 3968 
3 3978 3977 4682 
3 4408 4419 3980 
3 4419 3977 3980 
3 4419 4682 3977 
3 3989 3982 4691 
3 4441 3982 4086 
3 4441 4467 3982 
3 4467 4691 3982 
3 4475 4386 4691 
3 4386 3989 4691 
3 4386 3970 3989 
3 4475 4691 4467 
3 4487 4441 4682 
3 4441 3978 4682 
3 4441 4086 3978 
3 4487 4682 4419 
3 4129 4122 4711 
3 4496 4515 4137 
3 4515 4711 4137 
3 4711 4122 4137 
3 4496 4142 4542 
3 4137 4142 4496 
3 4542 4098 4493 
3 4142 4098 4542 
3 4408 4145 4590 
3 3980 4145 4408 
3 4612 4148 4736 
3 4612 4145 4148 
3 4612 4590 4145 
3 4161 4150 4759 
3 4630 4637 4169 
3 4637 4759 4169 
3 4759 4150 4169 
3 4639 4161 4759 
3 4639 4641 4161 
3 4641 4148 4161 
3 4641 4736 4148 
3 4639 4759 4637 
3 4612 4736 4644 
3 4644 4736 4641 
3 4653 4630 4711 
3 4630 4129 4711 
3 4630 4169 4129 
3 4653 4711 4515 
3 4861 4867 4877 
3 4877 4869 4861 
3 4867 4880 4882 
3 4882 4877 4867 
3 4826 4877 4831 
3 4869 4877 4826 
3 4831 4882 4834 
3 4877 4882 4831 
3 4885 4887 4842 
3 4842 4838 4885 
3 4842 4887 4843 
3 4893 3573 3578 
3 4893 3615 3573 
3 3615 3541 3573 
3 4893 3622 3615 
3 4899 3496 3499 
3 4899 3564 3496 
3 3564 3430 3496 
3 4899 3577 3564 
3 4902 3507 3510 
3 4902 4899 3507 
3 4899 3499 3507 
3 4878 4899 4904 
3 3577 4899 4878 
3 4904 4902 4917 
3 4899 4902 4904 
3 4920 3618 3622 
3 4920 4902 3618 
3 4902 3510 3618 
3 4920 4893 4921 
3 3622 4893 4920 
3 4902 4920 4959 
3 4959 4917 4902 
3 4920 4921 4962 
3 4962 4959 4920 
3 4964 3634 3636 
3 4964 4893 3634 
3 4893 3578 3634 
3 4966 3642 3644 
3 4966 4964 3642 
3 4964 3636 3642 
3 4969 3660 3662 
3 4969 4966 3660 
3 4966 3644 3660 
3 4970 3704 3710 
3 4970 4969 3704 
3 4969 3662 3704 
3 4921 4964 4972 
3 4893 4964 4921 
3 4972 4966 4975 
3 4964 4966 4972 
3 4962 4972 4979 
3 4921 4972 4962 
3 4979 4975 4983 
3 4972 4975 4979 
3 4975 4969 4987 
3 4966 4969 4975 
3 4987 4970 4991 
3 4969 4970 4987 
3 4983 4987 4995 
3 4975 4987 4983 
3 4987 4991 5013 
3 5013 4995 4987 
3 5018 3758 3761 
3 5018 3750 3758 
3 3750 3737 3758 
3 5018 3753 3750 
3 5020 3766 3532 
3 5020 5018 3766 
3 5018 3761 3766 
3 5022 3781 3399 
3 5022 3529 3781 
3 3529 3520 3781 
3 5022 3538 3529 
3 5049 3536 3538 
3 5049 5020 3536 
3 5020 3532 3536 
3 5049 5022 4864 
3 3538 5022 5049 
3 5052 3431 3447 
3 5052 5022 3431 
3 5022 3399 3431 
3 5053 3459 3476 
3 5053 5052 3459 
3 5052 3447 3459 
3 5022 5052 4870 
3 4870 4864 5022 
3 5052 5053 4886 
3 4886 4870 5052 
3 5058 3743 3745 
3 5058 3678 3743 
3 3678 3448 3743 
3 5058 3710 3678 
3 5061 3751 3753 
3 5061 5058 3751 
3 5058 3745 3751 
3 4970 5058 5063 
3 3710 5058 4970 
3 5063 5061 5065 
3 5058 5061 5063 
3 5061 5018 5067 
3 3753 5018 5061 
3 5067 5020 5069 
3 5018 5020 5067 
3 5065 5067 5078 
3 5061 5067 5065 
3 5067 5069 4923 
3 4923 5078 5067 
3 4991 5063 5083 
3 4970 5063 4991 
3 5063 5065 5086 
3 5086 5083 5063 
3 4991 5083 5091 
3 5091 5013 4991 
3 5083 5086 5099 
3 5099 5091 5083 
3 5065 5078 5102 
3 5102 5086 5065 
3 5078 4923 4928 
3 4928 5102 5078 
3 5086 5102 5104 
3 5104 5099 5086 
3 5102 4928 4931 
3 4931 5104 5102 
3 5020 5049 5107 
3 5107 5069 5020 
3 5049 4864 4876 
3 4876 5107 5049 
3 5069 5107 4927 
3 4927 4923 5069 
3 5107 4876 4905 
3 4905 4927 5107 
3 5753 6032 5744 
3 5771 5557 5521 
3 6041 5557 5771 
3 5785 6043 5789 
3 6045 6041 5771 
3 5771 5790 6045 
3 5790 5789 6045 
3 5789 6060 6045 
3 5789 6043 6060 
3 5817 6043 5785 
3 5824 6082 5827 
3 5817 6060 6043 
3 5817 6109 6060 
3 5817 5839 6109 
3 5839 5827 6109 
3 5827 6137 6109 
3 5827 6082 6137 
3 5825 6067 5814 
3 6175 6154 5793 
3 5793 5834 6175 
3 5834 6181 6175 
3 5834 5758 6181 
3 5758 6016 6181 
3 6190 6175 6203 
3 6154 6175 6190 
3 6203 6181 6210 
3 6175 6181 6203 
3 6181 6064 6212 
3 6016 6064 6181 
3 6212 6071 6242 
3 6064 6071 6212 
3 6181 6212 6252 
3 6252 6210 6181 
3 6252 6242 6275 
3 6212 6242 6252 
3 6190 6203 6291 
3 6291 6289 6190 
3 6291 6210 6337 
3 6203 6210 6291 
3 6289 6291 6365 
3 6365 6350 6289 
3 6291 6337 6394 
3 6394 6365 6291 
3 6337 6252 6403 
3 6210 6252 6337 
3 6403 6275 6421 
3 6252 6275 6403 
3 6337 6403 6429 
3 6429 6394 6337 
3 6403 6421 6439 
3 6439 6429 6403 
3 6242 6105 6483 
3 6071 6105 6242 
3 6105 5591 6489 
3 6489 6483 6105 
3 6275 6483 6495 
3 6242 6483 6275 
3 6495 6489 6497 
3 6483 6489 6495 
3 6499 5595 5598 
3 6499 6489 5595 
3 6489 5591 5595 
3 5434 6499 5385 
3 6499 5592 5385 
3 6499 5604 5592 
3 5604 5585 5592 
3 6499 5598 5604 
3 6489 6499 6520 
3 6520 6497 6489 
3 5454 6520 5449 
3 6520 6499 5449 
3 6499 5434 5449 
3 6421 6495 6527 
3 6275 6495 6421 
3 6527 6497 6531 
3 6495 6497 6527 
3 6421 6527 6572 
3 6572 6439 6421 
3 6572 6531 6578 
3 6527 6531 6572 
3 6531 6520 6581 
3 6497 6520 6531 
3 6520 5454 6583 
3 6583 6581 6520 
3 4469 6531 4446 
3 6531 6581 4446 
3 4469 6578 6531 
3 4503 6581 6583 
3 4446 6581 4503 
3 6585 6365 6609 
3 6350 6365 6585 
3 4529 6365 4424 
3 6365 6394 4424 
3 4529 6609 6365 
3 4538 6585 6609 
3 6609 4556 4538 
3 6609 4529 4556 
3 6614 4424 6429 
3 4424 6394 6429 
3 6614 4433 4424 
3 4477 6429 4440 
3 6429 6439 4440 
3 4477 6614 6429 
3 4492 4433 6614 
3 6614 4477 4492 
3 4440 6439 6572 
3 6572 4511 4440 
3 4511 6572 6578 
3 6578 4521 4511 
3 6578 4469 4521 
3 6083 4530 5429 
3 4530 5470 5429 
3 4530 4312 5470 
3 5484 6583 5478 
3 6583 5457 5478 
3 5457 5459 5478 
3 6583 5454 5457 
3 4503 6583 5484 
3 5484 4532 4503 
3 5488 4541 5486 
3 4541 4532 5486 
3 4532 5484 5486 
3 5488 4310 4541 
3 6083 4358 4530 
3 4558 4400 6200 
3 4588 6200 6285 
3 4558 6200 4588 
3 4588 6285 6309 
3 6309 4456 4588 
3 6309 4410 4456 
3 4488 4418 6540 
3 6540 4452 4488 
3 6973 6974 6978 
3 6978 6976 6973 
3 6978 6979 6980 
3 6974 6979 6978 
3 6982 6978 6983 
3 6976 6978 6982 
3 6983 6980 6985 
3 6978 6980 6983 
3 6980 6987 6988 
3 6979 6987 6980 
3 6988 6991 6995 
3 6987 6991 6988 
3 6985 6988 7010 
3 6980 6988 6985 
3 7010 6995 7012 
3 6988 6995 7010 
3 7019 7018 7022 
3 7016 7018 7019 
3 7018 7027 7034 
3 7034 7022 7018 
3 5534 7019 5531 
3 7019 7022 5531 
3 5534 7037 7019 
3 5531 7022 7034 
3 7034 5537 5531 
3 7027 7039 7041 
3 7041 7034 7027 
3 5540 7039 5539 
3 7039 7043 5539 
3 5540 7041 7039 
3 5541 7034 7041 
3 5537 7034 5541 
3 7041 5540 5541 
3 7046 7048 7051 
3 7051 7050 7046 
3 7048 7053 7054 
3 7054 7051 7048 
3 7056 7051 7058 
3 7050 7051 7056 
3 7058 7054 7068 
3 7051 7054 7058 
3 7053 7071 7073 
3 7073 7054 7053 
3 7073 7075 7089 
3 7071 7075 7073 
3 7054 7073 7093 
3 7093 7068 7054 
3 7073 7089 7097 
3 7097 7093 7073 
3 6900 7101 6897 
3 6900 6916 7101 
3 6900 6919 6916 
3 6919 6921 6916 
3 6919 7104 6921 
3 7107 7104 6919 
3 6919 6927 7107 
3 6929 7110 6938 
3 6939 7110 6929 
3 6927 7112 7107 
3 6927 6938 7112 
3 6938 7110 7112 
3 6939 7112 7110 
3 6939 6944 7112 
3 6944 7113 7112 
3 6947 7115 6950 
3 7118 7113 6944 
3 6944 6953 7118 
3 6953 6950 7118 
3 6950 7120 7118 
3 6950 7115 7120 
3 7556 7564 7596 
3 7596 7582 7556 
3 7564 7603 7632 
3 7632 7596 7564 
3 7582 7596 7640 
3 7640 7638 7582 
3 7640 7632 7656 
3 7596 7632 7640 
3 7603 7690 7704 
3 7704 7632 7603 
3 7704 7737 7746 
3 7690 7737 7704 
3 7656 7704 7754 
3 7632 7704 7656 
3 7754 7746 7756 
3 7704 7746 7754 
3 7800 7776 7820 
3 7644 7776 7800 
3 7820 7818 7827 
3 7776 7818 7820 
3 7800 7820 7832 
3 7832 7737 7800 
3 7820 7827 7835 
3 7835 7832 7820 
3 7818 7841 7847 
3 7847 7827 7818 
3 7841 7853 7859 
3 7859 7847 7841 
3 7827 7847 7876 
3 7876 7835 7827 
3 7847 7859 7915 
3 7915 7876 7847 
3 7746 7832 7922 
3 7737 7832 7746 
3 7832 7835 7939 
3 7939 7922 7832 
3 7756 7922 7944 
3 7746 7922 7756 
3 7922 7939 7949 
3 7949 7944 7922 
3 7835 7876 7979 
3 7979 7939 7835 
3 7979 7915 8004 
3 7876 7915 7979 
3 7949 7979 8007 
3 7939 7979 7949 
3 8007 8004 8010 
3 7979 8004 8007 
3 8035 7640 8064 
3 7638 7640 8035 
3 7640 7656 8070 
3 8070 8064 7640 
3 8035 8064 8112 
3 8112 8086 8035 
3 8112 8070 8117 
3 8064 8070 8112 
3 8070 7754 8123 
3 7656 7754 8070 
3 8123 7756 8135 
3 7754 7756 8123 
3 8117 8123 8138 
3 8070 8123 8117 
3 8138 8135 8157 
3 8123 8135 8138 
3 8114 8112 8163 
3 8086 8112 8114 
3 8112 8117 8170 
3 8170 8163 8112 
3 8114 8163 7727 
3 7727 7712 8114 
3 7727 8170 7771 
3 8163 8170 7727 
3 8170 8138 8176 
3 8117 8138 8170 
3 8138 8157 8181 
3 8181 8176 8138 
3 7771 8176 7779 
3 8170 8176 7771 
3 5805 8176 5756 
3 8176 8181 5756 
3 5805 7779 8176 
3 8135 7944 8183 
3 7756 7944 8135 
3 7944 7949 8185 
3 8185 8183 7944 
3 8135 8183 8186 
3 8186 8157 8135 
3 8186 8185 8187 
3 8183 8185 8186 
3 7949 8007 8188 
3 8188 8185 7949 
3 8007 8010 8222 
3 8222 8188 8007 
3 8187 8188 8244 
3 8185 8188 8187 
3 8188 8222 8247 
3 8247 8244 8188 
3 8181 8186 8249 
3 8157 8186 8181 
3 8249 8187 8250 
3 8186 8187 8249 
3 5756 8181 8249 
3 8249 5819 5756 
3 5819 8249 8250 
3 8250 5848 5819 
3 5912 8244 5905 
3 5912 8187 8244 
3 5912 8250 8187 
3 5905 8244 8247 
3 8247 5922 5905 
3 8250 5912 5848 
3 7853 8101 8255 
3 8255 7859 7853 
3 8255 8109 8257 
3 8101 8109 8255 
3 7915 8255 8259 
3 7859 8255 7915 
3 8259 8257 8267 
3 8255 8257 8259 
3 8257 8148 8270 
3 8109 8148 8257 
3 8270 8151 8272 
3 8148 8151 8270 
3 8267 8270 8274 
3 8257 8270 8267 
3 8274 8272 8279 
3 8270 8272 8274 
3 7915 8259 8286 
3 8286 8004 7915 
3 8259 8267 8288 
3 8288 8286 8259 
3 8010 8286 8290 
3 8004 8286 8010 
3 8290 8288 8292 
3 8286 8288 8290 
3 8288 8274 8294 
3 8267 8274 8288 
3 8274 8279 8296 
3 8296 8294 8274 
3 8288 8294 8298 
3 8298 8292 8288 
3 8298 8296 8308 
3 8294 8296 8298 
3 8272 8266 8310 
3 8151 8266 8272 
3 8310 8269 8313 
3 8266 8269 8310 
3 8279 8310 8316 
3 8272 8310 8279 
3 8316 8313 8317 
3 8310 8313 8316 
3 8269 8284 8318 
3 8318 8313 8269 
3 6973 8318 7284 
3 8318 8284 7284 
3 8284 6970 7284 
3 8284 7392 6970 
3 8317 8318 8320 
3 8313 8318 8317 
3 6982 8320 6976 
3 8320 8318 6976 
3 8318 6973 6976 
3 8296 8316 8321 
3 8279 8316 8296 
3 8316 8317 8322 
3 8322 8321 8316 
3 8296 8321 8323 
3 8323 8308 8296 
3 5987 8322 5985 
3 5987 8321 8322 
3 5987 8323 8321 
3 8322 8320 8324 
3 8317 8320 8322 
3 8324 6982 7562 
3 8320 6982 8324 
3 5985 8322 8324 
3 8324 5988 5985 
3 5735 8324 7562 
3 5988 8324 5735 
3 8010 8290 8326 
3 8326 8222 8010 
3 8326 8292 8327 
3 8290 8292 8326 
3 8247 8326 8329 
3 8222 8326 8247 
3 5992 8326 5991 
3 8326 8327 5991 
3 5992 8329 8326 
3 5996 8298 5994 
3 5996 8292 8298 
3 5996 8327 8292 
3 5994 8298 8308 
3 8308 5998 5994 
3 8327 5996 5991 
3 5922 8247 8329 
3 8329 6000 5922 
3 8329 5992 6000 
3 5998 8308 8323 
3 8323 6003 5998 
3 8323 5987 6003 
3 6006 6005 8332 
3 6005 6007 8334 
3 8334 8332 6005 
3 7555 6006 8332 
3 7555 5957 6006 
3 7555 7549 5957 
3 7555 8334 7611 
3 8332 8334 7555 
3 8334 6008 8336 
3 6007 6008 8334 
3 8336 5753 7802 
3 6008 5753 8336 
3 7611 8336 7715 
3 8334 8336 7611 
3 7715 7802 7731 
3 8336 7802 7715 
3 1269 1258 1304 
3 1230 1258 1269 
3 1258 1314 1339 
3 1339 1304 1258 
3 1269 1304 1386 
3 1386 1373 1269 
3 1386 1339 1416 
3 1304 1339 1386 
3 1339 1457 1469 
3 1314 1457 1339 
3 1469 1471 1497 
3 1457 1471 1469 
3 1339 1469 1513 
3 1513 1416 1339 
3 922 962 1497 
3 962 1469 1497 
3 962 1513 1469 
3 1541 1386 1553 
3 1373 1386 1541 
3 964 1386 1416 
3 964 965 1386 
3 965 1553 1386 
3 967 1541 1553 
3 967 986 1541 
3 986 1566 1541 
3 967 1553 965 
3 964 1513 1033 
3 1416 1513 964 
3 1033 1513 962 
3 1598 1589 1600 
3 1578 1589 1598 
3 1589 1602 1619 
3 1619 1600 1589 
3 1665 1600 1698 
3 1598 1600 1665 
3 1698 1619 1709 
3 1600 1619 1698 
3 1602 1720 1733 
3 1733 1619 1602 
3 1720 1744 1763 
3 1763 1733 1720 
3 1709 1733 1782 
3 1619 1733 1709 
3 1733 1763 1784 
3 1784 1782 1733 
3 1794 1698 1813 
3 1665 1698 1794 
3 1813 1709 1850 
3 1698 1709 1813 
3 1794 1813 1039 
3 1039 1017 1794 
3 1039 1850 1052 
3 1813 1850 1039 
3 1067 1709 1782 
3 1067 1102 1709 
3 1102 1850 1709 
3 1067 1784 1109 
3 1782 1784 1067 
3 1052 1850 1102 
3 1763 1865 1873 
3 1744 1865 1763 
3 1873 1881 1906 
3 1865 1881 1873 
3 1763 1873 1968 
3 1968 1784 1763 
3 1114 1873 1906 
3 1114 1125 1873 
3 1125 1968 1873 
3 1134 1139 1981 
3 1139 1881 1981 
3 1139 1906 1881 
3 1134 1983 1159 
3 1981 1983 1134 
3 1114 1906 1139 
3 1784 1968 1165 
3 1165 1109 1784 
3 1165 1968 1125 
3 1159 1992 1168 
3 1983 1992 1159 
3 1168 1992 1090 
3 1108 1566 1185 
3 1185 1566 986 
3 2035 2028 2092 
3 2011 2028 2035 
3 2028 2106 2108 
3 2108 2092 2028 
3 2127 2092 2139 
3 2035 2092 2127 
3 2139 2108 2150 
3 2092 2108 2139 
3 2108 2179 2245 
3 2106 2179 2108 
3 2245 2261 2268 
3 2179 2261 2245 
3 2108 2245 2281 
3 2281 2150 2108 
3 2245 2268 2325 
3 2325 2281 2245 
3 2348 2392 2477 
3 2477 2468 2348 
3 2477 2479 2493 
3 2392 2479 2477 
3 2468 2477 2506 
3 2506 2499 2468 
3 2506 2493 2514 
3 2477 2493 2506 
3 2479 2522 2538 
3 2538 2493 2479 
3 2522 2545 2560 
3 2560 2538 2522 
3 2493 2538 2599 
3 2599 2514 2493 
3 2599 2560 2612 
3 2538 2560 2599 
3 2615 2506 2635 
3 2499 2506 2615 
3 2635 2514 2643 
3 2506 2514 2635 
3 2079 2635 2105 
3 2615 2635 2079 
3 2635 2643 2217 
3 2217 2105 2635 
3 2643 2599 2652 
3 2514 2599 2643 
3 2599 2612 2658 
3 2658 2652 2599 
3 2643 2652 2260 
3 2260 2217 2643 
3 2652 2658 2307 
3 2307 2260 2652 
3 2612 2668 2700 
3 2700 2658 2612 
3 2700 2710 2718 
3 2668 2710 2700 
3 2307 2700 2347 
3 2658 2700 2307 
3 2700 2718 2391 
3 2391 2347 2700 
3 2722 2742 2760 
3 2760 2746 2722 
3 2760 2793 2799 
3 2742 2793 2760 
3 2029 2760 2042 
3 2746 2760 2029 
3 2760 2799 2141 
3 2141 2042 2760 
3 2799 2815 2830 
3 2793 2815 2799 
3 2815 2835 2862 
3 2862 2830 2815 
3 2141 2830 2249 
3 2799 2830 2141 
3 2249 2862 2277 
3 2830 2862 2249 
3 2882 2889 2907 
3 2907 2890 2882 
3 2889 1212 1268 
3 1268 2907 2889 
3 2890 2907 2702 
3 2702 2662 2890 
3 2702 1268 1347 
3 2907 1268 2702 
3 2921 2938 3021 
3 3021 2947 2921 
3 2938 3028 3035 
3 3035 3021 2938 
3 1700 3021 1752 
3 2947 3021 1700 
3 1752 3035 1760 
3 3021 3035 1752 
3 3079 3072 3085 
3 3038 3072 3079 
3 3085 3103 3108 
3 3072 3103 3085 
3 1212 3085 1220 
3 3079 3085 1212 
3 3085 3108 1315 
3 1315 1220 3085 
3 3103 3119 3120 
3 3120 3108 3103 
3 3120 1616 1660 
3 3119 1616 3120 
3 1315 3120 1404 
3 3108 3120 1315 
3 1404 1660 1494 
3 3120 1660 1404 
3 978 954 4195 
3 954 989 4217 
3 4217 4195 954 
3 3920 1004 4195 
3 1004 978 4195 
3 3920 3924 1004 
3 3920 4217 3959 
3 4195 4217 3920 
3 4007 4226 3979 
3 4064 1004 3924 
3 1024 1004 4064 
3 4064 3979 1024 
3 3979 4226 1024 
3 4226 1025 1024 
3 4071 4226 4007 
3 4238 4226 4071 
3 4091 4238 4071 
3 1027 4226 4238 
3 1025 4226 1027 
3 4091 939 4238 
3 939 1027 4238 
3 4091 4120 939 
3 4130 939 4120 
3 940 939 4130 
3 4140 940 4130 
3 942 940 4140 
3 4140 943 942 
3 4140 4248 943 
3 4140 4168 4248 
3 4173 4248 4168 
3 945 943 4248 
3 4173 3846 4248 
3 3846 945 4248 
3 3846 968 945 
3 3846 3895 968 
3 4342 4665 4006 
3 4665 3939 4006 
3 4342 4336 4665 
3 4342 4039 4344 
3 4006 4039 4342 
3 4039 4046 4346 
3 4346 4344 4039 
3 4350 4673 4365 
3 4365 4675 4377 
3 4673 4675 4365 
3 4396 4698 4404 
3 4396 4406 4698 
3 4406 4004 4698 
3 4004 3985 4698 
3 4432 4701 4439 
3 4448 4701 4432 
3 4703 4701 4448 
3 4406 4030 4004 
3 4406 4439 4030 
3 4439 4701 4030 
3 4030 4701 4703 
3 4703 4117 4030 
3 4476 4706 4537 
3 4716 4706 4476 
3 4476 4544 4716 
3 4734 4716 4544 
3 4544 4538 4734 
3 4448 4564 4703 
3 4564 4127 4703 
3 4564 4125 4127 
3 4564 4132 4125 
3 4564 4537 4132 
3 4537 4706 4132 
3 4703 4127 4117 
3 4132 4706 4716 
3 4716 4138 4132 
3 4138 4716 4734 
3 4734 4041 4138 
3 4572 4764 4585 
3 4774 4764 4572 
3 4572 4587 4774 
3 4575 4585 4114 
3 4585 4144 4114 
3 4585 4764 4144 
3 4146 4764 4774 
3 4144 4764 4146 
3 4594 4774 4587 
3 4603 4780 4609 
3 4594 4614 4774 
3 4614 4151 4774 
3 4151 4146 4774 
3 4614 4609 4151 
3 4609 4780 4151 
3 4780 4152 4151 
3 4620 4794 4623 
3 4620 4626 4794 
3 4626 4157 4794 
3 4626 4154 4157 
3 4631 4171 4634 
3 4167 4171 4631 
3 4434 4167 4631 
3 3967 4167 4434 
3 4171 4154 4626 
3 4626 4634 4171 
3 4603 4174 4780 
3 4174 4176 4780 
3 4603 4623 4174 
3 4623 4794 4174 
3 4794 4157 4174 
3 4780 4176 4152 
3 6046 4340 4364 
3 4364 6057 6046 
3 6057 4364 4378 
3 5757 6096 6068 
3 5757 5746 6096 
3 5746 6066 6096 
3 6096 6075 6106 
3 6066 6075 6096 
3 6068 6096 6124 
3 6124 6119 6068 
3 6124 6106 6170 
3 6096 6106 6124 
3 6075 6092 6178 
3 6178 6106 6075 
3 6178 6102 6189 
3 6092 6102 6178 
3 6106 6178 6199 
3 6199 6170 6106 
3 6199 6189 6208 
3 6178 6189 6199 
3 5586 6124 6233 
3 6119 6124 5586 
3 6124 6170 6277 
3 6277 6233 6124 
3 6325 5587 6233 
3 5587 5586 6233 
3 6325 5389 5587 
3 6325 5448 5389 
3 6233 6277 6406 
3 6406 6325 6233 
3 6170 6199 6417 
3 6417 6277 6170 
3 6199 6208 6431 
3 6431 6417 6199 
3 6277 6417 6441 
3 6441 6406 6277 
3 6441 6431 6451 
3 6417 6431 6441 
3 6189 6237 6474 
3 6102 6237 6189 
3 6237 6248 6494 
3 6494 6474 6237 
3 6189 6474 6513 
3 6513 6208 6189 
3 6513 6494 6529 
3 6474 6494 6513 
3 6494 6296 6552 
3 6248 6296 6494 
3 6552 6301 6563 
3 6296 6301 6552 
3 6494 6552 6613 
3 6613 6529 6494 
3 6552 6563 6635 
3 6635 6613 6552 
3 6208 6513 6639 
3 6639 6431 6208 
3 6513 6529 6657 
3 6657 6639 6513 
3 4397 6639 4390 
3 4397 6431 6639 
3 4397 6451 6431 
3 4390 6639 6657 
3 6657 4421 4390 
3 4461 6613 4445 
3 4461 6529 6613 
3 4461 6657 6529 
3 4445 6613 6635 
3 6635 4470 4445 
3 6657 4461 4421 
3 6699 5487 6325 
3 5487 5448 6325 
3 6699 5490 5487 
3 6699 6406 6705 
3 6325 6406 6699 
3 4512 5490 6699 
3 4504 5490 4512 
3 4523 6699 6705 
3 4512 6699 4523 
3 6705 6441 6711 
3 6406 6441 6705 
3 4569 6441 4565 
3 6441 6451 4565 
3 4569 6711 6441 
3 4523 6705 6711 
3 6711 4598 4523 
3 6711 4569 4598 
3 6451 4397 4565 
3 6393 4377 4607 
3 4607 6718 6393 
3 6393 6718 5765 
3 5765 5763 6393 
3 6718 4607 4615 
3 4615 6720 6718 
3 5765 6720 5767 
3 6718 6720 5765 
3 5773 5770 6735 
3 5770 6720 6735 
3 6720 4627 6735 
3 6720 4615 4627 
3 5767 6720 5770 
3 6735 4627 4632 
3 5796 5773 6735 
3 5796 5733 5773 
3 5796 5807 5733 
3 5807 6011 5733 
3 5822 4633 6744 
3 5822 6735 4633 
3 6735 4632 4633 
3 5822 5796 6735 
3 5822 6744 5892 
3 5807 6132 6011 
3 5807 5902 6132 
3 5902 6747 6132 
3 5930 6747 5902 
3 6744 4633 4635 
3 6132 6747 6768 
3 6768 6158 6132 
3 5930 5937 6747 
3 5937 6768 6747 
3 5937 4645 6768 
3 5937 4642 4645 
3 5951 6744 4647 
3 6744 4635 4647 
3 5951 5892 6744 
3 4647 4642 5937 
3 5937 5951 4647 
3 4652 6158 4649 
3 6158 6768 4649 
3 4652 6290 6158 
3 6768 4645 4649 
3 6777 6301 4656 
3 6301 4652 4656 
3 6301 6290 4652 
3 6777 4656 4454 
3 4369 6301 4352 
3 6301 6777 4352 
3 4369 6563 6301 
3 6777 4454 4352 
3 6563 4369 4468 
3 4468 6635 6563 
3 6635 4468 4470 
3 6890 6892 7295 
3 7295 7294 6890 
3 6892 6894 7297 
3 7297 7295 6892 
3 6909 6906 7298 
3 6906 6915 7301 
3 7301 7298 6906 
3 7303 6894 7298 
3 6894 6909 7298 
3 7303 7297 6894 
3 7303 7301 7305 
3 7298 7301 7303 
3 6934 6931 7309 
3 6931 6935 7311 
3 7311 7309 6931 
3 6940 6937 7314 
3 7311 6942 7324 
3 6935 6942 7311 
3 7328 6940 7314 
3 7328 6942 6940 
3 7328 7324 6942 
3 7350 7347 7352 
3 7336 7347 7350 
3 7352 7355 7358 
3 7347 7355 7352 
3 7350 7352 7363 
3 7363 7360 7350 
3 7352 7358 7365 
3 7365 7363 7352 
3 7374 7372 7378 
3 7369 7372 7374 
3 7378 7360 7381 
3 7372 7360 7378 
3 7300 7378 7302 
3 7374 7378 7300 
3 7302 7381 7310 
3 7378 7381 7302 
3 7381 7363 7384 
3 7360 7363 7381 
3 7363 7365 7387 
3 7387 7384 7363 
3 7310 7384 7325 
3 7381 7384 7310 
3 7325 7387 7329 
3 7384 7387 7325 
3 7358 7400 7404 
3 7355 7400 7358 
3 7404 7406 7408 
3 7400 7406 7404 
3 7358 7404 7411 
3 7411 7365 7358 
3 7404 7408 7414 
3 7414 7411 7404 
3 7387 7411 7416 
3 7365 7411 7387 
3 7416 7414 7419 
3 7411 7414 7416 
3 7329 7416 7333 
3 7387 7416 7329 
3 7416 7419 7339 
3 7339 7333 7416 
3 6949 6946 7437 
3 6952 6955 7441 
3 7441 7439 6952 
3 7443 6949 7437 
3 7443 7441 6949 
3 7441 6955 6949 
3 6959 6957 7446 
3 7446 6908 7299 
3 6957 6908 7446 
3 7437 6962 7448 
3 6946 6962 7437 
3 6962 6969 7449 
3 7449 7448 6962 
3 7437 7448 7451 
3 7451 7443 7437 
3 7448 7449 7453 
3 7453 7451 7448 
3 7455 6959 7446 
3 7455 7449 6959 
3 7449 6969 6959 
3 7455 7299 7457 
3 7446 7299 7455 
3 7449 7455 7459 
3 7459 7453 7449 
3 7459 7457 7461 
3 7455 7457 7459 
3 7552 7078 7548 
3 7078 6968 7548 
3 6968 7503 7548 
3 7552 7084 7078 
3 7548 7576 7581 
3 7581 7552 7548 
3 7589 7114 7552 
3 7114 7084 7552 
3 7589 7127 7114 
3 7552 7581 7561 
3 7561 7589 7552 
3 7619 7613 7625 
3 7608 7613 7619 
3 7613 7627 7513 
3 7513 7625 7613 
3 7619 7625 7696 
3 7696 7678 7619 
3 7518 7696 7515 
3 7696 7625 7515 
3 7625 7513 7515 
3 7510 7514 7506 
3 7514 7627 7506 
3 7627 7504 7506 
3 7514 7513 7627 
3 7678 7696 7735 
3 7735 7708 7678 
3 7528 7735 7525 
3 7735 7518 7525 
3 7735 7696 7518 
3 7762 7735 7791 
3 7708 7735 7762 
3 7791 7528 7831 
3 7735 7528 7791 
3 7837 7529 7530 
3 7837 7831 7529 
3 7831 7528 7529 
3 7875 7533 7534 
3 7875 7837 7533 
3 7837 7530 7533 
3 7537 7535 7846 
3 7535 7508 7846 
3 7535 7509 7508 
3 7535 7512 7509 
3 7537 7863 7885 
3 7846 7863 7537 
3 7903 7538 7885 
3 7538 7537 7885 
3 7903 7540 7538 
3 7863 7925 7937 
3 7937 7885 7863 
3 7925 7571 7578 
3 7578 7937 7925 
3 7903 7937 7947 
3 7885 7937 7903 
3 7947 7578 7595 
3 7937 7578 7947 
3 7962 7542 7903 
3 7542 7540 7903 
3 7962 7544 7542 
3 7970 7543 7544 
3 7970 7875 7543 
3 7875 7534 7543 
3 7970 7962 7975 
3 7544 7962 7970 
3 7903 7947 7978 
3 7978 7962 7903 
3 7947 7595 7617 
3 7617 7978 7947 
3 7962 7978 7980 
3 7980 7975 7962 
3 5754 7978 5733 
3 7978 7617 5733 
3 5754 7980 7978 
3 7762 7791 7989 
3 7989 7984 7762 
3 7791 7831 7991 
3 7991 7989 7791 
3 7576 7989 8016 
3 7984 7989 7576 
3 7989 7991 8037 
3 8037 8016 7989 
3 7831 7837 7135 
3 7135 7991 7831 
3 7158 7139 7875 
3 7139 7837 7875 
3 7139 7135 7837 
3 7177 8037 7142 
3 8037 7991 7142 
3 7991 7135 7142 
3 7581 8016 8046 
3 7576 8016 7581 
3 5795 8037 5776 
3 5795 8016 8037 
3 5795 8046 8016 
3 5746 7581 5809 
3 7581 8046 5809 
3 5746 7561 7581 
3 8046 5795 5809 
3 7202 5835 7192 
3 5835 8037 7192 
3 8037 7177 7192 
3 5835 5776 8037 
3 5847 5835 7202 
3 7214 5859 7208 
3 5859 5847 7208 
3 5847 7202 7208 
3 7229 7221 7970 
3 7221 7875 7970 
3 7221 7158 7875 
3 7229 7975 8058 
3 7970 7975 7229 
3 5888 7245 5884 
3 7245 7229 5884 
3 7229 8058 5884 
3 5888 7248 7245 
3 8058 7980 8072 
3 7975 7980 8058 
3 7980 5754 5913 
3 5913 8072 7980 
3 8095 5919 8072 
3 5919 5884 8072 
3 5884 8058 8072 
3 8072 5913 5921 
3 5921 8095 8072 
3 7248 5888 5544 
3 7214 5547 5859 
3 7252 5547 7214 
3 5933 5919 8095 
3 8095 5921 5933 
3 7676 8102 8106 
3 8106 8104 7676 
3 8106 8115 8133 
3 8102 8115 8106 
3 8139 8106 8142 
3 8104 8106 8139 
3 8106 8133 8146 
3 8146 8142 8106 
3 8115 8155 8180 
3 8180 8133 8115 
3 7257 8180 7253 
3 8180 8155 7253 
3 8155 7102 7253 
3 8146 8180 8212 
3 8133 8180 8146 
3 8212 7257 8215 
3 8180 7257 8212 
3 8217 8142 8237 
3 8139 8142 8217 
3 5943 8146 5938 
3 5943 8142 8146 
3 5943 8237 8142 
3 5958 8217 8237 
3 8237 5986 5958 
3 8237 5943 5986 
3 5938 8146 8212 
3 8212 5989 5938 
3 5989 8212 8215 
3 8215 5990 5989 
3 5995 7263 5993 
3 5995 7261 7263 
3 5995 8215 7261 
3 8215 7257 7261 
3 8246 7270 7272 
3 8246 5997 7270 
3 5997 7263 7270 
3 5997 5993 7263 
3 6001 7268 5999 
3 7268 7589 5999 
3 7268 7127 7589 
3 6001 7272 7268 
3 5757 7589 7561 
3 5999 7589 5757 
3 7272 6001 6002 
3 6002 8246 7272 
3 8215 5995 5990 
3 6004 5997 8246 
3 8246 6002 6004 
3 1223 1214 947 
3 947 952 1223 
3 972 1223 952 
3 1225 1223 972 
3 1214 1223 1229 
3 1229 1227 1214 
3 1223 1225 1239 
3 1239 1229 1223 
3 981 1225 972 
3 1239 1225 981 
3 981 994 1239 
3 106 744 746 
3 744 1227 746 
3 1227 747 746 
3 744 742 1227 
3 106 104 744 
3 106 503 104 
3 1227 1229 1244 
3 1244 747 1227 
3 1229 1239 1261 
3 1261 1244 1229 
3 1273 749 1244 
3 749 747 1244 
3 1273 111 749 
3 1273 515 111 
3 1273 1261 1360 
3 1244 1261 1273 
3 1426 519 521 
3 1426 1407 519 
3 1407 488 519 
3 1460 527 529 
3 1460 1426 527 
3 1426 521 527 
3 1472 525 1273 
3 525 515 1273 
3 1472 529 525 
3 1273 1360 1486 
3 1486 1472 1273 
3 529 1472 1529 
3 1529 1460 529 
3 1529 1486 1555 
3 1472 1486 1529 
3 1005 1239 994 
3 1261 1239 1005 
3 1060 1261 1005 
3 1360 1261 1060 
3 1072 1360 1060 
3 1486 1360 1072 
3 1077 1486 1072 
3 1555 1486 1077 
3 1094 1397 985 
3 1131 1397 1094 
3 1422 1397 1131 
3 1022 1237 1148 
3 1151 1422 1131 
3 1466 1422 1151 
3 1151 1148 1466 
3 1148 1363 1466 
3 1148 1237 1363 
3 1407 1426 532 
3 532 1584 1407 
3 563 534 1460 
3 534 1426 1460 
3 534 532 1426 
3 151 1612 559 
3 1612 1584 559 
3 1584 532 559 
3 586 579 1529 
3 579 1460 1529 
3 579 563 1460 
3 112 1555 757 
3 112 593 1555 
3 593 1529 1555 
3 593 586 1529 
3 172 1624 161 
3 1624 1612 161 
3 1612 151 161 
3 1634 172 1644 
3 1624 172 1634 
3 1659 177 181 
3 1659 1644 177 
3 1644 172 177 
3 1677 217 220 
3 1677 1659 217 
3 1659 181 217 
3 301 1677 295 
3 1677 236 295 
3 236 239 295 
3 1677 220 236 
3 1162 1555 1077 
3 757 1555 1162 
3 1162 113 757 
3 1162 687 113 
3 687 600 113 
3 687 40 600 
3 40 263 600 
3 263 230 600 
3 40 243 263 
3 1162 638 687 
3 659 1180 695 
3 1180 1697 695 
3 1697 49 695 
3 1697 260 49 
3 1715 1697 1180 
3 1180 1194 1715 
3 341 321 1697 
3 321 276 1697 
3 276 260 1697 
3 321 282 276 
3 1697 1715 1738 
3 1738 341 1697 
3 1751 341 1738 
3 1751 347 341 
3 1751 366 347 
3 1634 1644 1774 
3 1774 1759 1634 
3 1644 1659 1818 
3 1818 1774 1644 
3 1759 1774 1828 
3 1828 1826 1759 
3 1774 1818 1871 
3 1871 1828 1774 
3 1659 1677 1889 
3 1889 1818 1659 
3 1889 301 1892 
3 1677 301 1889 
3 1871 1889 1901 
3 1818 1889 1871 
3 1889 1892 1910 
3 1910 1901 1889 
3 1912 1828 1991 
3 1826 1828 1912 
3 1828 1871 2006 
3 2006 1991 1828 
3 1912 1991 1658 
3 1658 1654 1912 
3 1658 2006 1705 
3 1991 2006 1658 
3 2006 1901 2015 
3 1871 1901 2006 
3 1901 1910 2026 
3 2026 2015 1901 
3 2006 2015 1769 
3 1769 1705 2006 
3 2015 2026 1806 
3 1806 1769 2015 
3 377 1892 371 
3 1892 303 371 
3 303 305 371 
3 1892 301 303 
3 1910 377 2043 
3 1892 377 1910 
3 2084 379 383 
3 2084 2043 379 
3 2043 377 379 
3 1786 389 1751 
3 389 366 1751 
3 1786 393 389 
3 2116 392 393 
3 2116 2084 392 
3 2084 383 392 
3 393 1786 1870 
3 1870 2116 393 
3 1910 2043 2128 
3 2128 2026 1910 
3 2128 2084 2163 
3 2043 2084 2128 
3 1806 2128 2180 
3 2026 2128 1806 
3 2128 2163 2192 
3 2192 2180 2128 
3 2163 2116 2253 
3 2084 2116 2163 
3 2253 1870 2001 
3 2116 1870 2253 
3 2163 2253 2264 
3 2264 2192 2163 
3 2264 2001 2047 
3 2253 2001 2264 
3 2282 1715 1194 
3 1194 1199 2282 
3 1201 2282 1199 
3 1246 2282 1201 
3 1203 2330 1205 
3 1006 2330 1203 
3 1399 2330 1006 
3 1201 1205 1246 
3 1205 1255 1246 
3 1205 2330 1255 
3 2330 1399 1348 
3 1348 1255 2330 
3 1738 2282 2340 
3 1715 2282 1738 
3 2282 1246 1313 
3 1313 2340 2282 
3 1738 2340 1775 
3 1775 1751 1738 
3 2340 1313 1365 
3 1365 1775 2340 
3 3347 3329 3354 
3 3315 3329 3347 
3 3354 3360 3394 
3 3329 3360 3354 
3 3402 3354 3408 
3 3347 3354 3402 
3 3408 3394 3417 
3 3354 3394 3408 
3 3394 3423 3433 
3 3360 3423 3394 
3 3433 3436 3442 
3 3423 3436 3433 
3 3417 3433 3451 
3 3394 3433 3417 
3 3451 3442 3455 
3 3433 3442 3451 
3 3442 3473 3478 
3 3436 3473 3442 
3 3478 3482 3484 
3 3473 3482 3478 
3 3455 3478 3487 
3 3442 3478 3455 
3 3487 3484 3522 
3 3478 3484 3487 
3 3484 3527 3535 
3 3482 3527 3484 
3 3535 3555 3562 
3 3527 3555 3535 
3 3484 3535 3568 
3 3568 3522 3484 
3 3535 3562 3513 
3 3513 3568 3535 
3 3572 3576 3580 
3 3580 3579 3572 
3 3576 3583 3586 
3 3586 3580 3576 
3 3579 3580 3595 
3 3595 3591 3579 
3 3595 3586 3598 
3 3580 3586 3595 
3 3583 3599 3603 
3 3603 3586 3583 
3 3599 3605 3608 
3 3608 3603 3599 
3 3598 3603 3610 
3 3586 3603 3598 
3 3610 3608 3613 
3 3603 3608 3610 
3 3617 3619 3627 
3 3627 3623 3617 
3 3619 3645 3658 
3 3658 3627 3619 
3 3623 3627 3659 
3 3659 3555 3623 
3 3627 3658 3663 
3 3663 3659 3627 
3 3645 3668 3672 
3 3672 3658 3645 
3 3668 3591 3675 
3 3675 3672 3668 
3 3663 3672 1208 
3 3658 3672 3663 
3 1312 1257 3675 
3 1257 3672 3675 
3 1257 1208 3672 
3 3562 3659 3680 
3 3555 3659 3562 
3 3680 3663 1392 
3 3659 3663 3680 
3 3513 3680 3516 
3 3562 3680 3513 
3 1458 3516 1431 
3 3516 3680 1431 
3 3680 1392 1431 
3 1326 1421 1293 
3 1421 3663 1293 
3 3663 1208 1293 
3 1421 1392 3663 
3 3675 3595 3685 
3 3591 3595 3675 
3 3685 3598 1647 
3 3595 3598 3685 
3 1933 1913 3685 
3 1913 3675 3685 
3 1913 1312 3675 
3 1737 2017 1687 
3 2017 3685 1687 
3 3685 1647 1687 
3 2017 1933 3685 
3 1725 1671 3610 
3 1671 3598 3610 
3 1671 1647 3598 
3 1821 1810 3613 
3 1810 3610 3613 
3 1810 1725 3610 
3 3693 3691 3696 
3 3690 3691 3693 
3 3696 3702 3705 
3 3691 3702 3696 
3 3294 3696 3303 
3 3693 3696 3294 
3 3303 3705 3321 
3 3696 3705 3303 
3 3705 3708 3711 
3 3702 3708 3705 
3 3711 3712 3716 
3 3708 3712 3711 
3 3321 3711 3366 
3 3705 3711 3321 
3 3711 3716 2677 
3 2677 3366 3711 
3 3738 3736 3739 
3 3732 3736 3738 
3 3739 3549 3574 
3 3736 3549 3739 
3 3742 3739 3744 
3 3738 3739 3742 
3 3744 3574 3614 
3 3739 3574 3744 
3 3716 3746 3747 
3 3712 3746 3716 
3 3746 3742 3749 
3 3749 3747 3746 
3 2709 2688 3747 
3 2688 3716 3747 
3 2688 2677 3716 
3 2770 2755 3749 
3 2755 3747 3749 
3 2755 2709 3747 
3 3742 3744 3752 
3 3752 3749 3742 
3 3744 3614 2722 
3 2722 3752 3744 
3 2944 2928 3752 
3 2928 3749 3752 
3 2928 2770 3749 
3 2029 2981 2746 
3 2981 3752 2746 
3 3752 2722 2746 
3 2981 2944 3752 
3 3755 3757 3760 
3 3760 3759 3755 
3 3760 3762 3763 
3 3757 3762 3760 
3 3759 3760 3765 
3 3765 3605 3759 
3 3765 3763 3767 
3 3760 3763 3765 
3 3763 3768 3769 
3 3762 3768 3763 
3 3769 3770 3772 
3 3768 3770 3769 
3 3767 3769 3773 
3 3763 3769 3767 
3 3773 3772 3776 
3 3769 3772 3773 
3 3608 3765 3777 
3 3605 3765 3608 
3 3777 3767 3779 
3 3765 3767 3777 
3 3608 3777 3780 
3 3780 3613 3608 
3 3777 3779 23 
3 23 3780 3777 
3 3779 3773 14 
3 3767 3773 3779 
3 18 15 3776 
3 15 3773 3776 
3 15 14 3773 
3 20 24 16 
3 24 3779 16 
3 3779 14 16 
3 24 23 3779 
3 3772 3782 3783 
3 3770 3782 3772 
3 3783 3784 3785 
3 3782 3784 3783 
3 3776 3783 3786 
3 3772 3783 3776 
3 3783 3785 3787 
3 3787 3786 3783 
3 3785 3788 3789 
3 3784 3788 3785 
3 3789 3294 3308 
3 3788 3294 3789 
3 3785 3789 3790 
3 3790 3787 3785 
3 3789 3308 3343 
3 3343 3790 3789 
3 2649 22 3786 
3 22 3776 3786 
3 22 18 3776 
3 2649 7 22 
3 2719 2697 3787 
3 2697 3786 3787 
3 2697 2649 3786 
3 3787 3790 2756 
3 2756 2719 3787 
3 2239 2766 3343 
3 2766 3790 3343 
3 2766 2756 3790 
3 1586 1532 2774 
3 1532 2743 2774 
3 2743 2756 2774 
3 2743 2719 2756 
3 1532 1236 2743 
3 2819 2804 3780 
3 2804 3613 3780 
3 2804 1821 3613 
3 2894 2878 10 
3 2878 25 10 
3 2878 3780 25 
3 3780 23 25 
3 2878 2819 3780 
3 991 955 4191 
3 4191 1021 4194 
3 955 1021 4191 
3 4194 934 4197 
3 1021 934 4194 
3 3958 3937 963 
3 3937 4197 963 
3 4197 934 963 
3 3958 969 3969 
3 963 969 3958 
3 996 974 3995 
3 3995 4052 996 
3 3995 1003 4057 
3 974 1003 3995 
3 3969 996 4052 
3 969 996 3969 
3 1003 1066 4069 
3 4069 4057 1003 
3 1066 1082 4076 
3 4076 4069 1066 
3 4081 4076 4222 
3 4076 1082 4222 
3 1082 1088 4222 
3 4222 1088 1118 
3 4081 4222 4082 
3 4018 4082 4212 
3 4082 4222 4212 
3 4222 1118 4212 
3 1118 941 4212 
3 1145 1137 4231 
3 4083 4090 1152 
3 4090 4231 1152 
3 4231 1137 1152 
3 1170 1167 4096 
3 4096 4097 1170 
3 973 1173 4099 
3 4099 4098 973 
3 4099 1170 4097 
3 1173 1170 4099 
3 4101 4096 4231 
3 4096 1167 4231 
3 1167 1145 4231 
3 4101 4231 4090 
3 1191 1186 4103 
3 4103 4104 1191 
3 4128 991 4191 
3 4128 1186 991 
3 4128 4103 1186 
3 1152 1191 4104 
3 4104 4083 1152 
3 4128 4194 4136 
3 4191 4194 4128 
3 4136 4197 3988 
3 4194 4197 4136 
3 4372 3917 4738 
3 3917 3930 4738 
3 4372 4702 3917 
3 4372 4360 4702 
3 4702 3944 3917 
3 4738 3930 3947 
3 3983 3950 4375 
3 4375 4389 3983 
3 4389 4014 3983 
3 4389 4392 4014 
3 4392 4752 4014 
3 4394 4752 4392 
3 4407 4772 4417 
3 4451 4028 4752 
3 4028 4014 4752 
3 4451 4444 4028 
3 4444 4417 4028 
3 4417 4772 4028 
3 4772 4035 4028 
3 4407 4463 4772 
3 4463 4063 4772 
3 4463 4053 4063 
3 4463 4318 4053 
3 4318 4074 4053 
3 4318 4784 4074 
3 4772 4063 4035 
3 4451 4752 4394 
3 4074 4784 4788 
3 4788 4084 4074 
3 4084 4788 4792 
3 4792 4087 4084 
3 4792 4095 4087 
3 3611 4860 3606 
3 4860 3558 3606 
3 3558 3575 3606 
3 4860 3547 3558 
3 3278 4865 3635 
3 4865 4860 3635 
3 4860 3611 3635 
3 3337 4872 3317 
3 4872 4865 3317 
3 4865 3278 3317 
3 5651 5648 6019 
3 5648 6009 6019 
3 5648 5641 6009 
3 6019 6030 6074 
3 6074 5651 6019 
3 6083 5426 6074 
3 5426 5369 6074 
3 5369 5651 6074 
3 6083 5429 5426 
3 5797 6085 5828 
3 5797 6088 6085 
3 5797 5838 6088 
3 5838 6087 6088 
3 5854 6114 6030 
3 5854 5828 6114 
3 5828 6085 6114 
3 6114 6088 6128 
3 6085 6088 6114 
3 6088 6126 6136 
3 6087 6126 6088 
3 5609 6136 5600 
3 6136 6126 5600 
3 6126 5593 5600 
3 6128 6136 6147 
3 6088 6136 6128 
3 5635 6147 5628 
3 6147 6136 5628 
3 6136 5609 5628 
3 6074 6114 6177 
3 6030 6114 6074 
3 6114 6128 6188 
3 6188 6177 6114 
3 4358 6074 4331 
3 6074 6177 4331 
3 4358 6083 6074 
3 6200 4400 6188 
3 4400 6177 6188 
3 4400 4331 6177 
3 6128 6147 6213 
3 6213 6188 6128 
3 6213 5635 6263 
3 6147 5635 6213 
3 6200 6213 6285 
3 6188 6213 6200 
3 6285 6263 6309 
3 6213 6263 6285 
3 4357 4349 6323 
3 4385 4366 6345 
3 6369 4357 6323 
3 6369 4366 4357 
3 6369 6345 4366 
3 4349 4401 6391 
3 6391 6323 4349 
3 6391 4401 4413 
3 6323 6391 6412 
3 6412 6369 6323 
3 6428 4413 4453 
3 6428 6412 4413 
3 6412 6391 4413 
3 6428 4466 6492 
3 4453 4466 6428 
3 4466 4474 6331 
3 6331 6492 4466 
3 4480 4479 6518 
3 6205 4493 4522 
3 4480 6518 6536 
3 6536 4527 4480 
3 4479 4535 6545 
3 6545 6518 4479 
3 6545 4560 6586 
3 4535 4560 6545 
3 6536 6545 6590 
3 6518 6545 6536 
3 6545 6586 6599 
3 6599 6590 6545 
3 4600 4584 6611 
3 4604 4601 6636 
3 6651 4600 6611 
3 6651 6636 4600 
3 6636 4601 4600 
3 6611 4584 4618 
3 4622 4399 6664 
3 6668 4618 4624 
3 6668 6651 4618 
3 6651 6611 4618 
3 6673 4622 6664 
3 6673 6668 4622 
3 6668 4624 4622 
3 6678 6586 6636 
3 6586 4604 6636 
3 6586 4560 4604 
3 6636 6651 5431 
3 5431 6678 6636 
3 6599 6678 6682 
3 6586 6678 6599 
3 5661 6682 5656 
3 6682 6678 5656 
3 6678 5377 5656 
3 6678 5431 5377 
3 5383 6668 5659 
3 5383 5433 6668 
3 5433 6651 6668 
3 5433 5431 6651 
3 5673 5669 6673 
3 5669 6668 6673 
3 5669 5659 6668 
3 6686 4522 4628 
3 6686 6487 4522 
3 6487 6205 4522 
3 6696 4527 6536 
3 6696 6686 4527 
3 6686 4628 4527 
3 6498 6686 6710 
3 6487 6686 6498 
3 6710 6696 6732 
3 6686 6696 6710 
3 6536 6590 6739 
3 6739 6696 6536 
3 6590 6599 6740 
3 6740 6739 6590 
3 6696 6739 6750 
3 6750 6732 6696 
3 6750 6740 6756 
3 6739 6740 6750 
3 6628 6710 6774 
3 6498 6710 6628 
3 6774 6732 6781 
3 6710 6732 6774 
3 6399 6774 6409 
3 6628 6774 6399 
3 5906 5915 6781 
3 5915 6774 6781 
3 5915 6409 6774 
3 6732 6750 6785 
3 6785 6781 6732 
3 6750 6756 6791 
3 6791 6785 6750 
3 6781 6785 5920 
3 5920 5906 6781 
3 6785 6791 5939 
3 5939 5920 6785 
3 6599 6682 6795 
3 6795 6740 6599 
3 5684 6795 5678 
3 6795 6682 5678 
3 6682 5661 5678 
3 6740 6795 6802 
3 6802 6756 6740 
3 6802 5684 6816 
3 6795 5684 6802 
3 6821 5686 5688 
3 6821 6816 5686 
3 6816 5684 5686 
3 5784 5694 5699 
3 5784 5949 5694 
3 5949 5688 5694 
3 5949 6821 5688 
3 5975 6756 6802 
3 5975 5979 6756 
3 5979 6791 6756 
3 6802 6816 5981 
3 5981 5975 6802 
3 5939 6791 5979 
3 6816 6821 5984 
3 5984 5981 6816 
3 5984 6821 5949 
3 4399 4411 6829 
3 6829 6664 4399 
3 4411 4412 6834 
3 6834 6829 4411 
3 6664 6829 6836 
3 6836 6673 6664 
3 6836 6834 6841 
3 6829 6834 6836 
3 6843 4412 6345 
3 4412 4385 6345 
3 6843 6834 4412 
3 6843 6369 6845 
3 6345 6369 6843 
3 6841 6843 6847 
3 6834 6843 6841 
3 6843 6845 6849 
3 6849 6847 6843 
3 5673 6836 6851 
3 6673 6836 5673 
3 6836 6841 6862 
3 6862 6851 6836 
3 6187 5675 6851 
3 5675 5673 6851 
3 6187 5677 5675 
3 6851 6862 6267 
3 6267 6187 6851 
3 6862 6847 6864 
3 6841 6847 6862 
3 6847 6849 6865 
3 6865 6864 6847 
3 6267 6864 6279 
3 6862 6864 6267 
3 6864 6865 6282 
3 6282 6279 6864 
3 6369 6412 6866 
3 6866 6845 6369 
3 6866 6428 6868 
3 6412 6428 6866 
3 6845 6866 6870 
3 6870 6849 6845 
3 6870 6868 6037 
3 6866 6868 6870 
3 6868 6492 6873 
3 6428 6492 6868 
3 6873 6331 6380 
3 6492 6331 6873 
3 6868 6873 6048 
3 6048 6037 6868 
3 6048 6380 6139 
3 6873 6380 6048 
3 6849 6870 6877 
3 6877 6865 6849 
3 6877 6037 6089 
3 6870 6037 6877 
3 6282 6877 6315 
3 6865 6877 6282 
3 6877 6089 6142 
3 6142 6315 6877 
3 1208 1257 1302 
3 1302 1293 1208 
3 1257 1312 1324 
3 1324 1302 1257 
3 1293 1302 1344 
3 1344 1326 1293 
3 1344 1324 1375 
3 1302 1324 1344 
3 1431 1421 1440 
3 1392 1421 1431 
3 1440 1326 1450 
3 1421 1326 1440 
3 1458 1440 1468 
3 1431 1440 1458 
3 1440 1450 1483 
3 1483 1468 1440 
3 1450 1344 1517 
3 1326 1344 1450 
3 1517 1375 1603 
3 1344 1375 1517 
3 1483 1517 1627 
3 1450 1517 1483 
3 1517 1603 1635 
3 1635 1627 1517 
3 1687 1671 1714 
3 1647 1671 1687 
3 1714 1725 1726 
3 1671 1725 1714 
3 1737 1714 1748 
3 1687 1714 1737 
3 1748 1726 1801 
3 1714 1726 1748 
3 1726 1810 1812 
3 1725 1810 1726 
3 1812 1821 1859 
3 1810 1821 1812 
3 1801 1812 1886 
3 1726 1812 1801 
3 1886 1859 1899 
3 1812 1859 1886 
3 1312 1913 1922 
3 1922 1324 1312 
3 1913 1933 1965 
3 1965 1922 1913 
3 1324 1922 1976 
3 1976 1375 1324 
3 1976 1965 1986 
3 1922 1965 1976 
3 1965 2017 2044 
3 1933 2017 1965 
3 2044 1737 2081 
3 2017 1737 2044 
3 1965 2044 2088 
3 2088 1986 1965 
3 2044 2081 2093 
3 2093 2088 2044 
3 1603 1976 2102 
3 1375 1976 1603 
3 1976 1986 2112 
3 2112 2102 1976 
3 1635 2102 2114 
3 1603 2102 1635 
3 2114 2112 2122 
3 2102 2112 2114 
3 2112 2088 2145 
3 1986 2088 2112 
3 2145 2093 2155 
3 2088 2093 2145 
3 2112 2145 2162 
3 2162 2122 2112 
3 2162 2155 2189 
3 2145 2155 2162 
3 1737 1748 2200 
3 2200 2081 1737 
3 1748 1801 2225 
3 2225 2200 1748 
3 2093 2200 2234 
3 2081 2200 2093 
3 2234 2225 2275 
3 2200 2225 2234 
3 2225 1886 2303 
3 1801 1886 2225 
3 2303 1899 2311 
3 1886 1899 2303 
3 2225 2303 2321 
3 2321 2275 2225 
3 2321 2311 2323 
3 2303 2311 2321 
3 2155 2234 2337 
3 2093 2234 2155 
3 2234 2275 2384 
3 2384 2337 2234 
3 2189 2337 2411 
3 2155 2337 2189 
3 2411 2384 2453 
3 2337 2384 2411 
3 2384 2321 2460 
3 2275 2321 2384 
3 2460 2323 2491 
3 2321 2323 2460 
3 2384 2460 2517 
3 2517 2453 2384 
3 2517 2491 2530 
3 2460 2491 2517 
3 3 1 2606 
3 6 5 2618 
3 2663 7 2649 
3 2663 5 7 
3 2663 2618 5 
3 2681 6 2618 
3 2681 2606 6 
3 2606 1 6 
3 2618 2663 1207 
3 1207 2681 2618 
3 2649 2697 2706 
3 2706 2663 2649 
3 2697 2719 2743 
3 2743 2706 2697 
3 2663 2706 1209 
3 1209 1207 2663 
3 1209 2743 1236 
3 2706 2743 1209 
3 2774 2766 2788 
3 2756 2766 2774 
3 2766 2239 2289 
3 2289 2788 2766 
3 1586 2788 1679 
3 2774 2788 1586 
3 1679 2289 1578 
3 2788 2289 1679 
3 1859 2804 2812 
3 1821 2804 1859 
3 2812 2819 2848 
3 2804 2819 2812 
3 1899 2812 2853 
3 1859 2812 1899 
3 2853 2848 2855 
3 2812 2848 2853 
3 2848 2878 2892 
3 2819 2878 2848 
3 2892 2894 2896 
3 2878 2894 2892 
3 2855 2892 2910 
3 2848 2892 2855 
3 2910 2896 2918 
3 2892 2896 2910 
3 9 8 2933 
3 2894 11 2943 
3 10 11 2894 
3 2953 9 2933 
3 2953 2943 9 
3 2943 11 9 
3 8 12 2975 
3 2975 2933 8 
3 2988 3 2606 
3 2988 2975 3 
3 2975 12 3 
3 2933 2975 3012 
3 3012 2953 2933 
3 2975 2988 1334 
3 1334 3012 2975 
3 2894 2943 3027 
3 3027 2896 2894 
3 3027 2953 3036 
3 2943 2953 3027 
3 2918 3027 3040 
3 2896 3027 2918 
3 3027 3036 3044 
3 3044 3040 3027 
3 3036 3012 3046 
3 2953 3012 3036 
3 3012 1334 1380 
3 1380 3046 3012 
3 3044 3046 3052 
3 3036 3046 3044 
3 3052 1380 1409 
3 3046 1380 3052 
3 1899 2853 3058 
3 3058 2311 1899 
3 2853 2855 3060 
3 3060 3058 2853 
3 2323 3058 3061 
3 2311 3058 2323 
3 3061 3060 3074 
3 3058 3060 3061 
3 3060 2910 3086 
3 2855 2910 3060 
3 3086 2918 3099 
3 2910 2918 3086 
3 3060 3086 3109 
3 3109 3074 3060 
3 3109 3099 3111 
3 3086 3099 3109 
3 2491 3061 3114 
3 2323 3061 2491 
3 3114 3074 3117 
3 3061 3074 3114 
3 927 929 3114 
3 929 2491 3114 
3 929 2530 2491 
3 927 3117 933 
3 3114 3117 927 
3 3117 3109 3122 
3 3074 3109 3117 
3 3122 3111 3126 
3 3109 3111 3122 
3 933 3122 960 
3 3117 3122 933 
3 3122 3126 993 
3 993 960 3122 
3 2918 3040 3137 
3 3137 3099 2918 
3 3040 3044 3140 
3 3140 3137 3040 
3 3099 3137 3142 
3 3142 3111 3099 
3 3142 3140 3154 
3 3137 3140 3142 
3 3140 3052 3158 
3 3044 3052 3140 
3 3158 1409 2024 
3 3052 1409 3158 
3 3154 3158 3162 
3 3140 3158 3154 
3 1000 3158 2024 
3 1000 1012 3158 
3 1012 3162 3158 
3 3126 3142 3175 
3 3111 3142 3126 
3 1044 3142 3154 
3 1044 1049 3142 
3 1049 3175 3142 
3 3126 3175 1051 
3 1051 993 3126 
3 1051 3175 1049 
3 1044 3162 1081 
3 3154 3162 1044 
3 1081 3162 1012 
3 2988 2681 3178 
3 2606 2681 2988 
3 2681 1207 1210 
3 1210 3178 2681 
3 2988 3178 1370 
3 1370 1334 2988 
3 1370 1210 1265 
3 3178 1210 1370 
3 3280 1411 1435 
3 3280 1804 1411 
3 1804 1391 1411 
3 3280 1835 1804 
3 3304 1824 1835 
3 3304 3295 1824 
3 3295 1754 1824 
3 3304 3280 3309 
3 1835 3280 3304 
3 3312 2156 2183 
3 3312 2213 2156 
3 2213 1961 2156 
3 3312 2242 2213 
3 3319 2338 2344 
3 3319 3312 2338 
3 3312 2183 2338 
3 3339 2379 1605 
3 3339 3319 2379 
3 3319 2344 2379 
3 3342 2221 2242 
3 3342 3280 2221 
3 3280 1435 2221 
3 2242 3312 3344 
3 3344 3342 2242 
3 3280 3342 3348 
3 3348 3309 3280 
3 3342 3344 3356 
3 3356 3348 3342 
3 3312 3319 3363 
3 3363 3344 3312 
3 3363 3339 3376 
3 3319 3339 3363 
3 3356 3363 3381 
3 3344 3363 3356 
3 3381 3376 3383 
3 3363 3376 3381 
3 3391 3004 3024 
3 3391 2962 3004 
3 2962 2885 3004 
3 3391 2986 2962 
3 3403 3042 3055 
3 3403 3391 3042 
3 3391 3024 3042 
3 3411 3055 1369 
3 3055 3199 1369 
3 3411 3403 3055 
3 3418 1410 1491 
3 3418 3411 1410 
3 3411 1369 1410 
3 3422 3187 3189 
3 3422 1320 3187 
3 1320 1317 3187 
3 3422 1491 1320 
3 3424 3191 2422 
3 3424 3422 3191 
3 3422 3189 3191 
3 3418 3422 3429 
3 1491 3422 3418 
3 3422 3424 3430 
3 3430 3429 3422 
3 3432 2970 2986 
3 3432 1587 2970 
3 1587 1558 2970 
3 3432 1638 1587 
3 3457 1613 1638 
3 3457 3339 1613 
3 3339 1605 1613 
3 1638 3432 3465 
3 3465 3457 1638 
3 2986 3391 3469 
3 3469 3432 2986 
3 3469 3403 3480 
3 3391 3403 3469 
3 3465 3469 3485 
3 3432 3469 3465 
3 3469 3480 3488 
3 3488 3485 3469 
3 3376 3457 3495 
3 3339 3457 3376 
3 3495 3465 3500 
3 3457 3465 3495 
3 3383 3495 3506 
3 3376 3495 3383 
3 3506 3500 3512 
3 3495 3500 3506 
3 3465 3485 3515 
3 3515 3500 3465 
3 3515 3488 3537 
3 3485 3488 3515 
3 3512 3515 3540 
3 3500 3515 3512 
3 3515 3537 3543 
3 3543 3540 3515 
3 3403 3411 3544 
3 3544 3480 3403 
3 3544 3418 3553 
3 3411 3418 3544 
3 3480 3544 3557 
3 3557 3488 3480 
3 3544 3553 3559 
3 3559 3557 3544 
3 3418 3429 3561 
3 3561 3553 3418 
3 3429 3430 3564 
3 3564 3561 3429 
3 3553 3561 3567 
3 3567 3559 3553 
3 3567 3564 3577 
3 3561 3564 3567 
3 3581 3445 3588 
3 3388 3445 3581 
3 3588 3450 3590 
3 3445 3450 3588 
3 3592 3588 3594 
3 3581 3588 3592 
3 3594 3590 3597 
3 3588 3590 3594 
3 3590 3453 3620 
3 3450 3453 3590 
3 1717 3620 1667 
3 3620 3453 1667 
3 3453 1654 1667 
3 3597 3620 3630 
3 3590 3620 3597 
3 3620 1717 3647 
3 3647 3630 3620 
3 3650 3630 3651 
3 3597 3630 3650 
3 3651 3647 3654 
3 3630 3647 3651 
3 3656 3651 3669 
3 3650 3651 3656 
3 3669 3654 3670 
3 3651 3654 3669 
3 2154 3647 1955 
3 3647 1745 1955 
3 1745 1761 1955 
3 3647 1717 1745 
3 3647 2154 3673 
3 3673 3654 3647 
3 3676 2176 2204 
3 3676 3673 2176 
3 3673 2154 2176 
3 3670 3673 3682 
3 3654 3673 3670 
3 3682 3676 3684 
3 3673 3676 3682 
3 3686 2381 2390 
3 3686 3676 2381 
3 3676 2204 2381 
3 3688 2434 2505 
3 3688 3686 2434 
3 3686 2390 2434 
3 3676 3686 3689 
3 3689 3684 3676 
3 3686 3688 3692 
3 3692 3689 3686 
3 3694 2651 2660 
3 3694 2721 2651 
3 2721 2568 2651 
3 3694 2762 2721 
3 3695 2083 2107 
3 3695 2772 2083 
3 2772 2073 2083 
3 3695 2809 2772 
3 3697 2795 2809 
3 3697 3694 2795 
3 3694 2660 2795 
3 2809 3695 3286 
3 3286 3697 2809 
3 3698 2749 2762 
3 3698 3688 2749 
3 3688 2505 2749 
3 2762 3694 3699 
3 3699 3698 2762 
3 3692 3698 3700 
3 3688 3698 3692 
3 3700 3699 3701 
3 3698 3699 3700 
3 3694 3697 3703 
3 3703 3699 3694 
3 3703 3286 3297 
3 3697 3286 3703 
3 3701 3703 3706 
3 3699 3703 3701 
3 3706 3297 3378 
3 3703 3297 3706 
3 2107 3296 3707 
3 3707 3695 2107 
3 3707 3295 3715 
3 3296 3295 3707 
3 3695 3707 3292 
3 3292 3286 3695 
3 3292 3715 3316 
3 3707 3715 3292 
3 3295 3304 3722 
3 3722 3715 3295 
3 3722 3309 3390 
3 3304 3309 3722 
3 3316 3722 3725 
3 3715 3722 3316 
3 3725 3390 3425 
3 3722 3390 3725 
3 3917 4196 3930 
3 3917 1148 4196 
3 3917 1022 1148 
3 3917 3944 1022 
3 3944 4206 1022 
3 3947 3930 1131 
3 3930 4196 1131 
3 4196 1151 1131 
3 4196 1148 1151 
3 4215 4210 3950 
3 3950 3983 4215 
3 4014 4215 3983 
3 1162 4210 4215 
3 1077 4210 1162 
3 4014 4028 4215 
3 4028 1162 4215 
3 4028 638 1162 
3 4028 644 638 
3 4028 4035 644 
3 4035 659 644 
3 4053 4219 4063 
3 4074 4219 4053 
3 4273 4219 4074 
3 4035 4063 659 
3 4063 4219 659 
3 4219 1180 659 
3 1194 4219 4273 
3 1180 4219 1194 
3 4084 4273 4074 
3 4281 4273 4084 
3 4087 4281 4084 
3 4283 4281 4087 
3 1194 4273 4281 
3 4281 1199 1194 
3 1199 4281 4283 
3 4283 1201 1199 
3 4087 1205 4283 
3 4087 1203 1205 
3 4087 4095 1203 
3 4095 4277 1203 
3 1203 4277 4279 
3 4279 1006 1203 
3 4283 1205 1201 
3 4279 985 1006 
3 4334 3926 3936 
3 4334 4347 3926 
3 4347 4681 3926 
3 4355 4334 4666 
3 4334 3954 4666 
3 4334 3936 3954 
3 4362 4681 4347 
3 4355 4666 4368 
3 5756 6031 5805 
3 5819 6031 5756 
3 6056 6031 5819 
3 6101 6056 5819 
3 5819 5848 6101 
3 5905 6113 5912 
3 6153 6113 5905 
3 5905 5922 6153 
3 5848 5912 6101 
3 5912 6166 6101 
3 5912 6113 6166 
3 6113 6153 6174 
3 6174 6166 6113 
3 5985 6194 5987 
3 5988 6194 5985 
3 6202 6194 5988 
3 5735 6202 5988 
3 6024 6202 5735 
3 5991 6266 5992 
3 5994 6304 5996 
3 5998 6304 5994 
3 6313 6304 5998 
3 5991 6321 6266 
3 5991 5996 6321 
3 5996 6304 6321 
3 6321 6313 6324 
3 6304 6313 6321 
3 6000 6153 5922 
3 6340 6153 6000 
3 6000 5992 6340 
3 5992 6348 6340 
3 5992 6266 6348 
3 6153 6340 6338 
3 6338 6174 6153 
3 6340 6348 6357 
3 6357 6338 6340 
3 6348 6321 6359 
3 6266 6321 6348 
3 6321 6324 6372 
3 6372 6359 6321 
3 6357 6359 6382 
3 6348 6359 6357 
3 6359 6372 6414 
3 6414 6382 6359 
3 6003 6313 5998 
3 6449 6313 6003 
3 6003 6464 6449 
3 6003 5987 6464 
3 5987 6194 6464 
3 6313 6449 6485 
3 6485 6324 6313 
3 6449 6464 6491 
3 6491 6485 6449 
3 6464 6202 6501 
3 6194 6202 6464 
3 6202 6024 6368 
3 6368 6501 6202 
3 6491 6501 6504 
3 6464 6501 6491 
3 6504 6368 6467 
3 6501 6368 6504 
3 6372 6485 6517 
3 6324 6485 6372 
3 6517 6491 6525 
3 6485 6491 6517 
3 6414 6517 6544 
3 6372 6517 6414 
3 6544 6525 6561 
3 6517 6525 6544 
3 6491 6504 6568 
3 6568 6525 6491 
3 6568 6467 6557 
3 6504 6467 6568 
3 4337 6525 4332 
3 6525 6568 4332 
3 4337 6561 6525 
3 4332 6568 6557 
3 6557 4343 4332 
3 6005 6006 6463 
3 6006 6435 6463 
3 6006 6594 6435 
3 6463 6477 6007 
3 6007 6005 6463 
3 5957 6594 6006 
3 6477 6516 6008 
3 6008 6007 6477 
3 6008 6032 5753 
3 6516 6032 6008 
3 7599 7609 7664 
3 7664 7659 7599 
3 7609 7699 7709 
3 7709 7664 7609 
3 7659 7664 7725 
3 7725 7717 7659 
3 7664 7709 7740 
3 7740 7725 7664 
3 7828 7761 7845 
3 7749 7761 7828 
3 7845 7855 7856 
3 7761 7855 7845 
3 7699 7845 7858 
3 7828 7845 7699 
3 7858 7856 7865 
3 7845 7856 7858 
3 7856 7886 7895 
3 7855 7886 7856 
3 7895 7901 7908 
3 7886 7901 7895 
3 7856 7895 7910 
3 7910 7865 7856 
3 7895 7908 7934 
3 7934 7910 7895 
3 7709 7858 7951 
3 7699 7858 7709 
3 7858 7865 7956 
3 7956 7951 7858 
3 7740 7951 7860 
3 7709 7951 7740 
3 7951 7956 7873 
3 7873 7860 7951 
3 7956 7910 7961 
3 7865 7910 7956 
3 7961 7934 7973 
3 7910 7934 7961 
3 7873 7961 7906 
3 7956 7961 7873 
3 7961 7973 7554 
3 7554 7906 7961 
3 5751 5741 7994 
3 7994 5766 8026 
3 5741 5766 7994 
3 5803 5777 8045 
3 5777 5813 8050 
3 8050 8045 5777 
3 5842 5830 8085 
3 8050 5849 8093 
3 5813 5849 8050 
3 8100 5842 8085 
3 8100 8093 5842 
3 8093 5849 5842 
3 8110 5803 8045 
3 8110 7707 5803 
3 7707 5836 5803 
3 8110 8050 8150 
3 8045 8050 8110 
3 7721 8110 7772 
3 7707 8110 7721 
3 8110 8150 7805 
3 7805 7772 8110 
3 8050 8093 8156 
3 8156 8150 8050 
3 8156 8100 8161 
3 8093 8100 8156 
3 8150 8156 7928 
3 7928 7805 8150 
3 8156 8161 7942 
3 7942 7928 8156 
3 8085 5853 8169 
3 5830 5853 8085 
3 5853 5864 8177 
3 8177 8169 5853 
3 8100 8169 7210 
3 8085 8169 8100 
3 7220 7212 8177 
3 7212 8169 8177 
3 7212 7210 8169 
3 7198 5751 7994 
3 7198 8177 5751 
3 8177 5864 5751 
3 7119 7200 8026 
3 7200 7994 8026 
3 7200 7198 7994 
3 7207 7236 7203 
3 7236 8177 7203 
3 8177 7198 7203 
3 7236 7220 8177 
3 7226 8161 7216 
3 8161 8100 7216 
3 8100 7210 7216 
3 7439 7942 6952 
3 7942 7233 6952 
3 7942 8161 7233 
3 8161 7226 7233 
3 5925 5909 8191 
3 8026 5941 8220 
3 5766 5941 8026 
3 8225 5941 8191 
3 5941 5925 8191 
3 8225 8220 5941 
3 8191 5946 8227 
3 5909 5946 8191 
3 5946 5948 8229 
3 8229 8227 5946 
3 8191 8227 8234 
3 8234 8225 8191 
3 8234 8229 7592 
3 8227 8229 8234 
3 5977 5962 7286 
3 7011 7288 7271 
3 7288 5962 7271 
3 5962 5523 7271 
3 7288 7286 5962 
3 5528 5953 7282 
3 7282 7279 5528 
3 6984 8229 7289 
3 8229 5977 7289 
3 5977 7286 7289 
3 8229 5948 5977 
3 7003 7592 6994 
3 7592 8229 6994 
3 8229 6984 6994 
3 7129 7124 8220 
3 7124 8026 8220 
3 7124 7119 8026 
3 8220 8225 8242 
3 8242 7129 8220 
3 7546 7131 8242 
3 7131 7129 8242 
3 7546 7140 7131 
3 8242 8234 8251 
3 8225 8234 8242 
3 8251 7592 7366 
3 8234 7592 8251 
3 7546 8251 7550 
3 8242 8251 7546 
3 7382 7550 7373 
3 7550 8251 7373 
3 8251 7366 7373 
3 7319 7313 7546 
3 7313 7296 7546 
3 7296 6902 7546 
3 6902 7140 7546 
3 7313 7308 7296 
3 7323 7461 7316 
3 7461 7457 7316 
3 7457 7304 7316 
3 7304 7308 7316 
3 7457 7299 7304 
3 949 1217 956 
3 959 1226 983 
3 1010 1226 959 
3 1234 1226 1010 
3 1235 1234 1010 
3 1010 1018 1235 
3 1050 1237 1022 
3 1279 1237 1050 
3 1050 983 1279 
3 983 1296 1279 
3 983 1226 1296 
3 1237 1279 1371 
3 1371 1363 1237 
3 1279 1296 1385 
3 1385 1371 1279 
3 1296 1234 1394 
3 1226 1234 1296 
3 1234 1235 1414 
3 1414 1394 1234 
3 1296 1394 1423 
3 1423 1385 1296 
3 1394 1414 1433 
3 1433 1423 1394 
3 1059 1448 1062 
3 1083 1235 1018 
3 1461 1235 1083 
3 1083 1062 1461 
3 1062 1448 1461 
3 1448 1476 1461 
3 1103 1448 1059 
3 1528 1448 1103 
3 1103 956 1528 
3 956 1217 1528 
3 1217 1548 1528 
3 1448 1528 1583 
3 1583 1476 1448 
3 1528 1548 1608 
3 1608 1583 1528 
3 1414 1461 1633 
3 1235 1461 1414 
3 1461 1476 1642 
3 1642 1633 1461 
3 1414 1633 1646 
3 1646 1433 1414 
3 1633 1642 1657 
3 1657 1646 1633 
3 1476 1583 1719 
3 1719 1642 1476 
3 1719 1608 1730 
3 1583 1608 1719 
3 1657 1719 1732 
3 1642 1719 1657 
3 1719 1730 1778 
3 1778 1732 1719 
3 1183 1217 949 
3 1846 1217 1183 
3 1852 1846 1183 
3 1183 1188 1852 
3 1192 1866 1196 
3 1948 1852 1188 
3 1188 1198 1948 
3 1198 1978 1948 
3 1198 1196 1978 
3 1196 1866 1978 
3 938 2004 1200 
3 1202 1866 1192 
3 2019 1866 1202 
3 1204 2019 1202 
3 2034 2019 1204 
3 1866 2019 2048 
3 2048 1978 1866 
3 2048 2034 2049 
3 2019 2034 2048 
3 2050 2034 1204 
3 1204 1206 2050 
3 1206 1200 2050 
3 1200 2051 2050 
3 1200 2004 2051 
3 2034 2050 2052 
3 2052 2049 2034 
3 2050 2051 2111 
3 2111 2052 2050 
3 1548 1846 2121 
3 1217 1846 1548 
3 1846 1852 2137 
3 2137 2121 1846 
3 1548 2121 2167 
3 2167 1608 1548 
3 2121 2137 2175 
3 2175 2167 2121 
3 1852 1948 2203 
3 2203 2137 1852 
3 1948 1978 2210 
3 2210 2203 1948 
3 2175 2203 2212 
3 2137 2203 2175 
3 2203 2210 2214 
3 2214 2212 2203 
3 1730 2167 2224 
3 1608 2167 1730 
3 2224 2175 2238 
3 2167 2175 2224 
3 1730 2224 1864 
3 1864 1778 1730 
3 1864 2238 1893 
3 2224 2238 1864 
3 2175 2212 2246 
3 2246 2238 2175 
3 2212 2214 2247 
3 2247 2246 2212 
3 2238 2246 1972 
3 1972 1893 2238 
3 1972 2247 2003 
3 2246 2247 1972 
3 2210 2048 2257 
3 1978 2048 2210 
3 2048 2049 2280 
3 2280 2257 2048 
3 2210 2257 2290 
3 2290 2214 2210 
3 2290 2280 2301 
3 2257 2280 2290 
3 2049 2052 2309 
3 2309 2280 2049 
3 2052 2111 2354 
3 2354 2309 2052 
3 2301 2309 2360 
3 2280 2309 2301 
3 2309 2354 2378 
3 2378 2360 2309 
3 2214 2290 2385 
3 2385 2247 2214 
3 2290 2301 2435 
3 2435 2385 2290 
3 2247 2385 2274 
3 2274 2003 2247 
3 2385 2435 2304 
3 2304 2274 2385 
3 2301 2360 2448 
3 2448 2435 2301 
3 2360 2378 2467 
3 2467 2448 2360 
3 2435 2448 2346 
3 2346 2304 2435 
3 2346 2467 1503 
3 2448 2467 2346 
3 1363 1371 2482 
3 2482 1535 1363 
3 1371 1385 2488 
3 2488 2482 1371 
3 1535 2482 2495 
3 2495 1593 1535 
3 2495 2488 2503 
3 2482 2488 2495 
3 1385 1423 2513 
3 2513 2488 1385 
3 1423 1433 2521 
3 2521 2513 1423 
3 2488 2513 2535 
3 2535 2503 2488 
3 2535 2521 2548 
3 2513 2521 2535 
3 1736 2495 2563 
3 1593 2495 1736 
3 2563 2503 2573 
3 2495 2503 2563 
3 1736 2563 1488 
3 1488 1445 1736 
3 2563 2573 1524 
3 1524 1488 2563 
3 2573 2535 2582 
3 2503 2535 2573 
3 2582 2548 2589 
3 2535 2548 2582 
3 2573 2582 1675 
3 1675 1524 2573 
3 1675 2589 1711 
3 2582 2589 1675 
3 1433 1646 2603 
3 2603 2521 1433 
3 1646 1657 2616 
3 2616 2603 1646 
3 2548 2603 2653 
3 2521 2603 2548 
3 2603 2616 1284 
3 1284 2653 2603 
3 1657 1732 2661 
3 2661 2616 1657 
3 1732 1778 1882 
3 1882 2661 1732 
3 2616 2661 1303 
3 1303 1284 2616 
3 2661 1882 1359 
3 1359 1303 2661 
3 2548 2653 2713 
3 2713 2589 2548 
3 2713 1284 1330 
3 2653 1284 2713 
3 2589 2713 1780 
3 1780 1711 2589 
3 2713 1330 1391 
3 1391 1780 2713 
3 3296 1610 1632 
3 3296 2078 1610 
3 2078 1580 1610 
3 3296 2107 2078 
3 3295 1749 1754 
3 3295 1632 1749 
3 3295 3296 1632 
3 656 655 3831 
3 3835 658 3833 
3 658 657 3833 
3 657 656 3833 
3 656 3831 3833 
3 3835 661 658 
3 3857 3915 3903 
3 3915 4224 3903 
3 4224 3810 3903 
3 4224 3835 3810 
3 3915 4198 4224 
3 4224 661 3835 
3 4224 947 661 
3 4224 4234 947 
3 3940 4224 4198 
3 3940 3986 4224 
3 3986 4246 4224 
3 4250 4224 4246 
3 4234 4224 4250 
3 4254 947 4234 
3 952 947 4254 
3 4259 952 4254 
3 972 952 4259 
3 4254 4234 4250 
3 4250 4261 4254 
3 4259 4254 4261 
3 4261 4262 4259 
3 981 972 4259 
3 994 4259 4262 
3 981 4259 994 
3 3997 4246 3986 
3 4250 4246 3997 
3 3997 3999 4250 
3 4261 4250 3999 
3 3999 4009 4261 
3 4009 4262 4261 
3 4009 4033 4262 
3 4033 4267 4262 
3 4271 4267 4033 
3 4033 4038 4271 
3 4275 4271 4038 
3 4038 4073 4275 
3 4210 4275 4073 
3 4073 3950 4210 
3 1005 4262 4267 
3 994 4262 1005 
3 1060 4267 4271 
3 1005 4267 1060 
3 1060 4271 4275 
3 4275 1072 1060 
3 1072 4275 4210 
3 4210 1077 1072 
3 4089 4277 4095 
3 4279 4277 4089 
3 4089 4109 4279 
3 4026 4206 3944 
3 4109 4113 4279 
3 4113 985 4279 
3 4113 1094 985 
3 3947 1094 4113 
3 1131 1094 3947 
3 3934 3925 4710 
3 3925 3946 4760 
3 4760 4710 3925 
3 3960 3951 4685 
3 4760 3965 4766 
3 3946 3965 4760 
3 4327 3965 3990 
3 4327 4328 3965 
3 4328 4766 3965 
3 4012 4002 4785 
3 4330 4373 4685 
3 4373 3960 4685 
3 4373 4002 3960 
3 4373 4785 4002 
3 4384 4327 4785 
3 4327 4012 4785 
3 4327 3990 4012 
3 4384 4785 4373 
3 4353 4690 4361 
3 4708 4695 4343 
3 4343 4376 4708 
3 4376 3956 4708 
3 4376 3922 3956 
3 4376 4361 3922 
3 4361 4690 3922 
3 4388 4690 4353 
3 4732 4690 4388 
3 4416 4732 4388 
3 3922 4690 4732 
3 4732 4029 3922 
3 4416 4437 4732 
3 4437 4029 4732 
3 4437 4037 4029 
3 4447 4735 4455 
3 4457 4746 4458 
3 4457 4455 4746 
3 4455 4051 4746 
3 4455 4044 4051 
3 4455 4735 4044 
3 4514 4773 4546 
3 4777 4773 4514 
3 4514 4553 4777 
3 4437 4546 4037 
3 4546 4773 4037 
3 4773 4066 4037 
3 4066 4773 4777 
3 4777 4080 4066 
3 4553 4458 4777 
3 4458 4085 4777 
3 4085 4093 4777 
3 4458 4746 4085 
3 4746 4051 4085 
3 4777 4093 4080 
3 4563 4693 4436 
3 4563 4570 4693 
3 4570 4010 4693 
3 4570 4111 4010 
3 4575 4111 4570 
3 4114 4111 4575 
3 4782 4735 4447 
3 4447 4580 4782 
3 4580 4605 4782 
3 4605 4153 4782 
3 4605 4134 4153 
3 4044 4735 4782 
3 4782 4159 4044 
3 4782 4153 4159 
3 4613 4134 4605 
3 4163 4134 4613 
3 3927 4163 4613 
3 4613 4387 3927 
3 6013 4487 6026 
3 4441 4487 6013 
3 6078 4419 6051 
3 6078 4487 4419 
3 6078 6026 4487 
3 6013 6026 6093 
3 6093 6091 6013 
3 6026 6078 6110 
3 6110 6093 6026 
3 4515 4496 6148 
3 4496 4542 6161 
3 6161 6148 4496 
3 6161 4493 6205 
3 4542 4493 6161 
3 4408 4590 6228 
3 6228 6051 4408 
3 6228 4590 4612 
3 4637 4630 6238 
3 4641 4639 6247 
3 6256 4637 6238 
3 6256 4639 4637 
3 6256 6247 4639 
3 6078 6228 6273 
3 6051 6228 6078 
3 6294 4612 4644 
3 6294 6273 4612 
3 6273 6228 4612 
3 6078 6273 6307 
3 6307 6110 6078 
3 6307 6294 6334 
3 6273 6294 6307 
3 6351 4641 6247 
3 6351 6294 4641 
3 6294 4644 4641 
3 6247 6256 6360 
3 6360 6351 6247 
3 6334 6351 6378 
3 6294 6351 6334 
3 6351 6360 6389 
3 6389 6378 6351 
3 4630 4653 6398 
3 6398 6238 4630 
3 6413 4515 6148 
3 6413 4653 4515 
3 6413 6398 4653 
3 6256 6398 6420 
3 6238 6398 6256 
3 6420 6413 6442 
3 6398 6413 6420 
3 6148 6161 6460 
3 6460 6413 6148 
3 6460 6205 6487 
3 6161 6205 6460 
3 6442 6460 6496 
3 6413 6460 6442 
3 6460 6487 6498 
3 6498 6496 6460 
3 6256 6420 6521 
3 6521 6360 6256 
3 6521 6442 6533 
3 6420 6442 6521 
3 6360 6521 6539 
3 6539 6389 6360 
3 6539 6533 6560 
3 6521 6533 6539 
3 6442 6496 6621 
3 6621 6533 6442 
3 6496 6498 6628 
3 6628 6621 6496 
3 6533 6621 6640 
3 6640 6560 6533 
3 6621 6628 6399 
3 6399 6640 6621 
3 4414 4341 6665 
3 4430 4428 6675 
3 4341 4442 6680 
3 6680 6665 4341 
3 6683 4430 6675 
3 6683 4442 4430 
3 6683 6680 4442 
3 6577 4485 6687 
3 4345 4485 6577 
3 6687 4485 4516 
3 4562 4533 6697 
3 6589 6687 6714 
3 6577 6687 6589 
3 6734 4516 4567 
3 6734 6714 4516 
3 6714 6687 4516 
3 6589 6714 6481 
3 6481 6457 6589 
3 6714 6734 6564 
3 6564 6481 6714 
3 6734 4568 6743 
3 4567 4568 6734 
3 6766 4562 6697 
3 6766 6743 4562 
3 6743 4568 4562 
3 6564 6743 6615 
3 6734 6743 6564 
3 6743 6766 6630 
3 6630 6615 6743 
3 4577 6665 6773 
3 4414 6665 4577 
3 6697 4578 6780 
3 4533 4578 6697 
3 6798 4577 6773 
3 6798 4578 4577 
3 6798 6780 4578 
3 6773 6680 6804 
3 6665 6680 6773 
3 6680 6683 6807 
3 6807 6804 6680 
3 6773 6804 6809 
3 6809 6798 6773 
3 6809 6807 6813 
3 6804 6807 6809 
3 6697 6780 6825 
3 6825 6766 6697 
3 6780 6798 6838 
3 6838 6825 6780 
3 6766 6825 6713 
3 6713 6630 6766 
3 6713 6838 6725 
3 6825 6838 6713 
3 6798 6809 6842 
3 6842 6838 6798 
3 6842 6813 6848 
3 6809 6813 6842 
3 6725 6842 6755 
3 6838 6842 6725 
3 6842 6848 6779 
3 6779 6755 6842 
3 6675 4428 4581 
3 6854 6683 4610 
3 6683 4581 4610 
3 6683 6675 4581 
3 4610 4616 6855 
3 6855 6854 4610 
3 4616 4625 6856 
3 6856 6855 4616 
3 4625 4636 6215 
3 6215 6856 4625 
3 4654 4650 6857 
3 4650 4658 6859 
3 6859 6857 4650 
3 4661 4660 6861 
3 6861 4660 4662 
3 6863 4658 6861 
3 4658 4661 6861 
3 6863 6859 4658 
3 6099 6863 4362 
3 6863 6861 4362 
3 6861 4662 4362 
3 4663 6857 6881 
3 4654 6857 4663 
3 6881 6859 6882 
3 6857 6859 6881 
3 6225 6215 6881 
3 6215 4663 6881 
3 6215 4636 4663 
3 6881 6882 6272 
3 6272 6225 6881 
3 6882 6863 6883 
3 6859 6863 6882 
3 6883 6099 6260 
3 6863 6099 6883 
3 6882 6883 6358 
3 6358 6272 6882 
3 6883 6260 6278 
3 6278 6358 6883 
3 6807 6854 6884 
3 6683 6854 6807 
3 6854 6855 6885 
3 6885 6884 6854 
3 6813 6884 6886 
3 6807 6884 6813 
3 6884 6885 6029 
3 6029 6886 6884 
3 6885 6856 6887 
3 6855 6856 6885 
3 6856 6215 6227 
3 6227 6887 6856 
3 6029 6887 6080 
3 6885 6887 6029 
3 6887 6227 6149 
3 6149 6080 6887 
3 6813 6886 6888 
3 6888 6848 6813 
3 6888 6029 6130 
3 6886 6029 6888 
3 6779 6888 6805 
3 6848 6888 6779 
3 6888 6130 6163 
3 6163 6805 6888 
3 5743 5734 7547 
3 5786 5745 7588 
3 7547 5804 7553 
3 5734 5804 7547 
3 7600 5786 7588 
3 7600 5804 5786 
3 7600 7553 5804 
3 5866 5844 7661 
3 7661 5867 7668 
3 5844 5867 7661 
3 7668 5868 7689 
3 5867 5868 7668 
3 5870 5869 7702 
3 7689 5871 7732 
3 5868 5871 7689 
3 7742 5870 7702 
3 7742 7732 5870 
3 7732 5871 5870 
3 5869 5873 7745 
3 7745 7702 5869 
3 5873 5874 7747 
3 7747 7745 5873 
3 7702 7745 7755 
3 7755 7742 7702 
3 7745 7747 7759 
3 7759 7755 7745 
3 7558 5875 7770 
3 5740 5875 7558 
3 7781 5866 7661 
3 7781 5875 5866 
3 7781 7770 5875 
3 7782 5779 7770 
3 5779 7558 7770 
3 7782 5878 5779 
3 7770 7781 7787 
3 7787 7782 7770 
3 7781 7668 7804 
3 7661 7668 7781 
3 7804 7689 7848 
3 7668 7689 7804 
3 7787 7804 7854 
3 7781 7804 7787 
3 7854 7848 7871 
3 7804 7848 7854 
3 5878 7782 7879 
3 7879 5879 5878 
3 7879 7787 7882 
3 7782 7787 7879 
3 5840 7879 7887 
3 5879 7879 5840 
3 7887 7882 7896 
3 7879 7882 7887 
3 7787 7854 7907 
3 7907 7882 7787 
3 7907 7871 7913 
3 7854 7871 7907 
3 7882 7907 7921 
3 7921 7896 7882 
3 7907 7913 7932 
3 7932 7921 7907 
3 7848 7732 7955 
3 7689 7732 7848 
3 7732 7742 7963 
3 7963 7955 7732 
3 7871 7955 7985 
3 7848 7955 7871 
3 7985 7963 7999 
3 7955 7963 7985 
3 7963 7755 8002 
3 7742 7755 7963 
3 7755 7759 7909 
3 7909 8002 7755 
3 7963 8002 8003 
3 8003 7999 7963 
3 8003 7909 7933 
3 8002 7909 8003 
3 7871 7985 8005 
3 8005 7913 7871 
3 7985 7999 8006 
3 8006 8005 7985 
3 7932 8005 8018 
3 7913 8005 7932 
3 8018 8006 8022 
3 8005 8006 8018 
3 8006 8003 8032 
3 7999 8003 8006 
3 8032 7933 7992 
3 8003 7933 8032 
3 8006 8032 8055 
3 8055 8022 8006 
3 8055 7992 7557 
3 8032 7992 8055 
3 5887 5883 8062 
3 8062 5918 8066 
3 5883 5918 8062 
3 5927 5926 8068 
3 5926 5929 8073 
3 8073 8068 5926 
3 8077 5927 8068 
3 8077 8066 5927 
3 8066 5918 5927 
3 8077 8073 7736 
3 8068 8073 8077 
3 8081 7747 8062 
3 7747 5887 8062 
3 7747 5874 5887 
3 8081 8066 8087 
3 8062 8066 8081 
3 7747 8081 7902 
3 7902 7759 7747 
3 7902 8087 7919 
3 8081 8087 7902 
3 8087 8077 8091 
3 8066 8077 8087 
3 8091 7736 7775 
3 8077 7736 8091 
3 8087 8091 7952 
3 7952 7919 8087 
3 8091 7775 7825 
3 7825 7952 8091 
3 8073 5967 8103 
3 5929 5967 8073 
3 7567 5743 7547 
3 7567 8103 5743 
3 8103 5967 5743 
3 8073 8103 7743 
3 7743 7736 8073 
3 7743 7567 7693 
3 8103 7567 7743 
