<?xml version="1.0" encoding="UTF-8"?>
<osm version="0.6" generator="Overpass API 0.7.62.8 e802775f">
<note>The data included in this document is from www.openstreetmap.org. The data is made available under ODbL.</note>
<meta osm_base="2025-11-04T03:48:44Z"/>

  <bounds minlat="35.7197990" minlon="-78.7037964" maxlat="35.7335014" maxlon="-78.6908035"/>

  <node id="195629408" lat="35.7234131" lon="-78.7085182" version="3" timestamp="2016-06-19T13:58:43Z" changeset="40136366" uid="1694880" user="sandhill"/>
  <node id="195629410" lat="35.7233796" lon="-78.7082550" version="3" timestamp="2016-06-19T13:58:43Z" changeset="40136366" uid="1694880" user="sandhill"/>
  <node id="195629412" lat="35.7232983" lon="-78.7078774" version="3" timestamp="2016-06-19T13:58:43Z" changeset="40136366" uid="1694880" user="sandhill"/>
  <node id="195629414" lat="35.7231877" lon="-78.7076464" version="3" timestamp="2016-06-19T13:58:43Z" changeset="40136366" uid="1694880" user="sandhill"/>
  <node id="195629416" lat="35.7229397" lon="-78.7072734" version="3" timestamp="2016-06-19T13:58:43Z" changeset="40136366" uid="1694880" user="sandhill"/>
  <node id="195629418" lat="35.7228579" lon="-78.7071155" version="3" timestamp="2016-06-19T13:58:43Z" changeset="40136366" uid="1694880" user="sandhill"/>
  <node id="195629420" lat="35.7228132" lon="-78.7069596" version="3" timestamp="2016-06-19T13:58:43Z" changeset="40136366" uid="1694880" user="sandhill"/>
  <node id="195629422" lat="35.7227993" lon="-78.7066432" version="3" timestamp="2016-06-19T13:58:43Z" changeset="40136366" uid="1694880" user="sandhill"/>
  <node id="195629424" lat="35.7228139" lon="-78.7065067" version="3" timestamp="2016-06-19T13:58:43Z" changeset="40136366" uid="1694880" user="sandhill"/>
  <node id="195629426" lat="35.7228836" lon="-78.7062972" version="3" timestamp="2016-06-19T13:58:43Z" changeset="40136366" uid="1694880" user="sandhill"/>
  <node id="195629428" lat="35.7230827" lon="-78.7059151" version="3" timestamp="2016-06-19T13:58:43Z" changeset="40136366" uid="1694880" user="sandhill"/>
  <node id="195629430" lat="35.7232987" lon="-78.7054750" version="3" timestamp="2016-06-19T13:47:49Z" changeset="40136154" uid="1694880" user="sandhill"/>
  <node id="195629432" lat="35.7233604" lon="-78.7053062" version="3" timestamp="2016-06-19T13:58:43Z" changeset="40136366" uid="1694880" user="sandhill"/>
  <node id="195629434" lat="35.7234079" lon="-78.7050711" version="3" timestamp="2016-06-19T13:58:43Z" changeset="40136366" uid="1694880" user="sandhill"/>
  <node id="195629436" lat="35.7234125" lon="-78.7047435" version="3" timestamp="2016-06-19T13:58:43Z" changeset="40136366" uid="1694880" user="sandhill"/>
  <node id="195629437" lat="35.7233889" lon="-78.7045281" version="3" timestamp="2016-06-19T13:58:43Z" changeset="40136366" uid="1694880" user="sandhill"/>
  <node id="195629438" lat="35.7232631" lon="-78.7041717" version="3" timestamp="2016-06-19T13:58:43Z" changeset="40136366" uid="1694880" user="sandhill"/>
  <node id="195629440" lat="35.7229681" lon="-78.7036236" version="4" timestamp="2019-11-26T12:26:51Z" changeset="77574203" uid="10192121" user="jamenimm">
    <tag k="highway" v="turning_circle"/>
  </node>
  <node id="195631248" lat="35.7212639" lon="-78.7041368" version="4" timestamp="2021-06-08T02:23:01Z" changeset="106000844" uid="1694880" user="sandhill">
    <tag k="highway" v="turning_circle"/>
  </node>
  <node id="195690022" lat="35.7465720" lon="-78.6973710" version="2" timestamp="2009-12-22T08:27:04Z" changeset="3425312" uid="147510" user="woodpeck_fixbot"/>
  <node id="195690024" lat="35.7454960" lon="-78.6975070" version="2" timestamp="2009-12-22T08:27:04Z" changeset="3425312" uid="147510" user="woodpeck_fixbot"/>
  <node id="195690026" lat="35.7444560" lon="-78.6976840" version="2" timestamp="2009-10-19T17:15:30Z" changeset="2895254" uid="147510" user="woodpeck_fixbot"/>
  <node id="195690029" lat="35.7442420" lon="-78.6977500" version="2" timestamp="2009-12-22T08:27:04Z" changeset="3425312" uid="147510" user="woodpeck_fixbot"/>
  <node id="195690032" lat="35.7439840" lon="-78.6978600" version="2" timestamp="2009-12-22T08:27:04Z" changeset="3425312" uid="147510" user="woodpeck_fixbot"/>
  <node id="195690034" lat="35.7437090" lon="-78.6980140" version="2" timestamp="2009-10-19T17:15:30Z" changeset="2895254" uid="147510" user="woodpeck_fixbot"/>
  <node id="195690036" lat="35.7435130" lon="-78.6981790" version="2" timestamp="2009-12-22T08:27:04Z" changeset="3425312" uid="147510" user="woodpeck_fixbot"/>
  <node id="195690040" lat="35.7432560" lon="-78.6984960" version="2" timestamp="2009-12-22T08:27:04Z" changeset="3425312" uid="147510" user="woodpeck_fixbot"/>
  <node id="195690042" lat="35.7431060" lon="-78.6987480" version="2" timestamp="2009-10-19T17:15:30Z" changeset="2895254" uid="147510" user="woodpeck_fixbot"/>
  <node id="195690044" lat="35.7429470" lon="-78.6990970" version="2" timestamp="2009-12-22T08:27:04Z" changeset="3425312" uid="147510" user="woodpeck_fixbot"/>
  <node id="195690046" lat="35.7427790" lon="-78.6995450" version="2" timestamp="2009-12-22T08:27:04Z" changeset="3425312" uid="147510" user="woodpeck_fixbot"/>
  <node id="195690048" lat="35.7426370" lon="-78.6998610" version="2" timestamp="2009-10-19T17:15:31Z" changeset="2895254" uid="147510" user="woodpeck_fixbot"/>
  <node id="195690050" lat="35.7424690" lon="-78.7001570" version="2" timestamp="2009-12-22T08:27:04Z" changeset="3425312" uid="147510" user="woodpeck_fixbot"/>
  <node id="195690052" lat="35.7422650" lon="-78.7004090" version="2" timestamp="2009-12-22T08:27:04Z" changeset="3425312" uid="147510" user="woodpeck_fixbot"/>
  <node id="195690055" lat="35.7420250" lon="-78.7006390" version="2" timestamp="2009-10-19T17:15:31Z" changeset="2895254" uid="147510" user="woodpeck_fixbot"/>
  <node id="195690057" lat="35.7417410" lon="-78.7008580" version="2" timestamp="2009-12-22T08:27:04Z" changeset="3425312" uid="147510" user="woodpeck_fixbot"/>
  <node id="195690059" lat="35.7414530" lon="-78.7010110" version="2" timestamp="2009-12-22T08:27:04Z" changeset="3425312" uid="147510" user="woodpeck_fixbot"/>
  <node id="195690061" lat="35.7411870" lon="-78.7010780" version="2" timestamp="2009-10-19T17:15:31Z" changeset="2895254" uid="147510" user="woodpeck_fixbot"/>
  <node id="195690062" lat="35.7408830" lon="-78.7010900" version="2" timestamp="2009-12-22T08:27:04Z" changeset="3425312" uid="147510" user="woodpeck_fixbot"/>
  <node id="195690064" lat="35.7406008" lon="-78.7010440" version="3" timestamp="2020-07-24T14:34:14Z" changeset="88463514" uid="10114008" user="bhardwk"/>
  <node id="195690066" lat="35.7403140" lon="-78.7009620" version="2" timestamp="2009-10-19T17:15:31Z" changeset="2895254" uid="147510" user="woodpeck_fixbot"/>
  <node id="195690068" lat="35.7399750" lon="-78.7007780" version="2" timestamp="2009-12-22T08:27:04Z" changeset="3425312" uid="147510" user="woodpeck_fixbot"/>
  <node id="195690070" lat="35.7396370" lon="-78.7004730" version="2" timestamp="2009-10-19T17:15:31Z" changeset="2895254" uid="147510" user="woodpeck_fixbot"/>
  <node id="195690072" lat="35.7389140" lon="-78.6997120" version="2" timestamp="2009-12-22T08:27:04Z" changeset="3425312" uid="147510" user="woodpeck_fixbot"/>
  <node id="195690074" lat="35.7381730" lon="-78.6989520" version="2" timestamp="2009-12-22T08:27:04Z" changeset="3425312" uid="147510" user="woodpeck_fixbot"/>
  <node id="195690076" lat="35.7379410" lon="-78.6986790" version="2" timestamp="2009-10-19T17:15:31Z" changeset="2895254" uid="147510" user="woodpeck_fixbot"/>
  <node id="195690080" lat="35.7377540" lon="-78.6984740" version="2" timestamp="2009-12-22T08:27:04Z" changeset="3425312" uid="147510" user="woodpeck_fixbot"/>
  <node id="195690083" lat="35.7375310" lon="-78.6982770" version="2" timestamp="2009-12-22T08:27:04Z" changeset="3425312" uid="147510" user="woodpeck_fixbot"/>
  <node id="195690085" lat="35.7373939" lon="-78.6981800" version="3" timestamp="2020-01-16T03:52:57Z" changeset="79630615" uid="8683374" user="talukdm"/>
  <node id="195690087" lat="35.7371170" lon="-78.6980635" version="3" timestamp="2020-01-16T03:52:57Z" changeset="79630615" uid="8683374" user="talukdm"/>
  <node id="195690089" lat="35.7368710" lon="-78.6980180" version="2" timestamp="2009-12-22T08:27:05Z" changeset="3425312" uid="147510" user="woodpeck_fixbot"/>
  <node id="195690091" lat="35.7366210" lon="-78.6980090" version="2" timestamp="2009-10-19T17:15:31Z" changeset="2895254" uid="147510" user="woodpeck_fixbot"/>
  <node id="195690093" lat="35.7364430" lon="-78.6980300" version="2" timestamp="2009-12-22T08:27:05Z" changeset="3425312" uid="147510" user="woodpeck_fixbot"/>
  <node id="195690095" lat="35.7361230" lon="-78.6981520" version="2" timestamp="2009-12-22T08:27:05Z" changeset="3425312" uid="147510" user="woodpeck_fixbot"/>
  <node id="195690097" lat="35.7353950" lon="-78.6984720" version="2" timestamp="2009-10-19T17:15:31Z" changeset="2895254" uid="147510" user="woodpeck_fixbot"/>
  <node id="195690099" lat="35.7351550" lon="-78.6985490" version="2" timestamp="2009-12-22T08:27:05Z" changeset="3425312" uid="147510" user="woodpeck_fixbot"/>
  <node id="195690100" lat="35.7349240" lon="-78.6986040" version="2" timestamp="2009-12-22T08:27:05Z" changeset="3425312" uid="147510" user="woodpeck_fixbot"/>
  <node id="195690102" lat="35.7346380" lon="-78.6985940" version="2" timestamp="2009-10-19T17:15:31Z" changeset="2895254" uid="147510" user="woodpeck_fixbot"/>
  <node id="195690104" lat="35.7343000" lon="-78.6985730" version="2" timestamp="2009-12-22T08:27:05Z" changeset="3425312" uid="147510" user="woodpeck_fixbot"/>
  <node id="195690106" lat="35.7338020" lon="-78.6984230" version="2" timestamp="2009-12-22T08:27:05Z" changeset="3425312" uid="147510" user="woodpeck_fixbot"/>
  <node id="195690109" lat="35.7331340" lon="-78.6981410" version="2" timestamp="2009-10-19T17:15:31Z" changeset="2895254" uid="147510" user="woodpeck_fixbot"/>
  <node id="195690111" lat="35.7325880" lon="-78.6978160" version="2" timestamp="2009-12-22T08:27:05Z" changeset="3425312" uid="147510" user="woodpeck_fixbot"/>
  <node id="195690113" lat="35.7318840" lon="-78.6973930" version="2" timestamp="2009-12-22T08:27:05Z" changeset="3425312" uid="147510" user="woodpeck_fixbot"/>
  <node id="195690115" lat="35.7302800" lon="-78.6963190" version="2" timestamp="2009-10-19T17:15:31Z" changeset="2895254" uid="147510" user="woodpeck_fixbot"/>
  <node id="195690117" lat="35.7294600" lon="-78.6957010" version="2" timestamp="2009-12-22T08:27:05Z" changeset="3425312" uid="147510" user="woodpeck_fixbot"/>
  <node id="195690119" lat="35.7290830" lon="-78.6954290" version="2" timestamp="2009-12-22T08:27:05Z" changeset="3425312" uid="147510" user="woodpeck_fixbot"/>
  <node id="195690121" lat="35.7287450" lon="-78.6951690" version="2" timestamp="2009-10-19T17:15:32Z" changeset="2895254" uid="147510" user="woodpeck_fixbot"/>
  <node id="195690122" lat="35.7285130" lon="-78.6950170" version="2" timestamp="2009-12-22T08:27:05Z" changeset="3425312" uid="147510" user="woodpeck_fixbot"/>
  <node id="195690124" lat="35.7283080" lon="-78.6948440" version="2" timestamp="2009-12-22T08:27:05Z" changeset="3425312" uid="147510" user="woodpeck_fixbot"/>
  <node id="195690126" lat="35.7281120" lon="-78.6947250" version="2" timestamp="2009-10-19T17:15:32Z" changeset="2895254" uid="147510" user="woodpeck_fixbot"/>
  <node id="195690128" lat="35.7277650" lon="-78.6946050" version="2" timestamp="2009-12-22T08:27:05Z" changeset="3425312" uid="147510" user="woodpeck_fixbot"/>
  <node id="195690130" lat="35.7258680" lon="-78.6941880" version="2" timestamp="2009-12-22T08:27:06Z" changeset="3425312" uid="147510" user="woodpeck_fixbot"/>
  <node id="195690131" lat="35.7256010" lon="-78.6941440" version="2" timestamp="2009-10-19T17:15:32Z" changeset="2895254" uid="147510" user="woodpeck_fixbot"/>
  <node id="195690134" lat="35.7253430" lon="-78.6940690" version="2" timestamp="2009-12-22T08:27:06Z" changeset="3425312" uid="147510" user="woodpeck_fixbot"/>
  <node id="195690136" lat="35.7252270" lon="-78.6939830" version="2" timestamp="2009-12-22T08:27:06Z" changeset="3425312" uid="147510" user="woodpeck_fixbot"/>
  <node id="195690138" lat="35.7251640" lon="-78.6938410" version="2" timestamp="2009-10-19T17:15:32Z" changeset="2895254" uid="147510" user="woodpeck_fixbot"/>
  <node id="195690140" lat="35.7251100" lon="-78.6936440" version="2" timestamp="2009-12-22T08:27:06Z" changeset="3425312" uid="147510" user="woodpeck_fixbot"/>
  <node id="195690142" lat="35.7251010" lon="-78.6933070" version="2" timestamp="2009-12-22T08:27:06Z" changeset="3425312" uid="147510" user="woodpeck_fixbot"/>
  <node id="195690144" lat="35.7251070" lon="-78.6922400" version="2" timestamp="2009-10-19T17:15:32Z" changeset="2895254" uid="147510" user="woodpeck_fixbot"/>
  <node id="195690146" lat="35.7251060" lon="-78.6918910" version="2" timestamp="2009-12-22T08:27:06Z" changeset="3425312" uid="147510" user="woodpeck_fixbot"/>
  <node id="195690148" lat="35.7251320" lon="-78.6916170" version="2" timestamp="2009-12-22T08:27:06Z" changeset="3425312" uid="147510" user="woodpeck_fixbot"/>
  <node id="195690150" lat="35.7251840" lon="-78.6912800" version="2" timestamp="2009-10-19T17:15:32Z" changeset="2895254" uid="147510" user="woodpeck_fixbot"/>
  <node id="195690152" lat="35.7252900" lon="-78.6908760" version="2" timestamp="2009-12-22T08:27:06Z" changeset="3425312" uid="147510" user="woodpeck_fixbot"/>
  <node id="195690154" lat="35.7253700" lon="-78.6906140" version="2" timestamp="2009-12-22T08:27:06Z" changeset="3425312" uid="147510" user="woodpeck_fixbot"/>
  <node id="195690156" lat="35.7253870" lon="-78.6905590" version="2" timestamp="2009-10-19T17:15:32Z" changeset="2895254" uid="147510" user="woodpeck_fixbot"/>
  <node id="195690158" lat="35.7254840" lon="-78.6901230" version="2" timestamp="2009-12-22T08:27:06Z" changeset="3425312" uid="147510" user="woodpeck_fixbot"/>
  <node id="195690160" lat="35.7255010" lon="-78.6898720" version="2" timestamp="2009-10-19T17:15:33Z" changeset="2895254" uid="147510" user="woodpeck_fixbot"/>
  <node id="195690162" lat="35.7254550" lon="-78.6894570" version="2" timestamp="2009-12-22T08:27:06Z" changeset="3425312" uid="147510" user="woodpeck_fixbot"/>
  <node id="195690165" lat="35.7253740" lon="-78.6891950" version="2" timestamp="2009-12-22T08:27:06Z" changeset="3425312" uid="147510" user="woodpeck_fixbot"/>
  <node id="195690167" lat="35.7253030" lon="-78.6889450" version="2" timestamp="2009-10-19T17:15:33Z" changeset="2895254" uid="147510" user="woodpeck_fixbot"/>
  <node id="195690170" lat="35.7252750" lon="-78.6887160" version="2" timestamp="2009-12-22T08:27:06Z" changeset="3425312" uid="147510" user="woodpeck_fixbot"/>
  <node id="195690171" lat="35.7253280" lon="-78.6884100" version="2" timestamp="2009-12-22T08:27:06Z" changeset="3425312" uid="147510" user="woodpeck_fixbot"/>
  <node id="195690173" lat="35.7254250" lon="-78.6882250" version="2" timestamp="2009-10-19T17:15:33Z" changeset="2895254" uid="147510" user="woodpeck_fixbot"/>
  <node id="195690175" lat="35.7255940" lon="-78.6879950" version="2" timestamp="2009-12-22T08:27:06Z" changeset="3425312" uid="147510" user="woodpeck_fixbot"/>
  <node id="195690177" lat="35.7258510" lon="-78.6877430" version="2" timestamp="2009-12-22T08:27:06Z" changeset="3425312" uid="147510" user="woodpeck_fixbot"/>
  <node id="373655605" lat="35.7177044" lon="-78.6860892" version="1" timestamp="2009-04-13T04:30:50Z" changeset="463859" uid="38487" user="jumbanho"/>
  <node id="373655607" lat="35.7179135" lon="-78.6861167" version="1" timestamp="2009-04-13T04:30:50Z" changeset="463859" uid="38487" user="jumbanho"/>
  <node id="373655610" lat="35.7182170" lon="-78.6861556" version="1" timestamp="2009-04-13T04:30:51Z" changeset="463859" uid="38487" user="jumbanho"/>
  <node id="373655612" lat="35.7187070" lon="-78.6862069" version="1" timestamp="2009-04-13T04:30:51Z" changeset="463859" uid="38487" user="jumbanho"/>
  <node id="373655614" lat="35.7195857" lon="-78.6862339" version="1" timestamp="2009-04-13T04:30:51Z" changeset="463859" uid="38487" user="jumbanho"/>
  <node id="373655616" lat="35.7197168" lon="-78.6862382" version="1" timestamp="2009-04-13T04:30:51Z" changeset="463859" uid="38487" user="jumbanho"/>
  <node id="373655618" lat="35.7197560" lon="-78.6862401" version="1" timestamp="2009-04-13T04:30:52Z" changeset="463859" uid="38487" user="jumbanho"/>
  <node id="373655620" lat="35.7197954" lon="-78.6862407" version="1" timestamp="2009-04-13T04:30:52Z" changeset="463859" uid="38487" user="jumbanho"/>
  <node id="373655621" lat="35.7198345" lon="-78.6862405" version="1" timestamp="2009-04-13T04:30:52Z" changeset="463859" uid="38487" user="jumbanho"/>
  <node id="373655624" lat="35.7198739" lon="-78.6862383" version="1" timestamp="2009-04-13T04:30:53Z" changeset="463859" uid="38487" user="jumbanho"/>
  <node id="373655635" lat="35.7199519" lon="-78.6862304" version="1" timestamp="2009-04-13T04:30:56Z" changeset="463859" uid="38487" user="jumbanho"/>
  <node id="373655637" lat="35.7199910" lon="-78.6862247" version="1" timestamp="2009-04-13T04:30:56Z" changeset="463859" uid="38487" user="jumbanho"/>
  <node id="373655638" lat="35.7200299" lon="-78.6862176" version="1" timestamp="2009-04-13T04:30:56Z" changeset="463859" uid="38487" user="jumbanho"/>
  <node id="373655640" lat="35.7201064" lon="-78.6861994" version="1" timestamp="2009-04-13T04:30:57Z" changeset="463859" uid="38487" user="jumbanho"/>
  <node id="373655642" lat="35.7201444" lon="-78.6861882" version="1" timestamp="2009-04-13T04:30:57Z" changeset="463859" uid="38487" user="jumbanho"/>
  <node id="373655644" lat="35.7202201" lon="-78.6861623" version="1" timestamp="2009-04-13T04:30:57Z" changeset="463859" uid="38487" user="jumbanho"/>
  <node id="373655646" lat="35.7202577" lon="-78.6861477" version="1" timestamp="2009-04-13T04:30:58Z" changeset="463859" uid="38487" user="jumbanho"/>
  <node id="373655662" lat="35.7203307" lon="-78.6861142" version="1" timestamp="2009-04-13T04:31:01Z" changeset="463859" uid="38487" user="jumbanho"/>
  <node id="373655664" lat="35.7203673" lon="-78.6860954" version="1" timestamp="2009-04-13T04:31:01Z" changeset="463859" uid="38487" user="jumbanho"/>
  <node id="373655666" lat="35.7204027" lon="-78.6860760" version="1" timestamp="2009-04-13T04:31:01Z" changeset="463859" uid="38487" user="jumbanho"/>
  <node id="373655668" lat="35.7204379" lon="-78.6860551" version="1" timestamp="2009-04-13T04:31:02Z" changeset="463859" uid="38487" user="jumbanho"/>
  <node id="373655670" lat="35.7204729" lon="-78.6860335" version="1" timestamp="2009-04-13T04:31:02Z" changeset="463859" uid="38487" user="jumbanho"/>
  <node id="373655672" lat="35.7205409" lon="-78.6859856" version="1" timestamp="2009-04-13T04:31:02Z" changeset="463859" uid="38487" user="jumbanho"/>
  <node id="373655674" lat="35.7206071" lon="-78.6859335" version="1" timestamp="2009-04-13T04:31:03Z" changeset="463859" uid="38487" user="jumbanho"/>
  <node id="373655675" lat="35.7206346" lon="-78.6859099" version="1" timestamp="2009-04-13T04:31:03Z" changeset="463859" uid="38487" user="jumbanho"/>
  <node id="373655677" lat="35.7210675" lon="-78.6855760" version="1" timestamp="2009-04-13T04:31:03Z" changeset="463859" uid="38487" user="jumbanho"/>
  <node id="373655679" lat="35.7217331" lon="-78.6850442" version="1" timestamp="2009-04-13T04:31:03Z" changeset="463859" uid="38487" user="jumbanho"/>
  <node id="373655681" lat="35.7219199" lon="-78.6849039" version="1" timestamp="2009-04-13T04:31:04Z" changeset="463859" uid="38487" user="jumbanho"/>
  <node id="373655683" lat="35.7220439" lon="-78.6848226" version="1" timestamp="2009-04-13T04:31:04Z" changeset="463859" uid="38487" user="jumbanho"/>
  <node id="373655685" lat="35.7221847" lon="-78.6847419" version="1" timestamp="2009-04-13T04:31:04Z" changeset="463859" uid="38487" user="jumbanho"/>
  <node id="373655687" lat="35.7223538" lon="-78.6846653" version="1" timestamp="2009-04-13T04:31:05Z" changeset="463859" uid="38487" user="jumbanho"/>
  <node id="373655933" lat="35.7223460" lon="-78.6904479" version="2" timestamp="2013-04-30T01:07:28Z" changeset="15915499" uid="522859" user="yotann"/>
  <node id="373655935" lat="35.7227461" lon="-78.6905761" version="2" timestamp="2013-04-30T01:07:29Z" changeset="15915499" uid="522859" user="yotann"/>
  <node id="373655937" lat="35.7225458" lon="-78.6912241" version="2" timestamp="2013-04-30T01:07:29Z" changeset="15915499" uid="522859" user="yotann"/>
  <node id="373655939" lat="35.7221204" lon="-78.6923646" version="2" timestamp="2013-04-30T01:07:29Z" changeset="15915499" uid="522859" user="yotann"/>
  <node id="373655941" lat="35.7220849" lon="-78.6929619" version="2" timestamp="2013-04-30T01:07:29Z" changeset="15915499" uid="522859" user="yotann"/>
  <node id="373655943" lat="35.7226601" lon="-78.6942850" version="2" timestamp="2013-04-30T01:07:29Z" changeset="15915499" uid="522859" user="yotann"/>
  <node id="373655944" lat="35.7228156" lon="-78.6947932" version="2" timestamp="2013-04-30T01:07:29Z" changeset="15915499" uid="522859" user="yotann"/>
  <node id="373655946" lat="35.7227377" lon="-78.6957403" version="2" timestamp="2013-04-30T01:07:29Z" changeset="15915499" uid="522859" user="yotann"/>
  <node id="373655948" lat="35.7226304" lon="-78.6964609" version="2" timestamp="2013-04-30T01:07:29Z" changeset="15915499" uid="522859" user="yotann"/>
  <node id="373655950" lat="35.7229498" lon="-78.6985182" version="2" timestamp="2013-04-30T01:07:29Z" changeset="15915499" uid="522859" user="yotann"/>
  <node id="373655952" lat="35.7233657" lon="-78.6996738" version="2" timestamp="2013-04-30T01:07:29Z" changeset="15915499" uid="522859" user="yotann"/>
  <node id="373655954" lat="35.7240679" lon="-78.6999538" version="2" timestamp="2013-04-30T01:07:29Z" changeset="15915499" uid="522859" user="yotann"/>
  <node id="373655956" lat="35.7252153" lon="-78.7000029" version="2" timestamp="2013-04-30T01:07:29Z" changeset="15915499" uid="522859" user="yotann"/>
  <node id="373655958" lat="35.7252756" lon="-78.7019193" version="1" timestamp="2009-04-13T04:31:58Z" changeset="463859" uid="38487" user="jumbanho"/>
  <node id="373655959" lat="35.7253244" lon="-78.7047385" version="1" timestamp="2009-04-13T04:31:58Z" changeset="463859" uid="38487" user="jumbanho"/>
  <node id="373655961" lat="35.7253246" lon="-78.7047489" version="1" timestamp="2009-04-13T04:31:58Z" changeset="463859" uid="38487" user="jumbanho"/>
  <node id="373655963" lat="35.7253284" lon="-78.7050459" version="1" timestamp="2009-04-13T04:31:58Z" changeset="463859" uid="38487" user="jumbanho"/>
  <node id="373655965" lat="35.7253305" lon="-78.7052200" version="1" timestamp="2009-04-13T04:31:59Z" changeset="463859" uid="38487" user="jumbanho"/>
  <node id="373655967" lat="35.7265667" lon="-78.7052839" version="1" timestamp="2009-04-13T04:31:59Z" changeset="463859" uid="38487" user="jumbanho"/>
  <node id="373655971" lat="35.7272262" lon="-78.7065161" version="1" timestamp="2009-04-13T04:32:00Z" changeset="463859" uid="38487" user="jumbanho"/>
  <node id="373655974" lat="35.7280871" lon="-78.7067880" version="1" timestamp="2009-04-13T04:32:00Z" changeset="463859" uid="38487" user="jumbanho"/>
  <node id="373655978" lat="35.7279527" lon="-78.7072748" version="1" timestamp="2009-04-13T04:32:01Z" changeset="463859" uid="38487" user="jumbanho"/>
  <node id="373655984" lat="35.7275880" lon="-78.7086759" version="1" timestamp="2009-04-13T04:32:02Z" changeset="463859" uid="38487" user="jumbanho"/>
  <node id="373656009" lat="35.7260290" lon="-78.7103555" version="1" timestamp="2009-04-13T04:32:06Z" changeset="463859" uid="38487" user="jumbanho"/>
  <node id="373656018" lat="35.7256972" lon="-78.7105328" version="1" timestamp="2009-04-13T04:32:06Z" changeset="463859" uid="38487" user="jumbanho"/>
  <node id="373656026" lat="35.7253661" lon="-78.7105306" version="1" timestamp="2009-04-13T04:32:06Z" changeset="463859" uid="38487" user="jumbanho"/>
  <node id="373656041" lat="35.7253647" lon="-78.7116587" version="1" timestamp="2009-04-13T04:32:07Z" changeset="463859" uid="38487" user="jumbanho"/>
  <node id="373656048" lat="35.7253970" lon="-78.7126701" version="1" timestamp="2009-04-13T04:32:07Z" changeset="463859" uid="38487" user="jumbanho"/>
  <node id="373656055" lat="35.7259163" lon="-78.7126696" version="1" timestamp="2009-04-13T04:32:08Z" changeset="463859" uid="38487" user="jumbanho"/>
  <node id="373656149" lat="35.7277695" lon="-78.7125877" version="1" timestamp="2009-04-13T04:32:12Z" changeset="463859" uid="38487" user="jumbanho"/>
  <node id="373656153" lat="35.7294234" lon="-78.7124713" version="1" timestamp="2009-04-13T04:32:13Z" changeset="463859" uid="38487" user="jumbanho"/>
  <node id="373656162" lat="35.7319654" lon="-78.7124146" version="1" timestamp="2009-04-13T04:32:14Z" changeset="463859" uid="38487" user="jumbanho"/>
  <node id="373656166" lat="35.7319611" lon="-78.7139319" version="1" timestamp="2009-04-13T04:32:15Z" changeset="463859" uid="38487" user="jumbanho"/>
  <node id="373656170" lat="35.7374737" lon="-78.7139497" version="1" timestamp="2009-04-13T04:32:15Z" changeset="463859" uid="38487" user="jumbanho"/>
  <node id="373656172" lat="35.7374688" lon="-78.7135752" version="1" timestamp="2009-04-13T04:32:16Z" changeset="463859" uid="38487" user="jumbanho"/>
  <node id="373656174" lat="35.7374831" lon="-78.7126797" version="1" timestamp="2009-04-13T04:32:16Z" changeset="463859" uid="38487" user="jumbanho"/>
  <node id="373656176" lat="35.7374527" lon="-78.7104542" version="1" timestamp="2009-04-13T04:32:16Z" changeset="463859" uid="38487" user="jumbanho"/>
  <node id="373656177" lat="35.7399350" lon="-78.7104163" version="1" timestamp="2009-04-13T04:32:16Z" changeset="463859" uid="38487" user="jumbanho"/>
  <node id="373656190" lat="35.7417303" lon="-78.7103746" version="1" timestamp="2009-04-13T04:32:20Z" changeset="463859" uid="38487" user="jumbanho"/>
  <node id="373656192" lat="35.7417164" lon="-78.7087411" version="1" timestamp="2009-04-13T04:32:20Z" changeset="463859" uid="38487" user="jumbanho"/>
  <node id="373656194" lat="35.7419026" lon="-78.7087404" version="1" timestamp="2009-04-13T04:32:21Z" changeset="463859" uid="38487" user="jumbanho"/>
  <node id="373656196" lat="35.7418956" lon="-78.7080356" version="1" timestamp="2009-04-13T04:32:21Z" changeset="463859" uid="38487" user="jumbanho"/>
  <node id="373656197" lat="35.7424692" lon="-78.7080232" version="1" timestamp="2009-04-13T04:32:21Z" changeset="463859" uid="38487" user="jumbanho"/>
  <node id="373656201" lat="35.7424509" lon="-78.7067166" version="1" timestamp="2009-04-13T04:32:22Z" changeset="463859" uid="38487" user="jumbanho"/>
  <node id="373656207" lat="35.7455043" lon="-78.7065984" version="1" timestamp="2009-04-13T04:32:23Z" changeset="463859" uid="38487" user="jumbanho"/>
  <node id="373656210" lat="35.7454497" lon="-78.7055569" version="2" timestamp="2023-06-05T00:55:18Z" changeset="136951282" uid="9015854" user="SDoak"/>
  <node id="373656214" lat="35.7453835" lon="-78.7023667" version="2" timestamp="2023-06-05T00:55:18Z" changeset="136951282" uid="9015854" user="SDoak"/>
  <node id="373656220" lat="35.7453009" lon="-78.6985202" version="2" timestamp="2023-06-05T00:55:18Z" changeset="136951282" uid="9015854" user="SDoak"/>
  <node id="373656221" lat="35.7453727" lon="-78.6985242" version="3" timestamp="2023-06-05T04:11:58Z" changeset="136953900" uid="9015854" user="SDoak"/>
  <node id="373656225" lat="35.7454977" lon="-78.6975539" version="3" timestamp="2023-06-05T04:11:58Z" changeset="136953900" uid="9015854" user="SDoak"/>
  <node id="373656237" lat="35.7447844" lon="-78.6976933" version="2" timestamp="2023-06-05T04:11:58Z" changeset="136953900" uid="9015854" user="SDoak"/>
  <node id="373656239" lat="35.7445084" lon="-78.6977810" version="2" timestamp="2023-06-05T04:11:58Z" changeset="136953900" uid="9015854" user="SDoak"/>
  <node id="373656241" lat="35.7442287" lon="-78.6978686" version="2" timestamp="2023-06-05T04:11:58Z" changeset="136953900" uid="9015854" user="SDoak"/>
  <node id="373656243" lat="35.7440610" lon="-78.6979272" version="2" timestamp="2023-06-05T04:11:58Z" changeset="136953900" uid="9015854" user="SDoak"/>
  <node id="373656261" lat="35.7438847" lon="-78.6979942" version="2" timestamp="2023-06-05T04:11:58Z" changeset="136953900" uid="9015854" user="SDoak"/>
  <node id="373656267" lat="35.7437365" lon="-78.6980773" version="2" timestamp="2023-06-05T04:11:58Z" changeset="136953900" uid="9015854" user="SDoak"/>
  <node id="373656269" lat="35.7435483" lon="-78.6982287" version="2" timestamp="2023-06-05T04:11:58Z" changeset="136953900" uid="9015854" user="SDoak"/>
  <node id="373656271" lat="35.7428698" lon="-78.6976137" version="1" timestamp="2009-04-13T04:32:33Z" changeset="463859" uid="38487" user="jumbanho"/>
  <node id="373656275" lat="35.7416658" lon="-78.6976217" version="1" timestamp="2009-04-13T04:32:34Z" changeset="463859" uid="38487" user="jumbanho"/>
  <node id="373656281" lat="35.7408970" lon="-78.6976017" version="1" timestamp="2009-04-13T04:32:35Z" changeset="463859" uid="38487" user="jumbanho"/>
  <node id="373656302" lat="35.7406549" lon="-78.7001904" version="1" timestamp="2009-04-13T04:32:39Z" changeset="463859" uid="38487" user="jumbanho"/>
  <node id="373656309" lat="35.7406649" lon="-78.7016539" version="1" timestamp="2009-04-13T04:32:40Z" changeset="463859" uid="38487" user="jumbanho"/>
  <node id="373656345" lat="35.7346860" lon="-78.7018577" version="1" timestamp="2009-04-13T04:32:49Z" changeset="463859" uid="38487" user="jumbanho"/>
  <node id="373656352" lat="35.7346991" lon="-78.6978923" version="1" timestamp="2009-04-13T04:32:50Z" changeset="463859" uid="38487" user="jumbanho"/>
  <node id="373656360" lat="35.7305038" lon="-78.6979515" version="1" timestamp="2009-04-13T04:32:51Z" changeset="463859" uid="38487" user="jumbanho"/>
  <node id="373656380" lat="35.7304745" lon="-78.6946090" version="1" timestamp="2009-04-13T04:32:56Z" changeset="463859" uid="38487" user="jumbanho"/>
  <node id="373656388" lat="35.7304330" lon="-78.6910959" version="1" timestamp="2009-04-13T04:32:57Z" changeset="463859" uid="38487" user="jumbanho"/>
  <node id="373656390" lat="35.7304245" lon="-78.6909259" version="1" timestamp="2009-04-13T04:32:58Z" changeset="463859" uid="38487" user="jumbanho"/>
  <node id="373656412" lat="35.7304144" lon="-78.6888968" version="1" timestamp="2009-04-13T04:33:03Z" changeset="463859" uid="38487" user="jumbanho"/>
  <node id="373656414" lat="35.7324336" lon="-78.6885643" version="1" timestamp="2009-04-13T04:33:03Z" changeset="463859" uid="38487" user="jumbanho"/>
  <node id="373656423" lat="35.7324646" lon="-78.6908905" version="1" timestamp="2009-04-13T04:33:05Z" changeset="463859" uid="38487" user="jumbanho"/>
  <node id="373656443" lat="35.7324608" lon="-78.6910999" version="1" timestamp="2009-04-13T04:33:08Z" changeset="463859" uid="38487" user="jumbanho"/>
  <node id="373656455" lat="35.7363922" lon="-78.6911208" version="1" timestamp="2009-04-13T04:33:10Z" changeset="463859" uid="38487" user="jumbanho"/>
  <node id="373656461" lat="35.7364949" lon="-78.6971857" version="1" timestamp="2009-04-13T04:33:11Z" changeset="463859" uid="38487" user="jumbanho"/>
  <node id="373656463" lat="35.7371675" lon="-78.6971493" version="1" timestamp="2009-04-13T04:33:11Z" changeset="463859" uid="38487" user="jumbanho"/>
  <node id="373656469" lat="35.7371487" lon="-78.6963271" version="1" timestamp="2009-04-13T04:33:12Z" changeset="463859" uid="38487" user="jumbanho"/>
  <node id="373656473" lat="35.7378527" lon="-78.6962491" version="1" timestamp="2009-04-13T04:33:13Z" changeset="463859" uid="38487" user="jumbanho"/>
  <node id="373656475" lat="35.7378633" lon="-78.6967252" version="1" timestamp="2009-04-13T04:33:13Z" changeset="463859" uid="38487" user="jumbanho"/>
  <node id="373656477" lat="35.7378614" lon="-78.6978003" version="1" timestamp="2009-04-13T04:33:14Z" changeset="463859" uid="38487" user="jumbanho"/>
  <node id="373656479" lat="35.7375632" lon="-78.6981794" version="1" timestamp="2009-04-13T04:33:14Z" changeset="463859" uid="38487" user="jumbanho"/>
  <node id="373656495" lat="35.7377094" lon="-78.6982950" version="1" timestamp="2009-04-13T04:33:15Z" changeset="463859" uid="38487" user="jumbanho"/>
  <node id="373656501" lat="35.7381099" lon="-78.6977739" version="1" timestamp="2009-04-13T04:33:15Z" changeset="463859" uid="38487" user="jumbanho"/>
  <node id="373656506" lat="35.7384816" lon="-78.6977490" version="1" timestamp="2009-04-13T04:33:16Z" changeset="463859" uid="38487" user="jumbanho"/>
  <node id="373656513" lat="35.7384266" lon="-78.6967231" version="1" timestamp="2009-04-13T04:33:16Z" changeset="463859" uid="38487" user="jumbanho"/>
  <node id="373656525" lat="35.7383802" lon="-78.6960896" version="1" timestamp="2009-04-13T04:33:17Z" changeset="463859" uid="38487" user="jumbanho"/>
  <node id="373656549" lat="35.7382962" lon="-78.6946195" version="1" timestamp="2009-04-13T04:33:18Z" changeset="463859" uid="38487" user="jumbanho"/>
  <node id="373656569" lat="35.7381692" lon="-78.6921477" version="1" timestamp="2009-04-13T04:33:19Z" changeset="463859" uid="38487" user="jumbanho"/>
  <node id="373656571" lat="35.7381541" lon="-78.6918161" version="1" timestamp="2009-04-13T04:33:20Z" changeset="463859" uid="38487" user="jumbanho"/>
  <node id="373656582" lat="35.7381293" lon="-78.6906001" version="1" timestamp="2009-04-13T04:33:22Z" changeset="463859" uid="38487" user="jumbanho"/>
  <node id="373656605" lat="35.7404932" lon="-78.6904411" version="1" timestamp="2009-04-13T04:33:27Z" changeset="463859" uid="38487" user="jumbanho"/>
  <node id="373656607" lat="35.7404987" lon="-78.6902835" version="1" timestamp="2009-04-13T04:33:27Z" changeset="463859" uid="38487" user="jumbanho"/>
  <node id="373656611" lat="35.7405694" lon="-78.6900573" version="1" timestamp="2009-04-13T04:33:28Z" changeset="463859" uid="38487" user="jumbanho"/>
  <node id="373656613" lat="35.7408290" lon="-78.6899299" version="1" timestamp="2009-04-13T04:33:28Z" changeset="463859" uid="38487" user="jumbanho"/>
  <node id="373656617" lat="35.7410898" lon="-78.6894196" version="1" timestamp="2009-04-13T04:33:29Z" changeset="463859" uid="38487" user="jumbanho"/>
  <node id="373656620" lat="35.7412874" lon="-78.6889006" version="1" timestamp="2009-04-13T04:33:30Z" changeset="463859" uid="38487" user="jumbanho"/>
  <node id="373656643" lat="35.7396514" lon="-78.6890541" version="1" timestamp="2009-04-13T04:33:33Z" changeset="463859" uid="38487" user="jumbanho"/>
  <node id="373656657" lat="35.7381097" lon="-78.6892155" version="1" timestamp="2009-04-13T04:33:36Z" changeset="463859" uid="38487" user="jumbanho"/>
  <node id="373656674" lat="35.7380890" lon="-78.6880519" version="1" timestamp="2009-04-13T04:33:38Z" changeset="463859" uid="38487" user="jumbanho"/>
  <node id="373656682" lat="35.7380479" lon="-78.6870073" version="1" timestamp="2009-04-13T04:33:40Z" changeset="463859" uid="38487" user="jumbanho"/>
  <node id="373656710" lat="35.7380151" lon="-78.6849795" version="2" timestamp="2022-09-12T04:51:10Z" changeset="126070999" uid="9015854" user="SDoak"/>
  <node id="373656727" lat="35.7376348" lon="-78.6849913" version="1" timestamp="2009-04-13T04:33:48Z" changeset="463859" uid="38487" user="jumbanho"/>
  <node id="373656751" lat="35.7339852" lon="-78.6856122" version="1" timestamp="2009-04-13T04:33:53Z" changeset="463859" uid="38487" user="jumbanho"/>
  <node id="373656753" lat="35.7339893" lon="-78.6861932" version="1" timestamp="2009-04-13T04:33:53Z" changeset="463859" uid="38487" user="jumbanho"/>
  <node id="373656754" lat="35.7324042" lon="-78.6863825" version="1" timestamp="2009-04-13T04:33:53Z" changeset="463859" uid="38487" user="jumbanho"/>
  <node id="373656774" lat="35.7323365" lon="-78.6827098" version="1" timestamp="2009-04-13T04:33:57Z" changeset="463859" uid="38487" user="jumbanho"/>
  <node id="373656776" lat="35.7350602" lon="-78.6821429" version="1" timestamp="2009-04-13T04:33:57Z" changeset="463859" uid="38487" user="jumbanho"/>
  <node id="373656782" lat="35.7358054" lon="-78.6820391" version="1" timestamp="2009-04-13T04:33:58Z" changeset="463859" uid="38487" user="jumbanho"/>
  <node id="373656786" lat="35.7362826" lon="-78.6819391" version="1" timestamp="2009-04-13T04:33:59Z" changeset="463859" uid="38487" user="jumbanho"/>
  <node id="373656791" lat="35.7370575" lon="-78.6817364" version="1" timestamp="2009-04-13T04:34:00Z" changeset="463859" uid="38487" user="jumbanho"/>
  <node id="373656793" lat="35.7373244" lon="-78.6816876" version="1" timestamp="2009-04-13T04:34:00Z" changeset="463859" uid="38487" user="jumbanho"/>
  <node id="373656796" lat="35.7376393" lon="-78.6816097" version="1" timestamp="2009-04-13T04:34:01Z" changeset="463859" uid="38487" user="jumbanho"/>
  <node id="373656802" lat="35.7376135" lon="-78.6810246" version="1" timestamp="2009-04-13T04:34:02Z" changeset="463859" uid="38487" user="jumbanho"/>
  <node id="373656810" lat="35.7384218" lon="-78.6808182" version="1" timestamp="2009-04-13T04:34:03Z" changeset="463859" uid="38487" user="jumbanho"/>
  <node id="373656816" lat="35.7384582" lon="-78.6813798" version="1" timestamp="2009-04-13T04:34:04Z" changeset="463859" uid="38487" user="jumbanho"/>
  <node id="373656823" lat="35.7395197" lon="-78.6811172" version="1" timestamp="2009-04-13T04:34:05Z" changeset="463859" uid="38487" user="jumbanho"/>
  <node id="373656825" lat="35.7397685" lon="-78.6810471" version="1" timestamp="2009-04-13T04:34:06Z" changeset="463859" uid="38487" user="jumbanho"/>
  <node id="373656834" lat="35.7411441" lon="-78.6807252" version="1" timestamp="2009-04-13T04:34:07Z" changeset="463859" uid="38487" user="jumbanho"/>
  <node id="373656836" lat="35.7414285" lon="-78.6806474" version="1" timestamp="2009-04-13T04:34:07Z" changeset="463859" uid="38487" user="jumbanho"/>
  <node id="373656838" lat="35.7416223" lon="-78.6805824" version="1" timestamp="2009-04-13T04:34:08Z" changeset="463859" uid="38487" user="jumbanho"/>
  <node id="373656840" lat="35.7417936" lon="-78.6805409" version="1" timestamp="2009-04-13T04:34:08Z" changeset="463859" uid="38487" user="jumbanho"/>
  <node id="373656846" lat="35.7419254" lon="-78.6797845" version="1" timestamp="2009-04-13T04:34:09Z" changeset="463859" uid="38487" user="jumbanho"/>
  <node id="373656849" lat="35.7417650" lon="-78.6795785" version="1" timestamp="2009-04-13T04:34:10Z" changeset="463859" uid="38487" user="jumbanho"/>
  <node id="373656853" lat="35.7411558" lon="-78.6787040" version="1" timestamp="2009-04-13T04:34:10Z" changeset="463859" uid="38487" user="jumbanho"/>
  <node id="373656855" lat="35.7410759" lon="-78.6784867" version="1" timestamp="2009-04-13T04:34:10Z" changeset="463859" uid="38487" user="jumbanho"/>
  <node id="373656858" lat="35.7416391" lon="-78.6782073" version="1" timestamp="2009-04-13T04:34:11Z" changeset="463859" uid="38487" user="jumbanho"/>
  <node id="373656866" lat="35.7413347" lon="-78.6774395" version="1" timestamp="2009-04-13T04:34:12Z" changeset="463859" uid="38487" user="jumbanho"/>
  <node id="373656871" lat="35.7409034" lon="-78.6763114" version="1" timestamp="2009-04-13T04:34:13Z" changeset="463859" uid="38487" user="jumbanho"/>
  <node id="373656873" lat="35.7409303" lon="-78.6763044" version="1" timestamp="2009-04-13T04:34:13Z" changeset="463859" uid="38487" user="jumbanho"/>
  <node id="373656884" lat="35.7405634" lon="-78.6753889" version="1" timestamp="2009-04-13T04:34:17Z" changeset="463859" uid="38487" user="jumbanho"/>
  <node id="373656886" lat="35.7402036" lon="-78.6755790" version="1" timestamp="2009-04-13T04:34:17Z" changeset="463859" uid="38487" user="jumbanho"/>
  <node id="373656888" lat="35.7401776" lon="-78.6755342" version="1" timestamp="2009-04-13T04:34:18Z" changeset="463859" uid="38487" user="jumbanho"/>
  <node id="373656890" lat="35.7397114" lon="-78.6755630" version="1" timestamp="2009-04-13T04:34:18Z" changeset="463859" uid="38487" user="jumbanho"/>
  <node id="373656899" lat="35.7385332" lon="-78.6727637" version="1" timestamp="2009-04-13T04:34:19Z" changeset="463859" uid="38487" user="jumbanho"/>
  <node id="373656903" lat="35.7377449" lon="-78.6720718" version="1" timestamp="2009-04-13T04:34:20Z" changeset="463859" uid="38487" user="jumbanho"/>
  <node id="373656907" lat="35.7368969" lon="-78.6719813" version="1" timestamp="2009-04-13T04:34:20Z" changeset="463859" uid="38487" user="jumbanho"/>
  <node id="373656923" lat="35.7348855" lon="-78.6719652" version="1" timestamp="2009-04-13T04:34:25Z" changeset="463859" uid="38487" user="jumbanho"/>
  <node id="373656927" lat="35.7348934" lon="-78.6707657" version="1" timestamp="2009-04-13T04:34:25Z" changeset="463859" uid="38487" user="jumbanho"/>
  <node id="373656941" lat="35.7330525" lon="-78.6695793" version="1" timestamp="2009-04-13T04:34:29Z" changeset="463859" uid="38487" user="jumbanho"/>
  <node id="373656943" lat="35.7325094" lon="-78.6691939" version="1" timestamp="2009-04-13T04:34:30Z" changeset="463859" uid="38487" user="jumbanho"/>
  <node id="373656945" lat="35.7319013" lon="-78.6691991" version="1" timestamp="2009-04-13T04:34:30Z" changeset="463859" uid="38487" user="jumbanho"/>
  <node id="373656946" lat="35.7315084" lon="-78.6691849" version="1" timestamp="2009-04-13T04:34:30Z" changeset="463859" uid="38487" user="jumbanho"/>
  <node id="373656950" lat="35.7314983" lon="-78.6677478" version="1" timestamp="2009-04-13T04:34:31Z" changeset="463859" uid="38487" user="jumbanho"/>
  <node id="373656952" lat="35.7315022" lon="-78.6665297" version="1" timestamp="2009-04-13T04:34:32Z" changeset="463859" uid="38487" user="jumbanho"/>
  <node id="373656954" lat="35.7287658" lon="-78.6665189" version="1" timestamp="2009-04-13T04:34:32Z" changeset="463859" uid="38487" user="jumbanho"/>
  <node id="373656958" lat="35.7265844" lon="-78.6664926" version="1" timestamp="2009-04-13T04:34:32Z" changeset="463859" uid="38487" user="jumbanho"/>
  <node id="373656960" lat="35.7264087" lon="-78.6663379" version="1" timestamp="2009-04-13T04:34:33Z" changeset="463859" uid="38487" user="jumbanho"/>
  <node id="373656963" lat="35.7253030" lon="-78.6664095" version="1" timestamp="2009-04-13T04:34:33Z" changeset="463859" uid="38487" user="jumbanho"/>
  <node id="373656965" lat="35.7241075" lon="-78.6664234" version="1" timestamp="2009-04-13T04:34:34Z" changeset="463859" uid="38487" user="jumbanho"/>
  <node id="373656967" lat="35.7240984" lon="-78.6674245" version="1" timestamp="2009-04-13T04:34:34Z" changeset="463859" uid="38487" user="jumbanho"/>
  <node id="373656976" lat="35.7241777" lon="-78.6696735" version="1" timestamp="2009-04-13T04:34:37Z" changeset="463859" uid="38487" user="jumbanho"/>
  <node id="373656991" lat="35.7264117" lon="-78.6695566" version="1" timestamp="2009-04-13T04:34:41Z" changeset="463859" uid="38487" user="jumbanho"/>
  <node id="373656996" lat="35.7266258" lon="-78.6760770" version="1" timestamp="2009-04-13T04:34:42Z" changeset="463859" uid="38487" user="jumbanho"/>
  <node id="373657005" lat="35.7233077" lon="-78.6760957" version="1" timestamp="2009-04-13T04:34:44Z" changeset="463859" uid="38487" user="jumbanho"/>
  <node id="373657009" lat="35.7206295" lon="-78.6761403" version="1" timestamp="2009-04-13T04:34:44Z" changeset="463859" uid="38487" user="jumbanho"/>
  <node id="373657011" lat="35.7196787" lon="-78.6761351" version="1" timestamp="2009-04-13T04:34:45Z" changeset="463859" uid="38487" user="jumbanho"/>
  <node id="373657012" lat="35.7193526" lon="-78.6761213" version="1" timestamp="2009-04-13T04:34:45Z" changeset="463859" uid="38487" user="jumbanho"/>
  <node id="373657014" lat="35.7193793" lon="-78.6767747" version="1" timestamp="2009-04-13T04:34:45Z" changeset="463859" uid="38487" user="jumbanho"/>
  <node id="373657025" lat="35.7194998" lon="-78.6787126" version="1" timestamp="2009-04-13T04:34:49Z" changeset="463859" uid="38487" user="jumbanho"/>
  <node id="373657048" lat="35.7168419" lon="-78.6788440" version="1" timestamp="2009-04-13T04:34:53Z" changeset="463859" uid="38487" user="jumbanho"/>
  <node id="373657056" lat="35.7168712" lon="-78.6790063" version="1" timestamp="2009-04-13T04:34:55Z" changeset="463859" uid="38487" user="jumbanho"/>
  <node id="373657063" lat="35.7168665" lon="-78.6791403" version="1" timestamp="2009-04-13T04:34:56Z" changeset="463859" uid="38487" user="jumbanho"/>
  <node id="373657069" lat="35.7168934" lon="-78.6792991" version="1" timestamp="2009-04-13T04:34:57Z" changeset="463859" uid="38487" user="jumbanho"/>
  <node id="373657075" lat="35.7169556" lon="-78.6794964" version="1" timestamp="2009-04-13T04:34:58Z" changeset="463859" uid="38487" user="jumbanho"/>
  <node id="373657090" lat="35.7169630" lon="-78.6796290" version="1" timestamp="2009-04-13T04:35:02Z" changeset="463859" uid="38487" user="jumbanho"/>
  <node id="373657098" lat="35.7169912" lon="-78.6797311" version="1" timestamp="2009-04-13T04:35:03Z" changeset="463859" uid="38487" user="jumbanho"/>
  <node id="373657105" lat="35.7170066" lon="-78.6799176" version="1" timestamp="2009-04-13T04:35:04Z" changeset="463859" uid="38487" user="jumbanho"/>
  <node id="373657123" lat="35.7170810" lon="-78.6801528" version="1" timestamp="2009-04-13T04:35:09Z" changeset="463859" uid="38487" user="jumbanho"/>
  <node id="373657129" lat="35.7170900" lon="-78.6802412" version="1" timestamp="2009-04-13T04:35:10Z" changeset="463859" uid="38487" user="jumbanho"/>
  <node id="373657142" lat="35.7171753" lon="-78.6805213" version="1" timestamp="2009-04-13T04:35:12Z" changeset="463859" uid="38487" user="jumbanho"/>
  <node id="373657157" lat="35.7171874" lon="-78.6806097" version="1" timestamp="2009-04-13T04:35:16Z" changeset="463859" uid="38487" user="jumbanho"/>
  <node id="373657174" lat="35.7173071" lon="-78.6808731" version="1" timestamp="2009-04-13T04:35:18Z" changeset="463859" uid="38487" user="jumbanho"/>
  <node id="373657189" lat="35.7174670" lon="-78.6811233" version="1" timestamp="2009-04-13T04:35:20Z" changeset="463859" uid="38487" user="jumbanho"/>
  <node id="373657204" lat="35.7174889" lon="-78.6812392" version="1" timestamp="2009-04-13T04:35:24Z" changeset="463859" uid="38487" user="jumbanho"/>
  <node id="373657210" lat="35.7174998" lon="-78.6813580" version="1" timestamp="2009-04-13T04:35:25Z" changeset="463859" uid="38487" user="jumbanho"/>
  <node id="373657223" lat="35.7175395" lon="-78.6815098" version="1" timestamp="2009-04-13T04:35:27Z" changeset="463859" uid="38487" user="jumbanho"/>
  <node id="373657228" lat="35.7175552" lon="-78.6816106" version="1" timestamp="2009-04-13T04:35:27Z" changeset="463859" uid="38487" user="jumbanho"/>
  <node id="373657234" lat="35.7176129" lon="-78.6817955" version="1" timestamp="2009-04-13T04:35:28Z" changeset="463859" uid="38487" user="jumbanho"/>
  <node id="373657262" lat="35.7176247" lon="-78.6818777" version="1" timestamp="2009-04-13T04:35:32Z" changeset="463859" uid="38487" user="jumbanho"/>
  <node id="373657270" lat="35.7176929" lon="-78.6821116" version="1" timestamp="2009-04-13T04:35:33Z" changeset="463859" uid="38487" user="jumbanho"/>
  <node id="373657286" lat="35.7177436" lon="-78.6823552" version="1" timestamp="2009-04-13T04:35:38Z" changeset="463859" uid="38487" user="jumbanho"/>
  <node id="373657294" lat="35.7177583" lon="-78.6826792" version="1" timestamp="2009-04-13T04:35:39Z" changeset="463859" uid="38487" user="jumbanho"/>
  <node id="373657299" lat="35.7177816" lon="-78.6828159" version="1" timestamp="2009-04-13T04:35:40Z" changeset="463859" uid="38487" user="jumbanho"/>
  <node id="373657305" lat="35.7177868" lon="-78.6830452" version="1" timestamp="2009-04-13T04:35:41Z" changeset="463859" uid="38487" user="jumbanho"/>
  <node id="373657316" lat="35.7177600" lon="-78.6832166" version="1" timestamp="2009-04-13T04:35:44Z" changeset="463859" uid="38487" user="jumbanho"/>
  <node id="373657325" lat="35.7176900" lon="-78.6834891" version="1" timestamp="2009-04-13T04:35:46Z" changeset="463859" uid="38487" user="jumbanho"/>
  <node id="373657332" lat="35.7175681" lon="-78.6836850" version="1" timestamp="2009-04-13T04:35:47Z" changeset="463859" uid="38487" user="jumbanho"/>
  <node id="373657338" lat="35.7175473" lon="-78.6837418" version="1" timestamp="2009-04-13T04:35:48Z" changeset="463859" uid="38487" user="jumbanho"/>
  <node id="373657342" lat="35.7175412" lon="-78.6837915" version="1" timestamp="2009-04-13T04:35:49Z" changeset="463859" uid="38487" user="jumbanho"/>
  <node id="373657358" lat="35.7175995" lon="-78.6839937" version="1" timestamp="2009-04-13T04:35:53Z" changeset="463859" uid="38487" user="jumbanho"/>
  <node id="373657366" lat="35.7176183" lon="-78.6841428" version="1" timestamp="2009-04-13T04:35:55Z" changeset="463859" uid="38487" user="jumbanho"/>
  <node id="373657373" lat="35.7176381" lon="-78.6841987" version="1" timestamp="2009-04-13T04:35:55Z" changeset="463859" uid="38487" user="jumbanho"/>
  <node id="373657383" lat="35.7177299" lon="-78.6842654" version="1" timestamp="2009-04-13T04:35:57Z" changeset="463859" uid="38487" user="jumbanho"/>
  <node id="373657398" lat="35.7178293" lon="-78.6844135" version="1" timestamp="2009-04-13T04:36:01Z" changeset="463859" uid="38487" user="jumbanho"/>
  <node id="373657399" lat="35.7178416" lon="-78.6844459" version="1" timestamp="2009-04-13T04:36:01Z" changeset="463859" uid="38487" user="jumbanho"/>
  <node id="373657407" lat="35.7179222" lon="-78.6847744" version="1" timestamp="2009-04-13T04:36:02Z" changeset="463859" uid="38487" user="jumbanho"/>
  <node id="373657411" lat="35.7179286" lon="-78.6848607" version="1" timestamp="2009-04-13T04:36:03Z" changeset="463859" uid="38487" user="jumbanho"/>
  <node id="373657414" lat="35.7179208" lon="-78.6850832" version="1" timestamp="2009-04-13T04:36:04Z" changeset="463859" uid="38487" user="jumbanho"/>
  <node id="373657418" lat="35.7173960" lon="-78.6851046" version="1" timestamp="2009-04-13T04:36:04Z" changeset="463859" uid="38487" user="jumbanho"/>
  <node id="373657420" lat="35.7174134" lon="-78.6852482" version="1" timestamp="2009-04-13T04:36:05Z" changeset="463859" uid="38487" user="jumbanho"/>
  <node id="373657423" lat="35.7173535" lon="-78.6856581" version="1" timestamp="2009-04-13T04:36:05Z" changeset="463859" uid="38487" user="jumbanho"/>
  <node id="373657429" lat="35.7172951" lon="-78.6858331" version="1" timestamp="2009-04-13T04:36:06Z" changeset="463859" uid="38487" user="jumbanho"/>
  <node id="373673344" lat="35.7174821" lon="-78.6863588" version="1" timestamp="2009-04-13T05:23:07Z" changeset="463859" uid="38487" user="jumbanho"/>
  <node id="373673352" lat="35.7168123" lon="-78.6873637" version="1" timestamp="2009-04-13T05:23:08Z" changeset="463859" uid="38487" user="jumbanho"/>
  <node id="373673361" lat="35.7164231" lon="-78.6884850" version="1" timestamp="2009-04-13T05:23:09Z" changeset="463859" uid="38487" user="jumbanho"/>
  <node id="373673366" lat="35.7162850" lon="-78.6891355" version="1" timestamp="2009-04-13T05:23:10Z" changeset="463859" uid="38487" user="jumbanho"/>
  <node id="373673372" lat="35.7162268" lon="-78.6897630" version="1" timestamp="2009-04-13T05:23:11Z" changeset="463859" uid="38487" user="jumbanho"/>
  <node id="373673380" lat="35.7162930" lon="-78.6904397" version="1" timestamp="2009-04-13T05:23:13Z" changeset="463859" uid="38487" user="jumbanho"/>
  <node id="373673387" lat="35.7168154" lon="-78.6925218" version="1" timestamp="2009-04-13T05:23:14Z" changeset="463859" uid="38487" user="jumbanho"/>
  <node id="373673395" lat="35.7216068" lon="-78.6927744" version="1" timestamp="2009-04-13T05:23:15Z" changeset="463859" uid="38487" user="jumbanho"/>
  <node id="373673415" lat="35.7217163" lon="-78.7018101" version="1" timestamp="2009-04-13T05:23:18Z" changeset="463859" uid="38487" user="jumbanho"/>
  <node id="373673421" lat="35.7235477" lon="-78.7026379" version="1" timestamp="2009-04-13T05:23:19Z" changeset="463859" uid="38487" user="jumbanho"/>
  <node id="373673425" lat="35.7240794" lon="-78.7035900" version="1" timestamp="2009-04-13T05:23:19Z" changeset="463859" uid="38487" user="jumbanho"/>
  <node id="432908846" lat="35.7355238" lon="-78.6922773" version="1" timestamp="2009-07-03T14:20:27Z" changeset="1720558" uid="38487" user="jumbanho"/>
  <node id="433373329" lat="35.7344204" lon="-78.6999472" version="2" timestamp="2022-02-06T20:00:06Z" changeset="117092832" uid="9509339" user="KB-01"/>
  <node id="433373330" lat="35.7343481" lon="-78.6999450" version="1" timestamp="2009-07-03T21:33:47Z" changeset="1724610" uid="38487" user="jumbanho"/>
  <node id="433373332" lat="35.7342108" lon="-78.6999586" version="1" timestamp="2009-07-03T21:33:47Z" changeset="1724610" uid="38487" user="jumbanho"/>
  <node id="433373334" lat="35.7341173" lon="-78.6999790" version="1" timestamp="2009-07-03T21:33:47Z" changeset="1724610" uid="38487" user="jumbanho"/>
  <node id="433373335" lat="35.7338262" lon="-78.7000802" version="1" timestamp="2009-07-03T21:33:47Z" changeset="1724610" uid="38487" user="jumbanho"/>
  <node id="433373336" lat="35.7335405" lon="-78.7002216" version="1" timestamp="2009-07-03T21:33:47Z" changeset="1724610" uid="38487" user="jumbanho"/>
  <node id="433373337" lat="35.7334198" lon="-78.7002614" version="1" timestamp="2009-07-03T21:33:47Z" changeset="1724610" uid="38487" user="jumbanho"/>
  <node id="433373338" lat="35.7329584" lon="-78.7003764" version="1" timestamp="2009-07-03T21:33:47Z" changeset="1724610" uid="38487" user="jumbanho"/>
  <node id="433373339" lat="35.7324309" lon="-78.7004703" version="1" timestamp="2009-07-03T21:33:47Z" changeset="1724610" uid="38487" user="jumbanho"/>
  <node id="433373340" lat="35.7323046" lon="-78.7004776" version="1" timestamp="2009-07-03T21:33:47Z" changeset="1724610" uid="38487" user="jumbanho"/>
  <node id="433373342" lat="35.7315354" lon="-78.7002953" version="1" timestamp="2009-07-03T21:33:47Z" changeset="1724610" uid="38487" user="jumbanho"/>
  <node id="433373343" lat="35.7312993" lon="-78.7002547" version="1" timestamp="2009-07-03T21:33:47Z" changeset="1724610" uid="38487" user="jumbanho"/>
  <node id="433373344" lat="35.7310630" lon="-78.7002618" version="1" timestamp="2009-07-03T21:33:47Z" changeset="1724610" uid="38487" user="jumbanho"/>
  <node id="433373345" lat="35.7307665" lon="-78.7003154" version="1" timestamp="2009-07-03T21:33:47Z" changeset="1724610" uid="38487" user="jumbanho"/>
  <node id="433373347" lat="35.7305302" lon="-78.7003826" version="1" timestamp="2009-07-03T21:33:47Z" changeset="1724610" uid="38487" user="jumbanho"/>
  <node id="433373349" lat="35.7303159" lon="-78.7004567" version="1" timestamp="2009-07-03T21:33:47Z" changeset="1724610" uid="38487" user="jumbanho"/>
  <node id="433373350" lat="35.7301952" lon="-78.7005110" version="1" timestamp="2009-07-03T21:33:47Z" changeset="1724610" uid="38487" user="jumbanho"/>
  <node id="433373352" lat="35.7293545" lon="-78.7009418" version="1" timestamp="2009-07-03T21:33:47Z" changeset="1724610" uid="38487" user="jumbanho"/>
  <node id="433373354" lat="35.7290140" lon="-78.7011441" version="1" timestamp="2009-07-03T21:33:47Z" changeset="1724610" uid="38487" user="jumbanho"/>
  <node id="433373356" lat="35.7288545" lon="-78.7012518" version="1" timestamp="2009-07-03T21:33:47Z" changeset="1724610" uid="38487" user="jumbanho"/>
  <node id="433373357" lat="35.7285305" lon="-78.7014202" version="1" timestamp="2009-07-03T21:33:48Z" changeset="1724610" uid="38487" user="jumbanho"/>
  <node id="433373358" lat="35.7282998" lon="-78.7015550" version="1" timestamp="2009-07-03T21:33:48Z" changeset="1724610" uid="38487" user="jumbanho"/>
  <node id="433373359" lat="35.7276791" lon="-78.7018047" version="1" timestamp="2009-07-03T21:33:48Z" changeset="1724610" uid="38487" user="jumbanho"/>
  <node id="433373360" lat="35.7275417" lon="-78.7018984" version="1" timestamp="2009-07-03T21:33:48Z" changeset="1724610" uid="38487" user="jumbanho"/>
  <node id="433373361" lat="35.7271845" lon="-78.7021747" version="1" timestamp="2009-07-03T21:33:48Z" changeset="1724610" uid="38487" user="jumbanho"/>
  <node id="433373362" lat="35.7266352" lon="-78.7026396" version="1" timestamp="2009-07-03T21:33:48Z" changeset="1724610" uid="38487" user="jumbanho"/>
  <node id="433373364" lat="35.7264869" lon="-78.7027542" version="1" timestamp="2009-07-03T21:33:48Z" changeset="1724610" uid="38487" user="jumbanho"/>
  <node id="433373365" lat="35.7263495" lon="-78.7028956" version="1" timestamp="2009-07-03T21:33:48Z" changeset="1724610" uid="38487" user="jumbanho"/>
  <node id="433373367" lat="35.7261188" lon="-78.7031044" version="1" timestamp="2009-07-03T21:33:48Z" changeset="1724610" uid="38487" user="jumbanho"/>
  <node id="433373368" lat="35.7257782" lon="-78.7034884" version="1" timestamp="2009-07-03T21:33:48Z" changeset="1724610" uid="38487" user="jumbanho"/>
  <node id="433373370" lat="35.7256958" lon="-78.7035557" version="1" timestamp="2009-07-03T21:33:48Z" changeset="1724610" uid="38487" user="jumbanho"/>
  <node id="433500179" lat="35.7253002" lon="-78.7038252" version="1" timestamp="2009-07-04T01:51:35Z" changeset="1726039" uid="38487" user="jumbanho"/>
  <node id="433783637" lat="35.7257236" lon="-78.6901155" version="1" timestamp="2009-07-04T14:05:03Z" changeset="1729525" uid="38487" user="jumbanho"/>
  <node id="433958350" lat="35.7291050" lon="-78.6922521" version="2" timestamp="2015-11-27T18:28:30Z" changeset="35616349" uid="402624" user="bdiscoe"/>
  <node id="433958352" lat="35.7288493" lon="-78.6923447" version="2" timestamp="2015-11-27T18:28:30Z" changeset="35616349" uid="402624" user="bdiscoe"/>
  <node id="433958353" lat="35.7285823" lon="-78.6924420" version="2" timestamp="2015-11-27T18:28:30Z" changeset="35616349" uid="402624" user="bdiscoe"/>
  <node id="433958354" lat="35.7281846" lon="-78.6926016" version="1" timestamp="2009-07-04T16:56:04Z" changeset="1730545" uid="38487" user="jumbanho"/>
  <node id="433958355" lat="35.7279045" lon="-78.6925681" version="1" timestamp="2009-07-04T16:56:04Z" changeset="1730545" uid="38487" user="jumbanho"/>
  <node id="433958358" lat="35.7277507" lon="-78.6925203" version="1" timestamp="2009-07-04T16:56:04Z" changeset="1730545" uid="38487" user="jumbanho"/>
  <node id="433958360" lat="35.7276574" lon="-78.6924198" version="1" timestamp="2009-07-04T16:56:05Z" changeset="1730545" uid="38487" user="jumbanho"/>
  <node id="433958365" lat="35.7271903" lon="-78.6915911" version="1" timestamp="2009-07-04T16:56:05Z" changeset="1730545" uid="38487" user="jumbanho"/>
  <node id="433958370" lat="35.7269322" lon="-78.6909710" version="1" timestamp="2009-07-04T16:56:05Z" changeset="1730545" uid="38487" user="jumbanho"/>
  <node id="433958375" lat="35.7267838" lon="-78.6907153" version="1" timestamp="2009-07-04T16:56:05Z" changeset="1730545" uid="38487" user="jumbanho"/>
  <node id="433958379" lat="35.7266904" lon="-78.6906410" version="1" timestamp="2009-07-04T16:56:05Z" changeset="1730545" uid="38487" user="jumbanho"/>
  <node id="433958383" lat="35.7266246" lon="-78.6906143" version="1" timestamp="2009-07-04T16:56:05Z" changeset="1730545" uid="38487" user="jumbanho"/>
  <node id="433958386" lat="35.7262234" lon="-78.6905336" version="1" timestamp="2009-07-04T16:56:05Z" changeset="1730545" uid="38487" user="jumbanho"/>
  <node id="433958392" lat="35.7261411" lon="-78.6904994" version="1" timestamp="2009-07-04T16:56:05Z" changeset="1730545" uid="38487" user="jumbanho"/>
  <node id="433958397" lat="35.7260312" lon="-78.6904321" version="1" timestamp="2009-07-04T16:56:05Z" changeset="1730545" uid="38487" user="jumbanho"/>
  <node id="433958401" lat="35.7259652" lon="-78.6903716" version="1" timestamp="2009-07-04T16:56:05Z" changeset="1730545" uid="38487" user="jumbanho"/>
  <node id="434185431" lat="35.7249156" lon="-78.7034004" version="1" timestamp="2009-07-05T00:20:27Z" changeset="1734325" uid="38487" user="jumbanho"/>
  <node id="434185432" lat="35.7247948" lon="-78.7032792" version="1" timestamp="2009-07-05T00:20:27Z" changeset="1734325" uid="38487" user="jumbanho"/>
  <node id="434185433" lat="35.7243499" lon="-78.7027268" version="1" timestamp="2009-07-05T00:20:27Z" changeset="1734325" uid="38487" user="jumbanho"/>
  <node id="434185434" lat="35.7238611" lon="-78.7021676" version="1" timestamp="2009-07-05T00:20:27Z" changeset="1734325" uid="38487" user="jumbanho"/>
  <node id="434185435" lat="35.7237347" lon="-78.7020596" version="1" timestamp="2009-07-05T00:20:27Z" changeset="1734325" uid="38487" user="jumbanho"/>
  <node id="434185436" lat="35.7236193" lon="-78.7019454" version="1" timestamp="2009-07-05T00:20:27Z" changeset="1734325" uid="38487" user="jumbanho"/>
  <node id="434185437" lat="35.7234930" lon="-78.7018311" version="1" timestamp="2009-07-05T00:20:27Z" changeset="1734325" uid="38487" user="jumbanho"/>
  <node id="434185438" lat="35.7230645" lon="-78.7015343" version="1" timestamp="2009-07-05T00:20:27Z" changeset="1734325" uid="38487" user="jumbanho"/>
  <node id="434185439" lat="35.7222076" lon="-78.7009958" version="1" timestamp="2009-07-05T00:20:28Z" changeset="1734325" uid="38487" user="jumbanho"/>
  <node id="434185440" lat="35.7219714" lon="-78.7008675" version="1" timestamp="2009-07-05T00:20:28Z" changeset="1734325" uid="38487" user="jumbanho"/>
  <node id="434185441" lat="35.7218341" lon="-78.7007126" version="1" timestamp="2009-07-05T00:20:28Z" changeset="1734325" uid="38487" user="jumbanho"/>
  <node id="434185442" lat="35.7217902" lon="-78.7006450" version="1" timestamp="2009-07-05T00:20:28Z" changeset="1734325" uid="38487" user="jumbanho"/>
  <node id="434185443" lat="35.7214552" lon="-78.7002138" version="1" timestamp="2009-07-05T00:20:28Z" changeset="1734325" uid="38487" user="jumbanho"/>
  <node id="434185444" lat="35.7210541" lon="-78.6998975" version="1" timestamp="2009-07-05T00:20:28Z" changeset="1734325" uid="38487" user="jumbanho"/>
  <node id="434185445" lat="35.7208453" lon="-78.6997560" version="1" timestamp="2009-07-05T00:20:28Z" changeset="1734325" uid="38487" user="jumbanho"/>
  <node id="434185446" lat="35.7208014" lon="-78.6997154" version="1" timestamp="2009-07-05T00:20:28Z" changeset="1734325" uid="38487" user="jumbanho"/>
  <node id="434185447" lat="35.7207520" lon="-78.6996610" version="1" timestamp="2009-07-05T00:20:28Z" changeset="1734325" uid="38487" user="jumbanho"/>
  <node id="434185448" lat="35.7204444" lon="-78.6990756" version="1" timestamp="2009-07-05T00:20:28Z" changeset="1734325" uid="38487" user="jumbanho"/>
  <node id="434185449" lat="35.7203675" lon="-78.6989474" version="1" timestamp="2009-07-05T00:20:28Z" changeset="1734325" uid="38487" user="jumbanho"/>
  <node id="434185450" lat="35.7201313" lon="-78.6986374" version="1" timestamp="2009-07-05T00:20:29Z" changeset="1734325" uid="38487" user="jumbanho"/>
  <node id="434185451" lat="35.7199446" lon="-78.6984488" version="1" timestamp="2009-07-05T00:20:29Z" changeset="1734325" uid="38487" user="jumbanho"/>
  <node id="434185452" lat="35.7198676" lon="-78.6983545" version="1" timestamp="2009-07-05T00:20:29Z" changeset="1734325" uid="38487" user="jumbanho"/>
  <node id="434185453" lat="35.7198291" lon="-78.6982738" version="1" timestamp="2009-07-05T00:20:29Z" changeset="1734325" uid="38487" user="jumbanho"/>
  <node id="434185454" lat="35.7197578" lon="-78.6980516" version="1" timestamp="2009-07-05T00:20:29Z" changeset="1734325" uid="38487" user="jumbanho"/>
  <node id="434185455" lat="35.7197247" lon="-78.6978694" version="1" timestamp="2009-07-05T00:20:29Z" changeset="1734325" uid="38487" user="jumbanho"/>
  <node id="434185456" lat="35.7196808" lon="-78.6974924" version="1" timestamp="2009-07-05T00:20:29Z" changeset="1734325" uid="38487" user="jumbanho"/>
  <node id="434185457" lat="35.7196588" lon="-78.6969937" version="1" timestamp="2009-07-05T00:20:29Z" changeset="1734325" uid="38487" user="jumbanho"/>
  <node id="434185458" lat="35.7196644" lon="-78.6966634" version="1" timestamp="2009-07-05T00:20:29Z" changeset="1734325" uid="38487" user="jumbanho"/>
  <node id="434185459" lat="35.7198236" lon="-78.6960439" version="1" timestamp="2009-07-05T00:20:29Z" changeset="1734325" uid="38487" user="jumbanho"/>
  <node id="434185460" lat="35.7199501" lon="-78.6956531" version="1" timestamp="2009-07-05T00:20:29Z" changeset="1734325" uid="38487" user="jumbanho"/>
  <node id="434185461" lat="35.7200929" lon="-78.6950336" version="1" timestamp="2009-07-05T00:20:30Z" changeset="1734325" uid="38487" user="jumbanho"/>
  <node id="434185462" lat="35.7201258" lon="-78.6946563" version="1" timestamp="2009-07-05T00:20:30Z" changeset="1734325" uid="38487" user="jumbanho"/>
  <node id="434185463" lat="35.7201753" lon="-78.6942181" version="1" timestamp="2009-07-05T00:20:30Z" changeset="1734325" uid="38487" user="jumbanho"/>
  <node id="434185464" lat="35.7202028" lon="-78.6940702" version="1" timestamp="2009-07-05T00:20:30Z" changeset="1734325" uid="38487" user="jumbanho"/>
  <node id="434185465" lat="35.7202302" lon="-78.6935512" version="1" timestamp="2009-07-05T00:20:30Z" changeset="1734325" uid="38487" user="jumbanho"/>
  <node id="434185466" lat="35.7202742" lon="-78.6933362" version="1" timestamp="2009-07-05T00:20:30Z" changeset="1734325" uid="38487" user="jumbanho"/>
  <node id="434185467" lat="35.7203017" lon="-78.6932415" version="1" timestamp="2009-07-05T00:20:30Z" changeset="1734325" uid="38487" user="jumbanho"/>
  <node id="434185468" lat="35.7203730" lon="-78.6930533" version="1" timestamp="2009-07-05T00:20:30Z" changeset="1734325" uid="38487" user="jumbanho"/>
  <node id="434185469" lat="35.7204004" lon="-78.6929185" version="1" timestamp="2009-07-05T00:20:30Z" changeset="1734325" uid="38487" user="jumbanho"/>
  <node id="434185470" lat="35.7204334" lon="-78.6924265" version="1" timestamp="2009-07-05T00:20:30Z" changeset="1734325" uid="38487" user="jumbanho"/>
  <node id="434185471" lat="35.7205709" lon="-78.6920695" version="1" timestamp="2009-07-05T00:20:30Z" changeset="1734325" uid="38487" user="jumbanho"/>
  <node id="434185472" lat="35.7207631" lon="-78.6916046" version="1" timestamp="2009-07-05T00:20:30Z" changeset="1734325" uid="38487" user="jumbanho"/>
  <node id="434185473" lat="35.7208290" lon="-78.6914233" version="1" timestamp="2009-07-05T00:20:30Z" changeset="1734325" uid="38487" user="jumbanho"/>
  <node id="434185474" lat="35.7208784" lon="-78.6912546" version="1" timestamp="2009-07-05T00:20:31Z" changeset="1734325" uid="38487" user="jumbanho"/>
  <node id="434185475" lat="35.7209167" lon="-78.6910859" version="1" timestamp="2009-07-05T00:20:31Z" changeset="1734325" uid="38487" user="jumbanho"/>
  <node id="434185476" lat="35.7209609" lon="-78.6907893" version="1" timestamp="2009-07-05T00:20:31Z" changeset="1734325" uid="38487" user="jumbanho"/>
  <node id="434185477" lat="35.7210652" lon="-78.6903516" version="1" timestamp="2009-07-05T00:20:31Z" changeset="1734325" uid="38487" user="jumbanho"/>
  <node id="434185478" lat="35.7211751" lon="-78.6901564" version="1" timestamp="2009-07-05T00:20:31Z" changeset="1734325" uid="38487" user="jumbanho"/>
  <node id="434185479" lat="35.7213178" lon="-78.6899679" version="1" timestamp="2009-07-05T00:20:31Z" changeset="1734325" uid="38487" user="jumbanho"/>
  <node id="434185480" lat="35.7214278" lon="-78.6898597" version="1" timestamp="2009-07-05T00:20:31Z" changeset="1734325" uid="38487" user="jumbanho"/>
  <node id="434185481" lat="35.7215486" lon="-78.6897722" version="1" timestamp="2009-07-05T00:20:31Z" changeset="1734325" uid="38487" user="jumbanho"/>
  <node id="434185482" lat="35.7216970" lon="-78.6896446" version="1" timestamp="2009-07-05T00:20:31Z" changeset="1734325" uid="38487" user="jumbanho"/>
  <node id="434185483" lat="35.7217739" lon="-78.6895565" version="1" timestamp="2009-07-05T00:20:31Z" changeset="1734325" uid="38487" user="jumbanho"/>
  <node id="434185484" lat="35.7218288" lon="-78.6894693" version="1" timestamp="2009-07-05T00:20:32Z" changeset="1734325" uid="38487" user="jumbanho"/>
  <node id="434185485" lat="35.7218726" lon="-78.6893752" version="1" timestamp="2009-07-05T00:20:32Z" changeset="1734325" uid="38487" user="jumbanho"/>
  <node id="434185486" lat="35.7218891" lon="-78.6893143" version="1" timestamp="2009-07-05T00:20:32Z" changeset="1734325" uid="38487" user="jumbanho"/>
  <node id="434185487" lat="35.7219057" lon="-78.6891464" version="1" timestamp="2009-07-05T00:20:32Z" changeset="1734325" uid="38487" user="jumbanho"/>
  <node id="434185488" lat="35.7219002" lon="-78.6890718" version="1" timestamp="2009-07-05T00:20:32Z" changeset="1734325" uid="38487" user="jumbanho"/>
  <node id="434189086" lat="35.7351967" lon="-78.6922521" version="2" timestamp="2015-11-27T18:28:30Z" changeset="35616349" uid="402624" user="bdiscoe"/>
  <node id="434189087" lat="35.7347492" lon="-78.6922243" version="2" timestamp="2015-11-27T18:28:30Z" changeset="35616349" uid="402624" user="bdiscoe"/>
  <node id="434189089" lat="35.7342679" lon="-78.6922845" version="2" timestamp="2015-11-27T18:28:30Z" changeset="35616349" uid="402624" user="bdiscoe"/>
  <node id="434189090" lat="35.7338656" lon="-78.6923586" version="2" timestamp="2015-11-27T18:28:30Z" changeset="35616349" uid="402624" user="bdiscoe"/>
  <node id="434189092" lat="35.7332226" lon="-78.6923864" version="2" timestamp="2015-11-27T18:28:30Z" changeset="35616349" uid="402624" user="bdiscoe"/>
  <node id="434189093" lat="35.7326886" lon="-78.6924420" version="2" timestamp="2015-11-27T18:28:30Z" changeset="35616349" uid="402624" user="bdiscoe"/>
  <node id="434189094" lat="35.7322599" lon="-78.6924050" version="2" timestamp="2015-11-27T18:28:30Z" changeset="35616349" uid="402624" user="bdiscoe"/>
  <node id="434189097" lat="35.7318952" lon="-78.6923957" version="2" timestamp="2015-11-27T18:28:30Z" changeset="35616349" uid="402624" user="bdiscoe"/>
  <node id="434189099" lat="35.7312484" lon="-78.6923262" version="2" timestamp="2015-11-27T18:28:30Z" changeset="35616349" uid="402624" user="bdiscoe"/>
  <node id="434189100" lat="35.7309551" lon="-78.6922845" version="2" timestamp="2015-11-27T18:28:30Z" changeset="35616349" uid="402624" user="bdiscoe"/>
  <node id="434189101" lat="35.7305490" lon="-78.6922289" version="2" timestamp="2015-11-27T18:28:30Z" changeset="35616349" uid="402624" user="bdiscoe"/>
  <node id="434189103" lat="35.7301730" lon="-78.6922058" version="2" timestamp="2015-11-27T18:28:30Z" changeset="35616349" uid="402624" user="bdiscoe"/>
  <node id="434189104" lat="35.7298571" lon="-78.6921409" version="2" timestamp="2015-11-27T18:28:30Z" changeset="35616349" uid="402624" user="bdiscoe"/>
  <node id="434238790" lat="35.7310135" lon="-78.6886464" version="1" timestamp="2009-07-05T01:32:37Z" changeset="1734573" uid="38487" user="jumbanho"/>
  <node id="434238792" lat="35.7309862" lon="-78.6887412" version="1" timestamp="2009-07-05T01:32:37Z" changeset="1734573" uid="38487" user="jumbanho"/>
  <node id="434238794" lat="35.7307940" lon="-78.6892062" version="1" timestamp="2009-07-05T01:32:37Z" changeset="1734573" uid="38487" user="jumbanho"/>
  <node id="434238796" lat="35.7307391" lon="-78.6893743" version="1" timestamp="2009-07-05T01:32:37Z" changeset="1734573" uid="38487" user="jumbanho"/>
  <node id="434238798" lat="35.7306787" lon="-78.6896232" version="1" timestamp="2009-07-05T01:32:37Z" changeset="1734573" uid="38487" user="jumbanho"/>
  <node id="434238800" lat="35.7306183" lon="-78.6898259" version="1" timestamp="2009-07-05T01:32:37Z" changeset="1734573" uid="38487" user="jumbanho"/>
  <node id="434238802" lat="35.7305249" lon="-78.6900950" version="1" timestamp="2009-07-05T01:32:37Z" changeset="1734573" uid="38487" user="jumbanho"/>
  <node id="434238804" lat="35.7304260" lon="-78.6902972" version="1" timestamp="2009-07-05T01:32:37Z" changeset="1734573" uid="38487" user="jumbanho"/>
  <node id="434238806" lat="35.7302392" lon="-78.6907822" version="1" timestamp="2009-07-05T01:32:37Z" changeset="1734573" uid="38487" user="jumbanho"/>
  <node id="434238808" lat="35.7299372" lon="-78.6913147" version="1" timestamp="2009-07-05T01:32:37Z" changeset="1734573" uid="38487" user="jumbanho"/>
  <node id="434238810" lat="35.7298602" lon="-78.6914697" version="1" timestamp="2009-07-05T01:32:37Z" changeset="1734573" uid="38487" user="jumbanho"/>
  <node id="434238812" lat="35.7295964" lon="-78.6919143" version="1" timestamp="2009-07-05T01:32:37Z" changeset="1734573" uid="38487" user="jumbanho"/>
  <node id="434238818" lat="35.7294961" lon="-78.6921826" version="2" timestamp="2015-11-27T18:28:30Z" changeset="35616349" uid="402624" user="bdiscoe"/>
  <node id="434271063" lat="35.7218595" lon="-78.6889317" version="1" timestamp="2009-07-05T02:04:06Z" changeset="1734566" uid="38487" user="jumbanho"/>
  <node id="607056249" lat="35.7218845" lon="-78.7026415" version="2" timestamp="2018-05-20T23:36:24Z" changeset="59135346" uid="2985432" user="Bob the Shibe"/>
  <node id="607056253" lat="35.7218949" lon="-78.7027101" version="2" timestamp="2018-05-20T23:36:24Z" changeset="59135346" uid="2985432" user="Bob the Shibe"/>
  <node id="607056258" lat="35.7218566" lon="-78.7027190" version="2" timestamp="2018-05-20T23:36:24Z" changeset="59135346" uid="2985432" user="Bob the Shibe"/>
  <node id="607056260" lat="35.7218613" lon="-78.7027495" version="2" timestamp="2018-05-20T23:36:24Z" changeset="59135346" uid="2985432" user="Bob the Shibe"/>
  <node id="607056266" lat="35.7218065" lon="-78.7027622" version="2" timestamp="2018-05-20T23:36:24Z" changeset="59135346" uid="2985432" user="Bob the Shibe"/>
  <node id="607056270" lat="35.7218192" lon="-78.7028458" version="2" timestamp="2018-05-20T23:36:24Z" changeset="59135346" uid="2985432" user="Bob the Shibe"/>
  <node id="607056272" lat="35.7218474" lon="-78.7028393" version="2" timestamp="2018-05-20T23:36:24Z" changeset="59135346" uid="2985432" user="Bob the Shibe"/>
  <node id="607056274" lat="35.7218485" lon="-78.7028463" version="2" timestamp="2018-05-20T23:36:24Z" changeset="59135346" uid="2985432" user="Bob the Shibe"/>
  <node id="607056276" lat="35.7218625" lon="-78.7028431" version="2" timestamp="2018-05-20T23:36:24Z" changeset="59135346" uid="2985432" user="Bob the Shibe"/>
  <node id="607056278" lat="35.7218600" lon="-78.7028264" version="2" timestamp="2018-05-20T23:36:24Z" changeset="59135346" uid="2985432" user="Bob the Shibe"/>
  <node id="607056280" lat="35.7218770" lon="-78.7028225" version="2" timestamp="2018-05-20T23:36:24Z" changeset="59135346" uid="2985432" user="Bob the Shibe"/>
  <node id="607056282" lat="35.7218808" lon="-78.7028470" version="2" timestamp="2018-05-20T23:36:24Z" changeset="59135346" uid="2985432" user="Bob the Shibe"/>
  <node id="607056284" lat="35.7219254" lon="-78.7028367" version="2" timestamp="2018-05-20T23:36:24Z" changeset="59135346" uid="2985432" user="Bob the Shibe"/>
  <node id="607056286" lat="35.7219237" lon="-78.7028260" version="2" timestamp="2018-05-20T23:36:24Z" changeset="59135346" uid="2985432" user="Bob the Shibe"/>
  <node id="607056290" lat="35.7219463" lon="-78.7028208" version="2" timestamp="2018-05-20T23:36:24Z" changeset="59135346" uid="2985432" user="Bob the Shibe"/>
  <node id="607056292" lat="35.7219480" lon="-78.7028320" version="2" timestamp="2018-05-20T23:36:24Z" changeset="59135346" uid="2985432" user="Bob the Shibe"/>
  <node id="607056293" lat="35.7219890" lon="-78.7028225" version="2" timestamp="2018-05-20T23:36:24Z" changeset="59135346" uid="2985432" user="Bob the Shibe"/>
  <node id="607056294" lat="35.7220193" lon="-78.7028154" version="2" timestamp="2018-05-20T23:36:24Z" changeset="59135346" uid="2985432" user="Bob the Shibe"/>
  <node id="607056296" lat="35.7219991" lon="-78.7026836" version="2" timestamp="2018-05-20T23:36:24Z" changeset="59135346" uid="2985432" user="Bob the Shibe"/>
  <node id="607056298" lat="35.7219600" lon="-78.7026926" version="2" timestamp="2018-05-20T23:36:24Z" changeset="59135346" uid="2985432" user="Bob the Shibe"/>
  <node id="607056301" lat="35.7219498" lon="-78.7026264" version="2" timestamp="2018-05-20T23:36:24Z" changeset="59135346" uid="2985432" user="Bob the Shibe"/>
  <node id="607076020" lat="35.7198335" lon="-78.7037715" version="1" timestamp="2010-01-06T20:47:10Z" changeset="3557068" uid="38487" user="jumbanho"/>
  <node id="607076022" lat="35.7198224" lon="-78.7037980" version="1" timestamp="2010-01-06T20:47:10Z" changeset="3557068" uid="38487" user="jumbanho"/>
  <node id="607076024" lat="35.7198709" lon="-78.7038288" version="1" timestamp="2010-01-06T20:47:10Z" changeset="3557068" uid="38487" user="jumbanho"/>
  <node id="607076025" lat="35.7198946" lon="-78.7037724" version="1" timestamp="2010-01-06T20:47:10Z" changeset="3557068" uid="38487" user="jumbanho"/>
  <node id="607076027" lat="35.7198461" lon="-78.7037416" version="1" timestamp="2010-01-06T20:47:10Z" changeset="3557068" uid="38487" user="jumbanho"/>
  <node id="607076032" lat="35.7198404" lon="-78.7037552" version="1" timestamp="2010-01-06T20:47:10Z" changeset="3557068" uid="38487" user="jumbanho"/>
  <node id="607076033" lat="35.7198071" lon="-78.7030511" version="2" timestamp="2018-05-20T23:36:30Z" changeset="59135346" uid="2985432" user="Bob the Shibe"/>
  <node id="607076035" lat="35.7197854" lon="-78.7030483" version="2" timestamp="2018-05-20T23:36:30Z" changeset="59135346" uid="2985432" user="Bob the Shibe"/>
  <node id="607076037" lat="35.7197813" lon="-78.7030960" version="2" timestamp="2018-05-20T23:36:30Z" changeset="59135346" uid="2985432" user="Bob the Shibe"/>
  <node id="607076039" lat="35.7197910" lon="-78.7030973" version="2" timestamp="2018-05-20T23:36:30Z" changeset="59135346" uid="2985432" user="Bob the Shibe"/>
  <node id="607076044" lat="35.7197874" lon="-78.7031397" version="2" timestamp="2018-05-20T23:36:30Z" changeset="59135346" uid="2985432" user="Bob the Shibe"/>
  <node id="607076046" lat="35.7198665" lon="-78.7031500" version="2" timestamp="2018-05-20T23:36:30Z" changeset="59135346" uid="2985432" user="Bob the Shibe"/>
  <node id="607076048" lat="35.7198701" lon="-78.7031073" version="2" timestamp="2018-05-20T23:36:30Z" changeset="59135346" uid="2985432" user="Bob the Shibe"/>
  <node id="607076052" lat="35.7198880" lon="-78.7031096" version="2" timestamp="2018-05-20T23:36:30Z" changeset="59135346" uid="2985432" user="Bob the Shibe"/>
  <node id="607076054" lat="35.7198948" lon="-78.7030302" version="2" timestamp="2018-05-20T23:36:30Z" changeset="59135346" uid="2985432" user="Bob the Shibe"/>
  <node id="607076056" lat="35.7198098" lon="-78.7030192" version="2" timestamp="2018-05-20T23:36:30Z" changeset="59135346" uid="2985432" user="Bob the Shibe"/>
  <node id="607076114" lat="35.7199952" lon="-78.7036297" version="2" timestamp="2018-05-20T23:36:30Z" changeset="59135346" uid="2985432" user="Bob the Shibe"/>
  <node id="607076115" lat="35.7199406" lon="-78.7036096" version="2" timestamp="2018-05-20T23:36:30Z" changeset="59135346" uid="2985432" user="Bob the Shibe"/>
  <node id="607076120" lat="35.7199532" lon="-78.7035579" version="2" timestamp="2018-05-20T23:36:30Z" changeset="59135346" uid="2985432" user="Bob the Shibe"/>
  <node id="607076122" lat="35.7198498" lon="-78.7035198" version="2" timestamp="2018-05-20T23:36:30Z" changeset="59135346" uid="2985432" user="Bob the Shibe"/>
  <node id="607076124" lat="35.7198236" lon="-78.7036275" version="2" timestamp="2018-05-20T23:36:30Z" changeset="59135346" uid="2985432" user="Bob the Shibe"/>
  <node id="607076125" lat="35.7198385" lon="-78.7036330" version="2" timestamp="2018-05-20T23:36:30Z" changeset="59135346" uid="2985432" user="Bob the Shibe"/>
  <node id="607076127" lat="35.7198268" lon="-78.7036812" version="2" timestamp="2018-05-20T23:36:30Z" changeset="59135346" uid="2985432" user="Bob the Shibe"/>
  <node id="607076129" lat="35.7198247" lon="-78.7036897" version="2" timestamp="2018-05-20T23:36:30Z" changeset="59135346" uid="2985432" user="Bob the Shibe"/>
  <node id="607076131" lat="35.7198409" lon="-78.7036957" version="2" timestamp="2018-05-20T23:36:30Z" changeset="59135346" uid="2985432" user="Bob the Shibe"/>
  <node id="607076132" lat="35.7198878" lon="-78.7037130" version="2" timestamp="2018-05-20T23:36:30Z" changeset="59135346" uid="2985432" user="Bob the Shibe"/>
  <node id="607076134" lat="35.7198986" lon="-78.7036688" version="2" timestamp="2018-05-20T23:36:30Z" changeset="59135346" uid="2985432" user="Bob the Shibe"/>
  <node id="607076138" lat="35.7199786" lon="-78.7036983" version="2" timestamp="2018-05-20T23:36:30Z" changeset="59135346" uid="2985432" user="Bob the Shibe"/>
  <node id="607077000" lat="35.7234983" lon="-78.7037092" version="1" timestamp="2010-01-06T20:47:41Z" changeset="3557068" uid="38487" user="jumbanho"/>
  <node id="607077001" lat="35.7235608" lon="-78.7038329" version="1" timestamp="2010-01-06T20:47:41Z" changeset="3557068" uid="38487" user="jumbanho"/>
  <node id="607077007" lat="35.7236551" lon="-78.7037612" version="1" timestamp="2010-01-06T20:47:41Z" changeset="3557068" uid="38487" user="jumbanho"/>
  <node id="607077012" lat="35.7235926" lon="-78.7036374" version="1" timestamp="2010-01-06T20:47:41Z" changeset="3557068" uid="38487" user="jumbanho"/>
  <node id="607091148" lat="35.7321260" lon="-78.6908420" version="1" timestamp="2010-01-06T20:54:30Z" changeset="3557170" uid="38487" user="jumbanho"/>
  <node id="607091149" lat="35.7320552" lon="-78.6910354" version="1" timestamp="2010-01-06T20:54:30Z" changeset="3557170" uid="38487" user="jumbanho"/>
  <node id="607091151" lat="35.7321274" lon="-78.6910752" version="1" timestamp="2010-01-06T20:54:30Z" changeset="3557170" uid="38487" user="jumbanho"/>
  <node id="607091152" lat="35.7321340" lon="-78.6910575" version="1" timestamp="2010-01-06T20:54:30Z" changeset="3557170" uid="38487" user="jumbanho"/>
  <node id="607091154" lat="35.7321983" lon="-78.6908818" version="1" timestamp="2010-01-06T20:54:30Z" changeset="3557170" uid="38487" user="jumbanho"/>
  <node id="607091227" lat="35.7322165" lon="-78.6907566" version="1" timestamp="2010-01-06T20:54:33Z" changeset="3557170" uid="38487" user="jumbanho"/>
  <node id="607091229" lat="35.7321679" lon="-78.6907275" version="1" timestamp="2010-01-06T20:54:33Z" changeset="3557170" uid="38487" user="jumbanho"/>
  <node id="607091230" lat="35.7321369" lon="-78.6908052" version="1" timestamp="2010-01-06T20:54:33Z" changeset="3557170" uid="38487" user="jumbanho"/>
  <node id="607091232" lat="35.7321809" lon="-78.6908316" version="1" timestamp="2010-01-06T20:54:33Z" changeset="3557170" uid="38487" user="jumbanho"/>
  <node id="607091234" lat="35.7321698" lon="-78.6908595" version="1" timestamp="2010-01-06T20:54:33Z" changeset="3557170" uid="38487" user="jumbanho"/>
  <node id="607091240" lat="35.7321979" lon="-78.6908764" version="1" timestamp="2010-01-06T20:54:33Z" changeset="3557170" uid="38487" user="jumbanho"/>
  <node id="607091242" lat="35.7322400" lon="-78.6907707" version="1" timestamp="2010-01-06T20:54:33Z" changeset="3557170" uid="38487" user="jumbanho"/>
  <node id="607091399" lat="35.7310214" lon="-78.6911209" version="1" timestamp="2010-01-06T20:54:39Z" changeset="3557068" uid="38487" user="jumbanho"/>
  <node id="607091400" lat="35.7310051" lon="-78.6911779" version="1" timestamp="2010-01-06T20:54:39Z" changeset="3557068" uid="38487" user="jumbanho"/>
  <node id="607091401" lat="35.7310418" lon="-78.6911936" version="1" timestamp="2010-01-06T20:54:39Z" changeset="3557068" uid="38487" user="jumbanho"/>
  <node id="607091403" lat="35.7310581" lon="-78.6911367" version="1" timestamp="2010-01-06T20:54:39Z" changeset="3557068" uid="38487" user="jumbanho"/>
  <node id="607213090" lat="35.7303676" lon="-78.7014861" version="1" timestamp="2010-01-06T21:49:40Z" changeset="3557539" uid="38487" user="jumbanho"/>
  <node id="607213092" lat="35.7302552" lon="-78.7015726" version="1" timestamp="2010-01-06T21:49:41Z" changeset="3557539" uid="38487" user="jumbanho"/>
  <node id="607213095" lat="35.7303206" lon="-78.7017084" version="1" timestamp="2010-01-06T21:49:41Z" changeset="3557539" uid="38487" user="jumbanho"/>
  <node id="607213101" lat="35.7304350" lon="-78.7016202" version="1" timestamp="2010-01-06T21:49:41Z" changeset="3557539" uid="38487" user="jumbanho"/>
  <node id="1152144425" lat="35.7468562" lon="-78.6973697" version="1" timestamp="2011-02-14T01:59:45Z" changeset="7282450" uid="162924" user="signed0"/>
  <node id="1152144497" lat="35.7469718" lon="-78.6973256" version="1" timestamp="2011-02-14T01:59:47Z" changeset="7282450" uid="162924" user="signed0"/>
  <node id="1281581950" lat="35.7261308" lon="-78.6875255" version="1" timestamp="2011-05-12T13:44:37Z" changeset="8122383" uid="398883" user="FIM"/>
  <node id="2286260731" lat="35.7162760" lon="-78.6902661" version="1" timestamp="2013-04-30T01:07:05Z" changeset="15915499" uid="522859" user="yotann">
    <tag k="access" v="private"/>
    <tag k="entrance" v="service"/>
  </node>
  <node id="2286260733" lat="35.7164909" lon="-78.6890084" version="1" timestamp="2013-04-30T01:07:05Z" changeset="15915499" uid="522859" user="yotann"/>
  <node id="2286260734" lat="35.7165625" lon="-78.6892143" version="1" timestamp="2013-04-30T01:07:05Z" changeset="15915499" uid="522859" user="yotann"/>
  <node id="2286260735" lat="35.7166397" lon="-78.6898365" version="1" timestamp="2013-04-30T01:07:05Z" changeset="15915499" uid="522859" user="yotann"/>
  <node id="2286260736" lat="35.7166452" lon="-78.6900492" version="1" timestamp="2013-04-30T01:07:05Z" changeset="15915499" uid="522859" user="yotann"/>
  <node id="2286260737" lat="35.7167279" lon="-78.6900900" version="1" timestamp="2013-04-30T01:07:05Z" changeset="15915499" uid="522859" user="yotann"/>
  <node id="2286260738" lat="35.7167462" lon="-78.6902529" version="1" timestamp="2013-04-30T01:07:05Z" changeset="15915499" uid="522859" user="yotann"/>
  <node id="2286260739" lat="35.7167628" lon="-78.6884767" version="1" timestamp="2013-04-30T01:07:05Z" changeset="15915499" uid="522859" user="yotann"/>
  <node id="2286260740" lat="35.7167646" lon="-78.6896125" version="1" timestamp="2013-04-30T01:07:05Z" changeset="15915499" uid="522859" user="yotann"/>
  <node id="2286260741" lat="35.7167811" lon="-78.6886147" version="1" timestamp="2013-04-30T01:07:05Z" changeset="15915499" uid="522859" user="yotann"/>
  <node id="2286260742" lat="35.7168234" lon="-78.6892754" version="1" timestamp="2013-04-30T01:07:05Z" changeset="15915499" uid="522859" user="yotann"/>
  <node id="2286260745" lat="35.7168859" lon="-78.6882391" version="1" timestamp="2013-04-30T01:07:05Z" changeset="15915499" uid="522859" user="yotann"/>
  <node id="2286260748" lat="35.7169648" lon="-78.6882232" version="1" timestamp="2013-04-30T01:07:05Z" changeset="15915499" uid="522859" user="yotann"/>
  <node id="2286260750" lat="35.7169961" lon="-78.6903434" version="1" timestamp="2013-04-30T01:07:05Z" changeset="15915499" uid="522859" user="yotann"/>
  <node id="2286260753" lat="35.7170402" lon="-78.6904588" version="1" timestamp="2013-04-30T01:07:05Z" changeset="15915499" uid="522859" user="yotann"/>
  <node id="2286260757" lat="35.7171129" lon="-78.6868650" version="2" timestamp="2013-05-13T18:16:56Z" changeset="16114278" uid="522859" user="yotann">
    <tag k="access" v="private"/>
    <tag k="barrier" v="gate"/>
    <tag k="entrance" v="service"/>
  </node>
  <node id="2286260765" lat="35.7173874" lon="-78.6905402" version="1" timestamp="2013-04-30T01:07:06Z" changeset="15915499" uid="522859" user="yotann"/>
  <node id="2286260773" lat="35.7176097" lon="-78.6904497" version="1" timestamp="2013-04-30T01:07:06Z" changeset="15915499" uid="522859" user="yotann"/>
  <node id="2286260777" lat="35.7178044" lon="-78.6902189" version="1" timestamp="2013-04-30T01:07:06Z" changeset="15915499" uid="522859" user="yotann"/>
  <node id="2286260778" lat="35.7178889" lon="-78.6903072" version="1" timestamp="2013-04-30T01:07:06Z" changeset="15915499" uid="522859" user="yotann"/>
  <node id="2286260780" lat="35.7180120" lon="-78.6912394" version="1" timestamp="2013-04-30T01:07:06Z" changeset="15915499" uid="522859" user="yotann"/>
  <node id="2286260782" lat="35.7180249" lon="-78.6913435" version="1" timestamp="2013-04-30T01:07:06Z" changeset="15915499" uid="522859" user="yotann"/>
  <node id="2286260783" lat="35.7179814" lon="-78.6861254" version="3" timestamp="2022-02-06T20:00:06Z" changeset="117092832" uid="9509339" user="KB-01"/>
  <node id="2286260785" lat="35.7180524" lon="-78.6910833" version="1" timestamp="2013-04-30T01:07:06Z" changeset="15915499" uid="522859" user="yotann"/>
  <node id="2286260789" lat="35.7183335" lon="-78.6914974" version="1" timestamp="2013-04-30T01:07:06Z" changeset="15915499" uid="522859" user="yotann"/>
  <node id="2286260791" lat="35.7184566" lon="-78.6914272" version="1" timestamp="2013-04-30T01:07:07Z" changeset="15915499" uid="522859" user="yotann"/>
  <node id="2286260792" lat="35.7185797" lon="-78.6914747" version="1" timestamp="2013-04-30T01:07:07Z" changeset="15915499" uid="522859" user="yotann"/>
  <node id="2286260794" lat="35.7185815" lon="-78.6915585" version="1" timestamp="2013-04-30T01:07:07Z" changeset="15915499" uid="522859" user="yotann"/>
  <node id="2286260795" lat="35.7186311" lon="-78.6917168" version="1" timestamp="2013-04-30T01:07:07Z" changeset="15915499" uid="522859" user="yotann"/>
  <node id="2286260798" lat="35.7187909" lon="-78.6916829" version="1" timestamp="2013-04-30T01:07:07Z" changeset="15915499" uid="522859" user="yotann"/>
  <node id="2286260802" lat="35.7191620" lon="-78.6913842" version="1" timestamp="2013-04-30T01:07:07Z" changeset="15915499" uid="522859" user="yotann"/>
  <node id="2286260805" lat="35.7192575" lon="-78.6913571" version="1" timestamp="2013-04-30T01:07:07Z" changeset="15915499" uid="522859" user="yotann"/>
  <node id="2286260827" lat="35.7194835" lon="-78.6914227" version="1" timestamp="2013-04-30T01:07:08Z" changeset="15915499" uid="522859" user="yotann"/>
  <node id="2286260850" lat="35.7196801" lon="-78.6913865" version="1" timestamp="2013-04-30T01:07:08Z" changeset="15915499" uid="522859" user="yotann"/>
  <node id="2286260879" lat="35.7198950" lon="-78.6911331" version="1" timestamp="2013-04-30T01:07:09Z" changeset="15915499" uid="522859" user="yotann"/>
  <node id="2286260887" lat="35.7200364" lon="-78.6911150" version="1" timestamp="2013-04-30T01:07:09Z" changeset="15915499" uid="522859" user="yotann"/>
  <node id="2286260901" lat="35.7202293" lon="-78.6909588" version="1" timestamp="2013-04-30T01:07:10Z" changeset="15915499" uid="522859" user="yotann"/>
  <node id="2286260934" lat="35.7204479" lon="-78.6903140" version="1" timestamp="2013-04-30T01:07:11Z" changeset="15915499" uid="522859" user="yotann"/>
  <node id="2286260946" lat="35.7205839" lon="-78.6901284" version="1" timestamp="2013-04-30T01:07:11Z" changeset="15915499" uid="522859" user="yotann"/>
  <node id="2286260962" lat="35.7207823" lon="-78.6897913" version="1" timestamp="2013-04-30T01:07:12Z" changeset="15915499" uid="522859" user="yotann"/>
  <node id="2286260965" lat="35.7207929" lon="-78.6892482" version="1" timestamp="2013-04-30T01:07:12Z" changeset="15915499" uid="522859" user="yotann"/>
  <node id="2286260980" lat="35.7211166" lon="-78.6895831" version="1" timestamp="2013-04-30T01:07:12Z" changeset="15915499" uid="522859" user="yotann"/>
  <node id="2286260983" lat="35.7212709" lon="-78.6891668" version="1" timestamp="2013-04-30T01:07:12Z" changeset="15915499" uid="522859" user="yotann"/>
  <node id="2286260984" lat="35.7213775" lon="-78.6895492" version="1" timestamp="2013-04-30T01:07:12Z" changeset="15915499" uid="522859" user="yotann"/>
  <node id="2286260987" lat="35.7215116" lon="-78.6892663" version="1" timestamp="2013-04-30T01:07:12Z" changeset="15915499" uid="522859" user="yotann"/>
  <node id="2286260989" lat="35.7215336" lon="-78.6895831" version="1" timestamp="2013-04-30T01:07:12Z" changeset="15915499" uid="522859" user="yotann"/>
  <node id="2286260990" lat="35.7215407" lon="-78.6851979" version="1" timestamp="2013-04-30T01:07:12Z" changeset="15915499" uid="522859" user="yotann">
    <tag k="entrance" v="main"/>
  </node>
  <node id="2286260996" lat="35.7216677" lon="-78.6894360" version="1" timestamp="2013-04-30T01:07:13Z" changeset="15915499" uid="522859" user="yotann"/>
  <node id="2286260997" lat="35.7217141" lon="-78.6921249" version="1" timestamp="2013-04-30T01:07:13Z" changeset="15915499" uid="522859" user="yotann"/>
  <node id="2286260998" lat="35.7217245" lon="-78.6894994" version="1" timestamp="2013-04-30T01:07:13Z" changeset="15915499" uid="522859" user="yotann"/>
  <node id="2286260999" lat="35.7217292" lon="-78.6920423" version="1" timestamp="2013-04-30T01:07:13Z" changeset="15915499" uid="522859" user="yotann">
    <tag k="amenity" v="bench"/>
    <tag k="material" v="wood"/>
  </node>
  <node id="2286261000" lat="35.7217447" lon="-78.6917353" version="1" timestamp="2013-04-30T01:07:13Z" changeset="15915499" uid="522859" user="yotann"/>
  <node id="2286261001" lat="35.7217505" lon="-78.6916457" version="1" timestamp="2013-04-30T01:07:13Z" changeset="15915499" uid="522859" user="yotann"/>
  <node id="2286261002" lat="35.7217596" lon="-78.6919993" version="1" timestamp="2013-04-30T01:07:13Z" changeset="15915499" uid="522859" user="yotann"/>
  <node id="2286261003" lat="35.7217635" lon="-78.6922881" version="1" timestamp="2013-04-30T01:07:13Z" changeset="15915499" uid="522859" user="yotann"/>
  <node id="2286261004" lat="35.7217640" lon="-78.6928310" version="1" timestamp="2013-04-30T01:07:13Z" changeset="15915499" uid="522859" user="yotann"/>
  <node id="2286261005" lat="35.7218180" lon="-78.6915433" version="1" timestamp="2013-04-30T01:07:13Z" changeset="15915499" uid="522859" user="yotann"/>
  <node id="2286261007" lat="35.7218898" lon="-78.6932591" version="1" timestamp="2013-04-30T01:07:13Z" changeset="15915499" uid="522859" user="yotann"/>
  <node id="2286261008" lat="35.7219008" lon="-78.6960132" version="1" timestamp="2013-04-30T01:07:13Z" changeset="15915499" uid="522859" user="yotann"/>
  <node id="2286261009" lat="35.7219012" lon="-78.6961929" version="1" timestamp="2013-04-30T01:07:13Z" changeset="15915499" uid="522859" user="yotann"/>
  <node id="2286261010" lat="35.7219473" lon="-78.6913417" version="1" timestamp="2013-04-30T01:07:13Z" changeset="15915499" uid="522859" user="yotann"/>
  <node id="2286261011" lat="35.7219600" lon="-78.6963663" version="1" timestamp="2013-04-30T01:07:13Z" changeset="15915499" uid="522859" user="yotann"/>
  <node id="2286261012" lat="35.7219733" lon="-78.6956645" version="1" timestamp="2013-04-30T01:07:13Z" changeset="15915499" uid="522859" user="yotann"/>
  <node id="2286261014" lat="35.7219941" lon="-78.6911009" version="1" timestamp="2013-04-30T01:07:13Z" changeset="15915499" uid="522859" user="yotann"/>
  <node id="2286261015" lat="35.7220421" lon="-78.6909697" version="1" timestamp="2013-04-30T01:07:13Z" changeset="15915499" uid="522859" user="yotann"/>
  <node id="2286261016" lat="35.7220662" lon="-78.6955138" version="1" timestamp="2013-04-30T01:07:13Z" changeset="15915499" uid="522859" user="yotann"/>
  <node id="2286261017" lat="35.7220830" lon="-78.6907689" version="1" timestamp="2013-04-30T01:07:13Z" changeset="15915499" uid="522859" user="yotann"/>
  <node id="2286261018" lat="35.7220889" lon="-78.6908721" version="1" timestamp="2013-04-30T01:07:13Z" changeset="15915499" uid="522859" user="yotann"/>
  <node id="2286261019" lat="35.7221288" lon="-78.6935295" version="1" timestamp="2013-04-30T01:07:13Z" changeset="15915499" uid="522859" user="yotann"/>
  <node id="2286261020" lat="35.7221323" lon="-78.6954404" version="1" timestamp="2013-04-30T01:07:13Z" changeset="15915499" uid="522859" user="yotann"/>
  <node id="2286261021" lat="35.7221649" lon="-78.6953819" version="1" timestamp="2013-04-30T01:07:13Z" changeset="15915499" uid="522859" user="yotann"/>
  <node id="2286261022" lat="35.7223030" lon="-78.6909959" version="1" timestamp="2013-04-30T01:07:13Z" changeset="15915499" uid="522859" user="yotann">
    <tag k="access" v="private"/>
    <tag k="barrier" v="gate"/>
  </node>
  <node id="2286261023" lat="35.7223477" lon="-78.6945499" version="1" timestamp="2013-04-30T01:07:13Z" changeset="15915499" uid="522859" user="yotann"/>
  <node id="2286261024" lat="35.7223496" lon="-78.6944653" version="1" timestamp="2013-04-30T01:07:13Z" changeset="15915499" uid="522859" user="yotann"/>
  <node id="2286261025" lat="35.7223509" lon="-78.6939551" version="1" timestamp="2013-04-30T01:07:13Z" changeset="15915499" uid="522859" user="yotann"/>
  <node id="2286261026" lat="35.7223509" lon="-78.6951471" version="1" timestamp="2013-04-30T01:07:13Z" changeset="15915499" uid="522859" user="yotann"/>
  <node id="2286261027" lat="35.7223610" lon="-78.6950616" version="1" timestamp="2013-04-30T01:07:14Z" changeset="15915499" uid="522859" user="yotann"/>
  <node id="2286261028" lat="35.7223673" lon="-78.6950080" version="1" timestamp="2013-04-30T01:07:14Z" changeset="15915499" uid="522859" user="yotann"/>
  <node id="2286261029" lat="35.7223821" lon="-78.6967662" version="1" timestamp="2013-04-30T01:07:14Z" changeset="15915499" uid="522859" user="yotann"/>
  <node id="2286261030" lat="35.7223914" lon="-78.6943485" version="1" timestamp="2013-04-30T01:07:14Z" changeset="15915499" uid="522859" user="yotann"/>
  <node id="2286261031" lat="35.7224338" lon="-78.6970318" version="1" timestamp="2013-04-30T01:07:14Z" changeset="15915499" uid="522859" user="yotann"/>
  <node id="2286261032" lat="35.7224342" lon="-78.6942727" version="1" timestamp="2013-04-30T01:07:14Z" changeset="15915499" uid="522859" user="yotann"/>
  <node id="2286261033" lat="35.7224524" lon="-78.6971006" version="1" timestamp="2013-04-30T01:07:14Z" changeset="15915499" uid="522859" user="yotann"/>
  <node id="2286261034" lat="35.7224536" lon="-78.6941567" version="1" timestamp="2013-04-30T01:07:14Z" changeset="15915499" uid="522859" user="yotann"/>
  <node id="2286261035" lat="35.7224563" lon="-78.6941381" version="1" timestamp="2013-04-30T01:07:14Z" changeset="15915499" uid="522859" user="yotann">
    <tag k="amenity" v="bench"/>
    <tag k="material" v="wood"/>
  </node>
  <node id="2286261036" lat="35.7225040" lon="-78.6911103" version="1" timestamp="2013-04-30T01:07:14Z" changeset="15915499" uid="522859" user="yotann"/>
  <node id="2286261037" lat="35.7225099" lon="-78.6940868" version="1" timestamp="2013-04-30T01:07:14Z" changeset="15915499" uid="522859" user="yotann"/>
  <node id="2286261038" lat="35.7225873" lon="-78.6940858" version="1" timestamp="2013-04-30T01:07:14Z" changeset="15915499" uid="522859" user="yotann"/>
  <node id="2286261039" lat="35.7226757" lon="-78.6978735" version="1" timestamp="2013-04-30T01:07:14Z" changeset="15915499" uid="522859" user="yotann"/>
  <node id="2286261040" lat="35.7226911" lon="-78.6909023" version="1" timestamp="2013-04-30T01:07:14Z" changeset="15915499" uid="522859" user="yotann"/>
  <node id="2286261041" lat="35.7227111" lon="-78.6980284" version="1" timestamp="2013-04-30T01:07:14Z" changeset="15915499" uid="522859" user="yotann"/>
  <node id="2286261042" lat="35.7227128" lon="-78.6979616" version="1" timestamp="2013-04-30T01:07:14Z" changeset="15915499" uid="522859" user="yotann"/>
  <node id="2286261043" lat="35.7227128" lon="-78.6980862" version="1" timestamp="2013-04-30T01:07:14Z" changeset="15915499" uid="522859" user="yotann"/>
  <node id="2286261044" lat="35.7227646" lon="-78.6983923" version="1" timestamp="2013-04-30T01:07:14Z" changeset="15915499" uid="522859" user="yotann"/>
  <node id="2286261045" lat="35.7228212" lon="-78.6985646" version="1" timestamp="2013-04-30T01:07:14Z" changeset="15915499" uid="522859" user="yotann"/>
  <node id="2286261046" lat="35.7229081" lon="-78.7001177" version="1" timestamp="2013-04-30T01:07:14Z" changeset="15915499" uid="522859" user="yotann"/>
  <node id="2286261047" lat="35.7229123" lon="-78.7001863" version="1" timestamp="2013-04-30T01:07:14Z" changeset="15915499" uid="522859" user="yotann"/>
  <node id="2286261048" lat="35.7229124" lon="-78.7000811" version="1" timestamp="2013-04-30T01:07:14Z" changeset="15915499" uid="522859" user="yotann"/>
  <node id="2286261049" lat="35.7229439" lon="-78.6993472" version="1" timestamp="2013-04-30T01:07:14Z" changeset="15915499" uid="522859" user="yotann">
    <tag k="fixme" v="continue"/>
  </node>
  <node id="2286261050" lat="35.7229827" lon="-78.6991607" version="1" timestamp="2013-04-30T01:07:14Z" changeset="15915499" uid="522859" user="yotann"/>
  <node id="2286261051" lat="35.7229834" lon="-78.6993273" version="1" timestamp="2013-04-30T01:07:14Z" changeset="15915499" uid="522859" user="yotann"/>
  <node id="2286261052" lat="35.7229892" lon="-78.6989413" version="1" timestamp="2013-04-30T01:07:14Z" changeset="15915499" uid="522859" user="yotann"/>
  <node id="2286261053" lat="35.7230030" lon="-78.7008855" version="1" timestamp="2013-04-30T01:07:14Z" changeset="15915499" uid="522859" user="yotann"/>
  <node id="2286261054" lat="35.7230159" lon="-78.6990860" version="1" timestamp="2013-04-30T01:07:14Z" changeset="15915499" uid="522859" user="yotann">
    <tag k="fixme" v="continue"/>
  </node>
  <node id="2286261055" lat="35.7230393" lon="-78.7008102" version="1" timestamp="2013-04-30T01:07:14Z" changeset="15915499" uid="522859" user="yotann"/>
  <node id="2286261056" lat="35.7230432" lon="-78.7010041" version="1" timestamp="2013-04-30T01:07:14Z" changeset="15915499" uid="522859" user="yotann"/>
  <node id="2286261057" lat="35.7230460" lon="-78.6990742" version="1" timestamp="2013-04-30T01:07:14Z" changeset="15915499" uid="522859" user="yotann"/>
  <node id="2286261058" lat="35.7230569" lon="-78.6991104" version="1" timestamp="2013-04-30T01:07:14Z" changeset="15915499" uid="522859" user="yotann"/>
  <node id="2286261059" lat="35.7230605" lon="-78.7007602" version="1" timestamp="2013-04-30T01:07:14Z" changeset="15915499" uid="522859" user="yotann"/>
  <node id="2286261060" lat="35.7230744" lon="-78.7005913" version="1" timestamp="2013-04-30T01:07:14Z" changeset="15915499" uid="522859" user="yotann"/>
  <node id="2286261061" lat="35.7231846" lon="-78.6994237" version="1" timestamp="2013-04-30T01:07:14Z" changeset="15915499" uid="522859" user="yotann"/>
  <node id="2286261062" lat="35.7231937" lon="-78.6995181" version="1" timestamp="2013-04-30T01:07:14Z" changeset="15915499" uid="522859" user="yotann"/>
  <node id="2286261063" lat="35.7232126" lon="-78.6995640" version="1" timestamp="2013-04-30T01:07:14Z" changeset="15915499" uid="522859" user="yotann"/>
  <node id="2286261064" lat="35.7232607" lon="-78.6996236" version="1" timestamp="2013-04-30T01:07:14Z" changeset="15915499" uid="522859" user="yotann"/>
  <node id="2286261065" lat="35.7233317" lon="-78.6995794" version="1" timestamp="2013-04-30T01:07:14Z" changeset="15915499" uid="522859" user="yotann"/>
  <node id="2286261066" lat="35.7233784" lon="-78.6999310" version="1" timestamp="2013-04-30T01:07:14Z" changeset="15915499" uid="522859" user="yotann"/>
  <node id="2286261067" lat="35.7235641" lon="-78.7001406" version="1" timestamp="2013-04-30T01:07:14Z" changeset="15915499" uid="522859" user="yotann"/>
  <node id="2286261068" lat="35.7235887" lon="-78.7011417" version="1" timestamp="2013-04-30T01:07:15Z" changeset="15915499" uid="522859" user="yotann"/>
  <node id="2286261069" lat="35.7237264" lon="-78.7011321" version="1" timestamp="2013-04-30T01:07:15Z" changeset="15915499" uid="522859" user="yotann"/>
  <node id="2286261070" lat="35.7238122" lon="-78.7001529" version="1" timestamp="2013-04-30T01:07:15Z" changeset="15915499" uid="522859" user="yotann"/>
  <node id="2286261071" lat="35.7238225" lon="-78.7012249" version="1" timestamp="2013-04-30T01:07:15Z" changeset="15915499" uid="522859" user="yotann"/>
  <node id="2286261072" lat="35.7239239" lon="-78.7002489" version="1" timestamp="2013-04-30T01:07:15Z" changeset="15915499" uid="522859" user="yotann"/>
  <node id="2286261073" lat="35.7240294" lon="-78.7012619" version="1" timestamp="2013-04-30T01:07:15Z" changeset="15915499" uid="522859" user="yotann"/>
  <node id="2286261074" lat="35.7241223" lon="-78.7012423" version="1" timestamp="2013-04-30T01:07:15Z" changeset="15915499" uid="522859" user="yotann"/>
  <node id="2286261075" lat="35.7241706" lon="-78.7011911" version="1" timestamp="2013-04-30T01:07:15Z" changeset="15915499" uid="522859" user="yotann"/>
  <node id="2286261076" lat="35.7241852" lon="-78.7011732" version="1" timestamp="2013-04-30T01:07:15Z" changeset="15915499" uid="522859" user="yotann"/>
  <node id="2286261077" lat="35.7242852" lon="-78.7011164" version="1" timestamp="2013-04-30T01:07:15Z" changeset="15915499" uid="522859" user="yotann"/>
  <node id="2286261078" lat="35.7244110" lon="-78.7003454" version="1" timestamp="2013-04-30T01:07:15Z" changeset="15915499" uid="522859" user="yotann"/>
  <node id="2286261079" lat="35.7244330" lon="-78.7011513" version="1" timestamp="2013-04-30T01:07:15Z" changeset="15915499" uid="522859" user="yotann"/>
  <node id="2286261080" lat="35.7244590" lon="-78.7004121" version="1" timestamp="2013-04-30T01:07:15Z" changeset="15915499" uid="522859" user="yotann"/>
  <node id="2286261081" lat="35.7244648" lon="-78.7012304" version="1" timestamp="2013-04-30T01:07:15Z" changeset="15915499" uid="522859" user="yotann"/>
  <node id="2286261082" lat="35.7244915" lon="-78.7012917" version="1" timestamp="2013-04-30T01:07:15Z" changeset="15915499" uid="522859" user="yotann"/>
  <node id="2286261083" lat="35.7245871" lon="-78.7013538" version="1" timestamp="2013-04-30T01:07:15Z" changeset="15915499" uid="522859" user="yotann"/>
  <node id="2286261084" lat="35.7247311" lon="-78.7013640" version="1" timestamp="2013-04-30T01:07:15Z" changeset="15915499" uid="522859" user="yotann"/>
  <node id="2286261085" lat="35.7247577" lon="-78.7013542" version="1" timestamp="2013-04-30T01:07:15Z" changeset="15915499" uid="522859" user="yotann"/>
  <node id="2286261086" lat="35.7248695" lon="-78.7003993" version="1" timestamp="2013-04-30T01:07:15Z" changeset="15915499" uid="522859" user="yotann"/>
  <node id="2286261087" lat="35.7249760" lon="-78.7007897" version="1" timestamp="2013-04-30T01:07:15Z" changeset="15915499" uid="522859" user="yotann"/>
  <node id="2286261088" lat="35.7249994" lon="-78.7004825" version="1" timestamp="2013-04-30T01:07:15Z" changeset="15915499" uid="522859" user="yotann"/>
  <node id="2286261089" lat="35.7250047" lon="-78.7009112" version="1" timestamp="2013-04-30T01:07:15Z" changeset="15915499" uid="522859" user="yotann"/>
  <node id="2286261090" lat="35.7250298" lon="-78.7009665" version="1" timestamp="2013-04-30T01:07:15Z" changeset="15915499" uid="522859" user="yotann"/>
  <node id="2286261091" lat="35.7250877" lon="-78.7011097" version="1" timestamp="2013-04-30T01:07:15Z" changeset="15915499" uid="522859" user="yotann"/>
  <node id="3443212273" lat="35.7220403" lon="-78.7096436" version="1" timestamp="2015-04-07T18:06:22Z" changeset="30046100" uid="922360" user="JMDeMai"/>
  <node id="3443212276" lat="35.7253675" lon="-78.7097079" version="1" timestamp="2015-04-07T18:06:22Z" changeset="30046100" uid="922360" user="JMDeMai"/>
  <node id="3443218340" lat="35.7272312" lon="-78.7065590" version="1" timestamp="2015-04-07T18:08:20Z" changeset="30046100" uid="922360" user="JMDeMai"/>
  <node id="3443218341" lat="35.7265519" lon="-78.7053145" version="1" timestamp="2015-04-07T18:08:20Z" changeset="30046100" uid="922360" user="JMDeMai"/>
  <node id="3443218342" lat="35.7253284" lon="-78.7052608" version="1" timestamp="2015-04-07T18:08:20Z" changeset="30046100" uid="922360" user="JMDeMai"/>
  <node id="3443218343" lat="35.7253669" lon="-78.7105158" version="1" timestamp="2015-04-07T18:08:20Z" changeset="30046100" uid="922360" user="JMDeMai"/>
  <node id="3443218344" lat="35.7240349" lon="-78.7035925" version="1" timestamp="2015-04-07T18:08:20Z" changeset="30046100" uid="922360" user="JMDeMai"/>
  <node id="3443218345" lat="35.7235254" lon="-78.7026859" version="1" timestamp="2015-04-07T18:08:20Z" changeset="30046100" uid="922360" user="JMDeMai"/>
  <node id="3443218346" lat="35.7257009" lon="-78.7105104" version="1" timestamp="2015-04-07T18:08:20Z" changeset="30046100" uid="922360" user="JMDeMai"/>
  <node id="3443218347" lat="35.7260493" lon="-78.7102905" version="1" timestamp="2015-04-07T18:08:20Z" changeset="30046100" uid="922360" user="JMDeMai"/>
  <node id="3443218348" lat="35.7219575" lon="-78.7089247" version="1" timestamp="2015-04-07T18:08:20Z" changeset="30046100" uid="922360" user="JMDeMai"/>
  <node id="3443218349" lat="35.7220142" lon="-78.7093217" version="1" timestamp="2015-04-07T18:08:20Z" changeset="30046100" uid="922360" user="JMDeMai"/>
  <node id="3443218350" lat="35.7217267" lon="-78.7018437" version="1" timestamp="2015-04-07T18:08:21Z" changeset="30046100" uid="922360" user="JMDeMai"/>
  <node id="3443218351" lat="35.7280526" lon="-78.7068036" version="1" timestamp="2015-04-07T18:08:21Z" changeset="30046100" uid="922360" user="JMDeMai"/>
  <node id="3443218352" lat="35.7275535" lon="-78.7086887" version="1" timestamp="2015-04-07T18:08:21Z" changeset="30046100" uid="922360" user="JMDeMai"/>
  <node id="3443218353" lat="35.7253153" lon="-78.7047619" version="1" timestamp="2015-04-07T18:08:21Z" changeset="30046100" uid="922360" user="JMDeMai"/>
  <node id="3443278110" lat="35.7210734" lon="-78.7067575" version="1" timestamp="2015-04-07T18:40:35Z" changeset="30046767" uid="922360" user="JMDeMai"/>
  <node id="3443278111" lat="35.7210125" lon="-78.7069023" version="1" timestamp="2015-04-07T18:40:35Z" changeset="30046767" uid="922360" user="JMDeMai"/>
  <node id="3443278112" lat="35.7206499" lon="-78.7069085" version="2" timestamp="2015-04-07T18:41:27Z" changeset="30046767" uid="922360" user="JMDeMai"/>
  <node id="3443278113" lat="35.7207686" lon="-78.7070633" version="1" timestamp="2015-04-07T18:40:35Z" changeset="30046767" uid="922360" user="JMDeMai"/>
  <node id="3443278114" lat="35.7211126" lon="-78.7066019" version="1" timestamp="2015-04-07T18:40:35Z" changeset="30046767" uid="922360" user="JMDeMai"/>
  <node id="3443278115" lat="35.7208121" lon="-78.7070901" version="1" timestamp="2015-04-07T18:40:36Z" changeset="30046767" uid="922360" user="JMDeMai"/>
  <node id="3443278116" lat="35.7205327" lon="-78.7017761" version="1" timestamp="2015-04-07T18:40:36Z" changeset="30046767" uid="922360" user="JMDeMai"/>
  <node id="3443278117" lat="35.7218778" lon="-78.7064805" version="1" timestamp="2015-04-07T18:40:36Z" changeset="30046767" uid="922360" user="JMDeMai"/>
  <node id="3443278118" lat="35.7208731" lon="-78.7070847" version="1" timestamp="2015-04-07T18:40:36Z" changeset="30046767" uid="922360" user="JMDeMai"/>
  <node id="3443278119" lat="35.7211257" lon="-78.7064088" version="1" timestamp="2015-04-07T18:40:36Z" changeset="30046767" uid="922360" user="JMDeMai"/>
  <node id="3443278120" lat="35.7209210" lon="-78.7070311" version="1" timestamp="2015-04-07T18:40:36Z" changeset="30046767" uid="922360" user="JMDeMai"/>
  <node id="3443286806" lat="35.7189261" lon="-78.7021279" version="1" timestamp="2015-04-07T18:47:48Z" changeset="30046886" uid="922360" user="JMDeMai"/>
  <node id="3443289696" lat="35.7200106" lon="-78.6986840" version="1" timestamp="2015-04-07T18:50:15Z" changeset="30046886" uid="922360" user="JMDeMai"/>
  <node id="3443289697" lat="35.7196317" lon="-78.6977130" version="1" timestamp="2015-04-07T18:50:15Z" changeset="30046886" uid="922360" user="JMDeMai"/>
  <node id="3443289698" lat="35.7160385" lon="-78.7013126" version="1" timestamp="2015-04-07T18:50:15Z" changeset="30046886" uid="922360" user="JMDeMai"/>
  <node id="3443289699" lat="35.7189346" lon="-78.7024629" version="1" timestamp="2015-04-07T18:50:15Z" changeset="30046886" uid="922360" user="JMDeMai"/>
  <node id="3443289700" lat="35.7186228" lon="-78.7013364" version="1" timestamp="2015-04-07T18:50:15Z" changeset="30046886" uid="922360" user="JMDeMai"/>
  <node id="3443289701" lat="35.7209990" lon="-78.6999875" version="1" timestamp="2015-04-07T18:50:15Z" changeset="30046886" uid="922360" user="JMDeMai"/>
  <node id="3443289702" lat="35.7205463" lon="-78.6994887" version="1" timestamp="2015-04-07T18:50:15Z" changeset="30046886" uid="922360" user="JMDeMai"/>
  <node id="3443289703" lat="35.7165524" lon="-78.6972731" version="1" timestamp="2015-04-07T18:50:15Z" changeset="30046886" uid="922360" user="JMDeMai"/>
  <node id="3443289704" lat="35.7214040" lon="-78.7002772" version="1" timestamp="2015-04-07T18:50:15Z" changeset="30046886" uid="922360" user="JMDeMai"/>
  <node id="3443289705" lat="35.7203546" lon="-78.6991507" version="1" timestamp="2015-04-07T18:50:15Z" changeset="30046886" uid="922360" user="JMDeMai"/>
  <node id="3443289706" lat="35.7205485" lon="-78.7024680" version="1" timestamp="2015-04-07T18:50:15Z" changeset="30046886" uid="922360" user="JMDeMai"/>
  <node id="3443289707" lat="35.7207335" lon="-78.6998052" version="1" timestamp="2015-04-07T18:50:15Z" changeset="30046886" uid="922360" user="JMDeMai"/>
  <node id="3443289708" lat="35.7196142" lon="-78.6973482" version="1" timestamp="2015-04-07T18:50:15Z" changeset="30046886" uid="922360" user="JMDeMai"/>
  <node id="3443289709" lat="35.7186391" lon="-78.7021271" version="1" timestamp="2015-04-07T18:50:15Z" changeset="30046886" uid="922360" user="JMDeMai"/>
  <node id="3443289710" lat="35.7197144" lon="-78.6981958" version="1" timestamp="2015-04-07T18:50:15Z" changeset="30046886" uid="922360" user="JMDeMai"/>
  <node id="3443289711" lat="35.7216697" lon="-78.7006259" version="1" timestamp="2015-04-07T18:50:15Z" changeset="30046886" uid="922360" user="JMDeMai"/>
  <node id="3443289712" lat="35.7198107" lon="-78.6984608" version="1" timestamp="2015-04-07T18:50:15Z" changeset="30046886" uid="922360" user="JMDeMai"/>
  <node id="3443302564" lat="35.7166657" lon="-78.6923862" version="1" timestamp="2015-04-07T18:56:54Z" changeset="30047042" uid="922360" user="JMDeMai"/>
  <node id="3443330485" lat="35.7176933" lon="-78.6950416" version="1" timestamp="2015-04-07T19:11:30Z" changeset="30047265" uid="922360" user="JMDeMai"/>
  <node id="3443330487" lat="35.7178240" lon="-78.6935449" version="1" timestamp="2015-04-07T19:11:30Z" changeset="30047265" uid="922360" user="JMDeMai"/>
  <node id="3443330488" lat="35.7160045" lon="-78.6923806" version="1" timestamp="2015-04-07T19:11:30Z" changeset="30047265" uid="922360" user="JMDeMai"/>
  <node id="3443330489" lat="35.7174905" lon="-78.6972961" version="1" timestamp="2015-04-07T19:11:30Z" changeset="30047265" uid="922360" user="JMDeMai"/>
  <node id="3443330490" lat="35.7215913" lon="-78.6928046" version="1" timestamp="2015-04-07T19:11:30Z" changeset="30047265" uid="922360" user="JMDeMai"/>
  <node id="3443330491" lat="35.7215974" lon="-78.6937525" version="1" timestamp="2015-04-07T19:11:30Z" changeset="30047265" uid="922360" user="JMDeMai"/>
  <node id="3443330492" lat="35.7158420" lon="-78.6972335" version="1" timestamp="2015-04-07T19:11:30Z" changeset="30047265" uid="922360" user="JMDeMai"/>
  <node id="3443333493" lat="35.7166916" lon="-78.6925310" version="1" timestamp="2015-04-07T19:11:30Z" changeset="30047265" uid="922360" user="JMDeMai"/>
  <node id="3443345979" lat="35.7164877" lon="-78.6972695" version="1" timestamp="2015-04-07T19:19:25Z" changeset="30047510" uid="922360" user="JMDeMai"/>
  <node id="4252848444" lat="35.7234204" lon="-78.7049338" version="1" timestamp="2016-06-19T13:58:42Z" changeset="40136366" uid="1694880" user="sandhill"/>
  <node id="4252848445" lat="35.7233266" lon="-78.7043213" version="1" timestamp="2016-06-19T13:58:42Z" changeset="40136366" uid="1694880" user="sandhill"/>
  <node id="4252848446" lat="35.7233412" lon="-78.7080564" version="1" timestamp="2016-06-19T13:58:42Z" changeset="40136366" uid="1694880" user="sandhill"/>
  <node id="4252848447" lat="35.7232481" lon="-78.7077591" version="1" timestamp="2016-06-19T13:58:42Z" changeset="40136366" uid="1694880" user="sandhill"/>
  <node id="4252848448" lat="35.7231126" lon="-78.7075272" version="1" timestamp="2016-06-19T13:58:42Z" changeset="40136366" uid="1694880" user="sandhill"/>
  <node id="4252848449" lat="35.7227937" lon="-78.7067923" version="1" timestamp="2016-06-19T13:58:42Z" changeset="40136366" uid="1694880" user="sandhill"/>
  <node id="4252848450" lat="35.7232317" lon="-78.7056334" version="1" timestamp="2016-06-19T13:58:42Z" changeset="40136366" uid="1694880" user="sandhill"/>
  <node id="4292082125" lat="35.7454245" lon="-78.6982078" version="2" timestamp="2023-06-05T04:11:58Z" changeset="136953900" uid="9015854" user="SDoak"/>
  <node id="6204706016" lat="35.7468886" lon="-78.6973573" version="1" timestamp="2019-01-13T03:32:05Z" changeset="66265167" uid="8148904" user="_jcaruso"/>
  <node id="6341719144" lat="35.7204594" lon="-78.7007850" version="1" timestamp="2019-03-16T17:46:04Z" changeset="68209637" uid="9208191" user="_jcaruso_import"/>
  <node id="6341719145" lat="35.7204464" lon="-78.7008583" version="1" timestamp="2019-03-16T17:46:04Z" changeset="68209637" uid="9208191" user="_jcaruso_import"/>
  <node id="6341719146" lat="35.7204197" lon="-78.7008512" version="1" timestamp="2019-03-16T17:46:04Z" changeset="68209637" uid="9208191" user="_jcaruso_import"/>
  <node id="6341719147" lat="35.7203991" lon="-78.7009677" version="1" timestamp="2019-03-16T17:46:04Z" changeset="68209637" uid="9208191" user="_jcaruso_import"/>
  <node id="6341719149" lat="35.7203806" lon="-78.7009628" version="1" timestamp="2019-03-16T17:46:04Z" changeset="68209637" uid="9208191" user="_jcaruso_import"/>
  <node id="6341719151" lat="35.7203795" lon="-78.7009690" version="1" timestamp="2019-03-16T17:46:04Z" changeset="68209637" uid="9208191" user="_jcaruso_import"/>
  <node id="6341719153" lat="35.7203454" lon="-78.7009599" version="1" timestamp="2019-03-16T17:46:04Z" changeset="68209637" uid="9208191" user="_jcaruso_import"/>
  <node id="6341719155" lat="35.7203469" lon="-78.7009516" version="1" timestamp="2019-03-16T17:46:04Z" changeset="68209637" uid="9208191" user="_jcaruso_import"/>
  <node id="6341719158" lat="35.7202820" lon="-78.7009343" version="1" timestamp="2019-03-16T17:46:04Z" changeset="68209637" uid="9208191" user="_jcaruso_import"/>
  <node id="6341719160" lat="35.7202867" lon="-78.7009077" version="1" timestamp="2019-03-16T17:46:04Z" changeset="68209637" uid="9208191" user="_jcaruso_import"/>
  <node id="6341719163" lat="35.7202795" lon="-78.7009057" version="1" timestamp="2019-03-16T17:46:04Z" changeset="68209637" uid="9208191" user="_jcaruso_import"/>
  <node id="6341719167" lat="35.7202841" lon="-78.7008795" version="1" timestamp="2019-03-16T17:46:04Z" changeset="68209637" uid="9208191" user="_jcaruso_import"/>
  <node id="6341719171" lat="35.7202909" lon="-78.7008812" version="1" timestamp="2019-03-16T17:46:04Z" changeset="68209637" uid="9208191" user="_jcaruso_import"/>
  <node id="6341719175" lat="35.7202918" lon="-78.7008759" version="1" timestamp="2019-03-16T17:46:04Z" changeset="68209637" uid="9208191" user="_jcaruso_import"/>
  <node id="6341719179" lat="35.7202856" lon="-78.7008743" version="1" timestamp="2019-03-16T17:46:04Z" changeset="68209637" uid="9208191" user="_jcaruso_import"/>
  <node id="6341719183" lat="35.7202925" lon="-78.7008354" version="1" timestamp="2019-03-16T17:46:04Z" changeset="68209637" uid="9208191" user="_jcaruso_import"/>
  <node id="6341719184" lat="35.7202705" lon="-78.7008295" version="1" timestamp="2019-03-16T17:46:04Z" changeset="68209637" uid="9208191" user="_jcaruso_import"/>
  <node id="6341720889" lat="35.7202719" lon="-78.7008220" version="1" timestamp="2019-03-16T17:46:04Z" changeset="68209637" uid="9208191" user="_jcaruso_import"/>
  <node id="6341720892" lat="35.7202561" lon="-78.7008178" version="1" timestamp="2019-03-16T17:46:04Z" changeset="68209637" uid="9208191" user="_jcaruso_import"/>
  <node id="6341720894" lat="35.7202623" lon="-78.7007827" version="1" timestamp="2019-03-16T17:46:04Z" changeset="68209637" uid="9208191" user="_jcaruso_import"/>
  <node id="6341720896" lat="35.7202599" lon="-78.7007821" version="1" timestamp="2019-03-16T17:46:04Z" changeset="68209637" uid="9208191" user="_jcaruso_import"/>
  <node id="6341720898" lat="35.7202740" lon="-78.7007028" version="1" timestamp="2019-03-16T17:46:04Z" changeset="68209637" uid="9208191" user="_jcaruso_import"/>
  <node id="6341720899" lat="35.7203100" lon="-78.7007180" version="1" timestamp="2019-03-16T17:46:04Z" changeset="68209637" uid="9208191" user="_jcaruso_import"/>
  <node id="6341720900" lat="35.7203116" lon="-78.7007093" version="1" timestamp="2019-03-16T17:46:04Z" changeset="68209637" uid="9208191" user="_jcaruso_import"/>
  <node id="6341720901" lat="35.7203164" lon="-78.7007105" version="1" timestamp="2019-03-16T17:46:04Z" changeset="68209637" uid="9208191" user="_jcaruso_import"/>
  <node id="6341720902" lat="35.7203193" lon="-78.7006939" version="1" timestamp="2019-03-16T17:46:04Z" changeset="68209637" uid="9208191" user="_jcaruso_import"/>
  <node id="6341720903" lat="35.7202807" lon="-78.7006095" version="1" timestamp="2019-03-16T17:46:04Z" changeset="68209637" uid="9208191" user="_jcaruso_import"/>
  <node id="6341720904" lat="35.7202772" lon="-78.7006121" version="1" timestamp="2019-03-16T17:46:04Z" changeset="68209637" uid="9208191" user="_jcaruso_import"/>
  <node id="6341720905" lat="35.7202569" lon="-78.7005701" version="1" timestamp="2019-03-16T17:46:05Z" changeset="68209637" uid="9208191" user="_jcaruso_import"/>
  <node id="6341720906" lat="35.7203276" lon="-78.7005182" version="1" timestamp="2019-03-16T17:46:05Z" changeset="68209637" uid="9208191" user="_jcaruso_import"/>
  <node id="6341720907" lat="35.7203524" lon="-78.7005767" version="1" timestamp="2019-03-16T17:46:05Z" changeset="68209637" uid="9208191" user="_jcaruso_import"/>
  <node id="6341720908" lat="35.7203584" lon="-78.7005733" version="1" timestamp="2019-03-16T17:46:05Z" changeset="68209637" uid="9208191" user="_jcaruso_import"/>
  <node id="6341720909" lat="35.7203904" lon="-78.7006382" version="1" timestamp="2019-03-16T17:46:05Z" changeset="68209637" uid="9208191" user="_jcaruso_import"/>
  <node id="6341720910" lat="35.7204551" lon="-78.7006601" version="1" timestamp="2019-03-16T17:46:05Z" changeset="68209637" uid="9208191" user="_jcaruso_import"/>
  <node id="6341720911" lat="35.7204332" lon="-78.7007780" version="1" timestamp="2019-03-16T17:46:05Z" changeset="68209637" uid="9208191" user="_jcaruso_import"/>
  <node id="6341721054" lat="35.7215307" lon="-78.7031770" version="1" timestamp="2019-03-16T17:46:06Z" changeset="68209637" uid="9208191" user="_jcaruso_import"/>
  <node id="6341721056" lat="35.7215361" lon="-78.7033619" version="1" timestamp="2019-03-16T17:46:06Z" changeset="68209637" uid="9208191" user="_jcaruso_import"/>
  <node id="6341721058" lat="35.7215068" lon="-78.7033632" version="1" timestamp="2019-03-16T17:46:06Z" changeset="68209637" uid="9208191" user="_jcaruso_import"/>
  <node id="6341721060" lat="35.7215069" lon="-78.7033687" version="1" timestamp="2019-03-16T17:46:07Z" changeset="68209637" uid="9208191" user="_jcaruso_import"/>
  <node id="6341721062" lat="35.7214611" lon="-78.7033707" version="1" timestamp="2019-03-16T17:46:07Z" changeset="68209637" uid="9208191" user="_jcaruso_import"/>
  <node id="6341721064" lat="35.7214600" lon="-78.7033332" version="1" timestamp="2019-03-16T17:46:07Z" changeset="68209637" uid="9208191" user="_jcaruso_import"/>
  <node id="6341721066" lat="35.7214541" lon="-78.7033334" version="1" timestamp="2019-03-16T17:46:07Z" changeset="68209637" uid="9208191" user="_jcaruso_import"/>
  <node id="6341721068" lat="35.7214542" lon="-78.7033379" version="1" timestamp="2019-03-16T17:46:07Z" changeset="68209637" uid="9208191" user="_jcaruso_import"/>
  <node id="6341721070" lat="35.7214040" lon="-78.7033401" version="1" timestamp="2019-03-16T17:46:07Z" changeset="68209637" uid="9208191" user="_jcaruso_import"/>
  <node id="6341721072" lat="35.7214042" lon="-78.7033458" version="1" timestamp="2019-03-16T17:46:07Z" changeset="68209637" uid="9208191" user="_jcaruso_import"/>
  <node id="6341721074" lat="35.7214003" lon="-78.7033459" version="1" timestamp="2019-03-16T17:46:07Z" changeset="68209637" uid="9208191" user="_jcaruso_import"/>
  <node id="6341721077" lat="35.7214013" lon="-78.7033807" version="1" timestamp="2019-03-16T17:46:07Z" changeset="68209637" uid="9208191" user="_jcaruso_import"/>
  <node id="6341721081" lat="35.7213600" lon="-78.7033825" version="1" timestamp="2019-03-16T17:46:07Z" changeset="68209637" uid="9208191" user="_jcaruso_import"/>
  <node id="6341721083" lat="35.7213598" lon="-78.7033755" version="1" timestamp="2019-03-16T17:46:07Z" changeset="68209637" uid="9208191" user="_jcaruso_import"/>
  <node id="6341721086" lat="35.7213149" lon="-78.7033775" version="1" timestamp="2019-03-16T17:46:07Z" changeset="68209637" uid="9208191" user="_jcaruso_import"/>
  <node id="6341721088" lat="35.7213139" lon="-78.7033428" version="1" timestamp="2019-03-16T17:46:07Z" changeset="68209637" uid="9208191" user="_jcaruso_import"/>
  <node id="6341721089" lat="35.7212709" lon="-78.7033447" version="1" timestamp="2019-03-16T17:46:07Z" changeset="68209637" uid="9208191" user="_jcaruso_import"/>
  <node id="6341721091" lat="35.7212671" lon="-78.7032139" version="1" timestamp="2019-03-16T17:46:07Z" changeset="68209637" uid="9208191" user="_jcaruso_import"/>
  <node id="6341721092" lat="35.7213023" lon="-78.7032109" version="1" timestamp="2019-03-16T17:46:07Z" changeset="68209637" uid="9208191" user="_jcaruso_import"/>
  <node id="6341721093" lat="35.7213013" lon="-78.7031869" version="1" timestamp="2019-03-16T17:46:07Z" changeset="68209637" uid="9208191" user="_jcaruso_import"/>
  <node id="6341721094" lat="35.7213115" lon="-78.7031704" version="1" timestamp="2019-03-16T17:46:07Z" changeset="68209637" uid="9208191" user="_jcaruso_import"/>
  <node id="6341721095" lat="35.7213446" lon="-78.7031686" version="1" timestamp="2019-03-16T17:46:07Z" changeset="68209637" uid="9208191" user="_jcaruso_import"/>
  <node id="6341721096" lat="35.7213577" lon="-78.7031806" version="1" timestamp="2019-03-16T17:46:07Z" changeset="68209637" uid="9208191" user="_jcaruso_import"/>
  <node id="6341721098" lat="35.7214177" lon="-78.7031788" version="1" timestamp="2019-03-16T17:46:07Z" changeset="68209637" uid="9208191" user="_jcaruso_import"/>
  <node id="6341721101" lat="35.7214255" lon="-78.7031696" version="1" timestamp="2019-03-16T17:46:07Z" changeset="68209637" uid="9208191" user="_jcaruso_import"/>
  <node id="6341721102" lat="35.7214468" lon="-78.7031693" version="1" timestamp="2019-03-16T17:46:07Z" changeset="68209637" uid="9208191" user="_jcaruso_import"/>
  <node id="6341721104" lat="35.7214463" lon="-78.7031317" version="1" timestamp="2019-03-16T17:46:07Z" changeset="68209637" uid="9208191" user="_jcaruso_import"/>
  <node id="6341721105" lat="35.7215019" lon="-78.7031285" version="1" timestamp="2019-03-16T17:46:07Z" changeset="68209637" uid="9208191" user="_jcaruso_import"/>
  <node id="6341721106" lat="35.7215024" lon="-78.7031635" version="1" timestamp="2019-03-16T17:46:07Z" changeset="68209637" uid="9208191" user="_jcaruso_import"/>
  <node id="6341721107" lat="35.7215199" lon="-78.7031628" version="1" timestamp="2019-03-16T17:46:07Z" changeset="68209637" uid="9208191" user="_jcaruso_import"/>
  <node id="6341721391" lat="35.7199585" lon="-78.7037863" version="1" timestamp="2019-03-16T17:46:11Z" changeset="68209637" uid="9208191" user="_jcaruso_import"/>
  <node id="6341721393" lat="35.7199037" lon="-78.7038412" version="1" timestamp="2019-03-16T17:46:11Z" changeset="68209637" uid="9208191" user="_jcaruso_import"/>
  <node id="6341721394" lat="35.7199406" lon="-78.7038555" version="1" timestamp="2019-03-16T17:46:11Z" changeset="68209637" uid="9208191" user="_jcaruso_import"/>
  <node id="6341721395" lat="35.7199217" lon="-78.7037720" version="1" timestamp="2019-03-16T17:46:11Z" changeset="68209637" uid="9208191" user="_jcaruso_import"/>
  <node id="6341721632" lat="35.7335129" lon="-78.6992360" version="1" timestamp="2019-03-16T17:46:15Z" changeset="68209637" uid="9208191" user="_jcaruso_import"/>
  <node id="6341721635" lat="35.7335108" lon="-78.6992820" version="1" timestamp="2019-03-16T17:46:15Z" changeset="68209637" uid="9208191" user="_jcaruso_import"/>
  <node id="6341721636" lat="35.7333444" lon="-78.6992709" version="1" timestamp="2019-03-16T17:46:15Z" changeset="68209637" uid="9208191" user="_jcaruso_import"/>
  <node id="6341721637" lat="35.7333464" lon="-78.6992249" version="1" timestamp="2019-03-16T17:46:15Z" changeset="68209637" uid="9208191" user="_jcaruso_import"/>
  <node id="6341722012" lat="35.7198601" lon="-78.7003892" version="1" timestamp="2019-03-16T17:46:20Z" changeset="68209637" uid="9208191" user="_jcaruso_import"/>
  <node id="6341722013" lat="35.7198078" lon="-78.7003766" version="1" timestamp="2019-03-16T17:46:20Z" changeset="68209637" uid="9208191" user="_jcaruso_import"/>
  <node id="6341722014" lat="35.7198417" lon="-78.7004142" version="1" timestamp="2019-03-16T17:46:20Z" changeset="68209637" uid="9208191" user="_jcaruso_import"/>
  <node id="6341722016" lat="35.7198262" lon="-78.7003516" version="1" timestamp="2019-03-16T17:46:20Z" changeset="68209637" uid="9208191" user="_jcaruso_import"/>
  <node id="6341722044" lat="35.7335060" lon="-78.6987850" version="1" timestamp="2019-03-16T17:46:21Z" changeset="68209637" uid="9208191" user="_jcaruso_import"/>
  <node id="6341722045" lat="35.7334973" lon="-78.6989295" version="1" timestamp="2019-03-16T17:46:21Z" changeset="68209637" uid="9208191" user="_jcaruso_import"/>
  <node id="6341722046" lat="35.7333336" lon="-78.6989148" version="1" timestamp="2019-03-16T17:46:21Z" changeset="68209637" uid="9208191" user="_jcaruso_import"/>
  <node id="6341722047" lat="35.7333422" lon="-78.6987703" version="1" timestamp="2019-03-16T17:46:21Z" changeset="68209637" uid="9208191" user="_jcaruso_import"/>
  <node id="6341722096" lat="35.7305000" lon="-78.7018620" version="1" timestamp="2019-03-16T17:46:22Z" changeset="68209637" uid="9208191" user="_jcaruso_import"/>
  <node id="6341722097" lat="35.7304784" lon="-78.7018301" version="1" timestamp="2019-03-16T17:46:22Z" changeset="68209637" uid="9208191" user="_jcaruso_import"/>
  <node id="6341722098" lat="35.7304358" lon="-78.7018736" version="1" timestamp="2019-03-16T17:46:22Z" changeset="68209637" uid="9208191" user="_jcaruso_import"/>
  <node id="6341722099" lat="35.7304575" lon="-78.7019055" version="1" timestamp="2019-03-16T17:46:22Z" changeset="68209637" uid="9208191" user="_jcaruso_import"/>
  <node id="6341722302" lat="35.7272890" lon="-78.6959752" version="1" timestamp="2019-03-16T17:46:25Z" changeset="68209637" uid="9208191" user="_jcaruso_import"/>
  <node id="6341722305" lat="35.7272350" lon="-78.6959981" version="1" timestamp="2019-03-16T17:46:25Z" changeset="68209637" uid="9208191" user="_jcaruso_import"/>
  <node id="6341722308" lat="35.7271347" lon="-78.6956415" version="1" timestamp="2019-03-16T17:46:25Z" changeset="68209637" uid="9208191" user="_jcaruso_import"/>
  <node id="6341722311" lat="35.7271887" lon="-78.6956187" version="1" timestamp="2019-03-16T17:46:25Z" changeset="68209637" uid="9208191" user="_jcaruso_import"/>
  <node id="6341722711" lat="35.7233322" lon="-78.7033988" version="1" timestamp="2019-03-16T17:46:29Z" changeset="68209637" uid="9208191" user="_jcaruso_import"/>
  <node id="6341722712" lat="35.7198757" lon="-78.7029256" version="1" timestamp="2019-03-16T17:46:29Z" changeset="68209637" uid="9208191" user="_jcaruso_import"/>
  <node id="6341722713" lat="35.7232809" lon="-78.7033252" version="1" timestamp="2019-03-16T17:46:29Z" changeset="68209637" uid="9208191" user="_jcaruso_import"/>
  <node id="6341722714" lat="35.7198674" lon="-78.7029926" version="1" timestamp="2019-03-16T17:46:29Z" changeset="68209637" uid="9208191" user="_jcaruso_import"/>
  <node id="6341722715" lat="35.7233077" lon="-78.7032972" version="1" timestamp="2019-03-16T17:46:29Z" changeset="68209637" uid="9208191" user="_jcaruso_import"/>
  <node id="6341722716" lat="35.7198367" lon="-78.7029868" version="1" timestamp="2019-03-16T17:46:29Z" changeset="68209637" uid="9208191" user="_jcaruso_import"/>
  <node id="6341722717" lat="35.7232706" lon="-78.7032439" version="1" timestamp="2019-03-16T17:46:29Z" changeset="68209637" uid="9208191" user="_jcaruso_import"/>
  <node id="6341722718" lat="35.7198451" lon="-78.7029198" version="1" timestamp="2019-03-16T17:46:29Z" changeset="68209637" uid="9208191" user="_jcaruso_import"/>
  <node id="6341722719" lat="35.7232804" lon="-78.7032336" version="1" timestamp="2019-03-16T17:46:29Z" changeset="68209637" uid="9208191" user="_jcaruso_import"/>
  <node id="6341722720" lat="35.7232539" lon="-78.7031955" version="1" timestamp="2019-03-16T17:46:29Z" changeset="68209637" uid="9208191" user="_jcaruso_import"/>
  <node id="6341722721" lat="35.7233306" lon="-78.7031152" version="1" timestamp="2019-03-16T17:46:29Z" changeset="68209637" uid="9208191" user="_jcaruso_import"/>
  <node id="6341722722" lat="35.7233571" lon="-78.7031531" version="1" timestamp="2019-03-16T17:46:29Z" changeset="68209637" uid="9208191" user="_jcaruso_import"/>
  <node id="6341722723" lat="35.7233897" lon="-78.7031190" version="1" timestamp="2019-03-16T17:46:30Z" changeset="68209637" uid="9208191" user="_jcaruso_import"/>
  <node id="6341722724" lat="35.7234223" lon="-78.7031659" version="1" timestamp="2019-03-16T17:46:30Z" changeset="68209637" uid="9208191" user="_jcaruso_import"/>
  <node id="6341722725" lat="35.7234299" lon="-78.7031579" version="1" timestamp="2019-03-16T17:46:30Z" changeset="68209637" uid="9208191" user="_jcaruso_import"/>
  <node id="6341722727" lat="35.7234614" lon="-78.7032031" version="1" timestamp="2019-03-16T17:46:30Z" changeset="68209637" uid="9208191" user="_jcaruso_import"/>
  <node id="6341722729" lat="35.7234386" lon="-78.7032269" version="1" timestamp="2019-03-16T17:46:30Z" changeset="68209637" uid="9208191" user="_jcaruso_import"/>
  <node id="6341722731" lat="35.7234630" lon="-78.7032618" version="1" timestamp="2019-03-16T17:46:30Z" changeset="68209637" uid="9208191" user="_jcaruso_import"/>
  <node id="6341722813" lat="35.7210946" lon="-78.7037273" version="1" timestamp="2019-03-16T17:46:31Z" changeset="68209637" uid="9208191" user="_jcaruso_import"/>
  <node id="6341722815" lat="35.7211135" lon="-78.7037659" version="1" timestamp="2019-03-16T17:46:31Z" changeset="68209637" uid="9208191" user="_jcaruso_import"/>
  <node id="6341722818" lat="35.7210556" lon="-78.7038187" version="1" timestamp="2019-03-16T17:46:31Z" changeset="68209637" uid="9208191" user="_jcaruso_import"/>
  <node id="6341722820" lat="35.7210516" lon="-78.7038093" version="1" timestamp="2019-03-16T17:46:31Z" changeset="68209637" uid="9208191" user="_jcaruso_import"/>
  <node id="6341722822" lat="35.7209906" lon="-78.7038577" version="1" timestamp="2019-03-16T17:46:31Z" changeset="68209637" uid="9208191" user="_jcaruso_import"/>
  <node id="6341722823" lat="35.7210045" lon="-78.7038789" version="1" timestamp="2019-03-16T17:46:31Z" changeset="68209637" uid="9208191" user="_jcaruso_import"/>
  <node id="6341722826" lat="35.7209392" lon="-78.7039363" version="1" timestamp="2019-03-16T17:46:31Z" changeset="68209637" uid="9208191" user="_jcaruso_import"/>
  <node id="6341722827" lat="35.7208455" lon="-78.7037765" version="1" timestamp="2019-03-16T17:46:31Z" changeset="68209637" uid="9208191" user="_jcaruso_import"/>
  <node id="6341722829" lat="35.7208654" lon="-78.7037527" version="1" timestamp="2019-03-16T17:46:31Z" changeset="68209637" uid="9208191" user="_jcaruso_import"/>
  <node id="6341722831" lat="35.7208539" lon="-78.7037297" version="1" timestamp="2019-03-16T17:46:31Z" changeset="68209637" uid="9208191" user="_jcaruso_import"/>
  <node id="6341722833" lat="35.7208902" lon="-78.7036910" version="1" timestamp="2019-03-16T17:46:31Z" changeset="68209637" uid="9208191" user="_jcaruso_import"/>
  <node id="6341722835" lat="35.7209059" lon="-78.7037196" version="1" timestamp="2019-03-16T17:46:31Z" changeset="68209637" uid="9208191" user="_jcaruso_import"/>
  <node id="6341722837" lat="35.7209329" lon="-78.7036951" version="1" timestamp="2019-03-16T17:46:31Z" changeset="68209637" uid="9208191" user="_jcaruso_import"/>
  <node id="6341722838" lat="35.7209427" lon="-78.7036990" version="1" timestamp="2019-03-16T17:46:31Z" changeset="68209637" uid="9208191" user="_jcaruso_import"/>
  <node id="6341722839" lat="35.7209894" lon="-78.7036525" version="1" timestamp="2019-03-16T17:46:31Z" changeset="68209637" uid="9208191" user="_jcaruso_import"/>
  <node id="6341722840" lat="35.7209911" lon="-78.7036376" version="1" timestamp="2019-03-16T17:46:31Z" changeset="68209637" uid="9208191" user="_jcaruso_import"/>
  <node id="6341722841" lat="35.7210189" lon="-78.7036138" version="1" timestamp="2019-03-16T17:46:31Z" changeset="68209637" uid="9208191" user="_jcaruso_import"/>
  <node id="6341722844" lat="35.7210341" lon="-78.7036182" version="1" timestamp="2019-03-16T17:46:31Z" changeset="68209637" uid="9208191" user="_jcaruso_import"/>
  <node id="6341722846" lat="35.7210613" lon="-78.7036608" version="1" timestamp="2019-03-16T17:46:31Z" changeset="68209637" uid="9208191" user="_jcaruso_import"/>
  <node id="6341722848" lat="35.7210840" lon="-78.7036415" version="1" timestamp="2019-03-16T17:46:31Z" changeset="68209637" uid="9208191" user="_jcaruso_import"/>
  <node id="6341722849" lat="35.7211176" lon="-78.7036983" version="1" timestamp="2019-03-16T17:46:31Z" changeset="68209637" uid="9208191" user="_jcaruso_import"/>
  <node id="6341722862" lat="35.7237376" lon="-78.6911062" version="1" timestamp="2019-03-16T17:46:32Z" changeset="68209637" uid="9208191" user="_jcaruso_import"/>
  <node id="6341722864" lat="35.7236993" lon="-78.6914386" version="1" timestamp="2019-03-16T17:46:32Z" changeset="68209637" uid="9208191" user="_jcaruso_import"/>
  <node id="6341722866" lat="35.7236112" lon="-78.6914233" version="1" timestamp="2019-03-16T17:46:32Z" changeset="68209637" uid="9208191" user="_jcaruso_import"/>
  <node id="6341722868" lat="35.7236495" lon="-78.6910909" version="1" timestamp="2019-03-16T17:46:32Z" changeset="68209637" uid="9208191" user="_jcaruso_import"/>
  <node id="6610190777" lat="35.7361686" lon="-78.6819630" version="1" timestamp="2019-07-12T14:51:50Z" changeset="72185425" uid="10127758" user="akalohri"/>
  <node id="6690545550" lat="35.7357093" lon="-78.6983339" version="1" timestamp="2019-08-07T09:03:38Z" changeset="73100220" uid="10145809" user="vaidhev"/>
  <node id="6709621646" lat="35.7183787" lon="-78.7003914" version="2" timestamp="2021-02-19T08:16:56Z" changeset="99575388" uid="10192122" user="bnilima">
    <tag k="highway" v="turning_circle"/>
  </node>
  <node id="6709621647" lat="35.7184733" lon="-78.7003777" version="1" timestamp="2019-08-14T10:14:18Z" changeset="73341140" uid="10145802" user="penimire"/>
  <node id="6709621648" lat="35.7186894" lon="-78.7004506" version="1" timestamp="2019-08-14T10:14:18Z" changeset="73341140" uid="10145802" user="penimire"/>
  <node id="6709621649" lat="35.7189225" lon="-78.7006085" version="1" timestamp="2019-08-14T10:14:18Z" changeset="73341140" uid="10145802" user="penimire"/>
  <node id="6709621650" lat="35.7191135" lon="-78.7008073" version="1" timestamp="2019-08-14T10:14:18Z" changeset="73341140" uid="10145802" user="penimire"/>
  <node id="6709621651" lat="35.7192059" lon="-78.7008813" version="1" timestamp="2019-08-14T10:14:18Z" changeset="73341140" uid="10145802" user="penimire"/>
  <node id="6709621652" lat="35.7193297" lon="-78.7009299" version="1" timestamp="2019-08-14T10:14:18Z" changeset="73341140" uid="10145802" user="penimire"/>
  <node id="6709621653" lat="35.7195216" lon="-78.7009333" version="1" timestamp="2019-08-14T10:14:18Z" changeset="73341140" uid="10145802" user="penimire"/>
  <node id="6709621654" lat="35.7196292" lon="-78.7008581" version="1" timestamp="2019-08-14T10:14:18Z" changeset="73341140" uid="10145802" user="penimire"/>
  <node id="6709621655" lat="35.7197359" lon="-78.7006185" version="1" timestamp="2019-08-14T10:14:18Z" changeset="73341140" uid="10145802" user="penimire"/>
  <node id="6709621656" lat="35.7198238" lon="-78.7004892" version="1" timestamp="2019-08-14T10:14:18Z" changeset="73341140" uid="10145802" user="penimire"/>
  <node id="6709621657" lat="35.7199753" lon="-78.7004406" version="1" timestamp="2019-08-14T10:14:18Z" changeset="73341140" uid="10145802" user="penimire"/>
  <node id="6709621658" lat="35.7201044" lon="-78.7004539" version="1" timestamp="2019-08-14T10:14:18Z" changeset="73341140" uid="10145802" user="penimire"/>
  <node id="6709621659" lat="35.7202273" lon="-78.7006074" version="1" timestamp="2019-08-14T10:14:18Z" changeset="73341140" uid="10145802" user="penimire"/>
  <node id="6801927500" lat="35.7365035" lon="-78.6980229" version="1" timestamp="2019-09-17T11:15:03Z" changeset="74573017" uid="10116136" user="soundred"/>
  <node id="6886101721" lat="35.7393493" lon="-78.7001702" version="1" timestamp="2019-10-16T14:14:24Z" changeset="75785474" uid="10271434" user="gazsri"/>
  <node id="7011198857" lat="35.7214862" lon="-78.7035308" version="1" timestamp="2019-11-26T12:26:51Z" changeset="77574203" uid="10192121" user="jamenimm"/>
  <node id="7011198858" lat="35.7214983" lon="-78.7034715" version="1" timestamp="2019-11-26T12:26:51Z" changeset="77574203" uid="10192121" user="jamenimm"/>
  <node id="7011198859" lat="35.7214762" lon="-78.7034394" version="1" timestamp="2019-11-26T12:26:51Z" changeset="77574203" uid="10192121" user="jamenimm"/>
  <node id="7011198860" lat="35.7214300" lon="-78.7034345" version="1" timestamp="2019-11-26T12:26:51Z" changeset="77574203" uid="10192121" user="jamenimm"/>
  <node id="7011198861" lat="35.7214020" lon="-78.7034567" version="1" timestamp="2019-11-26T12:26:51Z" changeset="77574203" uid="10192121" user="jamenimm"/>
  <node id="7011198862" lat="35.7214120" lon="-78.7035259" version="1" timestamp="2019-11-26T12:26:51Z" changeset="77574203" uid="10192121" user="jamenimm"/>
  <node id="7011198863" lat="35.7214499" lon="-78.7036304" version="1" timestamp="2019-11-26T12:26:51Z" changeset="77574203" uid="10192121" user="jamenimm"/>
  <node id="7011198869" lat="35.7230092" lon="-78.7036985" version="1" timestamp="2019-11-26T12:26:51Z" changeset="77574203" uid="10192121" user="jamenimm"/>
  <node id="7011198870" lat="35.7228069" lon="-78.7037782" version="1" timestamp="2019-11-26T12:26:51Z" changeset="77574203" uid="10192121" user="jamenimm"/>
  <node id="7011198871" lat="35.7226872" lon="-78.7038072" version="1" timestamp="2019-11-26T12:26:51Z" changeset="77574203" uid="10192121" user="jamenimm"/>
  <node id="7011198872" lat="35.7226147" lon="-78.7038430" version="1" timestamp="2019-11-26T12:26:51Z" changeset="77574203" uid="10192121" user="jamenimm"/>
  <node id="7011198873" lat="35.7225476" lon="-78.7039681" version="1" timestamp="2019-11-26T12:26:51Z" changeset="77574203" uid="10192121" user="jamenimm"/>
  <node id="7011198874" lat="35.7224243" lon="-78.7042875" version="1" timestamp="2019-11-26T12:26:51Z" changeset="77574203" uid="10192121" user="jamenimm"/>
  <node id="7011198875" lat="35.7222665" lon="-78.7044774" version="1" timestamp="2019-11-26T12:26:51Z" changeset="77574203" uid="10192121" user="jamenimm"/>
  <node id="7011198876" lat="35.7220344" lon="-78.7046471" version="1" timestamp="2019-11-26T12:26:51Z" changeset="77574203" uid="10192121" user="jamenimm"/>
  <node id="7011198877" lat="35.7219618" lon="-78.7046404" version="1" timestamp="2019-11-26T12:26:51Z" changeset="77574203" uid="10192121" user="jamenimm"/>
  <node id="7011198878" lat="35.7219201" lon="-78.7045779" version="1" timestamp="2019-11-26T12:26:51Z" changeset="77574203" uid="10192121" user="jamenimm"/>
  <node id="7011198879" lat="35.7219509" lon="-78.7044818" version="1" timestamp="2019-11-26T12:26:51Z" changeset="77574203" uid="10192121" user="jamenimm"/>
  <node id="7011198880" lat="35.7220235" lon="-78.7043925" version="1" timestamp="2019-11-26T12:26:51Z" changeset="77574203" uid="10192121" user="jamenimm"/>
  <node id="7011198881" lat="35.7220851" lon="-78.7042763" version="1" timestamp="2019-11-26T12:26:51Z" changeset="77574203" uid="10192121" user="jamenimm"/>
  <node id="7111586082" lat="35.7233858" lon="-78.7045177" version="1" timestamp="2020-01-06T07:50:40Z" changeset="79236614" uid="10271447" user="grandhs"/>
  <node id="7111586689" lat="35.7231929" lon="-78.7040409" version="1" timestamp="2020-01-06T07:50:40Z" changeset="79236614" uid="10271447" user="grandhs"/>
  <node id="7111586695" lat="35.7230469" lon="-78.7037689" version="1" timestamp="2020-01-06T07:50:40Z" changeset="79236614" uid="10271447" user="grandhs"/>
  <node id="7111586696" lat="35.7231454" lon="-78.7036888" version="1" timestamp="2020-01-06T07:50:40Z" changeset="79236614" uid="10271447" user="grandhs"/>
  <node id="7111586697" lat="35.7232275" lon="-78.7036151" version="1" timestamp="2020-01-06T07:50:40Z" changeset="79236614" uid="10271447" user="grandhs"/>
  <node id="7111586698" lat="35.7233530" lon="-78.7034938" version="1" timestamp="2020-01-06T07:50:40Z" changeset="79236614" uid="10271447" user="grandhs"/>
  <node id="7111586699" lat="35.7234153" lon="-78.7034212" version="1" timestamp="2020-01-06T07:50:40Z" changeset="79236614" uid="10271447" user="grandhs"/>
  <node id="7111586700" lat="35.7231047" lon="-78.7038765" version="1" timestamp="2020-01-06T07:50:40Z" changeset="79236614" uid="10271447" user="grandhs"/>
  <node id="7111586701" lat="35.7232721" lon="-78.7037174" version="1" timestamp="2020-01-06T07:50:40Z" changeset="79236614" uid="10271447" user="grandhs"/>
  <node id="7111586702" lat="35.7233864" lon="-78.7036407" version="1" timestamp="2020-01-06T07:50:40Z" changeset="79236614" uid="10271447" user="grandhs"/>
  <node id="7111586703" lat="35.7234671" lon="-78.7036314" version="1" timestamp="2020-01-06T07:50:40Z" changeset="79236614" uid="10271447" user="grandhs"/>
  <node id="7111586704" lat="35.7235293" lon="-78.7036180" version="1" timestamp="2020-01-06T07:50:40Z" changeset="79236614" uid="10271447" user="grandhs"/>
  <node id="7111586705" lat="35.7233804" lon="-78.7045000" version="1" timestamp="2020-01-06T07:50:40Z" changeset="79236614" uid="10271447" user="grandhs"/>
  <node id="7134747523" lat="35.7373251" lon="-78.6981471" version="1" timestamp="2020-01-16T03:52:57Z" changeset="79630615" uid="8683374" user="talukdm"/>
  <node id="7203275976" lat="35.7251239" lon="-78.6917027" version="1" timestamp="2020-02-11T11:24:42Z" changeset="80847007" uid="10116136" user="soundred"/>
  <node id="7203275977" lat="35.7250470" lon="-78.6916913" version="1" timestamp="2020-02-11T11:24:42Z" changeset="80847007" uid="10116136" user="soundred">
    <tag k="barrier" v="gate"/>
  </node>
  <node id="7203275978" lat="35.7240605" lon="-78.6915760" version="1" timestamp="2020-02-11T11:24:42Z" changeset="80847007" uid="10116136" user="soundred"/>
  <node id="7203275979" lat="35.7236123" lon="-78.6915215" version="1" timestamp="2020-02-11T11:24:42Z" changeset="80847007" uid="10116136" user="soundred"/>
  <node id="7203275980" lat="35.7229787" lon="-78.6914325" version="1" timestamp="2020-02-11T11:24:42Z" changeset="80847007" uid="10116136" user="soundred"/>
  <node id="7203275981" lat="35.7227587" lon="-78.6913900" version="1" timestamp="2020-02-11T11:24:42Z" changeset="80847007" uid="10116136" user="soundred"/>
  <node id="7203275982" lat="35.7227259" lon="-78.6913435" version="1" timestamp="2020-02-11T11:24:42Z" changeset="80847007" uid="10116136" user="soundred"/>
  <node id="7203275983" lat="35.7226947" lon="-78.6912161" version="1" timestamp="2020-02-11T11:24:42Z" changeset="80847007" uid="10116136" user="soundred"/>
  <node id="7675778060" lat="35.7339054" lon="-78.6823974" version="1" timestamp="2020-07-02T04:57:36Z" changeset="87428597" uid="8683374" user="talukdm"/>
  <node id="7719078063" lat="35.7383408" lon="-78.6991241" version="1" timestamp="2020-07-16T03:59:58Z" changeset="88058622" uid="10086282" user="jyotkuma"/>
  <node id="7742818341" lat="35.7379088" lon="-78.6986437" version="1" timestamp="2020-07-24T06:44:46Z" changeset="88439682" uid="10457697" user="vkatredd"/>
  <node id="7744248216" lat="35.7419293" lon="-78.7007128" version="1" timestamp="2020-07-24T14:34:14Z" changeset="88463514" uid="10114008" user="bhardwk"/>
  <node id="7755267882" lat="35.7228007" lon="-78.7032415" version="1" timestamp="2020-07-27T04:13:16Z" changeset="88539329" uid="10145798" user="goraia"/>
  <node id="7755267883" lat="35.7227126" lon="-78.7031015" version="1" timestamp="2020-07-27T04:13:16Z" changeset="88539329" uid="10145798" user="goraia"/>
  <node id="7755267884" lat="35.7226330" lon="-78.7030349" version="1" timestamp="2020-07-27T04:13:16Z" changeset="88539329" uid="10145798" user="goraia"/>
  <node id="7755289285" lat="35.7225250" lon="-78.7030349" version="1" timestamp="2020-07-27T04:13:16Z" changeset="88539329" uid="10145798" user="goraia"/>
  <node id="7755289286" lat="35.7223203" lon="-78.7030945" version="1" timestamp="2020-07-27T04:13:16Z" changeset="88539329" uid="10145798" user="goraia"/>
  <node id="7755289287" lat="35.7220503" lon="-78.7033045" version="1" timestamp="2020-07-27T04:13:16Z" changeset="88539329" uid="10145798" user="goraia"/>
  <node id="7755289288" lat="35.7218997" lon="-78.7033675" version="1" timestamp="2020-07-27T04:13:16Z" changeset="88539329" uid="10145798" user="goraia"/>
  <node id="7755289289" lat="35.7218087" lon="-78.7033220" version="1" timestamp="2020-07-27T04:13:16Z" changeset="88539329" uid="10145798" user="goraia"/>
  <node id="7755289290" lat="35.7217831" lon="-78.7031050" version="1" timestamp="2020-07-27T04:13:16Z" changeset="88539329" uid="10145798" user="goraia"/>
  <node id="7755289291" lat="35.7217974" lon="-78.7029754" version="1" timestamp="2020-07-27T04:13:16Z" changeset="88539329" uid="10145798" user="goraia"/>
  <node id="7755289292" lat="35.7218855" lon="-78.7029299" version="1" timestamp="2020-07-27T04:13:16Z" changeset="88539329" uid="10145798" user="goraia"/>
  <node id="7755289293" lat="35.7219423" lon="-78.7029474" version="1" timestamp="2020-07-27T04:13:16Z" changeset="88539329" uid="10145798" user="goraia"/>
  <node id="7809476250" lat="35.7271687" lon="-78.6944739" version="1" timestamp="2020-08-13T09:28:36Z" changeset="89346948" uid="8683374" user="talukdm"/>
  <node id="7809476251" lat="35.7271765" lon="-78.6945547" version="1" timestamp="2020-08-13T09:28:36Z" changeset="89346948" uid="8683374" user="talukdm"/>
  <node id="7809476252" lat="35.7272021" lon="-78.6949863" version="1" timestamp="2020-08-13T09:28:36Z" changeset="89346948" uid="8683374" user="talukdm"/>
  <node id="7809476253" lat="35.7272386" lon="-78.6954726" version="1" timestamp="2020-08-13T09:28:36Z" changeset="89346948" uid="8683374" user="talukdm"/>
  <node id="7809476254" lat="35.7273373" lon="-78.6958779" version="1" timestamp="2020-08-13T09:28:36Z" changeset="89346948" uid="8683374" user="talukdm"/>
  <node id="7809476255" lat="35.7271786" lon="-78.6947024" version="1" timestamp="2020-08-13T09:28:36Z" changeset="89346948" uid="8683374" user="talukdm">
    <tag k="barrier" v="gate"/>
  </node>
  <node id="7893912701" lat="35.7346038" lon="-78.6985919" version="1" timestamp="2020-09-10T14:06:13Z" changeset="90707200" uid="10173462" user="jedidy"/>
  <node id="7927847033" lat="35.7381275" lon="-78.6988985" version="1" timestamp="2020-09-21T10:19:59Z" changeset="91220859" uid="10159522" user="loyakris"/>
  <node id="7949875668" lat="35.7342422" lon="-78.6985556" version="1" timestamp="2020-09-28T06:23:08Z" changeset="91615074" uid="11558576" user="vrevanth"/>
  <node id="8108681248" lat="35.7324730" lon="-78.6977469" version="1" timestamp="2020-11-11T15:39:42Z" changeset="93937613" uid="12001383" user="Akhmast3312"/>
  <node id="8167231378" lat="35.7436634" lon="-78.6980420" version="1" timestamp="2020-11-26T09:46:08Z" changeset="94828483" uid="10145798" user="goraia"/>
  <node id="8431239836" lat="35.7373554" lon="-78.6981616" version="1" timestamp="2021-02-17T09:04:45Z" changeset="99436679" uid="11811187" user="saisidd"/>
  <node id="9100456715" lat="35.7384933" lon="-78.6992805" version="1" timestamp="2021-09-17T10:30:16Z" changeset="111330713" uid="13870646" user="roydands"/>
  <node id="9484413668" lat="35.7350590" lon="-78.7031987" version="1" timestamp="2022-02-06T20:00:06Z" changeset="117092832" uid="9509339" user="KB-01"/>
  <node id="9484413669" lat="35.7349555" lon="-78.7032369" version="1" timestamp="2022-02-06T20:00:06Z" changeset="117092832" uid="9509339" user="KB-01"/>
  <node id="9484413670" lat="35.7348643" lon="-78.7032612" version="1" timestamp="2022-02-06T20:00:06Z" changeset="117092832" uid="9509339" user="KB-01"/>
  <node id="9484413671" lat="35.7347204" lon="-78.7032663" version="1" timestamp="2022-02-06T20:00:06Z" changeset="117092832" uid="9509339" user="KB-01"/>
  <node id="9484413672" lat="35.7344304" lon="-78.7032956" version="1" timestamp="2022-02-06T20:00:06Z" changeset="117092832" uid="9509339" user="KB-01"/>
  <node id="9484413673" lat="35.7340089" lon="-78.7033186" version="1" timestamp="2022-02-06T20:00:06Z" changeset="117092832" uid="9509339" user="KB-01"/>
  <node id="9484413674" lat="35.7335853" lon="-78.7033415" version="1" timestamp="2022-02-06T20:00:06Z" changeset="117092832" uid="9509339" user="KB-01"/>
  <node id="9484413675" lat="35.7331327" lon="-78.7033607" version="1" timestamp="2022-02-06T20:00:06Z" changeset="117092832" uid="9509339" user="KB-01"/>
  <node id="9484413676" lat="35.7326532" lon="-78.7033836" version="1" timestamp="2022-02-06T20:00:06Z" changeset="117092832" uid="9509339" user="KB-01"/>
  <node id="9484413677" lat="35.7323166" lon="-78.7034066" version="1" timestamp="2022-02-06T20:00:06Z" changeset="117092832" uid="9509339" user="KB-01"/>
  <node id="9484413678" lat="35.7315802" lon="-78.7034551" version="1" timestamp="2022-02-06T20:00:06Z" changeset="117092832" uid="9509339" user="KB-01"/>
  <node id="9484413679" lat="35.7311928" lon="-78.7035061" version="1" timestamp="2022-02-06T20:00:06Z" changeset="117092832" uid="9509339" user="KB-01"/>
  <node id="9484413680" lat="35.7308438" lon="-78.7035125" version="1" timestamp="2022-02-06T20:00:06Z" changeset="117092832" uid="9509339" user="KB-01"/>
  <node id="9484413681" lat="35.7306532" lon="-78.7035265" version="1" timestamp="2022-02-06T20:00:06Z" changeset="117092832" uid="9509339" user="KB-01"/>
  <node id="9484413682" lat="35.7306428" lon="-78.7031055" version="1" timestamp="2022-02-06T20:00:06Z" changeset="117092832" uid="9509339" user="KB-01"/>
  <node id="9484413683" lat="35.7306149" lon="-78.7025148" version="1" timestamp="2022-02-06T20:00:06Z" changeset="117092832" uid="9509339" user="KB-01"/>
  <node id="9484413684" lat="35.7306128" lon="-78.7021460" version="1" timestamp="2022-02-06T20:00:06Z" changeset="117092832" uid="9509339" user="KB-01"/>
  <node id="9484413685" lat="35.7305993" lon="-78.7019087" version="1" timestamp="2022-02-06T20:00:06Z" changeset="117092832" uid="9509339" user="KB-01"/>
  <node id="9484413686" lat="35.7305776" lon="-78.7015145" version="1" timestamp="2022-02-06T20:00:06Z" changeset="117092832" uid="9509339" user="KB-01"/>
  <node id="9484413687" lat="35.7305755" lon="-78.7014201" version="1" timestamp="2022-02-06T20:00:06Z" changeset="117092832" uid="9509339" user="KB-01"/>
  <node id="9484413688" lat="35.7306905" lon="-78.7014111" version="1" timestamp="2022-02-06T20:00:06Z" changeset="117092832" uid="9509339" user="KB-01"/>
  <node id="9484413689" lat="35.7308852" lon="-78.7014188" version="1" timestamp="2022-02-06T20:00:06Z" changeset="117092832" uid="9509339" user="KB-01"/>
  <node id="9484413690" lat="35.7310198" lon="-78.7012491" version="1" timestamp="2022-02-06T20:00:06Z" changeset="117092832" uid="9509339" user="KB-01"/>
  <node id="9484413691" lat="35.7312777" lon="-78.7008625" version="1" timestamp="2022-02-06T20:00:06Z" changeset="117092832" uid="9509339" user="KB-01"/>
  <node id="9484413692" lat="35.7315242" lon="-78.7008178" version="1" timestamp="2022-02-06T20:00:06Z" changeset="117092832" uid="9509339" user="KB-01"/>
  <node id="9484413693" lat="35.7318888" lon="-78.7007796" version="1" timestamp="2022-02-06T20:00:06Z" changeset="117092832" uid="9509339" user="KB-01"/>
  <node id="9484413694" lat="35.7318743" lon="-78.7006048" version="1" timestamp="2022-02-06T20:00:06Z" changeset="117092832" uid="9509339" user="KB-01"/>
  <node id="9484413695" lat="35.7318691" lon="-78.7004287" version="1" timestamp="2022-02-06T20:00:06Z" changeset="117092832" uid="9509339" user="KB-01"/>
  <node id="9484413696" lat="35.7322047" lon="-78.7007757" version="1" timestamp="2022-02-06T20:00:06Z" changeset="117092832" uid="9509339" user="KB-01"/>
  <node id="9484413697" lat="35.7327018" lon="-78.7007681" version="1" timestamp="2022-02-06T20:00:06Z" changeset="117092832" uid="9509339" user="KB-01"/>
  <node id="9484413698" lat="35.7330716" lon="-78.7007285" version="1" timestamp="2022-02-06T20:00:06Z" changeset="117092832" uid="9509339" user="KB-01"/>
  <node id="9484413699" lat="35.7336888" lon="-78.7006800" version="1" timestamp="2022-02-06T20:00:06Z" changeset="117092832" uid="9509339" user="KB-01"/>
  <node id="9484413700" lat="35.7339944" lon="-78.7006635" version="1" timestamp="2022-02-06T20:00:06Z" changeset="117092832" uid="9509339" user="KB-01"/>
  <node id="9484413701" lat="35.7344190" lon="-78.7006367" version="1" timestamp="2022-02-06T20:00:06Z" changeset="117092832" uid="9509339" user="KB-01"/>
  <node id="9484413702" lat="35.7344625" lon="-78.7006341" version="1" timestamp="2022-02-06T20:00:06Z" changeset="117092832" uid="9509339" user="KB-01"/>
  <node id="9484413703" lat="35.7346147" lon="-78.7015923" version="1" timestamp="2022-02-06T20:00:06Z" changeset="117092832" uid="9509339" user="KB-01"/>
  <node id="9484413704" lat="35.7344397" lon="-78.7016012" version="1" timestamp="2022-02-06T20:00:06Z" changeset="117092832" uid="9509339" user="KB-01"/>
  <node id="9484413705" lat="35.7341549" lon="-78.7016229" version="1" timestamp="2022-02-06T20:00:06Z" changeset="117092832" uid="9509339" user="KB-01"/>
  <node id="9484413706" lat="35.7337883" lon="-78.7016561" version="1" timestamp="2022-02-06T20:00:06Z" changeset="117092832" uid="9509339" user="KB-01"/>
  <node id="9484413707" lat="35.7332062" lon="-78.7016944" version="1" timestamp="2022-02-06T20:00:06Z" changeset="117092832" uid="9509339" user="KB-01"/>
  <node id="9484413708" lat="35.7327702" lon="-78.7017301" version="1" timestamp="2022-02-06T20:00:06Z" changeset="117092832" uid="9509339" user="KB-01"/>
  <node id="9484413709" lat="35.7322824" lon="-78.7017429" version="1" timestamp="2022-02-06T20:00:06Z" changeset="117092832" uid="9509339" user="KB-01"/>
  <node id="9484413710" lat="35.7315429" lon="-78.7017964" version="1" timestamp="2022-02-06T20:00:06Z" changeset="117092832" uid="9509339" user="KB-01"/>
  <node id="9484413711" lat="35.7308127" lon="-78.7018347" version="1" timestamp="2022-02-06T20:00:06Z" changeset="117092832" uid="9509339" user="KB-01"/>
  <node id="9484413712" lat="35.7305966" lon="-78.7018599" version="1" timestamp="2022-02-06T20:00:06Z" changeset="117092832" uid="9509339" user="KB-01"/>
  <node id="9484413713" lat="35.7306687" lon="-78.7036605" version="1" timestamp="2022-02-06T20:00:06Z" changeset="117092832" uid="9509339" user="KB-01"/>
  <node id="9484413714" lat="35.7306946" lon="-78.7040292" version="1" timestamp="2022-02-06T20:00:06Z" changeset="117092832" uid="9509339" user="KB-01"/>
  <node id="9484413715" lat="35.7307402" lon="-78.7043150" version="1" timestamp="2022-02-06T20:00:06Z" changeset="117092832" uid="9509339" user="KB-01"/>
  <node id="9484413716" lat="35.7308231" lon="-78.7045549" version="1" timestamp="2022-02-06T20:00:06Z" changeset="117092832" uid="9509339" user="KB-01"/>
  <node id="9484420417" lat="35.7308790" lon="-78.7047118" version="1" timestamp="2022-02-06T20:00:06Z" changeset="117092832" uid="9509339" user="KB-01"/>
  <node id="9484420418" lat="35.7310685" lon="-78.7048777" version="1" timestamp="2022-02-06T20:00:06Z" changeset="117092832" uid="9509339" user="KB-01"/>
  <node id="9484420419" lat="35.7312487" lon="-78.7049134" version="1" timestamp="2022-02-06T20:00:06Z" changeset="117092832" uid="9509339" user="KB-01"/>
  <node id="9484420420" lat="35.7313337" lon="-78.7049976" version="1" timestamp="2022-02-06T20:00:06Z" changeset="117092832" uid="9509339" user="KB-01"/>
  <node id="9484420421" lat="35.7313958" lon="-78.7050346" version="1" timestamp="2022-02-06T20:00:06Z" changeset="117092832" uid="9509339" user="KB-01"/>
  <node id="9484420422" lat="35.7314983" lon="-78.7051137" version="1" timestamp="2022-02-06T20:00:06Z" changeset="117092832" uid="9509339" user="KB-01"/>
  <node id="9484420423" lat="35.7314921" lon="-78.7052030" version="1" timestamp="2022-02-06T20:00:06Z" changeset="117092832" uid="9509339" user="KB-01"/>
  <node id="9484420424" lat="35.7315159" lon="-78.7052528" version="1" timestamp="2022-02-06T20:00:06Z" changeset="117092832" uid="9509339" user="KB-01"/>
  <node id="9484420425" lat="35.7315895" lon="-78.7053089" version="1" timestamp="2022-02-06T20:00:06Z" changeset="117092832" uid="9509339" user="KB-01"/>
  <node id="9484420426" lat="35.7316962" lon="-78.7054582" version="1" timestamp="2022-02-06T20:00:06Z" changeset="117092832" uid="9509339" user="KB-01"/>
  <node id="9484420427" lat="35.7317293" lon="-78.7055743" version="1" timestamp="2022-02-06T20:00:06Z" changeset="117092832" uid="9509339" user="KB-01"/>
  <node id="9484420428" lat="35.7317946" lon="-78.7056624" version="1" timestamp="2022-02-06T20:00:06Z" changeset="117092832" uid="9509339" user="KB-01"/>
  <node id="9484420429" lat="35.7318277" lon="-78.7056726" version="1" timestamp="2022-02-06T20:00:06Z" changeset="117092832" uid="9509339" user="KB-01"/>
  <node id="9484420430" lat="35.7318671" lon="-78.7056190" version="1" timestamp="2022-02-06T20:00:06Z" changeset="117092832" uid="9509339" user="KB-01"/>
  <node id="9484420431" lat="35.7319872" lon="-78.7055769" version="1" timestamp="2022-02-06T20:00:06Z" changeset="117092832" uid="9509339" user="KB-01"/>
  <node id="9484420432" lat="35.7322037" lon="-78.7055233" version="1" timestamp="2022-02-06T20:00:06Z" changeset="117092832" uid="9509339" user="KB-01"/>
  <node id="9484420433" lat="35.7323590" lon="-78.7054965" version="1" timestamp="2022-02-06T20:00:06Z" changeset="117092832" uid="9509339" user="KB-01"/>
  <node id="9484420434" lat="35.7324792" lon="-78.7055322" version="1" timestamp="2022-02-06T20:00:06Z" changeset="117092832" uid="9509339" user="KB-01"/>
  <node id="9484420435" lat="35.7325838" lon="-78.7055909" version="1" timestamp="2022-02-06T20:00:06Z" changeset="117092832" uid="9509339" user="KB-01"/>
  <node id="9484420436" lat="35.7327288" lon="-78.7056841" version="1" timestamp="2022-02-06T20:00:06Z" changeset="117092832" uid="9509339" user="KB-01"/>
  <node id="9484420437" lat="35.7327971" lon="-78.7057096" version="1" timestamp="2022-02-06T20:00:06Z" changeset="117092832" uid="9509339" user="KB-01"/>
  <node id="9484420438" lat="35.7328738" lon="-78.7057108" version="1" timestamp="2022-02-06T20:00:06Z" changeset="117092832" uid="9509339" user="KB-01"/>
  <node id="9484420439" lat="35.7330208" lon="-78.7056522" version="1" timestamp="2022-02-06T20:00:06Z" changeset="117092832" uid="9509339" user="KB-01"/>
  <node id="9484420440" lat="35.7330902" lon="-78.7055973" version="1" timestamp="2022-02-06T20:00:06Z" changeset="117092832" uid="9509339" user="KB-01"/>
  <node id="9484420441" lat="35.7332953" lon="-78.7055309" version="1" timestamp="2022-02-06T20:00:06Z" changeset="117092832" uid="9509339" user="KB-01"/>
  <node id="9484420442" lat="35.7334227" lon="-78.7055731" version="1" timestamp="2022-02-06T20:00:06Z" changeset="117092832" uid="9509339" user="KB-01"/>
  <node id="9484420443" lat="35.7334900" lon="-78.7056368" version="1" timestamp="2022-02-06T20:00:06Z" changeset="117092832" uid="9509339" user="KB-01"/>
  <node id="9484420444" lat="35.7335811" lon="-78.7056496" version="1" timestamp="2022-02-06T20:00:06Z" changeset="117092832" uid="9509339" user="KB-01"/>
  <node id="9484420445" lat="35.7336816" lon="-78.7056177" version="1" timestamp="2022-02-06T20:00:06Z" changeset="117092832" uid="9509339" user="KB-01"/>
  <node id="9484420446" lat="35.7337541" lon="-78.7056407" version="1" timestamp="2022-02-06T20:00:06Z" changeset="117092832" uid="9509339" user="KB-01"/>
  <node id="9484420447" lat="35.7338618" lon="-78.7055526" version="1" timestamp="2022-02-06T20:00:06Z" changeset="117092832" uid="9509339" user="KB-01"/>
  <node id="9484420448" lat="35.7339788" lon="-78.7054327" version="1" timestamp="2022-02-06T20:00:06Z" changeset="117092832" uid="9509339" user="KB-01"/>
  <node id="9484420449" lat="35.7340327" lon="-78.7053549" version="1" timestamp="2022-02-06T20:00:06Z" changeset="117092832" uid="9509339" user="KB-01"/>
  <node id="9484420450" lat="35.7340524" lon="-78.7053230" version="1" timestamp="2022-02-06T20:00:06Z" changeset="117092832" uid="9509339" user="KB-01"/>
  <node id="9484420451" lat="35.7340472" lon="-78.7050780" version="1" timestamp="2022-02-06T20:00:06Z" changeset="117092832" uid="9509339" user="KB-01"/>
  <node id="9484420452" lat="35.7340348" lon="-78.7049007" version="1" timestamp="2022-02-06T20:00:06Z" changeset="117092832" uid="9509339" user="KB-01"/>
  <node id="9484420453" lat="35.7339902" lon="-78.7048611" version="1" timestamp="2022-02-06T20:00:06Z" changeset="117092832" uid="9509339" user="KB-01"/>
  <node id="9484420454" lat="35.7338618" lon="-78.7048483" version="1" timestamp="2022-02-06T20:00:06Z" changeset="117092832" uid="9509339" user="KB-01"/>
  <node id="9484420455" lat="35.7337966" lon="-78.7048905" version="1" timestamp="2022-02-06T20:00:06Z" changeset="117092832" uid="9509339" user="KB-01"/>
  <node id="9484420456" lat="35.7337468" lon="-78.7049836" version="1" timestamp="2022-02-06T20:00:06Z" changeset="117092832" uid="9509339" user="KB-01"/>
  <node id="9484420457" lat="35.7336050" lon="-78.7050946" version="1" timestamp="2022-02-06T20:00:06Z" changeset="117092832" uid="9509339" user="KB-01"/>
  <node id="9484420458" lat="35.7334651" lon="-78.7051533" version="1" timestamp="2022-02-06T20:00:06Z" changeset="117092832" uid="9509339" user="KB-01"/>
  <node id="9484420459" lat="35.7332994" lon="-78.7051673" version="1" timestamp="2022-02-06T20:00:06Z" changeset="117092832" uid="9509339" user="KB-01"/>
  <node id="9484420460" lat="35.7332321" lon="-78.7051763" version="1" timestamp="2022-02-06T20:00:06Z" changeset="117092832" uid="9509339" user="KB-01"/>
  <node id="9484420461" lat="35.7332186" lon="-78.7051660" version="1" timestamp="2022-02-06T20:00:06Z" changeset="117092832" uid="9509339" user="KB-01"/>
  <node id="9484420462" lat="35.7306905" lon="-78.7039708" version="1" timestamp="2022-02-06T20:00:06Z" changeset="117092832" uid="9509339" user="KB-01"/>
  <node id="9484420468" lat="35.7331171" lon="-78.7051903" version="1" timestamp="2022-02-06T20:00:06Z" changeset="117092832" uid="9509339" user="KB-01"/>
  <node id="9484420469" lat="35.7329825" lon="-78.7051801" version="1" timestamp="2022-02-06T20:00:06Z" changeset="117092832" uid="9509339" user="KB-01"/>
  <node id="9484420470" lat="35.7328955" lon="-78.7051290" version="1" timestamp="2022-02-06T20:00:06Z" changeset="117092832" uid="9509339" user="KB-01"/>
  <node id="9484420471" lat="35.7348883" lon="-78.7032548" version="1" timestamp="2022-02-06T20:00:06Z" changeset="117092832" uid="9509339" user="KB-01"/>
  <node id="9484420566" lat="35.7310494" lon="-78.6883779" version="1" timestamp="2022-02-06T20:00:06Z" changeset="117092832" uid="9509339" user="KB-01"/>
  <node id="10013647986" lat="35.7380092" lon="-78.6979050" version="1" timestamp="2022-09-10T17:35:19Z" changeset="126024470" uid="9015854" user="SDoak"/>
  <node id="10013686518" lat="35.7379357" lon="-78.6978887" version="1" timestamp="2022-09-10T17:35:19Z" changeset="126024470" uid="9015854" user="SDoak"/>
  <node id="10013686519" lat="35.7324565" lon="-78.6902845" version="1" timestamp="2022-09-10T17:35:19Z" changeset="126024470" uid="9015854" user="SDoak"/>
  <node id="10013686520" lat="35.7325979" lon="-78.6901829" version="1" timestamp="2022-09-10T17:35:19Z" changeset="126024470" uid="9015854" user="SDoak"/>
  <node id="10013686521" lat="35.7328323" lon="-78.6902984" version="1" timestamp="2022-09-10T17:35:19Z" changeset="126024470" uid="9015854" user="SDoak"/>
  <node id="10013686522" lat="35.7331955" lon="-78.6898293" version="1" timestamp="2022-09-10T17:35:19Z" changeset="126024470" uid="9015854" user="SDoak"/>
  <node id="10013686523" lat="35.7330725" lon="-78.6896200" version="1" timestamp="2022-09-10T17:35:19Z" changeset="126024470" uid="9015854" user="SDoak"/>
  <node id="10013686524" lat="35.7330432" lon="-78.6893024" version="1" timestamp="2022-09-10T17:35:19Z" changeset="126024470" uid="9015854" user="SDoak"/>
  <node id="10013686525" lat="35.7336349" lon="-78.6890787" version="1" timestamp="2022-09-10T17:35:19Z" changeset="126024470" uid="9015854" user="SDoak"/>
  <node id="10013686526" lat="35.7339923" lon="-78.6892447" version="1" timestamp="2022-09-10T17:35:19Z" changeset="126024470" uid="9015854" user="SDoak"/>
  <node id="10013686527" lat="35.7341446" lon="-78.6887683" version="1" timestamp="2022-09-10T17:35:19Z" changeset="126024470" uid="9015854" user="SDoak"/>
  <node id="10013686528" lat="35.7343672" lon="-78.6888549" version="1" timestamp="2022-09-10T17:35:19Z" changeset="126024470" uid="9015854" user="SDoak"/>
  <node id="10013686529" lat="35.7345489" lon="-78.6891653" version="1" timestamp="2022-09-10T17:35:19Z" changeset="126024470" uid="9015854" user="SDoak"/>
  <node id="10013686530" lat="35.7348652" lon="-78.6891364" version="1" timestamp="2022-09-10T17:35:19Z" changeset="126024470" uid="9015854" user="SDoak"/>
  <node id="10013686531" lat="35.7351347" lon="-78.6887539" version="1" timestamp="2022-09-10T17:35:19Z" changeset="126024470" uid="9015854" user="SDoak"/>
  <node id="10013686532" lat="35.7351289" lon="-78.6884002" version="1" timestamp="2022-09-10T17:35:19Z" changeset="126024470" uid="9015854" user="SDoak"/>
  <node id="10013686533" lat="35.7354042" lon="-78.6878661" version="1" timestamp="2022-09-10T17:35:19Z" changeset="126024470" uid="9015854" user="SDoak"/>
  <node id="10013686534" lat="35.7357440" lon="-78.6879455" version="1" timestamp="2022-09-10T17:35:19Z" changeset="126024470" uid="9015854" user="SDoak"/>
  <node id="10013686535" lat="35.7360604" lon="-78.6876785" version="1" timestamp="2022-09-10T17:35:19Z" changeset="126024470" uid="9015854" user="SDoak"/>
  <node id="10013686536" lat="35.7364588" lon="-78.6877795" version="1" timestamp="2022-09-10T17:35:19Z" changeset="126024470" uid="9015854" user="SDoak"/>
  <node id="10013686537" lat="35.7367352" lon="-78.6876829" version="2" timestamp="2022-09-12T04:51:10Z" changeset="126070999" uid="9015854" user="SDoak"/>
  <node id="10013686538" lat="35.7365053" lon="-78.6872869" version="2" timestamp="2022-09-12T04:51:10Z" changeset="126070999" uid="9015854" user="SDoak"/>
  <node id="10013686539" lat="35.7366488" lon="-78.6869177" version="2" timestamp="2022-09-12T04:51:10Z" changeset="126070999" uid="9015854" user="SDoak"/>
  <node id="10013686540" lat="35.7366866" lon="-78.6864679" version="2" timestamp="2022-09-12T04:51:10Z" changeset="126070999" uid="9015854" user="SDoak"/>
  <node id="10013686541" lat="35.7367718" lon="-78.6863184" version="2" timestamp="2022-09-12T04:51:10Z" changeset="126070999" uid="9015854" user="SDoak"/>
  <node id="10013686542" lat="35.7369881" lon="-78.6860871" version="2" timestamp="2022-09-12T04:51:10Z" changeset="126070999" uid="9015854" user="SDoak"/>
  <node id="10013686543" lat="35.7371493" lon="-78.6850739" version="2" timestamp="2022-09-12T04:51:10Z" changeset="126070999" uid="9015854" user="SDoak"/>
  <node id="10013686544" lat="35.7314505" lon="-78.6887262" version="1" timestamp="2022-09-10T17:35:19Z" changeset="126024470" uid="9015854" user="SDoak"/>
  <node id="10013686545" lat="35.7304896" lon="-78.6963345" version="1" timestamp="2022-09-10T17:35:19Z" changeset="126024470" uid="9015854" user="SDoak"/>
  <node id="10013686546" lat="35.7314278" lon="-78.6969933" version="1" timestamp="2022-09-10T17:35:19Z" changeset="126024470" uid="9015854" user="SDoak"/>
  <node id="10013686547" lat="35.7314383" lon="-78.6968388" version="1" timestamp="2022-09-10T17:35:19Z" changeset="126024470" uid="9015854" user="SDoak"/>
  <node id="10013686548" lat="35.7315463" lon="-78.6965341" version="1" timestamp="2022-09-10T17:35:19Z" changeset="126024470" uid="9015854" user="SDoak"/>
  <node id="10013686549" lat="35.7317030" lon="-78.6962831" version="1" timestamp="2022-09-10T17:35:19Z" changeset="126024470" uid="9015854" user="SDoak"/>
  <node id="10013686550" lat="35.7324364" lon="-78.6958861" version="1" timestamp="2022-09-10T17:35:19Z" changeset="126024470" uid="9015854" user="SDoak"/>
  <node id="10013686551" lat="35.7324973" lon="-78.6958754" version="1" timestamp="2022-09-10T17:35:19Z" changeset="126024470" uid="9015854" user="SDoak"/>
  <node id="10013686552" lat="35.7325740" lon="-78.6958882" version="1" timestamp="2022-09-10T17:35:19Z" changeset="126024470" uid="9015854" user="SDoak"/>
  <node id="10013686553" lat="35.7328827" lon="-78.6960651" version="1" timestamp="2022-09-10T17:35:19Z" changeset="126024470" uid="9015854" user="SDoak"/>
  <node id="10013686554" lat="35.7329616" lon="-78.6961288" version="1" timestamp="2022-09-10T17:35:19Z" changeset="126024470" uid="9015854" user="SDoak"/>
  <node id="10013686555" lat="35.7330995" lon="-78.6962836" version="1" timestamp="2022-09-10T17:35:19Z" changeset="126024470" uid="9015854" user="SDoak"/>
  <node id="10013686556" lat="35.7331562" lon="-78.6964232" version="1" timestamp="2022-09-10T17:35:19Z" changeset="126024470" uid="9015854" user="SDoak"/>
  <node id="10013686557" lat="35.7331833" lon="-78.6965931" version="1" timestamp="2022-09-10T17:35:19Z" changeset="126024470" uid="9015854" user="SDoak"/>
  <node id="10013686558" lat="35.7331562" lon="-78.6967509" version="1" timestamp="2022-09-10T17:35:19Z" changeset="126024470" uid="9015854" user="SDoak"/>
  <node id="10013686559" lat="35.7331833" lon="-78.6970969" version="1" timestamp="2022-09-10T17:35:19Z" changeset="126024470" uid="9015854" user="SDoak"/>
  <node id="10013686560" lat="35.7332178" lon="-78.6972365" version="1" timestamp="2022-09-10T17:35:19Z" changeset="126024470" uid="9015854" user="SDoak"/>
  <node id="10013686561" lat="35.7332818" lon="-78.6974125" version="1" timestamp="2022-09-10T17:35:19Z" changeset="126024470" uid="9015854" user="SDoak"/>
  <node id="10013686562" lat="35.7333582" lon="-78.6975824" version="1" timestamp="2022-09-10T17:35:19Z" changeset="126024470" uid="9015854" user="SDoak"/>
  <node id="10013686563" lat="35.7333680" lon="-78.6976825" version="1" timestamp="2022-09-10T17:35:19Z" changeset="126024470" uid="9015854" user="SDoak"/>
  <node id="10013686564" lat="35.7333409" lon="-78.6977402" version="1" timestamp="2022-09-10T17:35:19Z" changeset="126024470" uid="9015854" user="SDoak"/>
  <node id="10013686565" lat="35.7332818" lon="-78.6977918" version="1" timestamp="2022-09-10T17:35:19Z" changeset="126024470" uid="9015854" user="SDoak"/>
  <node id="10013686566" lat="35.7328236" lon="-78.6978737" version="1" timestamp="2022-09-10T17:35:19Z" changeset="126024470" uid="9015854" user="SDoak"/>
  <node id="10013686567" lat="35.7328779" lon="-78.6979180" version="1" timestamp="2022-09-10T17:35:19Z" changeset="126024470" uid="9015854" user="SDoak"/>
  <node id="10013686568" lat="35.7354349" lon="-78.6976686" version="1" timestamp="2022-09-10T17:35:19Z" changeset="126024470" uid="9015854" user="SDoak"/>
  <node id="10013686569" lat="35.7356165" lon="-78.6983139" version="1" timestamp="2022-09-10T17:35:19Z" changeset="126024470" uid="9015854" user="SDoak"/>
  <node id="10013686570" lat="35.7364260" lon="-78.6979498" version="1" timestamp="2022-09-10T17:35:19Z" changeset="126024470" uid="9015854" user="SDoak"/>
  <node id="10013686571" lat="35.7365842" lon="-78.6979209" version="1" timestamp="2022-09-10T17:35:19Z" changeset="126024470" uid="9015854" user="SDoak"/>
  <node id="10013686572" lat="35.7366896" lon="-78.6979245" version="1" timestamp="2022-09-10T17:35:19Z" changeset="126024470" uid="9015854" user="SDoak"/>
  <node id="10013686573" lat="35.7367010" lon="-78.6971745" version="1" timestamp="2022-09-10T17:35:19Z" changeset="126024470" uid="9015854" user="SDoak"/>
  <node id="10013686574" lat="35.7309742" lon="-78.6912473" version="1" timestamp="2022-09-10T17:35:19Z" changeset="126024470" uid="9015854" user="SDoak"/>
  <node id="10013686575" lat="35.7307352" lon="-78.6907678" version="1" timestamp="2022-09-10T17:35:19Z" changeset="126024470" uid="9015854" user="SDoak"/>
  <node id="10013686576" lat="35.7310601" lon="-78.6896062" version="1" timestamp="2022-09-10T17:35:19Z" changeset="126024470" uid="9015854" user="SDoak"/>
  <node id="10013686577" lat="35.7326265" lon="-78.6979215" version="1" timestamp="2022-09-10T17:35:19Z" changeset="126024470" uid="9015854" user="SDoak"/>
  <node id="10013686578" lat="35.7304913" lon="-78.6965204" version="1" timestamp="2022-09-10T17:35:19Z" changeset="126024470" uid="9015854" user="SDoak"/>
  <node id="10013686579" lat="35.7304209" lon="-78.6901931" version="1" timestamp="2022-09-10T17:35:19Z" changeset="126024470" uid="9015854" user="SDoak"/>
  <node id="10013686580" lat="35.7294682" lon="-78.6918540" version="1" timestamp="2022-09-10T17:35:19Z" changeset="126024470" uid="9015854" user="SDoak"/>
  <node id="10013686581" lat="35.7279109" lon="-78.6918411" version="1" timestamp="2022-09-10T17:35:19Z" changeset="126024470" uid="9015854" user="SDoak"/>
  <node id="10013686582" lat="35.7277297" lon="-78.6909227" version="1" timestamp="2022-09-10T17:35:19Z" changeset="126024470" uid="9015854" user="SDoak"/>
  <node id="10013686583" lat="35.7274057" lon="-78.6907768" version="1" timestamp="2022-09-10T17:35:19Z" changeset="126024470" uid="9015854" user="SDoak"/>
  <node id="10013686584" lat="35.7273151" lon="-78.6904936" version="1" timestamp="2022-09-10T17:35:19Z" changeset="126024470" uid="9015854" user="SDoak"/>
  <node id="10013686585" lat="35.7270782" lon="-78.6903734" version="1" timestamp="2022-09-10T17:35:19Z" changeset="126024470" uid="9015854" user="SDoak"/>
  <node id="10013686586" lat="35.7267089" lon="-78.6897984" version="1" timestamp="2022-09-10T17:35:19Z" changeset="126024470" uid="9015854" user="SDoak"/>
  <node id="10013686587" lat="35.7270566" lon="-78.6890831" version="1" timestamp="2022-09-10T17:35:19Z" changeset="126024470" uid="9015854" user="SDoak"/>
  <node id="10013686588" lat="35.7273916" lon="-78.6884580" version="1" timestamp="2022-09-10T17:35:19Z" changeset="126024470" uid="9015854" user="SDoak"/>
  <node id="10013686589" lat="35.7278350" lon="-78.6879239" version="1" timestamp="2022-09-10T17:35:19Z" changeset="126024470" uid="9015854" user="SDoak"/>
  <node id="10013686590" lat="35.7282686" lon="-78.6872442" version="1" timestamp="2022-09-10T17:35:19Z" changeset="126024470" uid="9015854" user="SDoak"/>
  <node id="10013686591" lat="35.7282341" lon="-78.6871653" version="1" timestamp="2022-09-10T17:35:19Z" changeset="126024470" uid="9015854" user="SDoak"/>
  <node id="10013686592" lat="35.7281503" lon="-78.6871106" version="1" timestamp="2022-09-10T17:35:19Z" changeset="126024470" uid="9015854" user="SDoak"/>
  <node id="10013686593" lat="35.7278252" lon="-78.6875780" version="1" timestamp="2022-09-10T17:35:19Z" changeset="126024470" uid="9015854" user="SDoak"/>
  <node id="10013686594" lat="35.7273325" lon="-78.6881727" version="1" timestamp="2022-09-10T17:35:19Z" changeset="126024470" uid="9015854" user="SDoak"/>
  <node id="10013686595" lat="35.7269186" lon="-78.6886279" version="1" timestamp="2022-09-10T17:35:19Z" changeset="126024470" uid="9015854" user="SDoak"/>
  <node id="10013686596" lat="35.7268299" lon="-78.6889921" version="1" timestamp="2022-09-10T17:35:19Z" changeset="126024470" uid="9015854" user="SDoak"/>
  <node id="10013686597" lat="35.7266082" lon="-78.6894108" version="1" timestamp="2022-09-10T17:35:19Z" changeset="126024470" uid="9015854" user="SDoak"/>
  <node id="10013686598" lat="35.7263569" lon="-78.6895383" version="1" timestamp="2022-09-10T17:35:19Z" changeset="126024470" uid="9015854" user="SDoak"/>
  <node id="10013686599" lat="35.7257854" lon="-78.6894958" version="1" timestamp="2022-09-10T17:35:19Z" changeset="126024470" uid="9015854" user="SDoak"/>
  <node id="10013686600" lat="35.7255354" lon="-78.6894315" version="1" timestamp="2022-09-10T17:35:19Z" changeset="126024470" uid="9015854" user="SDoak"/>
  <node id="10013686601" lat="35.7255737" lon="-78.6899593" version="1" timestamp="2022-09-10T17:35:19Z" changeset="126024470" uid="9015854" user="SDoak"/>
  <node id="10013686602" lat="35.7255040" lon="-78.6903842" version="1" timestamp="2022-09-10T17:35:19Z" changeset="126024470" uid="9015854" user="SDoak"/>
  <node id="10013686603" lat="35.7260719" lon="-78.6906288" version="1" timestamp="2022-09-10T17:35:19Z" changeset="126024470" uid="9015854" user="SDoak"/>
  <node id="10013686604" lat="35.7265736" lon="-78.6907404" version="1" timestamp="2022-09-10T17:35:19Z" changeset="126024470" uid="9015854" user="SDoak"/>
  <node id="10013686605" lat="35.7268312" lon="-78.6906898" version="1" timestamp="2022-09-10T17:35:19Z" changeset="126024470" uid="9015854" user="SDoak"/>
  <node id="10013686606" lat="35.7268878" lon="-78.6907080" version="1" timestamp="2022-09-10T17:35:19Z" changeset="126024470" uid="9015854" user="SDoak"/>
  <node id="10013686607" lat="35.7269223" lon="-78.6907626" version="1" timestamp="2022-09-10T17:35:19Z" changeset="126024470" uid="9015854" user="SDoak"/>
  <node id="10013686608" lat="35.7268800" lon="-78.6909840" version="1" timestamp="2022-09-10T17:35:19Z" changeset="126024470" uid="9015854" user="SDoak"/>
  <node id="10013686609" lat="35.7269079" lon="-78.6910784" version="1" timestamp="2022-09-10T17:35:19Z" changeset="126024470" uid="9015854" user="SDoak"/>
  <node id="10013686610" lat="35.7271343" lon="-78.6912758" version="1" timestamp="2022-09-10T17:35:19Z" changeset="126024470" uid="9015854" user="SDoak"/>
  <node id="10013686611" lat="35.7271970" lon="-78.6913917" version="1" timestamp="2022-09-10T17:35:19Z" changeset="126024470" uid="9015854" user="SDoak"/>
  <node id="10013686612" lat="35.7272841" lon="-78.6916621" version="1" timestamp="2022-09-10T17:35:19Z" changeset="126024470" uid="9015854" user="SDoak"/>
  <node id="10013686613" lat="35.7272841" lon="-78.6918509" version="1" timestamp="2022-09-10T17:35:19Z" changeset="126024470" uid="9015854" user="SDoak"/>
  <node id="10013686614" lat="35.7255468" lon="-78.6917270" version="1" timestamp="2022-09-10T17:35:19Z" changeset="126024470" uid="9015854" user="SDoak"/>
  <node id="10013686615" lat="35.7258276" lon="-78.6926071" version="1" timestamp="2022-09-10T17:35:19Z" changeset="126024470" uid="9015854" user="SDoak"/>
  <node id="10013686616" lat="35.7259656" lon="-78.6927527" version="1" timestamp="2022-09-10T17:35:19Z" changeset="126024470" uid="9015854" user="SDoak"/>
  <node id="10013686617" lat="35.7262612" lon="-78.6929834" version="1" timestamp="2022-09-10T17:35:19Z" changeset="126024470" uid="9015854" user="SDoak"/>
  <node id="10013686618" lat="35.7264533" lon="-78.6930440" version="1" timestamp="2022-09-10T17:35:19Z" changeset="126024470" uid="9015854" user="SDoak"/>
  <node id="10013686619" lat="35.7267539" lon="-78.6932322" version="1" timestamp="2022-09-10T17:35:19Z" changeset="126024470" uid="9015854" user="SDoak"/>
  <node id="10013686620" lat="35.7269066" lon="-78.6934385" version="1" timestamp="2022-09-10T17:35:19Z" changeset="126024470" uid="9015854" user="SDoak"/>
  <node id="10013686621" lat="35.7270495" lon="-78.6934871" version="1" timestamp="2022-09-10T17:35:19Z" changeset="126024470" uid="9015854" user="SDoak"/>
  <node id="10013686622" lat="35.7272367" lon="-78.6935478" version="1" timestamp="2022-09-10T17:35:19Z" changeset="126024470" uid="9015854" user="SDoak"/>
  <node id="10013686623" lat="35.7272860" lon="-78.6937056" version="1" timestamp="2022-09-10T17:35:19Z" changeset="126024470" uid="9015854" user="SDoak"/>
  <node id="10013686624" lat="35.7273205" lon="-78.6938998" version="1" timestamp="2022-09-10T17:35:19Z" changeset="126024470" uid="9015854" user="SDoak"/>
  <node id="10013686625" lat="35.7274042" lon="-78.6940576" version="1" timestamp="2022-09-10T17:35:19Z" changeset="126024470" uid="9015854" user="SDoak"/>
  <node id="10013686626" lat="35.7275176" lon="-78.6941547" version="1" timestamp="2022-09-10T17:35:19Z" changeset="126024470" uid="9015854" user="SDoak"/>
  <node id="10013686627" lat="35.7277972" lon="-78.6941955" version="1" timestamp="2022-09-10T17:35:19Z" changeset="126024470" uid="9015854" user="SDoak"/>
  <node id="10013686628" lat="35.7281370" lon="-78.6940511" version="1" timestamp="2022-09-10T17:35:19Z" changeset="126024470" uid="9015854" user="SDoak"/>
  <node id="10013686629" lat="35.7283773" lon="-78.6939717" version="1" timestamp="2022-09-10T17:35:19Z" changeset="126024470" uid="9015854" user="SDoak"/>
  <node id="10013686630" lat="35.7285237" lon="-78.6942099" version="1" timestamp="2022-09-10T17:35:19Z" changeset="126024470" uid="9015854" user="SDoak"/>
  <node id="10013686631" lat="35.7287464" lon="-78.6944481" version="1" timestamp="2022-09-10T17:35:19Z" changeset="126024470" uid="9015854" user="SDoak"/>
  <node id="10013686632" lat="35.7290276" lon="-78.6946069" version="1" timestamp="2022-09-10T17:35:19Z" changeset="126024470" uid="9015854" user="SDoak"/>
  <node id="10013686633" lat="35.7291975" lon="-78.6945636" version="1" timestamp="2022-09-10T17:35:19Z" changeset="126024470" uid="9015854" user="SDoak"/>
  <node id="10013686634" lat="35.7294670" lon="-78.6941738" version="1" timestamp="2022-09-10T17:35:19Z" changeset="126024470" uid="9015854" user="SDoak"/>
  <node id="10013686635" lat="35.7297893" lon="-78.6938418" version="1" timestamp="2022-09-10T17:35:19Z" changeset="126024470" uid="9015854" user="SDoak"/>
  <node id="10013686636" lat="35.7301760" lon="-78.6938129" version="1" timestamp="2022-09-10T17:35:19Z" changeset="126024470" uid="9015854" user="SDoak"/>
  <node id="10013686637" lat="35.7304653" lon="-78.6938270" version="1" timestamp="2022-09-10T17:35:19Z" changeset="126024470" uid="9015854" user="SDoak"/>
  <node id="10017338850" lat="35.7380505" lon="-78.6864153" version="1" timestamp="2022-09-12T04:51:10Z" changeset="126070999" uid="9015854" user="SDoak"/>
  <node id="10017338881" lat="35.7371976" lon="-78.6854024" version="1" timestamp="2022-09-12T04:51:10Z" changeset="126070999" uid="9015854" user="SDoak"/>
  <node id="10017338882" lat="35.7371364" lon="-78.6858220" version="1" timestamp="2022-09-12T04:51:10Z" changeset="126070999" uid="9015854" user="SDoak"/>
  <node id="10017338883" lat="35.7371809" lon="-78.6856122" version="1" timestamp="2022-09-12T04:51:10Z" changeset="126070999" uid="9015854" user="SDoak"/>
  <node id="10017338884" lat="35.7369130" lon="-78.6861856" version="1" timestamp="2022-09-12T04:51:10Z" changeset="126070999" uid="9015854" user="SDoak"/>
  <node id="10017338885" lat="35.7366259" lon="-78.6867228" version="1" timestamp="2022-09-12T04:51:10Z" changeset="126070999" uid="9015854" user="SDoak"/>
  <node id="10017338886" lat="35.7366249" lon="-78.6865954" version="1" timestamp="2022-09-12T04:51:10Z" changeset="126070999" uid="9015854" user="SDoak"/>
  <node id="10017338887" lat="35.7367613" lon="-78.6875407" version="1" timestamp="2022-09-12T04:51:10Z" changeset="126070999" uid="9015854" user="SDoak"/>
  <node id="10017338888" lat="35.7366142" lon="-78.6874868" version="1" timestamp="2022-09-12T04:51:10Z" changeset="126070999" uid="9015854" user="SDoak"/>
  <node id="10017338889" lat="35.7366119" lon="-78.6871281" version="1" timestamp="2022-09-12T04:51:10Z" changeset="126070999" uid="9015854" user="SDoak"/>
  <node id="10956491496" lat="35.7453965" lon="-78.7029918" version="1" timestamp="2023-06-05T04:11:58Z" changeset="136953900" uid="9015854" user="SDoak"/>
  <node id="10956604753" lat="35.7454012" lon="-78.7032202" version="1" timestamp="2023-06-05T04:11:58Z" changeset="136953900" uid="9015854" user="SDoak"/>
  <node id="12300339398" lat="35.7343184" lon="-78.7000252" version="1" timestamp="2024-10-30T22:15:41Z" changeset="158561217" uid="21007487" user="Cole Dickerson"/>
  <node id="12300339399" lat="35.7342840" lon="-78.7001314" version="1" timestamp="2024-10-30T22:15:41Z" changeset="158561217" uid="21007487" user="Cole Dickerson"/>
  <node id="12300339400" lat="35.7340771" lon="-78.7002022" version="1" timestamp="2024-10-30T22:15:41Z" changeset="158561217" uid="21007487" user="Cole Dickerson"/>
  <node id="12300355201" lat="35.7337554" lon="-78.7002871" version="1" timestamp="2024-10-30T22:15:41Z" changeset="158561217" uid="21007487" user="Cole Dickerson"/>
  <node id="12300355202" lat="35.7334393" lon="-78.7003367" version="1" timestamp="2024-10-30T22:15:41Z" changeset="158561217" uid="21007487" user="Cole Dickerson"/>
  <node id="12300355203" lat="35.7331635" lon="-78.7003933" version="1" timestamp="2024-10-30T22:15:41Z" changeset="158561217" uid="21007487" user="Cole Dickerson"/>
  <node id="12300355204" lat="35.7331003" lon="-78.7006835" version="1" timestamp="2024-10-30T22:15:41Z" changeset="158561217" uid="21007487" user="Cole Dickerson"/>
  <node id="12300355205" lat="35.7327901" lon="-78.7007118" version="1" timestamp="2024-10-30T22:15:41Z" changeset="158561217" uid="21007487" user="Cole Dickerson"/>
  <node id="12300355206" lat="35.7325671" lon="-78.7007353" version="1" timestamp="2024-10-30T22:15:41Z" changeset="158561217" uid="21007487" user="Cole Dickerson"/>
  <node id="12300355207" lat="35.7323813" lon="-78.7007400" version="1" timestamp="2024-10-30T22:15:41Z" changeset="158561217" uid="21007487" user="Cole Dickerson"/>
  <node id="12300355208" lat="35.7324003" lon="-78.7002777" version="1" timestamp="2024-10-30T22:15:41Z" changeset="158561217" uid="21007487" user="Cole Dickerson"/>
  <node id="12300355209" lat="35.7325671" lon="-78.7003197" version="1" timestamp="2024-10-30T22:15:41Z" changeset="158561217" uid="21007487" user="Cole Dickerson"/>
  <node id="12300355210" lat="35.7328514" lon="-78.7002310" version="1" timestamp="2024-10-30T22:15:41Z" changeset="158561217" uid="21007487" user="Cole Dickerson"/>
  <node id="12300355211" lat="35.7330955" lon="-78.7002296" version="1" timestamp="2024-10-30T22:15:41Z" changeset="158561217" uid="21007487" user="Cole Dickerson"/>
  <node id="12300355212" lat="35.7332357" lon="-78.7001422" version="1" timestamp="2024-10-30T22:15:41Z" changeset="158561217" uid="21007487" user="Cole Dickerson"/>
  <node id="12300355213" lat="35.7333692" lon="-78.7000634" version="1" timestamp="2024-10-30T22:15:41Z" changeset="158561217" uid="21007487" user="Cole Dickerson"/>
  <node id="12300355214" lat="35.7335936" lon="-78.7000428" version="1" timestamp="2024-10-30T22:15:41Z" changeset="158561217" uid="21007487" user="Cole Dickerson"/>
  <node id="12300355215" lat="35.7339450" lon="-78.7000031" version="1" timestamp="2024-10-30T22:15:41Z" changeset="158561217" uid="21007487" user="Cole Dickerson"/>
  <node id="12300355216" lat="35.7341199" lon="-78.6999522" version="1" timestamp="2024-10-30T22:15:41Z" changeset="158561217" uid="21007487" user="Cole Dickerson"/>
  <node id="12300355217" lat="35.7342754" lon="-78.6999304" version="1" timestamp="2024-10-30T22:15:41Z" changeset="158561217" uid="21007487" user="Cole Dickerson"/>
  <node id="12300355218" lat="35.7321498" lon="-78.7007439" version="1" timestamp="2024-10-30T22:15:41Z" changeset="158561217" uid="21007487" user="Cole Dickerson"/>
  <node id="12300355219" lat="35.7319039" lon="-78.7007620" version="1" timestamp="2024-10-30T22:15:41Z" changeset="158561217" uid="21007487" user="Cole Dickerson"/>
  <node id="12300355220" lat="35.7317732" lon="-78.7007754" version="1" timestamp="2024-10-30T22:15:41Z" changeset="158561217" uid="21007487" user="Cole Dickerson"/>
  <node id="12300355221" lat="35.7316470" lon="-78.7008424" version="1" timestamp="2024-10-30T22:15:41Z" changeset="158561217" uid="21007487" user="Cole Dickerson"/>
  <node id="12300355222" lat="35.7314358" lon="-78.7008612" version="1" timestamp="2024-10-30T22:15:41Z" changeset="158561217" uid="21007487" user="Cole Dickerson"/>
  <node id="12300355223" lat="35.7313269" lon="-78.7008827" version="1" timestamp="2024-10-30T22:15:41Z" changeset="158561217" uid="21007487" user="Cole Dickerson"/>
  <node id="12300355224" lat="35.7311723" lon="-78.7010624" version="1" timestamp="2024-10-30T22:15:41Z" changeset="158561217" uid="21007487" user="Cole Dickerson"/>
  <node id="12300355225" lat="35.7309850" lon="-78.7010731" version="1" timestamp="2024-10-30T22:15:41Z" changeset="158561217" uid="21007487" user="Cole Dickerson"/>
  <node id="12300355226" lat="35.7307978" lon="-78.7010516" version="1" timestamp="2024-10-30T22:15:41Z" changeset="158561217" uid="21007487" user="Cole Dickerson"/>
  <node id="12300355227" lat="35.7306715" lon="-78.7010060" version="1" timestamp="2024-10-30T22:15:41Z" changeset="158561217" uid="21007487" user="Cole Dickerson"/>
  <node id="12300355228" lat="35.7305539" lon="-78.7009739" version="1" timestamp="2024-10-30T22:15:41Z" changeset="158561217" uid="21007487" user="Cole Dickerson"/>
  <node id="12300355229" lat="35.7304385" lon="-78.7009980" version="1" timestamp="2024-10-30T22:15:41Z" changeset="158561217" uid="21007487" user="Cole Dickerson"/>
  <node id="12300355230" lat="35.7303667" lon="-78.7009256" version="1" timestamp="2024-10-30T22:15:41Z" changeset="158561217" uid="21007487" user="Cole Dickerson"/>
  <node id="12300355231" lat="35.7303057" lon="-78.7008827" version="1" timestamp="2024-10-30T22:15:41Z" changeset="158561217" uid="21007487" user="Cole Dickerson"/>
  <node id="12300355232" lat="35.7302012" lon="-78.7008692" version="1" timestamp="2024-10-30T22:15:41Z" changeset="158561217" uid="21007487" user="Cole Dickerson"/>
  <node id="12300355233" lat="35.7301076" lon="-78.7009175" version="1" timestamp="2024-10-30T22:15:41Z" changeset="158561217" uid="21007487" user="Cole Dickerson"/>
  <node id="12300355234" lat="35.7300052" lon="-78.7009390" version="1" timestamp="2024-10-30T22:15:41Z" changeset="158561217" uid="21007487" user="Cole Dickerson"/>
  <node id="12300355235" lat="35.7299203" lon="-78.7009578" version="1" timestamp="2024-10-30T22:15:41Z" changeset="158561217" uid="21007487" user="Cole Dickerson"/>
  <node id="12300355236" lat="35.7298441" lon="-78.7009792" version="1" timestamp="2024-10-30T22:15:41Z" changeset="158561217" uid="21007487" user="Cole Dickerson"/>
  <node id="12300355237" lat="35.7297919" lon="-78.7010355" version="1" timestamp="2024-10-30T22:15:41Z" changeset="158561217" uid="21007487" user="Cole Dickerson"/>
  <node id="12300355238" lat="35.7297026" lon="-78.7011214" version="1" timestamp="2024-10-30T22:15:41Z" changeset="158561217" uid="21007487" user="Cole Dickerson"/>
  <node id="12300355239" lat="35.7296438" lon="-78.7011857" version="1" timestamp="2024-10-30T22:15:41Z" changeset="158561217" uid="21007487" user="Cole Dickerson"/>
  <node id="12300355240" lat="35.7295719" lon="-78.7012796" version="1" timestamp="2024-10-30T22:15:41Z" changeset="158561217" uid="21007487" user="Cole Dickerson"/>
  <node id="12300355241" lat="35.7294718" lon="-78.7014137" version="1" timestamp="2024-10-30T22:15:41Z" changeset="158561217" uid="21007487" user="Cole Dickerson"/>
  <node id="12300355242" lat="35.7294021" lon="-78.7014781" version="1" timestamp="2024-10-30T22:15:41Z" changeset="158561217" uid="21007487" user="Cole Dickerson"/>
  <node id="12300355243" lat="35.7292976" lon="-78.7015478" version="1" timestamp="2024-10-30T22:15:41Z" changeset="158561217" uid="21007487" user="Cole Dickerson"/>
  <node id="12300355244" lat="35.7292323" lon="-78.7015639" version="1" timestamp="2024-10-30T22:15:41Z" changeset="158561217" uid="21007487" user="Cole Dickerson"/>
  <node id="12300355245" lat="35.7290733" lon="-78.7015693" version="1" timestamp="2024-10-30T22:15:41Z" changeset="158561217" uid="21007487" user="Cole Dickerson"/>
  <node id="12300355246" lat="35.7252942" lon="-78.7017568" version="1" timestamp="2024-10-30T22:15:41Z" changeset="158561217" uid="21007487" user="Cole Dickerson"/>
  <node id="12300355247" lat="35.7252817" lon="-78.7009772" version="1" timestamp="2024-10-30T22:15:41Z" changeset="158561217" uid="21007487" user="Cole Dickerson"/>
  <node id="12300355248" lat="35.7254843" lon="-78.7010019" version="1" timestamp="2024-10-30T22:15:41Z" changeset="158561217" uid="21007487" user="Cole Dickerson"/>
  <node id="12300355249" lat="35.7256338" lon="-78.7010937" version="1" timestamp="2024-10-30T22:15:41Z" changeset="158561217" uid="21007487" user="Cole Dickerson"/>
  <node id="12300355250" lat="35.7257098" lon="-78.7011404" version="1" timestamp="2024-10-30T22:15:41Z" changeset="158561217" uid="21007487" user="Cole Dickerson"/>
  <node id="12300355251" lat="35.7259721" lon="-78.7011567" version="1" timestamp="2024-10-30T22:15:41Z" changeset="158561217" uid="21007487" user="Cole Dickerson"/>
  <node id="12300355252" lat="35.7263000" lon="-78.7010940" version="1" timestamp="2024-10-30T22:15:41Z" changeset="158561217" uid="21007487" user="Cole Dickerson"/>
  <node id="12300355253" lat="35.7265027" lon="-78.7010170" version="1" timestamp="2024-10-30T22:15:41Z" changeset="158561217" uid="21007487" user="Cole Dickerson"/>
  <node id="12300355254" lat="35.7265977" lon="-78.7009523" version="1" timestamp="2024-10-30T22:15:41Z" changeset="158561217" uid="21007487" user="Cole Dickerson"/>
  <node id="12300355255" lat="35.7266777" lon="-78.7008383" version="1" timestamp="2024-10-30T22:15:41Z" changeset="158561217" uid="21007487" user="Cole Dickerson"/>
  <node id="12300355256" lat="35.7267503" lon="-78.7008198" version="1" timestamp="2024-10-30T22:15:41Z" changeset="158561217" uid="21007487" user="Cole Dickerson"/>
  <node id="12300355257" lat="35.7268278" lon="-78.7008444" version="1" timestamp="2024-10-30T22:15:41Z" changeset="158561217" uid="21007487" user="Cole Dickerson"/>
  <node id="12300355258" lat="35.7268603" lon="-78.7008814" version="1" timestamp="2024-10-30T22:15:41Z" changeset="158561217" uid="21007487" user="Cole Dickerson"/>
  <node id="12300355259" lat="35.7269154" lon="-78.7009831" version="1" timestamp="2024-10-30T22:15:41Z" changeset="158561217" uid="21007487" user="Cole Dickerson"/>
  <node id="12300355260" lat="35.7270075" lon="-78.7013517" version="1" timestamp="2024-10-30T22:15:41Z" changeset="158561217" uid="21007487" user="Cole Dickerson"/>
  <node id="12300355261" lat="35.7271476" lon="-78.7014405" version="1" timestamp="2024-10-30T22:15:41Z" changeset="158561217" uid="21007487" user="Cole Dickerson"/>
  <node id="12300355262" lat="35.7272761" lon="-78.7014700" version="1" timestamp="2024-10-30T22:15:41Z" changeset="158561217" uid="21007487" user="Cole Dickerson"/>
  <node id="12300355263" lat="35.7273697" lon="-78.7014137" version="1" timestamp="2024-10-30T22:15:41Z" changeset="158561217" uid="21007487" user="Cole Dickerson"/>
  <node id="12300355264" lat="35.7276462" lon="-78.7013520" version="1" timestamp="2024-10-30T22:15:41Z" changeset="158561217" uid="21007487" user="Cole Dickerson"/>
  <node id="12300355265" lat="35.7278074" lon="-78.7011562" version="1" timestamp="2024-10-30T22:15:41Z" changeset="158561217" uid="21007487" user="Cole Dickerson"/>
  <node id="12300355266" lat="35.7280099" lon="-78.7012232" version="1" timestamp="2024-10-30T22:15:41Z" changeset="158561217" uid="21007487" user="Cole Dickerson"/>
  <node id="12300355267" lat="35.7281122" lon="-78.7011481" version="1" timestamp="2024-10-30T22:15:41Z" changeset="158561217" uid="21007487" user="Cole Dickerson"/>
  <node id="12300355268" lat="35.7280948" lon="-78.7010221" version="1" timestamp="2024-10-30T22:15:41Z" changeset="158561217" uid="21007487" user="Cole Dickerson"/>
  <node id="12300355269" lat="35.7279707" lon="-78.7009121" version="1" timestamp="2024-10-30T22:15:41Z" changeset="158561217" uid="21007487" user="Cole Dickerson"/>
  <node id="12300355270" lat="35.7278248" lon="-78.7007699" version="1" timestamp="2024-10-30T22:15:41Z" changeset="158561217" uid="21007487" user="Cole Dickerson"/>
  <node id="12300355271" lat="35.7278074" lon="-78.7005929" version="1" timestamp="2024-10-30T22:15:41Z" changeset="158561217" uid="21007487" user="Cole Dickerson"/>
  <node id="12300355272" lat="35.7279380" lon="-78.7006117" version="1" timestamp="2024-10-30T22:15:41Z" changeset="158561217" uid="21007487" user="Cole Dickerson"/>
  <node id="12300355273" lat="35.7280404" lon="-78.7007136" version="1" timestamp="2024-10-30T22:15:41Z" changeset="158561217" uid="21007487" user="Cole Dickerson"/>
  <node id="12300355274" lat="35.7281579" lon="-78.7008611" version="1" timestamp="2024-10-30T22:15:41Z" changeset="158561217" uid="21007487" user="Cole Dickerson"/>
  <node id="12300355275" lat="35.7282494" lon="-78.7010462" version="1" timestamp="2024-10-30T22:15:41Z" changeset="158561217" uid="21007487" user="Cole Dickerson"/>
  <node id="12300355276" lat="35.7284497" lon="-78.7010703" version="1" timestamp="2024-10-30T22:15:41Z" changeset="158561217" uid="21007487" user="Cole Dickerson"/>
  <node id="12300355277" lat="35.7285912" lon="-78.7010382" version="1" timestamp="2024-10-30T22:15:41Z" changeset="158561217" uid="21007487" user="Cole Dickerson"/>
  <node id="12300355278" lat="35.7288199" lon="-78.7010408" version="1" timestamp="2024-10-30T22:15:41Z" changeset="158561217" uid="21007487" user="Cole Dickerson"/>
  <node id="12300355279" lat="35.7288961" lon="-78.7009979" version="1" timestamp="2024-10-30T22:15:41Z" changeset="158561217" uid="21007487" user="Cole Dickerson"/>
  <node id="12300355280" lat="35.7288939" lon="-78.7008933" version="1" timestamp="2024-10-30T22:15:41Z" changeset="158561217" uid="21007487" user="Cole Dickerson"/>
  <node id="12300355281" lat="35.7293061" lon="-78.7007270" version="1" timestamp="2024-10-30T22:15:41Z" changeset="158561217" uid="21007487" user="Cole Dickerson"/>
  <node id="12300355282" lat="35.7294454" lon="-78.7005419" version="1" timestamp="2024-10-30T22:15:41Z" changeset="158561217" uid="21007487" user="Cole Dickerson"/>
  <node id="12300355283" lat="35.7299136" lon="-78.7003193" version="1" timestamp="2024-10-30T22:15:41Z" changeset="158561217" uid="21007487" user="Cole Dickerson"/>
  <node id="12300355284" lat="35.7303425" lon="-78.7001789" version="1" timestamp="2024-10-30T22:15:41Z" changeset="158561217" uid="21007487" user="Cole Dickerson"/>
  <node id="12300355285" lat="35.7306234" lon="-78.6998731" version="1" timestamp="2024-10-30T22:15:41Z" changeset="158561217" uid="21007487" user="Cole Dickerson"/>
  <node id="12300355286" lat="35.7306778" lon="-78.6997202" version="1" timestamp="2024-10-30T22:15:41Z" changeset="158561217" uid="21007487" user="Cole Dickerson"/>
  <node id="12300355287" lat="35.7306648" lon="-78.6995459" version="1" timestamp="2024-10-30T22:15:41Z" changeset="158561217" uid="21007487" user="Cole Dickerson"/>
  <node id="12300355288" lat="35.7306212" lon="-78.6994252" version="1" timestamp="2024-10-30T22:15:41Z" changeset="158561217" uid="21007487" user="Cole Dickerson"/>
  <node id="12300355289" lat="35.7305559" lon="-78.6993501" version="1" timestamp="2024-10-30T22:15:41Z" changeset="158561217" uid="21007487" user="Cole Dickerson"/>
  <node id="12300355290" lat="35.7305015" lon="-78.6992911" version="1" timestamp="2024-10-30T22:15:41Z" changeset="158561217" uid="21007487" user="Cole Dickerson"/>
  <node id="12300355291" lat="35.7304775" lon="-78.6991892" version="1" timestamp="2024-10-30T22:15:41Z" changeset="158561217" uid="21007487" user="Cole Dickerson"/>
  <node id="12300355292" lat="35.7304797" lon="-78.6990095" version="1" timestamp="2024-10-30T22:15:41Z" changeset="158561217" uid="21007487" user="Cole Dickerson"/>
  <node id="12300355293" lat="35.7305036" lon="-78.6988995" version="1" timestamp="2024-10-30T22:15:41Z" changeset="158561217" uid="21007487" user="Cole Dickerson"/>
  <node id="12300355294" lat="35.7307693" lon="-78.6989451" version="1" timestamp="2024-10-30T22:15:41Z" changeset="158561217" uid="21007487" user="Cole Dickerson"/>
  <node id="12300355295" lat="35.7307954" lon="-78.6993045" version="1" timestamp="2024-10-30T22:15:41Z" changeset="158561217" uid="21007487" user="Cole Dickerson"/>
  <node id="12300355296" lat="35.7308672" lon="-78.6993796" version="1" timestamp="2024-10-30T22:15:41Z" changeset="158561217" uid="21007487" user="Cole Dickerson"/>
  <node id="12300355297" lat="35.7310327" lon="-78.6993984" version="1" timestamp="2024-10-30T22:15:41Z" changeset="158561217" uid="21007487" user="Cole Dickerson"/>
  <node id="12300355298" lat="35.7313027" lon="-78.6995083" version="1" timestamp="2024-10-30T22:15:41Z" changeset="158561217" uid="21007487" user="Cole Dickerson"/>
  <node id="12300355299" lat="35.7314856" lon="-78.6995647" version="1" timestamp="2024-10-30T22:15:41Z" changeset="158561217" uid="21007487" user="Cole Dickerson"/>
  <node id="12300355300" lat="35.7316707" lon="-78.6997497" version="1" timestamp="2024-10-30T22:15:41Z" changeset="158561217" uid="21007487" user="Cole Dickerson"/>
  <node id="12300355301" lat="35.7318231" lon="-78.6998463" version="1" timestamp="2024-10-30T22:15:41Z" changeset="158561217" uid="21007487" user="Cole Dickerson"/>
  <node id="12300355302" lat="35.7318209" lon="-78.6999429" version="1" timestamp="2024-10-30T22:15:41Z" changeset="158561217" uid="21007487" user="Cole Dickerson"/>
  <node id="12300355303" lat="35.7317839" lon="-78.7000770" version="1" timestamp="2024-10-30T22:15:41Z" changeset="158561217" uid="21007487" user="Cole Dickerson"/>
  <node id="12300355304" lat="35.7318362" lon="-78.7001816" version="1" timestamp="2024-10-30T22:15:41Z" changeset="158561217" uid="21007487" user="Cole Dickerson"/>
  <node id="12300355305" lat="35.7319211" lon="-78.7002540" version="1" timestamp="2024-10-30T22:15:41Z" changeset="158561217" uid="21007487" user="Cole Dickerson"/>
  <node id="12300355306" lat="35.7321105" lon="-78.7002486" version="1" timestamp="2024-10-30T22:15:41Z" changeset="158561217" uid="21007487" user="Cole Dickerson"/>
  <node id="12300355307" lat="35.7321889" lon="-78.7002728" version="1" timestamp="2024-10-30T22:15:41Z" changeset="158561217" uid="21007487" user="Cole Dickerson"/>
  <node id="12300355308" lat="35.7323456" lon="-78.7002513" version="1" timestamp="2024-10-30T22:15:41Z" changeset="158561217" uid="21007487" user="Cole Dickerson"/>
  <way id="18908683" version="6" timestamp="2023-11-20T21:31:43Z" changeset="144263725" uid="20333971" user="BarnesMe">
    <nd ref="195629408"/>
    <nd ref="195629410"/>
    <nd ref="4252848446"/>
    <nd ref="195629412"/>
    <nd ref="4252848447"/>
    <nd ref="195629414"/>
    <nd ref="4252848448"/>
    <nd ref="195629416"/>
    <nd ref="195629418"/>
    <nd ref="195629420"/>
    <nd ref="4252848449"/>
    <nd ref="195629422"/>
    <nd ref="195629424"/>
    <nd ref="195629426"/>
    <nd ref="195629428"/>
    <nd ref="4252848450"/>
    <nd ref="195629430"/>
    <nd ref="195629432"/>
    <nd ref="195629434"/>
    <nd ref="4252848444"/>
    <nd ref="195629436"/>
    <nd ref="195629437"/>
    <nd ref="7111586082"/>
    <nd ref="7111586705"/>
    <nd ref="4252848445"/>
    <nd ref="195629438"/>
    <nd ref="7111586689"/>
    <nd ref="7111586700"/>
    <nd ref="7111586695"/>
    <nd ref="7011198869"/>
    <nd ref="195629440"/>
    <tag k="highway" v="residential"/>
    <tag k="name" v="Partridge Berry Drive"/>
    <tag k="tiger:cfcc" v="A41"/>
    <tag k="tiger:county" v="Wake, NC"/>
    <tag k="tiger:name_base" v="Partridge Berry"/>
    <tag k="tiger:name_type" v="Dr"/>
    <tag k="tiger:reviewed" v="no"/>
    <tag k="tiger:zip_left" v="27606"/>
    <tag k="tiger:zip_right" v="27606"/>
    <tag k="unsigned_ref" v="SR 4000"/>
  </way>
  <way id="18912562" version="22" timestamp="2023-11-21T21:23:59Z" changeset="144303336" uid="20333971" user="BarnesMe">
    <nd ref="1152144497"/>
    <nd ref="6204706016"/>
    <nd ref="1152144425"/>
    <nd ref="195690022"/>
    <nd ref="195690024"/>
    <nd ref="195690026"/>
    <nd ref="195690029"/>
    <nd ref="195690032"/>
    <nd ref="195690034"/>
    <nd ref="8167231378"/>
    <nd ref="195690036"/>
    <nd ref="195690040"/>
    <nd ref="195690042"/>
    <nd ref="195690044"/>
    <nd ref="195690046"/>
    <nd ref="195690048"/>
    <nd ref="195690050"/>
    <nd ref="195690052"/>
    <nd ref="195690055"/>
    <nd ref="7744248216"/>
    <nd ref="195690057"/>
    <nd ref="195690059"/>
    <nd ref="195690061"/>
    <nd ref="195690062"/>
    <nd ref="195690064"/>
    <nd ref="195690066"/>
    <nd ref="195690068"/>
    <nd ref="195690070"/>
    <nd ref="6886101721"/>
    <nd ref="195690072"/>
    <nd ref="9100456715"/>
    <nd ref="7719078063"/>
    <nd ref="195690074"/>
    <nd ref="7927847033"/>
    <nd ref="195690076"/>
    <nd ref="7742818341"/>
    <nd ref="195690080"/>
    <nd ref="195690083"/>
    <nd ref="195690085"/>
    <nd ref="8431239836"/>
    <nd ref="7134747523"/>
    <nd ref="195690087"/>
    <nd ref="195690089"/>
    <nd ref="195690091"/>
    <nd ref="6801927500"/>
    <nd ref="195690093"/>
    <nd ref="195690095"/>
    <nd ref="6690545550"/>
    <nd ref="195690097"/>
    <nd ref="195690099"/>
    <nd ref="195690100"/>
    <nd ref="195690102"/>
    <nd ref="7893912701"/>
    <nd ref="195690104"/>
    <nd ref="7949875668"/>
    <nd ref="195690106"/>
    <nd ref="195690109"/>
    <tag k="highway" v="residential"/>
    <tag k="lanes" v="2"/>
    <tag k="maxspeed" v="45 mph"/>
    <tag k="name" v="Mid Pines Road"/>
    <tag k="surface" v="asphalt"/>
    <tag k="tiger:cfcc" v="A41"/>
    <tag k="tiger:county" v="Wake, NC"/>
    <tag k="tiger:name_base" v="Mid Pines"/>
    <tag k="tiger:name_type" v="Rd"/>
    <tag k="tiger:zip_left" v="27606"/>
    <tag k="tiger:zip_left_1" v="27606"/>
    <tag k="tiger:zip_right" v="27606"/>
    <tag k="tiger:zip_right_1" v="27606"/>
    <tag k="unsigned_ref" v="SR 1372"/>
  </way>
  <way id="33111362" version="14" timestamp="2023-06-05T04:11:58Z" changeset="136953900" uid="9015854" user="SDoak">
    <nd ref="373655605"/>
    <nd ref="373655607"/>
    <nd ref="2286260783"/>
    <nd ref="373655610"/>
    <nd ref="373655612"/>
    <nd ref="373655614"/>
    <nd ref="373655616"/>
    <nd ref="373655618"/>
    <nd ref="373655620"/>
    <nd ref="373655621"/>
    <nd ref="373655624"/>
    <nd ref="373655635"/>
    <nd ref="373655637"/>
    <nd ref="373655638"/>
    <nd ref="373655640"/>
    <nd ref="373655642"/>
    <nd ref="373655644"/>
    <nd ref="373655646"/>
    <nd ref="373655662"/>
    <nd ref="373655664"/>
    <nd ref="373655666"/>
    <nd ref="373655668"/>
    <nd ref="373655670"/>
    <nd ref="373655672"/>
    <nd ref="373655674"/>
    <nd ref="373655675"/>
    <nd ref="373655677"/>
    <nd ref="2286260990"/>
    <nd ref="373655679"/>
    <nd ref="373655681"/>
    <nd ref="373655683"/>
    <nd ref="373655685"/>
    <nd ref="373655687"/>
    <nd ref="373655933"/>
    <nd ref="373655935"/>
    <nd ref="373655937"/>
    <nd ref="373655939"/>
    <nd ref="373655941"/>
    <nd ref="373655943"/>
    <nd ref="373655944"/>
    <nd ref="373655946"/>
    <nd ref="373655948"/>
    <nd ref="373655950"/>
    <nd ref="2286261065"/>
    <nd ref="373655952"/>
    <nd ref="373655954"/>
    <nd ref="373655956"/>
    <nd ref="373655958"/>
    <nd ref="373655959"/>
    <nd ref="373655961"/>
    <nd ref="373655963"/>
    <nd ref="373655965"/>
    <nd ref="373655967"/>
    <nd ref="373655971"/>
    <nd ref="373655974"/>
    <nd ref="373655978"/>
    <nd ref="373655984"/>
    <nd ref="373656009"/>
    <nd ref="373656018"/>
    <nd ref="373656026"/>
    <nd ref="373656041"/>
    <nd ref="373656048"/>
    <nd ref="373656055"/>
    <nd ref="373656149"/>
    <nd ref="373656153"/>
    <nd ref="373656162"/>
    <nd ref="373656166"/>
    <nd ref="373656170"/>
    <nd ref="373656172"/>
    <nd ref="373656174"/>
    <nd ref="373656176"/>
    <nd ref="373656177"/>
    <nd ref="373656190"/>
    <nd ref="373656192"/>
    <nd ref="373656194"/>
    <nd ref="373656196"/>
    <nd ref="373656197"/>
    <nd ref="373656201"/>
    <nd ref="373656207"/>
    <nd ref="373656210"/>
    <nd ref="10956604753"/>
    <nd ref="10956491496"/>
    <nd ref="373656214"/>
    <nd ref="373656220"/>
    <nd ref="373656221"/>
    <nd ref="4292082125"/>
    <nd ref="373656225"/>
    <nd ref="373656237"/>
    <nd ref="373656239"/>
    <nd ref="373656241"/>
    <nd ref="373656243"/>
    <nd ref="373656261"/>
    <nd ref="373656267"/>
    <nd ref="373656269"/>
    <nd ref="373656271"/>
    <nd ref="373656275"/>
    <nd ref="373656281"/>
    <nd ref="373656302"/>
    <nd ref="373656309"/>
    <nd ref="373656345"/>
    <nd ref="373656352"/>
    <nd ref="10013686567"/>
    <nd ref="10013686577"/>
    <nd ref="373656360"/>
    <nd ref="10013686578"/>
    <nd ref="10013686545"/>
    <nd ref="373656380"/>
    <nd ref="10013686637"/>
    <nd ref="373656388"/>
    <nd ref="373656390"/>
    <nd ref="10013686579"/>
    <nd ref="373656412"/>
    <nd ref="10013686544"/>
    <nd ref="373656414"/>
    <nd ref="10013686519"/>
    <nd ref="373656423"/>
    <nd ref="373656443"/>
    <nd ref="373656455"/>
    <nd ref="373656461"/>
    <nd ref="10013686573"/>
    <nd ref="373656463"/>
    <nd ref="373656469"/>
    <nd ref="373656473"/>
    <nd ref="373656475"/>
    <nd ref="373656477"/>
    <nd ref="373656479"/>
    <nd ref="373656495"/>
    <nd ref="10013647986"/>
    <nd ref="373656501"/>
    <nd ref="373656506"/>
    <nd ref="373656513"/>
    <nd ref="373656525"/>
    <nd ref="373656549"/>
    <nd ref="373656569"/>
    <nd ref="373656571"/>
    <nd ref="373656582"/>
    <nd ref="373656605"/>
    <nd ref="373656607"/>
    <nd ref="373656611"/>
    <nd ref="373656613"/>
    <nd ref="373656617"/>
    <nd ref="373656620"/>
    <nd ref="373656643"/>
    <nd ref="373656657"/>
    <nd ref="373656674"/>
    <nd ref="373656682"/>
    <nd ref="10017338850"/>
    <nd ref="373656710"/>
    <nd ref="373656727"/>
    <nd ref="10013686543"/>
    <nd ref="373656751"/>
    <nd ref="373656753"/>
    <nd ref="373656754"/>
    <nd ref="373656774"/>
    <nd ref="7675778060"/>
    <nd ref="373656776"/>
    <nd ref="373656782"/>
    <nd ref="6610190777"/>
    <nd ref="373656786"/>
    <nd ref="373656791"/>
    <nd ref="373656793"/>
    <nd ref="373656796"/>
    <nd ref="373656802"/>
    <nd ref="373656810"/>
    <nd ref="373656816"/>
    <nd ref="373656823"/>
    <nd ref="373656825"/>
    <nd ref="373656834"/>
    <nd ref="373656836"/>
    <nd ref="373656838"/>
    <nd ref="373656840"/>
    <nd ref="373656846"/>
    <nd ref="373656849"/>
    <nd ref="373656853"/>
    <nd ref="373656855"/>
    <nd ref="373656858"/>
    <nd ref="373656866"/>
    <nd ref="373656871"/>
    <nd ref="373656873"/>
    <nd ref="373656884"/>
    <nd ref="373656886"/>
    <nd ref="373656888"/>
    <nd ref="373656890"/>
    <nd ref="373656899"/>
    <nd ref="373656903"/>
    <nd ref="373656907"/>
    <nd ref="373656923"/>
    <nd ref="373656927"/>
    <nd ref="373656941"/>
    <nd ref="373656943"/>
    <nd ref="373656945"/>
    <nd ref="373656946"/>
    <nd ref="373656950"/>
    <nd ref="373656952"/>
    <nd ref="373656954"/>
    <nd ref="373656958"/>
    <nd ref="373656960"/>
    <nd ref="373656963"/>
    <nd ref="373656965"/>
    <nd ref="373656967"/>
    <nd ref="373656976"/>
    <nd ref="373656991"/>
    <nd ref="373656996"/>
    <nd ref="373657005"/>
    <nd ref="373657009"/>
    <nd ref="373657011"/>
    <nd ref="373657012"/>
    <nd ref="373657014"/>
    <nd ref="373657025"/>
    <nd ref="373657048"/>
    <nd ref="373657056"/>
    <nd ref="373657063"/>
    <nd ref="373657069"/>
    <nd ref="373657075"/>
    <nd ref="373657090"/>
    <nd ref="373657098"/>
    <nd ref="373657105"/>
    <nd ref="373657123"/>
    <nd ref="373657129"/>
    <nd ref="373657142"/>
    <nd ref="373657157"/>
    <nd ref="373657174"/>
    <nd ref="373657189"/>
    <nd ref="373657204"/>
    <nd ref="373657210"/>
    <nd ref="373657223"/>
    <nd ref="373657228"/>
    <nd ref="373657234"/>
    <nd ref="373657262"/>
    <nd ref="373657270"/>
    <nd ref="373657286"/>
    <nd ref="373657294"/>
    <nd ref="373657299"/>
    <nd ref="373657305"/>
    <nd ref="373657316"/>
    <nd ref="373657325"/>
    <nd ref="373657332"/>
    <nd ref="373657338"/>
    <nd ref="373657342"/>
    <nd ref="373657358"/>
    <nd ref="373657366"/>
    <nd ref="373657373"/>
    <nd ref="373657383"/>
    <nd ref="373657398"/>
    <nd ref="373657399"/>
    <nd ref="373657407"/>
    <nd ref="373657411"/>
    <nd ref="373657414"/>
    <nd ref="373657418"/>
    <nd ref="373657420"/>
    <nd ref="373657423"/>
    <nd ref="373657429"/>
    <nd ref="373655605"/>
    <tag k="source" v="NCOnemap"/>
  </way>
  <way id="33111720" version="12" timestamp="2024-04-01T23:07:53Z" changeset="149456056" uid="14367922" user="ShelbyAT">
    <nd ref="373655605"/>
    <nd ref="373673344"/>
    <nd ref="2286260757"/>
    <nd ref="373673352"/>
    <nd ref="373673361"/>
    <nd ref="373673366"/>
    <nd ref="373673372"/>
    <nd ref="2286260731"/>
    <nd ref="373673380"/>
    <nd ref="373673387"/>
    <nd ref="373673395"/>
    <nd ref="373673415"/>
    <nd ref="373673421"/>
    <nd ref="373673425"/>
    <nd ref="373655961"/>
    <nd ref="373655959"/>
    <nd ref="373655958"/>
    <nd ref="373655956"/>
    <nd ref="373655954"/>
    <nd ref="373655952"/>
    <nd ref="2286261065"/>
    <nd ref="373655950"/>
    <nd ref="373655948"/>
    <nd ref="373655946"/>
    <nd ref="373655944"/>
    <nd ref="373655943"/>
    <nd ref="373655941"/>
    <nd ref="373655939"/>
    <nd ref="373655937"/>
    <nd ref="373655935"/>
    <nd ref="373655933"/>
    <nd ref="373655687"/>
    <nd ref="373655685"/>
    <nd ref="373655683"/>
    <nd ref="373655681"/>
    <nd ref="373655679"/>
    <nd ref="2286260990"/>
    <nd ref="373655677"/>
    <nd ref="373655675"/>
    <nd ref="373655674"/>
    <nd ref="373655672"/>
    <nd ref="373655670"/>
    <nd ref="373655668"/>
    <nd ref="373655666"/>
    <nd ref="373655664"/>
    <nd ref="373655662"/>
    <nd ref="373655646"/>
    <nd ref="373655644"/>
    <nd ref="373655642"/>
    <nd ref="373655640"/>
    <nd ref="373655638"/>
    <nd ref="373655637"/>
    <nd ref="373655635"/>
    <nd ref="373655624"/>
    <nd ref="373655621"/>
    <nd ref="373655620"/>
    <nd ref="373655618"/>
    <nd ref="373655616"/>
    <nd ref="373655614"/>
    <nd ref="373655612"/>
    <nd ref="373655610"/>
    <nd ref="2286260783"/>
    <nd ref="373655607"/>
    <nd ref="373655605"/>
    <tag k="access" v="yes"/>
    <tag k="addr:city" v="Raleigh"/>
    <tag k="addr:housenumber" v="4620"/>
    <tag k="addr:state" v="NC"/>
    <tag k="addr:street" v="Lake Wheeler Road"/>
    <tag k="contact:email" v="yatesmill@wakegov.com"/>
    <tag k="contact:fax" v="+1 919 856 6674"/>
    <tag k="contact:phone" v="+1 919 856 6675"/>
    <tag k="contact:website" v="http://www.wakegov.com/parks/yatesmill"/>
    <tag k="fixme" v="find source for correct boundary"/>
    <tag k="leisure" v="park"/>
    <tag k="name" v="Historic Yates Mill County Park"/>
    <tag k="official_name" v="Historic Yates Mill County Park"/>
    <tag k="opening_hours" v="08:00-sunset; Nov Th[4] off; Dec 24-25,Jan 1 off"/>
    <tag k="ownership" v="county"/>
  </way>
  <way id="37217646" version="3" timestamp="2022-02-06T20:00:06Z" changeset="117092832" uid="9509339" user="KB-01">
    <nd ref="433373329"/>
    <nd ref="433373330"/>
    <nd ref="433373332"/>
    <nd ref="433373334"/>
    <nd ref="433373335"/>
    <nd ref="433373336"/>
    <nd ref="433373337"/>
    <nd ref="433373338"/>
    <nd ref="433373339"/>
    <nd ref="433373340"/>
    <nd ref="433373342"/>
    <nd ref="433373343"/>
    <nd ref="433373344"/>
    <nd ref="433373345"/>
    <nd ref="433373347"/>
    <nd ref="433373349"/>
    <nd ref="433373350"/>
    <nd ref="433373352"/>
    <nd ref="433373354"/>
    <nd ref="433373356"/>
    <nd ref="433373357"/>
    <nd ref="433373358"/>
    <nd ref="433373359"/>
    <nd ref="433373360"/>
    <nd ref="433373361"/>
    <nd ref="433373362"/>
    <nd ref="433373364"/>
    <nd ref="433373365"/>
    <nd ref="433373367"/>
    <nd ref="433373368"/>
    <nd ref="433373370"/>
    <nd ref="433500179"/>
    <tag k="attribution" v="USGS-NHD"/>
    <tag k="nhd-shp:com_id" v="31381677"/>
    <tag k="nhd-shp:fcode" v="46003"/>
    <tag k="nhd-shp:fdate" v="2002-01-10"/>
    <tag k="source" v="USGS-NHD"/>
    <tag k="waterway" v="stream"/>
  </way>
  <way id="37251357" version="2" timestamp="2010-05-14T17:23:04Z" changeset="4694754" uid="175600" user="grossing">
    <nd ref="434238818"/>
    <nd ref="433958350"/>
    <nd ref="433958352"/>
    <nd ref="433958353"/>
    <nd ref="433958354"/>
    <nd ref="433958355"/>
    <nd ref="433958358"/>
    <nd ref="433958360"/>
    <nd ref="433958365"/>
    <nd ref="433958370"/>
    <nd ref="433958375"/>
    <nd ref="433958379"/>
    <nd ref="433958383"/>
    <nd ref="433958386"/>
    <nd ref="433958392"/>
    <nd ref="433958397"/>
    <nd ref="433958401"/>
    <nd ref="433783637"/>
    <tag k="attribution" v="USGS-NHD"/>
    <tag k="nhd-shp:com_id" v="31381581"/>
    <tag k="nhd-shp:fcode" v="46006"/>
    <tag k="nhd-shp:fdate" v="2002-01-10"/>
    <tag k="source" v="USGS-NHD"/>
    <tag k="waterway" v="stream"/>
  </way>
  <way id="37267110" version="3" timestamp="2010-04-27T16:05:27Z" changeset="4542281" uid="38487" user="jumbanho">
    <nd ref="433500179"/>
    <nd ref="434185431"/>
    <nd ref="434185432"/>
    <nd ref="434185433"/>
    <nd ref="434185434"/>
    <nd ref="434185435"/>
    <nd ref="434185436"/>
    <nd ref="434185437"/>
    <nd ref="434185438"/>
    <nd ref="434185439"/>
    <nd ref="434185440"/>
    <nd ref="434185441"/>
    <nd ref="434185442"/>
    <nd ref="434185443"/>
    <nd ref="434185444"/>
    <nd ref="434185445"/>
    <nd ref="434185446"/>
    <nd ref="434185447"/>
    <nd ref="434185448"/>
    <nd ref="434185449"/>
    <nd ref="434185450"/>
    <nd ref="434185451"/>
    <nd ref="434185452"/>
    <nd ref="434185453"/>
    <nd ref="434185454"/>
    <nd ref="434185455"/>
    <nd ref="434185456"/>
    <nd ref="434185457"/>
    <nd ref="434185458"/>
    <nd ref="434185459"/>
    <nd ref="434185460"/>
    <nd ref="434185461"/>
    <nd ref="434185462"/>
    <nd ref="434185463"/>
    <nd ref="434185464"/>
    <nd ref="434185465"/>
    <nd ref="434185466"/>
    <nd ref="434185467"/>
    <nd ref="434185468"/>
    <nd ref="434185469"/>
    <nd ref="434185470"/>
    <nd ref="434185471"/>
    <nd ref="434185472"/>
    <nd ref="434185473"/>
    <nd ref="434185474"/>
    <nd ref="434185475"/>
    <nd ref="434185476"/>
    <nd ref="434185477"/>
    <nd ref="434185478"/>
    <nd ref="434185479"/>
    <nd ref="434185480"/>
    <nd ref="434185481"/>
    <nd ref="434185482"/>
    <nd ref="434185483"/>
    <nd ref="434185484"/>
    <nd ref="434185485"/>
    <nd ref="434185486"/>
    <nd ref="434185487"/>
    <nd ref="434185488"/>
    <nd ref="434271063"/>
    <tag k="attribution" v="USGS-NHD"/>
    <tag k="nhd-shp:com_id" v="31381885"/>
    <tag k="nhd-shp:fcode" v="46006"/>
    <tag k="nhd-shp:fdate" v="2002-01-10"/>
    <tag k="source" v="USGS-NHD"/>
    <tag k="waterway" v="stream"/>
  </way>
  <way id="37267260" version="4" timestamp="2015-11-27T18:28:29Z" changeset="35616349" uid="402624" user="bdiscoe">
    <nd ref="432908846"/>
    <nd ref="434189086"/>
    <nd ref="434189087"/>
    <nd ref="434189089"/>
    <nd ref="434189090"/>
    <nd ref="434189092"/>
    <nd ref="434189093"/>
    <nd ref="434189094"/>
    <nd ref="434189097"/>
    <nd ref="434189099"/>
    <nd ref="434189100"/>
    <nd ref="434189101"/>
    <nd ref="434189103"/>
    <nd ref="434189104"/>
    <nd ref="434238818"/>
    <tag k="attribution" v="USGS-NHD"/>
    <tag k="nhd-shp:com_id" v="31381429"/>
    <tag k="nhd-shp:fcode" v="46006"/>
    <tag k="nhd-shp:fdate" v="2002-01-10"/>
    <tag k="source" v="USGS-NHD"/>
    <tag k="waterway" v="stream"/>
  </way>
  <way id="37268980" version="3" timestamp="2022-02-06T20:00:06Z" changeset="117092832" uid="9509339" user="KB-01">
    <nd ref="9484420566"/>
    <nd ref="434238790"/>
    <nd ref="434238792"/>
    <nd ref="434238794"/>
    <nd ref="434238796"/>
    <nd ref="434238798"/>
    <nd ref="434238800"/>
    <nd ref="434238802"/>
    <nd ref="434238804"/>
    <nd ref="434238806"/>
    <nd ref="434238808"/>
    <nd ref="434238810"/>
    <nd ref="434238812"/>
    <nd ref="434238818"/>
    <tag k="attribution" v="USGS-NHD"/>
    <tag k="nhd-shp:com_id" v="31381427"/>
    <tag k="nhd-shp:fcode" v="46003"/>
    <tag k="nhd-shp:fdate" v="2002-01-10"/>
    <tag k="source" v="USGS-NHD"/>
    <tag k="waterway" v="stream"/>
  </way>
  <way id="47716274" version="2" timestamp="2016-07-09T02:24:01Z" changeset="40604338" uid="360392" user="maxerickson">
    <nd ref="607056249"/>
    <nd ref="607056253"/>
    <nd ref="607056258"/>
    <nd ref="607056260"/>
    <nd ref="607056266"/>
    <nd ref="607056270"/>
    <nd ref="607056272"/>
    <nd ref="607056274"/>
    <nd ref="607056276"/>
    <nd ref="607056278"/>
    <nd ref="607056280"/>
    <nd ref="607056282"/>
    <nd ref="607056284"/>
    <nd ref="607056286"/>
    <nd ref="607056290"/>
    <nd ref="607056292"/>
    <nd ref="607056293"/>
    <nd ref="607056294"/>
    <nd ref="607056296"/>
    <nd ref="607056298"/>
    <nd ref="607056301"/>
    <nd ref="607056249"/>
    <tag k="building" v="yes"/>
    <tag k="building:use" v="residential"/>
    <tag k="source" v="WakeGIS"/>
  </way>
  <way id="47718422" version="1" timestamp="2010-01-06T21:10:47Z" changeset="3557068" uid="38487" user="jumbanho">
    <nd ref="607076020"/>
    <nd ref="607076022"/>
    <nd ref="607076024"/>
    <nd ref="607076025"/>
    <nd ref="607076027"/>
    <nd ref="607076032"/>
    <nd ref="607076020"/>
    <tag k="building" v="yes"/>
    <tag k="building:use" v="residential"/>
    <tag k="source" v="WakeGIS"/>
  </way>
  <way id="47718423" version="2" timestamp="2018-05-20T23:36:58Z" changeset="59135346" uid="2985432" user="Bob the Shibe">
    <nd ref="607076033"/>
    <nd ref="607076035"/>
    <nd ref="607076037"/>
    <nd ref="607076039"/>
    <nd ref="607076044"/>
    <nd ref="607076046"/>
    <nd ref="607076048"/>
    <nd ref="607076052"/>
    <nd ref="607076054"/>
    <nd ref="607076056"/>
    <nd ref="607076033"/>
    <tag k="building" v="yes"/>
    <tag k="building:use" v="residential"/>
    <tag k="source" v="WakeGIS"/>
  </way>
  <way id="47718431" version="1" timestamp="2010-01-06T21:10:48Z" changeset="3557068" uid="38487" user="jumbanho">
    <nd ref="607076114"/>
    <nd ref="607076115"/>
    <nd ref="607076120"/>
    <nd ref="607076122"/>
    <nd ref="607076124"/>
    <nd ref="607076125"/>
    <nd ref="607076127"/>
    <nd ref="607076129"/>
    <nd ref="607076131"/>
    <nd ref="607076132"/>
    <nd ref="607076134"/>
    <nd ref="607076138"/>
    <nd ref="607076114"/>
    <tag k="building" v="yes"/>
    <tag k="building:use" v="residential"/>
    <tag k="source" v="WakeGIS"/>
  </way>
  <way id="47718474" version="3" timestamp="2018-05-20T23:36:58Z" changeset="59135346" uid="2985432" user="Bob the Shibe">
    <nd ref="607077000"/>
    <nd ref="607077001"/>
    <nd ref="607077007"/>
    <nd ref="607077012"/>
    <nd ref="607077000"/>
    <tag k="building" v="yes"/>
    <tag k="building:use" v="residential"/>
    <tag k="source" v="WakeGIS"/>
  </way>
  <way id="47719230" version="1" timestamp="2010-01-06T21:12:52Z" changeset="3557068" uid="38487" user="jumbanho">
    <nd ref="607091399"/>
    <nd ref="607091400"/>
    <nd ref="607091401"/>
    <nd ref="607091403"/>
    <nd ref="607091399"/>
    <tag k="building" v="yes"/>
    <tag k="building:use" v="residential"/>
    <tag k="source" v="WakeGIS"/>
  </way>
  <way id="47720613" version="2" timestamp="2015-11-27T18:10:26Z" changeset="35616086" uid="402624" user="bdiscoe">
    <nd ref="607091148"/>
    <nd ref="607091149"/>
    <nd ref="607091151"/>
    <nd ref="607091152"/>
    <nd ref="607091154"/>
    <nd ref="607091148"/>
    <tag k="building" v="yes"/>
    <tag k="building:use" v="residential"/>
    <tag k="source" v="WakeGIS"/>
  </way>
  <way id="47720618" version="2" timestamp="2015-11-27T18:10:36Z" changeset="35616086" uid="402624" user="bdiscoe">
    <nd ref="607091227"/>
    <nd ref="607091229"/>
    <nd ref="607091230"/>
    <nd ref="607091232"/>
    <nd ref="607091234"/>
    <nd ref="607091240"/>
    <nd ref="607091242"/>
    <nd ref="607091227"/>
    <tag k="building" v="yes"/>
    <tag k="building:use" v="residential"/>
    <tag k="source" v="WakeGIS"/>
  </way>
  <way id="47730869" version="2" timestamp="2015-11-27T18:28:08Z" changeset="35616349" uid="402624" user="bdiscoe">
    <nd ref="607213090"/>
    <nd ref="607213092"/>
    <nd ref="607213095"/>
    <nd ref="607213101"/>
    <nd ref="607213090"/>
    <tag k="building" v="yes"/>
    <tag k="building:use" v="residential"/>
    <tag k="source" v="WakeGIS"/>
  </way>
  <way id="219476330" version="1" timestamp="2013-04-30T01:07:15Z" changeset="15915499" uid="522859" user="yotann">
    <nd ref="2286261063"/>
    <nd ref="2286261064"/>
    <nd ref="2286261066"/>
    <nd ref="2286261067"/>
    <nd ref="2286261070"/>
    <nd ref="2286261072"/>
    <nd ref="2286261078"/>
    <nd ref="2286261080"/>
    <nd ref="2286261086"/>
    <nd ref="2286261088"/>
    <nd ref="2286261087"/>
    <nd ref="2286261089"/>
    <tag k="colour" v="#ff0000"/>
    <tag k="highway" v="footway"/>
    <tag k="name" v="Creekside Trail"/>
    <tag k="osmc:symbol" v="red:red_round:white_hiker"/>
    <tag k="surface" v="ground"/>
    <tag k="symbol" v="red circle with silver outline and silver hiker silhouette"/>
  </way>
  <way id="219476331" version="1" timestamp="2013-04-30T01:07:15Z" changeset="15915499" uid="522859" user="yotann">
    <nd ref="2286261017"/>
    <nd ref="2286261018"/>
    <nd ref="2286261015"/>
    <nd ref="2286261014"/>
    <nd ref="2286261010"/>
    <nd ref="2286261005"/>
    <nd ref="2286261001"/>
    <nd ref="2286261000"/>
    <nd ref="2286261002"/>
    <nd ref="2286260997"/>
    <nd ref="2286261003"/>
    <nd ref="2286261004"/>
    <nd ref="2286261007"/>
    <nd ref="2286261019"/>
    <nd ref="2286261025"/>
    <nd ref="2286261034"/>
    <nd ref="2286261032"/>
    <nd ref="2286261030"/>
    <tag k="colour" v="#ff0000"/>
    <tag k="highway" v="footway"/>
    <tag k="name" v="Creekside Trail"/>
    <tag k="osmc:symbol" v="red:red_round:white_hiker"/>
    <tag k="surface" v="ground"/>
    <tag k="symbol" v="red circle with silver outline and silver hiker silhouette"/>
  </way>
  <way id="219476332" version="1" timestamp="2013-04-30T01:07:16Z" changeset="15915499" uid="522859" user="yotann">
    <nd ref="2286261047"/>
    <nd ref="2286261046"/>
    <tag k="colour" v="#ff0000"/>
    <tag k="highway" v="footway"/>
    <tag k="name" v="Creekside Trail"/>
    <tag k="osmc:symbol" v="red:red_round:white_hiker"/>
    <tag k="surface" v="ground"/>
    <tag k="symbol" v="red circle with silver outline and silver hiker silhouette"/>
  </way>
  <way id="219476333" version="1" timestamp="2013-04-30T01:07:16Z" changeset="15915499" uid="522859" user="yotann">
    <nd ref="2286261023"/>
    <nd ref="2286261028"/>
    <tag k="colour" v="#ff0000"/>
    <tag k="highway" v="footway"/>
    <tag k="name" v="Creekside Trail"/>
    <tag k="osmc:symbol" v="red:red_round:white_hiker"/>
    <tag k="surface" v="ground"/>
    <tag k="symbol" v="red circle with silver outline and silver hiker silhouette"/>
  </way>
  <way id="219476334" version="1" timestamp="2013-04-30T01:07:16Z" changeset="15915499" uid="522859" user="yotann">
    <nd ref="2286261089"/>
    <nd ref="2286261090"/>
    <tag k="bridge" v="yes"/>
    <tag k="colour" v="#ff0000"/>
    <tag k="est_width" v="1.5'"/>
    <tag k="highway" v="footway"/>
    <tag k="layer" v="1"/>
    <tag k="name" v="Creekside Trail"/>
    <tag k="osmc:symbol" v="red:red_round:white_hiker"/>
    <tag k="surface" v="wood"/>
    <tag k="symbol" v="red circle with silver outline and silver hiker silhouette"/>
  </way>
  <way id="219476335" version="1" timestamp="2013-04-30T01:07:16Z" changeset="15915499" uid="522859" user="yotann">
    <nd ref="2286261031"/>
    <nd ref="2286261033"/>
    <tag k="bridge" v="yes"/>
    <tag k="colour" v="#ff0000"/>
    <tag k="est_width" v="5'"/>
    <tag k="highway" v="footway"/>
    <tag k="layer" v="1"/>
    <tag k="name" v="Creekside Trail"/>
    <tag k="osmc:symbol" v="red:red_round:white_hiker"/>
    <tag k="surface" v="wood"/>
    <tag k="symbol" v="red circle with silver outline and silver hiker silhouette"/>
  </way>
  <way id="219476336" version="1" timestamp="2013-04-30T01:07:16Z" changeset="15915499" uid="522859" user="yotann">
    <nd ref="2286261028"/>
    <nd ref="2286261027"/>
    <tag k="bridge" v="yes"/>
    <tag k="colour" v="#ff0000"/>
    <tag k="est_width" v="5'"/>
    <tag k="highway" v="footway"/>
    <tag k="layer" v="1"/>
    <tag k="name" v="Creekside Trail"/>
    <tag k="osmc:symbol" v="red:red_round:white_hiker"/>
    <tag k="surface" v="wood"/>
    <tag k="symbol" v="red circle with silver outline and silver hiker silhouette"/>
  </way>
  <way id="219476337" version="1" timestamp="2013-04-30T01:07:16Z" changeset="15915499" uid="522859" user="yotann">
    <nd ref="2286261052"/>
    <nd ref="2286261057"/>
    <tag k="bridge" v="yes"/>
    <tag k="colour" v="#ff0000"/>
    <tag k="est_width" v="5'"/>
    <tag k="highway" v="footway"/>
    <tag k="layer" v="1"/>
    <tag k="name" v="Creekside Trail"/>
    <tag k="osmc:symbol" v="red:red_round:white_hiker"/>
    <tag k="surface" v="wood"/>
    <tag k="symbol" v="red circle with silver outline and silver hiker silhouette"/>
  </way>
  <way id="219476338" version="1" timestamp="2013-04-30T01:07:16Z" changeset="15915499" uid="522859" user="yotann">
    <nd ref="2286261076"/>
    <nd ref="2286261075"/>
    <tag k="bridge" v="yes"/>
    <tag k="colour" v="#ff0000"/>
    <tag k="est_width" v="5.5'"/>
    <tag k="highway" v="footway"/>
    <tag k="layer" v="1"/>
    <tag k="name" v="Creekside Trail"/>
    <tag k="osmc:symbol" v="red:red_round:white_hiker"/>
    <tag k="surface" v="wood"/>
    <tag k="symbol" v="red circle with silver outline and silver hiker silhouette"/>
  </way>
  <way id="219476339" version="1" timestamp="2013-04-30T01:07:17Z" changeset="15915499" uid="522859" user="yotann">
    <nd ref="2286261041"/>
    <nd ref="2286261043"/>
    <tag k="colour" v="#ff0000"/>
    <tag k="highway" v="footway"/>
    <tag k="name" v="Creekside Trail"/>
    <tag k="osmc:symbol" v="red:red_round:white_hiker"/>
    <tag k="surface" v="ground"/>
    <tag k="symbol" v="red circle with silver outline and silver hiker silhouette"/>
  </way>
  <way id="219476340" version="1" timestamp="2013-04-30T01:07:17Z" changeset="15915499" uid="522859" user="yotann">
    <nd ref="2286261042"/>
    <nd ref="2286261041"/>
    <tag k="bridge" v="yes"/>
    <tag k="colour" v="#ff0000"/>
    <tag k="est_width" v="5'"/>
    <tag k="highway" v="footway"/>
    <tag k="layer" v="1"/>
    <tag k="name" v="Creekside Trail"/>
    <tag k="osmc:symbol" v="red:red_round:white_hiker"/>
    <tag k="surface" v="wood"/>
    <tag k="symbol" v="red circle with silver outline and silver hiker silhouette"/>
  </way>
  <way id="219476341" version="1" timestamp="2013-04-30T01:07:17Z" changeset="15915499" uid="522859" user="yotann">
    <nd ref="2286261020"/>
    <nd ref="2286261016"/>
    <tag k="colour" v="#ff0000"/>
    <tag k="highway" v="footway"/>
    <tag k="name" v="Creekside Trail"/>
    <tag k="osmc:symbol" v="red:red_round:white_hiker"/>
    <tag k="surface" v="ground"/>
    <tag k="symbol" v="red circle with silver outline and silver hiker silhouette"/>
  </way>
  <way id="219476342" version="1" timestamp="2013-04-30T01:07:17Z" changeset="15915499" uid="522859" user="yotann">
    <nd ref="2286261043"/>
    <nd ref="2286261044"/>
    <tag k="bridge" v="yes"/>
    <tag k="colour" v="#ff0000"/>
    <tag k="est_width" v="1.5'"/>
    <tag k="highway" v="footway"/>
    <tag k="layer" v="1"/>
    <tag k="name" v="Creekside Trail"/>
    <tag k="osmc:symbol" v="red:red_round:white_hiker"/>
    <tag k="symbol" v="red circle with silver outline and silver hiker silhouette"/>
    <tag k="wood" v="ground"/>
  </way>
  <way id="219476343" version="1" timestamp="2013-04-30T01:07:17Z" changeset="15915499" uid="522859" user="yotann">
    <nd ref="2286261021"/>
    <nd ref="2286261020"/>
    <tag k="bridge" v="yes"/>
    <tag k="colour" v="#ff0000"/>
    <tag k="est_width" v="5'"/>
    <tag k="highway" v="footway"/>
    <tag k="layer" v="1"/>
    <tag k="name" v="Creekside Trail"/>
    <tag k="osmc:symbol" v="red:red_round:white_hiker"/>
    <tag k="surface" v="wood"/>
    <tag k="symbol" v="red circle with silver outline and silver hiker silhouette"/>
  </way>
  <way id="219476344" version="1" timestamp="2013-04-30T01:07:17Z" changeset="15915499" uid="522859" user="yotann">
    <nd ref="2286261046"/>
    <nd ref="2286261048"/>
    <tag k="bridge" v="yes"/>
    <tag k="colour" v="#ff0000"/>
    <tag k="est_width" v="5'"/>
    <tag k="highway" v="footway"/>
    <tag k="layer" v="1"/>
    <tag k="name" v="Creekside Trail"/>
    <tag k="osmc:symbol" v="red:red_round:white_hiker"/>
    <tag k="surface" v="wood"/>
    <tag k="symbol" v="red circle with silver outline and silver hiker silhouette"/>
  </way>
  <way id="219476345" version="1" timestamp="2013-04-30T01:07:17Z" changeset="15915499" uid="522859" user="yotann">
    <nd ref="2286261033"/>
    <nd ref="2286261039"/>
    <nd ref="2286261042"/>
    <tag k="colour" v="#ff0000"/>
    <tag k="highway" v="footway"/>
    <tag k="name" v="Creekside Trail"/>
    <tag k="osmc:symbol" v="red:red_round:white_hiker"/>
    <tag k="surface" v="ground"/>
    <tag k="symbol" v="red circle with silver outline and silver hiker silhouette"/>
  </way>
  <way id="219476346" version="1" timestamp="2013-04-30T01:07:18Z" changeset="15915499" uid="522859" user="yotann">
    <nd ref="2286261027"/>
    <nd ref="2286261026"/>
    <nd ref="2286261021"/>
    <tag k="colour" v="#ff0000"/>
    <tag k="highway" v="footway"/>
    <tag k="name" v="Creekside Trail"/>
    <tag k="osmc:symbol" v="red:red_round:white_hiker"/>
    <tag k="surface" v="ground"/>
    <tag k="symbol" v="red circle with silver outline and silver hiker silhouette"/>
  </way>
  <way id="219476347" version="1" timestamp="2013-04-30T01:07:18Z" changeset="15915499" uid="522859" user="yotann">
    <nd ref="2286261061"/>
    <nd ref="2286261062"/>
    <nd ref="2286261063"/>
    <tag k="bridge" v="yes"/>
    <tag k="colour" v="#ff0000"/>
    <tag k="est_width" v="1.5'"/>
    <tag k="highway" v="footway"/>
    <tag k="layer" v="1"/>
    <tag k="name" v="Creekside Trail"/>
    <tag k="osmc:symbol" v="red:red_round:white_hiker"/>
    <tag k="surface" v="wood"/>
    <tag k="symbol" v="red circle with silver outline and silver hiker silhouette"/>
  </way>
  <way id="219476348" version="1" timestamp="2013-04-30T01:07:18Z" changeset="15915499" uid="522859" user="yotann">
    <nd ref="2286261030"/>
    <nd ref="2286261024"/>
    <nd ref="2286261023"/>
    <tag k="bridge" v="yes"/>
    <tag k="colour" v="#ff0000"/>
    <tag k="est_width" v="1.5'"/>
    <tag k="highway" v="footway"/>
    <tag k="layer" v="1"/>
    <tag k="name" v="Creekside Trail"/>
    <tag k="osmc:symbol" v="red:red_round:white_hiker"/>
    <tag k="surface" v="wood"/>
    <tag k="symbol" v="red circle with silver outline and silver hiker silhouette"/>
  </way>
  <way id="219476349" version="1" timestamp="2013-04-30T01:07:18Z" changeset="15915499" uid="522859" user="yotann">
    <nd ref="2286261057"/>
    <nd ref="2286261058"/>
    <nd ref="2286261061"/>
    <tag k="colour" v="#ff0000"/>
    <tag k="highway" v="footway"/>
    <tag k="name" v="Creekside Trail"/>
    <tag k="osmc:symbol" v="red:red_round:white_hiker"/>
    <tag k="surface" v="ground"/>
    <tag k="symbol" v="red circle with silver outline and silver hiker silhouette"/>
  </way>
  <way id="219476350" version="1" timestamp="2013-04-30T01:07:18Z" changeset="15915499" uid="522859" user="yotann">
    <nd ref="2286261090"/>
    <nd ref="2286261091"/>
    <nd ref="2286261085"/>
    <tag k="colour" v="#ff0000"/>
    <tag k="highway" v="footway"/>
    <tag k="name" v="Creekside Trail"/>
    <tag k="osmc:symbol" v="red:red_round:white_hiker"/>
    <tag k="surface" v="ground"/>
    <tag k="symbol" v="red circle with silver outline and silver hiker silhouette"/>
  </way>
  <way id="219476351" version="1" timestamp="2013-04-30T01:07:18Z" changeset="15915499" uid="522859" user="yotann">
    <nd ref="2286261016"/>
    <nd ref="2286261012"/>
    <nd ref="2286261008"/>
    <tag k="bridge" v="yes"/>
    <tag k="colour" v="#ff0000"/>
    <tag k="est_width" v="1.5'"/>
    <tag k="highway" v="footway"/>
    <tag k="layer" v="1"/>
    <tag k="name" v="Creekside Trail"/>
    <tag k="osmc:symbol" v="red:red_round:white_hiker"/>
    <tag k="surface" v="wood"/>
    <tag k="symbol" v="red circle with silver outline and silver hiker silhouette"/>
  </way>
  <way id="219476352" version="1" timestamp="2013-04-30T01:07:18Z" changeset="15915499" uid="522859" user="yotann">
    <nd ref="2286261048"/>
    <nd ref="2286261051"/>
    <nd ref="2286261058"/>
    <tag k="colour" v="#ff0000"/>
    <tag k="highway" v="footway"/>
    <tag k="name" v="Creekside Trail"/>
    <tag k="osmc:symbol" v="red:red_round:white_hiker"/>
    <tag k="surface" v="ground"/>
    <tag k="symbol" v="red circle with silver outline and silver hiker silhouette"/>
  </way>
  <way id="219476353" version="1" timestamp="2013-04-30T01:07:18Z" changeset="15915499" uid="522859" user="yotann">
    <nd ref="2286261044"/>
    <nd ref="2286261045"/>
    <nd ref="2286261052"/>
    <tag k="colour" v="#ff0000"/>
    <tag k="highway" v="footway"/>
    <tag k="name" v="Creekside Trail"/>
    <tag k="osmc:symbol" v="red:red_round:white_hiker"/>
    <tag k="surface" v="ground"/>
    <tag k="symbol" v="red circle with silver outline and silver hiker silhouette"/>
  </way>
  <way id="219476354" version="1" timestamp="2013-04-30T01:07:19Z" changeset="15915499" uid="522859" user="yotann">
    <nd ref="2286261055"/>
    <nd ref="2286261059"/>
    <nd ref="2286261060"/>
    <nd ref="2286261047"/>
    <tag k="bridge" v="yes"/>
    <tag k="colour" v="#ff0000"/>
    <tag k="est_width" v="1.5'"/>
    <tag k="highway" v="footway"/>
    <tag k="layer" v="1"/>
    <tag k="name" v="Creekside Trail"/>
    <tag k="osmc:symbol" v="red:red_round:white_hiker"/>
    <tag k="surface" v="wood"/>
    <tag k="symbol" v="red circle with silver outline and silver hiker silhouette"/>
  </way>
  <way id="219476356" version="1" timestamp="2013-04-30T01:07:19Z" changeset="15915499" uid="522859" user="yotann">
    <nd ref="2286261081"/>
    <nd ref="2286261079"/>
    <nd ref="2286261077"/>
    <nd ref="2286261076"/>
    <tag k="colour" v="#ff0000"/>
    <tag k="highway" v="footway"/>
    <tag k="name" v="Creekside Trail"/>
    <tag k="osmc:symbol" v="red:red_round:white_hiker"/>
    <tag k="surface" v="ground"/>
    <tag k="symbol" v="red circle with silver outline and silver hiker silhouette"/>
  </way>
  <way id="219476357" version="1" timestamp="2013-04-30T01:07:19Z" changeset="15915499" uid="522859" user="yotann">
    <nd ref="2286261085"/>
    <nd ref="2286261084"/>
    <nd ref="2286261083"/>
    <nd ref="2286261082"/>
    <nd ref="2286261081"/>
    <tag k="bridge" v="yes"/>
    <tag k="colour" v="#ff0000"/>
    <tag k="est_width" v="1.5'"/>
    <tag k="highway" v="footway"/>
    <tag k="layer" v="1"/>
    <tag k="name" v="Creekside Trail"/>
    <tag k="osmc:symbol" v="red:red_round:white_hiker"/>
    <tag k="surface" v="wood"/>
    <tag k="symbol" v="red circle with silver outline and silver hiker silhouette"/>
  </way>
  <way id="219476358" version="1" timestamp="2013-04-30T01:07:19Z" changeset="15915499" uid="522859" user="yotann">
    <nd ref="2286261008"/>
    <nd ref="2286261009"/>
    <nd ref="2286261011"/>
    <nd ref="2286261029"/>
    <nd ref="2286261031"/>
    <tag k="colour" v="#ff0000"/>
    <tag k="highway" v="footway"/>
    <tag k="name" v="Creekside Trail"/>
    <tag k="osmc:symbol" v="red:red_round:white_hiker"/>
    <tag k="surface" v="ground"/>
    <tag k="symbol" v="red circle with silver outline and silver hiker silhouette"/>
  </way>
  <way id="219476359" version="1" timestamp="2013-04-30T01:07:19Z" changeset="15915499" uid="522859" user="yotann">
    <nd ref="2286261075"/>
    <nd ref="2286261074"/>
    <nd ref="2286261073"/>
    <nd ref="2286261071"/>
    <nd ref="2286261069"/>
    <nd ref="2286261068"/>
    <nd ref="2286261056"/>
    <nd ref="2286261053"/>
    <nd ref="2286261055"/>
    <tag k="colour" v="#ff0000"/>
    <tag k="highway" v="footway"/>
    <tag k="name" v="Creekside Trail"/>
    <tag k="osmc:symbol" v="red:red_round:white_hiker"/>
    <tag k="surface" v="ground"/>
    <tag k="symbol" v="red circle with silver outline and silver hiker silhouette"/>
  </way>
  <way id="219476360" version="1" timestamp="2013-04-30T01:07:19Z" changeset="15915499" uid="522859" user="yotann">
    <nd ref="2286260965"/>
    <nd ref="2286260983"/>
    <nd ref="2286260987"/>
    <nd ref="2286260996"/>
    <nd ref="2286260998"/>
    <nd ref="2286260989"/>
    <nd ref="2286260984"/>
    <nd ref="2286260980"/>
    <nd ref="2286260962"/>
    <nd ref="2286260946"/>
    <nd ref="2286260934"/>
    <nd ref="2286260901"/>
    <nd ref="2286260887"/>
    <nd ref="2286260879"/>
    <nd ref="2286260850"/>
    <nd ref="2286260827"/>
    <nd ref="2286260805"/>
    <nd ref="2286260802"/>
    <nd ref="2286260798"/>
    <nd ref="2286260795"/>
    <nd ref="2286260794"/>
    <nd ref="2286260792"/>
    <nd ref="2286260791"/>
    <nd ref="2286260789"/>
    <nd ref="2286260782"/>
    <nd ref="2286260780"/>
    <nd ref="2286260785"/>
    <nd ref="2286260778"/>
    <nd ref="2286260777"/>
    <nd ref="2286260773"/>
    <nd ref="2286260765"/>
    <nd ref="2286260753"/>
    <nd ref="2286260750"/>
    <nd ref="2286260738"/>
    <nd ref="2286260737"/>
    <nd ref="2286260736"/>
    <nd ref="2286260735"/>
    <nd ref="2286260740"/>
    <nd ref="2286260742"/>
    <nd ref="2286260734"/>
    <nd ref="2286260733"/>
    <nd ref="2286260741"/>
    <nd ref="2286260739"/>
    <nd ref="2286260745"/>
    <nd ref="2286260748"/>
    <tag k="colour" v="#00ff00"/>
    <tag k="highway" v="footway"/>
    <tag k="name" v="High Ridge Trail"/>
    <tag k="osmc:symbol" v="green:green_round:white_hiker"/>
    <tag k="surface" v="ground"/>
    <tag k="symbol" v="green circle with silver outline and silver hiker silhouette"/>
  </way>
  <way id="219476367" version="1" timestamp="2013-04-30T01:07:21Z" changeset="15915499" uid="522859" user="yotann">
    <nd ref="2286261064"/>
    <nd ref="2286261065"/>
    <tag k="access" v="private"/>
    <tag k="highway" v="track"/>
  </way>
  <way id="219476370" version="1" timestamp="2013-04-30T01:07:21Z" changeset="15915499" uid="522859" user="yotann">
    <nd ref="2286261034"/>
    <nd ref="2286261037"/>
    <nd ref="2286261038"/>
    <tag k="access" v="private"/>
    <tag k="highway" v="footway"/>
    <tag k="surface" v="ground"/>
  </way>
  <way id="219476371" version="1" timestamp="2013-04-30T01:07:21Z" changeset="15915499" uid="522859" user="yotann">
    <nd ref="2286261018"/>
    <nd ref="2286261022"/>
    <nd ref="2286261036"/>
    <nd ref="2286261040"/>
    <tag k="access" v="private"/>
    <tag k="highway" v="footway"/>
    <tag k="surface" v="ground"/>
  </way>
  <way id="219476381" version="1" timestamp="2013-04-30T01:07:22Z" changeset="15915499" uid="522859" user="yotann">
    <nd ref="2286261054"/>
    <nd ref="2286261050"/>
    <nd ref="2286261049"/>
    <tag k="waterway" v="stream"/>
  </way>
  <way id="337222249" version="3" timestamp="2018-09-13T16:13:40Z" changeset="62556963" uid="4312767" user="LeifRasmussen">
    <nd ref="3443218350"/>
    <nd ref="3443278117"/>
    <nd ref="3443218348"/>
    <nd ref="3443218349"/>
    <nd ref="3443212273"/>
    <nd ref="3443212276"/>
    <nd ref="3443218343"/>
    <nd ref="3443218346"/>
    <nd ref="3443218347"/>
    <nd ref="3443218352"/>
    <nd ref="3443218351"/>
    <nd ref="3443218340"/>
    <nd ref="3443218341"/>
    <nd ref="3443218342"/>
    <nd ref="3443218353"/>
    <nd ref="3443218344"/>
    <nd ref="3443218345"/>
    <nd ref="3443218350"/>
    <tag k="landuse" v="residential"/>
    <tag k="name" v="Oakton"/>
    <tag k="place" v="neighbourhood"/>
  </way>
  <way id="337228176" version="3" timestamp="2018-09-13T16:13:40Z" changeset="62556963" uid="4312767" user="LeifRasmussen">
    <nd ref="3443278112"/>
    <nd ref="3443289706"/>
    <nd ref="3443278116"/>
    <nd ref="3443218350"/>
    <nd ref="3443278117"/>
    <nd ref="3443278119"/>
    <nd ref="3443278114"/>
    <nd ref="3443278110"/>
    <nd ref="3443278111"/>
    <nd ref="3443278120"/>
    <nd ref="3443278118"/>
    <nd ref="3443278115"/>
    <nd ref="3443278113"/>
    <nd ref="3443278112"/>
    <tag k="landuse" v="residential"/>
    <tag k="name" v="Olde Mill Forest"/>
    <tag k="place" v="neighbourhood"/>
  </way>
  <way id="337229561" version="3" timestamp="2018-09-13T16:13:40Z" changeset="62556963" uid="4312767" user="LeifRasmussen">
    <nd ref="3443289703"/>
    <nd ref="3443330489"/>
    <nd ref="3443289708"/>
    <nd ref="3443289697"/>
    <nd ref="3443289710"/>
    <nd ref="3443289712"/>
    <nd ref="3443289696"/>
    <nd ref="3443289705"/>
    <nd ref="3443289702"/>
    <nd ref="3443289707"/>
    <nd ref="3443289701"/>
    <nd ref="3443289704"/>
    <nd ref="3443289711"/>
    <nd ref="3443218350"/>
    <nd ref="3443278116"/>
    <nd ref="3443289706"/>
    <nd ref="3443289699"/>
    <nd ref="3443286806"/>
    <nd ref="3443289709"/>
    <nd ref="3443289700"/>
    <nd ref="3443289698"/>
    <nd ref="3443289703"/>
    <tag k="landuse" v="residential"/>
    <tag k="name" v="Sun Valley"/>
    <tag k="place" v="neighbourhood"/>
  </way>
  <way id="337233098" version="3" timestamp="2018-09-13T16:13:41Z" changeset="62556963" uid="4312767" user="LeifRasmussen">
    <nd ref="3443330485"/>
    <nd ref="3443330489"/>
    <nd ref="3443289703"/>
    <nd ref="3443345979"/>
    <nd ref="3443330492"/>
    <nd ref="3443330488"/>
    <nd ref="3443302564"/>
    <nd ref="3443333493"/>
    <nd ref="3443330490"/>
    <nd ref="3443330491"/>
    <nd ref="3443330487"/>
    <nd ref="3443330485"/>
    <tag k="landuse" v="residential"/>
    <tag k="name" v="Jessie Penny Farmer"/>
    <tag k="place" v="neighbourhood"/>
  </way>
  <way id="677281393" version="1" timestamp="2019-03-16T17:46:36Z" changeset="68209637" uid="9208191" user="_jcaruso_import">
    <nd ref="6341722098"/>
    <nd ref="6341722099"/>
    <nd ref="6341722096"/>
    <nd ref="6341722097"/>
    <nd ref="6341722098"/>
    <tag k="building" v="yes"/>
  </way>
  <way id="677281399" version="1" timestamp="2019-03-16T17:46:37Z" changeset="68209637" uid="9208191" user="_jcaruso_import">
    <nd ref="6341722868"/>
    <nd ref="6341722866"/>
    <nd ref="6341722864"/>
    <nd ref="6341722862"/>
    <nd ref="6341722868"/>
    <tag k="building" v="yes"/>
  </way>
  <way id="677281426" version="1" timestamp="2019-03-16T17:46:38Z" changeset="68209637" uid="9208191" user="_jcaruso_import">
    <nd ref="6341722849"/>
    <nd ref="6341722848"/>
    <nd ref="6341722846"/>
    <nd ref="6341722844"/>
    <nd ref="6341722841"/>
    <nd ref="6341722840"/>
    <nd ref="6341722839"/>
    <nd ref="6341722838"/>
    <nd ref="6341722837"/>
    <nd ref="6341722835"/>
    <nd ref="6341722833"/>
    <nd ref="6341722831"/>
    <nd ref="6341722829"/>
    <nd ref="6341722827"/>
    <nd ref="6341722826"/>
    <nd ref="6341722823"/>
    <nd ref="6341722822"/>
    <nd ref="6341722820"/>
    <nd ref="6341722818"/>
    <nd ref="6341722815"/>
    <nd ref="6341722813"/>
    <nd ref="6341722849"/>
    <tag k="building" v="yes"/>
  </way>
  <way id="677281428" version="1" timestamp="2019-03-16T17:46:38Z" changeset="68209637" uid="9208191" user="_jcaruso_import">
    <nd ref="6341721637"/>
    <nd ref="6341721636"/>
    <nd ref="6341721635"/>
    <nd ref="6341721632"/>
    <nd ref="6341721637"/>
    <tag k="building" v="yes"/>
  </way>
  <way id="677281429" version="1" timestamp="2019-03-16T17:46:38Z" changeset="68209637" uid="9208191" user="_jcaruso_import">
    <nd ref="6341722047"/>
    <nd ref="6341722046"/>
    <nd ref="6341722045"/>
    <nd ref="6341722044"/>
    <nd ref="6341722047"/>
    <tag k="building" v="yes"/>
  </way>
  <way id="677281454" version="1" timestamp="2019-03-16T17:46:40Z" changeset="68209637" uid="9208191" user="_jcaruso_import">
    <nd ref="6341722731"/>
    <nd ref="6341722729"/>
    <nd ref="6341722727"/>
    <nd ref="6341722725"/>
    <nd ref="6341722724"/>
    <nd ref="6341722723"/>
    <nd ref="6341722722"/>
    <nd ref="6341722721"/>
    <nd ref="6341722720"/>
    <nd ref="6341722719"/>
    <nd ref="6341722717"/>
    <nd ref="6341722715"/>
    <nd ref="6341722713"/>
    <nd ref="6341722711"/>
    <nd ref="6341722731"/>
    <tag k="building" v="yes"/>
  </way>
  <way id="677281576" version="1" timestamp="2019-03-16T17:46:45Z" changeset="68209637" uid="9208191" user="_jcaruso_import">
    <nd ref="6341721395"/>
    <nd ref="6341721393"/>
    <nd ref="6341721394"/>
    <nd ref="6341721391"/>
    <nd ref="6341721395"/>
    <tag k="building" v="yes"/>
  </way>
  <way id="677281583" version="1" timestamp="2019-03-16T17:46:46Z" changeset="68209637" uid="9208191" user="_jcaruso_import">
    <nd ref="6341720911"/>
    <nd ref="6341720910"/>
    <nd ref="6341720909"/>
    <nd ref="6341720908"/>
    <nd ref="6341720907"/>
    <nd ref="6341720906"/>
    <nd ref="6341720905"/>
    <nd ref="6341720904"/>
    <nd ref="6341720903"/>
    <nd ref="6341720902"/>
    <nd ref="6341720901"/>
    <nd ref="6341720900"/>
    <nd ref="6341720899"/>
    <nd ref="6341720898"/>
    <nd ref="6341720896"/>
    <nd ref="6341720894"/>
    <nd ref="6341720892"/>
    <nd ref="6341720889"/>
    <nd ref="6341719184"/>
    <nd ref="6341719183"/>
    <nd ref="6341719179"/>
    <nd ref="6341719175"/>
    <nd ref="6341719171"/>
    <nd ref="6341719167"/>
    <nd ref="6341719163"/>
    <nd ref="6341719160"/>
    <nd ref="6341719158"/>
    <nd ref="6341719155"/>
    <nd ref="6341719153"/>
    <nd ref="6341719151"/>
    <nd ref="6341719149"/>
    <nd ref="6341719147"/>
    <nd ref="6341719146"/>
    <nd ref="6341719145"/>
    <nd ref="6341719144"/>
    <nd ref="6341720911"/>
    <tag k="building" v="yes"/>
  </way>
  <way id="677281587" version="1" timestamp="2019-03-16T17:46:46Z" changeset="68209637" uid="9208191" user="_jcaruso_import">
    <nd ref="6341722311"/>
    <nd ref="6341722308"/>
    <nd ref="6341722305"/>
    <nd ref="6341722302"/>
    <nd ref="6341722311"/>
    <tag k="building" v="yes"/>
  </way>
  <way id="677281643" version="1" timestamp="2019-03-16T17:46:49Z" changeset="68209637" uid="9208191" user="_jcaruso_import">
    <nd ref="6341722718"/>
    <nd ref="6341722716"/>
    <nd ref="6341722714"/>
    <nd ref="6341722712"/>
    <nd ref="6341722718"/>
    <tag k="building" v="yes"/>
  </way>
  <way id="677281650" version="1" timestamp="2019-03-16T17:46:49Z" changeset="68209637" uid="9208191" user="_jcaruso_import">
    <nd ref="6341722016"/>
    <nd ref="6341722013"/>
    <nd ref="6341722014"/>
    <nd ref="6341722012"/>
    <nd ref="6341722016"/>
    <tag k="building" v="yes"/>
  </way>
  <way id="677281729" version="1" timestamp="2019-03-16T17:46:52Z" changeset="68209637" uid="9208191" user="_jcaruso_import">
    <nd ref="6341721107"/>
    <nd ref="6341721106"/>
    <nd ref="6341721105"/>
    <nd ref="6341721104"/>
    <nd ref="6341721102"/>
    <nd ref="6341721101"/>
    <nd ref="6341721098"/>
    <nd ref="6341721096"/>
    <nd ref="6341721095"/>
    <nd ref="6341721094"/>
    <nd ref="6341721093"/>
    <nd ref="6341721092"/>
    <nd ref="6341721091"/>
    <nd ref="6341721089"/>
    <nd ref="6341721088"/>
    <nd ref="6341721086"/>
    <nd ref="6341721083"/>
    <nd ref="6341721081"/>
    <nd ref="6341721077"/>
    <nd ref="6341721074"/>
    <nd ref="6341721072"/>
    <nd ref="6341721070"/>
    <nd ref="6341721068"/>
    <nd ref="6341721066"/>
    <nd ref="6341721064"/>
    <nd ref="6341721062"/>
    <nd ref="6341721060"/>
    <nd ref="6341721058"/>
    <nd ref="6341721056"/>
    <nd ref="6341721054"/>
    <nd ref="6341721107"/>
    <tag k="building" v="yes"/>
  </way>
  <way id="713630706" version="1" timestamp="2019-08-14T10:14:18Z" changeset="73341140" uid="10145802" user="penimire">
    <nd ref="6709621646"/>
    <nd ref="6709621647"/>
    <nd ref="6709621648"/>
    <nd ref="6709621649"/>
    <nd ref="6709621650"/>
    <nd ref="6709621651"/>
    <nd ref="6709621652"/>
    <nd ref="6709621653"/>
    <nd ref="6709621654"/>
    <nd ref="6709621655"/>
    <nd ref="6709621656"/>
    <nd ref="6709621657"/>
    <nd ref="6709621658"/>
    <nd ref="6709621659"/>
    <tag k="access" v="private"/>
    <tag k="highway" v="service"/>
    <tag k="service" v="driveway"/>
  </way>
  <way id="749110166" version="8" timestamp="2023-11-21T21:23:59Z" changeset="144303336" uid="20333971" user="BarnesMe">
    <nd ref="195690109"/>
    <nd ref="195690111"/>
    <nd ref="8108681248"/>
    <nd ref="195690113"/>
    <nd ref="195690115"/>
    <nd ref="195690117"/>
    <nd ref="195690119"/>
    <nd ref="195690121"/>
    <nd ref="195690122"/>
    <nd ref="195690124"/>
    <nd ref="195690126"/>
    <nd ref="195690128"/>
    <nd ref="7809476250"/>
    <nd ref="195690130"/>
    <nd ref="195690131"/>
    <nd ref="195690134"/>
    <nd ref="195690136"/>
    <nd ref="195690138"/>
    <nd ref="195690140"/>
    <nd ref="195690142"/>
    <nd ref="195690144"/>
    <nd ref="195690146"/>
    <nd ref="7203275976"/>
    <nd ref="195690148"/>
    <nd ref="195690150"/>
    <nd ref="195690152"/>
    <nd ref="195690154"/>
    <nd ref="195690156"/>
    <nd ref="195690158"/>
    <nd ref="195690160"/>
    <nd ref="195690162"/>
    <nd ref="195690165"/>
    <nd ref="195690167"/>
    <nd ref="195690170"/>
    <nd ref="195690171"/>
    <nd ref="195690173"/>
    <nd ref="195690175"/>
    <nd ref="195690177"/>
    <nd ref="1281581950"/>
    <tag k="highway" v="residential"/>
    <tag k="maxspeed" v="35 mph"/>
    <tag k="name" v="Mid Pines Road"/>
    <tag k="surface" v="gravel"/>
    <tag k="tiger:cfcc" v="A41"/>
    <tag k="tiger:county" v="Wake, NC"/>
    <tag k="tiger:name_base" v="Mid Pines"/>
    <tag k="tiger:name_type" v="Rd"/>
    <tag k="tiger:reviewed" v="no"/>
    <tag k="tiger:zip_left" v="27606"/>
    <tag k="tiger:zip_left_1" v="27606"/>
    <tag k="tiger:zip_right" v="27606"/>
    <tag k="tiger:zip_right_1" v="27606"/>
    <tag k="unsigned_ref" v="SR 1372"/>
  </way>
  <way id="749771069" version="1" timestamp="2019-11-26T12:26:51Z" changeset="77574203" uid="10192121" user="jamenimm">
    <nd ref="195631248"/>
    <nd ref="7011198863"/>
    <nd ref="7011198857"/>
    <nd ref="7011198858"/>
    <nd ref="7011198859"/>
    <nd ref="7011198860"/>
    <nd ref="7011198861"/>
    <nd ref="7011198862"/>
    <nd ref="7011198863"/>
    <tag k="access" v="private"/>
    <tag k="highway" v="service"/>
    <tag k="service" v="driveway"/>
  </way>
  <way id="749771071" version="2" timestamp="2020-09-28T10:37:36Z" changeset="91633841" uid="10086288" user="sgmamz">
    <nd ref="7011198869"/>
    <nd ref="7011198870"/>
    <nd ref="7011198871"/>
    <nd ref="7011198872"/>
    <nd ref="7011198873"/>
    <nd ref="7011198874"/>
    <nd ref="7011198875"/>
    <nd ref="7011198876"/>
    <nd ref="7011198877"/>
    <nd ref="7011198878"/>
    <nd ref="7011198879"/>
    <nd ref="7011198880"/>
    <nd ref="7011198881"/>
    <tag k="highway" v="service"/>
    <tag k="service" v="driveway"/>
  </way>
  <way id="761169297" version="1" timestamp="2020-01-06T07:50:40Z" changeset="79236614" uid="10271447" user="grandhs">
    <nd ref="7111586695"/>
    <nd ref="7111586696"/>
    <nd ref="7111586697"/>
    <nd ref="7111586698"/>
    <nd ref="7111586699"/>
    <tag k="access" v="private"/>
    <tag k="highway" v="service"/>
    <tag k="service" v="driveway"/>
  </way>
  <way id="761169298" version="1" timestamp="2020-01-06T07:50:40Z" changeset="79236614" uid="10271447" user="grandhs">
    <nd ref="7111586700"/>
    <nd ref="7111586701"/>
    <nd ref="7111586702"/>
    <nd ref="7111586703"/>
    <nd ref="7111586704"/>
    <tag k="access" v="private"/>
    <tag k="highway" v="service"/>
    <tag k="service" v="driveway"/>
  </way>
  <way id="771612048" version="1" timestamp="2020-02-11T11:24:42Z" changeset="80847007" uid="10116136" user="soundred">
    <nd ref="7203275976"/>
    <nd ref="7203275977"/>
    <nd ref="7203275978"/>
    <nd ref="7203275979"/>
    <nd ref="7203275980"/>
    <nd ref="7203275981"/>
    <nd ref="7203275982"/>
    <nd ref="7203275983"/>
    <tag k="access" v="private"/>
    <tag k="highway" v="service"/>
  </way>
  <way id="830599813" version="1" timestamp="2020-07-27T04:13:16Z" changeset="88539329" uid="10145798" user="goraia">
    <nd ref="195629440"/>
    <nd ref="7755267882"/>
    <nd ref="7755267883"/>
    <nd ref="7755267884"/>
    <nd ref="7755289285"/>
    <nd ref="7755289286"/>
    <nd ref="7755289287"/>
    <nd ref="7755289288"/>
    <nd ref="7755289289"/>
    <nd ref="7755289290"/>
    <nd ref="7755289291"/>
    <nd ref="7755289292"/>
    <nd ref="7755289293"/>
    <nd ref="7755289286"/>
    <tag k="access" v="private"/>
    <tag k="highway" v="service"/>
    <tag k="service" v="driveway"/>
  </way>
  <way id="836747380" version="1" timestamp="2020-08-13T09:28:36Z" changeset="89346948" uid="8683374" user="talukdm">
    <nd ref="7809476250"/>
    <nd ref="7809476251"/>
    <nd ref="7809476255"/>
    <nd ref="7809476252"/>
    <nd ref="7809476253"/>
    <nd ref="7809476254"/>
    <tag k="access" v="private"/>
    <tag k="highway" v="service"/>
  </way>
  <way id="1028745987" version="1" timestamp="2022-02-06T20:00:06Z" changeset="117092832" uid="9509339" user="KB-01">
    <nd ref="9484413668"/>
    <nd ref="9484413669"/>
    <nd ref="9484420471"/>
    <nd ref="9484413670"/>
    <nd ref="9484413671"/>
    <nd ref="9484413672"/>
    <nd ref="9484413673"/>
    <nd ref="9484413674"/>
    <nd ref="9484413675"/>
    <nd ref="9484413676"/>
    <nd ref="9484413677"/>
    <nd ref="9484413678"/>
    <nd ref="9484413679"/>
    <nd ref="9484413680"/>
    <nd ref="9484413681"/>
    <nd ref="9484413682"/>
    <nd ref="9484413683"/>
    <nd ref="9484413684"/>
    <nd ref="9484413685"/>
    <nd ref="9484413712"/>
    <nd ref="9484413686"/>
    <nd ref="9484413687"/>
    <nd ref="9484413688"/>
    <nd ref="9484413689"/>
    <nd ref="9484413690"/>
    <nd ref="9484413691"/>
    <nd ref="9484413692"/>
    <nd ref="9484413693"/>
    <nd ref="9484413694"/>
    <nd ref="9484413695"/>
    <tag k="highway" v="track"/>
  </way>
  <way id="1028745988" version="1" timestamp="2022-02-06T20:00:06Z" changeset="117092832" uid="9509339" user="KB-01">
    <nd ref="9484413693"/>
    <nd ref="9484413696"/>
    <nd ref="9484413697"/>
    <nd ref="9484413698"/>
    <nd ref="9484413699"/>
    <nd ref="9484413700"/>
    <nd ref="9484413701"/>
    <nd ref="9484413702"/>
    <tag k="highway" v="track"/>
  </way>
  <way id="1028745989" version="1" timestamp="2022-02-06T20:00:06Z" changeset="117092832" uid="9509339" user="KB-01">
    <nd ref="9484413703"/>
    <nd ref="9484413704"/>
    <nd ref="9484413705"/>
    <nd ref="9484413706"/>
    <nd ref="9484413707"/>
    <nd ref="9484413708"/>
    <nd ref="9484413709"/>
    <nd ref="9484413710"/>
    <nd ref="9484413711"/>
    <nd ref="9484413712"/>
    <tag k="highway" v="track"/>
  </way>
  <way id="1028745990" version="1" timestamp="2022-02-06T20:00:06Z" changeset="117092832" uid="9509339" user="KB-01">
    <nd ref="9484413681"/>
    <nd ref="9484413713"/>
    <nd ref="9484420462"/>
    <nd ref="9484413714"/>
    <nd ref="9484413715"/>
    <nd ref="9484413716"/>
    <nd ref="9484420417"/>
    <nd ref="9484420418"/>
    <nd ref="9484420419"/>
    <nd ref="9484420420"/>
    <nd ref="9484420421"/>
    <nd ref="9484420422"/>
    <nd ref="9484420423"/>
    <nd ref="9484420424"/>
    <nd ref="9484420425"/>
    <nd ref="9484420426"/>
    <nd ref="9484420427"/>
    <nd ref="9484420428"/>
    <nd ref="9484420429"/>
    <nd ref="9484420430"/>
    <nd ref="9484420431"/>
    <nd ref="9484420432"/>
    <nd ref="9484420433"/>
    <nd ref="9484420434"/>
    <nd ref="9484420435"/>
    <nd ref="9484420436"/>
    <nd ref="9484420437"/>
    <nd ref="9484420438"/>
    <nd ref="9484420439"/>
    <nd ref="9484420440"/>
    <nd ref="9484420441"/>
    <nd ref="9484420442"/>
    <nd ref="9484420443"/>
    <nd ref="9484420444"/>
    <nd ref="9484420445"/>
    <nd ref="9484420446"/>
    <nd ref="9484420447"/>
    <nd ref="9484420448"/>
    <nd ref="9484420449"/>
    <nd ref="9484420450"/>
    <nd ref="9484420451"/>
    <nd ref="9484420452"/>
    <nd ref="9484420453"/>
    <nd ref="9484420454"/>
    <nd ref="9484420455"/>
    <nd ref="9484420456"/>
    <nd ref="9484420457"/>
    <nd ref="9484420458"/>
    <nd ref="9484420459"/>
    <nd ref="9484420460"/>
    <nd ref="9484420461"/>
    <nd ref="9484420468"/>
    <nd ref="9484420469"/>
    <nd ref="9484420470"/>
    <tag k="highway" v="track"/>
  </way>
  <way id="1093404212" version="2" timestamp="2022-09-12T04:51:10Z" changeset="126070999" uid="9015854" user="SDoak">
    <nd ref="10013647986"/>
    <nd ref="10013686518"/>
    <nd ref="373656477"/>
    <nd ref="373656475"/>
    <nd ref="373656473"/>
    <nd ref="373656469"/>
    <nd ref="373656463"/>
    <nd ref="10013686573"/>
    <nd ref="373656461"/>
    <nd ref="373656455"/>
    <nd ref="373656443"/>
    <nd ref="373656423"/>
    <nd ref="10013686519"/>
    <nd ref="10013686520"/>
    <nd ref="10013686521"/>
    <nd ref="10013686522"/>
    <nd ref="10013686523"/>
    <nd ref="10013686524"/>
    <nd ref="10013686525"/>
    <nd ref="10013686526"/>
    <nd ref="10013686527"/>
    <nd ref="10013686528"/>
    <nd ref="10013686529"/>
    <nd ref="10013686530"/>
    <nd ref="10013686531"/>
    <nd ref="10013686532"/>
    <nd ref="10013686533"/>
    <nd ref="10013686534"/>
    <nd ref="10013686535"/>
    <nd ref="10013686536"/>
    <nd ref="10013686537"/>
    <nd ref="10017338887"/>
    <nd ref="10017338888"/>
    <nd ref="10013686538"/>
    <nd ref="10017338889"/>
    <nd ref="10013686539"/>
    <nd ref="10017338885"/>
    <nd ref="10017338886"/>
    <nd ref="10013686540"/>
    <nd ref="10013686541"/>
    <nd ref="10017338884"/>
    <nd ref="10013686542"/>
    <nd ref="10017338882"/>
    <nd ref="10017338883"/>
    <nd ref="10017338881"/>
    <nd ref="10013686543"/>
    <nd ref="373656727"/>
    <nd ref="373656710"/>
    <nd ref="10017338850"/>
    <nd ref="373656682"/>
    <nd ref="373656674"/>
    <nd ref="373656657"/>
    <nd ref="373656643"/>
    <nd ref="373656620"/>
    <nd ref="373656617"/>
    <nd ref="373656613"/>
    <nd ref="373656611"/>
    <nd ref="373656607"/>
    <nd ref="373656605"/>
    <nd ref="373656582"/>
    <nd ref="373656571"/>
    <nd ref="373656569"/>
    <nd ref="373656549"/>
    <nd ref="373656525"/>
    <nd ref="373656513"/>
    <nd ref="373656506"/>
    <nd ref="373656501"/>
    <nd ref="10013647986"/>
    <tag k="natural" v="wood"/>
  </way>
  <way id="1093404213" version="1" timestamp="2022-09-10T17:35:19Z" changeset="126024470" uid="9015854" user="SDoak">
    <nd ref="10013686544"/>
    <nd ref="373656412"/>
    <nd ref="10013686579"/>
    <nd ref="373656390"/>
    <nd ref="373656388"/>
    <nd ref="10013686545"/>
    <nd ref="10013686546"/>
    <nd ref="10013686547"/>
    <nd ref="10013686548"/>
    <nd ref="10013686549"/>
    <nd ref="10013686550"/>
    <nd ref="10013686551"/>
    <nd ref="10013686552"/>
    <nd ref="10013686553"/>
    <nd ref="10013686554"/>
    <nd ref="10013686555"/>
    <nd ref="10013686556"/>
    <nd ref="10013686557"/>
    <nd ref="10013686558"/>
    <nd ref="10013686559"/>
    <nd ref="10013686560"/>
    <nd ref="10013686561"/>
    <nd ref="10013686562"/>
    <nd ref="10013686563"/>
    <nd ref="10013686564"/>
    <nd ref="10013686565"/>
    <nd ref="10013686566"/>
    <nd ref="10013686567"/>
    <nd ref="373656352"/>
    <nd ref="10013686568"/>
    <nd ref="10013686569"/>
    <nd ref="10013686570"/>
    <nd ref="10013686571"/>
    <nd ref="10013686572"/>
    <nd ref="10013686573"/>
    <nd ref="373656461"/>
    <nd ref="373656455"/>
    <nd ref="373656443"/>
    <nd ref="10013686574"/>
    <nd ref="10013686575"/>
    <nd ref="10013686576"/>
    <nd ref="10013686544"/>
    <tag k="natural" v="wood"/>
  </way>
  <way id="1093404214" version="1" timestamp="2022-09-10T17:35:19Z" changeset="126024470" uid="9015854" user="SDoak">
    <nd ref="10013686577"/>
    <nd ref="10013686578"/>
    <nd ref="373656360"/>
    <nd ref="10013686577"/>
    <tag k="natural" v="wood"/>
  </way>
  <way id="1093404215" version="1" timestamp="2022-09-10T17:35:19Z" changeset="126024470" uid="9015854" user="SDoak">
    <nd ref="10013686579"/>
    <nd ref="10013686580"/>
    <nd ref="10013686581"/>
    <nd ref="10013686582"/>
    <nd ref="10013686583"/>
    <nd ref="10013686584"/>
    <nd ref="10013686585"/>
    <nd ref="10013686586"/>
    <nd ref="10013686587"/>
    <nd ref="10013686588"/>
    <nd ref="10013686589"/>
    <nd ref="10013686590"/>
    <nd ref="10013686591"/>
    <nd ref="10013686592"/>
    <nd ref="10013686593"/>
    <nd ref="10013686594"/>
    <nd ref="10013686595"/>
    <nd ref="10013686596"/>
    <nd ref="10013686597"/>
    <nd ref="10013686598"/>
    <nd ref="10013686599"/>
    <nd ref="10013686600"/>
    <nd ref="10013686601"/>
    <nd ref="10013686602"/>
    <nd ref="10013686603"/>
    <nd ref="10013686604"/>
    <nd ref="10013686605"/>
    <nd ref="10013686606"/>
    <nd ref="10013686607"/>
    <nd ref="10013686608"/>
    <nd ref="10013686609"/>
    <nd ref="10013686610"/>
    <nd ref="10013686611"/>
    <nd ref="10013686612"/>
    <nd ref="10013686613"/>
    <nd ref="10013686614"/>
    <nd ref="10013686615"/>
    <nd ref="10013686616"/>
    <nd ref="10013686617"/>
    <nd ref="10013686618"/>
    <nd ref="10013686619"/>
    <nd ref="10013686620"/>
    <nd ref="10013686621"/>
    <nd ref="10013686622"/>
    <nd ref="10013686623"/>
    <nd ref="10013686624"/>
    <nd ref="10013686625"/>
    <nd ref="10013686626"/>
    <nd ref="10013686627"/>
    <nd ref="10013686628"/>
    <nd ref="10013686629"/>
    <nd ref="10013686630"/>
    <nd ref="10013686631"/>
    <nd ref="10013686632"/>
    <nd ref="10013686633"/>
    <nd ref="10013686634"/>
    <nd ref="10013686635"/>
    <nd ref="10013686636"/>
    <nd ref="10013686637"/>
    <nd ref="373656388"/>
    <nd ref="373656390"/>
    <nd ref="10013686579"/>
    <tag k="natural" v="wood"/>
  </way>
  <way id="1329490578" version="1" timestamp="2024-10-30T22:15:41Z" changeset="158561217" uid="21007487" user="Cole Dickerson">
    <nd ref="12300339398"/>
    <nd ref="12300339399"/>
    <nd ref="12300339400"/>
    <nd ref="12300355201"/>
    <nd ref="12300355202"/>
    <nd ref="12300355203"/>
    <nd ref="12300355204"/>
    <nd ref="12300355205"/>
    <nd ref="12300355206"/>
    <nd ref="12300355207"/>
    <nd ref="12300355208"/>
    <nd ref="12300355209"/>
    <nd ref="12300355210"/>
    <nd ref="12300355211"/>
    <nd ref="12300355212"/>
    <nd ref="12300355213"/>
    <nd ref="12300355214"/>
    <nd ref="12300355215"/>
    <nd ref="12300355216"/>
    <nd ref="12300355217"/>
    <nd ref="12300339398"/>
    <tag k="leaf_type" v="mixed"/>
    <tag k="natural" v="wood"/>
  </way>
  <way id="1329490579" version="1" timestamp="2024-10-30T22:15:41Z" changeset="158561217" uid="21007487" user="Cole Dickerson">
    <nd ref="12300355207"/>
    <nd ref="12300355218"/>
    <nd ref="12300355219"/>
    <nd ref="12300355220"/>
    <nd ref="12300355221"/>
    <nd ref="12300355222"/>
    <nd ref="12300355223"/>
    <nd ref="12300355224"/>
    <nd ref="12300355225"/>
    <nd ref="12300355226"/>
    <nd ref="12300355227"/>
    <nd ref="12300355228"/>
    <nd ref="12300355229"/>
    <nd ref="12300355230"/>
    <nd ref="12300355231"/>
    <nd ref="12300355232"/>
    <nd ref="12300355233"/>
    <nd ref="12300355234"/>
    <nd ref="12300355235"/>
    <nd ref="12300355236"/>
    <nd ref="12300355237"/>
    <nd ref="12300355238"/>
    <nd ref="12300355239"/>
    <nd ref="12300355240"/>
    <nd ref="12300355241"/>
    <nd ref="12300355242"/>
    <nd ref="12300355243"/>
    <nd ref="12300355244"/>
    <nd ref="12300355245"/>
    <nd ref="12300355246"/>
    <nd ref="12300355247"/>
    <nd ref="12300355248"/>
    <nd ref="12300355249"/>
    <nd ref="12300355250"/>
    <nd ref="12300355251"/>
    <nd ref="12300355252"/>
    <nd ref="12300355253"/>
    <nd ref="12300355254"/>
    <nd ref="12300355255"/>
    <nd ref="12300355256"/>
    <nd ref="12300355257"/>
    <nd ref="12300355258"/>
    <nd ref="12300355259"/>
    <nd ref="12300355260"/>
    <nd ref="12300355261"/>
    <nd ref="12300355262"/>
    <nd ref="12300355263"/>
    <nd ref="12300355264"/>
    <nd ref="12300355265"/>
    <nd ref="12300355266"/>
    <nd ref="12300355267"/>
    <nd ref="12300355268"/>
    <nd ref="12300355269"/>
    <nd ref="12300355270"/>
    <nd ref="12300355271"/>
    <nd ref="12300355272"/>
    <nd ref="12300355273"/>
    <nd ref="12300355274"/>
    <nd ref="12300355275"/>
    <nd ref="12300355276"/>
    <nd ref="12300355277"/>
    <nd ref="12300355278"/>
    <nd ref="12300355279"/>
    <nd ref="12300355280"/>
    <nd ref="12300355281"/>
    <nd ref="12300355282"/>
    <nd ref="12300355283"/>
    <nd ref="12300355284"/>
    <nd ref="12300355285"/>
    <nd ref="12300355286"/>
    <nd ref="12300355287"/>
    <nd ref="12300355288"/>
    <nd ref="12300355289"/>
    <nd ref="12300355290"/>
    <nd ref="12300355291"/>
    <nd ref="12300355292"/>
    <nd ref="12300355293"/>
    <nd ref="12300355294"/>
    <nd ref="12300355295"/>
    <nd ref="12300355296"/>
    <nd ref="12300355297"/>
    <nd ref="12300355298"/>
    <nd ref="12300355299"/>
    <nd ref="12300355300"/>
    <nd ref="12300355301"/>
    <nd ref="12300355302"/>
    <nd ref="12300355303"/>
    <nd ref="12300355304"/>
    <nd ref="12300355305"/>
    <nd ref="12300355306"/>
    <nd ref="12300355307"/>
    <nd ref="12300355308"/>
    <nd ref="12300355208"/>
    <nd ref="12300355207"/>
    <tag k="natural" v="wood"/>
  </way>
  <relation id="112140" version="3" timestamp="2021-12-18T15:36:36Z" changeset="115100527" uid="8148904" user="_jcaruso">
    <member type="way" ref="33111362" role="outer"/>
    <member type="way" ref="33111364" role="inner"/>
    <tag k="access" v="private"/>
    <tag k="fixme" v="wrong boundary; see Wake GIS &quot;Public Open Space&quot;"/>
    <tag k="landuse" v="farmland"/>
    <tag k="name" v="NCSU Agricultural Research Land"/>
    <tag k="ownership" v="state"/>
    <tag k="type" v="multipolygon"/>
  </relation>

</osm>
