ply
format ascii 1.0
element vertex 5347
property float x
property float y
property float z
property uchar red
property uchar green
property uchar blue
property float nx
property float ny
property float nz
element face 10018
property list uchar int vertex_indices
end_header
2.09025e+06 719681 83.6699 221 248 168 -0.266635 -0.0778216 0.960651 2007 1 11 1 1 221086 13005 1 
2.09026e+06 719692 84.6477 222 247 167 -0.0963807 0.0162439 0.995212 2007 1 12 1 1 221086 14280 1 
2.09026e+06 719704 82.2745 222 247 167 0.261153 0.450528 0.853712 2007 1 11 2 1 221086 4335 1 
2.09027e+06 719669 82.0247 204 248 176 -0.311891 -0.548608 0.775728 2006 1 27 1 1 220944 9180 2 
2.09024e+06 719695 80.0919 203 248 177 -0.216379 0.0623465 0.974317 2006 1 21 1 1 220944 15555 2 
2.09027e+06 719701 81.873 204 248 176 0.228554 0.470731 0.852159 2007 1 9 1 1 221086 9435 2 
2.09025e+06 719686 84.5406 221 248 168 -0.0955647 0.00966385 0.995376 2006 1 26 1 1 220944 12240 1 
2.09026e+06 719706 80.1646 204 248 176 0.0942248 0.267185 0.959028 2007 1 11 1 1 221085 13260 2 
2.09026e+06 719682 84.6883 222 247 167 -0.11665 -0.00545092 0.993158 2006 1 26 1 1 220944 12495 1 
2.09027e+06 719703 80.7853 204 248 176 0.164805 0.322685 0.932048 2007 1 9 1 1 221085 14280 2 
2.09028e+06 719695 83.98 222 247 166 0.258082 0.412026 0.873858 2006 1 27 1 1 220944 6375 1 
2.09028e+06 719685 84.3357 221 248 168 0.0999088 -0.055006 0.993475 2007 1 6 1 1 221086 18615 1 
2.09024e+06 719680 82.3626 220 248 169 -0.704184 -0.0181996 0.709784 2007 1 12 1 1 221086 13515 1 
2.09027e+06 719693 84.9067 222 247 167 0.10321 0.0669165 0.992406 2007 1 8 1 1 221086 18615 1 
2.09028e+06 719676 84.0099 221 248 168 0.156043 -0.021641 0.987513 2007 1 8 1 1 221086 16065 1 
2.09028e+06 719682 83.8252 220 248 169 0.219229 0.062462 0.973672 2007 1 5 1 1 221086 18105 1 
2.09027e+06 719681 84.5737 221 248 168 0.0908785 -0.0339426 0.995283 2007 1 8 1 1 221086 16575 1 
2.09027e+06 719677 84.7684 222 247 167 0.0996984 -0.0526497 0.993624 2007 1 9 1 1 221086 18870 1 
2.09025e+06 719693 82.1528 210 248 172 -0.518439 0.00673298 0.855088 2006 1 22 1 1 220944 5100 1 
2.09025e+06 719693 81.5507 203 248 176 -0.500333 0.116792 0.85792 2006 1 24 1 1 220944 9435 2 
2.09028e+06 719698 81.2525 204 248 176 0.216638 0.446723 0.868047 2007 1 7 1 1 221086 14535 2 
2.09026e+06 719687 85.1248 222 247 167 -0.10504 0.0576026 0.992798 2006 1 26 1 1 220944 10455 1 
2.09025e+06 719672 81.903 203 248 176 -0.261616 -0.418889 0.869534 2006 1 25 1 1 220944 13005 2 
2.09028e+06 719693 82.8149 220 248 168 0.159798 0.332102 0.929609 2007 1 6 1 1 221086 14025 1 
2.09026e+06 719700 84.3448 221 247 167 -0.114692 0.109962 0.987296 2007 1 11 1 1 221086 13515 1 
2.09025e+06 719704 83.1136 221 248 168 -0.0495367 0.413698 0.909065 2007 1 12 2 1 221086 7140 1 
2.09026e+06 719700 84.3122 221 248 168 0.0101769 0.159438 0.987156 2006 1 25 1 1 220944 10455 1 
2.09028e+06 719688 84.0078 221 248 168 0.167455 0.0456695 0.984821 2006 1 31 1 1 220944 5865 1 
2.09027e+06 719691 85.3727 222 247 166 0.0359425 -0.0174578 0.999201 2007 1 8 1 1 221086 19125 1 
2.09028e+06 719700 80.5961 204 248 176 0.107648 0.363823 0.925227 2007 1 9 1 1 221085 14025 2 
2.09025e+06 719702 82.3407 219 248 169 -0.444085 0.193273 0.874891 2007 1 13 1 1 221086 13260 1 
2.09028e+06 719667 81.0031 218 248 169 0.22867 -0.1279 0.965066 2006 1 30 1 1 220944 4335 1 
2.09026e+06 719676 84.6644 222 247 167 -0.164448 0.146873 0.97539 2006 1 26 1 1 220944 10710 1 
2.09025e+06 719712 79.9521 204 248 176 -0.0308739 0.0628125 0.997548 2007 1 14 1 1 221085 11475 2 
2.09027e+06 719692 85.3616 222 246 165 -0.026247 0.0493444 0.998437 2007 1 9 1 1 221086 20145 1 
2.09025e+06 719695 82.1752 212 248 171 -0.486448 0.125582 0.864637 2006 1 22 1 1 220944 5355 1 
2.09025e+06 719688 82.0629 220 248 169 -0.408923 0.127876 0.903565 2007 1 12 1 1 221086 15810 1 
2.09025e+06 719698 83.2282 220 248 169 -0.375307 0.147593 0.915074 2006 1 22 1 1 220944 11475 1 
2.09028e+06 719694 82.75 221 247 167 0.193555 0.365603 0.910424 2006 1 27 1 1 220944 4590 1 
2.09026e+06 719670 82.2925 222 247 167 -0.246147 -0.584795 0.772933 2007 1 9 1 1 221086 17085 1 
2.09025e+06 719684 83.1705 219 248 169 -0.476964 0.239244 0.845735 2006 1 25 1 1 220944 11985 1 
2.09024e+06 719682 81.946 204 248 175 -0.540911 0.212993 0.813664 2006 1 22 1 1 220944 9180 2 
2.09028e+06 719686 84.6689 221 247 167 0.0812941 -0.0336016 0.996124 2007 1 7 1 1 221086 18870 1 
2.09026e+06 719675 84.49 222 247 166 -0.401695 -0.263284 0.87711 2007 1 9 1 1 221086 15810 1 
2.09028e+06 719689 84.3305 221 247 167 0.139138 0.0305425 0.989802 2006 1 27 1 1 220944 6120 1 
2.09028e+06 719658 79.7059 203 248 177 0.00103033 -0.0566683 0.998393 2007 1 5 1 1 221086 26520 2 
2.09027e+06 719680 85.105 222 247 166 0.0628125 -0.0308739 0.997548 2007 1 10 1 1 221086 17595 1 
2.09027e+06 719690 84.8707 222 247 167 0.103696 -0.0207393 0.994393 2006 1 29 1 1 220944 4590 1 
2.09027e+06 719705 80.1193 204 248 176 0.0650133 0.161942 0.984656 2007 1 11 1 1 221085 15300 2 
2.09027e+06 719660 79.8819 203 248 176 0.00519307 -0.0612782 0.998107 2007 1 7 1 1 221086 17595 2 
2.09027e+06 719698 83.5216 222 246 166 0.0663755 0.538065 0.840286 2007 1 9 2 1 221086 10965 1 
2.09029e+06 719676 81.0227 204 248 176 0.269318 -0.187292 0.944664 2007 1 5 1 1 221086 17340 2 
2.09028e+06 719694 82.899 221 247 167 0.274091 0.375939 0.88518 2007 1 7 1 1 221086 19125 1 
2.09027e+06 719691 85.3643 222 247 166 -0.0316454 0.0153123 0.999382 2006 1 26 1 1 220944 11220 1 
2.09028e+06 719689 83.1724 220 248 168 0.280054 0.083887 0.956312 2006 1 29 1 1 220944 4845 1 
2.09029e+06 719692 81.9457 218 248 169 0.320964 0.237484 0.916833 2007 1 5 1 1 221086 4845 1 
2.09026e+06 719669 80.8281 204 248 176 -0.127698 -0.405546 0.905111 2007 1 10 1 1 221086 19890 2 
2.09028e+06 719679 84.2401 221 248 168 0.0922152 -0.0522183 0.994369 2007 1 6 1 1 221086 20910 1 
2.09027e+06 719674 84.6518 222 247 167 0.0326861 -0.131872 0.990728 2007 1 9 1 1 221086 16320 1 
2.09026e+06 719705 82.8001 221 248 168 0.0989019 0.517443 0.849983 2007 1 13 2 1 221085 4080 1 
2.09028e+06 719686 84.1811 221 248 168 0.117476 -0.0369209 0.992389 2006 1 30 1 1 220944 5610 1 
2.09029e+06 719688 81.6182 203 248 176 0.411519 -0.0223509 0.911127 2007 1 4 1 1 221086 19890 2 
2.09026e+06 719689 84.8398 222 247 167 -0.0881358 0.0315548 0.995609 2007 1 10 1 1 221086 14535 1 
2.09027e+06 719698 83.3959 222 247 166 0.273083 0.569844 0.775051 2007 1 8 1 1 221086 13005 1 
2.09025e+06 719680 84.506 222 247 167 -0.122799 -0.0631208 0.990422 2006 1 25 1 1 220944 14025 1 
2.09026e+06 719706 81.5851 204 248 176 0.156588 0.423793 0.892121 2007 1 11 1 1 221086 14535 2 
2.09026e+06 719686 85.2788 222 247 166 -0.0859698 0.033735 0.995726 2007 1 9 1 1 221086 15300 1 
2.09027e+06 719692 85.3456 222 246 166 0.10304 0.0119309 0.994606 2006 1 29 1 1 220944 8160 1 
2.09026e+06 719700 83.4705 222 247 167 0.153155 0.41366 0.897457 2006 1 22 1 1 220944 11220 1 
2.09027e+06 719676 84.5438 221 247 167 0.0865187 -0.0383311 0.995513 2007 1 8 1 1 221086 14790 1 
2.09026e+06 719700 83.4706 204 248 176 0.330699 0.559768 0.759801 2007 1 9 2 2 221086 0 2 
2.09025e+06 719696 83.9751 221 248 168 -0.194942 0.0845973 0.97716 2007 1 11 1 1 221086 13515 1 
2.09026e+06 719670 82.7437 204 248 176 0.060983 -0.571538 0.818306 2006 1 27 1 1 220944 8670 2 
2.09029e+06 719689 81.4764 219 248 169 0.404484 -0.0384591 0.913736 2006 1 26 1 1 220944 5865 1 
2.09024e+06 719690 80.649 203 248 176 -0.2715 0.148456 0.95092 2006 1 21 1 1 220944 10455 2 
2.09028e+06 719673 83.967 221 248 168 0.162792 -0.130482 0.977995 2006 1 29 1 1 220944 4845 1 
2.09028e+06 719672 82.3704 219 248 169 0.517392 -0.0807983 0.851925 2007 1 4 1 1 221086 16575 1 
2.09027e+06 719661 79.9347 203 248 176 -0.0162721 -0.100887 0.994765 2007 1 7 1 1 221086 18360 2 
2.09025e+06 719692 81.3695 203 248 176 -0.417776 0.241082 0.875981 2006 1 18 1 1 220944 11220 2 
2.09028e+06 719682 84.3355 221 248 168 0.104138 -0.0252123 0.994243 2007 1 6 1 1 221086 17850 1 
2.09026e+06 719686 84.9656 222 247 167 -0.108595 0.0459009 0.993026 2006 1 23 1 1 220944 13005 1 
2.09026e+06 719695 84.6971 222 247 167 -0.0877958 0.0544556 0.994649 2007 1 10 1 1 221086 13005 1 
2.09027e+06 719670 83.4877 221 248 168 0.10715 -0.354002 0.929086 2007 1 7 1 1 221086 17595 1 
2.09027e+06 719674 84.8048 222 247 167 0.00811917 -0.19834 0.9801 2007 1 7 1 1 221086 19125 1 
2.09027e+06 719659 79.7957 203 248 176 0.00933127 -0.0549508 0.998446 2007 1 7 1 1 221086 21420 2 
2.09025e+06 719694 80.8424 218 248 169 -0.320695 0.0188644 0.946995 2007 1 13 1 1 221086 11475 1 
2.09025e+06 719704 79.9713 203 248 177 -0.14803 0.02147 0.98875 2006 1 20 1 1 220944 16320 2 
2.09028e+06 719696 83.1314 222 247 167 0.255115 0.552489 0.793519 2007 1 8 1 1 221086 10200 1 
2.09029e+06 719691 80.3577 203 248 176 0.26943 0.03849 0.96225 2007 1 4 1 1 221086 29835 2 
2.09026e+06 719670 81.572 222 247 166 -0.218974 -0.478721 0.850221 2007 1 11 2 1 221086 4335 1 
2.09028e+06 719671 80.4306 203 248 176 0.213496 -0.0470416 0.975811 2007 1 5 1 1 221086 21675 2 
2.09026e+06 719670 82.4854 204 248 176 -0.00415762 -0.727583 0.686007 2006 1 27 1 1 220944 8670 2 
2.09026e+06 719702 83.8678 221 248 168 0.00376636 0.340228 0.940335 2007 1 11 1 1 221086 14280 1 
2.09027e+06 719698 83.3781 222 247 166 0.0672707 0.611162 0.788642 2007 1 9 2 1 221086 6120 1 
2.09027e+06 719683 85.2608 222 247 166 0.0729484 -0.0468177 0.996236 2007 1 9 1 1 221086 20910 1 
2.09029e+06 719679 80.7514 203 248 176 0.242445 -0.0901234 0.96597 2007 1 4 1 1 221086 23715 2 
2.09027e+06 719682 84.7788 222 247 167 0.0924637 -0.0271952 0.995345 2007 1 7 1 1 221086 18360 1 
2.09026e+06 719691 84.533 221 248 168 -0.0958381 0.0363524 0.994733 2006 1 27 1 1 220944 11220 1 
2.09024e+06 719684 82.295 212 248 171 -0.470377 0.188447 0.86211 2006 1 24 1 1 220944 4845 1 
2.09028e+06 719693 83.0709 221 247 167 0.162925 0.332813 0.928812 2006 1 28 1 1 220944 5865 1 
2.09027e+06 719664 80.7163 204 248 176 -0.019436 -0.382241 0.923858 2007 1 5 1 1 221086 18615 2 
2.09025e+06 719686 82.0744 205 248 175 -0.531844 0.114484 0.839068 2006 1 23 1 1 220944 5865 1 
2.09025e+06 719675 82.3192 222 247 167 -0.205183 -0.521316 0.82833 2007 1 12 1 1 221086 11985 1 
2.09027e+06 719690 84.816 222 247 167 0.116148 0.00325648 0.993227 2007 1 7 1 1 221086 16830 1 
2.09024e+06 719685 81.6073 218 248 169 -0.404586 0.057798 0.912671 2006 1 24 1 1 220944 7140 1 
2.09027e+06 719673 84.239 221 248 168 0.0854596 -0.0877385 0.992471 2007 1 7 1 1 221086 19890 1 
2.09026e+06 719671 83.1589 222 247 166 -0.0574717 -0.531263 0.845255 2007 1 10 1 1 221086 19890 1 
2.09026e+06 719695 84.8515 222 247 167 -0.0585512 0.076227 0.99537 2006 1 25 1 1 220944 10455 1 
2.09027e+06 719688 85.407 222 247 166 0.0398045 0.00510314 0.999195 2007 1 8 1 1 221086 16065 1 
2.09024e+06 719676 80.0686 203 248 176 -0.102649 -0.119167 0.987554 2007 1 13 1 1 221086 15555 2 
2.09025e+06 719695 82.7794 220 248 168 -0.332426 0.15035 0.931068 2007 1 12 1 1 221086 13005 1 
2.09028e+06 719683 82.7215 219 248 169 0.331424 -0.174802 0.927148 2007 1 5 1 1 221086 9435 1 
2.09027e+06 719688 84.9545 222 247 167 0.118231 -0.0439144 0.992015 2007 1 7 1 1 221086 19635 1 
2.09029e+06 719689 80.8648 203 248 176 0.365441 -0.00891319 0.930792 2007 1 4 1 1 221086 27285 2 
2.09028e+06 719675 81.8955 203 248 176 0.356522 -0.29635 0.886041 2007 1 4 1 1 221086 15045 2 
2.09026e+06 719706 80.8844 204 248 175 0.217811 0.344747 0.913076 2007 1 13 1 1 221085 13515 2 
2.09025e+06 719680 83.4481 219 248 169 -0.286284 -0.129161 0.949399 2006 1 25 1 1 220944 10965 1 
2.09026e+06 719688 84.8216 222 247 167 -0.08615 0.0359867 0.995632 2006 1 27 1 1 220944 9435 1 
2.09026e+06 719680 85.2058 222 247 166 -0.0701302 -0.0052336 0.997524 2007 1 11 1 1 221086 14280 1 
2.09029e+06 719688 80.2325 203 248 176 0.28067 -0.0159333 0.959672 2007 1 4 1 1 221086 24480 2 
2.09028e+06 719696 81.9039 204 248 176 0.156393 0.37337 0.914405 2007 1 8 1 1 221085 13515 2 
2.09026e+06 719710 80.1755 204 248 176 -0.0123682 0.151792 0.988335 2007 1 14 1 1 221085 11475 2 
2.09027e+06 719691 84.7948 222 247 167 0.137216 0.0328864 0.989995 2006 1 27 1 1 220944 7395 1 
2.09029e+06 719690 82.1365 219 248 169 0.383538 0.0353431 0.922848 2006 1 28 1 1 220944 5355 1 
2.09024e+06 719677 80.3849 203 248 176 -0.201818 -0.185989 0.961602 2006 1 22 1 1 220944 16575 2 
2.09024e+06 719683 81.646 203 248 176 -0.475377 0.166308 0.86392 2006 1 23 1 1 220944 9435 2 
2.09027e+06 719676 84.8399 222 247 167 0.113689 -0.0700506 0.991044 2007 1 9 1 1 221086 16320 1 
2.09024e+06 719686 81.8261 203 248 176 -0.378491 0.0908922 0.921131 2006 1 24 1 1 220944 11985 2 
2.09026e+06 719706 80.3017 203 248 176 0.190861 0.299527 0.934802 2007 1 10 1 1 221086 12750 2 
2.09026e+06 719697 84.6592 222 247 167 -0.0445479 0.0727978 0.996351 2007 1 10 1 1 221086 15300 1 
2.09025e+06 719695 83.8856 221 248 168 -0.240741 0.0530865 0.969137 2007 1 11 1 1 221086 13515 1 
2.09026e+06 719683 85.4002 222 246 165 -0.0318367 -0.0215668 0.99926 2007 1 11 1 1 221086 24990 1 
2.09027e+06 719690 85.3867 222 246 165 0.0129341 0.00497465 0.999904 2006 1 23 1 1 220944 8415 1 
2.09028e+06 719658 79.7636 203 248 176 -0.0227971 -0.0922739 0.995473 2007 1 5 1 1 221086 22185 2 
2.09026e+06 719668 81.446 204 248 176 -0.00130527 -0.437266 0.899331 2006 1 26 1 1 220944 8670 2 
2.09025e+06 719700 80.3252 203 248 176 -0.247821 0.0902322 0.964595 2006 1 17 1 1 220944 14535 2 
2.09026e+06 719702 83.3192 221 248 168 0.414342 0.443362 0.794827 2006 1 24 1 1 220944 7140 1 
2.09028e+06 719675 83.8261 220 248 168 0.296738 -0.0186237 0.954777 2007 1 5 1 1 221086 18105 1 
2.09026e+06 719685 85.4401 222 247 166 -0.00491636 0.000983272 0.999987 2006 1 27 1 1 220944 10455 1 
2.09029e+06 719690 81.1654 203 248 176 0.390695 0.0573375 0.918733 2007 1 4 1 1 221086 24480 2 
2.09026e+06 719690 85.296 222 246 166 -0.0877716 0.0249228 0.995829 2007 1 9 1 1 221086 14790 1 
2.09024e+06 719692 80.4968 203 248 177 -0.236113 0.156969 0.958964 2006 1 24 1 1 220944 14790 2 
2.09024e+06 719680 80.861 203 248 176 -0.384175 0.0882381 0.919034 2006 1 21 1 1 220944 8670 2 
2.09026e+06 719699 84.4169 221 248 168 -0.0515923 0.0779374 0.995622 2006 1 20 1 1 220944 10965 1 
2.09028e+06 719680 83.8531 221 248 168 0.272193 -0.148834 0.950663 2006 1 29 1 1 220944 4590 1 
2.09025e+06 719712 79.9023 204 248 176 -0.0194362 0.0276199 0.99943 2007 1 14 1 1 221085 19380 2 
2.09025e+06 719700 80.7438 203 248 176 -0.439626 0.126624 0.889211 2006 1 20 1 1 220944 11475 2 
2.09025e+06 719693 83.4606 220 248 169 -0.292216 0.0493352 0.955079 2006 1 26 1 1 220944 9690 1 
2.09025e+06 719676 82.6158 221 248 168 -0.118999 -0.483166 0.867404 2007 1 13 2 1 221086 6375 1 
2.09025e+06 719701 83.2148 220 248 169 -0.264732 0.0459862 0.963225 2006 1 22 1 1 220944 10965 1 
2.09027e+06 719702 80.2201 203 248 176 0.0916158 0.224647 0.970124 2007 1 8 1 1 221086 13770 2 
2.09028e+06 719663 80.4029 204 248 176 -0.0684519 -0.235225 0.969527 2007 1 5 1 1 221086 19380 2 
2.09026e+06 719695 84.9721 222 247 166 -0.00975745 0.107332 0.994175 2007 1 10 1 1 221086 13260 1 
2.09028e+06 719697 82.3271 204 248 176 0.256807 0.587663 0.76727 2007 1 7 2 2 221086 0 2 
2.09027e+06 719662 80.0092 204 248 176 0.0162123 -0.0940315 0.995437 2007 1 7 1 1 221086 19635 2 
2.09026e+06 719698 84.5217 222 247 167 -0.0227034 0.0897326 0.995707 2007 1 11 1 1 221086 12750 1 
2.09028e+06 719660 79.9694 203 248 176 -0.0212318 -0.130743 0.991189 2007 1 6 1 1 221086 23460 2 
2.09025e+06 719703 83.2557 219 248 169 -0.195845 0.167312 0.966256 2006 1 26 1 1 220944 11220 1 
2.09025e+06 719690 84.3753 221 247 167 -0.127979 0.0396394 0.990984 2007 1 11 1 1 221086 11475 1 
2.09026e+06 719709 80.3751 203 248 176 0.103131 0.235546 0.966376 2007 1 11 1 1 221086 12240 2 
2.09028e+06 719663 80.3992 203 248 176 0.106046 -0.198368 0.974374 2007 1 6 1 1 221086 17085 2 
2.09026e+06 719694 84.6155 222 247 167 -0.103935 0.0458208 0.993528 2007 1 11 1 1 221086 13005 1 
2.09028e+06 719674 81.4859 203 248 176 0.402051 -0.295041 0.866779 2007 1 5 1 1 221086 18105 2 
2.09027e+06 719684 85.2303 222 247 166 0.0972629 -0.0525443 0.993871 2007 1 8 1 1 221086 18360 1 
2.09025e+06 719699 83.7899 220 248 169 -0.302343 0.0903102 0.948911 2006 1 24 1 1 220944 10710 1 
2.09025e+06 719693 81.0932 203 248 176 -0.355677 0.101429 0.929089 2006 1 21 1 1 220944 10710 2 
2.09027e+06 719674 84.579 222 247 167 0.0667058 -0.0557704 0.996213 2007 1 8 1 1 221086 18870 1 
2.09025e+06 719674 83.1993 222 247 167 -0.34938 -0.337174 0.874212 2006 1 26 1 1 220944 7650 1 
2.09025e+06 719694 82.798 220 248 169 -0.381758 0.0299674 0.923776 2007 1 14 1 1 221086 13260 1 
2.09025e+06 719694 81.5477 219 248 169 -0.465721 0.0478012 0.88364 2007 1 13 1 1 221086 13515 1 
2.09029e+06 719673 80.3773 203 248 176 0.182153 -0.149035 0.97191 2007 1 4 1 1 221086 20910 2 
2.09027e+06 719662 80.1359 204 248 176 -0.0762945 -0.185287 0.979718 2007 1 7 1 1 221086 19125 2 
2.09025e+06 719700 83.7172 220 248 168 -0.271987 0.105411 0.95651 2006 1 23 1 1 220944 10455 1 
2.09024e+06 719684 81.2053 203 248 176 -0.355581 0.113077 0.92778 2006 1 24 1 1 220944 14790 2 
2.09025e+06 719699 83.9984 221 248 168 -0.162295 0.067524 0.984429 2007 1 12 1 1 221086 13515 1 
2.09026e+06 719698 84.3945 222 247 167 0.125326 0.273078 0.953794 2006 1 25 1 1 220944 10710 1 
2.09025e+06 719709 80.1208 203 248 176 -0.101447 0.206652 0.973141 2007 1 12 1 1 221086 16830 2 
2.09026e+06 719704 82.788 221 248 168 0.270806 0.521263 0.809289 2006 1 21 1 1 220944 7650 1 
2.09028e+06 719672 80.8895 203 248 176 0.349797 -0.154691 0.923966 2007 1 4 1 1 221086 16320 2 
2.09027e+06 719690 84.8948 222 247 166 0.0995748 -0.0273557 0.994654 2006 1 30 1 1 220944 6885 1 
2.09028e+06 719666 81.2928 203 248 176 0.118916 -0.221209 0.967949 2007 1 6 1 1 221086 17340 2 
2.09028e+06 719676 83.6389 220 248 168 0.294887 -0.0338806 0.954931 2007 1 6 1 1 221086 18360 1 
2.09026e+06 719677 85.0858 222 246 166 -0.113929 -0.0725005 0.99084 2007 1 11 1 1 221086 14790 1 
2.09028e+06 719665 80.9109 220 248 169 0.0608683 -0.244716 0.967682 2006 1 30 1 1 220944 5610 1 
2.09029e+06 719688 82.5548 218 248 169 0.443367 0.0226344 0.896054 2007 1 5 1 1 221086 6120 1 
2.09026e+06 719684 85.344 222 246 166 -0.0592084 0.00519372 0.998232 2007 1 9 1 1 221086 14790 1 
2.09027e+06 719672 84.1649 222 247 167 -0.071384 -0.391939 0.917218 2007 1 7 1 1 221086 16575 1 
2.09025e+06 719668 79.8031 203 248 176 -0.0881017 -0.09039 0.992002 2007 1 11 1 1 221086 21165 2 
2.09027e+06 719661 79.9802 203 248 176 -0.0255083 -0.118669 0.992606 2007 1 6 1 1 221086 19890 2 
2.09024e+06 719680 82.956 220 248 168 -0.439361 -0.0584907 0.896405 2007 1 14 1 1 221086 11985 1 
2.09025e+06 719675 81.446 203 248 176 -0.1553 -0.522105 0.838623 2006 1 24 1 1 220944 14025 2 
2.09026e+06 719682 85.3414 222 247 166 -0.0215252 -0.0276753 0.999385 2006 1 28 1 1 220944 10200 1 
2.09026e+06 719669 81.127 204 248 176 -0.215049 -0.470701 0.855684 2007 1 10 1 1 221086 18360 2 
2.09025e+06 719705 82.8307 219 248 169 -0.241046 0.456319 0.856545 2006 1 22 1 1 220944 9690 1 
2.09025e+06 719682 83.6733 220 248 169 -0.29743 0.0956492 0.94994 2006 1 24 1 1 220944 11475 1 
2.09028e+06 719668 81.4165 203 248 176 0.233103 -0.195375 0.952623 2007 1 6 1 1 221086 15810 2 
2.09027e+06 719686 85.2139 222 247 166 0.0934419 -0.0384761 0.994881 2007 1 8 1 1 221086 19380 1 
2.09026e+06 719677 85.2563 222 246 165 -0.0466365 -0.0661587 0.996719 2007 1 10 1 1 221086 18615 1 
2.09026e+06 719703 83.8369 221 247 167 0.122437 0.364561 0.923095 2007 1 11 1 1 221086 11475 1 
2.09028e+06 719675 81.3844 219 248 169 0.342397 -0.360822 0.867509 2006 1 30 1 1 220944 6375 1 
2.09028e+06 719674 82.0514 219 248 169 0.481635 -0.156641 0.862259 2007 1 5 1 1 221086 16575 1 
2.09029e+06 719695 79.9866 203 248 176 0.126253 0.0932152 0.987609 2007 1 5 1 1 221086 25500 2 
2.09025e+06 719696 82.2334 215 248 170 -0.392082 0.17378 0.903367 2006 1 22 1 1 220944 5100 1 
2.09028e+06 719671 81.5084 203 248 176 0.471075 -0.109585 0.87526 2007 1 5 1 1 221086 17340 2 
2.09029e+06 719699 79.9214 203 248 176 0.0490052 0.0686073 0.996439 2007 1 5 1 1 221086 17340 2 
2.09027e+06 719700 81.4044 204 248 176 0.139599 0.530477 0.836126 2007 1 9 1 1 221085 13260 2 
2.09025e+06 719706 82.2599 220 248 168 -0.0525634 0.623658 0.779928 2007 1 12 2 1 221086 5355 1 
2.09026e+06 719674 84.861 222 247 166 -0.242987 -0.282775 0.927899 2006 1 27 1 1 220944 8925 1 
2.09025e+06 719695 82.8154 219 248 169 -0.344358 0.142445 0.927969 2006 1 26 1 1 220944 11475 1 
2.09027e+06 719694 84.8266 222 247 166 0.133321 0.196807 0.971336 2006 1 27 1 1 220944 5865 1 
2.09024e+06 719677 80.9202 203 248 176 -0.442308 -0.212963 0.871212 2006 1 23 1 1 220944 11475 2 
2.09026e+06 719675 84.5615 222 247 166 0.0088087 -0.341022 0.940014 2007 1 11 1 1 221086 12750 1 
2.09027e+06 719667 84.29 221 248 168 0 0 0 2007 1 6 2 1 221086 9180 1 
2.09027e+06 719672 84.2473 222 247 167 -0.0706172 -0.291456 0.953974 2007 1 7 1 1 221086 19890 1 
2.09027e+06 719663 80.1512 204 248 176 -0.0401147 -0.23461 0.971262 2007 1 7 1 1 221086 16065 2 
2.09029e+06 719696 80.2049 203 248 176 0.168894 0.184365 0.968238 2007 1 4 1 1 221086 23715 2 
2.09027e+06 719667 82.4425 207 248 174 0.0642441 -0.595329 0.80091 2006 1 28 1 1 220944 5610 1 
2.09025e+06 719701 81.5891 219 248 169 -0.542283 0.0150255 0.840061 2007 1 12 1 1 221086 11985 1 
2.09027e+06 719668 82.7492 221 248 168 -0.031387 -0.498097 0.866553 2007 1 8 1 1 221086 16575 1 
2.09026e+06 719671 83.1296 222 247 166 -0.109977 -0.602676 0.790371 2007 1 9 1 1 221086 17850 1 
2.09024e+06 719692 80.9441 219 248 169 -0.261216 0.214225 0.941209 2007 1 12 1 1 221086 13515 1 
2.09027e+06 719669 83.3097 221 248 168 -0.106132 -0.459905 0.881603 2007 1 6 1 1 221086 18870 1 
2.09029e+06 719690 79.9292 203 248 176 0.154331 -0.0123915 0.987942 2007 1 5 1 1 221085 27030 2 
2.09026e+06 719699 84.1453 221 248 168 -0.112475 0.0602141 0.991828 2006 1 25 1 1 220944 10455 1 
2.09028e+06 719676 81.5329 219 248 169 0.379127 -0.251265 0.890578 2006 1 31 1 1 220944 6120 1 
2.09028e+06 719674 84.0528 220 248 168 0.100753 -0.0645274 0.992817 2007 1 6 1 1 221086 18615 1 
2.09027e+06 719698 83.8358 222 247 166 0.117704 0.52749 0.841368 2007 1 8 1 1 221086 18615 1 
2.09028e+06 719702 80.1623 204 248 176 0.0317792 0.194206 0.980446 2007 1 8 1 1 221086 14025 2 
2.09025e+06 719677 83.6917 221 248 168 -0.144469 -0.374497 0.915904 2006 1 26 1 1 220944 10710 1 
2.09026e+06 719686 85.1462 222 247 166 -0.105249 0.0365602 0.993774 2007 1 11 1 1 221086 14280 1 
2.09024e+06 719681 81.7149 212 248 171 -0.607985 0.067236 0.791096 2006 1 22 1 1 220944 6120 1 
2.09025e+06 719687 84.3869 221 247 167 -0.161998 0.0124614 0.986712 2007 1 11 1 1 221086 14280 1 
2.09025e+06 719673 82.9924 222 247 167 -0.380802 -0.497474 0.779429 2006 1 26 1 1 220944 4845 1 
2.09028e+06 719694 84.452 222 247 167 0.236567 0.258964 0.936469 2007 1 8 1 1 221086 19380 1 
2.09029e+06 719696 80.71 203 248 176 0.171359 0.289254 0.94179 2007 1 5 1 1 221086 19635 2 
2.09025e+06 719675 83.2357 204 248 176 -0.277593 -0.348846 0.895125 2006 1 24 1 1 220944 6120 2 
2.09026e+06 719696 84.7295 222 247 166 0.0524826 0.225797 0.97276 2007 1 10 1 1 221086 14535 1 
2.09028e+06 719680 82.6678 219 248 169 0.348838 -0.16111 0.923231 2007 1 5 1 1 221086 7650 1 
2.09028e+06 719673 83.542 220 248 168 0.334449 -0.200669 0.920802 2007 1 5 1 1 221086 19125 1 
2.09028e+06 719690 84.5083 221 248 168 0.124826 0.0561144 0.990591 2007 1 7 1 1 221086 16065 1 
2.09026e+06 719665 80.2324 204 248 176 -0.0480062 -0.167436 0.984713 2007 1 9 1 1 221086 19890 2 
2.09025e+06 719682 83.9616 221 248 168 -0.136908 0.0328128 0.99004 2007 1 11 1 1 221086 14025 1 
2.09028e+06 719657 79.6726 203 248 177 0.00735657 -0.0725147 0.99734 2007 1 6 1 1 221086 21420 2 
2.09026e+06 719670 82.1498 222 247 166 0.390177 -0.48084 0.78521 2007 1 8 2 1 221086 3825 1 
2.09025e+06 719697 82.0159 206 248 174 -0.392695 0.189827 0.899865 2006 1 19 1 1 220944 5865 1 
2.09025e+06 719706 81.3561 205 248 175 -0.0966433 0.4468 0.889398 2007 1 11 1 1 221086 12240 2 
2.09028e+06 719685 84.4589 222 247 167 0.119258 -0.0511107 0.991547 2006 1 30 1 1 220944 5610 1 
2.09025e+06 719703 81.3667 203 248 176 -0.470691 0.165695 0.8666 2006 1 21 1 1 220944 16575 2 
2.09026e+06 719686 85.4318 222 246 166 -0.0191288 0.0130881 0.999731 2006 1 24 1 1 220944 11220 1 
2.09025e+06 719673 82.0433 203 248 176 -0.318885 -0.39591 0.861143 2006 1 25 1 1 220944 14790 2 
2.09026e+06 719680 85.2778 222 246 166 0.0130881 -0.0191288 0.999731 2007 1 8 1 1 221086 19125 1 
2.09025e+06 719678 83.3159 221 248 168 -0.187528 -0.301435 0.934864 2006 1 24 1 1 220944 10455 1 
2.09028e+06 719696 82.6557 204 248 176 0.242188 0.470668 0.84842 2007 1 7 2 2 221086 0 2 
2.09028e+06 719681 84.3912 221 248 168 0.0984434 -0.0387137 0.994389 2007 1 6 1 1 221086 19125 1 
2.09025e+06 719708 80.6831 204 248 176 -0.0341324 0.312248 0.949387 2007 1 11 1 1 221086 12750 2 
2.09027e+06 719684 85.4228 222 247 166 0.0402103 -0.0154655 0.999072 2007 1 9 1 1 221086 17850 1 
2.09025e+06 719673 81.1174 203 248 176 -0.210112 -0.407 0.888934 2007 1 12 2 2 221086 0 2 
2.09027e+06 719663 80.2038 204 248 176 -0.0204847 -0.242201 0.97001 2007 1 7 1 1 221086 18105 2 
2.09028e+06 719680 83.8965 221 248 168 0.338624 -0.163041 0.926688 2006 1 30 1 1 220944 4845 1 
2.09028e+06 719674 82.9296 220 248 169 0.4576 -0.152533 0.875977 2007 1 5 1 1 221086 16575 1 
2.09027e+06 719667 82.0611 220 248 168 0.00940708 -0.498575 0.866795 2007 1 7 1 1 221086 18870 1 
2.09025e+06 719671 80.134 203 248 176 -0.112045 -0.171146 0.978854 2007 1 12 1 1 221086 20400 2 
2.09024e+06 719690 81.3228 219 248 169 -0.317336 0.155233 0.935522 2007 1 12 1 1 221086 13260 1 
2.09029e+06 719682 80.5102 203 248 176 0.257882 -0.138859 0.956146 2007 1 4 1 1 221086 24225 2 
2.09027e+06 719686 85.4224 222 246 165 0.0317101 -0.0153436 0.999379 2006 1 28 1 1 220944 8160 1 
2.09027e+06 719664 80.312 204 248 175 -0.0405718 -0.15881 0.986475 2007 1 8 1 1 221086 20400 2 
2.09027e+06 719685 84.6101 222 247 167 0.088692 -0.0383237 0.995322 2006 1 28 1 1 220944 5100 1 
2.09025e+06 719701 81.0971 218 248 169 -0.564957 0.0637169 0.822657 2007 1 13 1 1 221086 8160 1 
2.09025e+06 719678 83.9807 221 248 168 -0.12619 -0.207767 0.970005 2006 1 24 1 1 220944 11220 1 
2.09025e+06 719707 81.3878 204 248 175 -0.0370705 0.512122 0.858113 2007 1 12 1 1 221086 8925 2 
2.09025e+06 719696 81.3544 203 248 176 -0.395505 0.139342 0.907832 2006 1 21 1 1 220944 9690 2 
2.09026e+06 719694 84.7913 222 247 167 -0.0928601 0.0294967 0.995242 2007 1 10 1 1 221086 14280 1 
2.09025e+06 719671 80.4838 203 248 176 -0.192407 -0.230081 0.953961 2007 1 11 1 1 221086 14535 2 
2.09024e+06 719677 81.8251 220 248 169 -0.427748 -0.321978 0.844608 2006 1 24 1 1 220944 5865 1 
2.09028e+06 719683 84.0721 221 248 168 0.119957 -0.034754 0.992171 2007 1 6 1 1 221086 16065 1 
2.09025e+06 719691 84.0259 221 248 168 -0.226813 0.0576228 0.972232 2007 1 12 1 1 221086 14535 1 
2.09024e+06 719672 79.6916 203 248 177 -0.0327462 -0.0496474 0.99823 2007 1 13 1 1 221086 18615 2 
2.09028e+06 719678 84.302 221 248 168 0.102831 -0.0364883 0.994029 2007 1 6 1 1 221086 18105 1 
2.09028e+06 719671 83.977 221 248 168 0.104125 -0.209504 0.972248 2007 1 7 1 1 221086 18105 1 
2.09028e+06 719668 82.5289 221 248 168 0.177281 -0.396359 0.900817 2006 1 30 1 1 220944 5610 1 
2.09026e+06 719669 81.6225 204 248 176 -0.128169 -0.473792 0.87126 2006 1 26 1 1 220944 8670 2 
2.09027e+06 719703 80.0243 204 248 176 0.0544449 0.0900007 0.994452 2007 1 10 1 1 221085 13260 2 
2.09027e+06 719669 82.3782 204 248 176 -0.264797 -0.537428 0.800658 2006 1 27 1 1 220944 8670 2 
2.09028e+06 719677 81.7283 212 248 171 0.370696 -0.169014 0.913246 2007 1 5 1 1 221086 20145 1 
2.09024e+06 719690 80.1976 203 248 177 -0.184452 0.124223 0.97496 2006 1 20 1 1 220944 17595 2 
2.09028e+06 719672 80.5368 203 248 176 0.130567 -0.19395 0.972284 2007 1 4 1 1 221086 18870 2 
2.09027e+06 719679 84.9076 222 247 167 0.0812941 -0.0336016 0.996124 2007 1 9 1 1 221086 16320 1 
2.09026e+06 719670 81.7443 204 248 176 -0.149288 -0.524724 0.83808 2007 1 9 1 1 221086 16830 2 
2.09028e+06 719666 81.1933 219 248 169 0.117519 -0.169475 0.978503 2006 1 30 1 1 220944 4845 1 
2.09024e+06 719681 82.4049 208 248 173 -0.648161 0.179279 0.740099 2006 1 23 1 1 220944 5865 1 
2.09024e+06 719683 82.4229 220 248 168 -0.511395 0.245655 0.823486 2007 1 12 1 1 221086 13260 1 
2.09024e+06 719699 79.9985 203 248 177 -0.135926 0.0638967 0.988656 2006 1 20 1 1 220944 15555 2 
2.09025e+06 719683 84.2341 221 248 168 -0.109185 0.0253663 0.993698 2007 1 13 1 1 221086 15045 1 
2.09027e+06 719672 84.338 221 248 168 0.0684743 -0.178994 0.981464 2007 1 8 1 1 221086 20400 1 
2.09026e+06 719684 84.8951 222 247 167 -0.115751 0.043828 0.992311 2006 1 27 1 1 220944 12495 1 
2.09026e+06 719704 82.9132 221 248 168 0.110434 0.494802 0.86196 2006 1 22 1 1 220944 5100 1 
2.09028e+06 719681 83.6156 220 248 169 0.311476 -0.140096 0.93987 2007 1 6 1 1 221086 17085 1 
2.09027e+06 719676 84.8703 222 247 166 0.0932549 -0.0932549 0.991265 2006 1 28 1 1 220944 7905 1 
2.09025e+06 719696 81.0326 203 248 176 -0.36802 0.0166699 0.929668 2006 1 20 1 1 220944 12240 2 
2.09026e+06 719668 80.9867 204 248 175 -0.0981322 -0.342791 0.934272 2007 1 8 1 1 221086 18615 2 
2.09027e+06 719703 80.5439 203 248 176 0.0834462 0.270879 0.95899 2007 1 9 1 1 221086 12495 2 
2.09026e+06 719699 84.1655 222 247 167 0.172733 0.308156 0.935523 2007 1 10 1 1 221086 14280 1 
2.09028e+06 719692 83.6333 221 247 167 0.245208 0.279225 0.928389 2006 1 30 1 1 220944 5865 1 
2.09026e+06 719668 81.3493 204 248 176 0.110108 -0.354792 0.928439 2006 1 26 1 1 220944 8415 2 
2.09027e+06 719693 84.6041 222 247 167 0.190233 0.105685 0.976034 2007 1 7 1 1 221086 19380 1 
2.09026e+06 719670 82.4595 222 247 166 -0.0344856 -0.528319 0.848345 2007 1 9 2 1 221086 8160 1 
2.09026e+06 719703 83.6333 221 247 167 0.0256966 0.488236 0.872333 2007 1 11 1 1 221086 12750 1 
2.09026e+06 719691 85.1269 222 247 166 -0.0856105 0.0292593 0.995899 2007 1 9 1 1 221086 13770 1 
2.09026e+06 719693 84.9541 222 247 167 -0.0914944 0.0161461 0.995675 2006 1 27 1 1 220944 9945 1 
2.09025e+06 719684 84.3042 221 248 168 -0.114733 0.0579347 0.991706 2006 1 24 1 1 220944 11985 1 
2.09026e+06 719696 84.4351 221 248 168 -0.101712 0.0480619 0.993652 2006 1 25 1 1 220944 10965 1 
2.09026e+06 719694 84.8791 222 247 166 -0.0804705 0.0518098 0.99541 2007 1 10 1 1 221086 13005 1 
2.09025e+06 719689 84.3318 221 247 167 -0.146688 0.0668898 0.986919 2007 1 12 1 1 221086 11985 1 
2.09028e+06 719660 79.9727 203 248 176 0.0257137 -0.126333 0.991655 2007 1 6 1 1 221086 18105 2 
2.09024e+06 719686 80.2997 203 248 176 -0.218286 0.0129792 0.975798 2006 1 22 1 1 220944 17085 2 
2.09029e+06 719694 80.2803 203 248 176 0.24436 0.169583 0.954741 2007 1 5 1 1 221085 27030 2 
2.09025e+06 719697 83.9097 221 248 168 -0.225143 0.0943335 0.969748 2007 1 12 1 1 221086 13005 1 
2.09027e+06 719697 84.2227 222 246 166 0.0437269 0.393543 0.918266 2007 1 9 1 1 221086 16065 1 
2.09026e+06 719697 84.6583 222 247 167 0.0383012 0.165972 0.985386 2006 1 26 1 1 220944 10200 1 
2.09028e+06 719684 83.8529 220 248 168 0.160364 -0.0928423 0.982682 2007 1 5 1 1 221086 19380 1 
2.09026e+06 719675 84.6967 222 247 167 -0.172579 -0.27042 0.947148 2006 1 27 1 1 220944 10455 1 
2.09028e+06 719684 83.4732 220 248 169 0.265856 -0.148291 0.952539 2007 1 5 1 1 221086 19125 1 
2.09027e+06 719699 81.435 204 248 176 0.271048 0.524862 0.806878 2007 1 8 1 1 221086 13515 2 
2.09025e+06 719686 82.3169 212 248 171 -0.472017 0.0678265 0.878976 2006 1 24 1 1 220944 5610 1 
2.09026e+06 719696 84.8665 222 247 167 -0.0322441 0.114522 0.992897 2006 1 25 1 1 220944 10710 1 
2.09026e+06 719673 83.8881 222 247 166 -0.146975 -0.472938 0.868751 2007 1 9 1 1 221086 11985 1 
2.09027e+06 719669 83.5558 221 247 167 0.0459781 -0.374393 0.92613 2006 1 29 1 1 220944 5610 1 
2.09027e+06 719699 82.9802 204 248 176 0.175287 0.531855 0.828495 2007 1 9 2 2 221086 0 2 
2.09025e+06 719686 84.0954 221 248 168 -0.205977 0.067034 0.976258 2007 1 11 1 1 221086 13770 1 
2.09027e+06 719664 80.7674 204 248 176 -0.0603747 -0.39579 0.916354 2007 1 6 1 1 221086 15810 2 
2.09028e+06 719690 84.0856 221 248 168 0.181772 0.14618 0.972415 2007 1 6 1 1 221086 17595 1 
2.09024e+06 719682 81.0885 203 248 176 -0.381302 0.0353785 0.923773 2006 1 23 1 1 220944 9435 2 
2.09027e+06 719678 84.8548 222 247 167 0.105921 -0.0434832 0.993423 2007 1 9 1 1 221086 18105 1 
2.09024e+06 719696 80.5274 203 248 177 -0.278873 0.10605 0.954454 2006 1 21 1 1 220944 15555 2 
2.09027e+06 719692 85.1734 222 247 166 0.0864746 0.0685058 0.993896 2007 1 8 1 1 221086 20655 1 
2.09025e+06 719710 80.12 204 248 176 -0.0715474 0.192814 0.978623 2007 1 13 1 1 221085 9945 2 
2.09028e+06 719668 81.9611 220 248 169 0.227501 -0.319074 0.920019 2007 1 7 1 1 221086 18105 1 
2.09026e+06 719691 85.296 222 247 166 -0.0757547 0.051601 0.99579 2007 1 9 1 1 221086 16320 1 
2.09027e+06 719701 80.6829 204 248 176 0.165822 0.369911 0.914149 2007 1 9 1 1 221085 14790 2 
2.09029e+06 719698 80.1527 203 248 176 0.12619 0.178665 0.975784 2007 1 7 1 1 221085 20400 2 
2.09029e+06 719686 82.6913 219 248 169 0.447159 -0.0877602 0.890139 2006 1 31 1 1 220944 4845 1 
2.09027e+06 719665 80.664 204 248 176 -0.0813299 -0.353319 0.931961 2007 1 8 1 1 221086 13260 2 
2.09025e+06 719677 82.6195 221 248 168 -0.286694 -0.361745 0.8871 2007 1 13 1 1 221086 11730 1 
2.09027e+06 719696 84.5033 222 246 165 0.0726718 0.342218 0.936806 2006 1 27 1 1 220944 8415 1 
2.09026e+06 719681 85.294 222 246 165 0.0393239 -0.049952 0.997977 2006 1 28 1 1 220944 8670 1 
2.09028e+06 719675 83.4483 220 248 169 0.371197 -0.0992578 0.923234 2007 1 7 1 1 221086 19380 1 
2.09024e+06 719675 80.2108 203 248 176 -0.255502 -0.195384 0.94686 2007 1 13 1 1 221086 12750 2 
2.09026e+06 719700 84.1706 221 248 168 -0.10321 0.0669165 0.992406 2006 1 20 1 1 220944 13260 1 
2.09024e+06 719696 80.0133 203 248 176 -0.170103 0.0480981 0.984252 2007 1 13 1 1 221086 18870 2 
2.09028e+06 719678 83.7391 221 248 168 0.263814 -0.122063 0.956819 2006 1 30 1 1 220944 5865 1 
2.09024e+06 719678 80.757 203 248 176 -0.329969 -0.150488 0.93192 2006 1 23 1 1 220944 8160 2 
2.09025e+06 719680 83.749 221 248 168 -0.168552 -0.181419 0.968854 2007 1 12 1 1 221086 13770 1 
2.09028e+06 719689 84.4635 221 248 168 0.141417 -0.00779464 0.989919 2007 1 6 1 1 221086 21165 1 
2.09029e+06 719697 79.902 203 248 176 0.0669222 0.0244319 0.997459 2007 1 5 1 1 221086 22185 2 
2.09027e+06 719666 81.4634 204 248 176 -0.0119001 -0.45088 0.892505 2006 1 28 1 1 220944 9180 2 
2.09028e+06 719698 80.9861 203 248 176 0.0798954 0.391352 0.916766 2007 1 7 1 1 221086 13515 2 
2.09029e+06 719684 82.283 203 248 176 0.409205 -0.165118 0.897378 2007 1 4 1 1 221086 19635 2 
2.09024e+06 719670 79.7689 203 248 177 -0.0667816 -0.100738 0.992669 2007 1 12 1 1 221086 17085 2 
2.09026e+06 719693 85.0183 222 247 166 -0.063723 0.0464422 0.996886 2007 1 11 1 1 221086 12495 1 
2.09024e+06 719682 80.4424 203 248 177 -0.187538 0.0244615 0.981953 2006 1 21 1 1 220944 16065 2 
2.09027e+06 719677 84.9774 222 247 167 0.0856105 -0.0292593 0.995899 2007 1 7 1 1 221086 19890 1 
2.09025e+06 719705 81.6522 203 248 176 -0.236974 0.409861 0.880828 2006 1 20 1 1 220945 8925 2 
2.09025e+06 719689 82.1312 206 248 174 -0.29009 0.132345 0.947804 2006 1 24 1 1 220944 5355 1 
2.09025e+06 719689 82.358 220 248 168 -0.285999 0.171052 0.942839 2007 1 13 1 1 221086 13515 1 
2.09025e+06 719685 83.9767 221 248 168 -0.174748 0.115259 0.977844 2007 1 13 1 1 221086 14025 1 
2.0903e+06 719696 79.807 203 248 176 0.0357987 0.011251 0.999296 2007 1 4 1 1 221086 17595 2 
2.09028e+06 719698 81.0801 204 248 176 0.0564749 0.353296 0.933805 2007 1 6 1 1 221086 14025 2 
2.09028e+06 719672 80.7222 203 248 176 0.474096 -0.003984 0.880464 2007 1 4 1 1 221086 19380 2 
2.09026e+06 719701 84.0454 221 248 168 -0.0854179 0.122861 0.988741 2007 1 11 1 1 221086 13260 1 
2.09027e+06 719700 81.5318 204 248 176 0.17596 0.650286 0.739031 2007 1 9 1 1 221085 13515 2 
2.09028e+06 719690 84.7128 222 247 167 0.10609 0.0185931 0.994183 2006 1 29 1 1 220944 4845 1 
2.09025e+06 719698 81.1616 203 248 176 -0.430026 0.179299 0.884833 2006 1 22 1 1 220944 11475 2 
2.09025e+06 719701 82.4725 206 248 174 -0.332808 -0.242703 0.911227 2006 1 19 1 1 220944 5865 1 
2.09025e+06 719692 83.4536 220 248 168 -0.296636 0.0521977 0.953563 2006 1 23 1 1 220944 11730 1 
2.09026e+06 719670 82.7038 204 248 176 0.0915058 -0.471607 0.877048 2006 1 25 1 1 220944 9180 2 
2.09024e+06 719685 80.8901 203 248 177 -0.276133 0.0184089 0.960943 2006 1 24 1 1 220944 16320 2 
2.09026e+06 719685 85.0932 222 247 166 -0.10637 0.0481464 0.99316 2007 1 9 1 1 221086 15810 1 
2.09029e+06 719687 80.8045 203 248 176 0.361283 -0.0244284 0.932136 2007 1 4 1 1 221086 22695 2 
2.09026e+06 719689 85.356 222 247 166 -0.0467677 0.0176678 0.99875 2006 1 27 1 1 220944 8925 1 
2.09027e+06 719685 85.3417 222 247 166 0.0823254 -0.0450046 0.995589 2007 1 8 1 1 221086 16830 1 
2.09025e+06 719678 83.8015 221 248 168 -0.201494 -0.282092 0.93799 2006 1 25 1 1 220944 10965 1 
2.09025e+06 719677 84.2487 222 247 167 -0.228688 -0.11115 0.967134 2006 1 25 1 1 220944 11475 1 
2.09027e+06 719694 85.1979 222 246 166 0.0197867 0.192047 0.981186 2007 1 9 1 1 221086 19890 1 
2.09025e+06 719676 82.6477 221 248 168 -0.206743 -0.490449 0.846591 2006 1 26 1 1 220944 9180 1 
2.09024e+06 719675 80.0552 203 248 176 -0.104159 -0.135286 0.985316 2007 1 13 1 1 221086 14280 2 
2.09028e+06 719686 83.179 219 248 169 0.285659 -0.126221 0.949983 2007 1 5 1 1 221086 17340 1 
2.09028e+06 719694 83.9417 221 247 167 0.277757 0.277757 0.919621 2007 1 7 1 1 221086 17340 1 
2.09026e+06 719701 83.9069 222 247 167 0.308563 0.344688 0.886555 2007 1 10 1 1 221086 13515 1 
2.09025e+06 719698 80.6901 203 248 177 -0.290532 0.165044 0.942524 2006 1 24 1 1 220944 14280 2 
2.09026e+06 719702 84.0784 221 247 167 0.0251825 0.231439 0.972523 2007 1 11 1 1 221086 13260 1 
2.09027e+06 719661 79.9519 204 248 176 0.0181623 -0.077991 0.996789 2007 1 7 1 1 221086 17850 2 
2.09025e+06 719674 83.2381 222 247 166 -0.481948 -0.45563 0.748417 2007 1 10 1 1 221086 11985 1 
2.09027e+06 719695 84.8354 222 247 166 0.101836 0.212473 0.971846 2007 1 8 1 1 221086 16320 1 
2.09029e+06 719682 81.5836 203 248 176 0.374233 -0.197953 0.905961 2007 1 4 1 1 221086 15810 2 
2.09026e+06 719698 84.1673 221 248 168 -0.114018 0.0485422 0.992292 2007 1 11 1 1 221086 12750 1 
2.09025e+06 719709 80.5128 204 248 176 0.013726 0.313202 0.949587 2007 1 12 1 1 221085 12495 2 
2.09028e+06 719691 84.3859 221 248 168 0.181524 0.126441 0.975224 2007 1 6 1 1 221086 17595 1 
2.09026e+06 719699 83.6572 222 247 166 0.0339667 0.303184 0.952326 2007 1 10 1 1 221086 15300 1 
2.09028e+06 719688 84.7091 221 247 167 0.0850739 -0.0226146 0.996118 2007 1 7 1 1 221086 18105 1 
2.09028e+06 719678 84.0917 221 248 168 0.126953 -0.0780352 0.988834 2007 1 6 1 1 221086 18360 1 
2.09025e+06 719712 79.8765 203 248 176 -0.0152821 0.0295453 0.999447 2007 1 13 1 1 221086 20655 2 
2.09026e+06 719679 84.8825 222 247 167 -0.139147 -0.0282819 0.989868 2006 1 27 1 1 220944 9690 1 
2.09029e+06 719692 82.677 220 248 169 0.262878 0.205073 0.942783 2007 1 5 1 1 221086 17340 1 
2.09025e+06 719692 84.2186 221 248 168 -0.152898 0.0379371 0.987514 2007 1 12 1 1 221086 14025 1 
2.09027e+06 719687 85.4339 222 246 165 0.00495514 0.00891926 0.999948 2006 1 27 1 1 220944 8925 1 
2.09025e+06 719685 82.7701 220 248 169 -0.482128 0.115882 0.868403 2006 1 24 1 1 220944 10965 1 
2.09029e+06 719681 80.6666 203 248 176 0.312787 -0.107812 0.943685 2007 1 4 1 1 221086 26775 2 
2.09027e+06 719665 81.0782 204 248 176 -0.134804 -0.482686 0.865357 2007 1 7 2 2 221086 0 2 
2.09027e+06 719666 81.0192 204 248 176 -0.194454 -0.375944 0.90601 2007 1 7 1 1 221086 17340 2 
2.09026e+06 719666 80.6871 204 248 176 -0.0208974 -0.279042 0.960052 2006 1 26 1 1 220944 10965 2 
2.09026e+06 719671 82.8095 204 248 176 -0.112096 -0.557571 0.822526 2006 1 26 1 1 220944 10965 2 
2.09025e+06 719696 83.7233 220 248 168 -0.302408 0.14239 0.942483 2006 1 20 1 1 220944 12750 1 
2.09025e+06 719700 81.9776 205 248 175 -0.391376 -0.157974 0.90657 2006 1 22 1 1 220944 5100 1 
2.09026e+06 719674 84.74 222 246 166 0.0064408 -0.395465 0.918458 2006 1 28 1 1 220944 10965 1 
2.09025e+06 719691 81.8169 219 248 169 -0.322454 0.264091 0.908999 2007 1 12 1 1 221086 13515 1 
2.09025e+06 719690 81.862 203 248 176 -0.369677 0.102309 0.92351 2006 1 22 1 1 220944 11220 2 
2.09027e+06 719663 80.1968 204 248 176 -0.0349234 -0.222787 0.974241 2007 1 7 1 1 221086 17595 2 
2.09028e+06 719686 83.7806 220 248 168 0.190078 -0.0365989 0.981087 2006 1 30 1 1 220944 6375 1 
2.09025e+06 719691 82.8079 220 248 168 -0.397611 0.0492027 0.916234 2006 1 23 1 1 220944 14025 1 
2.09025e+06 719679 83.1082 219 248 169 -0.27517 -0.260913 0.925314 2006 1 25 1 1 220944 10710 1 
2.09029e+06 719697 79.9482 203 248 176 0.0583043 0.0737055 0.995574 2007 1 6 1 1 221085 21675 2 
2.09024e+06 719680 81.1241 203 248 176 -0.472214 0.0338262 0.880835 2006 1 23 1 1 220944 11475 2 
2.09026e+06 719702 83.8992 221 248 168 -0.0657763 0.237043 0.96927 2007 1 12 1 1 221086 13770 1 
2.09026e+06 719678 85.2893 222 246 166 -0.00692351 -0.00692351 0.999952 2006 1 28 1 1 220944 9945 1 
2.09025e+06 719705 82.1618 219 248 169 -0.228394 0.588854 0.775298 2006 1 19 1 1 220944 8415 1 
2.09025e+06 719671 80.7751 203 248 176 -0.23162 -0.273733 0.9335 2007 1 10 1 1 221086 19380 2 
2.09027e+06 719666 81.1389 204 248 176 -0.11626 -0.492311 0.86262 2007 1 8 1 1 221086 12750 2 
2.09028e+06 719679 83.5691 220 248 168 0.302994 -0.175709 0.936654 2007 1 5 1 1 221086 18615 1 
2.09025e+06 719706 81.4152 205 248 175 -0.129583 0.437166 0.889997 2007 1 12 1 1 221086 13770 2 
2.09025e+06 719688 84.4689 221 248 168 -0.103924 0.0480509 0.993424 2006 1 26 1 1 220944 11220 1 
2.09027e+06 719703 80.2977 203 248 176 0.106866 0.20996 0.971852 2007 1 8 1 1 221086 13770 2 
2.09025e+06 719695 83.3236 220 248 168 -0.37214 0.123124 0.919974 2007 1 12 1 1 221086 13515 1 
2.09027e+06 719688 85.3177 222 246 166 0.0799494 -0.0138579 0.996703 2006 1 29 1 1 220944 8160 1 
2.09028e+06 719680 84.1656 221 248 168 0.0952262 -0.0317421 0.994949 2007 1 7 1 1 221086 19380 1 
2.09026e+06 719669 82.1244 222 247 166 0.237303 -0.445889 0.863059 2007 1 9 1 1 221086 16065 1 
2.09025e+06 719678 84.1127 221 248 168 -0.12299 -0.170198 0.977705 2006 1 26 1 1 220944 12750 1 
2.09026e+06 719686 85.4023 222 246 165 -0.0551766 0.0135339 0.998385 2007 1 9 1 1 221086 20655 1 
2.09028e+06 719675 82.0867 218 248 169 0.391182 -0.293767 0.872168 2007 1 5 1 1 221086 6375 1 
2.09025e+06 719701 82.3094 219 248 169 -0.593027 0.207945 0.777867 2007 1 12 1 1 221086 13770 1 
2.09028e+06 719701 80.0642 203 248 176 0.133248 0.163135 0.977564 2007 1 6 1 1 221086 19125 2 
2.09025e+06 719682 84.4179 222 247 167 -0.0998211 0.00536673 0.994991 2007 1 12 1 1 221086 13770 1 
2.09025e+06 719675 81.8408 203 248 176 -0.281095 -0.51665 0.808738 2006 1 25 1 1 220944 11475 2 
2.09026e+06 719678 85.2092 222 246 166 -0.0913042 -0.0118158 0.995753 2007 1 10 1 1 221086 14280 1 
2.09025e+06 719685 84.3847 221 248 168 -0.145493 0.0214292 0.989127 2006 1 26 1 1 220944 10200 1 
2.09029e+06 719696 79.8642 203 248 176 0.0345807 0.0387723 0.99865 2007 1 4 1 1 221086 18615 2 
2.09028e+06 719687 84.4012 221 248 168 0.101487 -0.0479554 0.99368 2007 1 6 1 1 221086 17595 1 
2.09028e+06 719688 84.4225 221 247 167 0.111127 -0.0231055 0.993538 2006 1 25 1 1 220944 5610 1 
2.09028e+06 719694 81.8893 220 248 168 0.22081 0.410499 0.884722 2007 1 6 2 1 221086 5100 1 
2.09025e+06 719700 81.3047 203 248 176 -0.426209 0.104806 0.898533 2006 1 17 1 1 220944 11220 2 
2.09025e+06 719681 83.8585 221 248 168 -0.116732 -0.0277932 0.992774 2007 1 12 1 1 221086 13515 1 
2.09027e+06 719694 85.0858 222 247 166 0.0864393 0.178966 0.980051 2007 1 9 1 1 221086 18870 1 
2.09027e+06 719706 80.0437 203 248 176 0.030493 0.134395 0.990459 2007 1 10 1 1 221086 13260 2 
2.09026e+06 719687 85.369 222 246 166 -0.0660225 0.0443758 0.996831 2007 1 9 1 1 221086 14790 1 
2.09026e+06 719682 84.8448 222 247 167 -0.126331 0.00549265 0.991973 2006 1 27 1 1 220944 10965 1 
2.09026e+06 719693 85.1532 222 247 166 -0.0502026 0.0970584 0.994012 2007 1 9 1 1 221086 13770 1 
2.09027e+06 719674 84.66 222 247 167 0 0 0 2006 1 29 1 1 220944 5610 1 
2.09025e+06 719692 81.9286 220 248 169 -0.415688 0.128229 0.900423 2007 1 14 1 1 221086 12750 1 
2.09025e+06 719693 84.0248 220 248 168 -0.196541 0.0151185 0.980379 2006 1 26 1 1 220944 10710 1 
2.09027e+06 719666 80.6761 204 248 175 -0.137663 -0.279335 0.950274 2007 1 8 1 1 221086 16830 2 
2.09025e+06 719713 79.8645 203 248 176 -0.010966 0.00897218 0.9999 2007 1 13 1 1 221086 19125 2 
2.09026e+06 719684 85.0063 222 247 166 -0.119691 0.0346768 0.992205 2007 1 10 1 1 221086 14790 1 
2.09027e+06 719677 85.1027 222 247 166 0.0601932 -0.0221765 0.99794 2007 1 9 1 1 221086 15810 1 
2.09027e+06 719695 84.4858 222 247 167 0.185562 0.347043 0.919309 2007 1 8 1 1 221086 18105 1 
2.09026e+06 719682 85.2698 222 247 166 -0.0610259 -0.00103434 0.998136 2007 1 9 1 1 221086 15045 1 
2.09028e+06 719691 83.601 221 248 168 0.183285 0.183285 0.965822 2007 1 6 1 1 221086 20910 1 
2.09025e+06 719685 83.4609 220 248 169 -0.270063 0.157201 0.949923 2006 1 22 1 1 220944 11985 1 
2.09026e+06 719690 84.984 222 247 166 -0.0974013 0.0295487 0.994806 2007 1 9 1 1 221086 15555 1 
2.09026e+06 719688 85.2246 222 247 166 -0.089438 0.0474794 0.99486 2007 1 9 1 1 221086 16320 1 
2.09025e+06 719689 83.6448 221 248 168 -0.297873 0.0845492 0.950854 2007 1 13 1 1 221086 13515 1 
2.09028e+06 719675 84.2062 221 248 168 0.0903005 -0.0293749 0.995481 2007 1 8 1 1 221086 17595 1 
2.09026e+06 719682 85.3473 222 247 166 0.0306323 -0.051758 0.99819 2007 1 8 1 1 221086 18360 1 
2.09028e+06 719699 80.6569 203 248 176 0.128013 0.270543 0.954159 2007 1 6 1 1 221086 19380 2 
2.09025e+06 719694 83.746 221 248 168 -0.341822 -0.011352 0.939696 2007 1 11 1 1 221086 14535 1 
2.09027e+06 719668 81.5336 222 247 167 -0.277163 -0.436417 0.855991 2007 1 9 1 1 221086 13770 1 
2.09026e+06 719707 79.9883 203 248 176 0.0694704 0.105914 0.991946 2007 1 10 1 1 221086 12495 2 
2.09025e+06 719687 82.0497 220 248 169 -0.473389 0.137529 0.870051 2007 1 12 1 1 221086 14025 1 
2.09024e+06 719676 80.6541 203 248 176 -0.3366 -0.286184 0.897106 2007 1 11 2 2 221086 0 2 
2.09025e+06 719688 82.5787 204 248 176 -0.304553 0.203503 0.930502 2006 1 24 1 1 220944 10965 2 
2.09027e+06 719681 85.0244 222 247 166 0.0816405 -0.0359218 0.996014 2006 1 29 1 1 220944 5610 1 
2.09026e+06 719683 84.8947 222 247 167 -0.12323 0.0418305 0.991496 2007 1 10 1 1 221086 14790 1 
2.09029e+06 719684 80.6886 203 248 176 0.309603 -0.10763 0.944755 2007 1 4 1 1 221086 18615 2 
2.09026e+06 719702 83.8385 221 248 168 0.279795 0.291393 0.91477 2006 1 24 1 1 220944 10455 1 
2.09028e+06 719700 80.4873 204 248 176 0.0156113 0.246178 0.969099 2007 1 7 1 1 221086 14280 2 
2.09025e+06 719700 83.921 221 248 168 -0.19507 0.103126 0.975352 2007 1 12 1 1 221086 13260 1 
2.09025e+06 719704 81.8578 219 248 169 -0.393844 0.276143 0.876717 2007 1 12 1 1 221086 11220 1 
2.09026e+06 719701 83.3456 222 247 167 0.202026 0.429122 0.880363 2007 1 11 1 1 221086 13770 1 
2.09028e+06 719693 82.3938 204 248 176 0.207659 0.379014 0.901791 2007 1 6 2 2 221086 0 2 
2.09026e+06 719669 81.7597 204 248 176 0.272824 -0.365256 0.890031 2006 1 26 1 1 220944 11220 2 
2.09029e+06 719699 79.9168 203 248 176 0.0350663 0.0563187 0.997797 2007 1 7 1 1 221085 21165 2 
2.09024e+06 719679 80.9489 219 248 169 -0.400341 -0.0746399 0.913321 2007 1 14 1 1 221086 13005 1 
2.09025e+06 719692 81.2131 203 248 176 -0.32408 0.254323 0.911203 2006 1 23 1 1 220944 12750 2 
2.09025e+06 719700 81.9023 203 248 176 -0.397185 -0.180539 0.899805 2006 1 22 1 1 220944 8160 2 
2.09026e+06 719692 84.8873 222 247 167 -0.093434 0.0118135 0.995555 2007 1 11 1 1 221086 12750 1 
2.09026e+06 719663 80.055 204 248 176 -0.0206631 -0.0967902 0.99509 2007 1 9 1 1 221086 20910 2 
2.09027e+06 719705 80.4775 204 248 176 0.133994 0.357777 0.924143 2007 1 9 1 1 221086 13770 2 
2.09027e+06 719688 85.4145 222 247 166 -0.0279539 0.0320952 0.999094 2006 1 26 1 1 220944 9945 1 
2.09025e+06 719707 80.5725 203 248 176 -0.203413 0.275368 0.939572 2007 1 12 1 1 221086 7140 2 
2.09027e+06 719696 83.7805 222 247 167 0.26857 0.49833 0.82434 2007 1 8 1 1 221086 18870 1 
2.09027e+06 719694 84.6504 222 247 167 0.188958 0.226482 0.955511 2007 1 7 1 1 221086 18615 1 
2.09028e+06 719703 80.0485 203 248 176 -0.0119771 0.107794 0.994101 2007 1 8 1 1 221086 14280 2 
2.09025e+06 719682 84.5438 222 247 167 -0.0825878 -0.0182337 0.996417 2007 1 12 1 1 221086 15300 1 
2.09025e+06 719669 79.8353 203 248 176 -0.0578339 -0.109998 0.992248 2007 1 11 1 1 221086 19635 2 
2.09026e+06 719701 83.307 204 248 175 0.341198 0.409749 0.845984 2007 1 10 2 2 221086 0 2 
2.09029e+06 719686 81.7796 219 248 169 0.423123 -0.0554251 0.904375 2006 1 31 1 1 220944 6885 1 
2.09029e+06 719683 81.0338 203 248 176 0.387409 -0.185784 0.902994 2007 1 4 1 1 221086 23715 2 
2.09025e+06 719706 81.1663 219 248 169 -0.112226 0.3921 0.913052 2007 1 13 2 1 221085 5865 1 
2.09024e+06 719695 80.3437 203 248 176 -0.255375 0.040712 0.965984 2006 1 18 1 1 220944 15555 2 
2.09026e+06 719699 83.803 222 247 166 0.122625 0.367875 0.921754 2007 1 10 1 1 221086 13515 1 
2.09027e+06 719663 80.214 204 248 176 -0.0429732 -0.244333 0.968739 2007 1 5 1 1 221086 18870 2 
2.09026e+06 719698 84.5256 222 247 167 -0.0870642 0.0451852 0.995177 2007 1 10 1 1 221086 14025 1 
2.09026e+06 719670 82.0603 204 248 175 0.0580067 -0.578652 0.813509 2006 1 27 1 1 220944 5100 2 
2.09026e+06 719701 84.1694 222 247 167 0.14471 0.225538 0.963427 2007 1 11 1 1 221086 13260 1 
2.09027e+06 719671 83.9555 222 247 166 -0.124936 -0.40569 0.905432 2006 1 28 1 1 220944 6885 1 
2.09026e+06 719703 83.185 205 248 175 0.393517 0.568047 0.722819 2007 1 11 2 2 221086 0 2 
2.09028e+06 719662 80.0874 203 248 176 0.0631463 -0.172759 0.982938 2007 1 5 1 1 221086 21165 2 
2.09028e+06 719695 81.2908 203 248 176 0.208595 0.389475 0.897105 2007 1 6 1 1 221086 17595 2 
2.09025e+06 719675 81.794 221 248 168 -0.318967 -0.466666 0.824914 2007 1 13 1 1 221086 8160 1 
2.09028e+06 719681 84.0062 220 248 168 0.126325 -0.027948 0.991595 2007 1 5 1 1 221086 16830 1 
2.09026e+06 719697 84.4434 222 247 167 0.0933691 0.303778 0.948157 2006 1 25 1 1 220944 9690 1 
2.09028e+06 719701 79.9567 203 248 176 0.0612473 0.0857462 0.994433 2007 1 6 1 1 221086 22695 2 
2.09026e+06 719686 84.6945 222 247 167 -0.0852524 0.0248203 0.99605 2007 1 10 1 1 221086 14790 1 
2.09025e+06 719691 81.5999 203 248 176 -0.358407 0.23845 0.9026 2006 1 24 1 1 220944 10965 2 
2.09027e+06 719668 81.1845 204 248 176 -0.159719 -0.371735 0.914496 2006 1 27 1 1 220944 9435 2 
2.09028e+06 719698 81.618 222 247 167 0.112616 0.568931 0.814638 2007 1 7 2 1 221086 3825 1 
2.09025e+06 719669 79.7919 203 248 177 -0.0519047 -0.0850354 0.995025 2007 1 11 1 1 221086 18105 2 
2.09025e+06 719674 82.6165 204 248 176 -0.344653 -0.471714 0.811603 2006 1 23 1 1 220944 10710 2 
2.09028e+06 719676 82.7675 220 248 169 0.342124 -0.160589 0.92583 2007 1 5 1 1 221086 17340 1 
2.09025e+06 719682 83.5302 220 248 168 -0.41766 0.251802 0.873015 2007 1 13 1 1 221086 13770 1 
2.09024e+06 719672 80.0867 203 248 176 -0.0926028 -0.193849 0.976651 2007 1 12 1 1 221086 17085 2 
2.09026e+06 719692 84.4877 221 248 168 -0.123058 0.0188466 0.992221 2006 1 25 1 1 220944 9690 1 
2.09027e+06 719688 84.874 222 247 167 0.0838025 -0.0359154 0.995835 2007 1 7 1 1 221086 17595 1 
2.09027e+06 719683 84.554 221 247 167 0.0932455 -0.0362012 0.994985 2007 1 7 1 1 221086 18615 1 
2.09025e+06 719700 81.54 210 248 172 0 0 0 2006 1 20 1 1 220944 6375 1 
2.09028e+06 719665 80.9314 204 248 176 0.0530865 -0.240741 0.969137 2007 1 6 1 1 221086 20655 2 
2.09025e+06 719683 84.5247 221 248 168 -0.0965853 0.0184489 0.995154 2006 1 27 1 1 220944 10965 1 
2.09025e+06 719702 80.1889 203 248 176 -0.277241 0.0464158 0.959679 2006 1 19 1 1 220944 14025 2 
2.09026e+06 719703 83.6576 221 248 168 0.548703 0.391463 0.738702 2006 1 22 1 1 220944 13005 1 
2.09026e+06 719672 84.1489 222 246 166 -0.0119276 -0.457226 0.889271 2006 1 28 1 1 220944 7140 1 
2.09027e+06 719699 82.7481 222 247 166 0.169598 0.710479 0.682976 2007 1 8 1 1 221086 13515 1 
2.09024e+06 719678 80.1199 203 248 177 -0.130206 -0.0396278 0.990695 2006 1 22 1 1 220944 15810 2 
2.09028e+06 719671 83.6457 221 248 168 0.271991 -0.283504 0.91959 2006 1 29 1 1 220944 5865 1 
2.09024e+06 719679 81.2153 204 248 176 -0.487777 -0.119426 0.864761 2006 1 23 1 1 220944 11985 2 
2.09029e+06 719692 79.9577 203 248 176 0.137341 0.0145157 0.990417 2007 1 4 1 1 221086 22185 2 
2.09026e+06 719666 80.5132 204 248 175 -0.0181594 -0.253021 0.96729 2007 1 9 1 1 221086 16830 2 
2.09024e+06 719672 79.7947 203 248 176 -0.0696277 -0.106154 0.991909 2007 1 13 1 1 221086 19635 2 
2.09028e+06 719684 84.3447 221 247 167 0.109879 -0.0344065 0.993349 2006 1 29 1 1 220944 5355 1 
2.09027e+06 719670 83.0887 204 248 175 -0.243473 -0.541224 0.804858 2006 1 26 1 1 220944 8415 2 
2.09028e+06 719672 83.1661 220 248 168 0.306587 -0.265902 0.913948 2006 1 29 1 1 220944 5865 1 
2.09027e+06 719673 84.4208 221 247 167 0.0624525 -0.0646438 0.995952 2006 1 29 1 1 220944 5355 1 
2.09025e+06 719711 79.9536 204 248 176 -0.0570265 0.0928078 0.99405 2007 1 14 1 1 221085 10965 2 
2.09027e+06 719690 85.3096 222 247 166 0.0708623 -0.0158647 0.99736 2007 1 8 1 1 221086 16065 1 
2.09025e+06 719674 80.9654 203 248 176 -0.110045 -0.490199 0.864636 2006 1 24 1 1 220944 15045 2 
2.09027e+06 719686 84.8117 222 247 167 0.0859698 -0.033735 0.995726 2007 1 8 1 1 221086 19380 1 
2.09024e+06 719674 80.8513 203 248 176 -0.252353 -0.358607 0.898732 2007 1 12 2 2 221086 0 2 
2.09028e+06 719663 80.4565 203 248 176 0.0129792 -0.218286 0.975798 2007 1 6 1 1 221086 14280 2 
2.09025e+06 719707 80.1961 203 248 176 -0.152219 0.0922901 0.984028 2007 1 13 1 1 221086 27285 2 
2.09026e+06 719682 85.0033 222 247 167 -0.106647 -0.00107724 0.994296 2006 1 25 1 1 220944 11985 1 
2.09024e+06 719681 83.0925 220 248 169 -0.479953 0.219537 0.849381 2007 1 12 1 1 221086 13770 1 
2.09029e+06 719686 80.1021 203 248 176 0.2051 -0.015236 0.978622 2007 1 4 1 1 221086 23970 2 
2.09026e+06 719683 85.394 222 246 165 0.0197867 -0.0468631 0.998705 2006 1 25 1 1 220944 9690 1 
2.09028e+06 719689 84.5615 221 248 168 0.0963771 -0.0184091 0.995175 2007 1 7 1 1 221086 17340 1 
2.09027e+06 719673 84.4677 222 247 167 -0.0510448 -0.257714 0.964872 2006 1 29 1 1 220944 6120 1 
2.09027e+06 719667 81.9716 221 247 167 -0.167231 -0.492813 0.853914 2007 1 8 2 1 221086 6375 1 
2.09027e+06 719706 80.1148 204 248 176 0.0463476 0.191332 0.98043 2007 1 11 1 1 221085 13770 2 
2.09027e+06 719702 81.7188 204 248 176 0.227219 0.446915 0.865239 2007 1 11 1 1 221085 13515 2 
2.09025e+06 719674 83.7914 222 247 167 -0.366197 -0.353836 0.860639 2006 1 26 1 1 220944 10455 1 
2.09028e+06 719679 83.9538 221 248 168 0.176244 -0.126246 0.976217 2006 1 30 1 1 220944 5610 1 
2.09025e+06 719673 80.42 203 248 176 -0.141144 -0.286321 0.947681 2007 1 12 1 1 221086 17085 2 
2.09029e+06 719687 83.1692 219 248 169 0.319091 0.0343245 0.947102 2007 1 5 1 1 221086 17595 1 
2.09025e+06 719674 81.1726 203 248 176 -0.158972 -0.52446 0.836462 2006 1 24 1 1 220944 12495 2 
2.09025e+06 719669 80.0338 203 248 176 -0.151965 -0.156988 0.975839 2007 1 11 1 1 221086 21675 2 
2.09027e+06 719678 84.9508 222 247 167 0.0866674 -0.0139096 0.99614 2007 1 9 1 1 221086 19380 1 
2.09026e+06 719685 85.2335 222 247 166 -0.0879565 0.0271471 0.995754 2007 1 11 1 1 221086 15810 1 
2.09025e+06 719689 84.4565 221 248 168 -0.118737 0.0486255 0.991734 2006 1 26 1 1 220944 10455 1 
2.09026e+06 719669 81.6323 204 248 176 -0.137192 -0.553194 0.821678 2006 1 26 1 1 220944 9435 2 
2.09028e+06 719670 82.9183 221 248 168 0.281758 -0.328963 0.90133 2006 1 29 1 1 220944 5865 1 
2.09029e+06 719684 81.5225 219 248 169 0.385518 -0.135983 0.912625 2006 1 31 1 1 220944 6375 1 
2.09027e+06 719697 82.54 222 247 167 0.314848 0.538598 0.781526 2007 1 8 2 1 221086 5865 1 
2.09028e+06 719687 84.5419 222 247 167 0.100421 -0.0364164 0.994278 2006 1 27 1 1 220944 7395 1 
2.09026e+06 719675 84.7846 222 247 166 -0.140758 -0.245997 0.958996 2006 1 28 1 1 220944 9945 1 
2.09026e+06 719676 85.2114 222 246 165 0.0252674 -0.104365 0.994218 2006 1 26 1 1 220944 6885 1 
2.09024e+06 719673 79.8303 203 248 176 -0.0764743 -0.101585 0.991883 2007 1 13 1 1 221086 18360 2 
2.09025e+06 719668 80.1317 203 248 176 -0.100229 -0.191796 0.976304 2007 1 11 1 1 221086 17340 2 
2.09025e+06 719701 82.1747 219 248 169 -0.543239 -0.325303 0.773996 2007 1 12 1 1 221086 14790 1 
2.09025e+06 719703 82.9626 220 248 169 -0.254173 0.107088 0.961212 2007 1 12 1 1 221086 11475 1 
2.09025e+06 719698 84.0026 220 248 168 -0.17354 0.0531245 0.983393 2006 1 24 1 1 220944 11220 1 
2.09026e+06 719675 84.8591 222 246 166 0.00599417 -0.252954 0.96746 2006 1 28 1 1 220944 5865 1 
2.09026e+06 719708 80.0933 203 248 176 0.130692 0.168033 0.97708 2007 1 10 1 1 221086 13005 2 
2.09025e+06 719673 80.5673 203 248 176 -0.0769824 -0.384912 0.919737 2007 1 12 1 1 221086 16320 2 
2.09026e+06 719696 84.7401 222 247 166 0.0353431 0.244964 0.968888 2007 1 9 1 1 221086 15555 1 
2.09025e+06 719687 83.3978 220 248 168 -0.25741 0.156047 0.953619 2006 1 23 1 1 220944 11475 1 
2.09027e+06 719664 80.5888 204 248 176 -0.0447284 -0.318211 0.946964 2007 1 5 1 1 221086 18615 2 
2.09027e+06 719659 79.8114 203 248 176 -0.00953363 -0.0794469 0.996794 2007 1 6 1 1 221086 18360 2 
2.09024e+06 719674 80.1292 203 248 176 -0.166977 -0.192865 0.966914 2007 1 13 1 1 221086 17850 2 
2.09024e+06 719678 80.4724 203 248 177 -0.181263 -0.104812 0.977833 2006 1 23 1 1 220944 10455 2 
2.09028e+06 719674 83.927 221 248 168 0.312031 -0.145796 0.938818 2006 1 30 1 1 220944 5100 1 
2.09025e+06 719700 83.3974 220 248 169 -0.34293 0.0781192 0.936107 2006 1 23 1 1 220944 11985 1 
2.09024e+06 719686 81.2276 219 248 169 -0.291492 0.0210866 0.956341 2007 1 14 2 1 221086 7140 1 
2.09026e+06 719688 84.9953 222 247 167 -0.104376 0.0505045 0.993255 2006 1 27 1 1 220944 10965 1 
2.09025e+06 719707 80.7333 204 248 176 -0.159121 0.327928 0.931205 2007 1 12 1 1 221086 14280 2 
2.09026e+06 719703 83.5142 220 248 168 0.0216302 0.339721 0.940277 2006 1 20 1 1 220944 11985 1 
2.09029e+06 719680 81.6019 204 248 176 0.388743 -0.138937 0.91081 2007 1 4 1 1 221086 13260 2 
2.09027e+06 719676 85 222 247 167 0.0706099 -0.0818178 0.994143 2007 1 7 1 1 221086 17850 1 
2.09027e+06 719684 84.597 221 247 167 0.0863305 -0.0382477 0.995532 2007 1 7 1 1 221086 18615 1 
2.09027e+06 719700 81.1255 204 248 176 0.15418 0.570316 0.806826 2007 1 8 1 1 221085 14280 2 
2.09025e+06 719681 84.4538 221 248 168 -0.0934419 -0.0384761 0.994881 2006 1 26 1 1 220944 10200 1 
2.09026e+06 719683 85.1409 222 247 167 -0.100246 0.00970123 0.994915 2006 1 27 1 1 220944 8670 1 
2.09025e+06 719702 80.7324 203 248 176 -0.518898 0.0428955 0.853759 2006 1 17 1 1 220944 11475 2 
2.09024e+06 719677 80.3049 219 248 169 -0.156144 -0.124178 0.979897 2007 1 14 2 1 221086 6120 1 
2.09024e+06 719674 79.7871 203 248 177 -0.0718021 -0.0651742 0.995287 2007 1 13 1 1 221086 18870 2 
2.09025e+06 719699 83.5963 220 248 168 -0.315742 0.0554159 0.947226 2006 1 21 1 1 220944 11220 1 
2.09026e+06 719684 85.4234 222 247 166 -0.0315191 -0.00915071 0.999461 2006 1 27 1 1 220944 11220 1 
2.09028e+06 719699 80.137 203 248 176 0.122832 0.203876 0.97126 2007 1 5 1 1 221086 25755 2 
2.09027e+06 719672 84.4021 221 247 167 0.0241443 -0.16901 0.985318 2007 1 8 1 1 221086 17340 1 
2.09025e+06 719711 79.9687 203 248 176 -0.0272542 0.0926644 0.995324 2007 1 12 1 1 221086 15555 2 
2.09025e+06 719676 82.6899 204 248 175 -0.0654739 -0.497323 0.865091 2006 1 25 1 1 220944 5610 2 
2.09027e+06 719668 82.6223 221 248 168 0.0367439 -0.47767 0.87777 2007 1 6 1 1 221086 18360 1 
2.09027e+06 719689 85.0959 222 247 166 0.0901108 -0.0271418 0.995562 2006 1 27 1 1 220944 6375 1 
2.09024e+06 719679 80.6543 219 248 169 -0.214739 -0.0225417 0.976411 2007 1 12 1 1 221086 13005 1 
2.09028e+06 719691 83.2506 220 248 168 0.194461 0.1788 0.964477 2006 1 29 1 1 220944 4590 1 
2.09029e+06 719692 80.8253 203 248 176 0.364251 0.146538 0.9197 2007 1 4 1 1 221086 18615 2 
2.09027e+06 719691 85.2507 222 246 166 0.0817256 -0.0074296 0.996627 2006 1 28 1 1 220944 5865 1 
2.09026e+06 719665 80.2675 204 248 176 -0.0170359 -0.160138 0.986948 2007 1 8 1 1 221086 18870 2 
2.09025e+06 719688 84.2045 221 248 168 -0.20079 0.0693637 0.977176 2007 1 13 1 1 221086 13770 1 
2.09028e+06 719672 83.6784 221 248 168 0.35347 -0.247869 0.902009 2006 1 29 1 1 220944 7140 1 
2.09024e+06 719672 79.7008 203 248 177 -0.0286323 -0.058325 0.997887 2007 1 12 1 1 221086 18360 2 
2.09025e+06 719702 82.7374 219 248 169 -0.284258 0.0388194 0.957962 2007 1 12 1 1 221086 11475 1 
2.09028e+06 719696 80.8797 203 248 176 0.197946 0.278231 0.939896 2007 1 7 1 1 221085 19890 2 
2.09025e+06 719694 82.1907 207 248 174 -0.538548 0.105399 0.835977 2006 1 18 1 1 220944 5100 1 
2.09027e+06 719691 85.0248 222 247 167 0.0926479 0.00106492 0.995698 2007 1 7 1 1 221086 16830 1 
2.09024e+06 719702 79.9198 203 248 176 -0.101069 0.041094 0.99403 2007 1 13 1 1 221086 17085 2 
2.09028e+06 719674 80.9264 203 248 176 0.275881 -0.244756 0.929507 2007 1 4 1 1 221086 18870 2 
2.09026e+06 719667 80.6568 204 248 176 -0.0836805 -0.279364 0.956532 2007 1 9 1 1 221086 20145 2 
2.09025e+06 719689 82.8913 220 248 168 -0.346793 0.142309 0.927083 2007 1 13 1 1 221086 13515 1 
2.09028e+06 719666 81.2913 204 248 175 0.066914 -0.339818 0.938108 2006 1 28 1 1 220944 7140 2 
2.09025e+06 719700 82.3576 212 248 171 -0.420351 -0.156376 0.893785 2006 1 21 1 1 220944 5610 1 
2.09024e+06 719687 81.7189 204 248 175 -0.348394 0.0981961 0.93219 2006 1 20 1 1 220944 8670 1 
2.09024e+06 719681 80.7481 203 248 176 -0.304807 -0.0263413 0.95205 2006 1 24 1 1 220944 10965 2 
2.09025e+06 719702 82.5327 210 248 172 -0.365189 0.146915 0.919268 2006 1 19 1 1 220944 5100 1 
2.09027e+06 719676 85.0918 222 247 166 0.0321891 -0.109887 0.993423 2007 1 9 1 1 221086 20655 1 
2.09027e+06 719674 84.4085 221 248 168 0.0812941 -0.0336016 0.996124 2007 1 8 1 1 221086 17595 1 
2.09026e+06 719706 81.5466 204 248 175 0.0540848 0.500631 0.86397 2007 1 11 1 1 221086 26775 2 
2.09027e+06 719684 85.4291 222 247 166 0.055517 -0.0199023 0.998259 2007 1 10 1 1 221086 19125 1 
2.09025e+06 719704 80.5204 203 248 177 -0.381152 0.0969957 0.91941 2006 1 19 1 1 220944 14790 2 
2.09025e+06 719683 83.6122 220 248 169 -0.286326 0.189501 0.939205 2006 1 22 1 1 220944 13005 1 
2.09028e+06 719670 80.8946 203 248 176 0.306601 -0.0795857 0.948505 2007 1 5 1 1 221086 18615 2 
2.09025e+06 719683 83.2127 220 248 168 -0.47832 0.273989 0.83435 2007 1 11 1 1 221086 13515 1 
2.09027e+06 719684 85.3945 222 247 166 0.0668344 -0.0602606 0.995943 2007 1 8 1 1 221086 17850 1 
2.09025e+06 719680 84.2517 221 248 168 -0.103057 -0.0365687 0.994003 2006 1 26 1 1 220944 10710 1 
2.09026e+06 719668 81.0708 203 248 176 -0.0666739 -0.420454 0.904861 2006 1 25 1 1 220944 10710 2 
2.09026e+06 719664 80.2007 204 248 176 -0.0298396 -0.109412 0.993549 2007 1 8 1 1 221086 19635 2 
2.09027e+06 719694 84.6451 222 247 167 0.172369 0.139657 0.975082 2007 1 7 1 1 221086 17850 1 
2.09027e+06 719695 84.9363 222 247 166 -0.0329464 0.250148 0.967647 2007 1 9 1 1 221086 13770 1 
2.09026e+06 719678 85.2232 222 247 166 0.0424405 -0.0196676 0.998905 2007 1 9 1 1 221086 17850 1 
2.09027e+06 719677 84.8852 222 247 166 0.124392 -0.0302574 0.991772 2006 1 29 1 1 220944 5355 1 
2.09025e+06 719673 81.2011 203 248 176 -0.321281 -0.36087 0.875529 2007 1 11 2 2 221086 0 2 
2.09026e+06 719684 85.4339 222 246 165 0.00300821 -0.023063 0.99973 2006 1 26 1 1 220944 9180 1 
2.09028e+06 719695 81.9633 203 248 176 0.186046 0.347949 0.918868 2007 1 6 1 1 221086 14025 2 
2.09025e+06 719704 82.9443 220 248 169 -0.21761 0.31717 0.923065 2007 1 12 1 1 221086 13515 1 
2.09027e+06 719684 85.0522 222 247 166 0.0932455 -0.0362012 0.994985 2006 1 29 1 1 220944 5865 1 
2.09029e+06 719697 80.114 203 248 176 0.106282 0.162477 0.980972 2007 1 5 1 1 221086 20400 2 
2.09027e+06 719665 80.32 204 248 176 -0.0343995 -0.202839 0.978608 2007 1 8 1 1 221086 16320 2 
2.09026e+06 719673 84.2127 222 247 166 -0.119808 -0.497996 0.858863 2006 1 27 1 1 220944 10965 1 
2.09026e+06 719708 80.6076 204 248 176 0.0291964 0.323699 0.945709 2007 1 12 1 1 221085 12240 2 
2.09029e+06 719683 81.7119 219 248 169 0.451923 -0.168191 0.876058 2006 1 31 1 1 220944 6375 1 
2.09025e+06 719705 81.0343 219 248 169 -0.339754 0.243515 0.908442 2007 1 13 2 1 221086 7140 1 
2.09025e+06 719691 82.2163 209 248 173 -0.334053 0.126804 0.933986 2006 1 24 1 1 220944 4845 1 
2.09027e+06 719693 85.3271 222 246 165 0.0380958 0.0816339 0.995934 2006 1 24 1 1 220944 7905 1 
2.09026e+06 719690 84.7546 222 247 167 -0.0875826 0.0248691 0.995847 2006 1 27 1 1 220944 10965 1 
2.09025e+06 719678 84.0735 222 247 167 -0.141629 -0.192667 0.97099 2007 1 12 1 1 221086 14025 1 
2.09025e+06 719676 82.1257 204 248 175 -0.103966 -0.616476 0.780479 2006 1 25 1 1 220944 6120 2 
2.09026e+06 719689 84.6196 222 247 167 -0.0836276 0.0336682 0.995928 2007 1 10 1 1 221086 13515 1 
2.09026e+06 719702 82.4383 204 248 176 0.201443 0.467048 0.86098 2007 1 10 1 1 221086 12750 2 
2.09028e+06 719698 81.8743 204 248 176 0.252946 0.579734 0.774549 2007 1 7 1 1 221086 12240 2 
2.09025e+06 719699 82.1393 212 248 171 -0.409964 0.128202 0.903047 2006 1 23 1 1 220944 5355 1 
2.09026e+06 719704 81.218 204 248 176 0.208755 0.430834 0.877954 2007 1 10 1 1 221086 14535 2 
2.09028e+06 719702 80.2159 204 248 176 0.0125594 0.170123 0.985343 2007 1 7 1 1 221085 12240 2 
2.09026e+06 719700 84.2199 221 247 167 -0.0641287 0.143415 0.987583 2007 1 11 1 1 221086 12750 1 
2.09026e+06 719674 84.2597 222 247 166 -0.26241 -0.464972 0.845543 2007 1 11 1 1 221086 14025 1 
2.09025e+06 719687 84.5253 221 247 167 -0.0852568 0.0226632 0.996101 2007 1 11 1 1 221086 13005 1 
2.09026e+06 719670 82.1395 222 247 166 -0.117596 -0.524101 0.843498 2007 1 10 2 1 221086 8670 1 
2.09025e+06 719706 80.9936 203 248 176 -0.315849 0.352118 0.881052 2007 1 12 1 1 221086 12750 2 
2.09028e+06 719694 83.3527 221 247 167 0.342099 0.410832 0.845095 2007 1 7 1 1 221086 19125 1 
2.09027e+06 719671 84.1013 221 248 168 0.0560457 -0.255319 0.965231 2007 1 6 1 1 221086 18870 1 
2.09025e+06 719690 82.0433 210 248 172 -0.246413 0.126466 0.960878 2006 1 22 1 1 220944 4845 1 
2.09029e+06 719692 81.3474 220 248 169 0.456993 0.14272 0.877945 2006 1 31 1 1 220944 5100 1 
2.09028e+06 719686 84.501 221 248 168 0.109287 -0.0529536 0.992599 2007 1 6 1 1 221086 17595 1 
2.09025e+06 719666 79.9851 203 248 176 -0.0623833 -0.105485 0.992462 2007 1 10 1 1 221086 20400 2 
2.09025e+06 719710 79.9398 203 248 176 -0.0400419 0.0703439 0.996719 2007 1 13 1 1 221086 18615 2 
2.09025e+06 719679 83.9652 221 248 168 -0.146625 -0.112695 0.982752 2007 1 13 1 1 221086 13260 1 
2.09027e+06 719684 84.7718 222 247 167 0.0863375 -0.036065 0.995613 2007 1 9 1 1 221086 19635 1 
2.09025e+06 719704 82.4834 212 248 171 -0.350299 0.305196 0.88552 2006 1 20 1 1 220944 5865 1 
2.09025e+06 719682 83.7404 220 248 168 -0.217994 0.13802 0.966141 2007 1 11 1 1 221086 13770 1 
2.09028e+06 719663 80.4395 203 248 176 0.0546728 -0.212616 0.975605 2007 1 6 1 1 221086 20655 2 
2.09028e+06 719672 82.6555 219 248 169 0.368314 -0.216912 0.904043 2007 1 5 1 1 221086 18870 1 
2.09025e+06 719685 82.2087 220 248 169 -0.457965 0.124121 0.880263 2007 1 13 1 1 221086 13515 1 
2.09025e+06 719677 83.3143 221 247 167 -0.163657 -0.430143 0.887803 2007 1 12 1 1 221086 12240 1 
2.09027e+06 719666 81.7993 204 248 175 -0.00668161 -0.493103 0.869945 2006 1 28 1 1 220944 9435 2 
2.09027e+06 719680 84.8652 222 247 167 0.0865187 -0.0383311 0.995513 2007 1 7 1 1 221086 17340 1 
2.09024e+06 719688 81.5565 209 248 173 -0.299962 0.0903814 0.94966 2006 1 21 1 1 220944 6120 1 
2.09029e+06 719693 80.5823 203 248 176 0.268003 0.130701 0.954511 2007 1 5 1 1 221086 25500 2 
2.09026e+06 719696 84.8409 222 247 166 0.0560333 0.184791 0.981179 2007 1 10 1 1 221086 13005 1 
2.09028e+06 719682 83.9142 221 248 168 0.174709 -0.041039 0.983764 2006 1 30 1 1 220944 5865 1 
2.09026e+06 719700 82.8384 222 247 167 0.255786 0.506922 0.823167 2006 1 26 1 1 220944 8160 1 
2.09027e+06 719699 82.3577 204 248 176 0.30629 0.591733 0.74568 2007 1 7 1 1 221086 14790 2 
2.09024e+06 719672 79.7069 203 248 177 -0.041702 -0.0545334 0.997641 2007 1 12 1 1 221086 17085 2 
2.09025e+06 719668 80.3299 204 248 176 -0.0890755 -0.22708 0.969794 2007 1 11 1 1 221086 15810 2 
2.09028e+06 719675 84.0266 220 248 168 0.141058 0.0259546 0.989661 2007 1 5 1 1 221086 21420 1 
2.09028e+06 719676 81.7509 212 248 171 0.357709 -0.235066 0.903763 2007 1 6 2 1 221086 4590 1 
2.09024e+06 719693 80.5247 203 248 176 -0.241002 0.100736 0.965282 2006 1 21 1 1 220944 15045 2 
2.09025e+06 719704 82.5013 220 248 169 -0.232545 0.478768 0.846584 2007 1 12 1 1 221086 13260 1 
2.09029e+06 719694 80.0134 203 248 176 0.112237 0.0578193 0.991998 2007 1 4 1 1 221086 18360 2 
2.09028e+06 719670 82.0498 203 248 176 0.310527 -0.249866 0.917137 2007 1 4 1 1 221086 19125 2 
2.09027e+06 719688 84.9779 222 247 167 0.117488 -0.0604549 0.991232 2007 1 7 1 1 221086 18360 1 
2.09027e+06 719670 83.3717 222 247 167 -0.169168 -0.475142 0.863494 2007 1 9 1 1 221086 17850 1 
2.09027e+06 719694 85.2158 222 246 165 -0.0354357 0.145172 0.988772 2007 1 9 1 1 221086 21930 1 
2.09027e+06 719670 83.9794 221 247 167 -0.0240822 -0.328278 0.944274 2007 1 8 1 1 221086 16065 1 
2.09025e+06 719710 80.1495 203 248 176 -0.0101352 0.156533 0.987621 2007 1 12 1 1 221086 11475 2 
2.09025e+06 719679 84.1664 221 248 168 -0.0721517 -0.154949 0.985284 2006 1 25 1 1 220944 10710 1 
2.09026e+06 719702 82.8713 207 248 174 0.244108 0.380216 0.892103 2007 1 10 2 2 221086 0 1 
2.09027e+06 719700 81.9975 204 248 176 0.174255 0.580344 0.79551 2007 1 9 2 2 221086 0 2 
2.09025e+06 719669 80.8265 204 248 176 -0.142445 -0.344358 0.927969 2007 1 10 1 1 221086 17085 2 
2.09027e+06 719701 80.9758 204 248 176 0.165118 0.409205 0.897378 2007 1 8 1 1 221086 16065 2 
2.09026e+06 719675 85.0137 222 246 166 -0.00579411 -0.202794 0.979204 2006 1 26 1 1 220944 10455 1 
2.09026e+06 719666 80.144 204 248 176 -0.0688387 -0.136511 0.988244 2007 1 10 1 1 221086 20910 2 
2.09027e+06 719692 85.3935 222 247 166 0.00706078 0.0272344 0.999604 2007 1 8 1 1 221086 18615 1 
2.09029e+06 719694 80.9831 203 248 176 0.283724 0.295364 0.912283 2007 1 5 1 1 221086 20145 2 
2.09027e+06 719679 84.5994 222 247 167 0.0938442 -0.0408498 0.994748 2006 1 30 1 1 220944 5610 1 
2.09027e+06 719687 85.3589 222 246 166 0.0901108 -0.0271418 0.995562 2006 1 29 1 1 220944 5865 1 
2.09025e+06 719697 81.1995 219 248 169 -0.388319 0.245489 0.888225 2007 1 13 1 1 221086 12240 1 
2.09026e+06 719700 84.3405 221 248 168 0.109042 0.199283 0.973856 2006 1 25 1 1 220944 10710 1 
2.09027e+06 719688 85.4077 222 247 166 -0.0110962 0.0232012 0.999669 2006 1 28 1 1 220944 10200 1 
2.09027e+06 719678 84.7557 222 247 167 0.089635 -0.047584 0.994837 2007 1 7 1 1 221086 18105 1 
2.09025e+06 719701 80.8407 203 248 176 -0.477577 -0.0311169 0.878039 2006 1 24 1 1 220944 12240 2 
2.09024e+06 719693 80.1127 203 248 177 -0.191826 0.119108 0.974175 2006 1 22 1 1 220944 16320 2 
2.09025e+06 719709 80.1785 203 248 176 -0.0932106 0.165842 0.981737 2007 1 12 1 1 221086 21165 2 
2.09028e+06 719671 80.8219 218 248 169 0.388509 0.102962 0.915674 2006 1 30 1 1 220944 5865 1 
2.09025e+06 719695 84.1766 221 248 168 -0.123218 0.0440873 0.9914 2007 1 13 1 1 221086 14790 1 
2.09025e+06 719710 79.9459 203 248 176 -0.0273022 0.0971957 0.994891 2007 1 13 1 1 221086 19890 2 
2.09028e+06 719665 80.9181 219 248 169 0.175289 -0.214828 0.960793 2006 1 30 1 1 220944 5610 1 
2.09029e+06 719683 82.0914 219 248 169 0.367347 -0.216343 0.904573 2006 1 31 1 1 220944 5610 1 
2.09027e+06 719662 79.9855 204 248 176 -0.0120435 -0.11715 0.993041 2007 1 7 1 1 221086 16320 2 
2.09027e+06 719697 83.9034 222 247 166 0.253871 0.40409 0.878784 2007 1 8 1 1 221086 18615 1 
2.09026e+06 719684 85.2297 222 247 166 -0.0809554 0.029144 0.996292 2007 1 11 1 1 221086 14280 1 
2.09027e+06 719675 84.7544 222 247 167 0.0816359 -0.0704529 0.994169 2007 1 8 1 1 221086 17340 1 
2.09027e+06 719676 84.7076 222 247 167 0.0868821 -0.0428912 0.995295 2007 1 7 1 1 221086 19890 1 
2.09026e+06 719694 84.4556 222 247 167 -0.107915 0.0367132 0.993482 2007 1 11 1 1 221086 13260 1 
2.09026e+06 719702 82.8058 222 247 167 0.273376 0.471072 0.838663 2007 1 11 2 1 221086 5865 1 
2.09026e+06 719699 84.3215 221 248 168 -0.108825 0.0482421 0.99289 2006 1 26 1 1 220944 11220 1 
2.09025e+06 719700 82.8835 219 248 169 -0.430404 0.030648 0.902116 2006 1 23 1 1 220944 11730 1 
2.09026e+06 719698 84.5181 221 248 168 0.0958758 0.163838 0.981817 2006 1 26 1 1 220944 9690 1 
2.09028e+06 719683 84.481 221 248 168 0.124651 -0.0348123 0.99159 2007 1 8 1 1 221086 16320 1 
2.09026e+06 719672 82.9957 222 247 167 -0.263404 -0.515897 0.815149 2006 1 27 1 1 220944 5865 1 
2.09026e+06 719688 85.3651 222 247 166 -0.0594125 0.0486102 0.997049 2006 1 26 1 1 220944 10710 1 
2.09024e+06 719673 79.6681 203 248 177 -0.0240023 -0.0448739 0.998704 2007 1 13 1 1 221086 18105 2 
2.09024e+06 719680 81.827 209 248 173 -0.601726 -0.0643176 0.796108 2006 1 24 1 1 220944 5355 1 
2.09024e+06 719688 80.7171 203 248 177 -0.250261 0.0876548 0.964202 2006 1 21 1 1 220944 16320 2 
2.09029e+06 719694 81.7822 220 248 169 0.223311 0.406693 0.885851 2007 1 5 2 1 221086 4590 1 
2.09025e+06 719680 84.3452 222 247 167 -0.071334 -0.0939798 0.993015 2007 1 12 1 1 221086 13770 1 
2.09025e+06 719675 81.8624 220 248 168 -0.100299 -0.574175 0.812566 2006 1 25 1 1 220944 6375 1 
2.09025e+06 719701 82.4654 214 248 171 -0.304442 -0.316322 0.898474 2006 1 18 1 1 220944 5100 1 
2.09025e+06 719687 82.6454 220 248 168 -0.372528 0.162892 0.913613 2007 1 12 1 1 221086 12495 1 
2.09026e+06 719684 84.7259 222 247 167 -0.0993694 0.0229314 0.994786 2006 1 24 1 1 220944 11475 1 
2.09026e+06 719668 80.6777 204 248 176 -0.142636 -0.305649 0.9414 2007 1 10 1 1 221086 16575 2 
2.09028e+06 719688 83.5982 220 248 169 0.209301 0.0544424 0.976335 2007 1 5 1 1 221086 18105 1 
2.09027e+06 719670 82.6509 222 247 167 -0.344667 -0.635428 0.690967 2007 1 9 1 1 221086 16830 1 
2.09027e+06 719696 84.6736 222 247 166 0.0140723 0.367159 0.930052 2006 1 25 1 1 220944 10455 1 
2.09024e+06 719679 82.5665 220 248 168 -0.522297 -0.225154 0.822503 2007 1 13 1 1 221086 13260 1 
2.09026e+06 719676 84.7267 222 247 166 -0.121776 -0.102859 0.987213 2007 1 11 1 1 221086 14280 1 
2.09026e+06 719692 84.3336 221 248 168 -0.1197 0.0324421 0.99228 2006 1 24 1 1 220944 10965 1 
2.09028e+06 719682 83.517 220 248 168 0.267082 -0.108136 0.957587 2006 1 30 1 1 220944 5610 1 
2.09027e+06 719686 84.9936 222 247 166 0.100846 -0.0410035 0.994057 2006 1 29 1 1 220944 5865 1 
2.09025e+06 719702 83.7427 220 248 168 -0.207463 0.143033 0.96773 2006 1 20 1 1 220944 11220 1 
2.09026e+06 719701 83.8352 222 247 167 0.321424 0.367124 0.872872 2007 1 10 1 1 221086 12750 1 
2.09025e+06 719708 80.5514 203 248 176 -0.0878612 0.305547 0.948115 2007 1 12 1 1 221086 14790 2 
2.09025e+06 719675 82.4148 222 247 167 -0.242535 -0.468291 0.849635 2007 1 12 1 1 221086 12750 1 
2.09032e+06 719714 80.9693 204 248 176 -0.198034 -0.521539 0.829927 2007 1 -3 1 1 221085 11985 2 
2.09032e+06 719725 84.4815 221 247 167 -0.0344148 -0.107685 0.993589 2007 1 -1 1 1 221085 19635 1 
2.09032e+06 719713 81.069 204 248 176 -0.245403 -0.467943 0.849004 2006 1 28 1 1 220944 5355 2 
2.09031e+06 719714 80.1009 204 248 176 -0.0285544 -0.151909 0.987982 2007 1 0 1 1 221085 27030 2 
2.09026e+06 719737 83.2947 220 248 169 -0.136919 -0.269851 0.953118 2007 1 9 1 1 221085 14790 1 
2.09027e+06 719744 84.4863 222 247 167 0.032 0.102621 0.994206 2007 1 3 1 1 221085 19635 1 
2.09034e+06 719727 80.3097 204 248 175 0.205945 0.00814472 0.97853 2007 1 -11 1 1 221084 20910 2 
2.09033e+06 719708 80.3067 203 248 176 -0.00868017 -0.308766 0.951098 2007 1 -3 1 1 221085 12750 2 
2.09034e+06 719729 81.109 205 248 175 0.158264 -0.0216333 0.98716 2008 1 -36 1 1 221178 6120 2 
2.09029e+06 719737 84.6576 222 247 167 0.0341636 0.027952 0.999025 2007 1 5 1 1 221085 15300 1 
2.09023e+06 719756 79.9597 203 248 176 -0.0448832 0.143856 0.98858 2006 1 15 1 1 220945 17595 2 
2.09023e+06 719762 79.8 203 248 176 0 0 0 2006 1 18 1 1 220945 10455 2 
2.09027e+06 719756 81.0333 204 248 176 0.150321 0.55217 0.820069 2007 1 1 1 1 221085 22695 2 
2.09023e+06 719771 79.9873 204 248 176 -0.00105249 0.0810419 0.99671 2007 1 9 1 1 221084 6375 1 
2.09026e+06 719746 84.4493 221 247 167 -0.00970123 -0.100246 0.994915 2007 1 11 1 1 221085 16320 1 
2.09028e+06 719743 84.5091 222 247 167 0.0346182 0.115022 0.99276 2007 1 -3 1 1 221085 20145 1 
2.09034e+06 719715 81.3498 204 248 176 0.610295 0.00688821 0.792144 2007 1 -5 1 1 221085 8415 2 
2.09028e+06 719749 82.7709 218 248 169 0.109201 0.460914 0.8807 2007 1 3 1 1 221085 16575 1 
2.09025e+06 719737 81.1609 217 248 170 -0.169316 -0.304219 0.937434 2007 1 16 2 1 221085 3570 1 
2.09026e+06 719749 84.2296 220 248 168 0.0303076 0.129088 0.99117 2007 1 10 1 1 221085 16065 1 
2.09032e+06 719735 83.4515 219 248 169 0.0583971 0.124809 0.990461 2007 1 -7 1 1 221085 18870 1 
2.09023e+06 719747 81.7088 204 248 175 -0.239905 -0.199243 0.950131 2006 1 19 1 1 220945 4335 2 
2.0903e+06 719744 82.3444 218 248 169 0.189993 0.489195 0.851229 2007 1 4 1 1 221085 8925 1 
2.09034e+06 719725 80.1729 204 248 176 0.186975 -0.102774 0.976974 2007 1 -4 1 1 221085 24480 2 
2.09029e+06 719726 82.8616 218 248 169 -0.108929 -0.459765 0.881334 2007 1 4 1 1 221085 17595 1 
2.09028e+06 719748 83.2915 220 248 169 0.118461 0.397192 0.910058 2007 1 -1 1 1 221084 20145 1 
2.09026e+06 719752 83.8668 220 248 168 0.0787769 0.23383 0.969081 2007 1 11 1 1 221085 14025 1 
2.09024e+06 719763 82.7251 219 248 169 0.192334 0.389007 0.900934 2007 1 6 1 1 221085 13515 1 
2.0903e+06 719719 80.411 204 248 176 -0.16593 -0.237611 0.957083 2007 1 2 1 1 221085 24225 2 
2.09023e+06 719767 80.6369 204 248 176 -0.271991 0.283504 0.91959 2006 1 22 1 1 220946 14025 1 
2.09029e+06 719728 82.6786 218 248 169 -0.109054 -0.387901 0.915227 2007 1 1 1 1 221085 19635 1 
2.09024e+06 719767 80.6074 204 248 176 -0.101238 0.411886 0.905594 2007 1 15 1 1 221085 6630 2 
2.0903e+06 719724 83.0418 219 248 169 -0.300038 -0.271049 0.914609 2007 1 3 1 1 221085 17850 1 
2.09027e+06 719739 84.147 221 248 168 -0.0464605 -0.12125 0.991534 2007 1 8 1 1 221085 17850 1 
2.09032e+06 719717 82.9327 219 248 169 -0.00129535 -0.413217 0.910632 2007 1 -2 1 1 221085 19635 1 
2.09033e+06 719733 81.3969 218 248 169 0.167155 0.346953 0.922867 2007 1 -9 2 1 221085 5355 1 
2.0903e+06 719744 82.2318 215 248 170 0.215353 0.468355 0.856894 2007 1 3 1 1 221085 28050 1 
2.09024e+06 719752 84.4904 222 247 167 -0.0239048 -0.0426129 0.998806 2007 1 14 1 1 221085 14280 1 
2.09032e+06 719731 84.0119 221 248 168 0.0736014 0.17978 0.980949 2007 1 -2 1 1 221085 16830 1 
2.09025e+06 719746 84.2598 221 248 168 -0.0745063 -0.106601 0.991506 2007 1 3 1 1 221085 17850 1 
2.09032e+06 719737 81.2298 204 248 176 0.349444 0.418393 0.838353 2007 1 -7 1 1 221085 25245 2 
2.09033e+06 719712 82.8622 218 248 169 -0.175433 -0.372261 0.911397 2007 1 -4 1 1 221085 13260 1 
2.09034e+06 719711 80.0997 204 248 176 0.11184 -0.0298979 0.993276 2007 1 -15 1 1 221085 19380 2 
2.09033e+06 719728 81.3088 205 248 175 0.0751239 -0.213056 0.974147 2008 1 -36 1 1 221178 5865 2 
2.09033e+06 719724 81.6447 222 247 167 0.250121 0.167193 0.95367 2007 1 -14 1 1 221085 15045 1 
2.09028e+06 719751 82.6223 218 248 169 -0.0013084 0.443546 0.896251 2007 1 9 1 1 221085 17595 1 
2.09033e+06 719730 81.7856 220 248 169 0.175422 -0.0810569 0.981151 2007 1 -12 1 1 221084 18360 1 
2.09026e+06 719737 82.5154 218 248 169 -0.240585 -0.373423 0.895921 2007 1 10 1 1 221085 11220 1 
2.09023e+06 719753 81.7904 205 248 175 -0.503368 -0.0313753 0.863502 2006 1 22 1 1 220946 7395 1 
2.09028e+06 719729 81.6682 217 248 170 -0.16376 -0.488329 0.857157 2007 1 8 1 1 221085 11475 1 
2.09024e+06 719759 82.3582 221 248 168 -0.488455 0.0424149 0.871557 2007 1 16 1 1 221085 14025 1 
2.09031e+06 719732 84.3298 221 248 168 0.068953 0.141412 0.987547 2007 1 1 1 1 221085 19380 1 
2.09023e+06 719757 82.9134 222 247 167 0.0475202 0.454836 0.889306 2007 1 6 1 1 221085 16575 1 
2.09024e+06 719767 80.3009 203 248 176 0.189392 0.205285 0.960203 2007 1 14 1 1 221085 21675 2 
2.0903e+06 719715 79.9775 203 248 176 -0.00104844 -0.0765361 0.997066 2007 1 2 1 1 221085 21930 2 
2.09028e+06 719730 82.5009 218 248 169 -0.0983977 -0.419923 0.90221 2007 1 7 1 1 221085 11985 1 
2.09031e+06 719725 84.2503 221 248 168 -0.0459997 -0.18046 0.982506 2007 1 -10 1 1 221085 17340 1 
2.09024e+06 719736 79.9394 203 248 176 -0.046261 -0.0570193 0.997301 2007 1 15 1 1 221085 20145 2 
2.09028e+06 719735 84.1544 221 248 168 -0.0559269 -0.18206 0.981696 2007 1 6 1 1 221085 19125 1 
2.09031e+06 719736 83.9618 220 248 168 0.13954 0.14695 0.979252 2007 1 -8 1 1 221085 20145 1 
2.09028e+06 719732 83.5363 220 248 169 -0.198986 -0.23418 0.951611 2007 1 -2 1 1 221085 16065 1 
2.09023e+06 719756 80.4261 203 248 176 -0.506186 0.286786 0.813345 2006 1 19 1 1 220945 15555 2 
2.09029e+06 719728 82.4567 218 248 169 -0.0772494 -0.492992 0.866598 2007 1 7 1 1 221085 20145 1 
2.09034e+06 719709 80.0988 203 248 176 0.0984817 -0.0690504 0.99274 2007 1 -4 1 1 221085 19380 2 
2.09033e+06 719717 83.7909 220 248 169 -0.0468917 -0.205602 0.977512 2007 1 -3 1 1 221085 16575 1 
2.09028e+06 719757 80.0599 204 248 176 0.0746332 0.0701775 0.994739 2007 1 0 1 1 221085 19380 2 
2.09023e+06 719756 83.4187 222 247 167 -0.10925 0.396896 0.911339 2007 1 6 1 1 221085 17595 1 
2.09027e+06 719743 84.5935 222 247 167 -0.00704728 -0.0231553 0.999707 2007 1 9 1 1 221085 15810 1 
2.09023e+06 719766 80.9511 219 248 169 -0.484069 0.328532 0.811014 2007 1 9 1 1 221084 14790 1 
2.09029e+06 719724 81.7061 204 248 176 -0.235109 -0.508635 0.82826 2006 1 27 1 1 220944 5610 2 
2.09024e+06 719754 84.1542 222 247 167 -0.179747 0.281283 0.94264 2007 1 15 1 1 221085 15555 1 
2.09031e+06 719742 80.6429 204 248 175 0.160952 0.351296 0.922326 2007 1 -6 1 1 221084 24225 2 
2.09033e+06 719709 80.2888 204 248 176 -0.0501391 -0.228683 0.972209 2007 1 -4 1 1 221085 14790 2 
2.09027e+06 719739 84.0757 221 248 168 -0.0669981 -0.151627 0.986165 2007 1 9 1 1 221085 15300 1 
2.09033e+06 719715 83.2556 219 248 169 -0.0565608 -0.356465 0.932595 2007 1 -1 1 1 221085 23205 1 
2.09023e+06 719760 81.2098 203 248 176 -0.434831 0.298656 0.849545 2006 1 17 1 1 220945 14535 2 
2.09033e+06 719725 84.6613 222 247 167 -0.00508318 0.0355823 0.999354 2007 1 -5 1 1 221085 19890 1 
2.09025e+06 719759 82.6937 218 248 169 0.0770853 0.486338 0.870364 2007 1 5 1 1 221085 14280 1 
2.09031e+06 719718 80.8909 204 248 176 -0.131956 -0.373645 0.918138 2007 1 -2 2 2 221085 0 2 
2.09031e+06 719725 84.2582 221 248 168 -0.0373555 -0.132442 0.990487 2007 1 1 1 1 221085 14790 1 
2.09027e+06 719735 83.4978 220 248 169 -0.0387916 -0.286558 0.957277 2007 1 9 1 1 221085 17850 1 
2.09024e+06 719766 81.1024 204 248 176 -0.0380942 0.627848 0.777403 2006 1 21 1 1 220945 5100 2 
2.09026e+06 719759 82.029 204 248 176 0.221149 0.579935 0.784072 2007 1 11 2 2 221085 0 2 
2.09032e+06 719725 84.5777 221 247 167 -0.0339357 -0.0930496 0.995083 2007 1 -7 1 1 221085 19125 1 
2.09028e+06 719726 80.5386 204 248 176 -0.0640565 -0.429315 0.90088 2007 1 6 1 1 221085 14280 2 
2.09025e+06 719745 84.1864 221 248 168 -0.0214292 -0.145493 0.989127 2007 1 13 1 1 221085 15045 1 
2.09029e+06 719725 81.7514 217 248 170 -0.147811 -0.434823 0.888302 2007 1 4 2 1 221085 3825 1 
2.09034e+06 719732 81.4131 218 248 169 0.257638 0.0666088 0.963943 2007 1 -11 1 1 221085 11985 1 
2.09032e+06 719740 80.5845 204 248 176 0.168565 0.260265 0.950709 2007 1 -11 1 1 221085 23460 2 
2.09034e+06 719715 80.6252 204 248 176 0.377228 0.0352428 0.925449 2007 1 -4 1 1 221085 14025 2 
2.09026e+06 719739 83.6066 219 248 169 -0.0605397 -0.235981 0.96987 2007 1 10 1 1 221085 16575 1 
2.09027e+06 719728 80.3254 204 248 176 -0.0580431 -0.238347 0.969444 2007 1 7 1 1 221085 12495 2 
2.09027e+06 719733 82.9334 219 248 169 -0.194633 -0.342384 0.91918 2007 1 7 1 1 221085 16830 1 
2.09028e+06 719743 84.263 221 248 168 0.060713 0.12028 0.990882 2007 1 6 1 1 221085 18105 1 
2.09027e+06 719736 83.4596 220 248 169 -0.125544 -0.314536 0.940907 2007 1 1 1 1 221085 17850 1 
2.09026e+06 719736 82.6338 218 248 169 -0.0506401 -0.472185 0.880044 2007 1 8 1 1 221085 14535 1 
2.0903e+06 719739 84.1165 221 248 168 0.0827494 0.208726 0.974467 2007 1 -1 1 1 221085 18615 1 
2.0903e+06 719736 84.3696 222 247 167 0.0516179 0.131912 0.989917 2007 1 -5 1 1 221084 18870 1 
2.09028e+06 719736 83.9258 220 248 168 -0.0975355 -0.150518 0.983784 2007 1 -2 1 1 221085 19125 1 
2.09026e+06 719728 79.9861 203 248 176 -0.0384839 -0.0912618 0.995083 2007 1 13 1 1 221085 20145 2 
2.09027e+06 719744 84.5648 222 247 167 0.0220424 0.0556309 0.998208 2007 1 7 1 1 221085 16830 1 
2.09034e+06 719728 80.6754 205 248 175 0.278513 0.0516698 0.959042 2008 1 -37 1 1 221178 5355 2 
2.0903e+06 719742 82.7129 218 248 169 0.230924 0.457321 0.858797 2007 1 -7 1 1 221085 14790 1 
2.09022e+06 719747 80.1911 204 248 176 -0.125516 0.018883 0.991912 2006 1 18 1 1 220945 7650 2 
2.09034e+06 719722 80.3332 205 248 175 0.174658 -0.075886 0.9817 2008 1 -37 1 1 221178 5355 2 
2.09031e+06 719734 84.2155 221 248 168 0.0387547 0.179681 0.982961 2007 1 1 1 1 221085 18360 1 
2.09031e+06 719736 84.0613 221 248 168 0.0589954 0.135342 0.989041 2007 1 -7 1 1 221085 19125 1 
2.09024e+06 719764 82.451 219 248 169 -0.122115 0.195133 0.973145 2007 1 6 1 1 221085 13515 1 
2.09026e+06 719751 84.1994 221 248 168 0.0422286 0.138099 0.989518 2007 1 2 1 1 221085 17595 1 
2.09034e+06 719732 81.1997 219 248 169 0.0167534 0.135144 0.990684 2007 1 -10 1 1 221084 20655 1 
2.09033e+06 719726 81.6326 221 248 168 0.337516 0.0346499 0.940682 2007 1 -4 1 1 221085 19890 1 
2.09032e+06 719726 84.6483 222 247 167 0.0130111 -0.0110094 0.999855 2007 1 -12 1 1 221085 16320 1 
2.0903e+06 719720 80.5741 204 248 176 -0.157201 -0.270063 0.949923 2007 1 2 1 1 221085 25245 2 
2.09031e+06 719729 84.5739 222 247 167 -0.00738639 -0.0749191 0.997162 2007 1 1 1 1 221085 21420 1 
2.09026e+06 719761 80.3708 204 248 176 0.20039 0.249465 0.947423 2007 1 8 1 1 221085 22440 2 
2.09033e+06 719712 82.7149 219 248 169 0.17762 -0.447719 0.876355 2007 1 -4 1 1 221085 20400 1 
2.09028e+06 719735 84.2506 221 248 168 -0.0479327 -0.162504 0.985543 2007 1 0 1 1 221085 19890 1 
2.09027e+06 719753 82.8852 219 248 169 0.126624 0.439626 0.889211 2007 1 8 1 1 221085 15555 1 
2.09026e+06 719758 82.9242 219 248 169 0.150026 0.47047 0.869569 2007 1 5 1 1 221084 17085 1 
2.09032e+06 719721 83.8251 220 248 168 -0.0844155 -0.146241 0.985641 2007 1 -1 1 1 221085 16830 1 
2.09024e+06 719750 83.8028 220 248 168 -0.121934 -0.189816 0.974219 2007 1 18 1 1 221085 13515 1 
2.09029e+06 719737 84.586 222 247 167 0.0537994 0.0735625 0.995838 2007 1 -4 1 1 221085 24480 1 
2.09032e+06 719738 82.1508 218 248 169 0.0622305 0.474335 0.878142 2007 1 -2 1 1 221085 14025 1 
2.09033e+06 719732 81.5743 219 248 169 0.150305 0.170514 0.973824 2007 1 -12 1 1 221084 16065 1 
2.09033e+06 719712 81.5758 219 248 169 0.45685 -0.318696 0.830494 2006 1 31 1 1 220944 5610 1 
2.09024e+06 719770 80.064 203 248 176 0.0571183 0.148041 0.98733 2007 1 15 1 1 221085 13260 2 
2.09031e+06 719729 84.644 222 247 167 -0.026247 -0.0493444 0.998437 2007 1 1 1 1 221085 19890 1 
2.0903e+06 719734 84.4758 222 247 167 0.0113167 0.044238 0.998957 2007 1 -6 1 1 221084 21675 1 
2.09026e+06 719734 81.7469 213 248 171 -0.168604 -0.458897 0.872345 2006 1 23 1 1 220945 5355 1 
2.09024e+06 719755 84.4018 222 247 167 -0.147061 0.19054 0.970602 2007 1 16 1 1 221085 13515 1 
2.09024e+06 719762 82.0766 220 248 169 -0.42327 -0.188934 0.886085 2007 1 12 1 1 221085 14790 1 
2.09023e+06 719758 82.8181 221 247 167 0.268202 -0.0012027 0.963362 2007 1 16 1 1 221085 14025 1 
2.09027e+06 719734 82.5564 218 248 169 -0.0256966 -0.488236 0.872333 2007 1 7 1 1 221085 14535 1 
2.09029e+06 719741 83.8802 221 248 168 0.0747381 0.202161 0.976497 2007 1 5 1 1 221085 17340 1 
2.09033e+06 719706 79.9018 203 248 176 -0.0114956 -0.0616585 0.998031 2007 1 -6 1 1 221085 22695 2 
2.09022e+06 719743 79.8593 203 248 176 -0.0152829 -0.0275093 0.999505 2007 1 19 1 1 221086 20145 2 
2.09029e+06 719738 84.5632 222 247 167 0.0029498 -0.00491634 0.999984 2007 1 2 1 1 221085 17085 1 
2.09025e+06 719753 84.4332 222 247 167 0.00957073 0.0840097 0.996419 2007 1 9 1 1 221085 16575 1 
2.0903e+06 719741 83.2822 219 248 169 0.121987 0.352253 0.927921 2007 1 -8 1 1 221085 18360 1 
2.09024e+06 719756 84.3096 221 248 168 0.0272542 0.0926644 0.995324 2007 1 7 1 1 221085 17085 1 
2.09033e+06 719734 81.7297 204 248 175 0.197572 0.505241 0.840058 2007 1 -9 2 2 221085 0 2 
2.09029e+06 719736 84.6256 222 247 167 0.00299633 -0.0209743 0.999776 2007 1 -2 1 1 221085 17085 1 
2.0903e+06 719725 82.4443 218 248 169 -0.136372 -0.455053 0.87996 2007 1 2 1 1 221085 18615 1 
2.09023e+06 719756 82.1181 204 248 176 -0.281899 0.134938 0.949908 2006 1 16 1 1 220945 6630 2 
2.09025e+06 719763 81.0615 204 248 176 0.189148 0.475105 0.859359 2007 1 4 1 1 221085 25755 2 
2.09033e+06 719736 80.2985 204 248 175 0.0963329 0.213934 0.972086 2007 1 -10 1 1 221084 24225 2 
2.09032e+06 719708 80.0494 203 248 176 -0.0472438 -0.030446 0.998419 2006 1 33 1 1 220944 7650 2 
2.09032e+06 719729 84.3071 221 248 168 0.119009 0.128626 0.984526 2007 1 -2 1 1 221085 14025 1 
2.09028e+06 719734 83.6821 220 248 169 -0.0736248 -0.233353 0.969601 2007 1 6 1 1 221085 19635 1 
2.09026e+06 719755 83.3931 219 248 169 0.181686 0.300961 0.936169 2007 1 12 1 1 221085 13260 1 
2.09024e+06 719762 83.1047 218 248 169 0.0636502 0.418466 0.905999 2007 1 15 1 1 221085 14025 1 
2.09033e+06 719725 84.5869 222 247 167 0.158654 0.100521 0.982204 2007 1 -12 1 1 221085 17340 1 
2.09029e+06 719738 84.6156 222 247 167 0.0895618 0.110498 0.989833 2007 1 -3 1 1 221085 18615 1 
2.09025e+06 719759 83.053 218 248 169 0.093258 0.366274 0.925822 2007 1 11 1 1 221085 15555 1 
2.09026e+06 719744 84.2895 221 248 168 -0.0283364 -0.141682 0.989507 2007 1 3 1 1 221085 16830 1 
2.09032e+06 719720 84.1442 221 248 168 -0.0518212 -0.137038 0.989209 2007 1 -3 1 1 221085 20400 1 
2.09033e+06 719722 81.8116 205 248 175 0.448204 0.136036 0.88352 2008 1 -37 1 1 221178 6630 2 
2.09032e+06 719727 84.6722 222 247 167 -0.0258829 -0.0341655 0.999081 2007 1 -11 1 1 221085 19635 1 
2.09033e+06 719723 84.6474 222 247 167 -0.0218272 -0.042615 0.998853 2007 1 -13 1 1 221085 16065 1 
2.09027e+06 719747 84.3455 221 247 167 0.0736511 0.136781 0.98786 2007 1 -1 1 1 221085 19125 1 
2.09028e+06 719736 84.3935 221 247 167 -0.0534817 -0.121756 0.991118 2007 1 -2 1 1 221085 18615 1 
2.09031e+06 719721 83.5821 219 248 169 -0.0617978 -0.199934 0.977859 2007 1 -1 1 1 221085 18870 1 
2.09028e+06 719730 82.1931 218 248 169 -0.193156 -0.486634 0.851985 2007 1 7 1 1 221085 13260 1 
2.09028e+06 719723 80.2695 204 248 176 -0.134322 -0.241258 0.96112 2007 1 5 1 1 221085 10455 2 
2.09031e+06 719723 83.7511 220 248 168 -0.0637556 -0.186455 0.980393 2007 1 2 1 1 221085 18360 1 
2.09032e+06 719728 84.6016 221 247 167 0.0487216 0.121237 0.991427 2007 1 -1 1 1 221085 15045 1 
2.09029e+06 719718 80.0865 203 248 176 -0.0324333 -0.121904 0.992012 2007 1 7 1 1 221085 19890 2 
2.09023e+06 719753 80.689 203 248 176 -0.307099 0.0238158 0.95138 2006 1 18 1 1 220945 13770 2 
2.09033e+06 719724 81.8818 205 248 175 0.458476 0.365823 0.809922 2008 1 -36 1 1 221178 7905 2 
2.09028e+06 719755 80.1406 204 248 176 0.113994 0.128393 0.98515 2007 1 5 1 1 221085 26775 2 
2.09031e+06 719733 84.465 222 247 167 0.0264125 0.16192 0.98645 2007 1 -7 1 1 221084 22950 1 
2.0903e+06 719740 83.6246 218 248 169 0.1541 0.233125 0.960159 2006 1 30 1 1 220945 5355 1 
2.09028e+06 719735 83.7871 220 248 168 -0.0837851 -0.180927 0.979921 2007 1 6 1 1 221085 18105 1 
2.09034e+06 719704 79.8584 203 248 176 -0.0153123 -0.0316454 0.999382 2007 1 -6 1 1 221085 22185 2 
2.09023e+06 719761 80.0261 204 248 176 -0.16213 0.0478225 0.98561 2006 1 20 1 1 220945 15810 2 
2.0903e+06 719722 82.4219 218 248 169 -0.131 -0.473616 0.870935 2007 1 -3 2 1 221085 11730 1 
2.09023e+06 719752 80.3735 204 248 176 -0.196497 0.0270624 0.980131 2006 1 18 1 1 220945 17595 2 
2.09027e+06 719751 83.4388 218 248 169 0.109487 0.288886 0.951082 2007 1 10 1 1 221085 14535 1 
2.09028e+06 719753 81.5728 204 248 176 0.164334 0.580444 0.797545 2007 1 8 2 2 221085 0 2 
2.09033e+06 719728 81.674 205 248 175 0.297141 -0.212646 0.930854 2008 1 -37 1 1 221178 5865 2 
2.09029e+06 719738 84.5292 222 247 167 0.0681359 0.125878 0.989703 2007 1 -4 1 1 221085 16065 1 
2.0903e+06 719746 80.7561 212 248 171 0.234365 0.291181 0.927517 2007 1 -4 1 1 221084 6375 1 
2.09027e+06 719756 81.0239 218 248 169 0.0917682 0.630724 0.770562 2007 1 4 2 1 221084 4845 1 
2.09031e+06 719727 84.3992 221 248 168 -0.0562091 -0.129625 0.989969 2007 1 0 1 1 221085 16830 1 
2.09031e+06 719727 84.4087 221 247 167 -0.0823773 -0.117185 0.989688 2007 1 -1 1 1 221085 18615 1 
2.0903e+06 719726 83.766 220 248 169 -0.0862846 -0.135928 0.986954 2007 1 3 1 1 221085 16830 1 
2.09026e+06 719752 84.0256 220 248 168 0.0630244 0.170047 0.983419 2007 1 11 1 1 221085 14280 1 
2.09031e+06 719734 83.9847 220 248 168 0.0287181 0.159672 0.986752 2007 1 -1 1 1 221085 16320 1 
2.09029e+06 719727 82.9121 218 248 169 -0.146081 -0.357551 0.922398 2007 1 4 1 1 221085 20910 1 
2.0903e+06 719722 82.0754 218 248 169 -0.150634 -0.571215 0.80686 2007 1 3 2 1 221085 3315 1 
2.0903e+06 719725 83.5874 219 248 169 -0.0594358 -0.207419 0.976445 2007 1 2 1 1 221085 19635 1 
2.09033e+06 719707 80.0537 204 248 176 -0.0263125 -0.156731 0.987291 2007 1 -4 1 1 221085 16320 2 
2.09028e+06 719748 83.442 220 248 169 0.0780967 0.272698 0.958925 2007 1 0 1 1 221084 21420 1 
2.09034e+06 719712 81.0721 204 248 176 0.436328 -0.173656 0.882871 2007 1 -4 1 1 221085 14280 2 
2.09032e+06 719742 80.2157 203 248 176 0.118695 0.183665 0.975797 2006 1 32 1 1 220945 5355 2 
2.09028e+06 719736 84.3153 221 248 168 -0.0773966 -0.155984 0.984723 2007 1 0 1 1 221085 17595 1 
2.0903e+06 719737 84.1191 220 248 168 0.0536935 0.126808 0.990473 2007 1 2 1 1 221085 18870 1 
2.09024e+06 719766 81.1634 203 248 176 -0.0407016 0.585262 0.809822 2006 1 18 1 1 220945 6120 2 
2.09025e+06 719748 84.5415 222 247 167 -0.00515331 -0.0505024 0.998711 2007 1 12 1 1 221085 16320 1 
2.09031e+06 719719 82.8348 218 248 169 -0.178496 -0.461729 0.868876 2007 1 0 1 1 221085 13770 1 
2.09034e+06 719720 79.9964 204 248 176 0.0231091 -0.00502372 0.99972 2007 1 -5 1 1 221085 23205 2 
2.09023e+06 719762 80.2973 203 248 176 -0.163433 0.0217149 0.986315 2006 1 17 1 1 220945 17340 2 
2.09026e+06 719737 82.8061 218 248 169 -0.119909 -0.367998 0.922062 2007 1 10 1 1 221085 12495 1 
2.09026e+06 719751 84.3911 221 247 167 0.0275705 0.109179 0.99364 2007 1 1 1 1 221085 15045 1 
2.09032e+06 719737 81.2 218 248 169 0.0798038 0.477423 0.875042 2007 1 -10 2 1 221085 3315 1 
2.09025e+06 719752 84.4862 222 247 167 0.0209009 0.113305 0.99334 2007 1 3 1 1 221085 18615 1 
2.09033e+06 719713 82.9522 219 248 169 0.242299 -0.14014 0.960027 2006 1 31 1 1 220944 9945 1 
2.09031e+06 719741 81.1441 204 248 176 0.239295 0.602149 0.761679 2007 1 -3 1 1 221085 25500 2 
2.09023e+06 719772 79.9066 203 248 176 -0.00504319 0.0292505 0.999559 2007 1 12 1 1 221085 21165 2 
2.09031e+06 719713 80.0621 204 248 176 -0.0513998 -0.129071 0.990302 2007 1 0 1 1 221085 28560 2 
2.09027e+06 719762 80.0092 204 248 176 0.0247271 0.0784816 0.996609 2007 1 8 1 1 221085 10965 2 
2.09023e+06 719752 82.6296 219 248 169 -0.519682 0.0959194 0.848958 2006 1 18 1 1 220945 6885 1 
2.09028e+06 719748 83.5058 219 248 169 0.0446927 0.218632 0.974783 2007 1 6 1 1 221085 17340 1 
2.09029e+06 719728 82.8808 219 248 169 -0.0361925 -0.441013 0.896771 2007 1 5 1 1 221085 22440 1 
2.0903e+06 719740 84.1842 220 248 168 0.0800779 0.161351 0.983643 2007 1 4 1 1 221085 18615 1 
2.0903e+06 719725 83.3192 219 248 169 -0.3101 -0.232932 0.921727 2007 1 4 1 1 221085 15810 1 
2.09029e+06 719740 84.4776 222 247 167 0.0491955 0.0754332 0.995937 2007 1 6 1 1 221085 15045 1 
2.09025e+06 719746 84.3154 221 248 168 -0.0300812 -0.116982 0.992678 2007 1 2 1 1 221085 19125 1 
2.09026e+06 719755 83.8036 220 248 169 0.0540633 0.195829 0.979147 2007 1 12 1 1 221085 13515 1 
2.0903e+06 719733 84.5641 222 247 167 -0.00103447 -0.0589646 0.99826 2007 1 -8 1 1 221085 19125 1 
2.09031e+06 719720 82.0627 205 248 175 -0.278457 -0.490023 0.826038 2006 1 27 1 1 220944 3060 2 
2.09023e+06 719749 82.8558 220 248 169 -0.272734 -0.307737 0.911545 2007 1 18 1 1 221085 13260 1 
2.09031e+06 719744 80.2882 204 248 175 0.11784 0.142137 0.982808 2007 1 -7 1 1 221084 26520 2 
2.09029e+06 719752 80.6312 204 248 176 0.101975 0.217799 0.970652 2007 1 0 1 1 221084 10200 2 
2.09026e+06 719761 80.5458 204 248 176 0.109712 0.406906 0.906858 2007 1 5 1 1 221084 19890 2 
2.09024e+06 719740 80.3664 203 248 176 -0.0952291 -0.34202 0.934855 2007 1 16 1 1 221085 17595 2 
2.09033e+06 719725 82.0232 205 248 175 0.430295 -0.0669347 0.900203 2008 1 -36 1 1 221178 7650 2 
2.09031e+06 719723 83.8279 220 248 168 -0.0620306 -0.205552 0.976678 2007 1 -3 1 1 221085 16065 1 
2.09023e+06 719752 83.3439 221 248 168 -0.492925 0.0624834 0.867825 2007 1 18 1 1 221085 15045 1 
2.09026e+06 719748 84.3976 221 248 168 0.007328 0.0680457 0.997655 2007 1 11 1 1 221085 17340 1 
2.09028e+06 719733 84.0039 220 248 168 -0.0898796 -0.154593 0.983881 2007 1 5 1 1 221085 21930 1 
2.09033e+06 719723 84.6062 222 247 167 0.306866 0.0712137 0.949085 2007 1 -4 1 1 221085 18870 1 
2.09027e+06 719734 82.7947 218 248 169 -0.151853 -0.393116 0.906863 2007 1 8 1 1 221085 19125 1 
2.09034e+06 719712 80.5024 204 248 176 0.370174 -0.143879 0.917753 2007 1 -6 1 1 221085 19125 2 
2.09026e+06 719752 84.0337 220 248 168 0.0613033 0.191122 0.97965 2007 1 12 1 1 221085 14280 1 
2.09032e+06 719736 82.8748 218 248 169 0.14367 0.416784 0.89758 2007 1 -1 1 1 221085 15555 1 
2.09024e+06 719766 81.2809 203 248 176 -0.0975738 0.335493 0.936976 2006 1 18 1 1 220945 15555 2 
2.0903e+06 719729 84.2606 221 248 168 -0.027732 -0.116475 0.992806 2007 1 -6 1 1 221085 20145 1 
2.09023e+06 719750 80.2915 203 248 176 -0.292924 -0.0494547 0.954856 2006 1 17 1 1 220945 17340 2 
2.0903e+06 719745 82.7505 218 248 169 0.139088 0.386357 0.911802 2007 1 -2 1 1 221085 19635 1 
2.09027e+06 719740 84.2247 221 248 168 -0.0484459 -0.111538 0.992579 2007 1 9 1 1 221085 15810 1 
2.09027e+06 719730 80.3955 203 248 176 -0.124048 -0.252013 0.95974 2007 1 11 1 1 221085 21930 2 
2.09023e+06 719763 80.6713 221 248 168 -0.268647 0.0233072 0.962957 2007 1 7 2 1 221085 4080 1 
2.09031e+06 719734 84.209 221 248 168 0.0516021 0.134166 0.989614 2007 1 1 1 1 221085 18615 1 
2.09032e+06 719711 80.2618 203 248 176 -0.171369 -0.202765 0.964116 2007 1 0 1 1 221085 14535 2 
2.09031e+06 719746 80.1143 204 248 176 0.0476695 0.0942305 0.994408 2007 1 -9 1 1 221085 15300 2 
2.09028e+06 719743 84.3421 221 248 168 0.0334598 0.160377 0.986489 2007 1 -3 1 1 221085 19125 1 
2.09026e+06 719755 82.7125 219 248 169 0.169014 0.370696 0.913246 2007 1 4 1 1 221085 17085 1 
2.09032e+06 719730 84.416 221 248 168 0.0393298 0.11799 0.992236 2006 1 32 1 1 220945 6120 1 
2.09033e+06 719721 83.4196 222 247 167 0.543594 0.0752232 0.835971 2007 1 -15 1 1 221085 17085 1 
2.09028e+06 719743 84.4111 221 247 167 0.0238272 0.150906 0.988261 2007 1 -3 1 1 221085 20145 1 
2.09027e+06 719750 83.6233 219 248 169 0.108253 0.27259 0.956021 2007 1 10 1 1 221085 16320 1 
2.09026e+06 719743 84.4537 221 248 168 -0.0455379 -0.0988506 0.99406 2007 1 0 1 1 221085 17340 1 
2.09034e+06 719729 80.0813 204 248 175 0.0686145 -0.0137229 0.997549 2007 1 -13 1 1 221084 27030 2 
2.09033e+06 719726 81.1924 205 248 175 -0.200669 0.334449 0.920802 2008 1 -35 1 1 221178 5610 2 
2.09031e+06 719740 83.2925 219 248 169 0.10937 0.394562 0.912337 2007 1 -8 1 1 221085 21930 1 
2.09028e+06 719744 84.3004 221 248 168 0.0546682 0.14772 0.987517 2007 1 8 1 1 221085 16065 1 
2.0903e+06 719721 82.1714 218 248 169 -0.143323 -0.545217 0.825952 2007 1 5 1 1 221085 16320 1 
2.09031e+06 719729 84.6517 222 247 167 -0.041113 -0.041113 0.998308 2007 1 -7 1 1 221085 18105 1 
2.09033e+06 719735 80.9039 204 248 175 0.127302 0.346316 0.92944 2007 1 -9 1 1 221084 29325 2 
2.09024e+06 719760 83.7899 220 248 168 -0.00343891 0.186848 0.982383 2007 1 5 1 1 221085 13770 1 
2.09027e+06 719746 84.4049 221 248 168 -0.00330095 0.130938 0.991385 2007 1 9 1 1 221085 13005 1 
2.09029e+06 719745 83.3039 219 248 169 0.0722114 0.329546 0.941374 2007 1 5 1 1 221085 15810 1 
2.09031e+06 719725 84.235 221 248 168 -0.0426393 -0.150966 0.987619 2007 1 0 1 1 221085 15300 1 
2.09025e+06 719759 83.2745 219 248 169 0.111556 0.323914 0.939486 2007 1 14 1 1 221085 12750 1 
2.09026e+06 719759 81.0251 203 248 176 0.114386 0.439187 0.891084 2007 1 11 1 1 221085 23970 2 
2.09023e+06 719743 80.1873 203 248 176 -0.196773 -0.153045 0.968431 2007 1 20 1 1 221085 15555 2 
2.09026e+06 719748 84.4282 221 247 167 0.0292068 0.0811299 0.996276 2007 1 10 1 1 221085 16575 1 
2.09034e+06 719722 81.5885 205 248 175 0.429269 0.344359 0.834952 2008 1 -37 1 1 221178 8415 2 
2.09032e+06 719728 84.655 222 247 167 0.0199417 0.0577259 0.998133 2007 1 -11 1 1 221085 18615 1 
2.09033e+06 719712 82.8823 218 248 169 -0.0463546 -0.388054 0.92047 2007 1 -4 1 1 221085 17340 1 
2.09034e+06 719720 80.3587 204 248 176 0.289457 0.0160125 0.957057 2007 1 -15 1 1 221085 7650 2 
2.09033e+06 719734 81.9607 204 248 175 0.449345 0.459148 0.766337 2007 1 -11 2 2 221085 0 2 
2.09023e+06 719743 79.9158 203 248 176 -0.066016 -0.0465358 0.996733 2007 1 15 1 1 221085 20400 2 
2.09034e+06 719722 80.0687 204 248 175 0.0812119 -0.0031641 0.996692 2007 1 -14 1 1 221084 22695 2 
2.09029e+06 719738 84.4538 221 248 168 0.0445207 0.135845 0.989729 2007 1 4 1 1 221085 16575 1 
2.09023e+06 719772 79.904 203 248 176 -0.0154033 0.0379947 0.999159 2007 1 7 1 1 221085 22950 2 
2.09026e+06 719736 82.5826 204 248 176 -0.188489 -0.381294 0.905034 2006 1 22 1 1 220945 5355 2 
2.09029e+06 719737 84.5609 222 247 167 -0.00102435 -0.050193 0.998739 2007 1 -4 1 1 221085 18360 1 
2.09024e+06 719751 84.272 221 248 168 -0.0629951 -0.120263 0.990741 2007 1 9 1 1 221085 16830 1 
2.09023e+06 719750 81.5991 203 248 176 -0.509887 0.145472 0.847852 2006 1 18 1 1 220945 7140 2 
2.09029e+06 719738 84.6355 222 247 167 -0.0412831 0.0434002 0.998204 2007 1 -1 1 1 221085 20145 1 
2.09028e+06 719723 79.9473 203 248 176 -0.0237644 -0.0340967 0.999136 2007 1 8 1 1 221085 12495 2 
2.09026e+06 719761 80.2801 204 248 176 0.0322486 0.216185 0.97582 2007 1 6 1 1 221084 27285 2 
2.09032e+06 719719 83.4835 219 248 169 -0.0544074 -0.282159 0.957824 2007 1 -12 1 1 221085 13770 1 
2.09027e+06 719742 84.5506 222 247 167 -0.03069 -0.0560886 0.997954 2007 1 8 1 1 221085 16575 1 
2.09034e+06 719716 80.0249 204 248 175 0.0611519 0.00310942 0.998124 2007 1 -13 1 1 221084 23970 2 
2.09033e+06 719708 80.2814 204 248 176 -0.10001 -0.271456 0.957241 2007 1 -4 1 1 221085 17340 2 
2.09032e+06 719708 80.0799 204 248 175 -0.0324816 -0.0429596 0.998549 2007 1 -3 1 1 221085 8160 1 
2.09033e+06 719712 81.5039 204 248 176 -0.0887691 -0.486117 0.869374 2007 1 -4 2 2 221085 0 2 
2.09028e+06 719729 81.8838 204 248 175 -0.199973 -0.445866 0.872476 2006 1 26 1 1 220945 5355 2 
2.09032e+06 719722 84.3943 221 247 167 -0.0676106 -0.113448 0.991241 2007 1 -5 1 1 221085 16575 1 
2.09033e+06 719719 84.1493 221 248 168 -0.0375123 -0.135272 0.990098 2007 1 -3 1 1 221085 19890 1 
2.09025e+06 719747 84.4469 221 247 167 -0.027631 -0.109419 0.993612 2007 1 12 1 1 221085 15045 1 
2.09029e+06 719733 84.1034 221 248 168 -0.0451291 -0.153902 0.987055 2007 1 6 1 1 221085 16320 1 
2.09023e+06 719747 80.7307 203 248 176 -0.318075 -0.189163 0.929002 2006 1 16 1 1 220945 5865 2 
2.09033e+06 719741 80.0828 204 248 175 0.0416664 0.118242 0.99211 2007 1 -10 1 1 221084 23205 2 
2.09024e+06 719757 82.8281 203 248 176 -0.17285 0.483092 0.858338 2006 1 19 1 1 220945 5610 2 
2.0903e+06 719739 83.8503 220 248 169 0.0486706 0.183998 0.981721 2007 1 3 1 1 221085 18870 1 
2.09028e+06 719736 84.2853 221 248 168 -0.0619063 -0.148342 0.986997 2007 1 -4 1 1 221085 19380 1 
2.09032e+06 719737 82.6613 218 248 169 0.129421 0.504598 0.853599 2007 1 -1 1 1 221085 16065 1 
2.09033e+06 719727 83.5239 221 248 168 0.56654 0.0756338 0.820556 2007 1 -9 1 1 221084 20655 1 
2.09023e+06 719756 82.1856 221 248 168 -0.130793 0.265549 0.955184 2006 1 19 1 1 220945 7140 1 
2.0903e+06 719746 80.9128 204 248 176 -0.101513 0.418568 0.902494 2007 1 1 1 1 221085 10455 2 
2.09032e+06 719726 84.6925 222 247 167 0.0297248 -0.0194749 0.999368 2007 1 -2 1 1 221085 18360 1 
2.09033e+06 719726 81.8704 221 248 168 0.380045 -0.0852059 0.921035 2007 1 -14 1 1 221085 16575 1 
2.09029e+06 719736 84.6637 222 247 167 0.0250673 -0.00100269 0.999685 2007 1 -6 1 1 221085 20655 1 
2.09023e+06 719763 80.2837 203 248 176 -0.152579 0.0925083 0.983952 2006 1 16 1 1 220945 20145 2 
2.09028e+06 719748 83.8706 220 248 168 0.121978 0.266254 0.956154 2007 1 2 1 1 221085 17340 1 
2.09027e+06 719761 80.0942 204 248 176 0.0373555 0.132442 0.990487 2007 1 10 1 1 221085 15810 2 
2.09032e+06 719711 79.9262 204 248 176 -0.0240477 -0.049141 0.998502 2007 1 -2 1 1 221085 26775 2 
2.09029e+06 719736 84.503 221 247 167 -0.00734228 -0.0702761 0.997501 2007 1 -3 1 1 221085 16320 1 
2.09023e+06 719760 82.4683 221 248 168 0.24843 0.0904539 0.964417 2007 1 17 1 1 221085 14025 1 
2.09032e+06 719711 80.0189 204 248 176 -0.0617442 -0.0954228 0.99352 2007 1 -2 1 1 221085 26010 2 
2.09029e+06 719738 84.6179 222 247 167 -0.0164024 0.108256 0.993988 2007 1 -4 1 1 221085 20145 1 
2.09025e+06 719756 83.8548 220 248 168 0.0515458 0.195394 0.979369 2007 1 12 1 1 221085 13005 1 
2.09026e+06 719754 82.8158 219 248 169 0.147658 0.381098 0.912667 2007 1 5 1 1 221085 16830 1 
2.09027e+06 719752 83.6798 220 248 169 0.0706172 0.291456 0.953974 2007 1 11 1 1 221085 16575 1 
2.09029e+06 719728 83.469 219 248 169 -0.113887 -0.231613 0.966119 2007 1 -3 1 1 221085 19380 1 
2.09031e+06 719737 83.8222 221 248 168 0.0972079 0.183341 0.978231 2007 1 -5 1 1 221084 18615 1 
2.09033e+06 719730 84.0023 221 248 168 0.0961367 0.134117 0.986291 2007 1 -13 1 1 221085 15555 1 
2.09027e+06 719754 80.9129 204 248 175 0.308084 0.371826 0.875688 2007 1 1 1 1 221084 21420 2 
2.09033e+06 719728 83.9683 221 248 168 0.174694 0.206217 0.962786 2007 1 -3 1 1 221085 14535 1 
2.09032e+06 719724 84.4897 221 247 167 -0.0323702 -0.119435 0.992314 2007 1 -5 1 1 221085 16575 1 
2.09026e+06 719736 80.7732 204 248 176 0.012158 -0.509283 0.860513 2007 1 11 1 1 221085 14025 2 
2.09023e+06 719750 81.9802 219 248 169 -0.477967 0.103536 0.872254 2007 1 16 1 1 221085 15810 1 
2.09024e+06 719765 80.8989 203 248 176 0.209589 0.332206 0.919626 2007 1 14 1 1 221085 22185 2 
2.0903e+06 719737 84.5116 221 247 167 0.0240084 0.161199 0.98663 2007 1 -6 1 1 221085 19890 1 
2.09033e+06 719726 84.1843 221 248 168 0.233522 0.15964 0.959157 2007 1 -3 1 1 221085 17850 1 
2.09024e+06 719760 82.2715 221 248 168 -0.294665 0.013562 0.955504 2007 1 14 1 1 221085 14025 1 
2.09026e+06 719741 83.7128 220 248 169 -0.0903964 -0.250818 0.963804 2007 1 9 1 1 221085 16575 1 
2.09025e+06 719741 83.0119 219 248 169 -0.0866311 -0.413904 0.906189 2007 1 16 1 1 221085 14025 1 
2.09033e+06 719731 82.7238 219 248 169 0.340661 0.15434 0.927432 2007 1 -3 1 1 221085 17340 1 
2.09025e+06 719754 84.27 221 248 168 0 0 0 2007 1 2 1 1 221085 15045 1 
2.09029e+06 719738 84.5841 222 247 167 -0.0010444 0.0720634 0.9974 2007 1 -4 1 1 221085 22695 1 
2.0903e+06 719743 83.1441 219 248 169 0.134337 0.358693 0.923739 2007 1 -1 1 1 221085 17595 1 
2.09023e+06 719747 82.4176 219 248 169 -0.268279 -0.416818 0.868498 2007 1 17 1 1 221085 14025 1 
2.09029e+06 719724 81.3743 204 248 176 0.066487 -0.544627 0.836039 2007 1 3 2 2 221085 0 2 
2.09027e+06 719758 80.1775 204 248 176 0.00593229 0.236105 0.971709 2007 1 0 1 1 221085 28050 2 
2.09025e+06 719761 82.2281 204 248 176 0.12975 0.440579 0.888288 2007 1 4 2 2 221085 0 2 
2.09025e+06 719743 83.6894 219 248 169 -0.0581011 -0.174303 0.982976 2007 1 13 1 1 221085 17085 1 
2.09024e+06 719762 82.9779 219 248 169 -0.385363 0.0381417 0.921977 2007 1 16 1 1 221085 13770 1 
2.09024e+06 719741 80.7517 203 248 176 -0.114531 -0.448225 0.886553 2007 1 18 1 1 221085 13515 2 
2.09024e+06 719760 83.4143 221 248 168 -0.215202 0.120972 0.969048 2006 1 24 1 1 220946 12750 1 
2.09029e+06 719754 80.3754 204 248 175 0.0615356 0.196673 0.978536 2007 1 1 1 1 221084 10455 2 
2.09031e+06 719730 84.6693 222 247 167 0.00701962 0.0190532 0.999794 2007 1 0 1 1 221085 17340 1 
2.09029e+06 719742 83.8173 220 248 169 0.0900664 0.19864 0.975925 2007 1 5 1 1 221085 15555 1 
2.09029e+06 719747 82.2673 204 248 175 0.197375 0.449658 0.87112 2007 1 -1 1 1 221084 3825 2 
2.09026e+06 719751 83.9621 220 248 168 0.0540633 0.195829 0.979147 2007 1 10 1 1 221085 15555 1 
2.09024e+06 719745 83.0501 219 248 169 -0.117615 -0.449204 0.885654 2007 1 14 1 1 221085 13515 1 
2.09032e+06 719733 83.9351 220 248 169 0.0626113 0.219753 0.973544 2007 1 0 1 1 221085 16575 1 
2.09027e+06 719745 84.4699 221 247 167 0.0564432 0.0830047 0.994949 2007 1 -2 1 1 221085 21165 1 
2.09033e+06 719736 81.5494 218 248 169 0.0751602 0.540303 0.838107 2007 1 -11 2 1 221084 4590 1 
2.09027e+06 719733 81.7319 217 248 170 -0.0498438 -0.662211 0.747658 2007 1 11 1 1 221085 10200 1 
2.09029e+06 719731 83.9719 220 248 168 -0.0268127 -0.183026 0.982742 2007 1 3 1 1 221085 21420 1 
2.09033e+06 719735 81.6258 218 248 169 0.283626 0.364661 0.886893 2007 1 -8 2 1 221085 7140 1 
2.09026e+06 719731 79.9392 204 248 176 -0.0135621 -0.0552916 0.998378 2007 1 11 1 1 221085 22185 2 
2.09023e+06 719763 81.6193 204 248 176 -0.472104 0.0650701 0.879138 2006 1 17 1 1 220945 10965 2 
2.09031e+06 719731 84.6311 222 247 167 0.0312492 0.0743516 0.996742 2007 1 -9 1 1 221085 17340 1 
2.09031e+06 719727 84.2003 221 248 168 -0.0466439 -0.12628 0.990897 2007 1 -9 1 1 221085 20145 1 
2.09025e+06 719737 81.7693 212 248 171 -0.218926 -0.433384 0.874214 2006 1 22 1 1 220945 5355 1 
2.09026e+06 719736 82.4047 218 248 169 -0.0746545 -0.508496 0.857822 2007 1 10 2 1 221085 6630 1 
2.09029e+06 719745 82.8795 218 248 169 0.134824 0.371113 0.918748 2007 1 -1 1 1 221085 16830 1 
2.09024e+06 719750 84.3885 221 247 167 -0.0405179 -0.0865112 0.995427 2007 1 7 1 1 221085 14790 1 
2.09029e+06 719729 83.8342 220 248 168 -0.0902714 -0.157674 0.983356 2007 1 4 1 1 221085 19890 1 
2.09025e+06 719733 80.0033 204 248 176 0.0121162 -0.122263 0.992424 2007 1 10 1 1 221085 21165 2 
2.09027e+06 719739 84.337 221 248 168 -0.057704 -0.109751 0.992283 2007 1 -3 1 1 221085 18870 1 
2.09032e+06 719729 84.3367 221 247 167 0.058658 0.187945 0.980426 2007 1 -10 1 1 221085 16320 1 
2.0903e+06 719723 82.436 218 248 169 -0.389087 -0.385937 0.836459 2007 1 3 2 1 221085 5100 1 
2.09027e+06 719725 80.0023 204 248 176 -0.0181948 -0.0824117 0.996432 2007 1 11 1 1 221085 9180 2 
2.09023e+06 719745 81.1134 204 248 176 -0.0646129 -0.45779 0.88671 2007 1 18 1 1 221085 10965 2 
2.09028e+06 719741 84.5723 222 247 167 0.0579503 0.0666975 0.996089 2007 1 -4 1 1 221085 18870 1 
2.0903e+06 719720 81.0581 204 248 176 -0.173266 -0.385194 0.906424 2007 1 2 1 1 221085 26775 2 
2.09027e+06 719745 84.5536 222 247 167 -0.00748597 0.0930399 0.995634 2007 1 -1 1 1 221085 19635 1 
2.09031e+06 719738 83.3203 219 248 169 0.396709 0.236243 0.887024 2007 1 -6 1 1 221085 15555 1 
2.09033e+06 719723 82.7496 205 248 175 0.616944 0.34347 0.708102 2008 1 -36 1 1 221178 6630 2 
2.09029e+06 719731 83.7706 220 248 168 -0.057412 -0.221097 0.97356 2007 1 5 1 1 221085 15810 1 
2.09034e+06 719707 80.0142 204 248 175 0.00505337 -0.0293096 0.999558 2008 1 -37 1 1 221178 9435 1 
2.09026e+06 719758 81.2673 218 248 169 0.104124 0.415107 0.903795 2007 1 1 2 1 221085 3315 1 
2.09029e+06 719729 83.3763 219 248 169 -0.016221 -0.31319 0.949552 2007 1 0 1 1 221085 17850 1 
2.09029e+06 719723 81.194 218 248 169 -0.147618 -0.431388 0.890007 2007 1 3 2 1 221085 3315 1 
2.09033e+06 719732 81.6413 218 248 169 0.276488 0.209798 0.937837 2007 1 -14 1 1 221085 13770 1 
2.09024e+06 719763 81.9104 204 248 175 -0.563742 -0.0607542 0.823713 2006 1 23 1 1 220946 9690 1 
2.09031e+06 719732 84.2178 221 248 168 0.0238807 0.151245 0.988208 2007 1 -6 1 1 221085 17085 1 
2.09029e+06 719726 82.544 218 248 169 -0.189939 -0.44319 0.876074 2007 1 5 1 1 221085 17340 1 
2.09029e+06 719727 83.2654 219 248 169 -0.0548319 -0.397197 0.916094 2007 1 4 1 1 221085 19380 1 
2.09031e+06 719722 83.3969 219 248 169 -0.101271 -0.352424 0.930345 2007 1 -9 1 1 221085 16065 1 
2.09033e+06 719724 81.5573 205 248 175 -0.0592076 -0.00727111 0.998219 2008 1 -36 1 1 221178 7650 2 
2.09024e+06 719761 82.3533 203 248 176 -0.418681 0.188188 0.888421 2006 1 17 1 1 220945 11985 2 
2.09028e+06 719736 84.2149 221 248 168 -0.0423106 -0.140654 0.989154 2007 1 2 1 1 221085 18105 1 
2.09031e+06 719719 81.2975 214 248 171 -0.091487 -0.47714 0.874052 2007 1 0 1 1 221085 8670 1 
2.09033e+06 719708 79.998 203 248 176 0.0432254 -0.0986425 0.994184 2007 1 -2 1 1 221085 17085 2 
2.09033e+06 719734 82.5025 219 248 169 0.225077 0.38984 0.892953 2007 1 -10 1 1 221084 17850 1 
2.09027e+06 719732 81.4685 204 248 176 -0.198532 -0.52285 0.828983 2006 1 25 1 1 220945 8160 2 
2.09034e+06 719722 80.0305 204 248 175 0.0417574 0.00305542 0.999123 2007 1 -11 1 1 221084 24990 2 
2.09033e+06 719738 80.7258 204 248 175 0.061341 0.332808 0.940997 2007 1 -10 1 1 221085 23460 2 
2.09028e+06 719755 80.0844 204 248 176 0.0164302 0.112821 0.99348 2007 1 3 1 1 221085 15810 2 
2.09029e+06 719746 83.3605 219 248 169 0.169504 0.26985 0.947866 2007 1 -4 1 1 221085 17085 1 
2.09028e+06 719750 83.1091 219 248 169 0.254097 0.491254 0.833129 2007 1 0 1 1 221084 20145 1 
2.09033e+06 719719 82.0086 207 248 174 0.686223 -0.156029 0.71046 2008 1 -36 1 1 221178 6375 1 
2.09033e+06 719732 82.9007 219 248 169 0.233326 0.287062 0.929061 2007 1 -3 1 1 221085 17085 1 
2.09024e+06 719743 82.4338 218 248 169 -0.203976 -0.500119 0.84159 2007 1 17 1 1 221085 15300 1 
2.09033e+06 719719 83.8357 221 247 167 0.34299 -0.0427119 0.938368 2007 1 -4 1 1 221085 22440 1 
2.09027e+06 719731 80.5164 204 248 176 -0.0492047 -0.283873 0.957599 2007 1 8 1 1 221085 22185 2 
2.09028e+06 719728 80.7803 204 248 176 -0.151853 -0.393116 0.906863 2007 1 7 1 1 221085 11985 2 
2.0903e+06 719716 80.0695 204 248 176 -0.0297883 -0.104811 0.994046 2007 1 2 1 1 221085 22695 2 
2.09032e+06 719728 84.3927 221 247 167 0.0377915 0.14773 0.988305 2007 1 -10 1 1 221085 20910 1 
2.09031e+06 719742 81.0543 204 248 176 0.145807 0.400616 0.90457 2007 1 -5 1 1 221085 25245 2 
2.09033e+06 719707 80.0285 204 248 176 -0.0102531 -0.169745 0.985435 2007 1 -6 1 1 221085 14025 2 
2.09034e+06 719730 81.0916 205 248 175 0.187769 -0.0895893 0.978119 2008 1 -37 1 1 221178 7140 2 
2.09034e+06 719733 81.089 204 248 175 0.170408 0.220606 0.960362 2007 1 -9 1 1 221084 4590 2 
2.09029e+06 719725 82.2664 218 248 169 -0.109459 -0.467687 0.877091 2007 1 3 1 1 221085 7650 1 
2.09024e+06 719760 83.8438 220 248 168 0.0268627 0.185703 0.982239 2007 1 7 1 1 221084 13770 1 
2.09028e+06 719724 80.0499 203 248 176 -0.0636436 -0.130759 0.989369 2007 1 11 1 1 221085 10710 2 
2.09033e+06 719738 80.2097 204 248 175 0.0696256 0.206434 0.97598 2007 1 -9 1 1 221084 21420 2 
2.09029e+06 719727 82.9081 218 248 169 -0.197793 -0.280783 0.939169 2007 1 5 1 1 221085 19635 1 
2.09025e+06 719766 80.1151 204 248 176 0.0500899 0.154929 0.986655 2007 1 3 1 1 221085 16830 2 
2.09028e+06 719750 83.1216 218 248 169 0.124882 0.355433 0.926322 2007 1 3 1 1 221085 17085 1 
2.09027e+06 719748 84.332 221 248 168 0.0873851 0.117679 0.989199 2007 1 10 1 1 221085 14025 1 
2.09031e+06 719736 84.1165 221 248 168 0.0259628 0.138845 0.989974 2007 1 2 1 1 221085 15810 1 
2.09028e+06 719729 82.6969 218 248 169 -0.227347 -0.374023 0.899122 2007 1 6 1 1 221085 19380 1 
2.09032e+06 719736 82.5191 218 248 169 0.289081 0.529193 0.797739 2006 1 33 1 1 220945 5610 1 
2.09025e+06 719738 82.2598 214 248 171 -0.092316 -0.414733 0.905248 2006 1 21 1 1 220945 11985 1 
2.09033e+06 719714 81.7852 204 248 176 0.598796 -0.0179777 0.8007 2007 1 -5 1 1 221085 8670 2 
2.09033e+06 719725 84.65 222 247 167 0.0637479 0.0861156 0.994244 2007 1 -13 1 1 221085 17850 1 
2.09034e+06 719731 80.638 204 248 175 0.276909 -0.114176 0.954089 2007 1 -10 2 2 221084 0 2 
2.09027e+06 719748 83.9255 220 248 168 0.072674 0.213095 0.974325 2007 1 4 1 1 221085 16065 1 
2.09032e+06 719715 79.95 204 248 176 0 0 0 2007 1 -2 2 2 221085 0 2 
2.09024e+06 719768 80.3522 203 248 176 0.0807823 0.275686 0.957847 2007 1 16 1 1 221085 5355 2 
2.09023e+06 719760 80.0185 204 248 176 -0.191544 0.0638481 0.979405 2006 1 21 1 1 220946 18360 1 
2.09025e+06 719757 83.5776 219 248 169 0.060148 0.295621 0.95341 2007 1 12 1 1 221085 13260 1 
2.09024e+06 719758 83.7589 221 248 168 -0.254842 0.19488 0.947142 2007 1 15 1 1 221085 14025 1 
2.09025e+06 719744 84.0885 220 248 168 -0.0507696 -0.173561 0.983514 2007 1 12 1 1 221085 14535 1 
2.09026e+06 719758 82.5033 218 248 169 0.1529 0.464526 0.87226 2007 1 4 1 1 221084 16575 1 
2.09027e+06 719754 81.8288 218 248 169 0.17107 0.504284 0.846424 2007 1 2 2 1 221085 6630 1 
2.09029e+06 719741 84.1064 221 248 168 0.0584606 0.180154 0.9819 2007 1 0 1 1 221085 20910 1 
2.0903e+06 719735 84.3579 221 247 167 0.0485296 0.116245 0.992034 2007 1 0 1 1 221085 20655 1 
2.09033e+06 719728 82.8596 220 248 168 0.579101 0.0909809 0.810163 2007 1 -12 1 1 221085 16575 1 
2.09023e+06 719745 81.5427 218 248 169 -0.178252 -0.464045 0.867691 2007 1 19 1 1 221085 13515 1 
2.09027e+06 719737 83.8528 220 248 168 -0.0473261 -0.219642 0.974432 2007 1 8 1 1 221085 19125 1 
2.09024e+06 719769 80.1013 203 248 176 0.00538737 0.104515 0.994509 2007 1 14 1 1 221085 7140 2 
2.09032e+06 719710 79.9437 204 248 176 -0.0415341 -0.0500539 0.997883 2007 1 -1 1 1 221085 28050 2 
2.09032e+06 719741 80.1345 204 248 176 0.0969744 0.182901 0.978337 2007 1 -10 1 1 221085 17595 2 
2.09026e+06 719751 84.2084 221 248 168 0.0487216 0.121237 0.991427 2007 1 1 1 1 221085 14535 1 
2.09032e+06 719740 80.2764 204 248 175 0.112045 0.171146 0.978854 2007 1 -7 1 1 221084 29835 2 
2.09032e+06 719734 83.5517 220 248 168 0.0850463 0.304858 0.948593 2007 1 -10 1 1 221085 17595 1 
2.09033e+06 719722 83.7982 222 247 167 0.51447 0.234967 0.824688 2007 1 -11 1 1 221084 16575 1 
2.09028e+06 719732 83.853 220 248 168 -0.0721517 -0.154949 0.985284 2007 1 6 1 1 221085 19125 1 
2.09032e+06 719723 84.1849 221 248 168 -0.0258631 -0.133813 0.990669 2007 1 -11 1 1 221085 14535 1 
2.09027e+06 719741 84.2251 221 248 168 -0.0447087 -0.138712 0.989323 2007 1 -1 1 1 221085 18870 1 
2.09031e+06 719721 83.5335 220 248 169 -0.0827494 -0.208726 0.974467 2007 1 2 1 1 221085 19635 1 
2.09029e+06 719748 82.7993 219 248 169 0.134164 0.474624 0.869903 2007 1 0 1 1 221084 19125 1 
2.0903e+06 719750 80.4915 204 248 176 0.0777685 0.269002 0.959995 2007 1 -4 1 1 221085 10200 2 
2.09034e+06 719726 81.3666 204 248 175 -0.209813 0.403487 0.890605 2008 1 -37 1 1 221178 5355 2 
2.09023e+06 719755 83.1215 221 247 167 -0.53387 0.21263 0.818396 2007 1 19 1 1 221085 16575 1 
2.09027e+06 719741 84.3386 221 247 167 -0.0459918 -0.111053 0.99275 2007 1 10 1 1 221085 16320 1 
2.09025e+06 719766 80.0218 203 248 176 0.0425419 0.0796297 0.995916 2007 1 6 1 1 221085 9690 2 
2.09023e+06 719764 80.478 203 248 176 -0.228746 0.248155 0.941326 2006 1 16 1 1 220945 12495 2 
2.09032e+06 719720 84.0791 220 248 168 -0.0588607 -0.135033 0.989091 2007 1 -1 1 1 221085 19125 1 
2.09028e+06 719728 81.2472 216 248 170 -0.123198 -0.437565 0.890707 2006 1 23 1 1 220944 4080 1 
2.09033e+06 719739 80.1521 204 248 175 0.0706209 0.171166 0.982708 2007 1 -11 1 1 221084 15810 2 
2.09034e+06 719715 80.0123 204 248 176 0.0747617 0.00737088 0.997174 2007 1 -11 1 1 221085 21930 2 
2.09031e+06 719740 82.7756 219 248 169 0.057073 0.513657 0.856095 2007 1 -7 1 1 221085 19125 1 
2.09032e+06 719718 83.2024 219 248 169 -0.153012 -0.369195 0.916669 2007 1 -1 1 1 221085 21420 1 
2.09026e+06 719744 84.5296 222 247 167 -0.00518359 -0.0570195 0.99836 2007 1 11 1 1 221085 16830 1 
2.09033e+06 719726 84.6445 222 247 167 0.0160548 0.0824147 0.996469 2007 1 -10 1 1 221084 18615 1 
2.09031e+06 719742 80.9781 204 248 176 0.478377 0.341698 0.808949 2007 1 -3 1 1 221085 23205 2 
2.09031e+06 719739 83.6241 220 248 169 0.122665 0.23371 0.964538 2007 1 -1 1 1 221085 14535 1 
2.09028e+06 719753 80.9526 204 248 176 0.133455 0.673271 0.727252 2007 1 9 1 1 221085 20910 2 
2.09025e+06 719756 83.7119 220 248 169 0.0496561 0.216791 0.974954 2007 1 3 1 1 221085 16065 1 
2.09033e+06 719734 81.1874 204 248 175 0.176807 0.355029 0.917983 2007 1 -8 1 1 221084 23715 2 
2.09024e+06 719754 84.5065 222 247 167 0.0190912 0.00904321 0.999777 2007 1 16 1 1 221085 15810 1 
2.09032e+06 719734 82.7197 218 248 169 0.0797145 0.474092 0.87686 2006 1 32 1 1 220945 5610 1 
2.09032e+06 719708 80.0127 203 248 176 -0.0560886 -0.03069 0.997954 2006 1 32 1 1 220944 9180 2 
2.09023e+06 719760 81.5599 221 248 168 -0.382761 0.519578 0.763893 2007 1 17 1 1 221085 14280 1 
2.09023e+06 719742 80.1716 204 248 176 -0.0790769 -0.186135 0.979337 2007 1 15 1 1 221085 23460 2 
2.09026e+06 719747 84.4616 222 247 167 0.0192431 0.0192431 0.99963 2007 1 2 1 1 221085 17340 1 
2.09028e+06 719747 84.0149 220 248 168 0.0554164 0.166249 0.984525 2007 1 5 1 1 221085 14535 1 
2.09031e+06 719748 80.1391 204 248 175 0.0680192 0.121051 0.990313 2007 1 -3 1 1 221084 24225 2 
2.09024e+06 719753 84.74 222 247 167 0 0 0 2007 1 4 1 1 221085 17340 1 
2.09028e+06 719740 84.5989 222 247 167 0.022045 0.0535378 0.998322 2007 1 -1 1 1 221085 16320 1 
2.09029e+06 719728 83.8787 220 248 168 -0.0577668 -0.166227 0.984394 2007 1 -7 1 1 221085 17595 1 
2.09033e+06 719736 80.9819 204 248 175 0.121166 0.391353 0.912229 2007 1 -12 1 1 221085 23715 2 
2.09027e+06 719747 84.234 221 248 168 0.019357 0.158272 0.987206 2007 1 0 1 1 221085 16065 1 
2.09028e+06 719746 84.165 221 248 168 0.106663 0.170415 0.979582 2007 1 5 1 1 221085 17850 1 
2.09024e+06 719761 82.0131 204 248 176 -0.219387 0.252502 0.942397 2006 1 22 1 1 220946 10965 2 
2.09034e+06 719722 80.0033 203 248 176 0.0190532 -0.00701962 0.999794 2007 1 -6 1 1 221085 26775 2 
2.0903e+06 719721 81.5905 204 248 176 -0.141655 -0.495063 0.857232 2006 1 30 1 1 220945 5610 2 
2.09026e+06 719740 83.2634 219 248 169 -0.138049 -0.288161 0.947579 2007 1 6 1 1 221085 17340 1 
2.09031e+06 719741 81.8811 204 248 175 0.0910067 0.570598 0.816172 2007 1 -8 2 2 221085 0 2 
2.09028e+06 719739 84.6094 222 247 167 0.0132448 0.0295462 0.999476 2007 1 7 1 1 221085 17595 1 
2.09025e+06 719760 83.3783 219 248 169 0.221638 0.292223 0.930313 2007 1 15 1 1 221085 14025 1 
2.09032e+06 719710 80.0313 204 248 176 -0.0540176 -0.0782704 0.995468 2007 1 -3 1 1 221085 25755 2 
2.09027e+06 719756 81.1982 204 248 175 0.129231 0.506761 0.852345 2007 1 1 1 1 221085 26265 2 
2.09027e+06 719743 84.4653 221 247 167 -0.00106063 -0.0901532 0.995927 2007 1 9 1 1 221085 14535 1 
2.09032e+06 719723 84.2525 221 248 168 -0.047656 -0.154592 0.986828 2007 1 -1 1 1 221085 21165 1 
2.09028e+06 719740 84.607 222 247 167 -0.0195136 -0.031838 0.999303 2007 1 -3 1 1 221085 20145 1 
2.09033e+06 719706 79.9146 203 248 176 0.00947957 -0.0705702 0.997462 2007 1 -1 1 1 221085 21420 2 
2.09028e+06 719755 80.0843 204 248 175 0.00106902 0.0972807 0.995256 2007 1 0 1 1 221084 9180 2 
2.09025e+06 719754 84.1093 221 248 168 0.0330664 0.147088 0.988571 2007 1 7 1 1 221085 14025 1 
2.09033e+06 719734 81.6402 204 248 175 0.270183 0.371689 0.888171 2007 1 -11 2 2 221084 0 2 
2.09034e+06 719725 81.426 221 248 168 0.338014 -0.331951 0.880656 2007 1 -6 1 1 221085 12240 1 
2.09027e+06 719735 83.1289 219 248 169 -0.0457088 -0.361752 0.931153 2007 1 9 1 1 221085 15045 1 
2.09028e+06 719734 84.0727 221 248 168 -0.0857296 -0.170252 0.981664 2007 1 3 1 1 221085 19125 1 
2.09025e+06 719737 81.4537 212 248 171 -0.121485 -0.348074 0.929562 2006 1 23 1 1 220945 4590 1 
2.09026e+06 719762 80.0074 204 248 176 0.0355654 0.0700531 0.996909 2007 1 1 1 1 221085 14280 2 
2.09029e+06 719725 82.0912 218 248 169 -0.201177 -0.509748 0.836471 2007 1 3 1 1 221085 15045 1 
2.09031e+06 719742 81.9741 204 248 176 0.308673 0.554971 0.772482 2007 1 0 2 2 221085 0 2 
2.09033e+06 719713 82.1058 219 248 169 0.574599 -0.177383 0.798981 2006 1 31 1 1 220944 8415 1 
2.09023e+06 719765 80.1384 203 248 176 -0.194644 0.24909 0.948719 2006 1 18 1 1 220945 18360 2 
2.09032e+06 719725 84.432 221 248 168 -0.0400274 -0.140668 0.989247 2007 1 -2 1 1 221085 20655 1 
2.09033e+06 719724 82.4996 205 248 175 0.562277 0.462168 0.685744 2008 1 -37 1 1 221178 7650 2 
2.09033e+06 719722 84.5932 222 247 167 -0.0319926 -0.104803 0.993978 2007 1 -13 1 1 221085 13515 1 
2.09033e+06 719712 82.5766 219 248 169 0.42419 -0.40178 0.811564 2006 1 30 1 1 220944 7905 1 
2.09032e+06 719726 84.6805 222 247 167 -0.0331372 -0.0652054 0.997321 2007 1 -12 1 1 221085 17595 1 
2.09025e+06 719734 80.025 203 248 176 -0.072691 -0.0794009 0.994189 2007 1 14 1 1 221085 16320 2 
2.09025e+06 719738 80.823 204 248 176 -0.274119 -0.348205 0.896444 2007 1 11 1 1 221085 17340 2 
2.09026e+06 719732 80.5149 203 248 176 -0.208359 -0.316083 0.925569 2007 1 11 1 1 221085 22185 2 
2.0903e+06 719723 81.9178 218 248 169 -0.416439 -0.35358 0.837592 2007 1 3 1 1 221085 11475 1 
2.09023e+06 719756 82.3284 204 248 175 -0.595111 0.0792521 0.799726 2006 1 20 1 1 220945 9180 2 
2.09028e+06 719751 82.7678 218 248 169 0.122031 0.408172 0.904712 2007 1 8 1 1 221085 15555 1 
2.09026e+06 719757 83.1098 219 248 169 0.204651 0.381725 0.901335 2007 1 2 1 1 221085 15810 1 
2.09033e+06 719725 81.7749 221 247 167 0.349887 -0.0374417 0.936044 2007 1 -12 1 1 221085 16575 1 
2.09026e+06 719754 84.0293 220 248 168 0.0405718 0.15881 0.986475 2007 1 4 1 1 221085 13005 1 
2.09028e+06 719746 84.2764 221 248 168 0.0328228 0.134687 0.990344 2007 1 0 1 1 221084 20655 1 
2.09028e+06 719755 80.3391 204 248 175 0.23431 0.242628 0.941398 2007 1 2 1 1 221084 25245 2 
2.0903e+06 719743 82.6713 217 248 170 0.150991 0.429966 0.89013 2007 1 3 1 1 221085 15555 1 
2.09024e+06 719744 83.1141 218 248 169 -0.126359 -0.376301 0.91784 2007 1 14 1 1 221085 15810 1 
2.09024e+06 719757 83.3325 222 247 167 -0.325463 0.301684 0.896137 2007 1 5 1 1 221085 18615 1 
2.09032e+06 719716 83.243 219 248 169 -0.182253 -0.383161 0.905523 2007 1 -1 1 1 221085 18615 1 
2.09033e+06 719734 82.8984 219 248 169 0.121993 0.480797 0.868304 2007 1 -8 1 1 221084 16830 1 
2.09028e+06 719733 83.4922 219 248 169 -0.0723423 -0.267793 0.960757 2007 1 5 1 1 221085 17085 1 
2.09029e+06 719748 81.3519 204 248 176 0.163219 0.423215 0.891206 2007 1 4 1 1 221085 4335 2 
2.09031e+06 719732 84.5786 222 247 167 -0.00317634 0.0857611 0.996311 2007 1 -7 1 1 221084 18615 1 
2.09028e+06 719740 84.5713 222 247 167 -0.0219119 -0.0490409 0.998556 2007 1 8 1 1 221085 17595 1 
2.09029e+06 719733 84.2375 221 248 168 -0.0518047 -0.139297 0.988895 2007 1 -6 1 1 221085 19635 1 
2.09023e+06 719766 80.103 203 248 176 -0.119696 0.105474 0.987192 2006 1 21 1 1 220946 16065 2 
2.09024e+06 719762 82.3671 204 248 176 -0.436821 0.0307244 0.899023 2006 1 18 1 1 220945 5100 2 
2.09025e+06 719755 84.1797 221 248 168 0.0284999 0.149339 0.988375 2007 1 3 1 1 221085 17850 1 
2.09024e+06 719757 84.3136 221 248 168 -0.00109171 0.123363 0.992361 2007 1 15 1 1 221085 12240 1 
2.09032e+06 719712 80.01 204 248 176 -0.037138 -0.124919 0.991472 2007 1 -2 1 1 221085 26265 2 
2.09033e+06 719738 80.1805 204 248 175 0.0828782 0.124901 0.988702 2007 1 -8 1 1 221084 22695 2 
2.09026e+06 719750 84.5127 222 247 167 0.0269289 0.0807866 0.996368 2007 1 2 1 1 221085 18105 1 
2.09024e+06 719750 84.287 221 248 168 -0.0481578 -0.104155 0.993394 2007 1 9 1 1 221085 14280 1 
2.09027e+06 719757 80.8435 204 248 176 0.284745 0.326056 0.901448 2007 1 10 1 1 221085 24735 2 
2.09026e+06 719744 84.2663 221 248 168 -0.0395506 -0.127692 0.991025 2007 1 11 1 1 221085 18870 1 
2.09025e+06 719747 84.3505 221 248 168 -0.0322523 -0.112327 0.993148 2007 1 12 1 1 221085 15810 1 
2.09032e+06 719713 80.7764 204 248 176 -0.185371 -0.418909 0.888905 2007 1 -3 1 1 221085 15300 2 
2.09023e+06 719765 80.4539 204 248 176 -0.16025 0.239713 0.957527 2006 1 22 1 1 220946 7650 1 
2.0903e+06 719751 80.1936 204 248 176 0.0166574 0.127707 0.991672 2007 1 -5 1 1 221085 11475 2 
2.09033e+06 719731 83.8826 220 248 168 0.0606494 0.238884 0.969152 2007 1 -11 1 1 221085 18360 1 
2.09029e+06 719722 80.7504 203 248 176 -0.244465 -0.352791 0.903203 2007 1 6 2 2 221085 0 2 
2.09034e+06 719726 81.2373 204 248 175 0.448696 -0.0226345 0.893398 2008 1 -37 1 1 221178 5610 2 
2.09023e+06 719756 80.0094 204 248 176 -0.0818465 0.189346 0.978493 2006 1 20 1 1 220946 21165 2 
2.09031e+06 719736 84.0085 220 248 168 0.0596954 0.150994 0.986731 2007 1 1 1 1 221085 15555 1 
2.09027e+06 719749 84.1181 221 248 168 0.0956855 0.161091 0.98229 2007 1 10 1 1 221085 15810 1 
2.09031e+06 719736 83.6698 220 248 168 0.121106 0.291454 0.948888 2007 1 -9 1 1 221085 18105 1 
2.09031e+06 719719 83.3331 219 248 169 -0.103308 -0.28377 0.953311 2007 1 -1 1 1 221085 19635 1 
2.09027e+06 719754 81.9838 217 248 170 0.285644 0.491682 0.822591 2007 1 2 2 1 221085 4845 1 
2.09032e+06 719714 80.7407 204 248 176 -0.166152 -0.379168 0.910288 2007 1 -2 1 1 221085 15045 2 
2.09032e+06 719726 84.5565 222 247 167 -0.0207393 -0.103696 0.994393 2007 1 -10 1 1 221084 18360 1 
2.09033e+06 719722 84.4721 221 247 167 -0.0122092 -0.132081 0.991164 2007 1 -2 1 1 221085 19890 1 
2.09032e+06 719717 82.71 218 248 169 -0.119386 -0.493365 0.86159 2007 1 0 1 1 221085 18615 1 
2.09027e+06 719758 80.1714 204 248 176 0.022133 0.187548 0.982006 2007 1 3 1 1 221085 20910 2 
2.09032e+06 719731 84.2466 221 248 168 0.0420771 0.13078 0.990518 2007 1 -10 1 1 221085 16320 1 
2.09027e+06 719754 82.5751 218 248 169 0.154402 0.440118 0.884565 2007 1 1 1 1 221085 18870 1 
2.09034e+06 719721 80.7437 204 248 176 0.555272 0.0375748 0.83082 2007 1 -8 1 1 221085 9945 2 
2.09031e+06 719737 83.9499 221 248 168 0.0773966 0.155984 0.984723 2007 1 -7 1 1 221085 19890 1 
2.09033e+06 719725 81.7598 205 248 175 0.315228 -0.128526 0.940272 2008 1 -36 1 1 221178 7140 2 
2.09031e+06 719733 84.4947 222 247 167 0.00721527 0.0484454 0.9988 2007 1 -8 1 1 221085 16575 1 
2.09027e+06 719756 81.7985 218 248 169 0.237538 0.376224 0.895562 2007 1 1 2 1 221085 8670 1 
2.09024e+06 719772 79.9328 204 248 176 -0.00101451 0.037537 0.999295 2007 1 7 1 1 221085 10965 2 
2.09031e+06 719734 84.2122 221 248 168 0.097353 0.188545 0.977227 2007 1 1 1 1 221085 18360 1 
2.09023e+06 719759 83.0542 221 247 167 0.222905 0.185531 0.957022 2007 1 17 1 1 221085 13005 1 
2.09033e+06 719728 81.4489 205 248 175 0.120337 -0.203939 0.97156 2008 1 -37 1 1 221178 5610 2 
2.09026e+06 719734 80.2156 204 248 176 -0.0998395 -0.186121 0.977441 2007 1 11 1 1 221085 23970 2 
2.09029e+06 719749 82.342 218 248 169 0.235464 0.430435 0.871368 2007 1 -2 1 1 221085 4590 1 
2.09025e+06 719745 83.9589 220 248 168 -0.0553095 -0.163575 0.984979 2006 1 25 1 1 220946 13260 1 
2.09023e+06 719757 79.9522 204 248 176 -0.122429 -0.0370656 0.991785 2006 1 22 1 1 220946 18360 2 
2.09029e+06 719741 84.423 221 248 168 0.0619934 0.100317 0.993022 2007 1 6 1 1 221085 19890 1 
2.09032e+06 719711 80.232 204 248 176 -0.0929144 -0.201934 0.974982 2007 1 -2 1 1 221085 21675 2 
2.09031e+06 719736 84.0972 221 248 168 0.0577668 0.166227 0.984394 2007 1 -5 1 1 221085 19125 1 
2.0903e+06 719729 84.0433 221 248 168 -0.0658171 -0.12817 0.989566 2007 1 3 1 1 221085 20910 1 
2.09023e+06 719762 81.4017 218 248 169 -0.121978 0.266254 0.956154 2006 1 17 1 1 220945 4845 1 
2.09032e+06 719715 81.2065 204 248 176 -0.0836138 -0.517272 0.851727 2006 1 31 1 1 220945 5100 2 
2.0903e+06 719740 83.814 220 248 169 0.050942 0.181259 0.982115 2007 1 3 1 1 221085 15045 1 
2.09025e+06 719732 79.9783 203 248 176 0.0315608 -0.0859759 0.995797 2007 1 14 1 1 221086 23460 2 
2.09027e+06 719729 80.1656 204 248 176 -0.0284454 -0.146778 0.98876 2007 1 8 1 1 221085 23715 2 
2.09033e+06 719715 83.296 220 248 169 0.233866 -0.0502016 0.970972 2007 1 -12 1 1 221085 17850 1 
2.09026e+06 719752 84.0522 221 248 168 0.0847526 0.1516 0.984802 2007 1 8 1 1 221085 14280 1 
2.09026e+06 719732 80.065 204 248 176 -0.0500899 -0.154929 0.986655 2007 1 9 1 1 221085 23205 2 
2.09027e+06 719739 83.8319 220 248 168 -0.0770651 -0.196944 0.977381 2007 1 10 1 1 221085 17850 1 
2.09032e+06 719738 80.7266 204 248 175 0.138899 0.224576 0.964507 2007 1 -7 1 1 221084 23460 2 
2.09034e+06 719736 80.131 204 248 176 0.0450949 0.0846903 0.995386 2006 1 31 1 1 220944 5865 2 
2.09033e+06 719707 79.9845 203 248 176 -0.00107107 -0.0996097 0.995026 2007 1 -5 1 1 221085 14535 2 
2.09033e+06 719717 83.8398 220 248 169 -0.070865 -0.178964 0.9813 2007 1 -3 1 1 221085 22695 1 
2.09033e+06 719719 82.2471 206 248 174 0.636781 -0.226863 0.736914 2008 1 -36 1 1 221178 5355 1 
2.09028e+06 719730 82.5945 218 248 169 -0.146014 -0.40402 0.903021 2007 1 4 1 1 221085 16830 1 
2.09023e+06 719752 84.0174 221 248 168 -0.133389 0.00551195 0.991048 2007 1 17 1 1 221085 15300 1 
2.09025e+06 719748 84.1627 221 248 168 -0.0468133 -0.133589 0.989931 2007 1 9 1 1 221085 16320 1 
2.09023e+06 719744 79.9841 203 248 176 -0.0474551 -0.151625 0.987298 2007 1 20 1 1 221085 13515 2 
2.09031e+06 719724 84.2264 221 248 168 -0.0703185 -0.168049 0.983267 2007 1 0 1 1 221085 19125 1 
2.09029e+06 719732 84.3199 221 248 168 -0.0511977 -0.124012 0.990959 2007 1 4 1 1 221085 16830 1 
2.09027e+06 719743 84.4431 222 247 167 -0.0117678 -0.0887931 0.995981 2007 1 -1 1 1 221085 22185 1 
2.09023e+06 719756 82.1855 205 248 175 -0.455404 0.184225 0.871016 2006 1 22 1 1 220946 9945 1 
2.09031e+06 719736 83.7219 220 248 169 0.0406405 0.252464 0.966752 2007 1 -10 1 1 221085 18870 1 
2.09031e+06 719727 84.1926 221 248 168 -0.0440873 -0.123218 0.9914 2007 1 -7 1 1 221085 19380 1 
2.09024e+06 719744 82.3398 218 248 169 -0.114063 -0.518339 0.847534 2007 1 17 1 1 221085 14025 1 
2.09032e+06 719716 81.952 218 248 169 -0.0999195 -0.566211 0.818182 2007 1 -1 2 1 221085 6375 1 
2.09024e+06 719761 83.1405 219 248 169 0.254971 0.420928 0.870522 2007 1 15 1 1 221085 14535 1 
2.09031e+06 719713 79.9548 203 248 176 -0.00931402 -0.0507097 0.99867 2007 1 4 1 1 221085 25500 2 
2.09031e+06 719728 84.5548 221 247 167 -0.0334739 -0.0745064 0.996659 2007 1 -2 1 1 221085 20400 1 
2.09028e+06 719754 80.231 204 248 176 -0.0291001 0.178093 0.983583 2007 1 -3 1 1 221085 9690 2 
2.09033e+06 719715 83.3601 219 248 169 -0.0985031 -0.354881 0.929708 2007 1 -3 1 1 221085 19125 1 
2.09023e+06 719745 81.4078 218 248 169 0.00916768 -0.430881 0.902362 2007 1 18 1 1 221085 11220 1 
2.09029e+06 719721 80.5408 204 248 176 -0.0976652 -0.232113 0.967773 2007 1 3 1 1 221085 24225 2 
2.0903e+06 719723 83.4625 219 248 169 -0.119524 -0.271884 0.954879 2007 1 -8 1 1 221085 17595 1 
2.09026e+06 719757 83.375 219 248 169 0.0844698 0.292396 0.95256 2007 1 11 1 1 221085 14025 1 
2.09034e+06 719732 80.9062 219 248 169 0.282939 0.0729751 0.956358 2007 1 -10 2 1 221084 6120 1 
2.09031e+06 719729 84.4373 221 247 167 -0.093427 -0.0980406 0.990787 2007 1 -1 1 1 221085 18105 1 
2.09025e+06 719764 81.4025 203 248 176 0.23788 0.567491 0.788268 2007 1 8 1 1 221085 14535 2 
2.0903e+06 719729 84.0067 221 248 168 -0.0217558 -0.166031 0.98588 2007 1 -1 1 1 221085 16830 1 
2.09031e+06 719711 79.9236 204 248 176 -0.00102037 -0.0459168 0.998945 2007 1 -2 1 1 221085 25500 2 
2.09032e+06 719740 81.0149 218 248 169 0.00644735 0.393289 0.919393 2007 1 -6 2 1 221084 4335 1 
2.09028e+06 719741 84.5796 222 247 167 -0.0217819 -0.0425267 0.998858 2007 1 -2 1 1 221085 18360 1 
2.09032e+06 719722 84.3066 221 248 168 -0.0464605 -0.12125 0.991534 2007 1 -2 1 1 221085 20655 1 
2.09025e+06 719756 83.762 220 248 169 0.0170421 0.157923 0.987304 2007 1 12 1 1 221085 15045 1 
2.09025e+06 719737 81.6146 204 248 176 -0.0172899 -0.450867 0.892424 2007 1 10 2 2 221085 0 2 
2.09029e+06 719744 83.2337 219 248 169 0.0895188 0.34605 0.933935 2007 1 -6 1 1 221085 15300 1 
2.09033e+06 719719 81.8813 209 248 173 0.662669 -0.355059 0.659396 2008 1 -36 1 1 221178 6375 1 
2.09034e+06 719706 79.9765 204 248 175 -0.017527 -0.0402089 0.999038 2008 1 -38 1 1 221178 8415 1 
2.09024e+06 719767 80.7737 204 248 176 -0.0489075 0.379363 0.923954 2007 1 5 1 1 221085 21675 2 
2.09024e+06 719746 83.2073 219 248 169 -0.283182 -0.505347 0.815127 2006 1 19 1 1 220945 15300 1 
2.09023e+06 719748 80.8683 204 248 176 -0.384912 -0.0769824 0.919737 2006 1 16 1 1 220945 5355 2 
2.09028e+06 719728 81.6358 218 248 169 -0.137529 -0.473389 0.870051 2007 1 10 1 1 221085 14025 1 
2.09033e+06 719718 81.4141 205 248 175 0.694338 -0.0153676 0.719485 2008 1 -37 1 1 221178 5355 2 
2.09032e+06 719715 83.0499 218 248 169 -0.174097 -0.44914 0.876335 2007 1 -3 1 1 221085 15300 1 
2.09031e+06 719715 80.1653 204 248 176 -0.0604889 -0.171978 0.983242 2007 1 5 1 1 221085 26775 2 
2.09029e+06 719744 83.8485 220 248 168 0.100812 0.20038 0.974518 2007 1 -2 1 1 221085 17850 1 
2.09034e+06 719708 80.2275 204 248 176 0.0373961 -0.225583 0.973506 2007 1 -5 1 1 221085 18870 2 
2.09028e+06 719752 81.3475 204 248 176 0.258779 0.566176 0.78261 2007 1 -1 1 1 221085 4335 2 
2.09031e+06 719711 79.9075 203 248 176 0.00304375 -0.0355104 0.999365 2007 1 -2 1 1 221085 22950 2 
2.09034e+06 719722 81.7571 205 248 175 0.656924 0.038144 0.752991 2008 1 -36 1 1 221178 6630 2 
2.09032e+06 719734 83.4792 219 248 169 0.15434 0.340661 0.927432 2007 1 -1 1 1 221085 15555 1 
2.09026e+06 719749 84.5687 222 247 167 0.00100662 0.029192 0.999573 2007 1 2 1 1 221085 17340 1 
2.09032e+06 719735 83.0197 218 248 169 0.203549 0.493041 0.84586 2006 1 33 1 1 220945 6375 1 
2.09033e+06 719733 82.2793 218 248 169 0.200491 0.447021 0.871766 2007 1 -6 1 1 221085 14535 1 
2.09033e+06 719728 84.4042 221 248 168 0.0359009 0.165607 0.985538 2007 1 -2 1 1 221085 16320 1 
2.09027e+06 719749 83.8949 220 248 169 0.0573367 0.215928 0.974724 2007 1 9 1 1 221085 14025 1 
2.09029e+06 719741 84.2394 221 248 168 0.0520247 0.142201 0.98847 2007 1 6 1 1 221085 14790 1 
2.09029e+06 719724 81.4065 217 248 170 -0.0485328 -0.519994 0.85279 2007 1 5 2 1 221085 11985 1 
2.09027e+06 719727 80.2418 204 248 176 -0.0866963 -0.232447 0.968737 2007 1 11 1 1 221085 9690 2 
2.09025e+06 719741 82.8792 218 248 169 -0.151777 -0.443766 0.883196 2007 1 12 1 1 221085 15810 1 
2.09025e+06 719735 80.4845 203 248 176 -0.138859 -0.257882 0.956146 2007 1 15 1 1 221085 20400 2 
2.09026e+06 719742 84.1741 221 248 168 -0.0401692 -0.148052 0.988163 2007 1 13 1 1 221085 17340 1 
2.09024e+06 719738 80.0117 204 248 176 -0.00740077 -0.0771795 0.99699 2007 1 13 1 1 221085 17085 2 
2.09028e+06 719726 80.8831 204 248 176 -0.0899422 -0.424804 0.900806 2007 1 6 1 1 221085 12495 2 
2.09028e+06 719737 84.183 221 248 168 -0.0546682 -0.14772 0.987517 2007 1 8 1 1 221085 13770 1 
2.09027e+06 719752 82.1833 218 248 169 0.235563 0.515776 0.823702 2007 1 1 1 1 221084 16830 1 
2.09025e+06 719747 84.3232 221 248 168 -0.0602141 -0.112475 0.991828 2007 1 13 1 1 221085 14280 1 
2.09033e+06 719708 80.1303 204 248 176 0.0346066 -0.208833 0.977339 2007 1 -3 1 1 221085 13770 2 
2.0903e+06 719740 83.7962 220 248 168 0.0493821 0.208369 0.976803 2007 1 -6 1 1 221085 20655 1 
2.09031e+06 719712 80.0213 204 248 176 0.00560593 -0.155845 0.987766 2007 1 0 1 1 221085 29070 2 
2.09023e+06 719756 82.1379 221 247 167 -0.281646 0.217189 0.934615 2007 1 17 1 1 221085 15555 1 
2.09029e+06 719752 80.8422 204 248 175 0.138509 0.257231 0.956372 2007 1 0 1 1 221084 7905 2 
2.09033e+06 719709 80.7173 204 248 176 0.0039747 -0.47299 0.881059 2007 1 -5 1 1 221085 10200 2 
2.09031e+06 719741 81.5073 218 248 169 0.490725 0.551019 0.674957 2007 1 -8 2 1 221085 5610 1 
2.09023e+06 719761 81.8348 221 248 168 -0.0188941 0.323719 0.945965 2006 1 20 1 1 220945 8925 1 
2.09026e+06 719759 81.643 218 248 169 0.27364 0.511315 0.814664 2007 1 5 2 1 221084 6630 1 
2.0903e+06 719726 83.3203 219 248 169 -0.150269 -0.369352 0.91706 2007 1 6 1 1 221085 17085 1 
2.09033e+06 719725 81.4967 205 248 175 0.18323 -0.0126763 0.982988 2008 1 -36 1 1 221178 6630 2 
2.09034e+06 719735 80.2498 204 248 175 0.0868752 0.107725 0.990378 2007 1 -15 1 1 221085 23460 2 
2.09029e+06 719742 84.2269 221 248 168 0.0497988 0.14708 0.98787 2007 1 6 1 1 221085 15555 1 
2.09028e+06 719724 80.1279 203 248 176 -0.0668898 -0.146688 0.986919 2007 1 10 1 1 221085 14025 2 
2.0903e+06 719735 84.6548 222 247 167 0.00886664 -0.000985182 0.99996 2007 1 -7 1 1 221085 17850 1 
2.09033e+06 719714 83.3997 219 248 169 -0.123387 -0.282595 0.951271 2007 1 -6 1 1 221085 16065 1 
2.09025e+06 719751 84.5711 222 247 167 0.0197065 0.044599 0.998811 2007 1 3 1 1 221085 17595 1 
2.09032e+06 719728 84.6719 222 247 167 0.0207439 0.101536 0.994616 2007 1 -12 1 1 221085 18870 1 
2.09024e+06 719740 80.8452 205 248 175 -0.244421 -0.493454 0.834722 2007 1 12 1 1 221085 7395 1 
2.09023e+06 719765 80.276 203 248 176 -0.210565 0.2323 0.949578 2006 1 17 1 1 220945 15810 2 
2.09028e+06 719729 81.9234 218 248 169 -0.151969 -0.447222 0.881418 2007 1 5 1 1 221085 8670 1 
2.09032e+06 719736 83.4951 220 248 169 0.084574 0.363802 0.927629 2007 1 -10 1 1 221085 16830 1 
2.09033e+06 719716 83.8518 220 248 168 -0.0360515 -0.168628 0.98502 2007 1 -2 1 1 221085 18615 1 
2.09023e+06 719758 82.8232 222 247 167 -0.598108 -0.151401 0.786984 2007 1 6 1 1 221085 17595 1 
2.09032e+06 719732 84.262 221 248 168 0.0450421 0.151295 0.987462 2007 1 -9 1 1 221084 21930 1 
2.09032e+06 719734 84.0055 221 248 168 0.0364621 0.184663 0.982125 2007 1 -8 1 1 221084 18870 1 
2.09023e+06 719762 81.368 204 248 176 -0.192021 0.348483 0.917435 2006 1 23 1 1 220946 5865 2 
2.09033e+06 719736 81.0553 204 248 175 0.160867 0.312109 0.936328 2007 1 -12 1 1 221085 22695 2 
2.0903e+06 719719 80.7643 204 248 176 -0.0788458 -0.362156 0.928777 2007 1 2 1 1 221085 27285 2 
2.09029e+06 719750 80.6934 204 248 176 0.127657 0.225656 0.965807 2007 1 -2 1 1 221085 9945 2 
2.09027e+06 719728 80.1253 204 248 176 -0.066231 -0.133624 0.988817 2007 1 12 1 1 221085 13515 2 
2.09027e+06 719744 84.5212 222 247 167 -0.0148941 0.000992938 0.999889 2007 1 1 1 1 221085 19380 1 
2.09025e+06 719745 84.1323 221 248 168 -0.0583239 -0.179733 0.981985 2007 1 3 1 1 221085 17340 1 
2.09032e+06 719724 84.3112 221 248 168 -0.0585467 -0.185199 0.980955 2007 1 -11 1 1 221085 18615 1 
2.09026e+06 719731 80.2563 204 248 176 -0.0932701 -0.207681 0.97374 2007 1 10 1 1 221085 20400 2 
2.09025e+06 719762 81.0773 204 248 176 0.227526 0.568041 0.790924 2007 1 3 1 1 221085 23970 2 
2.09033e+06 719738 80.6124 204 248 175 0.0702554 0.282299 0.956751 2007 1 -12 1 1 221085 23970 2 
2.09034e+06 719724 80.0188 204 248 176 0.0233404 -0.0172516 0.999579 2007 1 -15 1 1 221085 19125 2 
2.09033e+06 719716 83.6686 220 248 169 -0.0671257 -0.267236 0.96129 2007 1 -4 1 1 221085 19125 1 
2.09025e+06 719740 82.1269 218 248 169 -0.231839 -0.511274 0.827557 2007 1 12 1 1 221085 4335 1 
2.09031e+06 719740 83.2025 219 248 169 0.0865134 0.410595 0.907704 2007 1 -5 1 1 221085 16575 1 
2.09027e+06 719748 84.0669 221 248 168 0.00542877 0.114004 0.993465 2007 1 5 1 1 221085 16065 1 
2.09032e+06 719723 84.2453 221 248 168 -0.00111248 -0.14796 0.988993 2007 1 -1 1 1 221085 19890 1 
2.09034e+06 719719 81.6886 222 247 167 0.477986 -0.445135 0.757222 2007 1 -5 1 1 221085 7140 1 
2.09023e+06 719750 82.4883 204 248 176 -0.316862 -0.19575 0.928052 2006 1 19 1 1 220945 6375 2 
2.09032e+06 719730 84.2645 221 248 168 0.0592091 0.142798 0.987979 2007 1 -10 1 1 221084 15045 1 
2.09028e+06 719725 80.2945 204 248 176 -0.0711876 -0.241039 0.967901 2007 1 9 1 1 221085 12240 2 
2.09023e+06 719764 81.2006 204 248 175 -0.355313 0.19264 0.914682 2006 1 22 1 1 220946 6375 2 
2.09023e+06 719752 83.9511 221 248 168 -0.220729 0.116106 0.9684 2007 1 13 1 1 221085 17850 1 
2.09022e+06 719750 80.0502 203 248 176 -0.22278 0.0106086 0.974811 2006 1 15 1 1 220945 18360 2 
2.0903e+06 719745 81.0619 204 248 176 0.279835 0.314998 0.906901 2007 1 -4 1 1 221085 19125 2 
2.09027e+06 719756 80.3554 204 248 175 0.147826 0.231551 0.961526 2007 1 1 1 1 221084 24990 2 
2.09031e+06 719734 84.377 222 247 167 0.0254158 0.111609 0.993427 2007 1 -6 1 1 221084 17850 1 
2.09033e+06 719711 81.3825 204 248 176 -0.228064 -0.457638 0.859392 2007 1 -13 2 2 221085 0 2 
2.09031e+06 719731 84.5462 221 247 167 0.0621183 0.102777 0.992763 2007 1 0 1 1 221085 14535 1 
2.09028e+06 719723 80.0011 204 248 176 -0.0314359 -0.0812998 0.996194 2007 1 5 1 1 221085 11475 2 
2.09033e+06 719727 83.9386 221 247 167 0.433792 0.189692 0.880819 2007 1 -11 1 1 221084 17595 1 
2.09026e+06 719765 80.0134 204 248 176 0.0134292 0.0444195 0.998923 2007 1 7 1 1 221084 16320 2 
2.09026e+06 719762 80.2468 204 248 176 0.0525783 0.228654 0.972087 2007 1 5 1 1 221084 20910 2 
2.09028e+06 719745 84.3222 221 248 168 0.0488313 0.12151 0.991388 2007 1 -2 1 1 221085 22440 1 
2.09024e+06 719767 80.5238 204 248 176 -0.00399566 0.488802 0.872386 2007 1 8 1 1 221085 5865 2 
2.09032e+06 719709 79.9038 203 248 176 -0.0257797 -0.0299044 0.99922 2007 1 -2 1 1 221085 25500 2 
2.09028e+06 719726 80.7942 204 248 176 -0.221656 -0.468947 0.854961 2007 1 5 1 1 221085 12240 2 
2.09028e+06 719750 82.8643 218 248 169 0.274255 0.581802 0.765696 2007 1 -2 1 1 221085 18615 1 
2.09034e+06 719721 81.6446 205 248 175 0.440558 0.470038 0.764835 2008 1 -36 1 1 221178 5865 2 
2.09024e+06 719745 83.0682 219 248 169 -0.131073 -0.354587 0.92579 2007 1 16 1 1 221085 14025 1 
2.09034e+06 719721 81.8065 222 247 167 0.593441 0.270609 0.758022 2007 1 -4 1 1 221085 13260 1 
2.09029e+06 719730 83.9085 220 248 168 -0.137829 -0.212541 0.967383 2007 1 4 1 1 221085 18105 1 
2.09032e+06 719713 81.7787 218 248 169 -0.300799 -0.462887 0.83382 2007 1 0 1 1 221085 11220 1 
2.09023e+06 719752 80.825 204 248 176 -0.264192 0.0695241 0.961961 2006 1 17 1 1 220945 7905 2 
2.09028e+06 719747 84.0154 220 248 168 0.127003 0.184846 0.974527 2007 1 6 1 1 221085 18615 1 
2.09029e+06 719725 82.5938 218 248 169 -0.0996614 -0.453389 0.885723 2007 1 -1 1 1 221085 12750 1 
2.09025e+06 719732 80.0213 203 248 176 0.0390885 -0.112798 0.992849 2007 1 16 1 1 221085 20910 2 
2.09031e+06 719728 84.7487 222 247 167 0.0599456 0.0178785 0.998042 2007 1 -1 1 1 221085 18105 1 
2.09024e+06 719745 83.6091 219 248 169 -0.107535 -0.30402 0.946577 2007 1 14 1 1 221085 13515 1 
2.09024e+06 719754 84.4659 221 247 167 0.00904321 0.0190912 0.999777 2007 1 17 1 1 221085 13260 1 
2.09032e+06 719716 83.6302 219 248 169 -0.0609052 -0.242378 0.968268 2007 1 -3 1 1 221085 17340 1 
2.09025e+06 719762 80.9234 204 248 176 0.116548 0.493532 0.861883 2007 1 4 1 1 221084 22950 2 
2.09025e+06 719751 84.5981 222 247 167 -0.0251676 -0.00704694 0.999658 2007 1 14 1 1 221085 15555 1 
2.09027e+06 719724 79.9494 204 248 176 -0.00924033 -0.0441482 0.998982 2007 1 9 1 1 221085 13260 2 
2.09026e+06 719750 84.4849 221 247 167 0.0184091 0.0963771 0.995175 2007 1 11 1 1 221085 14025 1 
2.09023e+06 719765 80.8004 204 248 176 -0.400694 0.130753 0.906834 2006 1 22 1 1 220946 8160 2 
2.09033e+06 719705 79.8876 203 248 176 0.00102246 -0.0460106 0.99894 2007 1 -5 1 1 221085 21165 2 
2.09029e+06 719728 82.8395 219 248 169 -0.149733 -0.320071 0.935486 2007 1 8 1 1 221085 18870 1 
2.09034e+06 719705 79.8908 203 248 176 -0.0217819 -0.0425267 0.998858 2007 1 -3 1 1 221085 21675 2 
2.09031e+06 719742 80.3243 204 248 175 0.0592889 0.273738 0.959975 2007 1 -7 1 1 221085 24225 2 
2.09024e+06 719746 82.9129 219 248 169 -0.22542 -0.467481 0.854779 2006 1 22 1 1 220945 13770 1 
2.0903e+06 719739 83.8627 220 248 169 0.0430507 0.164058 0.985511 2007 1 3 1 1 221085 19635 1 
2.09024e+06 719751 84.3125 221 248 168 -0.0321183 -0.109645 0.993452 2007 1 15 1 1 221085 14025 1 
2.09032e+06 719727 84.6456 222 247 167 0.0504575 0.0526046 0.99734 2007 1 -2 1 1 221085 17850 1 
2.09033e+06 719710 80.8425 204 248 176 -0.0884941 -0.470564 0.877917 2007 1 -13 1 1 221085 11730 2 
2.09029e+06 719737 84.6264 222 247 167 -0.0367507 -0.0388507 0.998569 2007 1 2 1 1 221085 18105 1 
2.09034e+06 719728 80.9885 219 248 169 0.244752 0.0583926 0.967826 2007 1 -6 1 1 221085 10710 1 
2.09031e+06 719730 84.6052 222 247 167 0.0163036 0.103256 0.994521 2007 1 0 1 1 221085 18615 1 
2.09026e+06 719743 84.1728 221 248 168 -0.0605755 -0.120008 0.990923 2007 1 11 1 1 221085 14790 1 
2.09033e+06 719730 82.0944 205 248 175 0.295569 0.0364745 0.954625 2008 1 -36 1 1 221178 6120 2 
2.09027e+06 719744 84.5234 222 247 167 0.00699183 -0.0169802 0.999831 2007 1 10 1 1 221085 14535 1 
2.09034e+06 719731 81.1919 205 248 175 0.0251176 0.00301411 0.99968 2008 1 -35 1 1 221178 6120 2 
2.09032e+06 719714 81.9503 218 248 169 -0.26884 -0.501938 0.82206 2007 1 -8 2 1 221085 3315 1 
2.09028e+06 719741 84.5951 222 247 167 0.0133499 0.0379959 0.999189 2007 1 7 1 1 221085 16320 1 
2.09024e+06 719752 84.3838 221 247 167 -0.0518047 -0.139297 0.988895 2007 1 16 1 1 221085 14280 1 
2.09023e+06 719752 82.1643 204 248 176 -0.618608 0.0208519 0.785423 2006 1 16 1 1 220945 7395 2 
2.09033e+06 719735 81.478 204 248 175 0.0854643 0.604044 0.792355 2007 1 -8 1 1 221084 21165 2 
2.09032e+06 719739 81.5494 204 248 175 0.122304 0.579103 0.806028 2007 1 -5 2 2 221084 0 2 
2.09032e+06 719731 83.9939 221 248 168 0.0510387 0.183977 0.981605 2007 1 -9 1 1 221084 16575 1 
2.09033e+06 719722 84.6399 222 247 167 0.00811541 -0.200567 0.979646 2007 1 -12 1 1 221084 13515 1 
2.09033e+06 719721 82.0411 205 248 175 0.525924 0.364101 0.768658 2008 1 -37 1 1 221178 7395 2 
2.09032e+06 719707 79.9717 203 248 176 -0.0363819 -0.0280661 0.998944 2007 1 0 1 1 221085 15810 2 
2.0903e+06 719730 84.1715 221 248 168 -0.0525341 -0.155268 0.986475 2007 1 -4 1 1 221085 20655 1 
2.09023e+06 719757 82.3015 222 247 167 -0.24454 -0.418568 0.874643 2007 1 20 1 1 221085 13515 1 
2.0903e+06 719730 84.4265 221 247 167 0.00533583 -0.0928435 0.995666 2007 1 3 1 1 221085 22440 1 
2.09027e+06 719751 83.8593 220 248 168 0.0632669 0.239422 0.968852 2007 1 0 1 1 221085 15555 1 
2.0903e+06 719733 84.5531 222 247 167 -0.0203381 -0.0802818 0.996565 2007 1 0 1 1 221085 20400 1 
2.09023e+06 719763 80.9077 220 248 169 -0.217287 0.236419 0.947044 2007 1 16 2 1 221085 4590 1 
2.0903e+06 719724 83.5942 219 248 169 -0.0481585 -0.250671 0.966874 2007 1 1 1 1 221085 16830 1 
2.09031e+06 719725 84.2145 221 248 168 -0.066758 -0.144057 0.987315 2007 1 2 1 1 221085 16830 1 
2.09028e+06 719752 81.7351 204 248 175 0.18599 0.647124 0.73935 2007 1 -1 1 1 221084 4080 2 
2.09025e+06 719766 80.3266 204 248 176 0.110309 0.216815 0.96996 2007 1 6 1 1 221084 22185 2 
2.09028e+06 719746 84.0219 221 248 168 0.0735693 0.182114 0.980521 2007 1 8 1 1 221085 17340 1 
2.09032e+06 719709 79.9228 204 248 176 -0.0281223 -0.0385379 0.998861 2007 1 -2 1 1 221085 26265 2 
2.09031e+06 719718 83.0598 218 248 169 -0.0385708 -0.416299 0.908409 2007 1 -9 1 1 221085 14280 1 
2.09031e+06 719727 84.4438 221 248 168 -0.0645274 -0.100753 0.992817 2007 1 1 1 1 221085 20400 1 
2.09023e+06 719757 82.1942 203 248 176 -0.516828 -0.313277 0.79671 2006 1 19 1 1 220945 7650 2 
2.09029e+06 719747 81.3712 218 248 169 0.122701 0.421696 0.898397 2007 1 -5 2 1 221085 5355 1 
2.09032e+06 719732 84.0824 220 248 168 0.0699086 0.15996 0.984645 2007 1 -3 1 1 221085 16830 1 
2.09033e+06 719721 84.4374 222 247 167 0.0450577 -0.149037 0.987804 2007 1 -4 1 1 221085 17850 1 
2.09031e+06 719742 81.355 218 248 169 0.305685 0.511587 0.803017 2007 1 -4 2 1 221084 7140 1 
2.09026e+06 719756 83.4959 219 248 169 0.0734759 0.295193 0.952608 2007 1 4 1 1 221085 15045 1 
2.09026e+06 719761 80.5744 204 248 175 0.093399 0.439114 0.893563 2007 1 3 1 1 221084 23460 2 
2.09024e+06 719744 83.044 218 248 169 -0.0594496 -0.365946 0.928735 2006 1 21 1 1 220945 14280 1 
2.09028e+06 719727 81.1753 204 248 176 -0.205067 -0.471505 0.857689 2007 1 5 1 1 221085 8925 2 
2.09027e+06 719735 83.5032 220 248 169 -0.0944934 -0.275714 0.956584 2007 1 2 1 1 221085 18615 1 
2.09031e+06 719743 80.8624 204 248 175 0.0630621 0.302441 0.95108 2007 1 -8 1 1 221085 27540 2 
2.09032e+06 719739 81.6617 218 248 169 0.0481189 0.485314 0.873015 2007 1 -8 2 1 221084 3060 1 
2.09025e+06 719751 84.5047 222 247 167 -0.0299044 -0.0257797 0.99922 2007 1 6 1 1 221085 15300 1 
2.09024e+06 719753 84.4882 222 247 167 -0.0236225 -0.0277308 0.999336 2007 1 12 1 1 221085 15555 1 
2.09033e+06 719719 84.2011 221 248 168 0.0754044 -0.0821571 0.993763 2007 1 -14 1 1 221085 20655 1 
2.09024e+06 719762 81.8176 204 248 176 -0.342838 0.0893779 0.935133 2006 1 23 1 1 220946 11475 2 
2.0903e+06 719747 80.3328 204 248 175 0.125488 0.167732 0.977813 2007 1 -5 1 1 221084 23460 2 
2.09032e+06 719720 83.5202 219 248 169 -0.0544608 -0.287502 0.95623 2007 1 -1 1 1 221085 20145 1 
2.09032e+06 719729 84.6095 222 247 167 0.0380265 0.0771395 0.996295 2007 1 0 1 1 221085 18615 1 
2.09023e+06 719749 82.16 203 248 176 -0.292567 -0.0983968 0.951169 2006 1 18 1 1 220945 8160 2 
2.09029e+06 719733 84.2796 221 248 168 -0.0498784 -0.151955 0.987128 2007 1 -2 1 1 221085 17595 1 
2.09025e+06 719750 84.5778 222 247 167 -0.0133751 -0.0421831 0.99902 2007 1 11 1 1 221085 14535 1 
2.09029e+06 719743 83.5809 220 248 169 0.076097 0.29278 0.953147 2007 1 -5 1 1 221085 15300 1 
2.09034e+06 719725 80.697 204 248 175 0.328237 -0.171801 0.928841 2007 1 -9 1 1 221085 4590 2 
2.09033e+06 719731 83.8051 220 248 168 0.148525 0.205353 0.967352 2007 1 -9 1 1 221084 19380 1 
2.09033e+06 719717 83.8123 220 248 168 -0.0642114 -0.199903 0.977709 2007 1 -14 1 1 221085 18615 1 
2.09024e+06 719758 82.2488 204 248 176 0.158026 0.397201 0.904024 2006 1 23 2 2 220946 0 2 
2.09024e+06 719745 82.0016 204 248 175 -0.295403 -0.443877 0.845996 2006 1 19 1 1 220945 12750 2 
2.09024e+06 719763 82.5485 218 248 169 0.220558 0.566049 0.794319 2007 1 15 1 1 221085 10710 1 
2.0903e+06 719740 83.6634 220 248 169 0.0646948 0.211174 0.975305 2007 1 -7 1 1 221085 16320 1 
2.09029e+06 719738 84.5719 221 247 167 -0.0220424 0.0556309 0.998208 2007 1 5 1 1 221085 16830 1 
2.09024e+06 719743 82.0836 218 248 169 -0.0407759 -0.594766 0.802864 2007 1 14 1 1 221085 10200 1 
2.09033e+06 719729 81.9747 220 248 168 0.352792 -0.16726 0.920631 2007 1 -14 1 1 221085 16320 1 
2.09027e+06 719757 81.2319 204 248 176 0.276063 0.419432 0.864793 2007 1 3 1 1 221085 27540 2 
2.09024e+06 719747 83.2159 219 248 169 -0.240908 -0.492557 0.836272 2007 1 20 1 1 221085 12750 1 
2.09034e+06 719725 80.1246 204 248 176 0.186932 -0.121694 0.974806 2007 1 -5 1 1 221085 21930 2 
2.09024e+06 719760 83.7466 220 248 169 0.0340977 0.186949 0.981778 2007 1 15 1 1 221085 13260 1 
2.09024e+06 719743 82.0226 218 248 169 -0.132261 -0.595917 0.792079 2007 1 14 1 1 221085 7905 1 
2.09026e+06 719747 84.5633 222 247 167 0.0174578 -0.0359425 0.999201 2007 1 10 1 1 221085 16320 1 
2.09034e+06 719707 80.0495 204 248 176 0.0119512 -0.107561 0.994127 2007 1 -15 1 1 221085 17595 2 
2.09032e+06 719725 84.6731 222 247 167 -0.0129597 0.00697831 0.999892 2007 1 -12 1 1 221085 17595 1 
2.09031e+06 719741 81.5824 204 248 176 0.262647 0.50509 0.822132 2007 1 -9 1 1 221085 21165 2 
2.09023e+06 719754 80.9374 204 248 176 -0.441196 0.0253254 0.897054 2006 1 21 1 1 220946 8415 1 
2.09026e+06 719738 82.7829 218 248 169 -0.208172 -0.318631 0.924737 2007 1 13 1 1 221085 17595 1 
2.09026e+06 719764 80.0615 204 248 176 0.0204216 0.0827613 0.99636 2007 1 5 1 1 221084 16065 2 
2.09025e+06 719757 83.6713 219 248 169 0.0586021 0.250617 0.966311 2007 1 14 1 1 221085 13260 1 
2.09033e+06 719718 83.8401 221 248 168 0.305652 -0.17288 0.936317 2007 1 -14 1 1 221085 16830 1 
2.09023e+06 719743 80.4927 204 248 176 -0.170226 -0.250647 0.952995 2007 1 15 1 1 221085 9945 2 
2.09026e+06 719745 84.3925 221 247 167 -0.0265587 -0.0648032 0.997545 2007 1 0 1 1 221085 17850 1 
2.09023e+06 719746 81.607 218 248 169 -0.080567 -0.334155 0.939068 2007 1 15 1 1 221085 5100 1 
2.09028e+06 719757 80.0472 204 248 176 0.0545334 0.041702 0.997641 2007 1 2 1 1 221085 20145 2 
2.09028e+06 719747 83.7709 220 248 168 0.0386655 0.179267 0.98304 2007 1 8 1 1 221085 12750 1 
2.09031e+06 719731 84.4633 221 248 168 0.0281731 0.134104 0.990567 2006 1 32 1 1 220945 6885 1 
2.09027e+06 719754 81.9895 218 248 169 0.136592 0.527274 0.838645 2007 1 4 1 1 221085 11730 1 
2.09033e+06 719717 83.7676 220 248 169 0.0318967 -0.19965 0.979348 2007 1 -8 1 1 221085 15045 1 
2.09028e+06 719736 84.4349 221 247 167 -0.0412473 -0.108135 0.99328 2007 1 7 1 1 221085 17595 1 
2.09025e+06 719751 84.4616 221 247 167 0.0386287 0.0982274 0.994414 2007 1 12 1 1 221085 15555 1 
2.09031e+06 719712 79.9772 204 248 176 0.011954 -0.105413 0.994357 2007 1 0 1 1 221085 28050 2 
2.0903e+06 719742 83.2232 219 248 169 0.0728992 0.348591 0.934436 2007 1 -4 1 1 221084 16320 1 
2.09034e+06 719732 80.2342 204 248 175 0.128771 -0.00770423 0.991644 2007 1 -11 1 1 221084 24480 2 
2.09028e+06 719736 84.0828 221 248 168 -0.0196859 -0.181805 0.983137 2007 1 -3 1 1 221085 20400 1 
2.09027e+06 719738 83.9033 220 248 168 -0.0857296 -0.170252 0.981664 2007 1 11 1 1 221085 15810 1 
2.09033e+06 719711 81.6971 218 248 169 0.269528 -0.503223 0.821049 2006 1 30 1 1 220944 9435 1 
2.09023e+06 719761 80.4224 203 248 176 -0.0619549 0.357229 0.93196 2006 1 18 1 1 220945 10710 2 
2.09026e+06 719750 84.302 221 248 168 0.0292068 0.0811299 0.996276 2007 1 7 1 1 221085 15810 1 
2.09024e+06 719769 80.2029 204 248 176 -0.00555544 0.141108 0.989979 2007 1 7 1 1 221084 5865 2 
2.09028e+06 719755 80.1797 204 248 176 0.0334844 0.274076 0.961125 2007 1 -3 1 1 221085 11475 2 
2.09031e+06 719725 84.3446 221 248 168 -0.0659268 -0.178602 0.98171 2007 1 0 1 1 221085 15810 1 
2.09028e+06 719743 84.1821 221 248 168 0.039872 0.135565 0.989966 2007 1 7 1 1 221085 14280 1 
2.09034e+06 719728 81.0896 205 248 175 0.134431 0.0963623 0.986226 2008 1 -37 1 1 221178 6120 2 
2.09032e+06 719729 84.385 221 248 168 0.0567832 0.14022 0.988491 2007 1 -10 1 1 221085 16065 1 
2.09028e+06 719742 84.546 221 247 167 0.00748744 0.090919 0.99583 2007 1 0 1 1 221085 20145 1 
2.09025e+06 719745 83.7575 220 248 168 -0.0807069 -0.219771 0.972207 2006 1 26 1 1 220946 13770 1 
2.09026e+06 719740 83.904 220 248 168 -0.0385198 -0.173923 0.984006 2007 1 10 1 1 221085 18615 1 
2.09034e+06 719717 79.9828 204 248 176 0.0252184 -0.00706115 0.999657 2007 1 -14 1 1 221084 22695 2 
2.09031e+06 719742 82.161 218 248 169 0.351462 0.505528 0.787982 2007 1 -3 1 1 221084 19380 1 
2.0903e+06 719746 82.0211 218 248 169 0.166308 0.475377 0.86392 2007 1 -1 1 1 221084 12750 1 
2.09027e+06 719759 80.2159 204 248 175 0.102789 0.151161 0.98315 2007 1 4 1 1 221084 24735 2 
2.0903e+06 719725 83.6274 219 248 169 -0.0609544 -0.182863 0.981247 2007 1 -6 1 1 221085 16830 1 
2.09026e+06 719753 83.5751 220 248 168 0.101943 0.305829 0.946613 2007 1 0 1 1 221085 18105 1 
2.09025e+06 719738 82.0063 211 248 172 -0.207182 -0.497538 0.842337 2006 1 23 1 1 220945 10200 1 
2.09028e+06 719742 84.5853 222 247 167 0.00920415 0.0398847 0.999162 2007 1 5 1 1 221085 18615 1 
2.09025e+06 719753 84.3615 221 248 168 0.0624149 0.156626 0.985684 2007 1 5 1 1 221085 16830 1 
2.0903e+06 719723 83.0471 219 248 169 -0.114579 -0.37963 0.918015 2007 1 2 1 1 221085 15555 1 
2.09028e+06 719754 80.2527 204 248 176 0.0477584 0.233894 0.971088 2007 1 -3 1 1 221085 7140 2 
2.09025e+06 719761 82.0308 218 248 169 0.157322 0.495492 0.854246 2007 1 4 2 1 221085 4080 1 
2.09034e+06 719732 80.0503 204 248 176 0.027289 -0.00909634 0.999586 2007 1 -15 1 1 221085 22185 2 
2.09031e+06 719735 83.7687 220 248 168 0.0505029 0.240197 0.96941 2007 1 -6 1 1 221084 18360 1 
2.09024e+06 719765 81.7501 218 248 169 -0.418676 0.162579 0.893464 2007 1 16 1 1 221085 14025 1 
2.09025e+06 719741 83.271 219 248 169 -0.061341 -0.332808 0.940997 2007 1 11 1 1 221085 16830 1 
2.0903e+06 719731 84.503 221 247 167 0.00102246 -0.0460106 0.99894 2007 1 -7 1 1 221085 18105 1 
2.09032e+06 719720 83.7941 220 248 168 -0.0377326 -0.239784 0.970093 2007 1 -12 1 1 221085 15555 1 
2.09024e+06 719753 84.4278 221 247 167 -0.0810475 -0.0970287 0.991976 2007 1 20 1 1 221085 13515 1 
2.09034e+06 719734 80.2115 204 248 175 0.0982355 0.0364244 0.994496 2007 1 -10 1 1 221084 24225 2 
2.09025e+06 719754 84.1519 221 248 168 0.0541178 0.137022 0.989089 2007 1 2 1 1 221085 17085 1 
2.09029e+06 719726 82.1406 217 248 170 -0.232674 -0.36145 0.902893 2007 1 8 1 1 221085 15045 1 
2.0903e+06 719737 84.4257 221 247 167 0.064255 0.146034 0.987191 2007 1 2 1 1 221085 20655 1 
2.09028e+06 719736 84.3615 221 248 168 -0.0469049 -0.136139 0.989579 2007 1 8 1 1 221085 18870 1 
2.09034e+06 719708 80.0627 204 248 175 0.064918 -0.064918 0.995777 2008 1 -37 1 1 221178 9435 1 
2.09033e+06 719715 82.4578 220 248 168 0.485261 -0.0396411 0.87347 2006 1 30 1 1 220944 9435 1 
2.09026e+06 719760 81.3021 218 248 169 0.116742 0.505882 0.854666 2007 1 4 2 1 221084 4590 1 
2.09032e+06 719727 84.5948 222 247 167 0.0115423 0.0640072 0.997883 2007 1 -12 1 1 221085 18360 1 
2.09034e+06 719718 80.9162 205 248 175 0.411829 -0.230446 0.881641 2008 1 -37 1 1 221178 6120 2 
2.09029e+06 719749 80.6312 204 248 176 0.0803086 0.327817 0.941322 2007 1 -6 1 1 221085 8160 2 
2.09028e+06 719725 80.5027 204 248 176 -0.174374 -0.322243 0.930459 2007 1 5 1 1 221085 14280 2 
2.09026e+06 719735 80.4988 204 248 176 -0.131846 -0.421056 0.897401 2007 1 10 1 1 221085 19125 2 
2.09026e+06 719757 83.2399 218 248 169 0.0929177 0.425757 0.900054 2007 1 13 1 1 221085 16320 1 
2.09028e+06 719739 84.43 221 247 167 -0.049121 -0.129085 0.990416 2007 1 -3 1 1 221085 18360 1 
2.09029e+06 719734 84.5424 222 247 167 -0.0162439 -0.0963807 0.995212 2007 1 4 1 1 221085 17850 1 
2.09034e+06 719717 80.1768 204 248 176 0.271688 0.0036225 0.962379 2007 1 -12 1 1 221085 13515 2 
2.09024e+06 719762 83.2249 219 248 169 -0.181309 0.102372 0.978083 2007 1 16 1 1 221085 14790 1 
2.09025e+06 719738 81.6677 204 248 176 -0.234101 -0.454609 0.859376 2007 1 11 2 2 221085 0 2 
2.09031e+06 719746 80.3093 204 248 175 0.065292 0.165011 0.984128 2007 1 -7 1 1 221085 23205 2 
2.0903e+06 719735 84.37 221 247 167 0.0370656 0.122429 0.991785 2007 1 -7 1 1 221085 17340 1 
2.09032e+06 719722 84.0468 220 248 168 -0.0564485 -0.132481 0.989577 2007 1 -7 1 1 221085 21930 1 
2.09026e+06 719743 84.4223 221 247 167 -0.0487216 -0.121237 0.991427 2007 1 8 1 1 221085 14535 1 
2.09026e+06 719744 84.5074 221 247 167 -0.00708852 -0.031392 0.999482 2007 1 -1 1 1 221085 18360 1 
2.09033e+06 719711 81.1123 204 248 176 -0.146282 -0.459124 0.876246 2007 1 -9 1 1 221085 11985 2 
2.09033e+06 719708 80.0427 204 248 176 -0.0794964 -0.196906 0.977194 2007 1 -15 1 1 221085 20400 2 
2.09032e+06 719724 84.3805 221 248 168 -0.0379371 -0.152898 0.987514 2007 1 -2 1 1 221085 21165 1 
2.0903e+06 719737 84.5323 221 247 167 0.0518212 0.137038 0.989209 2007 1 -5 1 1 221084 19635 1 
2.09032e+06 719713 80.2394 204 248 176 -0.0668675 -0.334337 0.940078 2007 1 3 1 1 221085 18105 2 
2.09024e+06 719742 82.2013 204 248 175 -0.132547 -0.434696 0.89077 2006 1 19 1 1 220945 5610 2 
2.09029e+06 719749 81.6562 204 248 176 0.261616 0.418889 0.869534 2007 1 6 1 1 221085 3315 2 
2.09032e+06 719724 84.395 221 248 168 -0.0403242 -0.153232 0.987367 2007 1 -11 1 1 221085 18105 1 
2.0903e+06 719723 82.8855 218 248 169 -0.194951 -0.34579 0.917836 2007 1 4 1 1 221085 16575 1 
2.09033e+06 719728 84.4069 221 247 167 0.0688166 0.1388 0.987927 2007 1 -11 1 1 221085 19890 1 
2.09028e+06 719743 84.4979 222 247 167 0.0390117 0.110347 0.993127 2007 1 5 1 1 221085 20400 1 
2.09033e+06 719733 81.2738 204 248 175 0.148076 0.302944 0.941434 2007 1 -10 1 1 221084 6120 2 
2.09029e+06 719732 83.9309 220 248 168 -0.0317345 -0.189232 0.98142 2007 1 5 1 1 221085 16830 1 
2.0903e+06 719730 84.1365 221 248 168 -0.0313205 -0.170523 0.984856 2007 1 4 1 1 221085 19380 1 
2.09024e+06 719770 79.9809 204 248 176 0.0032132 0.0996093 0.995021 2007 1 9 1 1 221084 19380 1 
2.09032e+06 719731 84.4082 221 248 168 0.0415735 0.117979 0.992145 2007 1 -1 1 1 221085 19380 1 
2.09034e+06 719718 80.1032 204 248 175 0.0970741 -0.00106675 0.995277 2007 1 -16 1 1 221085 13515 2 
2.09024e+06 719761 82.1231 220 248 168 -0.362133 0.252754 0.897204 2006 1 20 1 1 220945 10200 1 
2.09033e+06 719720 84.0289 222 247 167 0.273314 -0.0808392 0.958522 2007 1 -4 1 1 221085 18615 1 
2.09025e+06 719763 80.5071 204 248 176 0.125478 0.421549 0.898082 2007 1 5 1 1 221084 21930 2 
2.09033e+06 719724 84.6935 222 247 167 -0.00688282 -0.00098326 0.999976 2007 1 -11 1 1 221084 20400 1 
2.09032e+06 719710 79.8963 203 248 176 -0.0213959 -0.0234337 0.999496 2007 1 3 1 1 221085 25245 2 
2.09034e+06 719731 81.2038 218 248 169 0.142289 -0.0352878 0.989196 2007 1 -13 1 1 221085 14280 1 
2.09025e+06 719764 80.0561 204 248 175 0.0161492 0.089359 0.995869 2007 1 7 1 1 221084 21420 1 
2.09024e+06 719740 80.2477 203 248 176 -0.0568447 -0.371474 0.926702 2007 1 14 1 1 221085 19890 2 
2.09034e+06 719736 80.2637 204 248 176 0.0488549 0.189462 0.980672 2007 1 -12 1 1 221084 12240 2 
2.09032e+06 719727 84.5655 222 247 167 0.0295549 0.0952326 0.995016 2007 1 -11 1 1 221085 17085 1 
2.09031e+06 719732 84.4785 221 247 167 0.0657051 0.123341 0.990187 2007 1 -10 1 1 221085 18105 1 
2.09024e+06 719754 84.5299 222 247 167 -0.0297832 0.0236211 0.999277 2007 1 5 1 1 221085 15300 1 
2.09029e+06 719719 80.1736 203 248 176 -0.0500717 -0.157202 0.986296 2007 1 5 1 1 221085 21165 2 
2.09025e+06 719745 84.2882 221 248 168 -0.0513134 -0.124292 0.990918 2007 1 8 1 1 221085 16320 1 
2.09024e+06 719760 82.7402 220 248 168 -0.38985 0.0855767 0.916894 2007 1 16 1 1 221085 14535 1 
2.09032e+06 719718 82.9757 218 248 169 -0.0989158 -0.433279 0.895815 2007 1 -1 1 1 221085 17595 1 
2.09023e+06 719759 83.0008 218 248 169 -0.477014 0.367799 0.798236 2006 1 23 2 1 220946 7905 1 
2.09031e+06 719732 84.5548 221 247 167 0.0297299 0.102403 0.994299 2007 1 -2 1 1 221085 19380 1 
2.09023e+06 719758 81.0649 204 248 176 -0.514473 0.00945226 0.857455 2006 1 22 1 1 220946 9690 1 
2.09028e+06 719727 80.9377 204 248 176 -0.134264 -0.414098 0.900275 2007 1 6 1 1 221085 11475 2 
2.09028e+06 719738 84.3763 221 247 167 -0.0592286 -0.140523 0.988304 2007 1 -1 1 1 221085 18615 1 
2.09027e+06 719751 83.8031 220 248 168 0.074983 0.210198 0.974779 2007 1 0 1 1 221085 16320 1 
2.09025e+06 719764 80.183 204 248 176 0.0786878 0.135061 0.987708 2007 1 3 1 1 221085 25245 2 
2.09025e+06 719761 81.3455 218 248 169 0.192597 0.547461 0.814367 2007 1 3 2 1 221085 3570 1 
2.09028e+06 719734 83.6145 220 248 169 -0.0565772 -0.267799 0.961812 2007 1 7 1 1 221085 16320 1 
2.09032e+06 719720 83.9499 220 248 168 -0.133898 -0.232697 0.963288 2007 1 -12 1 1 221085 19635 1 
2.09023e+06 719756 81.0959 203 248 176 -0.517288 0.259421 0.815545 2006 1 19 1 1 220945 8160 2 
2.09023e+06 719747 80.542 204 248 176 -0.212917 -0.143235 0.966514 2006 1 21 1 1 220946 6120 2 
2.09029e+06 719751 81.2875 204 248 175 0.176414 0.345771 0.921586 2007 1 -2 1 1 221084 5355 2 
2.09034e+06 719726 81.639 221 248 168 0.654301 -0.230653 0.720201 2007 1 -10 1 1 221085 5100 1 
2.09029e+06 719749 80.9342 204 248 176 0.187412 0.328323 0.925787 2007 1 2 1 1 221085 6885 2 
2.09023e+06 719767 79.9447 204 248 176 -0.0536476 0.024194 0.998267 2006 1 21 1 1 220946 19380 1 
2.09032e+06 719708 79.9445 204 248 176 -0.0284583 -0.0537546 0.998149 2007 1 -3 1 1 221085 21420 2 
2.09034e+06 719728 80.0527 204 248 175 0.0506051 -0.00929481 0.998676 2007 1 -11 1 1 221084 23970 2 
2.09024e+06 719760 83.5148 220 248 169 0.139019 0.300984 0.943442 2007 1 6 1 1 221084 15810 1 
2.09027e+06 719746 84.474 222 247 167 0.0371186 0.051966 0.997959 2007 1 4 1 1 221085 16065 1 
2.09032e+06 719733 84.0646 221 248 168 0.0360373 0.170886 0.984631 2007 1 -10 1 1 221085 15555 1 
2.09027e+06 719748 83.9361 221 248 168 0.0771742 0.202123 0.976315 2007 1 1 1 1 221084 19380 1 
2.09034e+06 719709 80.038 204 248 176 0.048943 -0.0177028 0.998645 2007 1 -6 1 1 221085 24225 2 
2.09027e+06 719746 84.5178 222 247 167 0.00503332 0.0271799 0.999618 2007 1 0 1 1 221085 22695 1 
2.09031e+06 719743 80.1251 204 248 175 0.0205824 0.0920792 0.995539 2007 1 -9 1 1 221085 26520 2 
2.09034e+06 719728 81.0325 205 248 175 0.18128 0.0485784 0.982231 2008 1 -37 1 1 221178 6630 2 
2.0903e+06 719733 84.6127 222 247 167 0.0338216 -0.0174233 0.999276 2007 1 -2 1 1 221085 18870 1 
2.09031e+06 719740 82.9625 219 248 169 0.205802 0.38971 0.897648 2007 1 -6 1 1 221085 18105 1 
2.09027e+06 719747 84.2765 221 248 168 0.039705 0.132728 0.990357 2007 1 2 1 1 221085 18615 1 
2.09027e+06 719747 84.426 221 247 167 0.0826783 0.159365 0.983751 2007 1 7 1 1 221085 19635 1 
2.09033e+06 719706 79.9306 203 248 176 0.0387052 -0.100633 0.99417 2007 1 -1 1 1 221085 22950 2 
2.09025e+06 719745 84.2245 221 248 168 -0.0634982 -0.13046 0.989418 2007 1 16 1 1 221085 15810 1 
2.09026e+06 719732 80.522 203 248 176 -0.0644028 -0.268977 0.960991 2007 1 13 1 1 221085 15300 2 
2.09031e+06 719740 82.9688 219 248 169 0.44287 0.320807 0.837227 2007 1 -5 1 1 221084 15555 1 
2.09026e+06 719755 83.9433 220 248 168 0.0408054 0.166719 0.98516 2007 1 2 1 1 221085 15300 1 
2.09027e+06 719747 84.4847 221 247 167 0.00103033 0.0566683 0.998393 2007 1 10 1 1 221085 14280 1 
2.09034e+06 719728 81.2964 205 248 175 0.112357 -0.109992 0.987561 2008 1 -36 1 1 221178 6120 1 
2.09027e+06 719732 82.0631 205 248 175 -0.263706 -0.43443 0.861237 2006 1 25 1 1 220945 6375 1 
2.09024e+06 719768 80.2157 204 248 176 -0.128336 0.271226 0.953922 2007 1 6 1 1 221085 7905 2 
2.09034e+06 719720 80.1795 204 248 176 0.122955 -0.0417369 0.991534 2007 1 -5 1 1 221085 22950 2 
2.09029e+06 719738 84.6222 222 247 167 -0.017527 0.0402089 0.999038 2007 1 0 1 1 221085 16575 1 
2.0903e+06 719722 82.5299 218 248 169 -0.0399437 -0.516514 0.855347 2007 1 2 2 1 221085 3315 1 
2.09024e+06 719737 79.9325 204 248 176 0.00505337 -0.0293096 0.999558 2007 1 16 1 1 221085 15045 2 
2.09029e+06 719739 84.3683 221 247 167 0.0594619 0.14574 0.987534 2007 1 -4 1 1 221084 23970 1 
2.09034e+06 719720 81.5086 205 248 175 0.573207 -0.0348666 0.818668 2008 1 -37 1 1 221178 5865 2 
2.09023e+06 719744 80.7789 204 248 176 -0.0875416 -0.440487 0.893481 2006 1 18 1 1 220945 16065 2 
2.09028e+06 719728 81.187 217 248 170 -0.115376 -0.46293 0.878854 2007 1 12 2 1 221085 3570 1 
2.09029e+06 719731 84.0635 221 248 168 -0.064255 -0.146034 0.987191 2007 1 6 1 1 221085 21420 1 
2.09031e+06 719741 82.0287 218 248 169 0.239221 0.586325 0.773949 2007 1 -5 1 1 221084 13515 1 
2.09034e+06 719726 80.1387 204 248 175 0.146007 -0.107394 0.983437 2007 1 -11 1 1 221084 21930 2 
2.09025e+06 719750 84.5921 222 247 167 0.00700557 -0.0190151 0.999795 2007 1 5 1 1 221085 16065 1 
2.09027e+06 719744 84.5881 222 247 167 -0.0272348 -0.00504347 0.999616 2007 1 9 1 1 221085 18105 1 
2.09024e+06 719763 82.2473 219 248 169 -0.445595 0.0119002 0.895156 2007 1 8 1 1 221085 13260 1 
2.09033e+06 719715 83.6074 220 248 169 0.0939873 -0.174548 0.980153 2007 1 -3 1 1 221085 17340 1 
2.0903e+06 719730 84.1754 221 248 168 -0.0379371 -0.152898 0.987514 2007 1 5 1 1 221085 17085 1 
2.09028e+06 719733 83.502 220 248 169 -0.0211059 -0.296724 0.95473 2007 1 7 1 1 221085 16320 1 
2.09025e+06 719768 80.0336 204 248 176 0.0838656 0.0999494 0.991452 2007 1 8 1 1 221084 24480 1 
2.09034e+06 719734 80.0467 204 248 175 0.0189398 0.00099683 0.99982 2007 1 -10 1 1 221084 22440 2 
2.09024e+06 719739 80.0264 204 248 176 -0.0203015 -0.0758636 0.996911 2007 1 19 1 1 221085 20655 2 
2.09025e+06 719741 83.4167 219 248 169 -0.0916656 -0.330793 0.939241 2007 1 12 1 1 221085 15555 1 
2.09033e+06 719739 80.4082 204 248 175 0.0646948 0.211174 0.975305 2007 1 -7 1 1 221084 24990 2 
2.09032e+06 719727 84.7151 222 247 167 0.000979431 -0.000979431 0.999999 2007 1 -2 1 1 221085 18615 1 
2.09024e+06 719766 81.8573 218 248 169 -0.0344238 0.521865 0.852333 2007 1 13 1 1 221085 5355 1 
2.09024e+06 719770 80.0736 204 248 176 -0.0243709 0.182201 0.982959 2007 1 8 1 1 221085 14280 2 
2.09033e+06 719716 83.7063 219 248 169 -0.106982 -0.294532 0.949634 2007 1 -7 1 1 221085 21420 1 
2.09023e+06 719761 81.3215 204 248 176 -0.359551 0.435579 0.825224 2006 1 21 1 1 220946 6120 2 
2.09023e+06 719766 81.258 204 248 176 -0.45848 0.136538 0.878154 2006 1 21 1 1 220946 15045 2 
2.09025e+06 719738 80.4761 203 248 176 -0.247558 -0.322839 0.913504 2007 1 14 1 1 221085 19380 2 
2.09024e+06 719761 83.5431 220 248 169 0.0132021 0.24844 0.968557 2007 1 5 1 1 221085 12750 1 
2.09023e+06 719745 80.123 203 248 176 -0.0909316 -0.0978378 0.991039 2007 1 20 1 1 221085 8670 2 
2.09025e+06 719752 84.3559 221 248 168 0.054348 0.139917 0.988671 2007 1 12 1 1 221085 13260 1 
2.09033e+06 719735 81.9368 218 248 169 0.405555 0.454028 0.793337 2007 1 -9 2 1 221084 10965 1 
2.0903e+06 719716 80.076 204 248 176 -0.0512987 -0.126537 0.990635 2007 1 1 1 1 221085 22695 2 
2.09024e+06 719763 82.3018 219 248 169 -0.416477 -0.116389 0.901665 2007 1 17 1 1 221085 13260 1 
2.09026e+06 719736 82.3908 218 248 169 -0.164787 -0.509208 0.84472 2007 1 10 1 1 221085 7140 1 
2.09029e+06 719726 82.1746 204 248 175 -0.210959 -0.411591 0.886617 2006 1 25 1 1 220944 5610 2 
2.09033e+06 719736 81.1786 204 248 175 0.0675193 0.453344 0.888775 2007 1 -8 1 1 221084 25755 2 
2.09023e+06 719762 81.2511 203 248 176 -0.134212 0.272411 0.952774 2006 1 18 1 1 220945 6120 2 
2.09028e+06 719737 84.5322 222 247 167 -0.0293749 -0.0903005 0.995481 2007 1 6 1 1 221085 18360 1 
2.09025e+06 719743 83.6321 219 248 169 -0.0474993 -0.225317 0.973127 2007 1 13 1 1 221085 14025 1 
2.09033e+06 719730 83.5096 220 248 168 0.250414 0.222744 0.942167 2007 1 -13 1 1 221085 14025 1 
2.09024e+06 719748 83.7184 220 248 169 -0.101324 -0.169687 0.980276 2007 1 8 1 1 221085 15810 1 
2.09027e+06 719744 84.5393 222 247 167 0.0315548 0.0881358 0.995609 2007 1 3 1 1 221085 17595 1 
2.09031e+06 719743 80.2008 204 248 175 0.0998752 0.116325 0.988177 2007 1 -9 1 1 221085 25500 2 
2.09028e+06 719738 84.4879 221 247 167 -0.0389442 -0.105706 0.993635 2007 1 -1 1 1 221085 15555 1 
2.09025e+06 719745 84.0236 221 248 168 -0.0836225 -0.178152 0.980443 2007 1 13 1 1 221085 13260 1 
2.09024e+06 719767 80.853 204 248 176 0.0862999 0.505067 0.858755 2006 1 18 1 1 220945 11220 2 
2.09033e+06 719725 81.5083 205 248 175 -0.0633314 0.0397163 0.997202 2008 1 -37 1 1 221178 6375 2 
2.09024e+06 719746 83.2957 219 248 169 -0.135529 -0.3354 0.932276 2007 1 15 1 1 221085 13005 1 
2.09031e+06 719730 84.6081 221 248 168 0.0410125 0.0986517 0.994277 2006 1 29 1 1 220944 5610 1 
2.09033e+06 719705 79.863 203 248 176 -0.0153123 -0.0316454 0.999382 2007 1 -6 1 1 221085 21420 2 
2.09023e+06 719755 82.1121 203 248 176 0.159839 -0.0501684 0.985868 2006 1 17 1 1 220945 6630 2 
2.09024e+06 719741 81.4274 206 248 174 -0.223221 -0.540349 0.811293 2007 1 13 2 2 221085 0 1 
2.09026e+06 719750 84.1996 221 248 168 0.0442605 0.128242 0.990755 2007 1 11 1 1 221085 15300 1 
2.09034e+06 719724 81.3007 205 248 175 0.294379 -0.257043 0.920473 2008 1 -37 1 1 221178 5610 2 
2.09025e+06 719747 84.377 221 247 167 -0.0209818 -0.118161 0.992773 2007 1 12 1 1 221085 14790 1 
2.09023e+06 719757 79.9983 204 248 176 -0.153635 0.0598122 0.986316 2006 1 20 1 1 220945 19380 2 
2.09029e+06 719721 80.3204 204 248 176 -0.0532481 -0.173944 0.983315 2007 1 4 1 1 221085 19125 2 
2.09034e+06 719719 80.0685 204 248 176 0.0868737 -0.0450863 0.995199 2007 1 -6 1 1 221085 22440 2 
2.09029e+06 719730 83.3717 219 248 169 -0.039402 -0.311403 0.949461 2007 1 -2 1 1 221085 18615 1 
2.09023e+06 719740 79.9694 203 248 176 -0.0309397 -0.0629462 0.997537 2007 1 20 1 1 221085 22440 2 
2.09024e+06 719739 80.0639 203 248 176 -0.0745963 -0.199331 0.977089 2007 1 18 1 1 221085 17850 2 
2.09031e+06 719740 82.4933 219 248 169 0.390425 0.53418 0.749813 2007 1 -7 1 1 221084 16830 1 
2.09034e+06 719718 80.3174 204 248 176 0.265983 -0.0776313 0.960847 2007 1 -5 1 1 221085 13515 2 
2.09025e+06 719750 84.5841 222 247 167 -0.0224817 -0.0781506 0.996688 2007 1 14 1 1 221085 15555 1 
2.09033e+06 719729 81.9546 220 248 168 0.428295 -0.185643 0.884364 2007 1 -14 1 1 221085 17850 1 
2.09026e+06 719742 84.287 221 248 168 -0.0479144 -0.164779 0.985166 2007 1 10 1 1 221085 16320 1 
2.09026e+06 719734 82.2346 204 248 176 -0.375967 -0.401136 0.835307 2006 1 24 1 1 220945 6375 2 
2.09031e+06 719736 84 221 248 168 0.0616638 0.143107 0.987784 2007 1 -9 1 1 221085 16320 1 
2.0903e+06 719739 84.0292 221 248 168 0.0409446 0.174307 0.98384 2007 1 -5 1 1 221085 15555 1 
2.0903e+06 719736 84.6338 222 247 167 0.0198631 0.0533166 0.99838 2007 1 -5 1 1 221085 19380 1 
2.09027e+06 719757 80.4955 204 248 175 0.0463715 0.393496 0.918156 2007 1 3 1 1 221084 27285 2 
2.0903e+06 719725 83.8211 220 248 168 -0.0837851 -0.180927 0.979921 2007 1 1 1 1 221085 20910 1 
2.09033e+06 719718 83.123 221 248 168 0.481338 -0.103651 0.870385 2007 1 -14 1 1 221085 18615 1 
2.09024e+06 719744 82.627 218 248 169 -0.0535579 -0.476528 0.877526 2007 1 13 1 1 221085 13005 1 
2.09026e+06 719733 81.4868 213 248 171 -0.199243 -0.536892 0.819786 2006 1 25 1 1 220945 6120 1 
2.0903e+06 719743 81.8006 204 248 175 0.257435 0.541393 0.800388 2007 1 -5 1 1 221084 14025 2 
2.09025e+06 719745 83.9695 220 248 168 -0.0707581 -0.173897 0.982218 2007 1 10 1 1 221085 14535 1 
2.09026e+06 719760 81.8666 204 248 176 0.196602 0.562373 0.803172 2007 1 5 1 1 221085 14790 2 
2.0903e+06 719719 80.7753 204 248 176 -0.173006 -0.381758 0.907926 2007 1 1 1 1 221085 26265 2 
2.09025e+06 719738 81.8127 218 248 169 -0.184636 -0.414341 0.891196 2007 1 16 1 1 221085 5865 1 
2.09026e+06 719748 84.5655 221 247 167 0.031774 0.0174244 0.999343 2007 1 13 1 1 221085 17340 1 
2.09025e+06 719734 80.2302 204 248 176 0.0649626 -0.284052 0.956606 2007 1 11 1 1 221085 25500 2 
2.09023e+06 719757 81.6516 203 248 176 -0.370408 0.0405747 0.927983 2006 1 18 1 1 220945 7650 2 
2.09033e+06 719737 80.5525 204 248 175 0.0764144 0.296592 0.951942 2007 1 -8 1 1 221084 24735 2 
2.09028e+06 719725 80.1461 204 248 176 -0.0417191 -0.201444 0.978611 2007 1 6 1 1 221085 9690 2 
2.09028e+06 719742 84.6162 222 247 167 -0.0109658 -0.0109658 0.99988 2007 1 7 1 1 221085 17340 1 
2.09024e+06 719746 83.5116 220 248 169 -0.0919583 -0.230526 0.968711 2007 1 15 1 1 221085 14535 1 
2.09023e+06 719754 82.1031 214 248 171 -0.378407 0.0767587 0.922451 2006 1 22 1 1 220946 6885 1 
2.09033e+06 719724 81.5302 205 248 175 0.0312022 0.165256 0.985757 2008 1 -36 1 1 221178 5610 2 
2.09031e+06 719715 80.0583 204 248 176 -0.101603 -0.0742043 0.992054 2007 1 0 1 1 221085 28305 2 
2.09032e+06 719712 80.5215 204 248 176 -0.213964 -0.313152 0.925287 2007 1 -2 1 1 221085 15300 2 
2.09031e+06 719725 84.0063 220 248 168 -0.0596954 -0.150994 0.986731 2007 1 0 1 1 221085 19890 1 
2.09034e+06 719709 80.0425 204 248 175 0.0362353 -0.0238118 0.99906 2008 1 -37 1 1 221178 9945 1 
2.09028e+06 719722 80.0644 204 248 176 -0.0637701 -0.133338 0.989017 2007 1 7 1 1 221085 12240 2 
2.09028e+06 719747 83.433 220 248 169 0.125591 0.362971 0.923298 2007 1 0 1 1 221084 18870 1 
2.09031e+06 719736 83.5446 220 248 168 0.0168581 0.392924 0.919416 2007 1 -9 1 1 221085 19125 1 
2.09028e+06 719755 80.1365 204 248 175 0.0482094 0.170497 0.984178 2007 1 0 1 1 221084 9435 2 
2.09027e+06 719738 84.2846 221 248 168 -0.0469194 -0.133892 0.989885 2007 1 8 1 1 221085 15810 1 
2.09024e+06 719754 84.452 222 247 167 -0.00103033 0.0566683 0.998393 2007 1 11 1 1 221085 13515 1 
2.09023e+06 719758 82.86 222 247 167 -0.15797 -0.348093 0.924054 2007 1 16 1 1 221085 12495 1 
2.09025e+06 719736 80.232 204 248 176 -0.187778 -0.195657 0.962527 2007 1 12 1 1 221085 19635 2 
2.09025e+06 719738 81.9426 204 248 175 -0.0926714 -0.419096 0.9032 2006 1 19 1 1 220944 9435 2 
2.09025e+06 719756 83.7792 219 248 169 0.0514488 0.192634 0.979921 2007 1 12 1 1 221085 13770 1 
2.09031e+06 719743 81.1472 204 248 176 0.219341 0.3646 0.904962 2007 1 -1 1 1 221085 20400 2 
2.09034e+06 719731 80.056 204 248 175 0.039804 -0.0071443 0.999182 2007 1 -11 1 1 221084 24735 2 
2.09028e+06 719751 81.6252 204 248 175 0.0584065 0.61683 0.784927 2007 1 -3 2 2 221085 0 2 
2.0903e+06 719736 84.1483 221 248 168 0.0637701 0.133338 0.989017 2007 1 2 1 1 221085 15555 1 
2.09032e+06 719732 84.1916 221 248 168 0.0517034 0.136727 0.989259 2007 1 -11 1 1 221085 18615 1 
2.09027e+06 719742 84.516 222 247 167 -0.0379506 -0.0748169 0.996475 2007 1 10 1 1 221085 16065 1 
2.09034e+06 719729 80.9172 220 248 169 0.238381 0.055581 0.96958 2007 1 -13 1 1 221085 4335 1 
2.09027e+06 719731 82.4089 218 248 169 -0.184011 -0.446042 0.875892 2007 1 7 1 1 221085 13515 1 
2.0903e+06 719727 83.9722 221 248 168 -0.0595787 -0.148363 0.987137 2007 1 2 1 1 221085 17340 1 
2.09034e+06 719711 80.9722 204 248 176 0.347562 -0.270655 0.897745 2007 1 -7 1 1 221085 14280 2 
2.09026e+06 719734 80.8706 203 248 176 -0.200162 -0.566871 0.79912 2007 1 13 1 1 221085 12495 2 
2.09032e+06 719738 82.0506 218 248 169 0.145598 0.397215 0.906102 2007 1 -6 2 1 221084 3570 1 
2.09031e+06 719736 83.9992 220 248 168 -0.0103864 0.188109 0.982093 2007 1 -8 1 1 221085 18870 1 
2.09026e+06 719734 81.8518 204 248 176 -0.398002 -0.525756 0.751782 2007 1 9 2 2 221085 0 2 
2.09033e+06 719714 83.4653 219 248 169 0.0537578 -0.187555 0.980782 2007 1 -8 1 1 221085 19380 1 
2.09029e+06 719747 81.6928 204 248 175 0.17457 0.508788 0.843007 2007 1 -2 1 1 221084 3825 2 
2.09026e+06 719751 84.4094 221 248 168 0.0366409 0.105481 0.993746 2007 1 12 1 1 221085 14280 1 
2.09034e+06 719730 81.238 219 248 169 0.140452 0.0191014 0.989903 2007 1 -6 1 1 221085 18870 1 
2.09031e+06 719739 83.4544 219 248 169 0.0960313 0.363837 0.926499 2006 1 31 1 1 220945 5610 1 
2.09025e+06 719746 84.1624 221 248 168 -0.0690894 -0.144034 0.987158 2007 1 12 1 1 221085 13260 1 
2.09025e+06 719740 81.336 204 248 176 -0.250546 -0.533772 0.80766 2006 1 19 1 1 220945 6885 2 
2.09033e+06 719728 83.7871 221 248 168 0.343115 0.154194 0.926551 2007 1 -13 1 1 221085 17595 1 
2.09032e+06 719714 82.0107 204 248 176 -0.242644 -0.527016 0.81448 2007 1 -2 2 2 221085 0 2 
2.09024e+06 719759 83.9209 220 248 168 -0.106875 0.17321 0.979069 2007 1 16 1 1 221085 12495 1 
2.09032e+06 719730 84.2398 221 248 168 0.0451291 0.153902 0.987055 2007 1 -11 1 1 221085 18615 1 
2.09033e+06 719719 84.2174 221 248 168 -0.0120929 -0.11983 0.992721 2007 1 -5 1 1 221085 17850 1 
2.09027e+06 719736 83.5213 220 248 169 -0.0714498 -0.31308 0.947035 2007 1 4 1 1 221085 17595 1 
2.09028e+06 719740 84.5139 222 247 167 -0.0411755 -0.103495 0.993777 2007 1 -1 1 1 221085 16575 1 
2.09032e+06 719730 84.4973 221 247 167 0.0412572 0.105931 0.993517 2007 1 -4 1 1 221085 16575 1 
2.09032e+06 719715 81.5367 204 248 175 -0.246884 -0.621141 0.743796 2006 1 28 1 1 220944 8925 2 
2.09028e+06 719738 84.3057 221 248 168 -0.0281731 -0.134104 0.990567 2007 1 8 1 1 221085 15045 1 
2.09025e+06 719758 83.1702 219 248 169 0.0712827 0.388693 0.918606 2007 1 9 1 1 221085 15555 1 
2.09031e+06 719738 83.8298 220 248 168 0.0217558 0.166031 0.98588 2007 1 1 1 1 221085 18615 1 
2.09031e+06 719728 84.7652 222 247 167 -0.00099683 -0.0189398 0.99982 2007 1 -8 1 1 221085 20655 1 
2.09029e+06 719725 82.4999 218 248 169 -0.14378 -0.558817 0.816732 2007 1 0 1 1 221085 12750 1 
2.09027e+06 719740 84.4509 222 247 167 -0.045457 -0.0942402 0.994511 2007 1 9 1 1 221085 18360 1 
2.09031e+06 719739 81.9535 204 248 176 0.217966 0.464493 0.858334 2007 1 -9 2 2 221085 0 2 
2.09026e+06 719747 84.4775 222 247 167 -0.0114746 0.0573728 0.998287 2007 1 10 1 1 221085 15810 1 
2.09026e+06 719757 81.9551 203 248 176 0.232545 0.478768 0.846584 2007 1 11 2 2 221085 0 2 
2.09034e+06 719716 79.9783 203 248 176 0.0190153 -0.00500404 0.999807 2007 1 -6 1 1 221085 22440 2 
2.09029e+06 719743 84.1355 221 248 168 0.0649111 0.156967 0.985468 2007 1 -2 1 1 221084 16065 1 
2.0903e+06 719731 84.3364 221 248 168 -0.037138 -0.124919 0.991472 2007 1 -7 1 1 221085 18360 1 
2.09024e+06 719765 82.0245 219 248 169 -0.268494 0.357498 0.894486 2007 1 6 1 1 221085 14535 1 
2.09028e+06 719732 82.7867 218 248 169 -0.133704 -0.403928 0.904967 2007 1 7 1 1 221085 18870 1 
2.09027e+06 719737 83.8855 220 248 169 -0.0715807 -0.190477 0.979078 2007 1 9 1 1 221085 19125 1 
2.09031e+06 719729 84.5003 221 247 167 -0.0499929 -0.152304 0.987068 2007 1 1 1 1 221085 22185 1 
2.09027e+06 719746 84.3878 221 248 168 0.0401828 0.145806 0.988497 2007 1 9 1 1 221085 17085 1 
2.09028e+06 719750 82.9779 218 248 169 0.197375 0.449658 0.87112 2007 1 8 1 1 221085 14790 1 
2.09033e+06 719710 80.6935 204 248 176 0.114532 -0.442573 0.889388 2007 1 -5 1 1 221085 10710 2 
2.09025e+06 719759 83.6697 220 248 169 0.133845 0.202679 0.970055 2007 1 15 1 1 221085 16065 1 
2.09032e+06 719723 84.1698 221 248 168 -0.0623917 -0.158922 0.985318 2007 1 -9 1 1 221085 18105 1 
2.09024e+06 719743 82.6693 218 248 169 -0.0851959 -0.459499 0.884082 2007 1 13 1 1 221085 14280 1 
2.09026e+06 719740 83.5904 219 248 169 -0.137829 -0.212541 0.967383 2007 1 12 1 1 221085 15045 1 
2.09031e+06 719729 84.6164 222 247 167 -0.0220013 -0.0513363 0.998439 2007 1 1 1 1 221085 17850 1 
2.09033e+06 719724 81.5437 221 248 168 0.160207 0.0502841 0.985802 2007 1 -4 1 1 221085 15555 1 
2.09023e+06 719761 80.4459 203 248 176 -0.157053 0.340513 0.92703 2006 1 17 1 1 220945 15555 2 
2.09029e+06 719725 81.1393 203 248 176 -0.184381 -0.370192 0.910473 2007 1 9 1 1 221085 10455 2 
2.09026e+06 719729 80.128 204 248 176 -0.0400918 -0.145476 0.988549 2007 1 8 1 1 221085 21420 2 
2.0903e+06 719730 84.3175 221 248 168 -0.0446944 -0.140959 0.989006 2007 1 3 1 1 221085 17595 1 
2.09023e+06 719751 82.1 205 248 175 -0.522105 0.1553 0.838623 2006 1 17 1 1 220945 8670 1 
2.09024e+06 719749 84.0334 220 248 168 -0.0644036 -0.146372 0.987131 2006 1 20 1 1 220945 15300 1 
2.09033e+06 719727 81.6827 221 248 168 0.393899 0.448563 0.802268 2007 1 -11 1 1 221084 20655 1 
2.09025e+06 719745 84.0684 221 248 168 -0.0509638 -0.178966 0.982534 2007 1 12 1 1 221085 13515 1 
2.0903e+06 719715 80.0118 204 248 176 -0.0944154 -0.108403 0.989613 2007 1 1 1 1 221085 25500 2 
2.09027e+06 719730 80.8994 204 248 176 -0.176253 -0.432622 0.884179 2007 1 7 1 1 221085 12240 2 
2.0903e+06 719720 81.5497 204 248 176 -0.150329 -0.483095 0.862566 2006 1 26 1 1 220944 5610 2 
2.09029e+06 719748 82.0281 218 248 169 0.0769802 0.488474 0.869176 2007 1 -3 1 1 221084 7905 1 
2.09031e+06 719734 84.2544 221 248 168 0.043067 0.161792 0.985885 2007 1 1 1 1 221085 16320 1 
2.0903e+06 719749 80.2552 204 248 175 0.0195684 0.176116 0.984175 2007 1 -2 1 1 221084 26520 2 
2.09034e+06 719708 80.033 204 248 175 0.0385379 -0.0281223 0.998861 2008 1 -37 1 1 221178 10455 1 
2.09033e+06 719727 81.3593 205 248 175 0.411842 -0.0413175 0.910318 2008 1 -37 1 1 221178 5610 2 
2.0903e+06 719724 81.9748 204 248 175 -0.248997 -0.42405 0.870736 2006 1 29 1 1 220945 5865 2 
2.09034e+06 719726 81.5716 205 248 175 -0.184096 0.366765 0.911917 2008 1 -37 1 1 221178 6375 2 
2.09028e+06 719742 84.4975 221 247 167 0.0504925 0.106595 0.99302 2007 1 8 1 1 221085 18870 1 
2.09029e+06 719745 83.8122 220 248 168 0.0992549 0.177679 0.97907 2007 1 -4 1 1 221085 16830 1 
2.09028e+06 719753 80.5788 204 248 176 0.130234 0.396303 0.908836 2007 1 6 1 1 221085 6630 2 
2.09032e+06 719735 82.9501 218 248 169 0.196163 0.54287 0.816586 2006 1 32 1 1 220945 5865 1 
2.09033e+06 719729 84.1658 220 248 168 0.0592286 0.140523 0.988304 2006 1 30 1 1 220944 5865 1 
2.09026e+06 719736 82.4618 218 248 169 -0.114532 -0.442573 0.889388 2007 1 10 1 1 221085 13260 1 
2.09024e+06 719771 79.9683 203 248 176 -0.00522345 0.0679048 0.997678 2007 1 11 1 1 221085 8160 2 
2.09028e+06 719730 83.3407 219 248 169 -0.218586 -0.297559 0.929343 2007 1 6 1 1 221085 19125 1 
2.0903e+06 719727 83.6662 220 248 169 -0.0857485 -0.262365 0.961151 2007 1 -6 1 1 221085 16830 1 
2.09026e+06 719751 84.3759 221 248 168 0.0582814 0.122277 0.990783 2007 1 11 1 1 221085 15045 1 
2.09023e+06 719762 80.7669 204 248 176 -0.420762 0.0331832 0.906564 2006 1 22 1 1 220946 7140 2 
2.09027e+06 719737 84.0932 221 248 168 -0.0483939 -0.175871 0.983223 2007 1 7 1 1 221085 19125 1 
2.09026e+06 719760 81.2597 204 248 176 0.230531 0.558535 0.796802 2007 1 4 1 1 221084 20655 2 
2.09033e+06 719732 81.7553 205 248 175 0.329236 0.279038 0.902076 2008 1 -37 1 1 221178 7905 2 
2.09028e+06 719722 80.0089 204 248 176 -0.0403639 -0.0796369 0.996006 2007 1 4 1 1 221085 10710 2 
2.09027e+06 719753 82.8565 219 248 169 0.042145 0.463595 0.885044 2007 1 3 1 1 221084 17850 1 
2.09033e+06 719708 80.0786 205 248 175 -0.0143187 -0.12226 0.992395 2007 1 -4 1 1 221085 5865 1 
2.09033e+06 719726 82.4905 221 248 168 0.739725 0.117111 0.66264 2007 1 -4 1 1 221085 19635 1 
2.09026e+06 719738 83.4521 219 248 169 -0.0164494 -0.340376 0.940146 2007 1 10 1 1 221085 15045 1 
2.09033e+06 719718 83.9568 220 248 168 -0.0399497 -0.138112 0.989611 2007 1 -9 1 1 221085 16575 1 
2.09033e+06 719724 84.6866 222 247 167 0.0456053 0.0434841 0.998013 2007 1 -4 1 1 221085 17595 1 
2.09025e+06 719744 83.2825 219 248 169 -0.179937 -0.319423 0.930372 2007 1 15 1 1 221085 16575 1 
2.09023e+06 719748 81.774 219 248 169 -0.446582 -0.345588 0.825308 2007 1 20 1 1 221085 14280 1 
2.09025e+06 719742 82.6973 218 248 169 -0.332039 -0.393814 0.857124 2007 1 15 1 1 221085 14790 1 
2.09026e+06 719747 84.5698 222 247 167 -0.00520318 -0.0634788 0.99797 2007 1 12 1 1 221085 14790 1 
2.09031e+06 719713 79.9632 203 248 176 -0.0137498 -0.0708645 0.997391 2007 1 3 1 1 221085 27030 2 
2.09025e+06 719743 83.8893 220 248 168 -0.0585467 -0.185199 0.980955 2007 1 12 1 1 221085 17085 1 
2.09025e+06 719763 81.2647 218 248 169 0.117261 0.513924 0.849784 2007 1 7 2 1 221084 4335 1 
2.09032e+06 719710 79.9006 204 248 176 -0.00911423 -0.0293681 0.999527 2007 1 -1 1 1 221085 22950 2 
2.09026e+06 719744 84.3826 222 247 167 -0.055559 -0.112252 0.992125 2007 1 0 1 1 221085 9435 1 
2.09025e+06 719758 83.5705 220 248 169 0.0649626 0.284052 0.956606 2007 1 14 1 1 221085 16065 1 
2.09027e+06 719732 81.219 204 248 176 -0.311017 -0.497311 0.809907 2007 1 9 2 2 221085 0 2 
2.09027e+06 719737 83.797 220 248 169 -0.0504121 -0.237306 0.970126 2007 1 2 1 1 221085 18360 1 
2.09028e+06 719753 80.509 204 248 175 -0.0865998 0.283065 0.955183 2007 1 -3 1 1 221085 5100 2 
2.09033e+06 719737 80.2178 204 248 175 0.0341614 0.189655 0.981256 2007 1 -13 1 1 221085 19890 2 
2.09025e+06 719748 84.4662 221 247 167 -0.0380201 -0.079299 0.996126 2007 1 13 1 1 221085 14280 1 
2.09028e+06 719755 80.0507 204 248 176 0.0118388 0.0936342 0.995536 2007 1 -1 1 1 221085 9180 2 
2.09029e+06 719724 81.8198 218 248 169 0.0348569 -0.581412 0.812862 2007 1 4 2 1 221085 3570 1 
2.09024e+06 719762 83.2227 220 248 169 0.0316576 0.315309 0.948461 2007 1 7 1 1 221084 15300 1 
2.09033e+06 719727 83.0804 221 248 168 0.620292 0.158469 0.768196 2007 1 -12 1 1 221085 17850 1 
2.09026e+06 719735 80.3344 212 248 171 -0.101342 -0.298762 0.948932 2006 1 19 1 1 220944 7140 1 
2.09025e+06 719749 84.3366 221 248 168 -0.0454474 -0.0964372 0.994301 2007 1 13 1 1 221085 17085 1 
2.09033e+06 719721 82.6615 222 247 167 0.606725 0.0642415 0.792312 2007 1 -5 1 1 221085 17085 1 
2.09031e+06 719733 84.3436 221 248 168 0.0291001 0.178093 0.983583 2007 1 2 1 1 221085 18360 1 
2.09028e+06 719726 80.3664 204 248 176 -0.0741537 -0.308323 0.948387 2007 1 7 1 1 221085 9180 2 
2.0903e+06 719738 83.8731 220 248 169 0.0973398 0.147812 0.984214 2007 1 1 1 1 221085 18870 1 
2.09026e+06 719733 81.0945 213 248 171 -0.133856 -0.401568 0.905994 2007 1 9 2 1 221085 4590 1 
2.09033e+06 719725 82.2015 205 248 175 0.64364 0.216625 0.734031 2008 1 -36 1 1 221178 8160 2 
2.09032e+06 719726 84.5847 222 247 167 -0.0312441 -0.0764943 0.99658 2007 1 -8 1 1 221085 19890 1 
2.09034e+06 719738 80.0805 204 248 175 0.00109554 0.130369 0.991465 2007 1 -12 1 1 221084 15045 2 
2.09023e+06 719761 80.5342 203 248 176 -0.399581 0.269906 0.876063 2006 1 18 1 1 220945 9690 2 
2.09023e+06 719756 80.1067 203 248 176 -0.389538 0.154399 0.907977 2006 1 16 1 1 220945 19125 2 
2.09026e+06 719753 84.1545 221 248 168 0.0280562 0.131303 0.990945 2007 1 2 1 1 221085 17595 1 
2.09023e+06 719758 83.1278 221 247 167 -0.130692 -0.168033 0.97708 2007 1 17 1 1 221085 12240 1 
2.09031e+06 719717 80.725 204 248 176 -0.126482 -0.333204 0.934332 2007 1 3 1 1 221085 14280 2 
2.09025e+06 719755 84.331 221 247 167 0.0436554 0.110818 0.992881 2007 1 4 1 1 221085 14025 1 
2.09025e+06 719744 83.6446 220 248 169 -0.111085 -0.193462 0.974799 2007 1 16 1 1 221085 16320 1 
2.09023e+06 719756 81.801 204 248 176 -0.275771 0.334759 0.901048 2006 1 21 1 1 220946 6120 2 
2.09023e+06 719756 81.7989 204 248 176 -0.271661 0.324525 0.906026 2006 1 21 1 1 220946 5865 2 
2.09033e+06 719717 84.0004 221 248 168 -0.0348801 -0.127144 0.991271 2007 1 -3 1 1 221085 19635 1 
2.09028e+06 719733 83.8972 220 248 168 -0.108262 -0.15692 0.98166 2007 1 6 1 1 221085 15810 1 
2.09029e+06 719741 84.44 221 248 168 0.0253663 0.109185 0.993698 2007 1 6 1 1 221085 16065 1 
2.09028e+06 719727 80.4313 203 248 176 -0.0429082 -0.352367 0.934878 2007 1 11 1 1 221085 11220 2 
2.09023e+06 719756 81.7782 221 247 167 -0.430911 0.195601 0.88094 2007 1 11 1 1 221085 11985 1 
2.0903e+06 719745 81.1873 213 248 171 0.265881 0.336391 0.903409 2007 1 -7 1 1 221085 15300 1 
2.09023e+06 719747 81.0665 203 248 176 -0.416868 -0.0223557 0.908692 2006 1 16 1 1 220945 4845 2 
2.09023e+06 719759 82.3695 221 248 168 -0.49394 0.487287 0.720121 2007 1 16 1 1 221085 13515 1 
2.09026e+06 719733 80.2463 204 248 176 -0.0882885 -0.262306 0.960937 2007 1 10 1 1 221085 25500 2 
2.09033e+06 719714 82.6662 220 248 169 0.480707 0.0228908 0.876583 2006 1 31 1 1 220944 8925 1 
2.09031e+06 719716 80.5039 204 248 176 -0.0864549 -0.336509 0.937703 2007 1 -1 1 1 221085 26010 2 
2.09028e+06 719727 81.4448 204 248 176 -0.285223 -0.534202 0.795787 2006 1 26 1 1 220945 6375 2 
2.09028e+06 719748 83.5568 220 248 169 0.0357155 0.262324 0.964319 2007 1 -2 1 1 221085 18360 1 
2.09026e+06 719733 80.3989 203 248 176 -0.189996 -0.361422 0.912839 2007 1 13 1 1 221085 15045 2 
2.09032e+06 719721 84.3773 221 248 168 -0.0468133 -0.133589 0.989931 2007 1 -12 1 1 221085 17085 1 
2.09028e+06 719746 83.8544 220 248 168 0.0316163 0.183843 0.982447 2007 1 -1 1 1 221085 18360 1 
2.09024e+06 719763 82.6893 218 248 169 0.0606627 0.548786 0.833759 2007 1 5 1 1 221085 15555 1 
2.09031e+06 719731 84.5685 222 247 167 -0.0174233 0.0338216 0.999276 2007 1 1 1 1 221085 17340 1 
2.09029e+06 719740 84.3579 221 247 167 0.0432322 0.167087 0.984994 2007 1 -3 1 1 221084 20910 1 
2.09023e+06 719749 81.2665 219 248 169 -0.509617 -0.0776425 0.856891 2007 1 18 1 1 221085 13260 1 
2.09029e+06 719723 81.1571 204 248 176 -0.030648 -0.430404 0.902116 2007 1 4 1 1 221085 18105 2 
2.09025e+06 719739 82.3452 218 248 169 -0.109094 -0.393567 0.9128 2007 1 12 1 1 221085 10710 1 
2.09031e+06 719742 81.2403 204 248 176 -0.127103 0.449859 0.884009 2007 1 -1 1 1 221085 15810 2 
2.09031e+06 719718 81.8334 218 248 169 -0.12205 -0.569076 0.813176 2007 1 2 2 1 221085 5100 1 
2.09032e+06 719724 84.305 221 248 168 -0.0418167 -0.201915 0.97851 2007 1 -1 1 1 221085 22185 1 
2.09026e+06 719760 81.4969 204 248 176 0.0878045 0.562813 0.821908 2007 1 2 1 1 221085 21930 2 
2.09032e+06 719724 84.3513 221 248 168 -0.061785 -0.145719 0.987395 2007 1 -2 1 1 221085 20655 1 
2.09029e+06 719733 84.4926 221 247 167 -0.0458208 -0.103935 0.993528 2007 1 3 1 1 221085 17085 1 
2.09027e+06 719736 83.7964 220 248 168 -0.0811586 -0.228493 0.970157 2007 1 11 1 1 221085 17595 1 
2.09034e+06 719732 80.4864 204 248 176 0.27136 0.0618449 0.960489 2007 1 -15 1 1 221085 23460 2 
2.09033e+06 719727 84.3271 221 248 168 0.122002 0.158973 0.979716 2007 1 -2 1 1 221085 17340 1 
2.09024e+06 719746 83.6668 220 248 169 -0.0679502 -0.223618 0.972305 2007 1 14 1 1 221085 14025 1 
2.09034e+06 719729 80.0222 204 248 176 0.0129597 -0.00697831 0.999892 2007 1 -12 1 1 221084 23205 2 
2.09033e+06 719708 80.2027 203 248 176 -0.0409965 -0.267098 0.962797 2007 1 -2 1 1 221085 16065 2 
2.09025e+06 719757 83.648 220 248 169 0.05898 0.264782 0.962503 2007 1 2 1 1 221085 13770 1 
2.09029e+06 719733 84.097 221 248 168 -0.0382428 -0.161083 0.9862 2007 1 5 1 1 221085 19380 1 
2.09033e+06 719713 83.224 219 248 169 0.0323656 -0.221764 0.974563 2007 1 -2 1 1 221085 16320 1 
2.09028e+06 719752 80.6152 204 248 175 0.0846564 0.361469 0.928533 2007 1 1 1 1 221084 5610 1 
2.09025e+06 719740 82.7888 218 248 169 -0.0948673 -0.400093 0.911551 2007 1 10 1 1 221085 15810 1 
2.09023e+06 719745 81.0964 217 248 170 -0.585367 -0.288696 0.757628 2007 1 19 2 1 221086 3570 1 
2.0903e+06 719721 81.4989 204 248 176 -0.0659569 -0.515025 0.854634 2006 1 25 1 1 220944 5865 2 
2.09026e+06 719738 83.1912 219 248 169 -0.145468 -0.270917 0.951548 2007 1 10 1 1 221085 16830 1 
2.09031e+06 719727 84.1916 221 248 168 -0.0325688 -0.12466 0.991665 2007 1 1 1 1 221085 18360 1 
2.09025e+06 719766 80.1777 204 248 176 0.0405568 0.161068 0.98611 2007 1 7 1 1 221085 24225 2 
2.09023e+06 719766 80.7308 204 248 176 -0.430239 0.202552 0.879697 2006 1 21 1 1 220946 14025 2 
2.09029e+06 719720 80.1275 204 248 176 -0.030425 -0.134095 0.990501 2007 1 9 1 1 221085 19890 2 
2.09028e+06 719755 80.0886 204 248 176 -0.0406064 0.0867002 0.995407 2007 1 0 1 1 221084 8925 2 
2.09024e+06 719761 83.1156 219 248 169 0.249445 0.367526 0.895936 2007 1 4 1 1 221085 13770 1 
2.09032e+06 719715 80.9164 204 248 176 -0.0910694 -0.463753 0.881271 2006 1 28 1 1 220944 5355 2 
2.09024e+06 719747 83.9887 220 248 168 -0.0721517 -0.154949 0.985284 2006 1 21 1 1 220945 13515 1 
2.09032e+06 719742 80.4408 204 248 175 0.00356359 0.241136 0.970485 2007 1 -5 1 1 221084 30345 2 
2.09027e+06 719758 80.0616 204 248 176 0.0201789 0.0711571 0.997261 2007 1 2 1 1 221084 21675 2 
2.09034e+06 719725 81.8034 205 248 175 0.246674 -0.367795 0.896593 2008 1 -35 1 1 221178 5610 2 
2.09033e+06 719716 82.5762 221 248 168 0.510228 -0.0483956 0.858676 2007 1 -15 1 1 221085 17085 1 
2.09028e+06 719756 80.019 204 248 176 -0.00100264 0.0270713 0.999633 2007 1 -1 1 1 221085 9435 2 
2.09026e+06 719748 84.5475 222 247 167 -0.0151323 -0.0171499 0.999738 2007 1 8 1 1 221085 17340 1 
2.09023e+06 719762 80.1371 204 248 176 -0.203014 0.0824362 0.975699 2006 1 21 1 1 220946 16320 2 
2.09034e+06 719719 81.4079 222 247 167 0.492361 -0.44296 0.749245 2007 1 -14 1 1 221085 11730 1 
2.09024e+06 719755 84.454 221 247 167 -0.00535642 0.0974868 0.995222 2007 1 16 1 1 221085 13515 1 
2.09029e+06 719731 83.7656 220 248 168 -0.0154838 -0.229875 0.973097 2007 1 7 1 1 221085 21165 1 
2.09025e+06 719733 80.1425 204 248 176 -0.0690894 -0.144034 0.987158 2007 1 11 1 1 221085 18360 2 
2.09023e+06 719743 80.7502 204 248 176 -0.212901 -0.360628 0.908086 2007 1 14 1 1 221085 15555 2 
2.09027e+06 719735 82.7947 218 248 169 -0.0851673 -0.374466 0.923321 2007 1 9 1 1 221085 15045 1 
2.09033e+06 719736 80.5338 204 248 175 0.210346 0.277211 0.937501 2007 1 -8 1 1 221084 25500 2 
2.09024e+06 719757 84.1175 220 248 168 0.0564311 0.134744 0.989272 2007 1 15 1 1 221085 13005 1 
2.09023e+06 719742 80.1057 203 248 176 -0.030425 -0.134095 0.990501 2007 1 20 1 1 221085 14790 2 
2.09032e+06 719716 81.5748 218 248 169 -0.185016 -0.603976 0.77523 2007 1 -1 2 1 221085 3315 1 
2.09028e+06 719754 80.4506 204 248 176 0.048557 0.514705 0.855991 2007 1 9 1 1 221085 26010 2 
2.09026e+06 719756 82.6006 218 248 169 0.197324 0.410726 0.89015 2007 1 12 1 1 221085 12240 1 
2.09034e+06 719726 81.0404 205 248 175 0.477446 -0.331516 0.813721 2008 1 -37 1 1 221178 5355 2 
2.09026e+06 719760 80.4772 204 248 175 0.126804 0.334053 0.933986 2007 1 5 1 1 221084 23460 2 
2.09024e+06 719763 82.5749 218 248 169 0.199743 0.395111 0.896655 2007 1 15 1 1 221085 13770 1 
2.09027e+06 719733 82.6866 218 248 169 -0.174342 -0.358605 0.917065 2007 1 8 1 1 221085 17595 1 
2.09026e+06 719740 83.5751 220 248 169 -0.136709 -0.235661 0.962172 2007 1 10 1 1 221085 16575 1 
2.09024e+06 719740 80.176 203 248 176 -0.0745963 -0.199331 0.977089 2007 1 17 1 1 221086 17850 2 
2.09034e+06 719723 80.0319 204 248 176 0.0421842 -0.0113177 0.999046 2007 1 -7 1 1 221085 27030 2 
2.09031e+06 719738 83.7463 220 248 169 0.0345893 0.211114 0.976849 2007 1 -1 1 1 221085 15555 1 
2.0903e+06 719729 83.9569 220 248 168 -0.0549887 -0.155606 0.986287 2007 1 3 1 1 221085 21165 1 
2.09033e+06 719728 82.0862 205 248 175 0.504936 -0.10442 0.856817 2008 1 -36 1 1 221178 5865 2 
2.09031e+06 719738 83.6275 220 248 168 0.0486994 0.265974 0.962749 2007 1 -8 1 1 221085 19635 1 
2.09029e+06 719748 82.6531 218 248 169 0.246786 0.373873 0.894045 2007 1 0 1 1 221084 22695 1 
2.09023e+06 719744 80.0775 204 248 176 -0.162106 -0.124983 0.978826 2007 1 16 1 1 221085 22440 2 
2.09032e+06 719724 84.5565 222 247 167 -0.0299639 -0.112087 0.993247 2007 1 -11 1 1 221085 18105 1 
2.09028e+06 719756 80.027 204 248 176 -0.0133236 0.0358711 0.999268 2007 1 -2 1 1 221085 9945 2 
2.09032e+06 719718 83.2334 219 248 169 -0.042843 -0.349236 0.936055 2007 1 1 1 1 221085 20910 1 
2.09023e+06 719751 83.8483 220 248 168 -0.148818 -0.208345 0.966667 2007 1 18 1 1 221085 14280 1 
2.09025e+06 719746 83.9499 220 248 168 -0.0651398 -0.164626 0.984203 2006 1 22 1 1 220945 14280 1 
2.09032e+06 719720 83.73 220 248 169 -0.0770278 -0.199294 0.976908 2007 1 -1 1 1 221085 25245 1 
2.09027e+06 719727 80.096 204 248 176 -0.0297299 -0.102403 0.994299 2007 1 7 1 1 221085 9690 2 
2.09029e+06 719750 81.7757 218 248 169 0.221119 0.414042 0.882993 2007 1 -4 1 1 221085 3825 1 
2.09031e+06 719726 84.3169 221 248 168 -0.0523303 -0.150013 0.987298 2007 1 -10 1 1 221085 18360 1 
2.09029e+06 719728 83.5433 219 248 169 -0.0933792 -0.251996 0.963213 2007 1 4 1 1 221085 16830 1 
2.09032e+06 719720 84.0599 220 248 168 -0.0921061 -0.149523 0.984459 2007 1 -2 1 1 221085 23205 1 
2.09023e+06 719759 80.4384 204 248 176 -0.408354 0.134234 0.9029 2006 1 22 1 1 220946 17340 1 
2.09029e+06 719753 80.6574 204 248 176 0.0161173 0.30127 0.953403 2007 1 -3 1 1 221085 10200 2 
2.09023e+06 719745 81.3203 217 248 170 -0.169477 -0.42152 0.890841 2007 1 21 2 1 221085 3825 1 
2.09031e+06 719718 81.6931 217 248 170 -0.188225 -0.525524 0.829696 2007 1 4 2 1 221085 3315 1 
2.09023e+06 719746 82.0113 205 248 175 -0.175247 -0.374714 0.910427 2006 1 22 1 1 220946 5100 2 
2.09027e+06 719749 83.9401 220 248 168 0.0531245 0.17354 0.983393 2007 1 9 1 1 221085 16320 1 
2.09028e+06 719750 83.0769 219 248 169 0.00890851 0.360158 0.932849 2007 1 -2 1 1 221085 17595 1 
2.09026e+06 719734 80.4542 203 248 176 -0.177549 -0.359359 0.916153 2007 1 11 1 1 221085 19125 2 
2.09032e+06 719711 79.9467 203 248 176 -0.0486102 -0.0594125 0.997049 2007 1 3 1 1 221085 26520 2 
2.09025e+06 719743 83.3184 219 248 169 -0.127782 -0.26742 0.95507 2007 1 17 1 1 221085 15810 1 
2.0903e+06 719745 81.6163 214 248 171 0.201643 0.384427 0.900864 2007 1 -2 1 1 221084 32895 1 
2.09023e+06 719755 81.4651 222 247 167 -0.470195 0.100252 0.87685 2007 1 14 2 1 221085 2550 1 
2.09032e+06 719713 81.1982 204 248 176 -0.397034 -0.565073 0.723227 2007 1 -3 1 1 221085 6375 2 
2.09025e+06 719732 79.9255 203 248 176 0.00506329 -0.0313924 0.999494 2007 1 15 1 1 221085 18615 2 
2.09034e+06 719724 81.5401 205 248 175 0.131847 -0.124589 0.983409 2008 1 -37 1 1 221178 5865 2 
2.09034e+06 719708 80.016 204 248 176 0.0375368 0.00304352 0.999291 2007 1 -6 1 1 221085 22185 2 
2.09034e+06 719714 80.3879 204 248 175 0.323697 0.0112481 0.946094 2007 1 -15 1 1 221085 21675 2 
2.09023e+06 719746 81.5719 218 248 169 -0.0532445 -0.248887 0.967068 2007 1 20 1 1 221085 12240 1 
2.09023e+06 719754 83.9185 221 247 167 -0.192237 0.121876 0.973751 2007 1 21 1 1 221085 13770 1 
2.09029e+06 719730 83.9689 221 248 168 -0.067946 -0.168077 0.983429 2007 1 -1 1 1 221085 21930 1 
2.09031e+06 719747 80.1664 204 248 176 0.0379371 0.152898 0.987514 2007 1 -7 1 1 221085 13515 2 
2.09028e+06 719744 84.0263 221 248 168 0.0519229 0.139615 0.988844 2007 1 -1 1 1 221084 23715 1 
2.09031e+06 719734 84.0275 221 248 168 0.0616812 0.197138 0.978433 2007 1 1 1 1 221085 15300 1 
2.09024e+06 719742 82.1532 205 248 175 -0.122997 -0.37452 0.919025 2006 1 21 1 1 220945 6885 2 
2.09032e+06 719722 84.1943 221 248 168 -0.0425571 -0.148375 0.988015 2007 1 -2 1 1 221085 19635 1 
2.09023e+06 719768 80.4488 217 248 170 -0.133389 0.265456 0.954851 2007 1 14 2 1 221085 5610 1 
2.09024e+06 719747 83.7318 220 248 169 -0.0638774 -0.189222 0.979855 2007 1 15 1 1 221085 15555 1 
2.09024e+06 719766 81.1566 218 248 169 -0.170851 0.400567 0.900198 2007 1 10 1 1 221084 13770 1 
2.09026e+06 719742 83.7661 220 248 169 -0.0683267 -0.232311 0.970239 2007 1 11 1 1 221085 14790 1 
2.09028e+06 719732 83.0705 219 248 169 -0.0640421 -0.335894 0.93972 2007 1 6 1 1 221085 18870 1 
2.0903e+06 719746 81.0612 204 248 176 0.152727 0.406796 0.900661 2007 1 -5 2 2 221085 0 2 
2.09033e+06 719728 83.5116 221 248 168 0.660184 0.110769 0.742891 2007 1 -11 1 1 221084 16830 1 
2.09023e+06 719749 80.6936 203 248 176 -0.358205 -0.0218261 0.933388 2006 1 18 1 1 220945 8415 2 
2.09029e+06 719747 83.3282 219 248 169 0.111736 0.382109 0.917337 2007 1 5 1 1 221085 17850 1 
2.09034e+06 719724 80.0529 204 248 176 0.0745064 -0.0334739 0.996659 2007 1 -5 1 1 221085 24225 2 
2.0903e+06 719726 83.8923 220 248 168 -0.0576554 -0.163553 0.984848 2007 1 -1 1 1 221085 18360 1 
2.0903e+06 719740 83.9589 220 248 168 0.0537336 0.189859 0.98034 2007 1 4 1 1 221085 15810 1 
2.09028e+06 719752 81.8416 218 248 169 0.0464937 0.595964 0.801664 2007 1 1 2 1 221085 6630 1 
2.09031e+06 719745 80.1169 204 248 175 0.0530337 0.0595276 0.996817 2007 1 -5 1 1 221084 25245 2 
2.09026e+06 719757 81.6194 218 248 169 0.0943124 0.465932 0.87978 2007 1 5 2 1 221085 6630 1 
2.09032e+06 719710 80.2386 204 248 176 -0.0949913 -0.284974 0.953817 2007 1 -3 1 1 221085 14280 2 
2.09022e+06 719751 80.069 203 248 176 -0.176149 -0.0886819 0.980361 2006 1 16 1 1 220945 16320 2 
2.0903e+06 719723 83.2487 219 248 169 -0.065385 -0.374963 0.924731 2007 1 2 1 1 221085 16065 1 
2.09034e+06 719724 81.0989 205 248 175 0.438637 -0.356293 0.825017 2008 1 -37 1 1 221178 6375 2 
2.09029e+06 719734 84.4675 222 247 167 -0.0396278 -0.130206 0.990695 2007 1 4 1 1 221085 19380 1 
2.09034e+06 719706 79.9378 203 248 176 -0.0198652 -0.0512314 0.998489 2007 1 -8 1 1 221085 22185 2 
2.09033e+06 719720 82.1001 207 248 174 0.580215 -0.147664 0.800965 2008 1 -36 1 1 221178 6630 1 
2.09024e+06 719752 84.4537 222 247 167 -0.00308533 -0.0524506 0.998619 2007 1 5 1 1 221085 18360 1 
2.09027e+06 719738 84.1377 221 248 168 -0.0523119 -0.152286 0.986951 2007 1 4 1 1 221085 17340 1 
2.09026e+06 719760 81.007 204 248 176 0.0930546 0.53399 0.840354 2007 1 10 1 1 221085 20910 2 
2.09031e+06 719728 84.5436 221 247 167 -0.0491043 -0.0709285 0.996272 2007 1 -9 1 1 221085 21165 1 
2.09028e+06 719754 80.2175 204 248 176 0.108294 0.230603 0.967003 2007 1 -2 1 1 221085 25500 2 
2.09029e+06 719736 84.6696 222 247 167 -0.0151917 -0.0232939 0.999613 2007 1 -6 1 1 221085 17085 1 
2.09032e+06 719734 82.6968 219 248 169 0.196163 0.54287 0.816586 2007 1 -11 1 1 221085 15045 1 
2.09024e+06 719742 82.4533 218 248 169 -0.18412 -0.407384 0.894505 2007 1 15 1 1 221085 14025 1 
2.0903e+06 719720 81.4683 204 248 176 -0.188227 -0.466862 0.864066 2006 1 29 1 1 220944 5355 2 
2.09031e+06 719730 84.6108 222 247 167 -0.0424405 -0.0196676 0.998905 2007 1 2 1 1 221085 17850 1 
2.09031e+06 719715 80.3598 204 248 176 -0.101169 -0.295622 0.949933 2007 1 -1 1 1 221085 25755 2 
2.09025e+06 719735 79.9905 203 248 176 -0.0894424 -0.0781206 0.992924 2007 1 12 1 1 221085 20400 2 
2.09029e+06 719740 84.5301 222 247 167 0.0588975 0.0855681 0.99459 2007 1 -2 1 1 221085 16575 1 
2.09029e+06 719743 83.7975 221 248 168 0.0892414 0.230017 0.969086 2007 1 -5 1 1 221085 18105 1 
2.09026e+06 719755 83.265 220 248 169 0.166931 0.307649 0.936742 2007 1 4 1 1 221084 18615 1 
2.09025e+06 719764 80.3135 204 248 176 0.130018 0.220129 0.966767 2007 1 3 1 1 221085 23205 2 
2.09033e+06 719734 82.6038 218 248 169 0.119932 0.501402 0.856862 2007 1 -4 1 1 221085 16830 1 
2.09034e+06 719714 80.1363 204 248 176 0.1331 0.00329999 0.991097 2007 1 -6 1 1 221085 21165 2 
2.0903e+06 719719 81.1448 204 248 176 -0.136622 -0.401415 0.905649 2007 1 0 1 1 221085 26010 2 
2.09031e+06 719730 84.5188 222 247 167 -0.0576051 -0.0576051 0.996676 2007 1 -4 1 1 221085 21930 1 
2.09028e+06 719742 84.5961 222 247 167 0.0247716 0.0829309 0.996247 2007 1 3 1 1 221085 18870 1 
2.09024e+06 719737 79.9647 203 248 176 -0.0526378 -0.101916 0.993399 2007 1 17 1 1 221085 16065 2 
2.09025e+06 719762 82.2835 218 248 169 0.251597 0.504738 0.825795 2007 1 4 1 1 221085 14535 1 
2.09032e+06 719736 83.3414 219 248 169 0.228467 0.390604 0.891757 2007 1 0 1 1 221085 18615 1 
2.09026e+06 719735 81.7939 216 248 170 -0.178105 -0.610428 0.771788 2006 1 23 1 1 220945 5355 1 
2.09025e+06 719739 80.6235 204 248 175 -0.186332 -0.39433 0.89988 2007 1 12 1 1 221085 11730 2 
2.09033e+06 719727 84.5151 221 248 168 0.051212 0.121771 0.991236 2007 1 -2 1 1 221085 20145 1 
2.09023e+06 719745 80.5646 204 248 176 -0.364251 -0.146538 0.9197 2007 1 16 1 1 221085 10200 2 
2.09027e+06 719753 82.8096 218 248 169 0.163453 0.432499 0.886695 2007 1 10 1 1 221085 13005 1 
2.09025e+06 719762 80.9744 204 248 176 0.152553 0.525791 0.836822 2007 1 5 1 1 221084 23205 2 
2.09027e+06 719737 83.9951 220 248 168 -0.0787369 -0.182912 0.979971 2007 1 -1 1 1 221085 18360 1 
2.09025e+06 719755 84.0246 221 248 168 0.0528401 0.163217 0.985174 2007 1 3 1 1 221085 17340 1 
2.09024e+06 719764 82.2399 219 248 169 0.00387489 0.401697 0.915765 2006 1 24 1 1 220946 12750 1 
2.09028e+06 719739 84.6147 222 247 167 -0.00493571 0.00493571 0.999976 2007 1 -4 1 1 221085 17850 1 
2.09029e+06 719744 83.7818 220 248 168 0.0773562 0.259968 0.962514 2007 1 -3 1 1 221084 19380 1 
2.09032e+06 719732 84.1216 221 248 168 0.0596954 0.150994 0.986731 2007 1 -11 1 1 221085 14280 1 
2.09027e+06 719731 81.1736 217 248 170 -0.126141 -0.435117 0.891494 2007 1 10 2 1 221085 4590 1 
2.09034e+06 719722 81.5521 222 247 167 0.433019 0.00654108 0.901361 2007 1 -15 1 1 221085 17085 1 
2.09024e+06 719758 82.3964 203 248 176 -0.482388 0.30326 0.821788 2006 1 18 1 1 220945 7650 2 
2.09028e+06 719756 80.1272 204 248 176 0.183711 0.0839476 0.979389 2007 1 7 1 1 221085 23715 2 
2.09032e+06 719723 84.5403 221 247 167 -0.0569 -0.0926019 0.994076 2007 1 -6 1 1 221085 21930 1 
2.09023e+06 719762 81.1548 203 248 176 -0.184121 0.186733 0.965003 2006 1 18 1 1 220945 6885 2 
2.09033e+06 719704 79.8419 203 248 176 0.00916809 -0.0356537 0.999322 2007 1 -5 1 1 221085 23715 2 
2.09033e+06 719722 84.5385 221 247 167 -0.0322441 -0.114522 0.992897 2007 1 -9 1 1 221085 17595 1 
2.09032e+06 719728 84.6935 222 247 167 0.0275084 0.0173201 0.999471 2007 1 0 1 1 221085 20145 1 
2.09032e+06 719739 81.8149 204 248 176 0.0122861 0.555603 0.831357 2007 1 -4 2 2 221085 0 2 
2.09032e+06 719734 82.9072 219 248 169 0.0341595 0.495997 0.867652 2007 1 -12 1 1 221085 16065 1 
2.09023e+06 719749 82.0754 219 248 169 -0.325029 -0.241244 0.914416 2007 1 16 1 1 221085 14280 1 
2.09026e+06 719730 79.9184 203 248 176 -0.0386134 -0.0323518 0.99873 2007 1 10 1 1 221085 18615 2 
2.09031e+06 719717 80.851 204 248 176 -0.150494 -0.486549 0.860593 2007 1 0 1 1 221085 21420 2 
2.09025e+06 719742 83.6922 220 248 168 -0.0718774 -0.253463 0.964671 2007 1 13 1 1 221085 16830 1 
2.09024e+06 719764 82.0379 204 248 176 0.154194 0.430879 0.889139 2007 1 8 2 2 221084 0 2 
2.0903e+06 719739 84.2289 221 248 168 0.061785 0.145719 0.987395 2007 1 -5 1 1 221085 16830 1 
2.09025e+06 719761 81.8195 218 248 169 0.234367 0.566517 0.790019 2007 1 13 2 1 221085 3570 1 
2.09023e+06 719742 79.9759 203 248 176 -0.093427 -0.0980406 0.990787 2007 1 16 1 1 221085 21165 2 
2.0903e+06 719717 80.1554 204 248 176 -0.0172991 -0.178757 0.983741 2007 1 2 1 1 221085 26265 2 
2.0903e+06 719734 84.6089 222 247 167 0.0189397 -0.00299048 0.999816 2007 1 3 1 1 221085 18360 1 
2.09026e+06 719742 84.1552 221 248 168 -0.0372938 -0.127703 0.991111 2007 1 2 1 1 221085 16320 1 
2.09026e+06 719738 83.6096 220 248 169 -0.0769416 -0.251006 0.964923 2007 1 12 1 1 221085 15810 1 
2.09026e+06 719733 80.0675 204 248 176 -0.0976949 -0.155588 0.982979 2007 1 10 1 1 221085 20145 2 
2.09029e+06 719739 84.3195 221 248 168 0.068 0.123322 0.990034 2007 1 4 1 1 221085 17595 1 
2.09032e+06 719741 80.543 204 248 175 0.0313781 0.302484 0.952638 2007 1 -5 1 1 221084 31620 2 
2.09023e+06 719748 82.5861 219 248 169 -0.23852 -0.325255 0.91505 2007 1 16 1 1 221085 15045 1 
2.09029e+06 719748 81.5688 204 248 175 0.0449605 0.470042 0.881498 2007 1 -3 1 1 221084 3570 2 
2.09026e+06 719758 83.0346 219 248 169 0.151772 0.449533 0.880276 2007 1 3 1 1 221085 18105 1 
2.09034e+06 719732 80.298 204 248 175 0.147421 0.0331411 0.988518 2007 1 -14 1 1 221085 21930 2 
2.09025e+06 719743 83.4991 219 248 169 -0.115589 -0.255855 0.95978 2007 1 13 1 1 221085 13770 1 
2.09027e+06 719745 84.5187 221 247 167 -0.0405255 0.0843368 0.995613 2007 1 10 1 1 221085 18870 1 
2.09028e+06 719724 79.966 204 248 176 -0.0136155 -0.0596989 0.998124 2007 1 6 1 1 221085 12240 2 
2.09027e+06 719740 84.1189 221 248 168 -0.0711831 -0.134198 0.988395 2007 1 9 1 1 221085 17595 1 
2.0903e+06 719727 83.7794 220 248 169 -0.102361 -0.223678 0.969273 2007 1 -7 1 1 221085 17595 1 
2.0903e+06 719717 80.6472 204 248 176 -0.0576497 -0.30106 0.951861 2007 1 1 1 1 221085 28560 2 
2.09024e+06 719754 84.5107 222 247 167 -0.0450949 0.0846903 0.995386 2007 1 15 1 1 221085 13770 1 
2.09023e+06 719761 80.3515 203 248 176 -0.212342 0.242481 0.946633 2006 1 17 1 1 220945 16320 2 
2.09027e+06 719745 84.4833 221 248 168 0.00537821 0.100035 0.994969 2007 1 9 1 1 221085 11475 1 
2.09025e+06 719744 83.7211 220 248 169 -0.0773966 -0.155984 0.984723 2007 1 15 1 1 221085 13260 1 
2.09024e+06 719767 80.9354 218 248 169 -0.189786 0.485673 0.85329 2007 1 8 2 1 221084 8925 1 
2.0903e+06 719718 80.2917 204 248 176 -0.0534335 -0.254741 0.965532 2007 1 1 1 1 221085 28305 2 
2.09034e+06 719732 80.6118 204 248 176 0.171947 0.139315 0.975205 2007 1 -13 1 1 221085 9690 2 
2.09032e+06 719727 84.6643 222 247 167 -0.00100069 -0.0250172 0.999686 2007 1 -9 1 1 221084 15555 1 
2.0903e+06 719725 83.551 219 248 169 -0.152206 -0.185461 0.970792 2007 1 5 1 1 221085 17850 1 
2.0903e+06 719714 79.9941 204 248 176 -0.0476695 -0.0942305 0.994408 2007 1 0 1 1 221085 24735 2 
2.09031e+06 719720 82.7943 218 248 169 -0.208832 -0.386996 0.898122 2007 1 1 1 1 221085 17085 1 
2.09024e+06 719765 81.7862 218 248 169 0.0777445 0.407818 0.909747 2007 1 6 2 1 221085 4335 1 
2.09024e+06 719747 83.5898 219 248 169 -0.0621152 -0.210705 0.975574 2007 1 14 1 1 221085 14025 1 
2.09024e+06 719739 80.0633 203 248 176 0.0144604 -0.132368 0.991095 2007 1 18 1 1 221085 18870 2 
2.09026e+06 719759 81.235 204 248 176 0.171658 0.462156 0.870026 2007 1 3 1 1 221085 23460 2 
2.09032e+06 719739 81.4481 204 248 175 -0.0482204 0.491848 0.869345 2007 1 -5 2 2 221084 0 2 
2.09026e+06 719745 84.5575 222 247 167 -0.140257 -0.128061 0.981799 2007 1 0 1 1 221085 9435 1 
2.09025e+06 719737 81.4184 213 248 171 -0.0884588 -0.385136 0.918611 2007 1 16 1 1 221085 8415 1 
2.09033e+06 719722 84.6253 222 247 167 0.244196 0.117576 0.962572 2007 1 -4 1 1 221085 19890 1 
2.0903e+06 719719 80.5291 204 248 176 -0.0712137 -0.306866 0.949085 2007 1 1 1 1 221085 25755 2 
2.09032e+06 719723 84.3579 221 248 168 -0.0446944 -0.140959 0.989006 2007 1 -1 1 1 221085 20145 1 
2.09025e+06 719738 81.3485 203 248 176 -0.090758 -0.375223 0.922481 2007 1 11 1 1 221085 6120 2 
2.0903e+06 719742 83.3031 219 248 169 0.0400919 0.345308 0.937633 2007 1 -1 1 1 221085 17085 1 
2.09025e+06 719752 84.5646 222 247 167 -0.0301432 0.0363797 0.998883 2007 1 3 1 1 221085 17085 1 
2.09023e+06 719760 82.1103 203 248 176 0.0463546 0.388054 0.92047 2006 1 17 1 1 220945 9690 2 
2.09033e+06 719729 82.0655 205 248 175 0.34612 -0.0782417 0.934922 2008 1 -36 1 1 221178 6120 2 
2.09024e+06 719758 84.0455 221 248 168 0.0123724 0.149594 0.98867 2007 1 5 1 1 221085 13770 1 
2.09026e+06 719731 79.9619 204 248 176 -0.0406064 -0.0867002 0.995407 2007 1 9 1 1 221085 20400 2 
2.0903e+06 719746 82.1919 204 248 176 0.161654 0.455835 0.875261 2007 1 -5 1 1 221085 6885 2 
2.09031e+06 719715 80.1283 204 248 176 -0.0375519 -0.228945 0.972715 2007 1 5 1 1 221085 29835 2 
2.09032e+06 719728 84.6332 222 247 167 0.0160548 0.0824147 0.996469 2007 1 -10 1 1 221085 21165 1 
2.09034e+06 719712 80.0403 204 248 176 0.0633477 -0.00311546 0.997987 2007 1 -16 1 1 221085 16830 2 
2.09028e+06 719752 80.8918 204 248 176 -0.0449152 0.461401 0.886054 2007 1 -3 1 1 221085 6120 2 
2.09032e+06 719740 80.9743 204 248 175 -0.00126917 0.366791 0.930303 2007 1 -5 1 1 221084 25500 2 
2.09027e+06 719759 80.0371 204 248 176 0.0194351 0.029664 0.999371 2007 1 1 1 1 221085 20400 2 
2.0903e+06 719725 83.7715 220 248 168 -0.0475638 -0.151972 0.98724 2007 1 -9 1 1 221085 16830 1 
2.09029e+06 719746 83.5865 219 248 169 0.14506 0.198977 0.969209 2007 1 6 1 1 221085 16830 1 
2.09023e+06 719743 80.4971 204 248 176 -0.0559902 -0.339848 0.938812 2007 1 15 1 1 221085 15300 2 
2.09031e+06 719721 83.367 219 248 169 -0.118396 -0.217696 0.968809 2007 1 1 1 1 221085 17340 1 
2.09032e+06 719735 83.8149 219 248 169 0.0791136 0.237341 0.9682 2007 1 1 1 1 221085 16065 1 
2.09028e+06 719746 84.0258 221 248 168 0.119108 0.191826 0.974175 2007 1 4 1 1 221085 17340 1 
2.09026e+06 719745 84.3706 221 248 168 -0.0323702 -0.119435 0.992314 2007 1 12 1 1 221085 16065 1 
2.09026e+06 719754 83.7225 220 248 168 0.125879 0.207255 0.970155 2007 1 1 1 1 221085 15300 1 
2.09033e+06 719740 80.1516 204 248 175 0.0404793 0.158447 0.986537 2007 1 -7 1 1 221084 26775 2 
2.09031e+06 719716 81.1469 204 248 176 -0.158673 -0.51754 0.840818 2007 1 -3 1 1 221085 18870 2 
2.09028e+06 719730 82.4216 218 248 169 -0.0310883 -0.469027 0.882636 2007 1 6 1 1 221085 11475 1 
2.09032e+06 719720 83.7288 220 248 168 -0.0819577 -0.24083 0.967101 2007 1 -2 1 1 221085 18360 1 
2.09034e+06 719731 81.2018 205 248 175 0.0964404 0.0714794 0.992769 2008 1 -36 1 1 221178 6375 2 
2.09034e+06 719725 80.6825 204 248 175 0.312246 -0.158186 0.936739 2007 1 -10 1 1 221085 4590 2 
2.09027e+06 719754 82.5147 219 248 169 0.083453 0.510619 0.855747 2007 1 3 1 1 221084 15300 1 
2.09034e+06 719709 80.3146 204 248 176 0.138753 -0.166254 0.976272 2007 1 -14 1 1 221085 18105 2 
2.09034e+06 719720 80.0322 204 248 175 0.0539747 -0.0328082 0.998003 2007 1 -8 1 1 221085 21675 2 
2.09027e+06 719758 80.1001 204 248 176 0.0583043 0.0737055 0.995574 2007 1 -1 1 1 221085 22440 2 
2.09028e+06 719728 81.059 204 248 176 -0.0875416 -0.440487 0.893481 2007 1 8 1 1 221085 12240 2 
2.09033e+06 719725 84.3061 222 247 167 0.346172 0.136538 0.928182 2007 1 -10 1 1 221085 16065 1 
2.09031e+06 719718 81.5675 213 248 171 -0.218149 -0.511049 0.831408 2006 1 27 1 1 220944 5355 1 
2.09028e+06 719743 84.4637 221 247 167 0.0310134 0.159661 0.986685 2007 1 -3 1 1 221085 20145 1 
2.09033e+06 719705 79.8682 203 248 176 0.00922223 -0.0420124 0.999075 2007 1 -6 1 1 221085 20400 2 
2.09028e+06 719729 82.8089 218 248 169 -0.16272 -0.374963 0.912647 2007 1 6 1 1 221085 17595 1 
2.09026e+06 719739 83.2198 219 248 169 -0.152484 -0.250603 0.956006 2007 1 12 1 1 221085 16320 1 
2.09026e+06 719756 82.8449 218 248 169 0.20307 0.395913 0.895553 2007 1 3 1 1 221085 17085 1 
2.09023e+06 719750 82.2492 218 248 169 -0.394787 -0.0195439 0.918565 2006 1 18 1 1 220945 8925 1 
2.09032e+06 719708 79.9723 204 248 176 -0.0136138 -0.0617857 0.997997 2007 1 -3 1 1 221085 14280 2 
2.09034e+06 719729 81.5119 220 248 169 0.158693 -0.0981229 0.98244 2007 1 -4 1 1 221085 16575 1 
2.09032e+06 719720 83.853 220 248 168 -0.0644853 -0.20319 0.977014 2007 1 -8 1 1 221085 18615 1 
2.09025e+06 719751 84.5158 221 247 167 0.0496922 0.0872373 0.994947 2007 1 12 1 1 221085 14535 1 
2.09026e+06 719755 83.6293 220 248 169 0.117321 0.200581 0.972627 2007 1 1 1 1 221085 17595 1 
2.09025e+06 719750 84.5372 222 247 167 -0.0428055 -0.0845134 0.995502 2007 1 3 1 1 221085 18360 1 
2.09032e+06 719735 83.2735 219 248 169 0.1287 0.369495 0.920277 2007 1 -11 1 1 221085 17850 1 
2.09031e+06 719728 84.4892 221 247 167 -0.0645077 -0.1513 0.986381 2007 1 -9 1 1 221085 17085 1 
2.09031e+06 719719 81.9999 204 248 175 -0.141753 -0.589395 0.795311 2006 1 26 1 1 220944 6375 2 
2.09024e+06 719752 84.4398 221 247 167 -0.0114521 -0.0551781 0.998411 2007 1 15 1 1 221085 14535 1 
2.09034e+06 719716 81.515 205 248 175 0.660102 0.0587075 0.748879 2008 1 -37 1 1 221178 5865 2 
2.09028e+06 719745 84.0718 221 248 168 0.03612 0.171279 0.98456 2007 1 8 1 1 221085 15555 1 
2.09034e+06 719731 80.3043 204 248 175 0.170873 -0.0194956 0.9851 2007 1 -10 1 1 221084 27285 2 
2.09024e+06 719762 83.157 219 248 169 0.179321 0.34311 0.922019 2007 1 8 1 1 221084 17595 1 
2.09028e+06 719733 83.1826 219 248 169 -0.151578 -0.349047 0.924765 2007 1 3 1 1 221085 15300 1 
2.09025e+06 719748 84.471 221 247 167 -0.0250159 -0.0946254 0.995199 2007 1 3 1 1 221085 16065 1 
2.09031e+06 719719 82.3041 218 248 169 -0.198034 -0.521539 0.829927 2007 1 4 1 1 221085 21165 1 
2.0903e+06 719722 82.6032 218 248 169 -0.252163 -0.427317 0.868225 2007 1 4 1 1 221085 9690 1 
2.09023e+06 719751 80.9264 220 248 169 -0.343744 0.0479944 0.937836 2007 1 20 2 1 221085 7140 1 
2.0903e+06 719744 81.1812 204 248 175 0.247439 0.374863 0.893449 2007 1 -8 1 1 221085 26265 2 
2.09024e+06 719763 83.0044 219 248 169 -0.193856 0.369045 0.90897 2007 1 5 1 1 221085 14790 1 
2.09025e+06 719755 84.0002 220 248 168 0.0484656 0.180859 0.982314 2007 1 8 1 1 221085 15045 1 
2.09028e+06 719732 83.4069 220 248 169 -0.104468 -0.30018 0.948145 2007 1 6 1 1 221085 20400 1 
2.09033e+06 719734 81.9446 204 248 175 0.233557 0.493064 0.838057 2007 1 -8 2 2 221084 0 2 
2.09032e+06 719720 83.8123 220 248 169 -0.0375982 -0.234079 0.97149 2007 1 -1 1 1 221085 19125 1 
2.09034e+06 719728 80.025 204 248 176 0.021058 -0.00701933 0.999754 2007 1 -14 1 1 221085 20145 2 
2.09028e+06 719753 80.8224 204 248 176 0.087007 0.526321 0.845823 2007 1 8 1 1 221085 6120 2 
2.09024e+06 719744 82.5891 218 248 169 -0.152316 -0.527929 0.835518 2007 1 12 1 1 221085 14790 1 
2.0903e+06 719734 84.6338 222 247 167 0.0172516 -0.0233404 0.999579 2007 1 4 1 1 221085 19380 1 
2.09032e+06 719713 80.3646 204 248 176 -0.113769 -0.270691 0.95592 2007 1 -1 1 1 221085 23970 2 
2.09027e+06 719748 84.0431 220 248 168 0.0287074 0.16191 0.986388 2007 1 10 1 1 221085 16575 1 
2.09026e+06 719752 84.2359 221 248 168 0.0514148 0.126823 0.990592 2007 1 3 1 1 221085 18870 1 
2.09032e+06 719715 82.9755 218 248 169 -0.229189 -0.435909 0.870319 2006 1 32 1 1 220945 7905 1 
2.09029e+06 719730 84.1222 221 248 168 -0.0770634 -0.152941 0.985226 2007 1 3 1 1 221085 20400 1 
2.09026e+06 719732 79.9562 203 248 176 -0.0267698 -0.0738847 0.996907 2007 1 13 1 1 221085 19380 2 
2.0903e+06 719739 84.1742 221 248 168 0.0553945 0.168541 0.984137 2007 1 4 1 1 221085 15300 1 
2.09034e+06 719720 81.2294 205 248 175 0.522193 -0.260317 0.812127 2008 1 -38 1 1 221178 6630 2 
2.0903e+06 719717 80.0344 204 248 176 -0.0388583 -0.105473 0.993663 2007 1 2 1 1 221085 21420 2 
2.09033e+06 719711 82.229 218 248 169 -0.152241 -0.637602 0.755174 2007 1 -10 2 1 221085 3570 1 
2.0903e+06 719729 84.1678 221 248 168 -0.0517195 -0.134471 0.989567 2007 1 -5 1 1 221085 18615 1 
2.09031e+06 719733 84.3565 221 248 168 0.0546682 0.14772 0.987517 2007 1 1 1 1 221085 18360 1 
2.09033e+06 719723 84.3179 222 247 167 0.479036 0.216095 0.85078 2007 1 -4 1 1 221085 17340 1 
2.0903e+06 719718 80.2483 204 248 176 -0.0860532 -0.220745 0.971528 2007 1 2 1 1 221085 21165 2 
2.09027e+06 719730 80.5708 204 248 176 -0.097812 -0.285611 0.953341 2007 1 7 1 1 221085 11220 2 
2.09031e+06 719721 83.4525 219 248 169 -0.0727713 -0.218314 0.973162 2007 1 2 1 1 221085 20400 1 
2.09025e+06 719760 82.3196 217 248 170 0.101791 0.511823 0.853039 2007 1 12 1 1 221085 13515 1 
2.0903e+06 719728 84.0686 221 248 168 -0.0451291 -0.153902 0.987055 2007 1 2 1 1 221085 20145 1 
2.09034e+06 719732 80.9417 204 248 175 0.210949 0.286388 0.934603 2007 1 -10 1 1 221084 3570 2 
2.09026e+06 719745 84.5832 222 247 167 -0.00301985 0.0291919 0.999569 2007 1 6 1 1 221085 14535 1 
2.09025e+06 719739 81.9041 218 248 169 -0.156684 -0.47591 0.865424 2007 1 12 1 1 221085 3825 1 
2.09023e+06 719762 81.5344 204 248 176 -0.313249 0.00619068 0.949651 2006 1 18 1 1 220945 11475 2 
2.09031e+06 719720 83.338 219 248 169 -0.120165 -0.281265 0.952077 2007 1 -10 1 1 221085 20400 1 
2.09031e+06 719728 84.6983 222 247 167 -0.0397235 -0.00509275 0.999198 2007 1 0 1 1 221085 21675 1 
2.09033e+06 719719 81.6068 206 248 174 0.66931 -0.209645 0.712792 2008 1 -37 1 1 221178 5865 1 
2.09034e+06 719717 80.389 204 248 176 0.291867 0.0363267 0.955769 2007 1 -4 1 1 221085 14025 2 
2.09033e+06 719728 84.2867 221 248 168 0.065772 0.178182 0.981797 2007 1 -12 1 1 221085 16065 1 
2.09028e+06 719732 83.3619 220 248 169 -0.113349 -0.305375 0.945462 2007 1 10 1 1 221085 15810 1 
2.09033e+06 719737 81.1647 204 248 175 0.0884941 0.470564 0.877917 2007 1 -10 1 1 221084 25245 2 
2.09031e+06 719726 84.5571 222 247 167 -0.0148148 -0.167522 0.985757 2007 1 -1 1 1 221085 22695 1 
2.09023e+06 719759 82.756 204 248 176 -0.166118 0.662947 0.730004 2006 1 22 1 1 220946 7140 1 
2.09029e+06 719729 83.0697 218 248 169 -0.105612 -0.45202 0.885734 2007 1 6 1 1 221085 15810 1 
2.09026e+06 719750 84.5197 222 247 167 0.0176678 0.0467677 0.99875 2007 1 13 1 1 221085 13770 1 
2.09033e+06 719726 82.2846 205 248 175 0.453006 -0.0789644 0.888003 2008 1 -36 1 1 221178 7650 2 
2.09031e+06 719736 83.4078 220 248 169 0.0250058 0.409306 0.912055 2007 1 -9 1 1 221085 20655 1 
2.09026e+06 719764 80.081 204 248 176 0.0363446 0.0980203 0.994521 2007 1 3 1 1 221085 22950 2 
2.09027e+06 719734 82.2656 218 248 169 -0.215512 -0.52426 0.823837 2007 1 9 1 1 221085 7140 1 
2.09028e+06 719730 82.2585 204 248 175 -0.0614267 -0.443637 0.894099 2006 1 26 1 1 220945 6375 2 
2.09032e+06 719716 82.0441 218 248 169 -0.192728 -0.47958 0.856072 2007 1 -2 1 1 221085 9180 1 
2.09027e+06 719757 80.3592 204 248 176 0.0391448 0.299268 0.953366 2007 1 -1 1 1 221085 24225 2 
2.09028e+06 719731 82.815 218 248 169 -0.0832016 -0.326203 0.941631 2007 1 6 1 1 221085 18105 1 
2.09032e+06 719726 84.6805 222 247 167 -0.0115859 -0.0705686 0.99744 2007 1 -10 1 1 221085 15555 1 
2.09024e+06 719766 81.1753 218 248 169 0.373394 0.613551 0.695796 2007 1 7 1 1 221085 8415 1 
2.09027e+06 719747 84.4576 221 247 167 0.095582 0.123903 0.98768 2007 1 -1 1 1 221085 17340 1 
2.09024e+06 719759 83.8075 220 248 169 0.1044 0.175638 0.978903 2007 1 15 1 1 221085 14025 1 
2.09032e+06 719739 81.7514 204 248 175 0.00398321 0.479313 0.877635 2007 1 -9 1 1 221084 23970 2 
2.09032e+06 719715 82.8211 218 248 169 -0.258814 -0.425303 0.867256 2007 1 -2 1 1 221085 16065 1 
2.09026e+06 719732 80.1583 204 248 176 -0.123309 -0.209753 0.969948 2007 1 10 1 1 221085 21675 2 
2.0903e+06 719730 84.3708 221 248 168 -0.0491064 -0.131331 0.990122 2007 1 -6 1 1 221085 19125 1 
2.09023e+06 719744 80.6979 203 248 176 -0.225343 -0.328686 0.917162 2007 1 16 1 1 221085 10710 2 
2.09033e+06 719733 83.2365 219 248 169 0.174947 0.298926 0.938103 2007 1 -11 1 1 221085 16575 1 
2.09033e+06 719718 83.5798 221 248 168 0.483786 -0.0120611 0.875103 2007 1 -5 1 1 221085 19890 1 
2.09025e+06 719739 82.2503 205 248 175 -0.164706 -0.453307 0.876005 2006 1 21 1 1 220945 12240 2 
2.09023e+06 719758 82.0579 221 247 167 -0.554361 0.00953446 0.832222 2007 1 18 1 1 221085 13515 1 
2.09027e+06 719747 84.117 221 248 168 0.0470882 0.141264 0.988851 2007 1 6 1 1 221085 15045 1 
2.09029e+06 719738 84.6118 222 247 167 0.0527552 0.102143 0.99337 2007 1 -6 1 1 221085 19890 1 
2.09025e+06 719760 82.1503 218 248 169 0.12968 0.511436 0.84948 2007 1 3 1 1 221085 12750 1 
2.09033e+06 719729 83.3754 221 248 168 0.427644 0.192513 0.88321 2007 1 -10 1 1 221084 17595 1 
2.09026e+06 719739 83.528 219 248 169 -0.0638777 -0.251753 0.965681 2007 1 10 1 1 221085 17850 1 
2.09027e+06 719731 81.0253 203 248 176 -0.17624 -0.426762 0.887025 2007 1 9 1 1 221085 11475 2 
2.09033e+06 719720 83.1824 222 247 167 0.510647 -0.107883 0.852996 2007 1 -11 1 1 221085 17595 1 
2.09034e+06 719730 80.7981 205 248 175 0.252453 -0.0304896 0.967129 2008 1 -35 1 1 221178 5355 2 
2.0903e+06 719739 83.9427 220 248 168 0.0583488 0.177428 0.982403 2007 1 2 1 1 221085 20400 1 
2.09029e+06 719751 80.9049 204 248 175 0.108969 0.237168 0.965338 2007 1 0 1 1 221084 8670 2 
2.09031e+06 719736 83.8616 220 248 169 0.146767 0.187607 0.971217 2007 1 1 1 1 221085 18105 1 
2.09032e+06 719710 80.4445 204 248 176 -0.0662763 -0.320985 0.944762 2007 1 -3 1 1 221085 15555 2 
2.09033e+06 719735 81.8825 204 248 175 0.165269 0.519629 0.838255 2007 1 -6 2 2 221085 0 2 
2.09032e+06 719726 84.6266 222 247 167 -0.00971995 -0.1026 0.994675 2007 1 0 1 1 221085 18105 1 
2.09031e+06 719730 84.6609 222 247 167 -0.0110094 0.0130111 0.999855 2007 1 -8 1 1 221085 17850 1 
2.09026e+06 719746 84.5062 222 247 167 -0.0359437 0.0154044 0.999235 2007 1 13 1 1 221085 17850 1 
2.09023e+06 719752 81.1927 203 248 176 -0.458081 -0.0938575 0.883942 2006 1 17 1 1 220945 6885 2 
2.09027e+06 719742 84.3157 221 248 168 -0.0331298 -0.149655 0.988183 2007 1 10 1 1 221085 15045 1 
2.0903e+06 719724 83.5884 219 248 169 -0.044611 -0.215821 0.975413 2007 1 1 1 1 221085 20400 1 
2.09031e+06 719741 80.8798 204 248 176 0.173428 0.432842 0.88463 2007 1 -6 1 1 221085 26775 2 
2.0903e+06 719727 84.1974 221 248 168 -0.0531782 -0.112014 0.992283 2007 1 -9 1 1 221085 20145 1 
2.09022e+06 719745 79.9396 203 248 176 -0.0558594 -0.0263488 0.998091 2007 1 21 1 1 221085 19125 2 
2.09024e+06 719755 84.3952 222 247 167 -0.133583 0.199738 0.970701 2007 1 12 1 1 221085 14535 1 
2.09032e+06 719713 81.2262 203 248 176 -0.392854 -0.392854 0.831463 2006 1 28 1 1 220944 6375 2 
2.09023e+06 719748 82.9295 219 248 169 -0.267633 -0.350437 0.897533 2007 1 15 1 1 221085 15555 1 
2.09031e+06 719730 84.639 222 247 167 -0.0150724 -0.0130627 0.999801 2007 1 -6 1 1 221085 19635 1 
2.09028e+06 719752 81.4397 204 248 175 0.178436 0.608512 0.773223 2007 1 -1 1 1 221084 3570 1 
2.0903e+06 719724 82.8196 219 248 169 -0.291879 -0.348757 0.890604 2007 1 3 1 1 221085 19380 1 
2.09025e+06 719760 83.4489 219 248 169 0.153215 0.288803 0.945049 2007 1 6 1 1 221085 15555 1 
2.09031e+06 719719 81.354 204 248 176 -0.356065 -0.507514 0.784632 2007 1 -2 2 2 221085 0 2 
2.09029e+06 719744 83.4159 220 248 168 0.0702554 0.282299 0.956751 2007 1 -3 1 1 221084 18870 1 
2.09034e+06 719730 80.3969 204 248 175 0.210166 -0.0296845 0.977215 2007 1 -13 1 1 221085 20910 2 
2.09032e+06 719709 80.0975 204 248 176 -0.092878 -0.158013 0.983059 2007 1 -4 1 1 221085 16830 2 
2.09029e+06 719744 84.0457 220 248 168 0.0714435 0.141716 0.987326 2007 1 -1 1 1 221085 18105 1 
2.09026e+06 719762 80.2487 204 248 176 0.0490026 0.280194 0.958692 2007 1 2 1 1 221085 24735 2 
2.09024e+06 719748 83.5141 220 248 169 -0.240571 -0.224075 0.944413 2007 1 16 1 1 221085 15300 1 
2.09029e+06 719751 81.5751 218 248 169 0.0497883 0.421182 0.905609 2007 1 1 1 1 221084 6120 1 
2.0903e+06 719721 82.2731 218 248 169 -0.160303 -0.483851 0.860343 2007 1 -2 2 1 221085 3315 1 
2.09032e+06 719727 84.7046 222 247 167 -0.0232481 0.0111187 0.999668 2007 1 -2 1 1 221085 19635 1 
2.09031e+06 719740 82.558 218 248 169 0.0760701 0.584161 0.808065 2007 1 1 1 1 221085 13260 1 
2.09024e+06 719753 84.3032 221 247 167 -0.131506 -0.00994581 0.991266 2007 1 17 1 1 221085 12240 1 
2.09032e+06 719719 84.0091 221 248 168 -0.0640233 -0.138523 0.988288 2007 1 -10 1 1 221085 19125 1 
2.09024e+06 719769 80.0368 203 248 176 0.116596 0.100108 0.988121 2007 1 15 1 1 221085 11985 2 
2.09024e+06 719747 83.4299 219 248 169 -0.16937 -0.238718 0.956205 2007 1 11 1 1 221085 15555 1 
2.09033e+06 719725 81.5749 205 248 175 0.240875 -0.042795 0.969612 2008 1 -37 1 1 221178 6120 2 
2.09034e+06 719726 81.9526 220 248 168 -0.16276 0.00112249 0.986665 2007 1 -4 1 1 221085 16830 1 
2.09029e+06 719743 83.4281 219 248 169 0.100994 0.29249 0.95092 2007 1 3 1 1 221085 14535 1 
2.09025e+06 719754 84.3912 221 247 167 0.0236462 0.140751 0.989763 2007 1 4 1 1 221085 16320 1 
2.09032e+06 719707 80.0586 206 248 174 -0.0216542 -0.034028 0.999186 2007 1 -4 1 1 221085 3825 1 
2.09033e+06 719711 82.574 218 248 169 0.0209454 -0.654893 0.755431 2007 1 -4 1 1 221085 10200 1 
2.0903e+06 719728 83.9197 220 248 168 -0.0531461 -0.171249 0.983793 2007 1 3 1 1 221085 19380 1 
2.09033e+06 719719 84.092 221 248 168 0.195617 -0.0222558 0.980428 2007 1 -4 1 1 221085 17850 1 
2.09025e+06 719764 80.1549 204 248 176 0.0361055 0.173539 0.984165 2007 1 5 1 1 221084 21420 2 
2.09028e+06 719736 84.1672 221 248 168 -0.0346861 -0.117485 0.992469 2007 1 7 1 1 221085 19890 1 
2.09031e+06 719743 80.7035 204 248 175 0.245289 0.256502 0.934901 2007 1 -4 1 1 221084 24225 2 
2.09025e+06 719738 82.4803 205 248 175 -0.201643 -0.384427 0.900864 2006 1 20 1 1 220945 5355 2 
2.09033e+06 719706 79.9422 203 248 176 -0.00754554 -0.100248 0.994934 2007 1 -5 1 1 221085 14025 2 
2.09034e+06 719726 80.2892 204 248 175 0.216283 -0.110039 0.97011 2007 1 -11 1 1 221084 22440 2 
2.09031e+06 719720 82.0791 216 248 170 -0.174131 -0.507511 0.843867 2007 1 -3 1 1 221085 11730 1 
2.0903e+06 719734 84.5764 222 247 167 -0.0374174 -0.0609368 0.99744 2007 1 4 1 1 221085 18360 1 
2.09026e+06 719738 82.155 218 248 169 -0.319323 -0.470333 0.82269 2007 1 11 1 1 221085 11985 1 
2.09034e+06 719729 80.3292 204 248 175 0.218987 0.0299162 0.975269 2007 1 -11 1 1 221084 13515 2 
2.09025e+06 719750 84.588 222 247 167 0.0132179 0.0294861 0.999478 2007 1 13 1 1 221085 17595 1 
2.09033e+06 719726 84.6219 222 247 167 0.0179492 0.0644058 0.997762 2007 1 -3 1 1 221085 15555 1 
2.09026e+06 719749 84.334 221 248 168 0.027732 0.116475 0.992806 2007 1 10 1 1 221085 16320 1 
2.09029e+06 719744 83.364 220 248 168 0.0723783 0.338204 0.938285 2007 1 -3 1 1 221084 18615 1 
2.09031e+06 719741 81.986 218 248 169 0.0913713 0.60189 0.793335 2007 1 -8 1 1 221085 14535 1 
2.09032e+06 719714 80.9243 204 248 175 -0.174581 -0.408318 0.89599 2007 1 -8 2 2 221085 0 2 
2.09024e+06 719766 80.9507 204 248 176 0.172733 0.308156 0.935523 2007 1 4 1 1 221085 27030 2 
2.09024e+06 719756 83.8842 222 247 167 -0.217239 0.343841 0.913554 2007 1 16 1 1 221085 14025 1 
2.09023e+06 719754 81.4259 221 248 168 -0.472113 -0.0173866 0.881367 2007 1 14 1 1 221085 15810 1 
2.09032e+06 719714 81.2815 218 248 169 -0.192917 -0.545331 0.815719 2007 1 1 1 1 221085 6375 1 
2.09031e+06 719724 84.1217 221 248 168 -0.0367864 -0.200545 0.978994 2007 1 -8 1 1 221085 14535 1 
2.0903e+06 719743 82.3033 218 248 169 0.29127 0.565032 0.771946 2007 1 -3 1 1 221084 23460 1 
2.09031e+06 719719 82.4208 218 248 169 -0.165013 -0.521798 0.836958 2007 1 -5 1 1 221085 8925 1 
2.09024e+06 719741 80.2587 204 248 176 -0.0808576 -0.222669 0.971535 2007 1 17 1 1 221085 16575 2 
2.09031e+06 719711 79.9161 204 248 176 -0.0174937 -0.0360164 0.999198 2007 1 -1 1 1 221085 23205 2 
2.09032e+06 719731 84.1646 221 248 168 0.0657999 0.175865 0.982213 2007 1 -10 1 1 221084 17085 1 
2.0903e+06 719730 84.1852 221 248 168 -0.0446944 -0.140959 0.989006 2007 1 3 1 1 221085 18870 1 
2.09025e+06 719734 80.1275 204 248 176 -0.0963312 -0.136767 0.985908 2007 1 11 1 1 221085 20145 2 
2.09023e+06 719743 79.9356 203 248 176 -0.102359 -0.0551164 0.993219 2007 1 18 1 1 221085 23205 2 
2.09032e+06 719736 81.9012 205 248 175 0.212283 0.536052 0.817059 2007 1 -8 2 2 221084 0 2 
2.09025e+06 719740 82.8685 219 248 169 -0.0957375 -0.35733 0.929058 2007 1 12 1 1 221085 14280 1 
2.09027e+06 719743 84.5861 222 247 167 0.00493566 0.00690992 0.999964 2007 1 7 1 1 221085 17340 1 
2.09027e+06 719758 80.7693 204 248 176 0.186268 0.388419 0.902461 2007 1 0 1 1 221085 24480 2 
2.09031e+06 719723 84.0326 221 248 168 -0.0607217 -0.177403 0.982263 2007 1 0 1 1 221085 17850 1 
2.09023e+06 719761 81.6556 221 248 168 -0.165118 0.409205 0.897378 2007 1 17 1 1 221085 13770 1 
2.0903e+06 719726 83.8467 220 248 168 -0.0427366 -0.151311 0.987562 2007 1 2 1 1 221085 17850 1 
2.09028e+06 719730 82.5167 218 248 169 0.067497 -0.353367 0.933047 2007 1 5 1 1 221085 9945 1 
2.09024e+06 719758 81.9371 203 248 176 -0.224618 0.0732182 0.971692 2006 1 17 1 1 220945 13515 2 
2.09034e+06 719727 81.4872 220 248 168 0.207689 0.345193 0.915263 2007 1 -13 1 1 221085 16830 1 
2.09026e+06 719759 81.8351 204 248 176 0.160054 0.560938 0.812238 2007 1 5 1 1 221084 22440 2 
2.09025e+06 719763 81.2359 204 248 176 0.102543 0.53871 0.836228 2007 1 14 2 2 221085 0 2 
2.09032e+06 719728 84.4664 221 247 167 0.0393298 0.11799 0.992236 2007 1 -1 1 1 221085 15810 1 
2.09024e+06 719756 84.4066 221 248 168 0.0158982 0.0710121 0.997349 2007 1 15 1 1 221085 13005 1 
2.09032e+06 719707 80.0212 203 248 176 -0.0534282 -0.0199046 0.998373 2006 1 33 1 1 220944 7395 2 
2.09034e+06 719723 80.2123 204 248 175 0.133338 -0.0637701 0.989017 2007 1 -15 1 1 221085 15555 2 
2.09031e+06 719738 83.065 220 248 169 0.246022 0.366823 0.89717 2007 1 -8 1 1 221085 18360 1 
2.09029e+06 719747 83.2812 218 248 169 0.0907141 0.369626 0.924742 2007 1 7 1 1 221085 14280 1 
2.09023e+06 719765 80.022 204 248 176 -0.111403 0.0723542 0.991138 2006 1 22 1 1 220946 15300 2 
2.09031e+06 719715 80.0684 204 248 176 0.0173633 -0.184051 0.982763 2007 1 2 1 1 221085 26775 2 
2.09031e+06 719726 84.3414 221 248 168 -0.0822106 -0.114632 0.99 2007 1 -8 1 1 221085 16065 1 
2.09029e+06 719744 83.8834 220 248 168 0.0869079 0.233014 0.968582 2007 1 -3 1 1 221085 18105 1 
2.09025e+06 719738 81.8547 215 248 170 0.0314362 -0.509813 0.859711 2006 1 23 1 1 220945 9180 1 
2.09028e+06 719734 83.7765 220 248 169 -0.0444474 -0.210224 0.976642 2007 1 -1 1 1 221085 17340 1 
2.09029e+06 719731 83.655 220 248 168 0.00830507 -0.236101 0.971693 2007 1 6 1 1 221085 17340 1 
2.09031e+06 719731 84.6196 222 247 167 0.0158359 0.0665107 0.99766 2007 1 -9 1 1 221085 16575 1 
2.09028e+06 719734 84.1259 221 248 168 -0.104238 -0.17046 0.979836 2007 1 7 1 1 221085 17085 1 
2.09024e+06 719740 80.4233 204 248 176 -0.0999926 -0.387643 0.91637 2007 1 13 1 1 221085 14025 2 
2.09028e+06 719731 83.6035 219 248 169 -0.100611 -0.235607 0.966626 2007 1 5 1 1 221085 18870 1 
2.09023e+06 719766 80.4254 204 248 176 -0.341242 0.160175 0.926228 2006 1 22 1 1 220946 11220 1 
2.09027e+06 719749 84.2161 221 248 168 0.0536026 0.122031 0.991078 2007 1 7 1 1 221085 14025 1 
2.09028e+06 719743 84.5907 222 247 167 0.00304352 0.0375368 0.999291 2007 1 8 1 1 221085 17850 1 
2.09029e+06 719728 83.6381 220 248 169 -0.071031 -0.29833 0.951816 2007 1 4 1 1 221085 18360 1 
2.09025e+06 719764 80.8365 203 248 176 0.186543 0.391886 0.900903 2007 1 14 1 1 221085 19380 2 
2.09031e+06 719738 83.6323 219 248 169 0.11321 0.182878 0.976596 2007 1 -5 1 1 221085 16320 1 
2.09029e+06 719742 83.9444 221 248 168 0.0461065 0.18088 0.982424 2007 1 -4 1 1 221085 18870 1 
2.09028e+06 719736 84.2908 221 248 168 -0.0705918 -0.173488 0.982303 2007 1 6 1 1 221085 15045 1 
2.0903e+06 719746 81.6387 204 248 176 0.172069 0.525184 0.833411 2007 1 4 1 1 221085 13515 2 
2.09024e+06 719758 82.0097 203 248 176 -0.1373 0.556581 0.81937 2006 1 19 1 1 220945 11475 2 
2.09023e+06 719764 80.681 203 248 176 -0.163538 0.303713 0.938623 2006 1 17 1 1 220945 9435 2 
2.09033e+06 719715 83.5328 219 248 169 0.0458208 -0.103935 0.993528 2007 1 -14 1 1 221085 15810 1 
2.09025e+06 719735 80.6172 204 248 176 -0.0973685 -0.27393 0.956808 2007 1 16 1 1 221085 25245 2 
2.09032e+06 719733 83.7545 220 248 168 0.0845128 0.238402 0.967482 2007 1 -7 1 1 221084 16065 1 
2.09031e+06 719739 83.1832 219 248 169 0.420544 0.237959 0.87551 2007 1 -6 1 1 221084 16065 1 
2.09034e+06 719726 81.7588 221 248 168 0.304522 0.371184 0.877205 2007 1 -12 1 1 221085 15810 1 
2.09033e+06 719712 82.3526 217 248 170 -0.293885 -0.631129 0.717849 2006 1 31 1 1 220944 9180 1 
2.09033e+06 719738 80.3835 204 248 175 0.115878 0.256494 0.959574 2007 1 -11 1 1 221085 23715 2 
2.09023e+06 719756 80.1741 203 248 176 -0.325014 0.367739 0.871283 2006 1 17 1 1 220945 19380 2 
2.0903e+06 719746 80.6783 204 248 176 0.170305 0.282025 0.944171 2007 1 -7 1 1 221085 22950 2 
2.09026e+06 719741 84.0829 221 248 168 -0.0500717 -0.157202 0.986296 2007 1 10 1 1 221085 17340 1 
2.09034e+06 719734 80.7829 204 248 175 0.0980292 0.238071 0.966288 2007 1 -12 1 1 221084 6630 2 
2.09031e+06 719745 80.1123 204 248 175 0.0399557 0.0701925 0.996733 2007 1 -6 1 1 221084 20400 2 
2.09025e+06 719745 84.1503 221 248 168 -0.0616638 -0.143107 0.987784 2007 1 14 1 1 221085 15555 1 
2.09033e+06 719732 83.3703 220 248 169 0.199934 0.3006 0.932559 2007 1 -9 1 1 221085 15045 1 
2.0903e+06 719738 84.3141 221 248 168 0.0505553 0.170477 0.984064 2007 1 4 1 1 221085 16575 1 
2.09032e+06 719737 81.8491 218 248 169 0.332181 0.44868 0.829664 2007 1 -5 2 1 221085 5865 1 
2.09025e+06 719755 84.1108 221 248 168 0.0406343 0.163698 0.985673 2007 1 5 1 1 221084 13515 1 
2.0903e+06 719746 81.1822 213 248 171 0.126141 0.435117 0.891494 2007 1 -7 1 1 221085 21420 1 
2.09027e+06 719746 84.416 221 247 167 0.0161808 0.091691 0.995656 2007 1 9 1 1 221085 14280 1 
2.09033e+06 719723 84.7009 222 247 167 0.0253703 -0.0131926 0.999591 2007 1 -4 1 1 221085 19890 1 
2.09022e+06 719748 79.9541 203 248 176 -0.0686145 0.0137229 0.997549 2007 1 18 2 2 221085 0 2 
2.09023e+06 719762 80.082 204 248 176 -0.14803 0.02147 0.98875 2006 1 22 1 1 220946 17595 1 
2.09023e+06 719744 79.9273 203 248 176 -0.0426345 -0.0798031 0.995898 2007 1 21 1 1 221085 15045 2 
2.09023e+06 719755 83.6626 222 247 167 -0.171184 0.260146 0.950274 2007 1 16 1 1 221085 14790 1 
2.09029e+06 719742 84.3458 221 248 168 0.0449704 0.146442 0.988197 2007 1 -4 1 1 221085 17085 1 
2.09023e+06 719756 82.7209 204 248 176 -0.581141 0.26301 0.77013 2006 1 19 1 1 220945 7650 2 
2.09031e+06 719737 83.8832 220 248 168 0.0636056 0.186016 0.980486 2007 1 -8 1 1 221085 16830 1 
2.09028e+06 719722 79.9791 204 248 176 -0.0221298 -0.0600666 0.997949 2007 1 5 1 1 221085 13260 2 
2.09027e+06 719758 80.775 204 248 176 0.17189 0.459843 0.871205 2007 1 8 1 1 221085 20655 2 
2.09029e+06 719739 84.4706 221 247 167 0.0231562 0.11137 0.993509 2007 1 5 1 1 221085 16065 1 
2.09023e+06 719756 82.4564 204 248 175 -0.538988 0.351232 0.76559 2006 1 17 1 1 220945 9180 2 
2.09034e+06 719721 80.4053 205 248 175 0.277207 -0.0489189 0.959564 2008 1 -36 1 1 221178 6885 2 
2.09026e+06 719732 80.0212 203 248 176 -0.0395506 -0.127692 0.991025 2007 1 12 1 1 221085 23715 2 
2.09024e+06 719769 80.192 204 248 176 -0.0467817 0.20512 0.977618 2007 1 5 1 1 221085 22695 2 
2.09031e+06 719734 84.1059 221 248 168 0.0528401 0.163217 0.985174 2007 1 1 1 1 221085 19125 1 
2.09024e+06 719760 83.6863 220 248 169 0.0892414 0.230017 0.969086 2007 1 8 1 1 221085 15045 1 
2.09026e+06 719736 80.639 204 248 176 -0.125419 -0.576928 0.807109 2007 1 11 1 1 221085 19890 2 
2.09032e+06 719728 84.573 222 247 167 0.03489 0.124929 0.991552 2007 1 -11 1 1 221085 17340 1 
2.09026e+06 719762 80.1242 204 248 175 0.0334598 0.160377 0.986489 2007 1 5 1 1 221084 20655 1 
2.09029e+06 719748 81.7329 204 248 175 0.263156 0.512298 0.817496 2007 1 -3 2 2 221084 0 2 
2.0903e+06 719743 83.1337 219 248 169 0.113602 0.365444 0.923875 2007 1 -7 1 1 221085 17340 1 
2.09032e+06 719730 84.5024 221 247 167 0.0323072 0.116974 0.992609 2007 1 -9 1 1 221085 19635 1 
2.09028e+06 719745 84.1257 221 248 168 0.024099 0.166398 0.985764 2007 1 -3 1 1 221085 20145 1 
2.09028e+06 719739 84.402 221 247 167 -0.0396394 -0.127979 0.990984 2007 1 7 1 1 221085 19125 1 
2.0903e+06 719734 84.5574 222 247 167 0.029427 0.011162 0.999505 2007 1 -5 1 1 221085 19380 1 
2.09029e+06 719727 83.2712 219 248 169 -0.119238 -0.360456 0.925124 2007 1 -3 1 1 221085 20655 1 
2.09029e+06 719732 84.1569 221 248 168 -0.0449551 -0.148698 0.98786 2007 1 -2 1 1 221085 19380 1 
2.09024e+06 719756 83.696 222 247 167 -0.139938 0.40568 0.903239 2007 1 16 1 1 221085 13770 1 
2.09034e+06 719729 81.275 205 248 175 0.189439 -0.0512319 0.980555 2008 1 -37 1 1 221178 5865 2 
2.09034e+06 719721 81.2671 205 248 175 0.569284 0.196884 0.798218 2008 1 -36 1 1 221178 6885 2 
2.09024e+06 719763 82.671 220 248 168 -0.260503 0.0911117 0.961164 2007 1 8 1 1 221084 16575 1 
2.09026e+06 719735 81.6364 204 248 176 -0.0973867 -0.582867 0.806711 2007 1 9 1 1 221085 12495 2 
2.0903e+06 719748 80.6874 204 248 175 0.114528 0.240637 0.963835 2007 1 -1 1 1 221084 28050 2 
2.09028e+06 719727 82.254 218 248 169 -0.0805635 -0.507409 0.857931 2007 1 5 2 1 221085 5865 1 
2.09023e+06 719757 79.9306 204 248 176 -0.0420395 0.0635982 0.99709 2006 1 17 1 1 220945 19125 2 
2.09033e+06 719719 82.953 221 248 168 0.606026 -0.0824427 0.791161 2007 1 -8 1 1 221085 19890 1 
2.09024e+06 719749 84.2275 221 248 168 -0.057704 -0.109751 0.992283 2007 1 14 1 1 221085 14280 1 
2.09032e+06 719725 84.6036 222 247 167 -0.00964709 -0.0911114 0.995794 2007 1 -10 1 1 221084 18105 1 
2.09026e+06 719749 84.503 222 247 167 0.0495926 0.0848584 0.995158 2007 1 2 1 1 221085 19380 1 
2.0903e+06 719746 81.3606 204 248 175 -0.128459 0.480639 0.867459 2007 1 -4 1 1 221084 6375 2 
2.09034e+06 719729 81.002 205 248 175 0.246171 0.00118923 0.969226 2008 1 -36 1 1 221178 6375 2 
2.09024e+06 719757 84.0506 220 248 168 0.0823516 0.153962 0.984639 2007 1 12 1 1 221085 13515 1 
2.09033e+06 719726 84.481 221 247 167 0.155115 0.160159 0.974827 2007 1 -3 1 1 221085 17340 1 
2.09026e+06 719760 80.5842 204 248 176 0.085262 0.313502 0.945752 2007 1 4 1 1 221084 22950 2 
2.09024e+06 719746 82.842 219 248 169 -0.289782 -0.386881 0.875414 2007 1 17 1 1 221085 14280 1 
2.09033e+06 719726 81.1645 205 248 175 0.105267 0.318465 0.942071 2008 1 -36 1 1 221178 7140 2 
2.09026e+06 719734 80.7541 203 248 176 -0.167982 -0.448438 0.877887 2007 1 13 1 1 221085 8415 2 
2.09024e+06 719739 80.0007 203 248 176 -0.00988916 -0.124164 0.992212 2007 1 16 1 1 221086 18360 2 
2.09023e+06 719758 80.0896 203 248 176 -0.243224 -0.0378892 0.96923 2006 1 18 1 1 220945 14535 2 
2.09031e+06 719721 82.9263 218 248 169 -0.179536 -0.433513 0.883082 2007 1 1 1 1 221085 14535 1 
2.09028e+06 719730 82.268 218 248 169 -0.220558 -0.566049 0.794319 2007 1 7 2 1 221085 4335 1 
2.09027e+06 719747 84.2039 221 248 168 0.0259628 0.138845 0.989974 2007 1 9 1 1 221085 16065 1 
2.09028e+06 719730 83.2616 219 248 169 -0.123124 -0.37214 0.919974 2007 1 5 1 1 221085 16830 1 
2.09028e+06 719732 83.218 219 248 169 -0.0431018 -0.361794 0.931261 2007 1 6 1 1 221085 16830 1 
2.09026e+06 719748 84.4163 221 248 168 0.0229711 0.103917 0.994321 2007 1 10 1 1 221085 16065 1 
2.09024e+06 719754 84.496 222 247 167 -0.0696143 0.0310587 0.99709 2007 1 15 1 1 221085 15045 1 
2.09033e+06 719707 79.9782 204 248 176 0.0394071 -0.120473 0.991934 2007 1 -7 1 1 221085 20400 2 
2.09028e+06 719739 84.6365 222 247 167 -0.0320933 -0.0300228 0.999034 2007 1 6 1 1 221085 18615 1 
2.09026e+06 719759 82.0247 218 248 169 0.0883391 0.603892 0.792156 2007 1 6 1 1 221084 11730 1 
2.09033e+06 719707 80.0688 206 248 174 0.00515276 -0.0525581 0.998605 2007 1 -4 1 1 221085 5355 1 
2.09034e+06 719730 81.2534 205 248 175 0.0781206 0.0894424 0.992924 2008 1 -37 1 1 221178 6120 2 
2.09023e+06 719751 83.5313 220 248 168 -0.40643 -0.130789 0.904272 2007 1 15 1 1 221085 13005 1 
2.09033e+06 719732 83.607 219 248 169 0.110247 0.30152 0.947065 2007 1 -1 1 1 221085 14280 1 
2.09022e+06 719743 79.8615 203 248 176 -0.0153123 -0.0316454 0.999382 2007 1 21 1 1 221085 21675 2 
2.09028e+06 719727 80.5135 204 248 176 -0.0736056 -0.373381 0.924753 2007 1 9 1 1 221085 9690 2 
2.09032e+06 719735 83.3871 219 248 169 -0.129389 0.289457 0.948406 2007 1 -7 1 1 221085 18870 1 
2.09031e+06 719731 84.6371 222 247 167 -0.0195524 0.0339595 0.999232 2007 1 1 1 1 221085 17850 1 
2.09024e+06 719766 81.7472 203 248 176 0.199204 0.435297 0.877972 2006 1 18 1 1 220945 4590 2 
2.09026e+06 719746 84.5391 222 247 167 0.00915011 0.0335504 0.999395 2007 1 10 1 1 221085 17850 1 
2.09025e+06 719748 84.2201 221 248 168 -0.0492027 -0.133877 0.989776 2007 1 14 1 1 221085 14535 1 
2.09031e+06 719722 83.4729 219 248 169 -0.0826513 -0.258126 0.962569 2007 1 0 1 1 221085 19380 1 
2.09033e+06 719726 81.2966 205 248 175 0.578002 0.0610665 0.813747 2008 1 -36 1 1 221178 8415 2 
2.09028e+06 719727 81.7213 217 248 170 -0.379686 -0.606512 0.698557 2007 1 10 2 1 221085 7650 1 
2.09031e+06 719729 84.5855 222 247 167 -0.0611522 0.00103648 0.998128 2007 1 -3 1 1 221085 18615 1 
2.09023e+06 719747 80.3862 218 248 169 -0.168444 -0.0704837 0.983188 2007 1 18 2 1 221085 4845 1 
2.09023e+06 719746 81.0642 204 248 176 -0.549447 0.090379 0.830626 2006 1 16 1 1 220945 5865 2 
2.09027e+06 719749 83.6264 219 248 169 0.14397 0.327703 0.933747 2007 1 8 1 1 221085 13260 1 
2.09033e+06 719733 83.28 219 248 169 0.0624186 0.373184 0.925655 2007 1 -11 1 1 221085 17850 1 
2.09028e+06 719750 82.704 218 248 169 0.178425 0.520281 0.835148 2007 1 2 1 1 221085 12750 1 
2.09027e+06 719734 83.3189 219 248 169 -0.139019 -0.263474 0.954597 2007 1 5 1 1 221085 16065 1 
2.09024e+06 719743 82.5617 218 248 169 -0.154453 -0.49572 0.854638 2007 1 16 1 1 221085 14025 1 
2.09033e+06 719728 81.5179 205 248 175 0.297202 0.0817631 0.951307 2008 1 -37 1 1 221178 6120 2 
2.09032e+06 719727 84.6787 222 247 167 0.0318046 0.0976073 0.994717 2007 1 -1 1 1 221085 19380 1 
2.09023e+06 719741 79.9464 203 248 176 -0.0353527 -0.0632063 0.997374 2007 1 19 1 1 221085 18360 2 
2.0903e+06 719744 81.74 218 248 169 0.276436 0.423054 0.862907 2007 1 -3 1 1 221084 16830 1 
2.09033e+06 719729 81.8661 206 248 174 0.295333 -0.202954 0.933589 2008 1 -37 1 1 221178 7140 2 
2.09025e+06 719763 80.5129 203 248 176 0.258139 0.355495 0.898325 2007 1 12 1 1 221085 18105 2 
2.09025e+06 719737 80.8252 204 248 176 -0.152417 -0.319938 0.935098 2007 1 11 1 1 221085 23205 2 
2.09031e+06 719741 81.4765 204 248 175 0.529497 0.479387 0.699872 2007 1 -6 1 1 221084 24990 2 
2.09025e+06 719757 83.8694 220 248 168 0.0468046 0.20282 0.978097 2007 1 3 1 1 221085 14280 1 
2.09024e+06 719768 80.2007 204 248 176 0.0931496 0.251376 0.963397 2007 1 7 1 1 221085 6885 2 
2.09025e+06 719754 84.2 221 248 168 0.0527381 0.160558 0.985616 2007 1 4 1 1 221085 17340 1 
2.09024e+06 719763 82.8422 219 248 169 0.0364109 0.451765 0.891393 2007 1 6 1 1 221085 14280 1 
2.09032e+06 719731 84.0987 220 248 168 0.0700452 0.162647 0.984195 2007 1 -1 1 1 221085 16575 1 
2.0903e+06 719741 83.6885 220 248 169 0.0586021 0.250617 0.966311 2007 1 3 1 1 221085 17085 1 
2.09028e+06 719756 80.0383 204 248 176 -0.0137209 0.0707153 0.997402 2007 1 2 1 1 221085 9690 2 
2.09023e+06 719746 80.4193 203 248 176 -0.165263 -0.127986 0.97791 2006 1 16 1 1 220945 7395 2 
2.09026e+06 719743 84.0955 221 248 168 -0.0385353 -0.171657 0.984403 2007 1 12 1 1 221085 16065 1 
2.09032e+06 719710 80.1313 204 248 176 -0.0773676 -0.158306 0.984354 2007 1 2 1 1 221085 14025 2 
2.0903e+06 719730 84.0622 221 248 168 -0.0643813 -0.148662 0.98679 2007 1 -1 1 1 221085 20400 1 
2.09031e+06 719718 82.085 204 248 175 -0.163386 -0.553113 0.816928 2006 1 27 1 1 220944 6120 2 
2.09032e+06 719727 84.6867 222 247 167 0.0441081 0.0591694 0.997273 2007 1 -12 1 1 221085 19380 1 
2.09025e+06 719737 81.4878 217 248 170 -0.153436 -0.474921 0.866549 2007 1 14 1 1 221085 7395 1 
2.09029e+06 719721 80.0418 204 248 176 -0.0629637 -0.0740099 0.995268 2007 1 4 1 1 221085 4845 2 
2.09031e+06 719739 82.6866 219 248 169 0.389362 0.364342 0.845962 2007 1 -7 1 1 221085 19380 1 
2.09023e+06 719744 80.9347 204 248 176 -0.00393897 -0.442477 0.896771 2007 1 16 1 1 221085 9945 2 
2.09027e+06 719756 80.5979 204 248 176 -0.0618742 0.457869 0.886864 2007 1 8 1 1 221085 20400 2 
2.09032e+06 719718 83.7117 220 248 168 -0.171956 -0.211336 0.962168 2007 1 -3 1 1 221085 18360 1 
2.09026e+06 719754 84.0797 220 248 168 0.0608641 0.177819 0.982179 2007 1 13 1 1 221085 13770 1 
2.09034e+06 719732 81.0532 204 248 175 0.187638 0.272554 0.943667 2007 1 -10 1 1 221084 5355 2 
2.09028e+06 719733 83.8359 220 248 168 -0.0616812 -0.197138 0.978433 2007 1 6 1 1 221085 16830 1 
2.09032e+06 719729 84.6377 221 247 167 0.0333408 0.069908 0.996996 2007 1 -1 1 1 221085 17850 1 
2.09026e+06 719736 81.7114 213 248 171 -0.364752 -0.580659 0.727868 2006 1 23 1 1 220945 4335 1 
2.09033e+06 719733 82.2931 218 248 169 0.221036 0.382055 0.897317 2007 1 -8 1 1 221085 12240 1 
2.0903e+06 719746 81.7945 218 248 169 0.294685 0.466194 0.83416 2007 1 -4 2 1 221084 4080 1 
2.09033e+06 719722 84.3183 222 247 167 0.362078 0.292968 0.884912 2007 1 -14 1 1 221085 16320 1 
2.09031e+06 719714 80.2348 204 248 176 -0.05898 -0.264782 0.962503 2007 1 -1 1 1 221085 26520 2 
2.09032e+06 719737 81.1488 204 248 175 0.227031 0.41103 0.882899 2007 1 -8 1 1 221085 24480 2 
2.09027e+06 719745 84.5352 222 247 167 0.00695089 0.00893687 0.999936 2007 1 6 1 1 221085 16575 1 
2.09023e+06 719748 80.5153 204 248 176 -0.294887 -0.0338806 0.954931 2006 1 17 1 1 220945 6375 2 
2.09034e+06 719712 80.2397 204 248 175 0.18323 -0.0126763 0.982988 2007 1 -15 1 1 221085 16320 2 
2.09031e+06 719730 84.6772 222 247 167 0.0030378 0.0334158 0.999437 2007 1 0 1 1 221085 18105 1 
2.09027e+06 719732 81.8456 218 248 169 -0.242188 -0.470668 0.84842 2007 1 8 2 1 221085 6375 1 
2.09028e+06 719750 81.9893 218 248 169 0.060355 0.529159 0.846373 2007 1 7 1 1 221085 7650 1 
2.09024e+06 719768 80.2138 204 248 176 0.109887 0.210933 0.971304 2007 1 4 1 1 221085 14025 2 
2.09029e+06 719734 84.2052 221 248 168 -0.0507696 -0.173561 0.983514 2007 1 6 1 1 221085 18360 1 
2.09024e+06 719743 81.3967 204 248 176 -0.151291 -0.503813 0.850461 2007 1 14 2 2 221085 0 2 
2.09024e+06 719738 80.1679 204 248 176 -0.0970624 -0.225639 0.969364 2007 1 13 1 1 221085 20400 2 
2.09028e+06 719743 84.4113 221 248 168 0.067322 0.110682 0.991573 2007 1 6 1 1 221085 13770 1 
2.09024e+06 719756 84.2579 221 248 168 0.0554343 0.112 0.992161 2007 1 14 1 1 221085 15300 1 
2.09031e+06 719742 81.3881 218 248 169 0.175964 0.480574 0.859119 2007 1 -6 2 1 221084 7650 1 
2.09027e+06 719739 83.9206 220 248 168 -0.0909892 -0.168633 0.98147 2007 1 9 1 1 221085 16575 1 
2.09023e+06 719746 81.4661 218 248 169 -0.268788 -0.0383983 0.962434 2007 1 21 1 1 221085 6120 1 
2.09034e+06 719730 81.1512 205 248 175 0.199134 -0.0441196 0.978979 2008 1 -36 1 1 221178 6375 2 
2.09024e+06 719748 83.9498 221 248 168 -0.0481172 -0.167823 0.984642 2007 1 17 1 1 221085 13260 1 
2.09028e+06 719740 84.6329 222 247 167 0.0344393 0.0365265 0.998739 2007 1 -4 1 1 221085 18360 1 
2.09027e+06 719748 84.3882 221 247 167 0.0184091 0.0963771 0.995175 2007 1 3 1 1 221085 15300 1 
2.09032e+06 719736 83.2989 219 248 169 0.129029 0.370438 0.919852 2007 1 0 1 1 221085 16575 1 
2.09026e+06 719746 84.5116 222 247 167 -0.00323866 -0.106876 0.994267 2007 1 11 1 1 221085 15045 1 
2.09026e+06 719743 84.3877 221 248 168 -0.0650133 -0.161942 0.984656 2007 1 10 1 1 221085 15555 1 
2.09034e+06 719719 80.0402 204 248 175 0.0440592 -0.00512316 0.999016 2007 1 -14 1 1 221084 18870 2 
2.09029e+06 719735 84.6246 222 247 167 -0.00949661 -0.0749177 0.997145 2007 1 2 1 1 221085 19890 1 
2.09028e+06 719727 80.7659 204 248 176 -0.144428 -0.424704 0.893738 2007 1 6 1 1 221085 9690 2 
2.09029e+06 719724 81.6808 217 248 170 -0.0319119 -0.567476 0.822771 2007 1 4 1 1 221085 3570 1 
2.09032e+06 719723 84.2057 221 248 168 -0.0469049 -0.136139 0.989579 2007 1 -1 1 1 221085 21420 1 
2.09033e+06 719722 82.1703 205 248 175 0.490126 0.346441 0.799847 2008 1 -37 1 1 221178 6120 2 
2.09026e+06 719736 81.9848 204 248 176 -0.23444 -0.557376 0.796473 2007 1 10 1 1 221085 14025 2 
2.09027e+06 719730 81.822 217 248 170 -0.270122 -0.519945 0.810365 2007 1 7 2 1 221085 6375 1 
2.09031e+06 719736 84.0389 220 248 168 0.0195032 0.168645 0.985484 2007 1 2 1 1 221085 16065 1 
2.09026e+06 719737 82.9699 218 248 169 -0.0381954 -0.388539 0.92064 2007 1 10 1 1 221085 16830 1 
2.09027e+06 719742 84.5308 222 247 167 -0.0203381 -0.0802818 0.996565 2007 1 -2 1 1 221085 19125 1 
2.09034e+06 719718 81.0714 205 248 175 0.642757 0.182549 0.744002 2008 1 -36 1 1 221178 5610 2 
2.09027e+06 719740 84.368 221 247 167 -0.034212 -0.100429 0.994356 2007 1 8 1 1 221085 16575 1 
2.09033e+06 719727 81.1429 205 248 175 0.0227728 -0.23372 0.972037 2008 1 -37 1 1 221178 5865 2 
2.0903e+06 719735 84.4193 221 248 168 0.0455478 0.0966503 0.994276 2007 1 2 1 1 221085 14790 1 
2.09024e+06 719738 80.1082 204 248 176 -0.0992397 -0.217322 0.971042 2007 1 12 1 1 221085 16575 2 
2.09033e+06 719727 81.8359 220 248 168 0.488224 0.101061 0.866847 2006 1 30 1 1 220944 6630 1 
2.09027e+06 719730 81.2232 204 248 176 -0.243178 -0.404302 0.881706 2006 1 26 1 1 220945 6120 2 
2.09028e+06 719746 84.2414 221 248 168 0.0524322 0.152636 0.986891 2007 1 -2 1 1 221085 18360 1 
2.09027e+06 719744 84.6056 222 247 167 0.00511269 0.0439691 0.99902 2007 1 -1 1 1 221085 19125 1 
2.09032e+06 719712 80.866 204 248 176 -0.182525 -0.386608 0.904002 2007 1 -5 1 1 221085 16830 2 
2.09029e+06 719725 82.3106 204 248 175 -0.0602459 -0.522598 0.850448 2006 1 28 1 1 220945 6375 2 
2.09032e+06 719716 81.6484 218 248 169 -0.130279 -0.681343 0.720277 2007 1 -2 2 1 221085 4845 1 
2.09026e+06 719732 79.9406 203 248 176 -0.0261401 -0.0470521 0.99855 2007 1 14 1 1 221085 20145 2 
2.09031e+06 719725 84.0064 220 248 168 -0.0670218 -0.149329 0.986513 2007 1 2 1 1 221085 17085 1 
2.09034e+06 719724 80.9887 205 248 175 0.454761 -0.244871 0.856289 2008 1 -37 1 1 221178 5355 2 
2.09032e+06 719734 83.1036 219 248 169 0.159112 0.408531 0.898769 2006 1 32 1 1 220945 5865 1 
2.09026e+06 719735 81.8182 209 248 173 -0.101341 -0.503848 0.857827 2006 1 23 1 1 220945 3315 1 
2.0903e+06 719741 83.5658 219 248 169 0.0559465 0.252381 0.966009 2007 1 -1 1 1 221085 17340 1 
2.09027e+06 719732 81.8507 207 248 174 -0.14982 -0.472734 0.868376 2006 1 21 1 1 220944 7395 1 
2.09029e+06 719722 80.6404 204 248 176 -0.107266 -0.303258 0.946852 2007 1 4 1 1 221085 4845 2 
2.09032e+06 719731 84.3552 221 248 168 0.0464605 0.12125 0.991534 2007 1 -11 1 1 221085 15045 1 
2.09033e+06 719708 80.2026 204 248 176 0.00120347 -0.265967 0.963981 2007 1 -7 1 1 221085 15300 2 
2.09034e+06 719732 80.1202 204 248 175 0.074451 0.00104861 0.997224 2007 1 -15 1 1 221085 21420 2 
2.09033e+06 719732 82.2217 205 248 175 0.280007 0.226538 0.932886 2008 1 -36 1 1 221178 6120 2 
2.09023e+06 719765 80.7196 203 248 176 -0.226886 0.216018 0.949663 2006 1 17 1 1 220945 8670 2 
2.09029e+06 719740 84.1463 220 248 168 0.0615646 0.194351 0.978998 2007 1 4 1 1 221085 13770 1 
2.09032e+06 719740 81.1871 204 248 175 0.122535 0.41831 0.900001 2007 1 -8 1 1 221084 25755 2 
2.09027e+06 719733 82.1572 218 248 169 -0.0943013 -0.593373 0.799385 2007 1 10 1 1 221085 4845 1 
2.09026e+06 719756 83.3889 219 248 169 0.213787 0.337181 0.916845 2007 1 1 1 1 221085 14790 1 
2.09027e+06 719739 84.2916 221 248 168 -0.0437527 -0.111065 0.99285 2007 1 9 1 1 221085 17085 1 
2.09028e+06 719751 82.2652 218 248 169 0.216562 0.640337 0.736933 2007 1 -3 1 1 221085 12495 1 
2.09032e+06 719738 81.1376 204 248 175 0.348487 0.271375 0.897169 2007 1 -6 1 1 221084 21675 2 
2.0903e+06 719750 80.3423 204 248 175 0.0575488 0.221624 0.973432 2007 1 -1 1 1 221084 11220 2 
2.09028e+06 719738 84.5801 222 247 167 -0.0254158 -0.111609 0.993427 2007 1 -4 1 1 221085 19380 1 
2.09031e+06 719723 83.6063 219 248 169 -0.119525 -0.232623 0.965194 2007 1 1 1 1 221085 19125 1 
2.09023e+06 719747 81.2633 204 248 175 -0.367014 -0.226642 0.902183 2006 1 17 1 1 220945 6120 2 
2.09023e+06 719749 83.2342 220 248 169 -0.225284 -0.270061 0.936117 2007 1 15 1 1 221085 15555 1 
2.0903e+06 719722 82.4626 218 248 169 -0.0658295 -0.508428 0.858585 2007 1 2 2 1 221085 3825 1 
2.09026e+06 719738 83.1915 219 248 169 -0.0602901 -0.392556 0.91775 2007 1 11 1 1 221085 15300 1 
2.09023e+06 719762 81.6234 203 248 176 -0.00382195 0.370729 0.928733 2006 1 18 1 1 220945 11985 2 
2.09025e+06 719759 83.1212 219 248 169 0.0971379 0.384447 0.918022 2007 1 6 1 1 221084 18870 1 
2.09028e+06 719728 81.7387 204 248 175 -0.310594 -0.454185 0.835014 2006 1 25 1 1 220945 6375 2 
2.0903e+06 719741 83.5974 220 248 168 0.0385562 0.272381 0.961417 2007 1 -3 1 1 221084 17340 1 
2.09033e+06 719732 81.6157 205 248 175 0.209412 0.273206 0.938885 2008 1 -37 1 1 221178 6630 2 
2.09026e+06 719729 79.9702 203 248 176 -0.0467307 -0.0684658 0.996558 2007 1 12 1 1 221085 19125 2 
2.09025e+06 719766 80.0392 204 248 176 0.0383998 0.0910625 0.995105 2007 1 4 1 1 221085 16575 2 
2.09025e+06 719746 84.2582 221 248 168 -0.0279558 -0.124124 0.991873 2007 1 13 1 1 221085 15300 1 
2.09025e+06 719753 84.5206 222 247 167 0.00758748 0.109477 0.99396 2007 1 3 1 1 221085 16830 1 
2.0903e+06 719735 84.6381 222 247 167 -0.0214396 -0.0234815 0.999494 2007 1 -2 1 1 221085 18360 1 
2.09024e+06 719768 80.4431 204 248 176 0.0572631 0.28886 0.955657 2007 1 7 1 1 221084 24480 2 
2.0903e+06 719722 81.2232 211 248 172 -0.19171 -0.345078 0.918787 2006 1 25 1 1 220944 7650 1 
2.09027e+06 719756 80.6318 204 248 176 0.15772 0.590325 0.791606 2007 1 10 1 1 221085 22695 2 
2.09022e+06 719750 79.9552 203 248 176 -0.0836335 0.0314983 0.995999 2006 1 16 1 1 220945 15555 2 
2.09027e+06 719745 84.4003 221 248 168 0.0511977 0.124012 0.990959 2007 1 9 1 1 221085 15555 1 
2.09026e+06 719751 84.4385 222 247 167 0.0526378 0.101916 0.993399 2007 1 2 1 1 221085 18615 1 
2.09034e+06 719705 79.9218 203 248 176 -0.0196302 -0.0382273 0.999076 2007 1 -2 1 1 221085 21420 2 
2.09032e+06 719721 83.8496 220 248 169 -0.0741356 -0.193239 0.978347 2007 1 -5 1 1 221085 15810 1 
2.0903e+06 719747 80.6602 204 248 176 0.0108327 0.256374 0.966517 2007 1 -5 1 1 221085 22695 2 
2.09032e+06 719716 83.1195 219 248 169 -0.204742 -0.347918 0.914895 2007 1 -3 1 1 221085 16320 1 
2.09033e+06 719718 84.0812 221 248 168 0.0628695 -0.117738 0.991053 2007 1 -4 1 1 221085 18105 1 
2.09027e+06 719734 82.562 218 248 169 -0.253305 -0.338228 0.906333 2007 1 10 1 1 221085 9180 1 
2.09026e+06 719758 82.4903 219 248 169 0.0866804 0.512977 0.854015 2007 1 5 1 1 221084 20655 1 
2.09025e+06 719764 80.527 203 248 176 0.111371 0.320694 0.940613 2007 1 12 1 1 221085 19890 2 
2.09023e+06 719753 82.5163 210 248 172 -0.460478 0.162264 0.872715 2006 1 17 1 1 220945 6885 1 
2.09024e+06 719753 84.4847 222 247 167 0.0175632 0.0402919 0.999034 2007 1 15 1 1 221085 15045 1 
2.09026e+06 719759 81.5479 217 248 170 0.197572 0.505241 0.840058 2007 1 1 2 1 221085 4335 1 
2.09031e+06 719727 84.7054 222 247 167 0.0460031 -0.108837 0.992995 2007 1 0 1 1 221085 24480 1 
2.09028e+06 719746 83.8878 220 248 168 0.0244721 0.185289 0.982379 2007 1 -3 1 1 221085 19380 1 
2.09033e+06 719732 81.5346 205 248 175 0.143313 0.210451 0.967043 2008 1 -36 1 1 221178 9180 2 
2.09034e+06 719725 81.6916 221 248 168 -0.01694 -0.15246 0.988164 2007 1 -14 1 1 221085 16830 1 
2.09033e+06 719730 81.848 220 248 169 0.213285 -0.0153188 0.97687 2007 1 -13 1 1 221085 17085 1 
2.09031e+06 719744 80.6147 204 248 175 0.0814588 0.234351 0.968733 2007 1 -3 1 1 221084 29325 2 
2.09028e+06 719725 80.1469 204 248 176 -0.0335109 -0.165244 0.985683 2007 1 6 1 1 221085 10455 2 
2.0903e+06 719734 84.6201 222 247 167 -0.0199811 -0.0599432 0.998002 2007 1 4 1 1 221085 19380 1 
2.09028e+06 719751 82.3974 218 248 169 0.0771423 0.495114 0.865397 2007 1 2 1 1 221085 13260 1 
2.09033e+06 719733 81.8829 218 248 169 0.267032 0.340797 0.901416 2007 1 -12 1 1 221085 12240 1 
2.09026e+06 719735 81.299 217 248 170 -0.27579 -0.623318 0.731721 2007 1 15 2 1 221085 4080 1 
2.09032e+06 719714 81.2502 204 248 175 -0.273455 -0.517221 0.81099 2007 1 -10 2 2 221085 0 2 
2.09023e+06 719770 80.0059 204 248 176 -0.0288038 0.0650752 0.997465 2007 1 8 1 1 221084 23205 1 
2.09032e+06 719738 81.9985 218 248 169 0.0583876 0.602389 0.796064 2007 1 -1 1 1 221085 13515 1 
2.09026e+06 719736 81.6375 213 248 171 -0.289324 -0.532799 0.795246 2006 1 20 1 1 220944 7905 1 
2.09023e+06 719756 83.169 222 247 167 -0.472275 0.294587 0.830768 2007 1 7 1 1 221085 15555 1 
2.09027e+06 719746 84.4539 222 247 167 0.025756 0.13102 0.991045 2007 1 0 1 1 221085 19125 1 
2.09023e+06 719751 83.753 220 248 168 -0.501019 -0.186948 0.845003 2007 1 15 1 1 221085 14280 1 
2.09033e+06 719732 81.9913 219 248 169 0.277854 0.148994 0.948998 2007 1 -13 1 1 221085 16320 1 
2.09028e+06 719746 83.976 220 248 168 0.0264026 0.164156 0.986081 2007 1 2 1 1 221085 17850 1 
2.09032e+06 719728 84.407 221 247 167 0.0693865 0.147005 0.986699 2007 1 -12 1 1 221085 18615 1 
2.09026e+06 719731 80.0373 204 248 176 -0.0998752 -0.116325 0.988177 2007 1 10 1 1 221085 18105 2 
2.09029e+06 719720 80.1205 204 248 176 -0.0703137 -0.121032 0.990155 2007 1 5 1 1 221085 4590 2 
2.09033e+06 719708 80.1182 204 248 176 -0.014571 -0.142348 0.989709 2007 1 -1 1 1 221085 16575 2 
2.09032e+06 719732 83.6448 220 248 169 0.105973 0.281286 0.953755 2007 1 -8 1 1 221085 15300 1 
2.0903e+06 719731 84.4836 222 247 167 -0.0133488 -0.0400465 0.999109 2007 1 3 1 1 221085 18870 1 
2.09031e+06 719722 83.5905 219 248 169 -0.0574428 -0.218772 0.974084 2007 1 3 1 1 221085 21675 1 
2.09028e+06 719738 84.5593 222 247 167 -0.0201819 -0.0690433 0.99741 2007 1 5 1 1 221085 14790 1 
2.09027e+06 719749 84.1323 221 248 168 0.0710412 0.131601 0.988754 2007 1 9 1 1 221085 15045 1 
2.09031e+06 719726 84.4698 221 248 168 -0.0440375 -0.196384 0.979538 2007 1 -1 1 1 221085 16320 1 
2.09032e+06 719718 83.8681 220 248 169 -0.0650133 -0.161942 0.984656 2007 1 -2 1 1 221085 17850 1 
2.09024e+06 719757 84.243 221 248 168 -0.108406 0.190645 0.975655 2007 1 15 1 1 221085 14025 1 
2.09025e+06 719735 80.2632 204 248 176 -0.171617 -0.208299 0.962891 2007 1 14 1 1 221085 21420 2 
2.09031e+06 719728 84.5351 221 247 167 -0.0359154 -0.0838025 0.995835 2007 1 -9 1 1 221085 17850 1 
2.09024e+06 719762 83.2781 219 248 169 0.0378322 0.371799 0.927542 2007 1 15 1 1 221085 14790 1 
2.09023e+06 719771 79.9391 203 248 176 -0.00515331 0.0505024 0.998711 2007 1 13 1 1 221085 15555 2 
2.09024e+06 719743 81.7917 208 248 173 -0.140722 -0.474392 0.868993 2006 1 19 1 1 220945 7395 1 
2.09033e+06 719712 82.386 218 248 169 -0.497252 -0.52404 0.691464 2007 1 -3 1 1 221085 16320 1 
2.09026e+06 719762 80.0857 203 248 176 0.0206587 0.0989442 0.994879 2007 1 12 1 1 221085 18360 2 
2.09025e+06 719758 83.586 220 248 169 0.0652952 0.293188 0.953822 2007 1 13 1 1 221085 12750 1 
2.0903e+06 719738 84.3398 221 247 167 0.0425715 0.146124 0.98835 2007 1 -6 1 1 221085 15300 1 
2.09027e+06 719728 79.89 203 248 176 0 0 0 2007 1 12 1 1 221085 11985 2 
2.09023e+06 719766 79.9461 203 248 176 -0.0286893 0.0605664 0.997752 2006 1 17 1 1 220945 16575 2 
2.0903e+06 719742 82.7495 218 248 169 0.167552 0.44729 0.878554 2007 1 -6 1 1 221085 15300 1 
2.09023e+06 719746 80.5911 217 248 170 -0.211424 -0.190148 0.95872 2007 1 21 1 1 221085 9180 1 
2.09033e+06 719717 81.8847 221 248 168 0.681191 0.182984 0.708869 2007 1 -15 2 1 221085 2550 1 
2.09024e+06 719764 81.6868 204 248 176 0.183782 0.503533 0.844203 2007 1 7 2 2 221085 0 2 
2.09034e+06 719733 80.0603 204 248 175 0.0312661 -0.00302575 0.999507 2007 1 -12 1 1 221084 21420 2 
2.09027e+06 719748 84.0733 220 248 168 0.0332568 0.154816 0.987383 2007 1 4 1 1 221085 15810 1 
2.09034e+06 719729 80.2181 204 248 176 0.130486 -0.0419825 0.990561 2007 1 -9 1 1 221085 25245 2 
2.09024e+06 719742 81.9206 216 248 170 -0.161406 -0.513834 0.842569 2006 1 22 1 1 220945 8670 1 
2.09023e+06 719760 82.6181 221 248 168 0.0891161 0.407192 0.908984 2007 1 16 1 1 221085 12750 1 
2.09033e+06 719728 83.9753 221 248 168 0.331112 0.114875 0.936573 2007 1 -3 1 1 221085 19635 1 
2.0903e+06 719727 83.995 220 248 168 -0.0450577 -0.149037 0.987804 2007 1 -8 1 1 221085 19635 1 
2.09023e+06 719757 81.5382 222 247 167 -0.49157 -0.166809 0.854712 2007 1 8 1 1 221085 15555 1 
2.09023e+06 719741 80.1586 204 248 176 -0.0560982 -0.12708 0.990305 2007 1 15 1 1 221085 23460 2 
2.09032e+06 719714 82.6011 218 248 169 -0.105664 -0.548585 0.829391 2007 1 -13 2 1 221085 7140 1 
2.09027e+06 719736 83.3351 219 248 169 -0.100188 -0.274542 0.956342 2007 1 11 1 1 221085 17085 1 
2.09034e+06 719728 81.2819 205 248 175 0.00364908 0.280979 0.959707 2008 1 -36 1 1 221178 5610 2 
2.09033e+06 719737 80.756 204 248 175 0.0603031 0.304081 0.950736 2007 1 -12 1 1 221085 22950 2 
2.09029e+06 719752 80.1502 204 248 176 0.0818047 0.0728398 0.993983 2007 1 -5 1 1 221085 10710 2 
2.09033e+06 719722 84.4458 222 247 167 0.294304 -0.0954854 0.95093 2007 1 -13 1 1 221085 16575 1 
2.09031e+06 719714 80.0136 204 248 176 -0.00946108 -0.06833 0.997618 2007 1 0 1 1 221085 26520 2 
2.09033e+06 719731 81.7302 204 248 175 0.2341 0.111293 0.965822 2008 1 -37 1 1 221178 7905 2 
2.09028e+06 719725 80.5526 204 248 176 -0.196853 -0.268436 0.942969 2007 1 6 1 1 221085 11985 2 
2.09034e+06 719722 80.6314 205 248 175 0.489201 -0.0202149 0.871937 2008 1 -37 1 1 221178 6120 2 
2.09032e+06 719739 81.4531 204 248 175 -0.00932744 0.478364 0.878112 2007 1 -7 1 1 221084 22950 2 
2.09023e+06 719741 79.8879 203 248 176 -0.0275635 -0.0193965 0.999432 2007 1 17 1 1 221085 20400 2 
2.09031e+06 719717 81.163 203 248 176 -0.131282 -0.559056 0.81867 2007 1 4 2 2 221085 0 2 
2.09034e+06 719715 81.2025 220 248 168 0.55195 0.0635237 0.831454 2006 1 31 1 1 220944 6885 1 
2.09025e+06 719751 84.6142 222 247 167 0.00494542 0.00692359 0.999964 2007 1 13 1 1 221085 17085 1 
2.09032e+06 719716 83.4085 219 248 169 -0.115875 -0.299677 0.946978 2007 1 -2 1 1 221085 17850 1 
2.09034e+06 719725 80.5761 204 248 175 0.266998 -0.154295 0.951265 2007 1 -15 1 1 221085 12495 2 
2.09033e+06 719721 82.569 222 247 167 0.612396 0.239633 0.753357 2007 1 -5 1 1 221085 19125 1 
2.09034e+06 719733 81.3246 218 248 169 0.165295 0.231413 0.95871 2007 1 -10 1 1 221084 11985 1 
2.09031e+06 719742 81.6633 204 248 175 0.576943 0.456538 0.677281 2007 1 -4 2 2 221084 0 2 
2.09023e+06 719754 83.0222 221 248 168 -0.562438 0.227764 0.79485 2007 1 16 1 1 221085 17085 1 
2.09023e+06 719751 82.5054 220 248 168 -0.435164 -0.0528704 0.898797 2007 1 19 1 1 221085 14280 1 
2.09032e+06 719735 83.3883 220 248 169 0.13152 0.31592 0.939626 2007 1 -9 1 1 221085 20145 1 
2.09025e+06 719749 84.5535 222 247 167 -0.0199811 -0.0599432 0.998002 2007 1 2 1 1 221085 16575 1 
2.09033e+06 719721 82.2055 206 248 174 0.452281 0.357064 0.81728 2008 1 -37 1 1 221178 6630 1 
2.09031e+06 719726 84.2577 221 248 168 -0.0934047 -0.128875 0.987252 2007 1 1 1 1 221085 22950 1 
2.09034e+06 719728 80.1418 204 248 175 0.113516 0.00108111 0.993536 2007 1 -14 1 1 221085 23715 2 
2.09032e+06 719713 80.1386 204 248 176 -0.123511 -0.288192 0.949574 2007 1 -1 1 1 221085 24225 2 
2.09025e+06 719734 80.2544 204 248 176 0.0107459 -0.239992 0.970715 2007 1 11 1 1 221085 21420 2 
2.09027e+06 719760 80.0482 204 248 175 0.0384579 0.0280639 0.998866 2007 1 3 1 1 221084 16830 1 
2.09024e+06 719767 80.5894 204 248 175 -0.00624417 0.325946 0.945368 2007 1 6 1 1 221085 4080 1 
2.09033e+06 719735 81.8885 204 248 175 0.0749405 0.521756 0.849797 2007 1 -11 1 1 221084 19125 2 
2.09032e+06 719738 82.0132 204 248 175 0.140849 0.567845 0.810995 2007 1 -7 2 2 221084 0 2 
2.09023e+06 719760 82.0595 219 248 169 -0.224868 0.509394 0.830634 2006 1 21 1 1 220945 4080 1 
2.09034e+06 719731 81.2038 205 248 175 0.148285 0.00334478 0.988939 2008 1 -36 1 1 221178 6120 2 
2.09028e+06 719725 80.3527 204 248 176 -0.066727 -0.260613 0.963135 2007 1 5 1 1 221085 13260 2 
2.09025e+06 719760 83.3127 219 248 169 0.272173 0.421183 0.865174 2007 1 14 1 1 221085 12240 1 
2.09028e+06 719754 80.2563 204 248 175 -0.0620485 0.36041 0.930728 2007 1 0 1 1 221084 7395 2 
2.09026e+06 719737 83.163 219 248 169 -0.0307244 -0.436821 0.899023 2007 1 9 1 1 221085 18360 1 
2.09033e+06 719710 80.7531 204 248 176 0.188772 -0.384749 0.903512 2007 1 -5 1 1 221085 14790 2 
2.09027e+06 719757 81.6781 218 248 169 0.153155 0.41366 0.897457 2007 1 5 2 1 221084 4845 1 
2.09032e+06 719736 82.8501 219 248 169 0.075547 0.429931 0.899696 2007 1 -9 1 1 221085 19635 1 
2.09033e+06 719722 82.1687 222 247 167 0.558484 0.180107 0.809726 2007 1 -13 1 1 221085 17340 1 
2.0903e+06 719717 79.9986 203 248 176 -0.0362085 -0.0910699 0.995186 2007 1 7 1 1 221085 16575 2 
2.09031e+06 719742 81.7105 217 248 170 0.00134404 0.525521 0.85078 2007 1 0 2 1 221085 5355 1 
2.09025e+06 719767 80.0661 204 248 176 0.0412473 0.108135 0.99328 2007 1 10 1 1 221085 21420 2 
2.09028e+06 719739 84.6299 222 247 167 0.0194736 -0.0317728 0.999305 2007 1 7 1 1 221085 14790 1 
2.09032e+06 719724 84.3194 221 248 168 -0.0570065 -0.145425 0.987726 2007 1 -11 1 1 221085 15555 1 
2.09026e+06 719741 84.0148 220 248 168 -0.0217558 -0.166031 0.98588 2007 1 4 1 1 221085 18870 1 
2.09028e+06 719736 84.058 220 248 168 -0.0642768 -0.143746 0.987525 2007 1 7 1 1 221085 18105 1 
2.09028e+06 719745 84.0726 220 248 168 0.0475638 0.151972 0.98724 2007 1 -4 1 1 221085 18870 1 
2.0903e+06 719741 83.3736 219 248 169 0.176171 0.312114 0.933568 2007 1 -4 1 1 221085 18870 1 
2.0903e+06 719717 80.2948 204 248 176 -0.115378 -0.214273 0.969936 2007 1 4 1 1 221085 26265 2 
2.09027e+06 719748 84.1872 221 248 168 0.0517034 0.136727 0.989259 2007 1 10 1 1 221085 13005 1 
2.09034e+06 719721 81.5566 222 247 167 0.745068 0.0951461 0.660168 2007 1 -13 2 1 221084 6120 1 
2.09026e+06 719750 84.4157 221 247 167 0.0713187 0.0962236 0.992801 2007 1 5 1 1 221085 18105 1 
2.09026e+06 719732 81.0189 204 248 176 -0.125478 -0.421549 0.898082 2007 1 9 1 1 221085 18105 2 
2.09024e+06 719757 84.198 221 247 167 -0.00563938 0.161286 0.986892 2007 1 6 1 1 221085 13515 1 
2.09033e+06 719727 83.6884 221 248 168 0.637834 0.271994 0.720546 2007 1 -4 1 1 221085 18615 1 
2.09023e+06 719752 81.6037 213 248 171 -0.604491 -0.0236238 0.796261 2006 1 23 1 1 220946 6630 1 
2.09024e+06 719741 81.6796 212 248 171 -0.233557 -0.493064 0.838057 2006 1 20 1 1 220945 6120 1 
2.0903e+06 719733 84.4997 221 247 167 -0.027577 -0.106999 0.993877 2007 1 3 1 1 221085 20400 1 
2.09025e+06 719738 82.0331 218 248 169 -0.0122455 -0.534721 0.84494 2007 1 11 1 1 221085 12240 1 
2.09024e+06 719765 80.6618 204 248 176 0.238953 0.301911 0.922904 2007 1 8 1 1 221084 18360 2 
2.09024e+06 719746 83.4238 219 248 169 -0.0826513 -0.258126 0.962569 2007 1 10 1 1 221085 15300 1 
2.0903e+06 719742 83.5963 220 248 169 0.0875503 0.244887 0.965591 2007 1 -4 1 1 221084 20910 1 
2.09023e+06 719766 80.2083 203 248 176 -0.148842 0.12916 0.980389 2006 1 18 1 1 220945 15300 2 
2.09025e+06 719747 84.4517 221 247 167 -0.0338687 -0.0906808 0.995304 2007 1 12 1 1 221085 15810 1 
2.09023e+06 719751 81.2429 204 248 176 -0.451699 0.171032 0.875623 2006 1 20 1 1 220946 7395 2 
2.09026e+06 719759 80.9724 203 248 176 0.215525 0.432537 0.875478 2007 1 11 1 1 221085 22185 2 
2.09029e+06 719738 84.6643 222 247 167 -0.011053 0.0170819 0.999793 2007 1 -2 1 1 221085 20655 1 
2.0903e+06 719734 84.4912 222 247 167 0.025881 0.0362335 0.999008 2007 1 2 1 1 221085 15045 1 
2.09027e+06 719755 81.5776 203 248 176 0.239317 0.471013 0.849043 2007 1 10 2 2 221085 0 2 
2.09034e+06 719722 80.6505 204 248 175 0.414642 -0.110292 0.903276 2008 1 -37 1 1 221178 5355 2 
2.09028e+06 719726 80.9526 204 248 176 -0.260059 -0.478571 0.838653 2007 1 4 1 1 221085 11220 2 
2.09027e+06 719757 80.228 204 248 175 -0.0058491 0.214077 0.976799 2007 1 0 1 1 221085 26265 2 
2.09024e+06 719744 82.796 218 248 169 -0.150321 -0.55217 0.820069 2007 1 15 1 1 221085 15810 1 
2.09027e+06 719741 84.3759 221 247 167 -0.032126 -0.107456 0.993691 2007 1 -2 1 1 221085 18360 1 
2.09028e+06 719747 83.6883 220 248 169 0.0474127 0.222475 0.973785 2007 1 -3 1 1 221085 16575 1 
2.09023e+06 719768 80.2231 204 248 176 -0.102029 0.0791012 0.991632 2006 1 23 1 1 220946 17340 2 
2.09023e+06 719763 81.0458 220 248 168 -0.147347 0.222976 0.963624 2007 1 6 1 1 221085 16320 1 
2.09034e+06 719721 80.8836 205 248 175 0.486771 -0.00400086 0.87352 2008 1 -36 1 1 221178 4845 1 
2.09029e+06 719724 81.6817 204 248 176 -0.120294 -0.511612 0.850754 2007 1 3 2 2 221085 0 2 
2.09034e+06 719719 80.1451 204 248 176 0.18964 -0.0664343 0.979604 2007 1 -6 1 1 221085 13515 2 
2.09034e+06 719714 80.7516 204 248 175 0.492889 0.0538451 0.868424 2007 1 -14 1 1 221085 15300 2 
2.09034e+06 719736 80.2947 204 248 175 0.065292 0.165011 0.984128 2007 1 -9 1 1 221084 11730 2 
2.09026e+06 719742 83.9365 221 248 168 -0.0601628 -0.161614 0.985018 2007 1 12 1 1 221085 15300 1 
2.09026e+06 719741 84.0718 221 248 168 -0.00112706 -0.165678 0.986179 2007 1 12 1 1 221085 15045 1 
2.09034e+06 719726 81.7205 221 248 168 -0.257524 0.192121 0.94698 2007 1 -14 1 1 221085 18360 1 
2.09028e+06 719738 84.6151 222 247 167 -0.0230159 -0.106311 0.994066 2007 1 7 1 1 221085 21420 1 
2.09024e+06 719756 84.081 222 247 167 -0.230044 0.286496 0.930054 2007 1 11 1 1 221085 14535 1 
2.09023e+06 719749 81.7973 219 248 169 -0.557118 -0.179667 0.810765 2007 1 16 1 1 221085 13005 1 
2.09023e+06 719761 80.5513 204 248 176 -0.290619 0.647068 0.704871 2006 1 21 1 1 220946 9180 2 
2.09026e+06 719739 83.74 220 248 169 -0.0223785 -0.203762 0.978765 2007 1 9 1 1 221085 18360 1 
2.09032e+06 719714 80.5212 204 248 176 -0.116172 -0.353983 0.928009 2007 1 1 1 1 221085 16065 2 
2.09024e+06 719759 83.0469 221 248 168 -0.384483 0.147878 0.911211 2007 1 16 1 1 221085 13515 1 
2.09029e+06 719741 84.1111 220 248 168 0.0612145 0.186044 0.980633 2007 1 5 1 1 221085 16320 1 
2.09025e+06 719763 80.3535 204 248 176 0.0430376 0.358646 0.932481 2007 1 10 1 1 221085 20655 2 
2.09031e+06 719723 83.8174 220 248 168 -0.0536559 -0.184815 0.981308 2007 1 0 1 1 221085 17850 1 
2.09034e+06 719717 80.7552 205 248 175 0.50573 0.164622 0.846839 2008 1 -37 1 1 221178 5865 1 
2.09031e+06 719726 84.6291 221 247 167 -0.0425571 -0.148375 0.988015 2007 1 -10 1 1 221085 11985 1 
2.09026e+06 719734 80.1117 203 248 176 0.00113287 -0.175594 0.984462 2007 1 12 1 1 221085 22950 2 
2.09023e+06 719743 80.3718 203 248 176 -0.0279376 -0.249009 0.968098 2007 1 16 1 1 221085 12750 2 
2.09026e+06 719753 84.1189 221 248 168 0.0449551 0.148698 0.98786 2007 1 5 1 1 221085 14535 1 
2.09027e+06 719733 81.8203 218 248 169 -0.247812 -0.68977 0.680299 2007 1 12 1 1 221085 6630 1 
2.09029e+06 719749 82.3116 204 248 175 0.196871 0.500443 0.843089 2007 1 -1 2 2 221084 0 2 
2.09028e+06 719750 82.3384 218 248 169 0.261573 0.648384 0.714967 2007 1 1 1 1 221085 11985 1 
2.09032e+06 719714 82.2526 218 248 169 -0.161406 -0.513834 0.842569 2007 1 -2 2 1 221085 3570 1 
2.09023e+06 719751 82.9643 221 248 168 -0.469163 -0.0972141 0.877744 2007 1 19 1 1 221085 13260 1 
2.09024e+06 719736 79.9134 203 248 176 -0.0111406 -0.0253196 0.999617 2007 1 17 1 1 221085 17595 2 
2.09032e+06 719740 81.1814 204 248 175 0.13463 0.420897 0.897062 2007 1 -9 2 2 221085 0 2 
2.09033e+06 719723 84.6401 222 247 167 -0.017982 -0.0687547 0.997472 2007 1 -3 1 1 221085 18615 1 
2.09024e+06 719766 81.2978 204 248 176 0.138734 0.500904 0.854311 2007 1 5 1 1 221085 10455 2 
2.0903e+06 719746 80.8687 204 248 175 0.170661 0.251289 0.952748 2007 1 -2 1 1 221084 15810 2 
2.09033e+06 719727 81.1342 205 248 175 -0.203939 0.120337 0.97156 2008 1 -36 1 1 221178 6885 2 
2.09027e+06 719750 84.0175 221 248 168 0.0770634 0.152941 0.985226 2007 1 2 1 1 221084 19635 1 
2.09032e+06 719744 80.068 204 248 175 0.0112954 0.0400475 0.999134 2007 1 -6 1 1 221084 17085 2 
2.09028e+06 719742 84.3572 221 248 168 0.0233753 0.125782 0.991782 2007 1 6 1 1 221085 15555 1 
2.09023e+06 719752 83.8743 221 248 168 -0.35074 -0.106983 0.930342 2007 1 7 1 1 221085 16320 1 
2.09033e+06 719725 83.0395 205 248 175 0.666371 0.152616 0.729835 2008 1 -36 1 1 221178 7140 2 
2.0903e+06 719739 83.7578 220 248 169 0.0839476 0.183711 0.979389 2007 1 -8 1 1 221085 19125 1 
2.09023e+06 719744 81.0162 204 248 176 -0.279285 -0.452103 0.847114 2007 1 15 2 2 221085 0 2 
2.09029e+06 719734 84.3014 221 248 168 -0.030552 -0.136918 0.990111 2007 1 -1 1 1 221085 14535 1 
2.09033e+06 719723 83.1585 222 247 167 0.622032 0.52426 0.581574 2007 1 -9 1 1 221085 17850 1 
2.09033e+06 719716 83.7051 220 248 169 -0.0329084 -0.244984 0.968968 2007 1 -3 1 1 221085 21165 1 
2.09023e+06 719760 82.0611 218 248 169 -0.264324 0.615701 0.742324 2006 1 23 2 1 220946 4080 1 
2.09032e+06 719733 84.1133 220 248 168 0.0170039 0.15757 0.987361 2007 1 0 1 1 221085 16830 1 
2.09033e+06 719724 81.6614 205 248 175 0.212678 0.363144 0.907136 2008 1 -36 1 1 221178 6630 2 
2.09034e+06 719722 80.4633 205 248 175 0.337727 -0.141983 0.930473 2008 1 -35 1 1 221178 6120 1 
2.09027e+06 719749 83.9788 220 248 168 0.0410221 0.176981 0.983359 2007 1 6 1 1 221085 16320 1 
2.09028e+06 719755 80.2455 204 248 176 -0.0287074 0.16191 0.986388 2007 1 -3 1 1 221085 7905 2 
2.09026e+06 719754 83.4039 219 248 169 0.137885 0.326283 0.935162 2007 1 11 1 1 221085 16320 1 
2.09032e+06 719736 82.9904 219 248 169 0.146014 0.40402 0.903021 2007 1 -10 1 1 221085 15810 1 
2.09023e+06 719757 82.7931 222 247 167 -0.169357 -0.0432152 0.984607 2007 1 6 1 1 221085 15300 1 
2.09025e+06 719746 83.8523 220 248 168 -0.0365824 -0.192353 0.980644 2006 1 22 1 1 220945 14025 1 
2.09027e+06 719738 84.1042 221 248 168 -0.0375734 -0.140046 0.989432 2007 1 9 1 1 221085 19635 1 
2.09026e+06 719738 83.2967 219 248 169 -0.0747661 -0.323987 0.943103 2007 1 12 1 1 221085 18615 1 
2.09031e+06 719721 83.3206 219 248 169 -0.0735316 -0.292836 0.953331 2007 1 3 1 1 221085 21420 1 
2.09031e+06 719739 83.6786 220 248 169 0.055581 0.238381 0.96958 2007 1 -8 1 1 221085 17850 1 
2.09026e+06 719763 80.2924 204 248 176 0.0881305 0.259283 0.961772 2007 1 13 1 1 221085 21420 2 
2.09028e+06 719729 81.3306 204 248 176 -0.206192 -0.440568 0.873719 2007 1 7 1 1 221085 9945 2 
2.09029e+06 719747 83.2056 218 248 169 0.166211 0.303575 0.938198 2007 1 7 1 1 221085 15810 1 
2.09026e+06 719741 84.0029 220 248 168 -0.0808842 -0.130118 0.988194 2007 1 10 1 1 221085 16320 1 
2.0903e+06 719731 84.4602 221 248 168 -0.0273557 -0.0995748 0.994654 2007 1 3 1 1 221085 18870 1 
2.09029e+06 719748 81.5754 218 248 169 0.181572 0.411079 0.893334 2007 1 -5 1 1 221085 3825 1 
2.09029e+06 719746 83.5257 219 248 169 0.120048 0.236223 0.964255 2007 1 7 1 1 221085 18105 1 
2.09024e+06 719761 83.5897 219 248 169 -0.0879093 0.206773 0.974432 2007 1 15 1 1 221085 12495 1 
2.0903e+06 719723 81.6696 204 248 175 -0.126625 -0.44532 0.886372 2006 1 27 1 1 220944 5865 2 
2.09029e+06 719748 82.8488 218 248 169 0.125796 0.422619 0.897535 2007 1 1 1 1 221085 17595 1 
2.09027e+06 719727 79.9897 203 248 176 -0.0224411 -0.073735 0.997025 2007 1 13 1 1 221085 21165 2 
2.09031e+06 719737 83.9531 221 248 168 0.0125079 0.167151 0.985852 2007 1 -5 1 1 221084 18360 1 
2.09034e+06 719728 81.1688 205 248 175 0.0922257 0.0500019 0.994482 2008 1 -38 1 1 221177 6120 2 
2.09025e+06 719763 80.4491 204 248 175 0.0919107 0.399194 0.912248 2007 1 5 1 1 221084 24225 2 
2.09027e+06 719742 84.4157 221 248 168 -0.0281731 -0.134104 0.990567 2007 1 11 1 1 221085 17850 1 
2.09027e+06 719757 80.2841 204 248 176 0.176626 0.19756 0.964248 2007 1 0 1 1 221085 23460 2 
2.09032e+06 719719 83.9561 220 248 168 -0.0781284 -0.171883 0.982014 2006 1 30 1 1 220944 8415 1 
2.09024e+06 719752 84.2351 221 248 168 -0.0783487 -0.13214 0.98813 2007 1 16 1 1 221085 19125 1 
2.09031e+06 719716 80.7869 204 248 176 -0.0967626 -0.450156 0.887691 2007 1 0 1 1 221085 27285 2 
2.09033e+06 719716 83.7792 220 248 169 0.11073 -0.222733 0.96857 2007 1 -12 1 1 221085 18105 1 
2.09028e+06 719730 82.0225 218 248 169 -0.0664381 -0.549881 0.832596 2007 1 6 2 1 221085 6375 1 
2.09029e+06 719727 82.0547 204 248 175 -0.164299 -0.440555 0.882563 2006 1 24 1 1 220944 6375 2 
2.0903e+06 719745 82.4394 219 248 169 0.186858 0.439925 0.878379 2007 1 -5 1 1 221085 18360 1 
2.09032e+06 719739 81.3711 218 248 169 -0.0146633 0.462562 0.886466 2007 1 -5 1 1 221084 15300 1 
2.09033e+06 719720 82.8479 222 247 167 0.622475 -0.00966148 0.78258 2007 1 -14 1 1 221085 17085 1 
2.09032e+06 719725 84.5029 221 247 167 -0.0362085 -0.0910699 0.995186 2007 1 0 1 1 221085 21930 1 
2.09031e+06 719729 84.6485 222 247 167 0.0248248 0.0831092 0.996231 2007 1 -10 1 1 221085 19380 1 
2.09025e+06 719752 84.5647 222 247 167 0.00951664 0.0750757 0.997132 2007 1 14 1 1 221085 16830 1 
2.09033e+06 719730 81.9148 205 248 175 0.275518 -0.0515811 0.959911 2008 1 -36 1 1 221178 6630 2 
2.09028e+06 719721 79.9748 204 248 176 -0.0236682 -0.0319007 0.999211 2007 1 6 1 1 221085 7140 2 
2.09023e+06 719756 82.1184 218 248 169 -0.269787 0.31062 0.911444 2006 1 23 1 1 220946 4590 1 
2.09029e+06 719732 84.3088 221 248 168 -0.0559874 -0.124543 0.990633 2007 1 4 1 1 221085 23205 1 
2.09023e+06 719755 82.1381 204 248 176 -0.211108 0.131783 0.968538 2006 1 17 1 1 220945 6120 2 
2.09026e+06 719748 84.5844 222 247 167 -0.0150422 -0.0130365 0.999802 2007 1 1 1 1 221085 17085 1 
2.09032e+06 719727 84.5304 222 247 167 0.0190954 0.142654 0.989588 2007 1 -7 1 1 221085 17850 1 
2.09023e+06 719766 81.093 204 248 176 -0.308058 0.341118 0.88811 2006 1 23 1 1 220946 15045 2 
2.09023e+06 719767 79.8942 203 248 176 -0.0336866 0.0112289 0.999369 2006 1 21 1 1 220946 16320 2 
2.09028e+06 719735 84.2665 221 248 168 -0.0828092 -0.164418 0.982909 2007 1 6 1 1 221085 15555 1 
2.09031e+06 719728 84.3401 221 248 168 -0.0449704 -0.146442 0.988197 2007 1 0 1 1 221085 18360 1 
2.09025e+06 719744 83.8162 220 248 168 -0.054775 -0.15034 0.987116 2007 1 12 1 1 221085 14025 1 
2.09031e+06 719723 83.7479 220 248 169 -0.0292638 -0.186117 0.982092 2007 1 -10 1 1 221085 18360 1 
2.09031e+06 719717 81.5742 204 248 176 -0.198123 -0.591296 0.781739 2006 1 29 1 1 220944 5355 2 
2.09025e+06 719760 82.5554 218 248 169 0.134991 0.427707 0.893781 2007 1 9 1 1 221085 13515 1 
2.09031e+06 719720 82.9697 218 248 169 -0.160423 -0.42924 0.888829 2007 1 0 1 1 221085 16830 1 
2.09034e+06 719719 79.9949 204 248 176 0.0251679 -0.00503359 0.999671 2007 1 -5 1 1 221085 24735 2 
2.09034e+06 719716 80.1818 204 248 175 0.171631 0.0241896 0.984864 2007 1 -15 1 1 221085 14025 2 
2.09031e+06 719745 80.5554 204 248 175 0.122665 0.23371 0.964538 2007 1 -3 1 1 221084 24990 2 
2.09028e+06 719734 83.9285 220 248 168 -0.0664343 -0.18964 0.979604 2007 1 7 1 1 221085 18615 1 
2.09023e+06 719743 80.3814 203 248 176 -0.00619547 -0.311013 0.950386 2007 1 17 1 1 221085 15810 2 
2.09027e+06 719734 83.4116 219 248 169 -0.151625 -0.241282 0.958537 2007 1 8 1 1 221085 15810 1 
2.09024e+06 719753 84.4856 222 247 167 -0.00737202 -0.0726671 0.997329 2007 1 15 1 1 221085 17340 1 
2.09029e+06 719743 84.0002 221 248 168 0.0808649 0.175006 0.981241 2007 1 -3 1 1 221085 19125 1 
2.09031e+06 719737 83.0501 219 248 169 0.0996614 0.453389 0.885723 2007 1 -6 1 1 221085 17340 1 
2.09029e+06 719735 84.4058 221 248 168 -0.0255578 -0.121122 0.992309 2007 1 6 1 1 221085 18870 1 
2.09033e+06 719726 81.487 205 248 175 -0.0650133 0.161942 0.984656 2008 1 -37 1 1 221178 5610 2 
2.09026e+06 719761 80.117 204 248 176 0.0828092 0.164418 0.982909 2007 1 10 1 1 221085 11985 2 
2.09033e+06 719708 79.92 204 248 176 0 0 0 2007 1 -5 1 1 221085 18105 2 
2.09031e+06 719724 84.2137 221 248 168 -0.0428038 -0.156176 0.986801 2007 1 0 1 1 221085 17085 1 
2.09025e+06 719747 84.0005 220 248 168 -0.0482094 -0.170497 0.984178 2006 1 22 1 1 220945 14535 1 
2.09028e+06 719739 84.6346 222 247 167 -0.0320952 -0.0279539 0.999094 2007 1 5 1 1 221085 22185 1 
2.09029e+06 719748 81.9701 218 248 169 0.396098 0.513461 0.761226 2007 1 -3 1 1 221084 12750 1 
2.09033e+06 719733 81.834 204 248 175 0.347126 0.428803 0.834045 2007 1 -9 2 2 221084 0 2 
2.09028e+06 719731 82.5431 204 248 175 -0.200944 -0.371529 0.906415 2006 1 26 1 1 220945 5865 2 
2.09033e+06 719731 83.6549 220 248 168 0.178643 0.218342 0.959382 2007 1 -10 1 1 221085 15555 1 
2.09023e+06 719763 81.2904 204 248 176 -0.25481 0.158756 0.95387 2006 1 22 1 1 220946 11475 2 
2.09025e+06 719742 83.5359 219 248 169 -0.0570272 -0.285136 0.956789 2007 1 12 1 1 221085 16830 1 
2.09027e+06 719747 84.421 221 248 168 0.039937 0.14035 0.989296 2007 1 10 1 1 221085 15045 1 
2.09026e+06 719741 83.8923 220 248 168 -0.0908097 -0.165879 0.981956 2007 1 7 1 1 221085 17850 1 
2.09034e+06 719718 80.6034 205 248 175 0.335766 0.00880285 0.941904 2008 1 -37 1 1 221178 6885 2 
2.09032e+06 719713 81.5393 217 248 170 -0.318844 -0.619885 0.716995 2007 1 0 1 1 221085 5610 1 
2.09024e+06 719753 84.5097 222 247 167 0.00100465 0.0271257 0.999632 2007 1 5 1 1 221085 17085 1 
2.09023e+06 719758 80.4292 204 248 176 -0.500582 -0.148266 0.852898 2006 1 22 1 1 220946 20400 1 
2.09024e+06 719754 84.0133 222 247 167 -0.0963842 0.211545 0.972604 2007 1 15 1 1 221085 12495 1 
2.09028e+06 719751 81.1393 218 248 169 0.14145 0.497263 0.855992 2007 1 -3 2 1 221085 3570 1 
2.09031e+06 719721 83.6289 220 248 169 -0.0834599 -0.175387 0.980956 2007 1 1 1 1 221085 20910 1 
2.09034e+06 719726 81.965 221 248 168 0.123309 0.209753 0.969948 2007 1 -15 1 1 221085 18360 1 
2.09031e+06 719743 80.8552 204 248 175 0.101247 0.293221 0.950668 2007 1 -4 1 1 221084 22185 2 
2.09033e+06 719726 81.5213 205 248 175 0.495063 0.141655 0.857232 2008 1 -36 1 1 221178 7650 2 
2.09026e+06 719756 83.6243 220 248 169 0.0549765 0.221128 0.973694 2007 1 2 1 1 221085 14535 1 
2.09026e+06 719762 80.2238 204 248 176 0.0373486 0.220477 0.974677 2007 1 4 1 1 221085 23205 2 
2.09026e+06 719760 80.4055 204 248 176 0.121529 0.297813 0.946857 2007 1 11 1 1 221085 22950 2 
2.09023e+06 719757 80.808 204 248 176 -0.529159 0.060355 0.846373 2006 1 22 1 1 220946 9435 2 
2.09032e+06 719727 84.6838 222 247 167 0.00299048 -0.0189397 0.999816 2007 1 -8 1 1 221085 16065 1 
2.09027e+06 719751 83.0064 219 248 169 0.192618 0.392477 0.899366 2007 1 0 1 1 221085 16830 1 
2.09022e+06 719749 80.118 203 248 176 -0.15741 0.0333203 0.986971 2006 1 17 1 1 220945 16320 2 
2.09033e+06 719723 82.032 221 247 167 0.377751 0.359096 0.853437 2007 1 -4 1 1 221085 16575 1 
2.09028e+06 719724 80.0002 204 248 176 -0.00756011 -0.102601 0.994694 2007 1 5 1 1 221085 10965 2 
2.09023e+06 719774 79.8612 203 248 176 -0.00898964 0.0149827 0.999847 2007 1 7 1 1 221085 23205 2 
2.09034e+06 719713 80.2133 204 248 176 0.178985 -0.00342009 0.983846 2007 1 -6 1 1 221085 21930 2 
2.0903e+06 719745 81.4376 204 248 176 0.170174 0.558713 0.811715 2007 1 -6 2 2 221085 0 2 
2.09023e+06 719772 79.8722 204 248 176 -0.0172524 0.0213118 0.999624 2007 1 11 1 1 221084 22185 1 
2.09034e+06 719729 80.0453 204 248 176 0.039804 -0.0071443 0.999182 2007 1 -13 1 1 221084 23460 2 
2.09032e+06 719732 84.2753 221 248 168 0.0215181 0.148361 0.988699 2007 1 0 1 1 221085 20145 1 
2.09033e+06 719710 80.7521 204 248 176 -0.155072 -0.399773 0.903401 2007 1 -4 1 1 221085 12240 2 
2.09028e+06 719724 79.9617 204 248 176 -0.0243354 -0.0624257 0.997753 2007 1 5 1 1 221085 12240 2 
2.09025e+06 719764 80.5414 204 248 176 0.0609958 0.325744 0.943489 2007 1 5 1 1 221085 22950 2 
2.0903e+06 719747 80.6219 204 248 176 0.0857485 0.262365 0.961151 2007 1 -5 1 1 221085 19890 2 
2.09032e+06 719710 79.8887 203 248 176 -0.00299645 -0.0189775 0.999815 2007 1 0 1 1 221085 24225 2 
2.0903e+06 719745 81.9 214 248 171 0.0420475 0.457097 0.888422 2007 1 -6 1 1 221085 24735 1 
2.09027e+06 719752 83.1998 220 248 169 0.0659726 0.399875 0.914192 2007 1 2 1 1 221084 17340 1 
2.0903e+06 719736 84.6247 222 247 167 -0.00103045 0.0546139 0.998507 2007 1 -4 1 1 221085 18360 1 
2.09031e+06 719735 84.2058 221 248 168 0.0379503 0.150651 0.987858 2007 1 2 1 1 221085 14280 1 
2.09032e+06 719719 83.9283 220 248 168 -0.139883 -0.20405 0.968915 2007 1 -8 1 1 221085 15810 1 
2.09031e+06 719742 81.5759 218 248 169 0.313143 0.570081 0.759572 2007 1 -8 2 1 221085 7905 1 
2.09034e+06 719729 80.6248 204 248 176 0.27002 0.0435516 0.961869 2007 1 -6 1 1 221085 13770 2 
2.09032e+06 719731 84.3087 221 248 168 0.0487216 0.121237 0.991427 2007 1 -11 1 1 221085 17850 1 
2.09032e+06 719734 83.2812 219 248 169 0.185228 0.380507 0.906038 2007 1 -2 1 1 221085 16830 1 
2.09028e+06 719734 83.5642 219 248 169 -0.114048 -0.196764 0.973795 2007 1 0 1 1 221085 15810 1 
2.0903e+06 719720 82.0011 218 248 169 -0.160303 -0.483851 0.860343 2007 1 2 1 1 221085 9180 1 
2.09033e+06 719735 80.712 204 248 175 0.0944934 0.275714 0.956584 2007 1 -11 1 1 221084 24480 2 
2.09029e+06 719743 84.0169 221 248 168 0.0360515 0.168628 0.98502 2007 1 -5 1 1 221085 18360 1 
2.09033e+06 719734 82.2928 219 248 169 0.0997707 0.559583 0.822747 2007 1 -11 1 1 221085 15045 1 
2.09032e+06 719735 83.5967 220 248 169 0.0923425 0.287432 0.953339 2007 1 -11 1 1 221085 16320 1 
2.09034e+06 719733 80.091 204 248 175 0.0526659 0.00722865 0.998586 2007 1 -10 1 1 221084 23205 2 
2.09033e+06 719718 82.278 205 248 175 0.682471 0.0295503 0.730315 2008 1 -37 1 1 221178 6375 2 
2.09033e+06 719717 82.5004 207 248 174 0.680704 0.162943 0.714207 2008 1 -36 1 1 221178 6120 1 
2.09024e+06 719766 81.6476 218 248 169 -0.169759 0.557349 0.812738 2007 1 6 1 1 221085 13005 1 
2.09032e+06 719737 82.8983 219 248 169 0.089586 0.516186 0.851778 2007 1 -10 1 1 221085 15300 1 
2.09028e+06 719757 80.0227 204 248 175 0.0216111 0.0319021 0.999257 2007 1 1 1 1 221084 20400 2 
2.09029e+06 719739 84.5541 221 248 168 0.0170359 0.160138 0.986948 2007 1 5 1 1 221085 13005 1 
2.09028e+06 719726 81.3539 204 248 176 -0.184472 -0.453063 0.872183 2006 1 26 1 1 220945 6120 2 
2.09033e+06 719721 82.2171 207 248 173 0.530714 -0.102116 0.841377 2008 1 -36 1 1 221178 9435 1 
2.09031e+06 719715 80.2253 204 248 176 -0.257088 -0.168251 0.951629 2007 1 1 1 1 221085 29835 2 
2.09024e+06 719758 83.9696 221 248 168 0.0602797 0.164292 0.984568 2007 1 5 1 1 221085 13770 1 
2.09029e+06 719744 83.3585 219 248 169 0.107167 0.297687 0.948629 2007 1 3 1 1 221085 16830 1 
2.09034e+06 719724 80.1119 204 248 176 0.120519 -0.0654247 0.990553 2007 1 -8 1 1 221085 18870 2 
2.09031e+06 719739 83.462 219 248 169 0.0480682 0.346871 0.93668 2007 1 3 1 1 221085 16830 1 
2.09024e+06 719747 83.0314 219 248 169 -0.2899 -0.365004 0.884721 2007 1 15 1 1 221085 14280 1 
2.0903e+06 719747 81.1742 204 248 175 0.158068 0.353904 0.921828 2007 1 -2 1 1 221084 21675 2 
2.09034e+06 719708 80.0289 204 248 175 0.0384579 -0.0280639 0.998866 2008 1 -37 1 1 221178 10455 1 
2.09026e+06 719743 84.3462 221 248 168 -0.0565422 -0.137317 0.988912 2007 1 10 1 1 221085 18360 1 
2.09033e+06 719717 83.892 221 248 168 0.182609 -0.198373 0.962965 2007 1 -4 1 1 221085 15300 1 
2.09028e+06 719738 84.5394 222 247 167 -0.0504038 -0.101928 0.993514 2007 1 6 1 1 221085 19890 1 
2.09025e+06 719757 83.8619 221 248 168 0.074842 0.207349 0.9754 2007 1 4 1 1 221085 16065 1 
2.09031e+06 719740 83.0894 218 248 169 0.0507055 0.470054 0.88118 2007 1 1 1 1 221085 16065 1 
2.09029e+06 719734 84.3256 221 248 168 -0.0424066 -0.140973 0.989105 2007 1 0 1 1 221085 16320 1 
2.09023e+06 719761 81.0199 204 248 176 -0.289419 0.602822 0.743534 2006 1 22 1 1 220946 5865 1 
2.09023e+06 719743 79.9938 203 248 176 -0.174884 -0.09906 0.979593 2007 1 19 1 1 221085 15300 2 
2.09024e+06 719750 84.3305 221 247 167 -0.0296132 -0.0976138 0.994784 2007 1 14 1 1 221085 15555 1 
2.09022e+06 719754 80.1382 203 248 176 -0.128718 0.0707368 0.989155 2006 1 18 1 1 220945 17850 2 
2.09028e+06 719750 83.0527 218 248 169 0.0169214 0.397002 0.917661 2007 1 8 1 1 221085 13515 1 
2.09025e+06 719761 82.2397 218 248 169 0.118199 0.457132 0.88151 2007 1 14 1 1 221085 9180 1 
2.09027e+06 719742 84.4381 222 247 167 -0.0427975 -0.0866923 0.995315 2007 1 1 1 1 221085 18360 1 
2.09025e+06 719734 80.2729 204 248 176 -0.14986 -0.193409 0.969606 2007 1 12 1 1 221085 20400 2 
2.09023e+06 719756 80.7048 203 248 176 -0.430028 0.25984 0.864615 2006 1 15 1 1 220945 19890 2 
2.09024e+06 719759 82.0619 204 248 176 0.00925932 -0.044239 0.998978 2006 1 23 1 1 220946 7140 1 
2.09034e+06 719722 80.9364 205 248 175 0.441013 -0.0361925 0.896771 2008 1 -37 1 1 221178 9435 2 
2.09033e+06 719728 81.7215 206 248 174 0.413909 0.0664969 0.907886 2008 1 -36 1 1 221178 7140 1 
2.09025e+06 719746 84.3334 221 248 168 -0.0670516 -0.105691 0.992136 2007 1 12 1 1 221085 15810 1 
2.09023e+06 719762 81.0567 204 248 176 -0.396282 0.0520371 0.916653 2006 1 23 1 1 220946 6120 2 
2.09032e+06 719725 84.4228 221 248 168 -0.050593 -0.109056 0.992747 2007 1 -1 1 1 221085 20145 1 
2.09028e+06 719726 80.9715 204 248 176 -0.210536 -0.560918 0.800653 2007 1 6 1 1 221085 10710 2 
2.09026e+06 719750 84.3229 221 247 167 0.0560982 0.12708 0.990305 2007 1 2 1 1 221085 18105 1 
2.09031e+06 719744 80.3757 204 248 175 0.111518 0.199228 0.973587 2007 1 -4 1 1 221084 26520 2 
2.09025e+06 719742 82.9425 218 248 169 -0.246819 -0.437612 0.864625 2007 1 12 1 1 221085 17595 1 
2.09034e+06 719731 80.9718 205 248 175 0.293961 -0.199225 0.934824 2008 1 -37 1 1 221178 6120 2 
2.09023e+06 719758 82.4767 203 248 176 0.194392 0.303475 0.9328 2006 1 18 1 1 220945 10710 2 
2.09028e+06 719726 80.3611 204 248 176 -0.120165 -0.281265 0.952077 2007 1 10 1 1 221085 11475 2 
2.09031e+06 719717 82.2031 218 248 169 -0.146925 -0.556532 0.817732 2007 1 2 1 1 221085 17595 1 
2.09033e+06 719713 82.7324 218 248 169 -0.240476 -0.443141 0.863596 2007 1 -2 1 1 221085 23205 1 
2.09028e+06 719740 84.6289 222 247 167 0.00708896 0.0293686 0.999544 2007 1 5 1 1 221085 18870 1 
2.0903e+06 719743 82.785 219 248 169 0.00386972 0.398582 0.917125 2007 1 -4 1 1 221084 17340 1 
2.09028e+06 719726 81.511 217 248 170 -0.0979898 -0.618652 0.779531 2007 1 8 2 1 221085 8670 1 
2.09025e+06 719752 84.4706 221 247 167 0.0571291 0.0974556 0.993599 2007 1 13 1 1 221085 16320 1 
2.09026e+06 719758 82.4164 218 248 169 0.243323 0.442817 0.862964 2007 1 6 2 1 221085 6120 1 
2.09023e+06 719761 79.9663 203 248 176 -0.151295 0.0450421 0.987462 2006 1 17 1 1 220945 16575 2 
2.09029e+06 719722 80.7391 203 248 176 -0.0873472 -0.298545 0.95039 2007 1 8 2 2 221085 0 2 
2.09024e+06 719740 80.9585 206 248 174 -0.136338 -0.52043 0.84295 2007 1 16 2 2 221085 0 1 
2.09024e+06 719744 82.2114 218 248 169 -0.268926 -0.453332 0.849805 2007 1 16 1 1 221085 10200 1 
2.09023e+06 719752 82.083 212 248 171 -0.644831 0.058621 0.762074 2006 1 23 1 1 220946 6120 1 
2.09025e+06 719752 84.5193 222 247 167 0.0320554 0.10722 0.993718 2007 1 3 1 1 221085 16320 1 
2.09034e+06 719731 80.1231 204 248 175 0.0840112 -0.00744403 0.996437 2007 1 -10 1 1 221084 26265 2 
2.09027e+06 719730 81.6638 218 248 169 -0.186435 -0.55021 0.813948 2007 1 8 2 1 221085 3825 1 
2.09032e+06 719716 83.2594 219 248 169 -0.220184 -0.403425 0.888126 2006 1 29 1 1 220944 10455 1 
2.09031e+06 719743 81.8961 218 248 169 0.281918 0.594097 0.753373 2007 1 1 2 1 221085 4590 1 
2.09027e+06 719753 81.3972 204 248 175 0.280619 0.578678 0.765758 2007 1 -1 2 2 221085 0 2 
2.09025e+06 719735 79.973 203 248 176 -0.0669806 -0.0603924 0.995925 2007 1 17 1 1 221085 17085 2 
2.09031e+06 719733 84.3903 221 248 168 0.0356283 0.155155 0.987247 2007 1 -3 1 1 221085 18105 1 
2.09026e+06 719747 84.5186 221 247 167 -0.0357018 -0.0768131 0.996406 2006 1 21 1 1 220945 14535 1 
2.09031e+06 719720 83.1856 219 248 169 -0.0763429 -0.370999 0.92549 2007 1 1 1 1 221085 17085 1 
2.0903e+06 719743 83.0294 219 248 169 0.159473 0.36834 0.915911 2007 1 4 1 1 221085 18105 1 
2.09034e+06 719727 80.7313 205 248 175 0.285924 -0.0337116 0.957659 2008 1 -37 1 1 221178 5355 2 
2.09033e+06 719733 81.7277 218 248 169 0.19426 0.452284 0.870461 2007 1 -7 2 1 221085 10455 1 
2.09023e+06 719754 82.5268 219 248 169 -0.317557 0.270729 0.90877 2006 1 18 1 1 220945 5355 1 
2.09033e+06 719712 82.0125 213 248 171 -0.329552 -0.541751 0.773241 2006 1 32 1 1 220945 7650 1 
2.09023e+06 719761 80.7909 204 248 176 -0.391199 0.381772 0.837385 2006 1 20 1 1 220945 9180 2 
2.09032e+06 719738 82.2125 218 248 169 0.0288461 0.534339 0.844778 2007 1 -2 1 1 221085 11475 1 
2.09028e+06 719736 84.4257 221 248 168 -0.0486385 -0.116506 0.991998 2007 1 -1 1 1 221085 18105 1 
2.09031e+06 719731 84.5041 221 248 168 0.0564485 0.132481 0.989577 2007 1 0 1 1 221085 16830 1 
2.09028e+06 719744 84.2461 221 248 168 0.040867 0.171641 0.984311 2007 1 -2 1 1 221085 19380 1 
2.09032e+06 719718 83.3355 219 248 169 -0.103139 -0.328171 0.938971 2007 1 -2 1 1 221085 18870 1 
2.09024e+06 719754 84.3551 222 247 167 -0.122496 0.164565 0.97873 2007 1 15 1 1 221085 14790 1 
2.09029e+06 719722 80.2926 204 248 176 -0.129595 -0.250027 0.959527 2007 1 8 1 1 221085 3825 2 
2.09032e+06 719729 84.2281 221 248 168 0.0543302 0.142183 0.988348 2007 1 -2 1 1 221085 17340 1 
2.09023e+06 719769 79.9198 203 248 176 -0.0464824 0.0113624 0.998854 2007 1 17 2 2 221085 0 2 
2.09034e+06 719720 80.4716 204 248 175 0.353087 -0.115878 0.928387 2007 1 -14 1 1 221085 13515 2 
2.09029e+06 719739 84.5247 221 248 168 0.00996765 0.131794 0.991227 2006 1 25 1 1 220944 6120 1 
2.09033e+06 719729 81.6787 205 248 175 0.17664 -0.17664 0.968296 2008 1 -36 1 1 221178 5610 2 
2.09032e+06 719717 83.6369 219 248 169 -0.107744 -0.21929 0.969692 2007 1 -5 1 1 221085 16830 1 
2.09024e+06 719737 79.9874 203 248 176 -0.0443603 -0.128531 0.990713 2007 1 15 1 1 221085 19125 2 
2.09027e+06 719758 80.0737 204 248 176 0.00957073 0.0840097 0.996419 2007 1 -1 1 1 221085 21420 2 
2.09034e+06 719733 80.8215 204 248 176 0.111138 0.191057 0.975267 2007 1 -14 1 1 221085 6885 2 
2.09034e+06 719726 80.0751 204 248 175 0.0669222 -0.0244319 0.997459 2007 1 -11 1 1 221084 23460 2 
2.09029e+06 719726 82.3998 218 248 169 -0.135689 -0.435635 0.889837 2007 1 9 1 1 221085 17085 1 
2.09026e+06 719732 80.2598 203 248 176 -0.159347 -0.261115 0.952065 2007 1 14 1 1 221085 20145 2 
2.09034e+06 719723 80.6747 205 248 175 0.304747 -0.187858 0.933723 2008 1 -37 1 1 221178 5610 2 
2.09032e+06 719728 84.4872 221 248 168 0.034822 0.122439 0.991865 2007 1 -1 1 1 221085 16065 1 
2.09026e+06 719751 84.1129 220 248 168 0.0522104 0.14967 0.987357 2007 1 11 1 1 221085 16065 1 
2.09029e+06 719738 84.6346 222 247 167 0.0203815 0.0804534 0.99655 2007 1 5 1 1 221085 19890 1 
2.09032e+06 719732 83.9112 221 248 168 0.0802538 0.211129 0.974158 2007 1 -8 1 1 221084 19890 1 
2.09027e+06 719732 81.1252 204 248 176 -0.0639791 -0.584343 0.808981 2007 1 8 2 2 221085 0 2 
2.09024e+06 719737 79.9566 204 248 176 -0.0289142 -0.07175 0.997003 2007 1 13 1 1 221085 18105 2 
2.09029e+06 719718 80.012 204 248 176 -0.0385524 -0.0958301 0.994651 2007 1 6 1 1 221085 20910 2 
2.09025e+06 719753 84.3545 221 247 167 0.0329395 0.141981 0.989321 2007 1 3 1 1 221085 15555 1 
2.09027e+06 719755 81.1739 204 248 175 0.0691702 0.529364 0.845571 2007 1 3 1 1 221084 25245 2 
2.09033e+06 719725 81.6694 205 248 175 0.344582 0.0481114 0.937523 2008 1 -37 1 1 221178 7650 2 
2.09034e+06 719725 81.1859 205 248 175 0.580062 -0.295624 0.759035 2008 1 -37 1 1 221178 5610 2 
2.09033e+06 719714 82.6176 218 248 169 -0.107883 -0.510647 0.852996 2007 1 -1 1 1 221085 20400 1 
2.09026e+06 719758 83.1985 219 248 169 0.274921 0.383087 0.881852 2007 1 3 1 1 221085 17085 1 
2.09029e+06 719738 84.4715 221 247 167 0.0651806 0.113208 0.991431 2007 1 4 1 1 221085 18105 1 
2.09032e+06 719712 80.0753 204 248 176 -0.0992549 -0.177679 0.97907 2007 1 2 1 1 221085 20400 2 
2.09023e+06 719748 81.2921 203 248 176 -0.404743 -0.187139 0.895077 2006 1 18 1 1 220945 5865 2 
2.09026e+06 719754 83.934 220 248 168 0.0652662 0.167319 0.98374 2007 1 7 1 1 221085 16575 1 
2.09031e+06 719725 84.1795 221 248 168 -0.0428038 -0.156176 0.986801 2007 1 -7 1 1 221085 16575 1 
2.09031e+06 719724 84.0292 220 248 168 -0.0538597 -0.190304 0.980247 2007 1 0 1 1 221085 19890 1 
2.09029e+06 719732 83.8863 220 248 169 -0.0313205 -0.170523 0.984856 2007 1 4 1 1 221085 18870 1 
2.09028e+06 719746 84.1762 220 248 168 0.0915275 0.176953 0.979954 2007 1 8 1 1 221085 13515 1 
2.09032e+06 719742 80.1859 204 248 175 0.0546444 0.214935 0.975099 2007 1 -7 1 1 221084 23715 2 
2.09028e+06 719733 83.5457 220 248 169 -0.0060515 -0.272317 0.962188 2007 1 11 1 1 221085 19380 1 
2.09027e+06 719731 81.7653 218 248 169 -0.225928 -0.527164 0.819179 2007 1 7 2 1 221085 3825 1 
2.09031e+06 719728 84.3783 221 248 168 -0.0616638 -0.143107 0.987784 2007 1 1 1 1 221085 19380 1 
2.09031e+06 719741 81.8768 218 248 169 0.374622 0.574202 0.727977 2007 1 -9 2 1 221085 7140 1 
2.09031e+06 719727 84.7127 222 247 167 0.0144604 -0.132368 0.991095 2007 1 0 1 1 221085 17850 1 
2.09033e+06 719725 82.9358 221 247 167 0.716388 0.156 0.680038 2007 1 -3 1 1 221085 17085 1 
2.09033e+06 719728 81.4965 220 248 168 0.234705 -0.145543 0.961109 2007 1 -8 1 1 221085 18615 1 
2.09032e+06 719733 83.6338 219 248 169 0.107673 0.263344 0.958674 2007 1 -10 1 1 221085 16065 1 
2.0903e+06 719746 81.4631 204 248 176 0.274655 0.446507 0.851585 2007 1 -6 1 1 221085 16320 2 
2.09023e+06 719762 80.4572 204 248 176 -0.195617 -0.0222558 0.980428 2006 1 22 1 1 220946 11475 2 
2.09026e+06 719745 84.3949 221 247 167 -0.0162756 -0.0987385 0.99498 2007 1 10 1 1 221085 17595 1 
2.09026e+06 719736 82.3496 218 248 169 -0.00942548 -0.504937 0.863105 2007 1 14 1 1 221085 14025 1 
2.09027e+06 719755 81.9915 204 248 176 0.101836 0.520652 0.847674 2007 1 7 2 2 221085 0 2 
2.09031e+06 719742 81.4778 204 248 176 0.267223 0.520382 0.811045 2007 1 0 2 2 221085 0 2 
2.09033e+06 719725 82.4002 205 248 175 0.830827 0.093594 0.548605 2008 1 -36 1 1 221178 6885 2 
2.09023e+06 719769 79.9941 204 248 176 -0.0688973 0.0201392 0.99742 2006 1 22 1 1 220946 20910 1 
2.09029e+06 719751 80.3687 204 248 176 0.152817 0.191342 0.969554 2007 1 -4 1 1 221085 11475 2 
2.09027e+06 719732 81.2574 203 248 176 -0.0899983 -0.532847 0.841412 2006 1 20 1 1 220944 5610 2 
2.09029e+06 719746 82.841 219 248 169 0.0870564 0.354922 0.930834 2007 1 -1 1 1 221084 23715 1 
2.09029e+06 719722 80.5241 204 248 176 -0.0206152 -0.255872 0.966491 2007 1 4 1 1 221085 21420 2 
2.09029e+06 719733 84.3616 221 247 167 -0.0443472 -0.130767 0.990421 2007 1 -5 1 1 221085 17850 1 
2.0903e+06 719735 84.4971 222 247 167 0.0538993 0.078099 0.995488 2007 1 -7 1 1 221085 16575 1 
2.09025e+06 719737 80.1202 204 248 176 -0.113381 -0.188138 0.975576 2007 1 13 1 1 221085 24735 2 
2.09031e+06 719735 84.2052 221 248 168 0.0579347 0.114733 0.991706 2007 1 1 1 1 221085 15555 1 
2.09024e+06 719739 80.5417 204 248 175 -0.143436 -0.363465 0.920499 2007 1 17 1 1 221085 8160 1 
2.09023e+06 719751 82.2808 215 248 170 -0.386352 0.126924 0.913577 2006 1 17 1 1 220945 6885 1 
2.0903e+06 719744 82.3567 218 248 169 0.0174277 0.473228 0.880767 2007 1 3 1 1 221085 10710 1 
2.09024e+06 719752 84.3455 221 248 168 -0.0390117 -0.110347 0.993127 2007 1 15 1 1 221085 16065 1 
2.09034e+06 719720 80.0064 204 248 176 0.0362335 -0.025881 0.999008 2007 1 -16 1 1 221085 22950 2 
2.09034e+06 719720 79.9898 204 248 176 0.00893687 -0.00695089 0.999936 2007 1 -15 1 1 221085 20910 2 
2.09024e+06 719767 80.5908 204 248 176 -0.119196 0.581263 0.804939 2007 1 8 1 1 221084 5100 2 
2.09032e+06 719743 80.1647 204 248 176 -0.00335105 0.150797 0.988559 2007 1 -9 1 1 221085 24735 2 
2.09023e+06 719760 82.1522 221 248 168 0.0772532 0.11415 0.990455 2007 1 16 1 1 221085 12495 1 
2.09032e+06 719742 80.1153 204 248 175 0.0590194 0.193921 0.97924 2007 1 -8 1 1 221084 22440 2 
2.09034e+06 719718 80.8744 205 248 175 0.62345 -0.0351834 0.781071 2008 1 -37 1 1 221178 6120 2 
2.09025e+06 719742 83.1633 218 248 169 -0.370116 -0.31833 0.872743 2007 1 12 1 1 221085 15300 1 
2.09029e+06 719748 81.7434 204 248 175 -0.0825852 0.477314 0.874843 2007 1 -4 1 1 221085 3825 2 
2.09033e+06 719724 83.4327 222 247 167 0.570649 0.337863 0.748471 2007 1 -8 1 1 221085 18615 1 
2.09024e+06 719766 81.5595 218 248 169 -0.229137 0.397663 0.88846 2007 1 14 1 1 221085 12495 1 
2.09023e+06 719750 83.2272 220 248 169 -0.28442 -0.252976 0.924721 2007 1 15 1 1 221085 14025 1 
2.09023e+06 719747 80.5335 204 248 176 -0.233652 -0.105973 0.966528 2006 1 18 1 1 220945 5865 2 
2.09029e+06 719736 84.4717 221 247 167 -0.0268802 -0.0763399 0.996719 2007 1 -5 1 1 221085 18615 1 
2.09034e+06 719729 80.0508 204 248 176 0.0421831 -0.0133751 0.99902 2007 1 -14 1 1 221084 23715 2 
2.09034e+06 719732 81.1617 218 248 169 0.148765 0.238288 0.959733 2007 1 -13 1 1 221085 5865 1 
2.09026e+06 719742 84.0478 221 248 168 -0.0587447 -0.132464 0.989446 2007 1 11 1 1 221085 16320 1 
2.09033e+06 719733 82.0457 219 248 169 0.227663 0.499636 0.835783 2007 1 -8 1 1 221084 16320 1 
2.09024e+06 719744 83.0406 219 248 169 -0.102812 -0.385204 0.917086 2007 1 14 1 1 221085 14280 1 
2.09023e+06 719763 80.9731 203 248 176 -0.254097 0.0638373 0.96507 2006 1 16 1 1 220945 10455 2 
2.09026e+06 719743 84.1266 221 248 168 -0.0595787 -0.148363 0.987137 2007 1 2 1 1 221085 14790 1 
2.09033e+06 719706 79.9573 203 248 176 0.00312801 -0.0656882 0.997835 2007 1 -4 1 1 221085 17085 2 
2.09031e+06 719719 82.0325 218 248 169 -0.284427 -0.477153 0.831521 2007 1 0 2 1 221085 4080 1 
2.09033e+06 719727 82.5991 205 248 175 0.540989 0.108778 0.833965 2008 1 -36 1 1 221178 7650 2 
2.09028e+06 719740 84.5413 222 247 167 0.00745849 0.0863054 0.996241 2007 1 6 1 1 221085 17850 1 
2.09023e+06 719749 82.0172 218 248 169 -0.422419 0.0469355 0.905185 2006 1 17 1 1 220945 9180 1 
2.09033e+06 719712 81.8872 218 248 169 -0.163386 -0.553113 0.816928 2007 1 -10 2 1 221085 5610 1 
2.09031e+06 719718 82.7896 218 248 169 -0.183594 -0.500032 0.846322 2007 1 0 1 1 221085 11475 1 
2.09023e+06 719765 80.0104 203 248 176 -0.05656 0.135051 0.989223 2006 1 17 1 1 220945 19125 2 
2.09033e+06 719717 83.9491 220 248 168 0.00560788 -0.153656 0.988109 2007 1 -3 1 1 221085 20910 1 
2.09033e+06 719736 81.7454 218 248 169 0.220614 0.503608 0.835289 2007 1 -8 2 1 221084 11475 1 
2.09024e+06 719741 81.1434 203 248 176 -0.13795 -0.489361 0.861101 2007 1 15 1 1 221085 6120 2 
2.0903e+06 719740 83.9972 220 248 168 0.0845973 0.194942 0.97716 2007 1 5 1 1 221085 20910 1 
2.09028e+06 719747 84.1208 221 248 168 0.0421465 0.135552 0.989873 2007 1 7 1 1 221085 18105 1 
2.09032e+06 719728 84.5159 221 247 167 0.0415844 0.115762 0.992406 2007 1 -6 1 1 221085 18615 1 
2.09032e+06 719736 83.2012 219 248 169 0.0508187 0.476597 0.877652 2007 1 -10 1 1 221085 16575 1 
2.09024e+06 719740 80.2812 203 248 176 -0.0947335 -0.396782 0.913011 2007 1 18 1 1 221085 14025 2 
2.09026e+06 719746 84.4714 222 247 167 0.0114746 -0.0573728 0.998287 2007 1 14 1 1 221085 17850 1 
2.09028e+06 719751 81.5522 204 248 175 0.265173 0.652612 0.709775 2007 1 -1 2 2 221085 0 2 
2.09028e+06 719735 83.8944 220 248 168 -0.029468 -0.199203 0.979515 2007 1 6 1 1 221085 16575 1 
2.09024e+06 719746 83.8035 220 248 168 -0.0688388 -0.189609 0.979444 2007 1 19 1 1 221085 14790 1 
2.09027e+06 719759 80.3104 204 248 176 0.07376 0.236282 0.968881 2007 1 0 1 1 221085 22185 2 
2.09033e+06 719727 81.0821 205 248 175 0.269687 -0.0158639 0.962817 2008 1 -36 1 1 221178 5610 1 
2.09031e+06 719714 80.0627 204 248 176 -0.0546493 -0.149995 0.987175 2007 1 0 1 1 221085 26010 2 
2.09029e+06 719726 82.908 218 248 169 -0.0803446 -0.404446 0.911026 2007 1 4 1 1 221085 18360 1 
2.09029e+06 719747 82.4891 218 248 169 0.154849 0.396357 0.904944 2007 1 -4 1 1 221085 17595 1 
2.09032e+06 719741 80.4587 204 248 175 0.128504 0.366166 0.921634 2007 1 -11 1 1 221085 24990 2 
2.09029e+06 719723 81.4096 203 248 176 -0.154598 -0.437787 0.885687 2007 1 3 2 2 221085 0 2 
2.09032e+06 719717 83.4847 219 248 169 -0.223435 -0.259517 0.939536 2007 1 -13 1 1 221085 18870 1 
2.09026e+06 719748 84.5432 222 247 167 0.0532077 -0.0177359 0.998426 2007 1 12 1 1 221085 15555 1 
2.09024e+06 719762 83.2444 219 248 169 0.00385931 0.392363 0.919802 2007 1 15 1 1 221085 12495 1 
2.09028e+06 719748 83.6786 220 248 169 0.0812048 0.284861 0.955123 2007 1 9 1 1 221085 17085 1 
2.09032e+06 719715 81.1463 204 248 175 -0.20072 -0.456452 0.866812 2006 1 29 1 1 220944 7140 2 
2.09023e+06 719767 80.0298 204 248 176 -0.0832786 0.0292016 0.996098 2006 1 22 1 1 220946 16575 2 
2.09029e+06 719737 84.5698 222 247 167 0.0381717 0.0839778 0.995736 2007 1 -3 1 1 221085 22185 1 
2.09024e+06 719749 84.1533 221 248 168 -0.0328128 -0.136908 0.99004 2007 1 17 1 1 221085 14280 1 
2.09032e+06 719741 80.5223 204 248 175 0.0577457 0.304127 0.95088 2007 1 -6 1 1 221084 27030 2 
2.09029e+06 719735 84.4847 221 247 167 -0.0414206 -0.110828 0.992976 2007 1 -4 1 1 221085 15810 1 
2.0903e+06 719727 83.298 219 248 169 -0.0915517 -0.394902 0.91415 2007 1 -5 1 1 221085 17850 1 
2.09031e+06 719716 80.3722 204 248 176 -0.0913866 -0.386006 0.917958 2007 1 0 1 1 221085 32895 2 
2.09028e+06 719751 82.3664 218 248 169 0.115522 0.560064 0.820355 2007 1 0 1 1 221084 14025 1 
2.09026e+06 719752 84.2946 221 248 168 0.03489 0.124929 0.991552 2007 1 2 1 1 221085 17850 1 
2.09032e+06 719724 84.6396 222 247 167 -0.0545334 -0.041702 0.997641 2007 1 -11 1 1 221085 13770 1 
2.09033e+06 719709 80.4828 204 248 176 0.0906231 -0.37196 0.923814 2007 1 -4 1 1 221085 12240 2 
2.09026e+06 719756 83.4525 218 248 169 0.137663 0.279335 0.950274 2007 1 12 1 1 221085 13515 1 
2.09029e+06 719723 80.8903 204 248 176 -0.0449089 -0.322061 0.945653 2007 1 3 1 1 221085 19125 2 
2.09027e+06 719761 80.0667 204 248 175 0.020378 0.0825844 0.996376 2007 1 3 1 1 221084 14025 2 
2.09029e+06 719741 84.2858 221 248 168 0.0418187 0.125456 0.991217 2007 1 -5 1 1 221085 19125 1 
2.09027e+06 719757 80.5149 204 248 176 0.237959 0.420544 0.87551 2007 1 1 1 1 221085 24735 2 
2.09023e+06 719759 82.2643 203 248 176 0.220209 0.067662 0.973103 2006 1 17 1 1 220945 11220 2 
2.09027e+06 719732 82.3461 204 248 175 -0.211622 -0.386758 0.897571 2006 1 25 1 1 220945 7395 2 
2.09031e+06 719712 79.9581 204 248 176 -0.0158958 -0.0731207 0.997196 2007 1 -1 1 1 221085 26265 2 
2.0903e+06 719738 84.1162 221 248 168 0.0427366 0.151311 0.987562 2007 1 -3 1 1 221085 18615 1 
2.0903e+06 719749 80.4648 204 248 175 0.121314 0.256977 0.958773 2007 1 -6 1 1 221085 26775 2 
2.09029e+06 719739 84.5945 222 247 167 0.0358701 0.0153729 0.999238 2007 1 -5 1 1 221085 19635 1 
2.09029e+06 719749 81.282 204 248 175 0.0723272 0.332705 0.940253 2007 1 -1 1 1 221084 6630 2 
2.09033e+06 719736 80.5583 204 248 175 0.105707 0.322473 0.940658 2007 1 -9 1 1 221084 24225 2 
2.09033e+06 719729 84.0452 221 248 168 0.119718 0.166618 0.978727 2007 1 -2 1 1 221085 17595 1 
2.09034e+06 719731 81.3795 205 248 175 0.312274 0.0316067 0.949466 2008 1 -36 1 1 221178 6120 2 
2.09032e+06 719721 83.9061 220 248 168 -0.0741161 -0.14235 0.987038 2007 1 -1 1 1 221085 20400 1 
2.09027e+06 719737 83.6871 220 248 168 -0.0921292 -0.233478 0.967988 2007 1 11 1 1 221085 15045 1 
2.09033e+06 719736 81.2431 204 248 175 0.141281 0.42955 0.891923 2007 1 -9 1 1 221085 22695 2 
2.09028e+06 719731 83.0073 219 248 169 -0.137903 -0.371922 0.917964 2007 1 8 1 1 221085 21165 1 
2.0903e+06 719750 80.2111 204 248 176 0.0664726 0.141109 0.98776 2007 1 -5 1 1 221085 26520 2 
2.09032e+06 719712 79.963 204 248 176 -0.0116766 -0.0796132 0.996757 2007 1 -2 1 1 221085 27540 2 
2.0903e+06 719740 83.3176 219 248 169 0.216098 0.303667 0.927948 2007 1 -8 1 1 221085 15300 1 
2.09033e+06 719710 80.6775 204 248 176 -0.0464198 -0.391253 0.919112 2007 1 -8 1 1 221085 17340 2 
2.09027e+06 719752 83.3685 220 248 169 0.0708716 0.375753 0.924006 2007 1 -1 1 1 221085 15045 1 
2.09033e+06 719734 81.4306 219 248 169 0.169857 0.386817 0.906378 2007 1 -8 1 1 221084 15810 1 
2.09029e+06 719731 84.0177 221 248 168 -0.0172027 -0.17088 0.985142 2007 1 -6 1 1 221085 15555 1 
2.09031e+06 719742 81.2246 204 248 176 0.203867 0.447911 0.870525 2007 1 -8 1 1 221085 22440 2 
2.09029e+06 719735 84.6006 222 247 167 -0.0425419 -0.0796297 0.995916 2007 1 4 1 1 221085 17085 1 
2.09033e+06 719707 80.0116 204 248 176 0.0158359 -0.0665107 0.99766 2007 1 1 1 1 221085 8415 2 
2.09024e+06 719761 83.5333 220 248 169 0.0619952 0.27202 0.960293 2007 1 6 1 1 221085 14025 1 
2.09023e+06 719761 80.7867 203 248 176 -0.327143 0.518641 0.78993 2006 1 17 1 1 220945 14790 2 
2.09034e+06 719722 81.6054 205 248 175 0.815246 -0.324515 0.47965 2008 1 -37 1 1 221178 6885 2 
2.09028e+06 719723 79.9399 204 248 176 -0.00100859 -0.0312662 0.999511 2007 1 10 1 1 221085 11475 2 
2.09026e+06 719761 80.623 204 248 176 0.152762 0.4126 0.898012 2007 1 8 1 1 221085 18870 2 
2.09023e+06 719761 80.2709 203 248 176 -0.11684 0.133704 0.98411 2006 1 20 1 1 220945 16065 2 
2.09033e+06 719711 81.6619 204 248 176 -0.255848 -0.566634 0.783242 2007 1 -3 2 2 221085 0 2 
2.09028e+06 719746 84.1673 220 248 168 0.0700452 0.162647 0.984195 2007 1 8 1 1 221085 15810 1 
2.09025e+06 719742 83.3978 219 248 169 -0.0687506 -0.310026 0.948239 2007 1 13 1 1 221085 15555 1 
2.09023e+06 719748 82.0132 219 248 169 -0.264471 -0.273048 0.924932 2007 1 17 1 1 221085 15045 1 
2.09026e+06 719756 83.1166 219 248 169 0.212678 0.363144 0.907136 2007 1 5 1 1 221084 19635 1 
2.09033e+06 719728 84.2894 221 248 168 0.088162 0.16787 0.981859 2007 1 -3 1 1 221085 15300 1 
2.09034e+06 719723 81.0207 222 247 167 0.391267 -0.148314 0.908247 2007 1 -4 2 1 221085 4335 1 
2.09028e+06 719741 84.6069 222 247 167 -0.00498443 0.0149533 0.999876 2007 1 6 1 1 221085 19125 1 
2.09023e+06 719755 80.2645 203 248 176 -0.244805 0.117869 0.962381 2006 1 17 1 1 220945 19125 2 
2.09028e+06 719752 81.0185 204 248 176 -0.0546788 0.390753 0.91887 2007 1 -3 1 1 221085 6375 2 
2.09025e+06 719734 80.3021 203 248 176 0.0856157 -0.317437 0.944407 2007 1 12 1 1 221085 24735 2 
2.09031e+06 719729 84.5383 221 247 167 -0.0318742 -0.0978207 0.994694 2007 1 1 1 1 221085 21420 1 
2.09031e+06 719728 84.7229 222 247 167 0.00938734 0.0594531 0.998187 2007 1 0 1 1 221085 22185 1 
2.09024e+06 719738 79.9277 204 248 176 -0.0169466 -0.00299058 0.999852 2007 1 13 1 1 221085 20910 2 
2.09033e+06 719739 80.2446 204 248 175 0.0539364 0.19537 0.979245 2007 1 -9 1 1 221084 23460 2 
2.09033e+06 719734 82.004 218 248 169 0.371814 0.530932 0.761489 2007 1 -7 2 1 221085 7650 1 
2.0903e+06 719728 83.7703 220 248 169 -0.045343 -0.241421 0.969361 2007 1 4 1 1 221085 16830 1 
2.09031e+06 719722 83.7997 220 248 168 -0.0623917 -0.158922 0.985318 2007 1 0 1 1 221085 20145 1 
2.09026e+06 719750 84.3623 221 248 168 0.0533572 0.0664243 0.996364 2007 1 11 1 1 221085 16830 1 
2.09023e+06 719755 82.3873 205 248 175 -0.320185 0.270476 0.907923 2006 1 16 1 1 220945 6120 2 
2.09028e+06 719735 84.0324 221 248 168 -0.0556303 -0.171625 0.98359 2007 1 6 1 1 221085 19890 1 
2.09025e+06 719739 81.1365 203 248 176 -0.251229 -0.455258 0.85418 2007 1 17 1 1 221085 5100 2 
2.09033e+06 719734 81.6592 218 248 169 0.14167 0.597997 0.788879 2007 1 -10 2 1 221085 4335 1 
2.09029e+06 719730 83.5609 220 248 169 -0.123966 -0.254457 0.959106 2007 1 4 1 1 221085 18870 1 
2.09027e+06 719747 84.2438 221 248 168 0.0619276 0.146056 0.987336 2007 1 -1 1 1 221085 19125 1 
2.09026e+06 719761 80.2888 204 248 176 0.0473171 0.315874 0.947621 2007 1 6 1 1 221084 22950 2 
2.09031e+06 719727 84.7317 222 245 164 -0.0628165 -0.0287465 0.997611 2007 1 -11 2 1 221085 5610 1 
2.09032e+06 719733 84.0729 221 248 168 0.0588805 0.193464 0.979339 2007 1 -7 1 1 221084 17595 1 
2.0903e+06 719739 83.9688 221 248 168 0.0504585 0.167804 0.984528 2007 1 -7 1 1 221085 16065 1 
2.09023e+06 719765 81.3762 204 248 176 -0.538618 0.0067836 0.842523 2006 1 17 1 1 220945 10455 2 
2.09029e+06 719749 81.3604 204 248 176 0.206163 0.325596 0.922759 2007 1 5 1 1 221085 6120 2 
2.09033e+06 719723 84.6549 222 247 167 -0.0209466 -0.113553 0.993311 2007 1 -13 1 1 221085 14535 1 
2.09032e+06 719721 83.8753 220 248 168 -0.123172 -0.145123 0.981717 2007 1 -11 1 1 221085 19380 1 
2.09034e+06 719730 81.3811 204 248 175 0.19507 0.103126 0.975352 2008 1 -38 1 1 221178 6630 2 
2.09024e+06 719763 82.7923 218 248 169 0.0452538 0.489564 0.870792 2007 1 15 1 1 221085 14025 1 
2.09031e+06 719739 83.4173 219 248 169 0.136573 0.269169 0.95336 2007 1 2 1 1 221085 17850 1 
2.09028e+06 719741 84.5591 222 247 167 0.0447344 0.0752847 0.996158 2007 1 1 1 1 221085 16065 1 
2.09031e+06 719717 82.1044 218 248 169 -0.18471 -0.59382 0.783109 2007 1 -1 2 1 221085 5865 1 
2.09034e+06 719707 79.9973 203 248 176 0.00938734 -0.0594531 0.998187 2007 1 -5 1 1 221085 20145 2 
2.09028e+06 719746 83.7286 220 248 169 0.0796869 0.197378 0.977083 2007 1 -3 1 1 221085 17595 1 
2.09031e+06 719738 83.5329 219 248 169 0.0472405 0.312809 0.948641 2007 1 -9 1 1 221085 19635 1 
2.09034e+06 719713 81.2771 220 248 169 0.513885 -0.0630104 0.855542 2006 1 31 2 1 220944 6120 1 
2.09027e+06 719738 83.9946 221 248 168 -0.0270125 -0.193785 0.980672 2007 1 11 1 1 221085 17850 1 
2.09028e+06 719732 83.0423 219 248 169 -0.0424465 -0.330568 0.942827 2007 1 6 1 1 221085 20145 1 
2.09024e+06 719743 82.2197 204 248 175 -0.0463628 -0.571808 0.819076 2006 1 17 1 1 220945 4590 2 
2.09032e+06 719730 84.3945 221 248 168 0.034822 0.122439 0.991865 2007 1 -1 1 1 221085 18360 1 
2.09034e+06 719721 80.0578 204 248 175 0.0694745 -0.0267209 0.997226 2007 1 -13 1 1 221084 19890 2 
2.09022e+06 719744 79.9208 203 248 176 -0.029149 -0.0788102 0.996463 2007 1 21 1 1 221085 16320 2 
2.09027e+06 719731 80.6819 203 248 176 -0.0941539 -0.319593 0.942865 2007 1 11 1 1 221085 8925 2 
2.09025e+06 719750 84.5612 222 247 167 0.0277294 0.0256754 0.999286 2007 1 13 1 1 221085 16065 1 
2.09023e+06 719751 81.7084 209 248 172 -0.604102 0.246348 0.757874 2006 1 22 1 1 220946 6885 1 
2.09025e+06 719764 80.6722 204 248 176 0.0521244 0.404966 0.912845 2007 1 3 1 1 221085 24735 2 
2.0903e+06 719736 84.6125 222 247 167 0.011633 0.0729707 0.997266 2007 1 4 1 1 221085 17595 1 
2.09027e+06 719735 82.9046 218 248 169 -0.194626 -0.280206 0.940003 2007 1 10 1 1 221085 11220 1 
2.09032e+06 719736 82.6348 219 248 169 0.286796 0.457324 0.841786 2007 1 -9 1 1 221084 15300 1 
2.09025e+06 719749 84.4303 221 247 167 -0.0456285 -0.101273 0.993812 2007 1 7 1 1 221085 14790 1 
2.09022e+06 719743 79.8782 204 248 176 -0.0172867 -0.0233879 0.999577 2007 1 16 1 1 221085 22185 2 
2.09023e+06 719755 82.1879 219 248 169 -0.0109658 -0.0109658 0.99988 2006 1 22 1 1 220946 6630 1 
2.09025e+06 719746 84.1766 221 248 168 -0.0776719 -0.163709 0.983446 2007 1 14 1 1 221085 13260 1 
2.09033e+06 719730 82.4943 220 248 168 0.420798 0.0305311 0.90664 2007 1 -10 1 1 221084 17850 1 
2.09024e+06 719737 79.9286 204 248 176 -0.00715891 -0.0398853 0.999179 2007 1 12 1 1 221085 18105 2 
2.09033e+06 719722 84.1809 222 247 167 0.320313 -0.0970241 0.94233 2007 1 -14 1 1 221085 14535 1 
2.09029e+06 719730 83.6466 219 248 169 -0.0599891 -0.221592 0.973292 2007 1 6 1 1 221085 17340 1 
2.09033e+06 719728 82.0879 206 248 174 0.561474 0.291076 0.774611 2008 1 -36 1 1 221178 7650 1 
2.09024e+06 719756 84.3243 221 248 168 0.0362012 0.0932455 0.994985 2007 1 14 1 1 221085 14790 1 
2.09027e+06 719751 83.6098 219 248 169 0.0793547 0.245622 0.966112 2007 1 1 1 1 221085 18105 1 
2.09034e+06 719712 80.5818 204 248 176 0.419787 -0.0304578 0.907111 2007 1 -4 1 1 221085 21930 2 
2.09027e+06 719731 81.3088 203 248 176 -0.222913 -0.441338 0.869212 2006 1 23 1 1 220945 8415 2 
2.09033e+06 719710 81.071 204 248 175 0.127332 -0.534209 0.835708 2007 1 -15 1 1 221085 10965 2 
2.09033e+06 719716 83.436 220 248 168 0.310238 -0.148969 0.938915 2007 1 -5 1 1 221085 20910 1 
2.09029e+06 719737 84.5845 222 247 167 0.00537821 0.100035 0.994969 2007 1 -4 1 1 221085 19125 1 
2.09023e+06 719753 83.7036 221 248 168 -0.489083 0.169923 0.855526 2007 1 17 1 1 221085 14535 1 
2.09026e+06 719736 80.9532 203 248 176 -0.324233 -0.588781 0.740412 2006 1 23 1 1 220945 8160 2 
2.09033e+06 719724 84.4804 222 247 167 0.300996 0.153903 0.941124 2007 1 -13 1 1 221085 14280 1 
2.09028e+06 719734 83.7138 220 248 169 -0.0781605 -0.169548 0.982418 2007 1 0 1 1 221085 17340 1 
2.09031e+06 719722 83.4161 219 248 169 -0.135551 -0.293917 0.946171 2007 1 1 1 1 221085 20655 1 
2.09033e+06 719711 81.7867 218 248 169 0.0586407 -0.630745 0.773771 2007 1 -5 2 1 221085 3315 1 
2.09032e+06 719713 80.05 204 248 176 -0.0320886 -0.205605 0.978109 2007 1 -2 1 1 221085 28050 2 
2.0903e+06 719714 79.9432 203 248 176 -0.0261921 -0.0492412 0.998443 2007 1 6 1 1 221085 24225 2 
2.09028e+06 719731 83.6864 220 248 169 -0.137128 -0.17487 0.974995 2007 1 8 1 1 221085 17850 1 
2.09027e+06 719752 83.416 219 248 169 0.0995076 0.372131 0.922831 2007 1 5 1 1 221085 15555 1 
2.09033e+06 719724 81.5422 205 248 175 -0.149235 0.0871534 0.984953 2008 1 -37 1 1 221178 6375 2 
2.09033e+06 719731 81.6538 205 248 175 0.306199 0.0340221 0.951359 2008 1 -37 1 1 221178 5610 2 
2.09023e+06 719756 81.9033 203 248 176 -0.382667 -0.011596 0.923813 2006 1 17 1 1 220945 6120 2 
2.0903e+06 719739 84.306 221 248 168 0.0532842 0.114504 0.991993 2007 1 2 1 1 221085 16320 1 
2.09023e+06 719755 82.4766 208 248 173 -0.658287 0.165712 0.734301 2006 1 18 1 1 220945 4845 1 
2.09026e+06 719759 82.2991 218 248 169 0.215548 0.53352 0.81786 2007 1 4 1 1 221084 14280 1 
2.09031e+06 719730 84.6785 222 247 167 -0.00296723 0.00890169 0.999956 2007 1 1 1 1 221085 17850 1 
2.0903e+06 719724 83.2141 219 248 169 -0.0921076 -0.340398 0.935759 2007 1 5 1 1 221085 17850 1 
2.09025e+06 719736 80.9336 204 248 176 0.00636075 -0.367651 0.929942 2007 1 11 1 1 221085 22950 2 
2.09024e+06 719770 80.0134 203 248 176 0.0182304 0.0847178 0.996238 2007 1 13 1 1 221085 7905 2 
2.09033e+06 719722 81.8943 205 248 175 0.689788 0.104871 0.716376 2008 1 -37 1 1 221178 6375 2 
2.09034e+06 719714 81.1134 204 248 175 0.563166 -0.0123321 0.826252 2007 1 -15 1 1 221085 13770 2 
2.09033e+06 719730 81.6084 219 248 169 0.325898 0.047661 0.944203 2007 1 -13 1 1 221085 17085 1 
2.09028e+06 719734 84.2911 221 248 168 -0.0544366 -0.144778 0.987966 2007 1 7 1 1 221085 17085 1 
2.09023e+06 719756 82.1636 218 248 169 -0.0266641 -0.0693267 0.997238 2006 1 21 1 1 220945 4590 1 
2.09027e+06 719735 83.2356 219 248 169 -0.128234 -0.357124 0.925213 2007 1 8 1 1 221085 17595 1 
2.09023e+06 719757 81.3999 204 248 176 -0.413294 0.247976 0.876183 2006 1 19 1 1 220945 6630 2 
2.09034e+06 719723 81.3938 205 248 175 0.367252 -0.0405153 0.929239 2008 1 -36 1 1 221178 5355 2 
2.09031e+06 719719 82.6755 218 248 169 -0.125163 -0.476195 0.870386 2007 1 1 1 1 221085 12495 1 
2.09027e+06 719728 80.387 204 248 176 -0.20957 -0.270636 0.939594 2007 1 8 1 1 221085 11985 2 
2.09032e+06 719738 81.8754 204 248 176 0.267412 0.371987 0.888885 2007 1 -7 1 1 221085 22950 2 
2.09024e+06 719764 81.4429 217 248 170 0.249657 0.519473 0.817202 2007 1 15 2 1 221085 4080 1 
2.0903e+06 719727 83.838 220 248 168 -0.0705392 -0.226468 0.971461 2007 1 2 1 1 221085 23970 1 
2.09026e+06 719740 83.8687 220 248 168 -0.0613033 -0.191122 0.97965 2007 1 11 1 1 221085 16320 1 
2.09033e+06 719729 83.9056 220 248 168 0.139262 0.200589 0.969727 2006 1 32 1 1 220945 5610 1 
2.09025e+06 719761 82.9393 218 248 169 0.169246 0.418052 0.892518 2007 1 14 1 1 221085 13770 1 
2.09034e+06 719727 81.1468 205 248 175 0.285754 0.123605 0.950298 2008 1 -36 1 1 221178 9435 2 
2.09026e+06 719754 83.9861 220 248 168 0.0555233 0.168933 0.984062 2007 1 13 1 1 221085 15810 1 
2.09028e+06 719731 82.7146 205 248 175 -0.0365671 -0.303886 0.952007 2006 1 26 1 1 220945 5865 2 
2.09032e+06 719730 84.0585 220 248 168 0.0355725 0.150322 0.987997 2006 1 31 1 1 220944 6630 1 
2.09024e+06 719766 81.2703 203 248 176 -0.00926663 0.454065 0.89092 2007 1 16 1 1 221085 15045 2 
2.09032e+06 719721 84.012 220 248 168 -0.0683132 -0.178573 0.981552 2006 1 33 1 1 220945 8415 1 
2.09032e+06 719724 84.5629 222 247 167 -0.0400357 -0.0724971 0.996565 2007 1 -12 1 1 221085 15810 1 
2.09028e+06 719754 80.6313 204 248 175 0.240454 0.44915 0.860492 2007 1 1 1 1 221084 26265 2 
2.09034e+06 719707 79.9607 204 248 176 -0.0293749 -0.0903005 0.995481 2007 1 -14 1 1 221085 20145 2 
2.09024e+06 719754 84.4195 221 247 167 0.0293226 0.0857956 0.995881 2007 1 15 1 1 221085 13515 1 
2.09031e+06 719737 83.6021 219 248 169 0.264868 0.23684 0.934747 2007 1 2 1 1 221085 17595 1 
2.09031e+06 719740 82.7615 219 248 169 0.222664 0.539001 0.812341 2007 1 -5 1 1 221084 18615 1 
2.09032e+06 719715 82.5371 218 248 169 -0.20583 -0.476264 0.854872 2007 1 -3 1 1 221085 15300 1 
2.09028e+06 719730 82.1829 218 248 169 0.040622 -0.575712 0.816643 2007 1 7 1 1 221085 15045 1 
2.09029e+06 719737 84.5947 222 247 167 -0.0360892 -0.0195913 0.999156 2007 1 1 1 1 221085 18870 1 
2.09023e+06 719757 83.1287 222 247 167 -0.309011 0.323939 0.89419 2007 1 16 1 1 221085 14790 1 
2.09032e+06 719725 84.4434 221 248 168 -0.0548835 -0.0996864 0.993504 2007 1 -3 1 1 221085 17085 1 
2.0903e+06 719731 84.4603 221 247 167 -0.0295487 -0.0974013 0.994806 2007 1 1 1 1 221085 16830 1 
2.09028e+06 719737 84.4674 221 247 167 -0.0419006 -0.127967 0.990893 2007 1 6 1 1 221085 19635 1 
2.09033e+06 719739 80.0666 204 248 176 0.0457192 0.103705 0.993557 2006 1 33 1 1 220945 5865 2 
2.09026e+06 719753 83.7511 219 248 169 0.0978473 0.235088 0.967036 2007 1 11 1 1 221085 15810 1 
2.0903e+06 719722 82.7616 218 248 169 -0.0738563 -0.480763 0.873735 2007 1 5 1 1 221085 19380 1 
2.09028e+06 719733 83.3173 219 248 169 -0.0137152 -0.31545 0.948843 2007 1 2 1 1 221085 16575 1 
2.0903e+06 719736 84.5978 222 247 167 0.0438366 0.0545284 0.997549 2007 1 3 1 1 221085 15045 1 
2.09025e+06 719746 84.4273 221 247 167 -0.0522288 -0.0900114 0.99457 2007 1 12 1 1 221085 15810 1 
2.09026e+06 719740 83.9419 220 248 168 -0.0486706 -0.183998 0.981721 2007 1 10 1 1 221085 19380 1 
2.09032e+06 719725 84.6435 222 247 167 -0.0129339 0.00696442 0.999892 2007 1 -3 1 1 221085 18615 1 
2.09028e+06 719732 83.5728 219 248 169 -0.0859017 -0.265398 0.960305 2007 1 7 1 1 221085 13260 1 
2.09033e+06 719718 84.123 221 248 168 -0.00536786 -0.0976951 0.995202 2007 1 -4 1 1 221085 22185 1 
2.09026e+06 719757 82.1118 204 248 176 0.149115 0.458928 0.875871 2007 1 10 2 2 221085 0 2 
2.09027e+06 719733 81.9118 218 248 169 -0.125986 -0.496702 0.858729 2007 1 9 1 1 221085 8670 1 
2.09026e+06 719761 80.6747 204 248 176 0.0611195 0.430553 0.900494 2007 1 5 1 1 221085 25245 2 
2.09024e+06 719762 83.1879 219 248 169 0.0281806 0.263428 0.964267 2007 1 16 1 1 221085 14790 1 
2.09025e+06 719765 80.026 204 248 176 0.0200231 0.0600693 0.997993 2007 1 2 1 1 221085 16065 2 
2.09034e+06 719725 80.0685 204 248 176 0.0773003 -0.0402832 0.996194 2007 1 -4 1 1 221085 23715 2 
2.09029e+06 719739 84.4997 222 247 167 0.0095538 0.079615 0.99678 2007 1 -1 1 1 221085 17850 1 
2.09026e+06 719745 84.5948 222 247 167 0.0178785 -0.0599456 0.998042 2007 1 10 1 1 221085 13515 1 
2.09023e+06 719764 80.1176 204 248 176 -0.0767707 0.191317 0.978521 2006 1 22 1 1 220946 17850 1 
2.09032e+06 719727 84.564 222 247 167 0.0311204 0.0718989 0.996926 2007 1 -6 1 1 221085 16830 1 
2.09025e+06 719744 83.7879 220 248 168 -0.0700721 -0.160334 0.984572 2007 1 14 1 1 221085 14790 1 
2.0903e+06 719726 83.5851 220 248 169 -0.141973 -0.264043 0.954005 2007 1 3 1 1 221085 16575 1 
2.09024e+06 719764 81.967 218 248 169 -0.528414 0.222087 0.819424 2007 1 17 1 1 221085 13770 1 
2.0903e+06 719748 80.2632 204 248 176 0.112936 0.182435 0.97671 2007 1 -3 1 1 221084 18615 2 
2.09033e+06 719726 84.5492 222 247 167 0.0852586 0.15971 0.983475 2007 1 -9 1 1 221085 15555 1 
2.09034e+06 719721 81.312 205 248 175 0.439865 0.0390094 0.897216 2008 1 -36 1 1 221178 5865 2 
2.09029e+06 719731 84.1947 221 248 168 -0.0671295 -0.15428 0.985744 2007 1 3 1 1 221085 17595 1 
2.09023e+06 719757 80.1753 203 248 176 -0.374234 -0.0141463 0.927226 2006 1 18 1 1 220945 18360 2 
2.09023e+06 719748 82.3758 219 248 169 -0.268662 -0.257291 0.928236 2007 1 11 1 1 221085 16320 1 
2.09025e+06 719741 82.9985 218 248 169 -0.129587 -0.442873 0.88717 2007 1 13 1 1 221085 15300 1 
2.09032e+06 719736 81.9741 204 248 175 0.0808743 0.520717 0.84989 2007 1 -10 1 1 221084 14280 2 
2.09024e+06 719748 84.1138 221 248 168 -0.0688166 -0.1388 0.987927 2007 1 5 1 1 221085 16320 1 
2.09029e+06 719734 84.5049 222 247 167 -0.0358441 -0.0814639 0.996032 2007 1 5 1 1 221085 19380 1 
2.09024e+06 719738 79.946 203 248 176 -0.0224375 -0.0758601 0.996866 2007 1 16 1 1 221086 21165 2 
2.09026e+06 719762 80.2639 204 248 176 0.109508 0.248648 0.962384 2007 1 9 1 1 221085 21675 2 
2.09027e+06 719728 80.6097 204 248 176 -0.174963 -0.328931 0.928005 2007 1 7 1 1 221085 11220 2 
2.09022e+06 719750 80.0152 203 248 176 -0.148066 -0.0378773 0.988252 2006 1 17 1 1 220945 14535 2 
2.09028e+06 719729 81.2226 204 248 175 -0.185144 -0.421312 0.887816 2007 1 7 1 1 221085 9180 2 
2.09034e+06 719711 80.4096 204 248 176 0.236662 -0.125444 0.96346 2007 1 -5 1 1 221085 20400 2 
2.09031e+06 719715 80.173 204 248 176 -0.028991 -0.172786 0.984533 2007 1 2 1 1 221085 26265 2 
2.09034e+06 719716 80.8089 204 248 176 0.542283 0.0150255 0.840061 2007 1 -8 1 1 221085 8670 2 
2.09032e+06 719718 83.8924 220 248 168 -0.0748532 -0.155647 0.984973 2006 1 30 1 1 220944 9690 1 
2.09032e+06 719727 84.6562 222 247 167 0.0118135 -0.093434 0.995555 2007 1 0 1 1 221085 20400 1 
2.09024e+06 719765 82.2137 219 248 169 -0.064143 0.339042 0.938582 2006 1 23 1 1 220946 10455 1 
2.09023e+06 719748 80.2993 204 248 176 -0.243372 0.00356154 0.969926 2006 1 16 1 1 220945 8670 2 
2.09025e+06 719749 84.425 221 247 167 -0.0501916 -0.0992679 0.993794 2007 1 13 1 1 221085 14280 1 
2.0903e+06 719735 84.535 222 247 167 0.0514969 0.0734104 0.995971 2007 1 -7 1 1 221085 17085 1 
2.09026e+06 719744 84.3064 221 248 168 -0.0348123 -0.124651 0.99159 2007 1 11 1 1 221085 18105 1 
2.09023e+06 719749 80.3375 203 248 176 -0.269687 -0.0158639 0.962817 2006 1 15 1 1 220945 12750 2 
2.09023e+06 719754 83.7428 221 248 168 -0.408222 0.187404 0.89344 2007 1 13 1 1 221085 17595 1 
2.09033e+06 719736 81.3348 219 248 169 0.104527 0.4195 0.901717 2007 1 -8 2 1 221084 6375 1 
2.09029e+06 719750 82.1862 218 248 169 0.13954 0.456024 0.87896 2007 1 -1 1 1 221084 5865 1 
2.09029e+06 719743 83.7076 220 248 168 0.0592263 0.268409 0.961483 2007 1 -4 1 1 221085 18360 1 
2.09033e+06 719727 84.5075 221 247 167 0.0346092 0.117225 0.992502 2007 1 -9 1 1 221085 17595 1 
2.09023e+06 719756 82.0245 220 248 168 -0.206975 0.451175 0.868103 2006 1 22 1 1 220946 4335 1 
2.09024e+06 719742 80.6313 204 248 176 -0.184074 -0.401483 0.897178 2007 1 14 1 1 221085 19635 2 
2.09027e+06 719755 81.6658 217 248 170 0.105918 0.549905 0.828484 2007 1 7 2 1 221085 5100 1 
2.09027e+06 719748 84.0245 220 248 168 0.0635172 0.128189 0.989714 2007 1 3 1 1 221085 17595 1 
2.09027e+06 719755 81.2398 204 248 176 0.211853 0.428151 0.878524 2007 1 1 1 1 221085 28050 2 
2.09023e+06 719746 80.7232 203 248 176 -0.375934 -0.163141 0.912172 2006 1 18 1 1 220945 5610 2 
2.09034e+06 719729 80.1733 204 248 175 0.112101 -0.00761848 0.993668 2007 1 -14 1 1 221085 23715 2 
2.09034e+06 719724 80.3684 204 248 175 0.215074 -0.135226 0.96719 2007 1 -12 1 1 221084 15300 2 
2.09029e+06 719736 84.5164 221 247 167 -0.0425419 -0.0796297 0.995916 2007 1 5 1 1 221085 18105 1 
2.09034e+06 719729 80.168 204 248 175 0.109185 -0.0253663 0.993698 2007 1 -15 1 1 221085 20910 2 
2.09032e+06 719721 84.0657 220 248 168 -0.0358327 -0.162981 0.985978 2007 1 -1 1 1 221085 18360 1 
2.09031e+06 719727 84.5469 221 248 168 -0.0690656 -0.0962389 0.992959 2007 1 -1 1 1 221085 20655 1 
2.0903e+06 719743 82.2939 204 248 175 0.240148 0.543819 0.804108 2007 1 -7 2 2 221085 0 2 
2.09034e+06 719727 81.2597 221 248 168 -0.0679369 0.0790741 0.994551 2007 1 -10 1 1 221084 19125 1 
2.09031e+06 719720 83.1254 219 248 169 -0.122937 -0.368812 0.921338 2007 1 2 1 1 221085 18360 1 
2.09031e+06 719737 83.8629 220 248 168 0.0633901 0.17821 0.981948 2007 1 0 1 1 221085 17850 1 
2.09026e+06 719762 80.6728 204 248 176 0.208457 0.421349 0.882616 2007 1 8 1 1 221085 22950 2 
2.09028e+06 719725 80.0807 203 248 176 -0.0422418 -0.135859 0.989827 2007 1 11 1 1 221085 11730 2 
2.09031e+06 719716 80.2981 204 248 176 -0.0213449 -0.317662 0.947964 2007 1 1 1 1 221085 34170 2 
2.09028e+06 719756 80.0186 204 248 176 0.00301411 0.0251176 0.99968 2007 1 1 1 1 221085 11985 2 
2.09023e+06 719762 81.3168 217 248 170 -0.337164 0.197746 0.920444 2006 1 23 2 1 220946 6120 1 
2.09022e+06 719746 80.1377 203 248 176 -0.104359 -0.027463 0.99416 2007 1 19 2 2 221086 0 2 
2.09029e+06 719744 83.5748 220 248 168 0.154438 0.307509 0.938929 2007 1 -4 1 1 221085 14280 1 
2.09023e+06 719760 80.2401 203 248 176 -0.317336 0.155233 0.935522 2006 1 16 1 1 220945 17850 2 
2.09027e+06 719740 84.4239 222 247 167 -0.0493938 -0.0801278 0.99556 2007 1 -2 1 1 221085 16065 1 
2.09032e+06 719721 84.0022 220 248 168 -0.0471799 -0.143841 0.988476 2007 1 -1 1 1 221085 14790 1 
2.09032e+06 719719 83.7444 220 248 168 -0.111502 -0.237101 0.965065 2007 1 -9 1 1 221085 16830 1 
2.09026e+06 719749 84.4841 222 247 167 0.0797954 0.0448166 0.995803 2007 1 11 1 1 221085 16575 1 
2.09025e+06 719760 82.2508 204 248 175 0.219227 0.392843 0.893092 2007 1 5 2 2 221084 0 2 
2.09023e+06 719762 81.5551 204 248 176 -0.125915 0.242743 0.961884 2006 1 19 1 1 220945 10965 2 
2.0903e+06 719718 80.3035 204 248 176 -0.0480732 -0.247762 0.967628 2007 1 2 1 1 221085 24735 2 
2.09023e+06 719756 83.3134 222 247 167 0.0223845 0.420038 0.90723 2007 1 17 1 1 221085 13260 1 
2.09034e+06 719715 79.9803 204 248 176 0.0312662 0.00100859 0.999511 2007 1 -15 1 1 221085 19635 2 
2.09032e+06 719722 83.995 221 248 168 -0.0876754 -0.157335 0.983646 2007 1 -1 1 1 221085 19380 1 
2.0903e+06 719722 82.9265 218 248 169 -0.16854 -0.407666 0.897442 2007 1 -5 1 1 221085 15300 1 
2.09027e+06 719748 84.1149 220 248 168 0.0171063 0.16308 0.986465 2007 1 9 1 1 221085 15555 1 
2.09025e+06 719755 84.1973 221 248 168 0.0641287 0.143415 0.987583 2007 1 15 1 1 221085 15555 1 
2.09033e+06 719723 84.6357 222 247 167 0.194364 0.133387 0.971818 2007 1 -3 1 1 221085 20145 1 
2.09023e+06 719766 80.4253 204 248 176 -0.250912 0.22596 0.941268 2006 1 22 1 1 220946 13005 2 
2.09034e+06 719732 81.1423 204 248 175 0.0983488 0.126787 0.987042 2007 1 -13 1 1 221085 3315 2 
2.09028e+06 719741 84.5038 222 247 167 0.0406064 0.0867002 0.995407 2007 1 1 1 1 221085 19635 1 
2.09032e+06 719716 81.9846 204 248 175 -0.155233 -0.622438 0.767121 2006 1 31 1 1 220945 9690 2 
2.09027e+06 719737 83.5794 219 248 169 -0.121271 -0.215735 0.968892 2007 1 9 1 1 221085 16830 1 
2.09026e+06 719751 84.0443 221 248 168 0.065292 0.165011 0.984128 2007 1 2 1 1 221084 20655 1 
2.09029e+06 719746 82.5243 218 248 169 0.150179 0.416209 0.896781 2007 1 -4 1 1 221085 19635 1 
2.09025e+06 719743 83.6326 219 248 169 -0.0613313 -0.188804 0.980098 2007 1 12 1 1 221085 14025 1 
2.09027e+06 719727 80.1536 204 248 176 -0.0487348 -0.119004 0.991697 2007 1 7 1 1 221085 10455 2 
2.09028e+06 719729 81.7112 204 248 176 -0.0649219 -0.465504 0.882662 2006 1 24 1 1 220945 6375 2 
2.09028e+06 719749 83.4579 219 248 169 0.0207216 0.264505 0.964162 2007 1 8 1 1 221085 13515 1 
2.09033e+06 719726 83.7954 221 247 167 0.541714 0.159679 0.825256 2007 1 -12 1 1 221084 17595 1 
2.09028e+06 719737 84.2871 221 248 168 -0.0490101 -0.128794 0.99046 2007 1 3 1 1 221085 17340 1 
2.09023e+06 719752 84.1127 221 248 168 -0.0883475 -0.0615077 0.994189 2007 1 19 1 1 221085 15300 1 
2.09025e+06 719753 84.2411 221 248 168 0.0696354 0.154614 0.985518 2007 1 12 1 1 221085 14790 1 
2.09031e+06 719729 84.5422 221 247 167 -0.137909 -0.0614215 0.988539 2007 1 -8 1 1 221085 17595 1 
2.09024e+06 719749 84.0634 221 248 168 -0.0401692 -0.148052 0.988163 2007 1 14 1 1 221085 14790 1 
2.09031e+06 719732 84.4416 221 248 168 0.0872308 0.112819 0.989779 2007 1 1 1 1 221085 15045 1 
2.09029e+06 719742 84.3162 221 248 168 0.0585129 0.127352 0.99013 2007 1 6 1 1 221085 13260 1 
2.09024e+06 719743 81.37 218 248 169 -0.275445 -0.496423 0.823222 2007 1 18 2 1 221085 4335 1 
2.09031e+06 719744 80.0893 204 248 175 0.0367507 0.0388507 0.998569 2007 1 -5 1 1 221084 24735 2 
2.09032e+06 719709 80.0299 204 248 176 -0.0388673 -0.103276 0.993893 2007 1 -4 1 1 221085 16065 2 
2.09033e+06 719728 84.1253 220 248 168 0.13211 0.211633 0.968379 2006 1 30 1 1 220944 5865 1 
2.09033e+06 719725 83.8246 222 247 167 0.55217 0.150321 0.820069 2007 1 -10 1 1 221085 19380 1 
2.09029e+06 719730 83.8425 220 248 168 -0.0745597 -0.201678 0.97661 2007 1 5 1 1 221085 17595 1 
2.09034e+06 719730 81.3172 219 248 169 0.160574 -0.00112289 0.987023 2007 1 -6 1 1 221085 17595 1 
2.09023e+06 719759 82.6637 222 247 167 -0.611196 0.219284 0.760496 2007 1 16 1 1 221085 14280 1 
2.09025e+06 719762 82.0209 218 248 169 0.120231 0.51714 0.847414 2007 1 7 1 1 221084 16320 1 
2.09029e+06 719732 84.0024 220 248 168 -0.0789242 -0.183347 0.979875 2007 1 -6 1 1 221085 20910 1 
2.09027e+06 719750 84.0765 221 248 168 0.0406497 0.161437 0.986045 2007 1 1 1 1 221085 16575 1 
2.09033e+06 719704 79.8316 203 248 176 -0.00100074 -0.0230169 0.999735 2007 1 -5 1 1 221085 23715 2 
2.09024e+06 719740 80.9186 203 248 176 -0.224645 -0.505833 0.832867 2006 1 18 1 1 220944 6120 2 
2.09028e+06 719758 80.0202 204 248 176 0.0213959 0.0234337 0.999496 2007 1 1 1 1 221085 12495 2 
2.09023e+06 719758 82.7431 203 248 176 0.106251 0.201252 0.97376 2006 1 16 1 1 220945 11220 2 
2.09028e+06 719728 82.1787 217 248 170 -0.375247 -0.422746 0.824909 2007 1 7 1 1 221085 13515 1 
2.09027e+06 719734 82.89 219 248 169 -0.107839 -0.427155 0.897725 2007 1 9 1 1 221085 17340 1 
2.09024e+06 719741 81.9538 218 248 169 -0.153436 -0.474921 0.866549 2007 1 16 1 1 221085 10200 1 
2.09029e+06 719748 82.1373 218 248 169 0.304479 0.556351 0.773153 2007 1 5 2 1 221085 3570 1 
2.09024e+06 719747 83.44 219 248 169 0 0 0 2006 1 21 1 1 220945 15555 1 
2.09031e+06 719716 81.0799 204 248 176 -0.155953 -0.462029 0.873045 2007 1 -5 1 1 221085 14025 2 
2.09031e+06 719735 84.0562 221 248 168 0.0850576 0.159333 0.983554 2007 1 -8 1 1 221084 19125 1 
2.09028e+06 719738 84.599 222 247 167 -0.00506329 -0.0313924 0.999494 2007 1 4 1 1 221085 20145 1 
2.09027e+06 719753 83.2984 220 248 169 0.114918 0.386291 0.91519 2007 1 6 1 1 221085 15555 1 
2.09033e+06 719708 80.1629 204 248 176 0.0727228 -0.276857 0.958155 2007 1 -5 1 1 221085 17340 2 
2.09024e+06 719831 81.6153 205 248 175 -0.0658149 0.234698 0.969838 2006 1 20 1 1 220947 9435 2 
2.09025e+06 719809 80.2473 205 248 175 0.00504347 -0.0272348 0.999616 2007 1 10 1 1 221083 13005 2 
2.09025e+06 719828 82.3653 219 248 169 0.4158 -0.0722538 0.906581 2007 1 10 1 1 221083 15810 1 
2.09025e+06 719830 82.2023 219 248 169 -0.147474 0.483305 0.862941 2006 1 21 1 1 220947 12495 1 
2.09026e+06 719839 80.5893 205 248 175 0.271332 0.160639 0.948986 2007 1 10 1 1 221083 7140 2 
2.09024e+06 719829 81.7574 218 248 169 -0.343841 0.217239 0.913554 2007 1 13 1 1 221084 8415 1 
2.09026e+06 719825 80.4379 205 248 175 0.116899 0.00983262 0.993095 2007 1 8 1 1 221083 17340 2 
2.09025e+06 719817 81.9167 218 248 169 0.335079 -0.18804 0.923235 2006 1 23 2 1 220947 6375 1 
2.09025e+06 719834 82.3239 205 248 175 0.146157 -0.646405 0.748865 2007 1 11 1 1 221083 9180 2 
2.09025e+06 719815 81.6151 205 248 175 0.0984898 -0.298096 0.949441 2007 1 9 1 1 221084 12750 2 
2.09025e+06 719817 82.0643 218 248 169 0.0986905 -0.252494 0.962552 2007 1 11 1 1 221084 14535 1 
2.09025e+06 719831 82.1269 206 248 174 -0.132243 0.607725 0.783059 2007 1 12 1 1 221083 4335 2 
2.09024e+06 719823 82.5535 219 248 169 -0.233646 0.0605748 0.970433 2007 1 16 1 1 221084 8415 1 
2.09024e+06 719827 81.6814 205 248 175 -0.455183 0.171243 0.873776 2006 1 20 1 1 220947 12495 2 
2.09025e+06 719829 83.5781 221 248 168 0.101072 0.290088 0.951648 2007 1 11 1 1 221084 16830 1 
2.09025e+06 719830 82.4315 207 248 173 0.106966 0.407028 0.907131 2007 1 11 1 1 221083 4080 1 
2.09025e+06 719836 83.4882 206 248 174 0.727704 -0.0798876 0.681224 2006 1 22 1 1 220947 5355 1 
2.09024e+06 719820 82.5624 205 248 175 -0.434944 0.0171862 0.900294 2006 1 20 1 1 220947 4335 2 
2.09025e+06 719819 82.3761 205 248 175 0.217785 -0.0129494 0.975911 2007 1 10 1 1 221084 14280 2 
2.09024e+06 719830 81.3105 205 248 175 -0.375759 0.165901 0.911747 2006 1 19 1 1 220947 15045 2 
2.09025e+06 719820 82.5712 209 248 173 0.52155 0.0260091 0.852824 2007 1 11 1 1 221083 10455 1 
2.09026e+06 719822 80.709 205 248 175 0.200545 -0.0367864 0.978994 2007 1 9 1 1 221084 14790 2 
2.09025e+06 719834 81.907 205 248 175 0.391756 -0.385463 0.835431 2007 1 11 1 1 221083 13260 2 
2.09026e+06 719841 80.3279 205 248 175 -0.00886664 -0.000985182 0.99996 2007 1 8 1 1 221083 13515 2 
2.09025e+06 719812 80.5123 205 248 175 0.0195684 -0.176116 0.984175 2007 1 10 1 1 221084 14280 2 
2.09026e+06 719831 80.5503 205 248 175 0.0993978 0.00106879 0.995047 2007 1 8 1 1 221083 16065 2 
2.09025e+06 719829 83.5792 220 248 168 -0.143857 0.321966 0.935758 2006 1 21 1 1 220947 11985 1 
2.09026e+06 719840 80.4005 205 248 175 0.156659 0.0825149 0.9842 2007 1 11 1 1 221083 12495 2 
2.09024e+06 719826 80.4938 205 248 175 -0.167905 0.0857646 0.982065 2006 1 19 1 1 220947 16575 2 
2.09025e+06 719839 81.6628 205 248 175 -0.256035 0.510518 0.820864 2007 1 12 1 1 221083 13005 2 
2.09024e+06 719811 80.2935 205 248 175 0.0120666 -0.119569 0.992753 2007 1 11 1 1 221083 15300 2 
2.09024e+06 719822 82.2228 219 248 169 -0.295164 0.168861 0.940406 2007 1 12 1 1 221084 7905 1 
2.09024e+06 719837 80.9298 211 248 172 -0.105391 0.0914934 0.990213 2007 1 13 2 1 221083 3825 1 
2.09024e+06 719815 80.4235 205 248 175 -0.0975209 -0.11867 0.988133 2007 1 13 1 1 221084 13005 2 
2.09025e+06 719811 80.4376 205 248 175 -0.0102301 -0.169365 0.9855 2007 1 13 1 1 221084 8925 2 
2.09025e+06 719832 81.3577 205 248 175 0.0260826 0.286908 0.957603 2007 1 12 1 1 221084 4845 2 
2.09025e+06 719831 82.3376 221 248 168 0.11118 0.440496 0.890844 2007 1 12 1 1 221083 8415 1 
2.09025e+06 719827 83.8841 221 248 168 0.100994 0.0963511 0.99021 2007 1 12 1 1 221083 15810 1 
2.09025e+06 719827 83.6259 220 248 168 0.198836 0.167646 0.965588 2007 1 11 1 1 221084 17085 1 
2.09025e+06 719815 81.5355 218 248 169 0.22432 -0.292039 0.929728 2006 1 23 1 1 220946 5610 1 
2.09025e+06 719816 82.1477 207 248 174 0.186031 -0.253925 0.949165 2007 1 10 1 1 221083 11475 1 
2.09026e+06 719837 80.4113 205 248 175 0.0363819 0.0280661 0.998944 2007 1 9 1 1 221083 16065 2 
2.09026e+06 719826 80.3322 205 248 175 0.0604383 -0.0286286 0.997761 2007 1 9 1 1 221083 19125 2 
2.09025e+06 719835 82.7093 205 248 175 0.545592 -0.462168 0.699092 2007 1 10 1 1 221083 12750 2 
2.09024e+06 719826 81.1491 205 248 175 -0.420638 0.166232 0.891869 2006 1 20 1 1 220946 13770 2 
2.09025e+06 719810 80.2624 205 248 175 -0.00509275 -0.0397235 0.999198 2007 1 12 1 1 221084 15555 2 
2.09025e+06 719818 83.2624 221 248 168 0.0390801 -0.296252 0.95431 2006 1 22 1 1 220947 6885 1 
2.09025e+06 719829 82.5107 205 248 175 0.188326 0.279052 0.941628 2007 1 10 1 1 221083 13005 2 
2.09025e+06 719817 82.8857 220 248 168 0.0402378 -0.356948 0.933257 2007 1 11 1 1 221084 14790 1 
2.09024e+06 719841 80.4589 205 248 175 -0.116712 0.0751119 0.990321 2007 1 12 1 1 221083 15045 2 
2.09025e+06 719823 81.9276 207 248 174 0.515261 -0.521975 0.679742 2007 1 11 1 1 221083 6885 1 
2.09024e+06 719821 80.8846 205 248 175 -0.289697 0.00611174 0.957099 2006 1 19 1 1 220947 14025 2 
2.09025e+06 719815 81.8985 220 248 168 0.0203038 -0.496765 0.867647 2007 1 10 2 1 221084 4335 1 
2.09026e+06 719836 80.4592 205 248 175 0.140503 0.0615426 0.988166 2007 1 9 1 1 221083 16065 2 
2.09026e+06 719813 80.3208 205 248 175 0.049141 -0.0240477 0.998502 2007 1 9 1 1 221084 7905 2 
2.09025e+06 719826 83.7707 220 248 168 0.197878 0.0199049 0.980024 2007 1 11 1 1 221084 15810 1 
2.09024e+06 719832 81.3487 206 248 174 0.0243356 0.177303 0.983855 2006 1 20 1 1 220947 6630 2 
2.09024e+06 719845 80.2649 205 248 175 -0.00897197 0.0129595 0.999876 2007 1 11 1 1 221083 15300 2 
2.09025e+06 719815 80.9831 205 248 175 0.213904 -0.146492 0.965808 2007 1 10 1 1 221084 17085 2 
2.09024e+06 719813 80.2276 205 248 175 -0.0225702 -0.0827575 0.996314 2007 1 12 1 1 221084 16065 2 
2.09024e+06 719816 80.9604 204 248 175 -0.208349 -0.18977 0.959468 2007 1 15 1 1 221084 11475 2 
2.09024e+06 719843 80.276 205 248 175 -0.0213959 0.0234337 0.999496 2007 1 13 1 1 221083 13005 2 
2.09024e+06 719819 82.1881 219 248 169 -0.446701 -0.19018 0.874237 2007 1 14 1 1 221084 6375 1 
2.09024e+06 719819 82.8071 219 248 169 -0.407192 0.0891161 0.908984 2007 1 15 1 1 221084 7140 1 
2.09025e+06 719822 83.6776 220 248 168 0.358558 -0.137055 0.923392 2007 1 11 1 1 221083 14280 1 
2.09025e+06 719821 82.4235 218 248 169 0.523998 -0.00947801 0.851667 2007 1 13 1 1 221084 15555 1 
2.09024e+06 719833 81.2498 218 248 169 -0.177748 0.162403 0.970583 2007 1 13 2 1 221083 3825 1 
2.09026e+06 719838 80.7921 205 248 175 0.309332 0.133729 0.941504 2007 1 11 1 1 221083 10200 2 
2.09026e+06 719812 80.3664 205 248 175 0.0946375 -0.0501022 0.99425 2007 1 9 1 1 221084 14280 2 
2.09024e+06 719818 80.9977 205 248 175 -0.276765 -0.140388 0.950627 2006 1 19 1 1 220946 10710 2 
2.09025e+06 719820 82.7486 206 248 174 0.357421 -0.0816581 0.930367 2007 1 10 1 1 221084 11220 2 
2.09024e+06 719821 82.8874 207 248 174 -0.318734 0.192364 0.928119 2006 1 20 1 1 220946 13005 1 
2.09024e+06 719816 81.9034 205 248 175 -0.141504 -0.491618 0.859237 2006 1 21 1 1 220946 11220 2 
2.09025e+06 719834 82.3205 218 248 169 0.404484 -0.525665 0.748377 2006 1 22 1 1 220947 18360 1 
2.09024e+06 719826 80.7115 205 248 175 -0.277619 0.163863 0.946613 2006 1 19 1 1 220947 14280 2 
2.09024e+06 719821 83.2778 220 248 168 -0.243875 0.181896 0.952596 2007 1 11 1 1 221083 9435 1 
2.09025e+06 719833 81.2088 205 248 175 -0.0790825 0.104297 0.991397 2007 1 11 1 1 221083 3825 2 
2.09025e+06 719818 82.3257 219 248 169 0.171226 -0.133731 0.976113 2007 1 10 1 1 221083 13770 1 
2.09026e+06 719820 80.5053 205 248 175 0.167503 -0.0311902 0.985378 2007 1 9 1 1 221084 24990 2 
2.09025e+06 719829 82.761 220 248 168 -0.244507 0.412512 0.877525 2007 1 13 1 1 221084 9435 1 
2.09026e+06 719821 80.3519 205 248 175 0.075074 -0.0116312 0.99711 2007 1 7 1 1 221083 24990 2 
2.09025e+06 719810 80.2929 205 248 175 0.013885 -0.0822419 0.996516 2007 1 10 1 1 221084 15555 2 
2.09025e+06 719814 81.1231 205 248 175 0.0406597 -0.590267 0.806184 2007 1 10 1 1 221084 13260 2 
2.09025e+06 719840 81.5173 205 248 175 0.185583 0.470638 0.862589 2007 1 11 1 1 221083 9690 2 
2.09025e+06 719842 80.4041 205 248 175 -0.00544952 0.1188 0.992903 2007 1 13 1 1 221083 12750 2 
2.09025e+06 719842 80.4925 205 248 175 -0.113155 0.30219 0.946508 2007 1 11 1 1 221083 11220 2 
2.09026e+06 719824 80.3254 205 248 175 0.0149236 0.00298473 0.999884 2007 1 9 1 1 221083 4845 2 
2.09025e+06 719823 82.3916 207 248 173 0.626303 -0.229593 0.745004 2007 1 10 1 1 221084 8670 1 
2.09025e+06 719830 81.9404 219 248 169 0.324864 0.277825 0.904034 2007 1 9 1 1 221083 3825 1 
2.09026e+06 719834 80.7268 208 248 173 0.180859 0.0484656 0.982314 2007 1 9 1 1 221083 20655 1 
2.09024e+06 719815 81.3662 205 248 175 -0.221707 -0.46302 0.858171 2007 1 11 1 1 221084 7650 2 
2.09024e+06 719834 81.1364 205 248 175 -0.131896 0.149154 0.979978 2007 1 13 1 1 221083 10965 2 
2.09025e+06 719817 81.0862 205 248 175 0.366974 -0.0298247 0.929753 2007 1 12 1 1 221084 16320 2 
2.09026e+06 719830 81.1485 205 248 175 0.22867 0.1279 0.965066 2007 1 8 1 1 221083 4335 2 
2.09025e+06 719824 82.9649 219 248 169 0.461796 -0.207733 0.862318 2007 1 10 1 1 221084 14280 1 
2.09026e+06 719839 80.3396 205 248 175 -0.00689638 -0.000985198 0.999976 2007 1 8 1 1 221083 17595 2 
2.09025e+06 719839 80.9383 211 248 172 -0.178293 0.215272 0.96014 2006 1 20 1 1 220947 7395 1 
2.09024e+06 719828 82.0161 218 248 169 -0.352136 0.224613 0.908597 2007 1 13 1 1 221084 8160 1 
2.09025e+06 719816 81.6278 218 248 169 0.322054 -0.221859 0.920358 2006 1 24 1 1 220946 7140 1 
2.09026e+06 719832 80.4281 205 248 175 0.0417576 -0.00101848 0.999127 2007 1 9 1 1 221083 19380 2 
2.09024e+06 719829 82.3779 220 248 169 -0.23681 0.285023 0.928807 2007 1 13 1 1 221083 9690 1 
2.09024e+06 719818 83.3249 221 248 168 0.0546855 -0.291232 0.955088 2007 1 12 1 1 221083 9690 1 
2.09025e+06 719838 81.1177 205 248 175 -0.520649 0.287852 0.803782 2007 1 10 1 1 221083 14280 2 
2.09024e+06 719811 80.2884 205 248 175 -0.0546682 -0.14772 0.987517 2007 1 11 1 1 221083 13260 2 
2.09025e+06 719825 83.895 220 248 168 -0.0895386 0.112795 0.989576 2006 1 21 1 1 220947 13005 1 
2.09024e+06 719823 83.0603 208 248 173 -0.467756 0.00662543 0.883833 2006 1 21 1 1 220946 8160 1 
2.09026e+06 719825 81.1729 205 248 175 0.28701 -0.129488 0.949135 2007 1 10 1 1 221083 14535 2 
2.09026e+06 719825 80.325 205 248 175 0.00888415 -0.000987127 0.99996 2007 1 9 1 1 221083 21420 2 
2.09025e+06 719837 81.2764 211 248 172 -0.438849 -0.0362353 0.89783 2006 1 21 1 1 220947 14790 1 
2.09025e+06 719836 83.6431 205 248 175 0.518947 0.280639 0.807425 2007 1 11 1 1 221083 13770 2 
2.09025e+06 719815 81.6435 219 248 169 0.175547 -0.335647 0.925486 2006 1 22 1 1 220947 4335 1 
2.09024e+06 719813 80.3179 205 248 175 -0.0546682 -0.14772 0.987517 2007 1 12 1 1 221083 13260 2 
2.09024e+06 719822 83.8699 221 248 168 -0.196078 -0.0718545 0.977952 2007 1 12 1 1 221084 8160 1 
2.09024e+06 719813 80.5984 205 248 175 -0.0928205 -0.296764 0.950429 2007 1 12 1 1 221083 7140 2 
2.09026e+06 719819 80.3337 205 248 175 0.0763399 -0.0268802 0.996719 2007 1 9 1 1 221084 17850 2 
2.09025e+06 719820 83.4906 220 248 168 0.18663 -0.210455 0.959624 2007 1 11 1 1 221084 14535 1 
2.09025e+06 719822 84.0746 221 248 168 0.0294907 -0.0950256 0.995038 2007 1 12 1 1 221083 14790 1 
2.09025e+06 719818 83.1262 205 248 175 0.0574569 -0.294946 0.953785 2006 1 21 1 1 220947 8415 2 
2.09024e+06 719820 83.4609 220 248 168 -0.152794 0.0192408 0.988071 2007 1 15 1 1 221084 8160 1 
2.09025e+06 719826 82.6226 219 248 169 0.400259 -0.0773382 0.913133 2007 1 10 1 1 221083 13770 1 
2.09025e+06 719809 80.2449 205 248 175 -0.00100656 -0.0312033 0.999513 2007 1 9 1 1 221084 23205 2 
2.09024e+06 719823 83.9483 221 248 168 -0.34099 0.106475 0.934017 2007 1 12 1 1 221084 8415 1 
2.09026e+06 719833 80.7658 208 248 173 0.154149 0.0262625 0.987698 2007 1 10 1 1 221083 23715 1 
2.09024e+06 719837 80.5117 205 248 175 -0.119946 0.10807 0.986881 2006 1 20 1 1 220947 14280 2 
2.09025e+06 719842 80.6821 205 248 175 -0.128632 0.320903 0.938336 2007 1 12 1 1 221083 7395 2 
2.09026e+06 719820 80.3013 205 248 175 0.0233404 -0.0172516 0.999579 2007 1 7 1 1 221083 5355 2 
2.09025e+06 719814 81.3636 205 248 175 0.174829 -0.612661 0.770767 2007 1 10 1 1 221083 13005 2 
2.09024e+06 719840 80.6117 205 248 175 -0.134968 0.103913 0.985386 2007 1 13 1 1 221083 16065 2 
2.09025e+06 719820 83.6919 220 248 168 0.0494068 -0.206063 0.977291 2007 1 11 1 1 221083 14535 1 
2.09025e+06 719823 81.5604 205 248 175 0.237947 -0.186863 0.953133 2007 1 10 1 1 221084 13770 2 
2.09024e+06 719830 81.6499 218 248 169 -0.276488 0.209798 0.937837 2007 1 13 1 1 221084 7140 1 
2.09025e+06 719830 82.0073 205 248 175 0.230227 0.310306 0.922337 2007 1 11 1 1 221083 11730 2 
2.09026e+06 719840 80.3451 205 248 175 0.0236682 0.0319007 0.999211 2007 1 11 1 1 221083 9435 2 
2.09024e+06 719821 83.7235 221 248 168 -0.215337 -0.0421049 0.975632 2007 1 12 1 1 221083 9435 1 
2.09026e+06 719811 80.3205 205 248 175 0.0159581 -0.077663 0.996852 2007 1 12 1 1 221084 15045 2 
2.09026e+06 719835 80.3809 205 248 175 0.0275645 0.0173554 0.999469 2007 1 8 1 1 221083 19635 2 
2.09025e+06 719810 80.2993 205 248 175 0.00528457 -0.0813823 0.996669 2007 1 11 1 1 221084 13770 2 
2.09025e+06 719815 81.3378 218 248 169 0.131956 -0.373645 0.918138 2006 1 23 1 1 220946 6120 1 
2.09024e+06 719825 82.935 219 248 169 -0.417317 -0.00650027 0.908738 2007 1 12 1 1 221084 7140 1 
2.09026e+06 719816 80.3333 205 248 175 0.0747627 -0.00526498 0.997187 2007 1 9 1 1 221083 6885 2 
2.09024e+06 719817 80.6524 205 248 175 -0.15385 -0.105393 0.982457 2007 1 13 2 2 221083 0 2 
2.09024e+06 719840 80.4024 205 248 175 -0.0782609 0.0562156 0.995347 2007 1 12 1 1 221083 14790 2 
2.09025e+06 719817 82.7549 205 248 175 0.045545 -0.350046 0.935625 2006 1 21 1 1 220947 7905 2 
2.09024e+06 719824 82.0422 219 248 169 -0.414837 0.0895828 0.905475 2007 1 12 1 1 221084 8925 1 
2.09025e+06 719821 81.9672 218 248 169 0.301122 0.151242 0.941516 2007 1 13 1 1 221084 14280 1 
2.09025e+06 719828 82.5818 207 248 174 0.331954 0.162505 0.929193 2007 1 9 1 1 221083 9945 1 
2.09025e+06 719835 81.7024 205 248 175 0.487328 -0.16048 0.858346 2007 1 11 1 1 221083 12240 2 
2.09025e+06 719838 80.9917 205 248 175 -0.208214 0.129016 0.969537 2007 1 12 1 1 221083 13260 2 
2.09025e+06 719822 84.0136 221 248 168 0.144856 -0.0330774 0.9889 2007 1 11 1 1 221083 14790 1 
2.09025e+06 719818 81.5394 205 248 175 0.54763 0.0346601 0.836002 2007 1 9 1 1 221084 14535 2 
2.09025e+06 719822 82.1424 207 248 173 0.627741 -0.0735972 0.774935 2007 1 11 1 1 221084 8415 1 
2.09025e+06 719836 82.6359 220 237 153 0.59046 0.103513 0.800401 2006 1 23 2 1 220947 9435 1 
2.09025e+06 719838 81.5629 205 248 175 -0.441189 0.355798 0.823869 2007 1 12 1 1 221083 14790 2 
2.09024e+06 719824 82.5706 219 248 169 -0.318155 -0.0884497 0.943904 2007 1 13 1 1 221084 9180 1 
2.09025e+06 719823 83.2193 221 248 168 0.425457 -0.214952 0.87908 2006 1 22 1 1 220947 6885 1 
2.09026e+06 719828 81.6253 219 248 169 0.354926 0.0620131 0.932835 2006 1 23 1 1 220946 4080 1 
2.09024e+06 719838 80.5549 205 248 175 -0.130207 0.108705 0.98551 2007 1 11 2 2 221083 0 2 
2.09025e+06 719809 80.25 205 248 175 -0.00302575 -0.0312661 0.999507 2007 1 9 1 1 221084 16065 2 
2.09025e+06 719819 81.9332 218 248 169 0.473692 0.0975664 0.87527 2006 1 22 1 1 220947 7395 1 
2.09025e+06 719821 82.1344 205 248 175 0.559398 0.0040832 0.828889 2007 1 11 1 1 221084 11220 2 
2.09025e+06 719842 80.3919 205 248 175 0.0145434 0.13984 0.990067 2007 1 11 1 1 221083 10710 2 
2.09025e+06 719843 80.3143 205 248 175 0.00725778 0.0549517 0.998463 2007 1 12 1 1 221083 10965 2 
2.09025e+06 719814 80.9253 205 248 175 0.0391982 -0.452807 0.890746 2007 1 11 1 1 221084 13005 2 
2.09025e+06 719837 83.1934 215 248 170 0.747842 0.296254 0.59411 2006 1 22 2 1 220947 4845 1 
2.09025e+06 719823 84.1061 221 248 168 0.0148941 -0.000992938 0.999889 2007 1 12 1 1 221083 16830 1 
2.09024e+06 719834 80.8202 205 248 175 -0.190162 0.127194 0.973478 2007 1 12 2 2 221083 0 2 
2.09025e+06 719817 82.6282 220 248 169 0.287044 -0.25277 0.923966 2007 1 11 1 1 221083 14790 1 
2.09025e+06 719834 81.446 205 248 175 -0.285113 -0.106425 0.952567 2006 1 20 1 1 220947 5610 2 
2.09025e+06 719826 83.9523 221 248 168 -0.00724278 0.0548382 0.998469 2007 1 11 1 1 221083 14280 1 
2.09025e+06 719821 82.934 219 248 169 0.436175 -0.0844656 0.895889 2007 1 11 1 1 221084 15810 1 
2.09025e+06 719835 82.6721 205 248 175 0.616103 -0.202279 0.761249 2007 1 10 1 1 221083 13770 2 
2.09025e+06 719826 81.7018 219 248 169 0.410861 -0.184379 0.892859 2006 1 23 1 1 220946 7140 1 
2.09025e+06 719818 83.0015 219 248 169 0.213563 -0.277772 0.936607 2007 1 15 1 1 221084 14535 1 
2.09024e+06 719811 80.2302 205 248 175 -0.030446 -0.0472438 0.998419 2007 1 10 1 1 221084 15300 2 
2.09024e+06 719834 81.2168 218 248 169 0.0402027 0.0749726 0.996375 2006 1 21 1 1 220947 4335 1 
2.09025e+06 719819 83.5633 221 248 168 0.0035369 -0.232257 0.972648 2007 1 12 1 1 221084 14790 1 
2.09026e+06 719839 80.3905 205 248 175 0.155159 0.116064 0.981048 2007 1 10 1 1 221083 7140 2 
2.09025e+06 719824 84.0491 221 248 168 -0.165263 0.127986 0.97791 2007 1 10 1 1 221083 8925 1 
2.09026e+06 719824 80.4296 205 248 175 0.102562 -0.0597337 0.992931 2007 1 9 1 1 221083 17595 2 
2.09026e+06 719816 80.5786 205 248 175 0.185456 -0.0126709 0.982571 2007 1 9 1 1 221084 15300 2 
2.09025e+06 719820 82.4413 218 248 169 0.393458 0.0631144 0.917174 2007 1 10 1 1 221084 13515 1 
2.09024e+06 719838 80.3797 205 248 175 -0.0647761 0.0647761 0.995795 2007 1 13 1 1 221083 5610 2 
2.09025e+06 719829 83.1215 221 248 168 0.197436 0.373255 0.906477 2007 1 10 1 1 221083 14790 1 
2.09025e+06 719824 83.5798 221 248 168 0.308689 -0.0880091 0.947083 2006 1 22 1 1 220947 7395 1 
2.09024e+06 719813 80.7955 205 248 175 -0.119006 -0.303532 0.94536 2007 1 11 1 1 221084 9180 2 
2.09025e+06 719824 82.1413 219 248 169 0.519974 -0.256107 0.814884 2007 1 9 1 1 221083 15300 1 
2.09024e+06 719827 82.5362 218 248 169 -0.392127 0.235276 0.889315 2006 1 20 1 1 220947 10200 1 
2.09026e+06 719836 80.4069 208 248 173 0.0236211 0.0297832 0.999277 2006 1 19 1 1 220947 4845 1 
2.09025e+06 719837 84.2248 221 238 153 0.131066 0.561079 0.81732 2007 1 12 2 1 221083 38250 1 
2.09026e+06 719835 80.481 205 248 175 0.0752771 0.0469118 0.996059 2007 1 10 1 1 221083 13770 2 
2.09024e+06 719822 83.498 220 248 168 -0.446617 0.0172285 0.894559 2007 1 15 1 1 221084 8670 1 
2.09025e+06 719813 80.8515 205 248 175 0.031531 -0.311526 0.949714 2007 1 9 1 1 221084 14280 2 
2.09025e+06 719820 83.5725 220 248 169 0.326993 -0.140922 0.934461 2007 1 11 1 1 221084 13260 1 
2.09025e+06 719820 83.2116 220 248 168 0.317662 -0.128416 0.939468 2006 1 22 1 1 220947 4845 1 
2.09025e+06 719816 82.6364 205 248 175 -0.0385708 -0.416299 0.908409 2006 1 20 1 1 220947 10965 2 
2.09025e+06 719814 81.5224 205 248 175 -0.0295127 -0.642253 0.765925 2007 1 10 1 1 221083 14790 2 
2.09026e+06 719823 80.4065 205 248 175 0.0867002 -0.0406064 0.995407 2007 1 7 1 1 221083 20910 2 
2.09026e+06 719821 80.317 205 248 175 0.0232939 -0.0151917 0.999613 2007 1 9 1 1 221083 12750 2 
2.09024e+06 719817 82.8336 221 247 167 -0.163115 -0.555188 0.815573 2007 1 12 1 1 221084 13260 1 
2.09026e+06 719826 80.331 205 248 175 0.0154947 -0.0444182 0.998893 2007 1 7 1 1 221083 19125 2 
2.09026e+06 719812 80.3159 205 248 175 0.0321578 -0.0321578 0.998965 2007 1 8 1 1 221084 6885 2 
2.09026e+06 719833 80.501 205 248 175 0.0514414 0.024146 0.998384 2007 1 9 1 1 221083 16830 2 
2.09025e+06 719836 81.095 205 248 175 -0.252954 0.00599417 0.96746 2007 1 12 1 1 221083 6375 2 
2.09026e+06 719814 80.4744 205 248 175 0.168393 -0.109394 0.979631 2007 1 9 1 1 221083 13005 2 
2.09025e+06 719833 81.4552 206 248 174 -0.196384 0.0440375 0.979538 2007 1 11 1 1 221083 5355 1 
2.09026e+06 719808 80.2209 205 248 175 0.000994847 -0.0189021 0.999821 2007 1 8 1 1 221084 15555 2 
2.09024e+06 719822 81.9727 218 248 169 -0.323371 0.167931 0.931252 2007 1 16 1 1 221084 7905 1 
2.09026e+06 719833 80.6214 205 248 175 0.11137 0.0231562 0.993509 2007 1 9 1 1 221083 7140 2 
2.09024e+06 719829 81.5921 218 248 169 -0.428466 0.169934 0.887434 2007 1 13 1 1 221083 8670 1 
2.09025e+06 719824 83.9182 221 248 168 0.209234 -0.0224601 0.977608 2007 1 11 1 1 221083 13770 1 
2.09025e+06 719825 82.5818 210 248 172 0.476715 -0.182667 0.859869 2007 1 9 1 1 221083 7905 1 
2.09025e+06 719835 83.2086 215 248 170 0.101465 -0.674963 0.730842 2006 1 22 1 1 220947 5355 1 
2.09025e+06 719836 83.8611 205 248 175 -0.683123 -0.469334 0.559526 2007 1 12 1 1 221083 8415 2 
2.09024e+06 719813 80.4077 205 248 175 -0.0267627 -0.180357 0.983237 2007 1 11 1 1 221083 7395 2 
2.09026e+06 719842 80.3156 205 248 175 0.000979427 0.00293828 0.999995 2007 1 10 1 1 221083 21420 2 
2.09026e+06 719840 80.3361 205 248 175 0.0130623 0.0170815 0.999769 2007 1 9 1 1 221083 16830 2 
2.09024e+06 719822 82.413 205 248 175 -0.23371 0.122665 0.964538 2006 1 20 1 1 220947 15555 2 
2.09024e+06 719814 80.9057 205 248 175 -0.112723 -0.349034 0.930306 2007 1 12 1 1 221083 9435 1 
2.09024e+06 719844 80.2931 205 248 175 -0.00711637 0.0355818 0.999341 2007 1 12 1 1 221083 13770 2 
2.09025e+06 719839 81.8166 205 248 175 -0.10114 0.637622 0.763681 2007 1 10 1 1 221083 17595 2 
2.09025e+06 719815 81.6633 205 248 175 0.401713 -0.379658 0.833358 2007 1 13 1 1 221084 10965 2 
2.09025e+06 719829 82.1831 219 248 169 0.377482 0.201034 0.903932 2007 1 11 1 1 221084 5100 1 
2.09025e+06 719811 80.3277 205 248 175 -0.00541841 -0.111619 0.993736 2007 1 9 1 1 221084 12495 2 
2.09025e+06 719817 81.4964 205 248 175 0.513924 -0.117261 0.849784 2007 1 13 1 1 221084 14535 2 
2.09025e+06 719817 82.3169 207 248 174 0.329346 -0.242294 0.912592 2007 1 11 1 1 221083 12750 1 
2.09025e+06 719836 81.5132 205 248 175 -0.479009 -0.106604 0.871313 2007 1 12 1 1 221083 6375 2 
2.09025e+06 719831 81.5812 220 248 168 -0.29216 0.582723 0.758338 2006 1 22 1 1 220947 9945 1 
2.09026e+06 719818 80.2983 205 248 175 0.0460104 0.00306736 0.998936 2007 1 9 1 1 221083 4845 2 
2.09024e+06 719824 83.8507 221 248 168 -0.248354 0.0481882 0.96747 2007 1 12 1 1 221084 9435 1 
2.09025e+06 719822 81.6677 208 248 173 0.385369 0.138733 0.912274 2007 1 10 1 1 221083 6885 1 
2.09025e+06 719823 82.4817 219 248 169 0.561022 -0.279721 0.779109 2007 1 11 1 1 221083 14535 1 
2.09024e+06 719823 81.0918 205 248 175 -0.253188 0.149792 0.95575 2006 1 19 1 1 220947 15300 2 
2.09026e+06 719838 80.3413 205 248 175 0.00492599 0.00492599 0.999976 2007 1 9 1 1 221083 13515 2 
2.09024e+06 719817 82.9224 221 248 168 0.0281572 -0.451857 0.891646 2007 1 12 2 1 221083 7140 1 
2.09024e+06 719814 80.3446 205 248 175 -0.0676556 -0.164985 0.983973 2007 1 12 1 1 221084 10455 2 
2.09025e+06 719819 82.853 220 248 169 0.290415 -0.233749 0.927912 2007 1 11 1 1 221083 14025 1 
2.09026e+06 719834 80.5865 205 248 175 0.152286 0.0523119 0.986951 2007 1 11 1 1 221083 10710 2 
2.09024e+06 719840 80.3033 205 248 175 -0.0297832 0.0236211 0.999277 2007 1 12 1 1 221083 15555 2 
2.09025e+06 719836 83.9471 205 248 175 -0.78633 0.00967365 0.617732 2007 1 11 1 1 221083 11220 2 
2.09024e+06 719828 82.5195 219 248 169 -0.303066 0.285497 0.909199 2006 1 21 1 1 220947 12495 1 
2.09025e+06 719818 82.4867 218 248 169 0.229388 -0.168395 0.958658 2007 1 11 1 1 221083 15045 1 
2.09024e+06 719818 83.1121 221 248 168 -0.21827 -0.46213 0.859531 2007 1 12 1 1 221084 8160 1 
2.09024e+06 719840 80.4052 205 248 175 -0.0713604 0.0581862 0.995752 2007 1 12 1 1 221083 15555 2 
2.09026e+06 719837 80.3495 205 248 175 0.00493566 0.00690992 0.999964 2007 1 8 1 1 221083 10965 2 
2.09026e+06 719838 80.3424 205 248 175 0.0130623 0.0170815 0.999769 2007 1 10 1 1 221083 8670 2 
2.09025e+06 719833 81.2451 205 248 175 0.240329 -0.0402582 0.969856 2007 1 10 1 1 221083 14535 2 
2.09025e+06 719822 81.0863 205 248 175 0.262235 -0.0207349 0.964781 2007 1 8 1 1 221083 16320 2 
2.09025e+06 719831 82.2479 221 248 168 0.059253 0.475402 0.877771 2007 1 12 1 1 221083 6120 1 
2.09025e+06 719832 81.8945 207 248 174 -0.073873 0.475296 0.876719 2007 1 11 1 1 221083 5100 2 
2.09025e+06 719810 80.2885 205 248 175 0.0180882 -0.0755448 0.996978 2007 1 10 1 1 221084 14790 2 
2.09026e+06 719814 80.3976 205 248 175 0.0978207 -0.0318742 0.994694 2007 1 10 1 1 221084 13260 2 
2.09025e+06 719813 80.74 205 248 175 0.0629584 -0.228379 0.971535 2007 1 9 1 1 221084 11475 2 
2.09024e+06 719832 80.4766 205 248 175 -0.132481 0.0564485 0.989577 2007 1 11 1 1 221083 18615 2 
2.09025e+06 719835 83.4521 220 237 153 0.527412 -0.460861 0.713753 2006 1 24 1 1 220947 24990 1 
2.09025e+06 719811 80.3763 205 248 175 0.0192772 -0.155351 0.987671 2007 1 11 1 1 221083 11730 2 
2.09026e+06 719832 80.7197 208 248 173 0.186703 0.019714 0.982219 2007 1 10 1 1 221083 11220 1 
2.09026e+06 719810 80.2539 205 248 175 0.00707504 -0.0272895 0.999603 2007 1 9 1 1 221083 6120 1 
2.09025e+06 719842 80.5019 205 248 175 -0.0499087 0.313529 0.948266 2007 1 11 1 1 221083 8160 2 
2.09024e+06 719825 82.2761 205 248 175 -0.426112 0.0868772 0.900489 2006 1 20 1 1 220947 11985 2 
2.09025e+06 719814 80.915 205 248 175 0.0478875 -0.335213 0.940925 2007 1 9 1 1 221084 12240 2 
2.09024e+06 719819 83.5739 221 248 168 -0.0561397 -0.187531 0.980653 2007 1 12 1 1 221083 9180 1 
2.09025e+06 719810 80.2759 205 248 175 0.00309134 -0.0546137 0.998503 2007 1 12 1 1 221084 7650 2 
2.09024e+06 719819 80.7438 204 248 175 -0.244861 -0.0479878 0.96837 2007 1 16 2 2 221084 0 2 
2.09024e+06 719819 83.174 220 248 168 -0.231197 -0.183087 0.955525 2007 1 12 1 1 221083 7905 1 
2.09026e+06 719838 80.3704 205 248 175 0.0254712 0.0193581 0.999488 2007 1 9 1 1 221083 10455 2 
2.09024e+06 719817 81.6513 205 248 175 -0.379826 -0.355021 0.854221 2006 1 19 1 1 220947 11730 2 
2.09026e+06 719822 80.3615 205 248 175 0.0625578 -0.0243869 0.997743 2007 1 10 1 1 221083 18360 2 
2.09026e+06 719842 80.3547 205 248 175 0.0407822 0.0324167 0.998642 2007 1 10 1 1 221083 17850 2 
2.09025e+06 719836 84.6695 212 232 146 -0.688881 -0.0768646 0.720787 2007 1 12 2 1 221083 4335 1 
2.09024e+06 719828 83.2742 220 248 168 -0.308188 0.323076 0.894786 2007 1 11 1 1 221083 8160 1 
2.09025e+06 719842 80.5489 205 248 175 0.0515215 0.197699 0.978908 2007 1 11 1 1 221083 19125 2 
2.09025e+06 719824 81.8283 218 248 169 0.515776 -0.235563 0.823702 2007 1 10 1 1 221083 13770 1 
2.09026e+06 719808 80.2143 205 248 175 0.00500404 -0.0190153 0.999807 2007 1 8 1 1 221084 16320 2 
2.09025e+06 719820 81.408 205 248 175 0.436174 -0.00392949 0.899854 2007 1 10 1 1 221083 13770 2 
2.09024e+06 719822 82.9096 208 248 173 -0.344535 0.133147 0.929283 2006 1 20 1 1 220946 10965 1 
2.09024e+06 719818 82.6962 220 248 169 -0.196618 -0.444977 0.873692 2006 1 21 1 1 220947 6120 1 
2.09026e+06 719818 80.6788 205 248 175 0.23461 -0.0401147 0.971262 2007 1 8 1 1 221084 18870 2 
2.09025e+06 719814 81.079 205 248 175 -0.0571508 -0.37879 0.923716 2007 1 11 1 1 221083 10200 2 
2.09025e+06 719824 83.9276 220 248 168 0.15246 0.01694 0.988164 2007 1 12 1 1 221084 13260 1 
2.09025e+06 719827 83.3632 221 248 168 0.303418 0.0820399 0.949319 2006 1 22 1 1 220946 7650 1 
2.09025e+06 719810 80.279 205 248 175 -0.0157427 -0.0598221 0.998085 2007 1 9 1 1 221084 14790 2 
2.09026e+06 719826 80.9872 205 248 175 0.368535 -0.0651921 0.927325 2007 1 10 1 1 221084 12750 2 
2.09025e+06 719831 81.7375 205 248 175 0.159568 0.201082 0.966491 2007 1 11 1 1 221083 13515 2 
2.09026e+06 719838 80.3549 205 248 175 0.00898964 0.0149827 0.999847 2007 1 10 1 1 221083 12240 2 
2.09024e+06 719819 81.3506 205 248 175 -0.374497 -0.144469 0.915904 2006 1 20 1 1 220946 10965 2 
2.09024e+06 719846 80.2605 205 248 175 -0.00495505 0.0109011 0.999928 2007 1 12 1 1 221083 15300 2 
2.09024e+06 719830 82.1138 205 248 175 -0.148189 0.435934 0.887694 2006 1 20 1 1 220947 9690 2 
2.09024e+06 719838 80.776 211 248 172 -0.13729 0.122711 0.982901 2007 1 11 1 1 221083 5610 1 
2.09025e+06 719829 82.3781 220 248 169 0.243233 0.28875 0.925992 2007 1 10 1 1 221083 11475 1 
2.09024e+06 719815 81.3966 205 248 175 -0.110277 -0.496964 0.860736 2007 1 12 2 2 221083 0 2 
2.09024e+06 719824 81.6317 205 248 175 -0.337059 0.181927 0.923739 2006 1 19 1 1 220947 10710 2 
2.09024e+06 719829 81.9764 206 248 174 -0.211384 0.238659 0.947818 2006 1 20 1 1 220947 11220 1 
2.09025e+06 719818 82.3662 207 248 174 0.216758 -0.252654 0.942965 2007 1 11 1 1 221084 9180 1 
2.09025e+06 719818 82.1228 218 248 169 0.346482 -0.0164991 0.937912 2006 1 23 1 1 220947 6375 1 
2.09025e+06 719824 82.6458 220 248 168 0.527128 -0.256567 0.810129 2006 1 22 1 1 220947 6375 1 
2.09025e+06 719830 82.5058 220 248 169 -0.26626 0.575059 0.773572 2006 1 21 1 1 220947 11220 1 
2.09024e+06 719823 82.3519 205 248 175 -0.281895 0.0438503 0.958443 2006 1 20 1 1 220946 10455 2 
2.09024e+06 719842 80.3799 205 248 175 -0.0418705 0.0590481 0.997377 2007 1 12 1 1 221083 15045 2 
2.09026e+06 719825 80.3499 205 248 175 0.062169 0.0200205 0.997865 2007 1 10 1 1 221083 18105 2 
2.09024e+06 719834 80.4742 205 248 175 -0.113208 0.0651806 0.991431 2007 1 11 1 1 221083 10200 2 
2.09024e+06 719820 81.8375 218 248 169 -0.353142 0.0482149 0.934327 2007 1 13 1 1 221083 8160 1 
2.09024e+06 719820 83.6116 220 248 168 -0.165665 0.0194228 0.985991 2006 1 21 1 1 220946 11985 1 
2.09025e+06 719824 82.1312 205 248 175 0.404134 -0.32981 0.853171 2007 1 10 1 1 221084 11220 2 
2.09024e+06 719820 83.6231 220 248 168 0.0170679 -0.162714 0.986526 2006 1 22 1 1 220946 11730 1 
2.09024e+06 719829 82.2692 208 248 173 -0.226477 0.338995 0.913121 2006 1 19 1 1 220947 12240 1 
2.09024e+06 719825 81.4925 218 248 169 -0.413463 0.204524 0.887253 2007 1 13 1 1 221084 10200 1 
2.09024e+06 719812 80.2281 205 248 175 -0.0295549 -0.0952326 0.995016 2007 1 13 1 1 221084 13515 2 
2.09025e+06 719815 82.0355 221 248 168 -0.164454 -0.502252 0.848939 2007 1 13 2 1 221084 3570 1 
2.09025e+06 719820 82.3122 219 248 169 0.43816 0.0614244 0.896796 2007 1 11 1 1 221083 14535 1 
2.09026e+06 719822 80.3283 205 248 175 0.0233404 -0.0172516 0.999579 2007 1 8 1 1 221084 6630 2 
2.09026e+06 719837 80.3441 205 248 175 -0.00690997 0.00296142 0.999972 2007 1 9 1 1 221083 10200 2 
2.09025e+06 719816 82.123 218 248 169 0.215723 -0.22115 0.951082 2007 1 12 1 1 221084 14535 1 
2.09026e+06 719833 80.8729 209 248 173 0.155016 0.0147095 0.987802 2007 1 9 1 1 221083 16320 1 
2.09024e+06 719820 83.338 220 248 169 -0.265549 0.130793 0.955184 2007 1 15 1 1 221084 6885 1 
2.09026e+06 719812 80.4808 205 248 175 0.0690894 -0.144034 0.987158 2007 1 9 1 1 221084 13005 2 
2.09026e+06 719834 80.4196 205 248 175 0.0467677 0.0176678 0.99875 2007 1 8 1 1 221083 19125 2 
2.09026e+06 719835 80.4362 205 248 175 0.0408647 0.0345778 0.998566 2007 1 10 1 1 221083 18105 2 
2.09023e+06 719814 80.1797 205 248 175 -0.0344393 -0.0365265 0.998739 2007 1 12 1 1 221084 18360 2 
2.09025e+06 719814 81.3649 205 248 175 -0.00677796 -0.535459 0.844534 2007 1 10 2 2 221084 0 2 
2.09025e+06 719811 80.3442 205 248 175 -0.0209413 -0.115728 0.99306 2007 1 9 1 1 221084 12495 2 
2.09026e+06 719823 80.3529 205 248 175 0.0505024 -0.00515331 0.998711 2007 1 7 1 1 221083 17340 2 
2.09026e+06 719832 80.4755 205 248 175 0.0548389 -0.00517348 0.998482 2007 1 7 1 1 221083 19125 2 
2.09024e+06 719825 80.6209 205 248 175 -0.160161 0.183224 0.969937 2006 1 19 1 1 220946 15810 2 
2.09026e+06 719829 80.8726 205 248 175 0.274561 -0.00120952 0.961569 2007 1 9 1 1 221083 14025 2 
2.09026e+06 719836 80.3778 205 248 175 0.0191288 0.0130881 0.999731 2007 1 9 1 1 221083 17340 2 
2.09025e+06 719830 83.0733 221 248 168 -0.065632 0.498524 0.864388 2007 1 11 1 1 221083 9945 1 
2.09025e+06 719810 80.2644 205 248 175 0.00720045 -0.0483458 0.998805 2007 1 11 1 1 221084 13515 2 
2.09025e+06 719825 83.2707 220 248 168 0.347617 -0.0374755 0.936887 2006 1 23 1 1 220947 7140 1 
2.09024e+06 719821 82.3686 218 248 169 -0.346916 0.0897428 0.933593 2006 1 20 1 1 220947 9945 1 
2.09025e+06 719834 81.0909 205 248 175 -0.0713693 0.0559975 0.995877 2007 1 13 1 1 221083 4335 2 
2.09024e+06 719811 80.2488 204 248 175 -0.0139367 -0.0889803 0.995936 2007 1 14 1 1 221084 15555 2 
2.09026e+06 719830 80.401 205 248 175 0.0359425 -0.0174578 0.999201 2007 1 9 1 1 221083 15045 2 
2.09026e+06 719826 80.3359 205 248 175 0.0110526 -0.0190908 0.999757 2007 1 9 1 1 221083 17595 2 
2.09025e+06 719823 81.4238 205 248 175 0.288076 -0.0951564 0.952868 2007 1 10 1 1 221083 13770 2 
2.09025e+06 719830 81.6565 205 248 175 0.321207 0.221276 0.920795 2007 1 11 1 1 221084 12495 2 
2.09024e+06 719829 81.5987 205 248 175 -0.443223 0.203082 0.873104 2006 1 20 1 1 220946 14025 2 
2.09025e+06 719827 83.7121 220 248 168 -0.160265 0.135418 0.977741 2006 1 22 1 1 220947 13260 1 
2.09026e+06 719815 80.5691 206 248 174 0.21996 -0.037261 0.974797 2007 1 8 1 1 221084 12750 1 
2.09026e+06 719834 80.5237 208 248 173 0.0546397 0.0460688 0.997443 2007 1 10 1 1 221083 15300 1 
2.09025e+06 719834 82.7109 205 248 175 0.373289 -0.698889 0.610089 2007 1 12 1 1 221083 12240 2 
2.09025e+06 719845 80.2725 205 248 175 -0.00696459 0.0109444 0.999916 2007 1 12 1 1 221083 19635 2 
2.09024e+06 719830 80.8828 205 248 175 -0.257022 0.0747008 0.963514 2006 1 20 1 1 220946 16320 2 
2.09025e+06 719820 81.0025 205 248 175 0.273205 -0.0208273 0.96173 2007 1 10 1 1 221084 14535 2 
2.09024e+06 719822 82.5718 219 248 169 -0.313575 0.108083 0.943392 2007 1 13 1 1 221084 8160 1 
2.09025e+06 719834 81.8151 205 248 175 -0.336885 -0.283458 0.897864 2007 1 11 1 1 221083 4335 2 
2.09025e+06 719829 83.0422 220 248 168 -0.304814 0.500654 0.810206 2006 1 21 1 1 220947 13005 1 
2.09024e+06 719820 82.4952 219 248 169 -0.36847 0.067841 0.927161 2006 1 20 1 1 220947 11985 1 
2.09026e+06 719812 80.3183 205 248 175 0.0432212 -0.0390045 0.998304 2007 1 8 2 2 221084 0 2 
2.09026e+06 719825 80.6023 205 248 175 0.242189 0.0228934 0.969959 2007 1 10 1 1 221083 17085 2 
2.09025e+06 719814 81.566 205 248 175 0.00673298 -0.518439 0.855088 2007 1 11 1 1 221084 14280 2 
2.09025e+06 719823 81.7267 220 248 169 0.283138 -0.462614 0.840132 2006 1 22 1 1 220947 6120 1 
2.09025e+06 719842 80.439 205 248 175 0.0868752 0.107725 0.990378 2007 1 9 1 1 221083 17085 2 
2.09024e+06 719824 83.8 220 248 169 0 0 0 2007 1 12 1 1 221084 8925 1 
2.09025e+06 719827 83.8622 221 248 168 -0.0417369 0.122955 0.991534 2007 1 10 1 1 221083 10455 1 
2.09025e+06 719815 81.7783 218 248 169 0.319922 -0.214703 0.922796 2007 1 10 1 1 221084 4080 1 
2.09024e+06 719814 80.6268 205 248 175 -0.0789142 -0.291077 0.953439 2007 1 11 1 1 221084 9180 2 
2.09025e+06 719814 81.3465 205 248 175 0.131026 -0.467951 0.873988 2007 1 10 1 1 221084 13260 2 
2.09025e+06 719816 82.426 218 248 169 0.229052 -0.332773 0.914766 2007 1 14 1 1 221084 13260 1 
2.09025e+06 719831 81.7161 206 248 174 -0.0593306 0.473265 0.87892 2007 1 10 1 1 221083 4335 2 
2.09024e+06 719833 81.1794 205 248 175 -0.00579682 0.20057 0.979662 2007 1 11 1 1 221083 5355 2 
2.09025e+06 719822 81.8398 206 248 174 0.748282 -0.236878 0.619647 2007 1 10 1 1 221084 8160 1 
2.09025e+06 719835 83.5345 222 242 159 -0.114097 -0.689027 0.715699 2007 1 11 1 1 221083 4845 1 
2.09024e+06 719839 80.3013 205 248 175 -0.0258313 0.0320308 0.999153 2007 1 13 2 2 221083 0 2 
2.09024e+06 719822 83.4317 221 248 168 -0.35074 0.106983 0.930342 2007 1 11 1 1 221084 9690 1 
2.09025e+06 719837 80.9821 205 248 175 -0.0390867 0.0433123 0.998297 2007 1 13 1 1 221083 9180 2 
2.09026e+06 719832 80.5442 208 248 173 0.0615325 -0.00730047 0.998078 2006 1 23 1 1 220947 4335 1 
2.09024e+06 719812 80.4974 205 248 175 -0.109307 -0.245618 0.963184 2007 1 11 1 1 221083 11730 2 
2.09024e+06 719842 80.296 205 248 175 -0.0319648 0.025778 0.999156 2007 1 12 1 1 221083 15555 2 
2.09025e+06 719828 82.7662 219 248 169 0.248425 -0.0354893 0.968001 2007 1 12 1 1 221083 14280 1 
2.09026e+06 719825 80.3471 205 248 175 0.0757054 -0.0181266 0.996965 2007 1 10 1 1 221083 19380 2 
2.09025e+06 719817 82.2642 205 248 175 0.0897918 -0.236494 0.967475 2007 1 10 1 1 221084 13770 2 
2.09024e+06 719825 80.4937 205 248 175 -0.127161 0.159259 0.979013 2007 1 13 1 1 221084 12240 2 
2.09025e+06 719811 80.3821 205 248 175 0.0210687 -0.120868 0.992445 2007 1 9 1 1 221084 16065 2 
2.09024e+06 719826 83.0005 219 248 169 -0.428151 0.211853 0.878524 2007 1 12 1 1 221084 8925 1 
2.09026e+06 719828 80.7373 205 248 175 0.31236 -0.119313 0.942441 2007 1 10 1 1 221084 15810 2 
2.09024e+06 719818 82.2501 220 248 169 -0.325165 -0.457116 0.827836 2007 1 14 1 1 221084 4335 1 
2.09024e+06 719825 83.4012 220 248 168 -0.352362 -0.00631473 0.935843 2007 1 12 1 1 221083 9690 1 
2.09025e+06 719816 81.8014 205 248 175 0.158911 -0.289299 0.943956 2007 1 10 1 1 221083 13515 2 
2.09025e+06 719836 84.6122 221 238 153 0.136622 -0.401415 0.905649 2007 1 14 1 1 221083 38250 1 
2.09024e+06 719830 81.2464 205 248 175 -0.328323 0.187412 0.925787 2006 1 20 1 1 220947 12240 2 
2.09024e+06 719828 80.3818 205 248 175 -0.120205 0.0393193 0.99197 2006 1 19 1 1 220947 12495 2 
2.09025e+06 719814 81.3327 218 248 169 -0.0124053 -0.591318 0.806343 2007 1 14 2 1 221084 5100 1 
2.09024e+06 719814 80.5817 205 248 175 -0.0903102 -0.302343 0.948911 2007 1 11 1 1 221084 7650 2 
2.09024e+06 719825 82.6045 218 248 169 -0.440829 0.0444874 0.896488 2006 1 20 1 1 220947 8670 1 
2.09026e+06 719832 80.9206 208 248 173 0.178182 0.065772 0.981797 2007 1 10 1 1 221083 8925 1 
2.09025e+06 719820 81.6828 219 248 169 0.38633 0.0740354 0.919384 2006 1 23 1 1 220947 5355 1 
2.09024e+06 719820 82.8033 205 248 175 -0.388419 0.0885869 0.917215 2006 1 20 1 1 220947 11475 2 
2.09024e+06 719825 82.44 218 248 169 -0.439925 0.186858 0.878379 2006 1 21 1 1 220947 8670 1 
2.09024e+06 719833 80.8008 205 248 175 -0.199738 0.133583 0.970701 2007 1 13 1 1 221084 9690 2 
2.09026e+06 719836 80.6664 205 248 175 0.225459 0.0652969 0.972062 2007 1 10 1 1 221083 14790 2 
2.09025e+06 719823 84.0776 221 248 168 -0.097673 -0.0572566 0.99357 2007 1 12 1 1 221084 8670 1 
2.09025e+06 719828 82.908 220 248 169 0.255011 0.126852 0.958581 2007 1 12 1 1 221084 14535 1 
2.09026e+06 719841 80.3279 205 248 175 0.00902508 0.0190529 0.999778 2007 1 9 1 1 221083 13005 2 
2.09024e+06 719841 80.5579 205 248 175 -0.122286 0.108039 0.986597 2007 1 12 1 1 221083 13770 2 
2.09025e+06 719834 82.5121 214 248 171 -0.332504 -0.595263 0.731508 2007 1 10 1 1 221083 4080 1 
2.09025e+06 719838 82.9597 218 236 151 -0.486374 0.379727 0.786923 2007 1 14 2 1 221083 3570 1 
2.09024e+06 719832 81.4636 207 248 173 -0.0481114 0.344582 0.937523 2006 1 21 1 1 220947 7905 1 
2.09025e+06 719817 82.6469 205 248 175 0.0526311 -0.311936 0.948644 2006 1 21 1 1 220947 13770 2 
2.09024e+06 719830 81.8862 218 248 169 -0.136728 0.310007 0.940851 2006 1 21 1 1 220947 11475 1 
2.09025e+06 719808 80.2292 205 248 175 0.00299058 -0.0169466 0.999852 2007 1 8 1 1 221084 12495 2 
2.09026e+06 719824 80.4179 205 248 175 0.116982 0.0300812 0.992678 2007 1 10 1 1 221083 17850 2 
2.09024e+06 719818 81.3342 219 248 169 -0.306349 -0.2686 0.913239 2007 1 16 1 1 221084 4590 1 
2.09026e+06 719839 80.3329 205 248 175 -0.00098326 0.00688282 0.999976 2007 1 9 1 1 221083 13260 2 
2.09025e+06 719819 82.2847 218 248 169 0.273271 0.108524 0.955796 2007 1 10 1 1 221083 14025 1 
2.09025e+06 719815 81.9508 219 248 169 0.0464198 -0.391253 0.919112 2007 1 10 1 1 221084 12240 1 
2.09025e+06 719815 81.7725 218 248 169 0.170744 -0.282752 0.943874 2007 1 10 1 1 221084 11985 1 
2.09025e+06 719842 80.3698 205 248 175 -0.0205783 0.0942268 0.995338 2007 1 10 1 1 221083 10200 2 
2.09025e+06 719824 84.0147 220 248 168 -0.164515 0.124932 0.978431 2006 1 22 1 1 220946 13260 1 
2.09025e+06 719822 81.8509 219 248 169 0.379777 0.210987 0.900696 2007 1 11 1 1 221083 14535 1 
2.09024e+06 719843 80.2618 205 248 175 -0.0130369 0.0130369 0.99983 2007 1 12 1 1 221083 12750 2 
2.09024e+06 719826 83.1279 220 248 168 -0.324003 0.288496 0.900995 2007 1 12 1 1 221083 7905 1 
2.09025e+06 719822 84.0372 221 248 168 -0.0537994 -0.129348 0.990139 2007 1 12 1 1 221084 16830 1 
2.09024e+06 719825 81.7891 205 248 175 -0.521435 0.174808 0.835193 2006 1 20 1 1 220947 10965 2 
2.09025e+06 719822 81.4713 205 248 175 0.272643 0.0806408 0.95873 2007 1 10 1 1 221083 14025 2 
2.09026e+06 719832 80.4997 208 248 173 0.0527747 -0.00724359 0.99858 2006 1 23 1 1 220947 9180 1 
2.09024e+06 719836 81.0444 212 248 171 -0.041094 0.101069 0.99403 2007 1 11 1 1 221083 6375 1 
2.09024e+06 719833 81.1816 205 248 175 0.0768188 0.0335406 0.996481 2007 1 13 1 1 221083 8160 2 
2.09025e+06 719840 80.5877 205 248 175 0.200809 0.200809 0.958828 2007 1 11 1 1 221083 11475 2 
2.09024e+06 719823 83.5632 221 248 168 -0.42987 -0.0498595 0.901513 2007 1 12 1 1 221083 8670 1 
2.09025e+06 719816 81.8515 205 248 175 0.181782 -0.19486 0.963839 2007 1 10 1 1 221083 9435 2 
2.09025e+06 719843 80.3533 205 248 175 0.0328738 0.0562035 0.997878 2007 1 12 1 1 221083 18870 2 
2.09025e+06 719824 84.0774 221 248 168 -0.00964709 0.0911114 0.995794 2007 1 12 1 1 221084 9435 1 
2.09024e+06 719812 80.261 204 248 175 -0.0651806 -0.113208 0.991431 2007 1 15 1 1 221084 13260 2 
2.09024e+06 719822 83.8915 221 248 168 -0.30417 -0.0822433 0.949061 2007 1 13 1 1 221083 7395 1 
2.09025e+06 719837 81.9572 205 248 175 -0.534988 -0.0752105 0.841506 2007 1 13 1 1 221083 11985 2 
2.09026e+06 719833 80.3723 205 248 175 0.0231088 0.00703312 0.999708 2007 1 9 1 1 221083 19380 2 
2.09024e+06 719828 82.8166 205 248 175 -0.276042 0.332136 0.901935 2006 1 20 1 1 220947 14025 2 
2.09025e+06 719835 82.5677 213 248 171 -0.495666 -0.391658 0.77519 2007 1 10 1 1 221083 3825 1 
2.09025e+06 719841 80.7072 205 248 175 -0.0873472 0.298545 0.95039 2007 1 12 1 1 221083 14280 2 
2.09025e+06 719843 80.3861 205 248 175 -0.0540176 0.0782704 0.995468 2007 1 12 1 1 221083 11475 2 
2.09025e+06 719833 81.7302 205 248 175 0.147834 -0.170578 0.974191 2007 1 9 1 1 221083 11985 2 
2.09026e+06 719821 80.442 205 248 175 0.130172 -0.0189139 0.991311 2007 1 10 1 1 221083 20400 2 
2.09025e+06 719828 83.114 221 248 168 0.21824 0.268283 0.938294 2006 1 22 1 1 220947 7140 1 
2.09024e+06 719816 82.223 221 248 168 -0.180438 -0.577706 0.796051 2007 1 12 2 1 221083 4590 1 
2.09024e+06 719824 83.0512 220 248 168 -0.417825 -0.184891 0.889515 2007 1 13 1 1 221083 9435 1 
2.09025e+06 719844 80.3055 205 248 175 -0.0111847 0.0294869 0.999503 2007 1 10 1 1 221083 18870 2 
2.09024e+06 719833 81.3072 218 248 169 -0.00104844 0.0765361 0.997066 2006 1 21 1 1 220947 4080 1 
2.09024e+06 719831 81.7076 206 248 174 -0.067497 0.353367 0.933047 2006 1 20 1 1 220947 7140 1 
2.09025e+06 719813 80.8032 205 248 175 -0.0111421 -0.30579 0.952034 2007 1 10 1 1 221084 14280 2 
2.09024e+06 719826 80.3719 205 248 175 -0.0802369 0.0824971 0.993356 2007 1 16 1 1 221084 14025 2 
2.09025e+06 719824 83.0853 220 248 169 0.434402 -0.182829 0.881968 2007 1 11 1 1 221083 14025 1 
2.09025e+06 719819 83.2489 219 248 169 0.215168 -0.220581 0.951339 2007 1 12 1 1 221084 13770 1 
2.09025e+06 719816 82.3396 220 248 169 0.0249056 -0.3998 0.916264 2007 1 11 1 1 221083 14535 1 
2.09023e+06 719820 80.5048 205 248 175 -0.200567 -0.00811541 0.979646 2006 1 19 1 1 220946 13770 2 
2.09026e+06 719827 80.5512 205 248 175 0.165621 -0.0335874 0.985617 2007 1 8 1 1 221083 14790 2 
2.09026e+06 719837 81.3062 205 248 175 0.46929 0.0944218 0.877981 2007 1 11 1 1 221083 10710 2 
2.09025e+06 719812 80.5233 205 248 175 -0.0105898 -0.220032 0.975435 2007 1 13 1 1 221084 15045 2 
2.09025e+06 719843 80.4289 205 248 175 -0.0875627 0.120253 0.988874 2007 1 11 1 1 221083 15300 2 
2.09026e+06 719828 81.1483 205 248 175 0.444199 -0.145191 0.884085 2007 1 10 1 1 221083 13005 2 
2.09025e+06 719817 81.6931 218 248 169 0.621671 0.0208615 0.783 2006 1 23 1 1 220946 4845 1 
2.09024e+06 719821 83.1863 220 248 168 -0.255433 0.328413 0.90934 2007 1 13 1 1 221083 8925 1 
2.09025e+06 719828 82.7219 221 248 168 0.172295 0.214383 0.961434 2006 1 22 1 1 220947 6885 1 
2.09024e+06 719816 81.3744 205 248 175 -0.182796 -0.39006 0.902463 2007 1 11 1 1 221084 8160 2 
2.09025e+06 719824 84.0381 221 248 168 0.024194 0.0536476 0.998267 2007 1 12 1 1 221084 15045 1 
2.09024e+06 719820 83.0433 220 248 169 -0.363518 0.226287 0.903686 2007 1 12 1 1 221084 7905 1 
2.09024e+06 719825 83.622 220 248 168 -0.216457 0.143873 0.965633 2007 1 13 1 1 221083 9180 1 
2.09023e+06 719814 80.212 204 248 175 -0.0374174 -0.0609368 0.99744 2007 1 12 1 1 221084 15045 2 
2.09025e+06 719838 81.3588 205 248 175 0.418042 0.286351 0.862116 2007 1 9 1 1 221083 13770 2 
2.09025e+06 719816 82.4813 221 248 168 0.0196283 -0.409578 0.912064 2006 1 22 1 1 220946 4590 1 
2.09025e+06 719841 80.5571 205 248 175 -0.0500899 0.154929 0.986655 2007 1 11 1 1 221083 13515 2 
2.09023e+06 719819 80.4089 205 248 175 -0.0949601 0.00106697 0.99548 2007 1 14 1 1 221083 13260 2 
2.09024e+06 719815 80.5986 205 248 175 -0.135327 -0.253575 0.957803 2007 1 11 1 1 221084 10710 2 
2.09024e+06 719821 82.6552 220 248 169 -0.312114 0.176171 0.933568 2007 1 13 1 1 221083 7140 1 
2.09025e+06 719814 81.0358 205 248 175 0.0509295 -0.483142 0.87406 2007 1 10 1 1 221084 14280 2 
2.09025e+06 719821 83.8548 221 248 168 -0.0332048 -0.149994 0.988129 2007 1 12 1 1 221084 17085 1 
2.09024e+06 719819 83.432 221 248 168 -0.22869 -0.22869 0.946257 2007 1 12 1 1 221084 8160 1 
2.09025e+06 719824 81.5324 205 248 175 0.380795 -0.23083 0.895384 2007 1 9 1 1 221084 14025 2 
2.09024e+06 719823 82.7259 205 248 175 -0.33891 -0.0215786 0.940571 2006 1 20 1 1 220947 11985 2 
2.09024e+06 719825 81.0381 205 248 175 -0.304885 0.222637 0.926001 2006 1 20 1 1 220946 15810 2 
2.09025e+06 719820 82.1574 205 248 175 0.303659 0.13361 0.943366 2007 1 10 1 1 221083 15810 2 
2.09026e+06 719841 80.3164 205 248 175 -0.000985198 0.00689638 0.999976 2007 1 10 1 1 221083 21675 2 
2.09025e+06 719832 81.4267 205 248 175 -0.138799 0.11466 0.983661 2007 1 12 1 1 221083 5610 2 
2.09026e+06 719828 80.3742 205 248 175 0.0343034 -0.0301454 0.998957 2007 1 7 1 1 221083 14280 2 
2.09025e+06 719810 80.2885 205 248 175 -0.00521401 -0.0636109 0.997961 2007 1 10 1 1 221083 15300 2 
2.09025e+06 719816 81.7436 205 248 175 0.0837404 -0.276988 0.957218 2007 1 12 1 1 221084 10200 2 
2.09024e+06 719814 80.9702 205 248 175 -0.0144357 -0.42126 0.906825 2007 1 14 1 1 221084 11985 2 
2.09025e+06 719831 81.9312 206 248 174 0.0497736 0.217304 0.974834 2007 1 12 1 1 221083 5610 2 
2.09025e+06 719817 82.7587 221 248 168 0.0553707 -0.31806 0.946452 2007 1 11 1 1 221083 14025 1 
2.09025e+06 719835 83.026 222 244 162 0.585002 -0.477724 0.655403 2006 1 23 1 1 220947 38250 1 
2.09025e+06 719813 80.6492 205 248 175 0.0622733 -0.283407 0.956976 2007 1 11 1 1 221084 12750 2 
2.09025e+06 719841 80.8086 205 248 175 0.253899 0.291195 0.922356 2007 1 11 1 1 221083 13005 2 
2.09026e+06 719813 80.3597 205 248 175 0.0592908 -0.0463546 0.997164 2007 1 9 1 1 221083 4590 2 
2.09025e+06 719816 82.455 220 248 168 0.150488 -0.329969 0.93192 2006 1 22 1 1 220946 7140 1 
2.09026e+06 719822 80.4766 205 248 175 0.14772 -0.0546682 0.987517 2007 1 8 1 1 221084 18360 2 
2.09026e+06 719819 80.2841 205 248 175 0.0232481 -0.0111187 0.999668 2007 1 8 1 1 221084 5100 2 
2.09025e+06 719836 82.5762 205 248 175 -0.621529 -0.181725 0.762022 2007 1 10 1 1 221083 6885 2 
2.09025e+06 719828 83.3776 219 248 169 -0.309725 0.358072 0.880826 2006 1 22 1 1 220946 11220 1 
2.09026e+06 719831 80.7542 205 248 175 0.188804 0.0613313 0.980098 2007 1 10 1 1 221083 14535 2 
2.09024e+06 719829 80.4643 205 248 175 -0.187538 0.0244615 0.981953 2006 1 20 1 1 220946 15810 2 
2.09025e+06 719817 82.0978 219 248 169 0.115157 -0.211332 0.970607 2006 1 22 1 1 220947 6375 1 
2.09025e+06 719836 84.1255 222 245 163 0.354817 -0.306501 0.883268 2006 1 23 1 1 220947 5865 1 
2.09026e+06 719835 80.9953 205 248 175 0.283873 -0.0492047 0.957599 2007 1 10 1 1 221083 12750 2 
2.09024e+06 719827 80.7961 205 248 175 -0.333988 0.0918135 0.938095 2006 1 19 1 1 220947 16830 2 
2.09025e+06 719814 81.7221 218 248 169 0.120175 -0.50821 0.852808 2007 1 10 1 1 221084 10710 1 
2.09025e+06 719832 81.7511 206 248 174 -0.0499477 0.041446 0.997891 2007 1 11 1 1 221083 6630 2 
2.09023e+06 719816 80.312 204 248 175 -0.0716546 -0.0628356 0.995448 2007 1 16 1 1 221084 10710 2 
2.09025e+06 719815 81.6942 205 248 175 0.193345 -0.328828 0.924386 2007 1 10 1 1 221084 12240 2 
2.09025e+06 719809 80.242 205 248 175 0.000992907 -0.0168794 0.999857 2007 1 9 1 1 221084 20655 2 
2.09024e+06 719812 80.315 205 248 175 -0.0494921 -0.14157 0.98869 2007 1 11 1 1 221084 13770 2 
2.09026e+06 719818 80.4072 205 248 175 0.119312 -0.00985146 0.992808 2007 1 10 1 1 221083 18360 2 
2.09024e+06 719811 80.2593 205 248 175 -0.0744682 -0.0700224 0.994762 2007 1 13 1 1 221084 13515 2 
2.09024e+06 719836 80.4792 205 248 175 -0.0984817 0.0690504 0.99274 2006 1 20 1 1 220947 14025 2 
2.09025e+06 719809 80.2402 205 248 175 0.000989037 -0.0128575 0.999917 2007 1 13 1 1 221084 13770 2 
2.09026e+06 719838 80.4266 205 248 175 0.0806381 0.0541269 0.995273 2007 1 11 1 1 221083 9945 2 
2.09025e+06 719809 80.2403 204 248 175 0.000998737 -0.0229709 0.999736 2007 1 12 1 1 221084 10200 2 
2.09024e+06 719836 80.7797 205 248 175 -0.143034 0.125918 0.981675 2006 1 20 1 1 220947 9435 2 
2.09025e+06 719841 80.9051 205 248 175 -0.102826 0.452153 0.885994 2007 1 10 1 1 221083 10200 2 
2.09025e+06 719811 80.4194 205 248 175 -0.0128629 -0.204638 0.978753 2007 1 10 1 1 221084 13770 2 
2.09025e+06 719844 80.2801 205 248 175 0.00099683 0.0189398 0.99982 2007 1 11 1 1 221083 20910 2 
2.09024e+06 719821 82.6864 220 248 169 -0.241725 0.250109 0.937558 2007 1 12 1 1 221084 7905 1 
2.09024e+06 719813 80.3509 205 248 175 -0.067524 -0.162295 0.984429 2007 1 11 1 1 221084 12495 2 
2.09025e+06 719837 81.0147 211 248 172 -0.27385 0.0208765 0.961546 2006 1 21 1 1 220947 15300 1 
2.09025e+06 719834 82.3058 206 248 174 0.00135057 -0.536176 0.844105 2007 1 11 1 1 221083 8160 2 
2.09026e+06 719824 80.6424 205 248 175 0.190484 -0.0414096 0.980816 2007 1 10 1 1 221084 15555 2 
2.09024e+06 719818 82.7902 220 248 169 -0.239586 -0.311318 0.919608 2007 1 13 1 1 221083 7140 1 
2.09024e+06 719821 82.4033 205 248 175 -0.306995 0.163823 0.937505 2006 1 20 1 1 220946 7905 2 
2.09026e+06 719811 80.2628 205 248 175 0.0151924 -0.0212693 0.999658 2007 1 8 1 1 221084 7395 2 
2.09025e+06 719819 81.0455 205 248 175 0.340494 -0.0267804 0.939865 2007 1 8 1 1 221083 17850 2 
2.09025e+06 719837 82.9552 205 248 175 0.41213 0.447686 0.793553 2007 1 9 1 1 221083 16830 2 
2.09025e+06 719823 81.0892 219 248 169 0.235917 -0.0895726 0.967636 2006 1 23 1 1 220946 6885 1 
2.09025e+06 719839 82.5639 205 248 175 -0.230739 0.660824 0.714192 2007 1 11 1 1 221083 16830 2 
2.09025e+06 719838 82.9932 221 238 153 0.0794702 0.611198 0.787478 2007 1 12 2 1 221083 9945 1 
2.09026e+06 719813 80.3595 204 248 175 0.0424639 -0.0751285 0.996269 2007 1 13 1 1 221084 11475 2 
2.09025e+06 719825 82.0677 205 248 175 0.482122 -0.205765 0.851598 2007 1 11 1 1 221083 11985 2 
2.09025e+06 719830 82.7935 221 248 168 0.11703 0.507131 0.853887 2007 1 11 1 1 221083 13770 1 
2.09025e+06 719821 83.9183 220 248 168 0.108045 -0.154177 0.982118 2007 1 12 1 1 221083 15300 1 
2.09025e+06 719831 81.4119 205 248 175 0.219392 0.146694 0.964546 2007 1 10 1 1 221083 6885 2 
2.09025e+06 719827 81.7609 205 248 175 0.426943 -0.129076 0.895019 2007 1 9 1 1 221083 13770 2 
2.09026e+06 719828 80.5065 205 248 175 0.111289 -0.0483378 0.992612 2007 1 8 1 1 221083 17085 2 
2.09026e+06 719814 80.3161 205 248 175 0.0552899 -0.0156481 0.998348 2007 1 12 1 1 221084 9435 2 
2.09026e+06 719838 80.3409 205 248 175 -0.00888411 -0.00296137 0.999956 2007 1 9 1 1 221083 11475 2 
2.09025e+06 719840 81.1233 205 248 175 -0.0623681 0.480927 0.874539 2007 1 11 1 1 221083 7650 2 
2.09024e+06 719832 81.0269 205 248 175 -0.234141 0.128066 0.963731 2006 1 20 1 1 220947 10455 2 
2.09024e+06 719831 81.4426 218 248 169 -0.294729 0.199745 0.934471 2007 1 13 1 1 221084 8670 1 
2.09024e+06 719829 81.4054 205 248 175 -0.38945 0.176762 0.903927 2006 1 19 1 1 220947 13770 2 
2.09024e+06 719827 83.4545 220 248 169 -0.227865 0.241675 0.943224 2006 1 21 1 1 220947 13515 1 
2.09025e+06 719830 82.459 221 248 168 0.179165 0.306941 0.934712 2006 1 21 1 1 220947 7395 1 
2.09025e+06 719836 80.9951 206 248 174 -0.0458877 0.0480221 0.997792 2006 1 21 1 1 220947 4845 1 
2.09026e+06 719832 80.6177 205 248 175 0.130177 0.0166894 0.99135 2007 1 10 1 1 221083 14535 2 
2.09026e+06 719826 80.3777 205 248 175 0.0654798 -0.0354235 0.997225 2007 1 10 1 1 221083 17085 2 
2.09029e+06 719836 80.7997 207 248 174 0.0134015 -0.044328 0.998927 2007 1 3 1 1 221083 9435 2 
2.0903e+06 719867 80.8648 207 248 174 0.0255221 0.0214385 0.999444 2007 1 6 1 1 221083 9690 2 
2.0903e+06 719854 81.5733 219 248 169 0.163379 -0.213047 0.963285 2006 1 30 1 1 220947 8160 1 
2.09029e+06 719859 82.5087 219 248 169 -0.236105 -0.00593229 0.971709 2007 1 8 1 1 221083 30090 1 
2.0903e+06 719843 81.2228 207 248 174 0.0909316 -0.0978378 0.991039 2007 1 5 1 1 221083 10965 2 
2.0903e+06 719866 81.2906 207 248 174 0.119868 0.198098 0.972825 2007 1 5 1 1 221082 8670 2 
2.09029e+06 719858 81.8414 206 248 174 -0.282299 0.0310902 0.958822 2006 1 24 1 1 220947 6120 2 
2.09029e+06 719836 80.8428 207 248 174 0.0266151 -0.0649409 0.997534 2007 1 5 1 1 221083 15045 2 
2.0903e+06 719859 81.9426 207 248 174 0.286119 -0.00121753 0.958193 2007 1 6 1 1 221083 11985 2 
2.09029e+06 719842 82.546 219 248 169 -0.071325 -0.136804 0.988027 2007 1 7 1 1 221083 20910 1 
2.09029e+06 719850 82.7237 220 248 168 -0.139297 -0.0518047 0.988895 2007 1 7 1 1 221083 16830 1 
2.0903e+06 719868 80.9743 207 248 174 0.027948 0.126325 0.991595 2007 1 6 1 1 221083 9690 2 
2.09029e+06 719837 80.9302 207 248 174 0.0458208 -0.103935 0.993528 2007 1 5 1 1 221083 10455 2 
2.0903e+06 719846 81.5052 207 248 174 0.121805 -0.100519 0.987451 2007 1 6 1 1 221083 11985 2 
2.0903e+06 719865 80.8851 207 248 174 0.0361622 0.0216973 0.99911 2007 1 6 1 1 221083 10710 2 
2.09029e+06 719843 81.8598 207 248 174 0.347763 -0.188786 0.918379 2007 1 6 1 1 221083 12240 2 
2.09028e+06 719840 80.8702 207 248 174 -0.0464484 -0.0615712 0.997021 2007 1 6 1 1 221083 8415 2 
2.0903e+06 719852 81.2063 207 248 174 0.118544 -0.00326268 0.992943 2007 1 6 1 1 221083 12495 2 
2.09029e+06 719856 81.8033 206 248 174 -0.281354 0.117561 0.952376 2006 1 24 1 1 220947 6120 2 
2.0903e+06 719868 80.9311 207 248 174 0.0671867 0.108182 0.991858 2007 1 6 1 1 221083 10965 2 
2.0903e+06 719861 82.9739 220 248 168 0.323194 0.108625 0.940078 2007 1 6 1 1 221083 21930 1 
2.09029e+06 719855 82.6025 207 248 174 -0.20575 0.0960166 0.973883 2006 1 26 1 1 220947 6630 2 
2.09029e+06 719843 82.4881 219 248 169 -0.190183 -0.108143 0.975774 2007 1 6 1 1 221083 22950 1 
2.09029e+06 719856 82.7114 219 248 169 -0.210818 0.148737 0.966143 2007 1 8 1 1 221083 22185 1 
2.0903e+06 719861 82.1077 207 248 174 0.369191 0.0569005 0.92761 2007 1 6 1 1 221083 12750 2 
2.09028e+06 719842 81.1954 207 248 174 -0.128304 -0.0906365 0.987585 2006 1 24 1 1 220947 4845 2 
2.09028e+06 719840 81.0787 206 248 174 -0.157908 -0.0526361 0.98605 2006 1 26 1 1 220947 5610 2 
2.09029e+06 719837 81.076 207 248 174 -0.0271622 -0.201945 0.97902 2007 1 6 1 1 221083 14280 2 
2.0903e+06 719849 81.4749 219 248 169 0.141414 0.0100215 0.9899 2006 1 29 1 1 220947 4590 1 
2.09029e+06 719841 81.4164 207 248 174 -0.225724 -0.167643 0.959658 2006 1 23 1 1 220947 5865 2 
2.09029e+06 719840 82.041 219 248 169 -0.179801 -0.225084 0.957606 2007 1 6 1 1 221083 13515 1 
2.0903e+06 719841 81.0069 207 248 174 0.0280644 -0.129096 0.991235 2007 1 4 1 1 221083 9945 2 
2.0903e+06 719863 81.3101 207 248 174 0.160055 0.10874 0.9811 2007 1 4 1 1 221082 12495 2 
2.09029e+06 719835 80.8354 207 248 174 0.00539894 -0.104739 0.994485 2007 1 6 1 1 221083 24480 2 
2.09028e+06 719843 81.5571 219 248 169 -0.217799 -0.101975 0.970652 2007 1 7 1 1 221083 16320 1 
2.09029e+06 719842 82.0667 208 248 173 -0.250603 -0.152484 0.956006 2006 1 27 1 1 220947 7140 1 
2.0903e+06 719858 82.8167 207 248 174 0.282595 -0.123387 0.951271 2007 1 5 1 1 221083 12495 2 
2.09029e+06 719861 82.9085 219 248 169 -0.177743 -0.137404 0.974437 2007 1 8 1 1 221083 38250 1 
2.0903e+06 719862 82.8939 219 248 169 0.166667 0.216536 0.961943 2007 1 4 1 1 221082 22695 1 
2.09029e+06 719863 83.0314 219 248 169 -0.0966422 0.0739028 0.992572 2007 1 6 1 1 221082 30345 1 
2.09029e+06 719841 82.1178 219 248 169 0.260984 -0.249699 0.93249 2007 1 7 2 1 221083 5100 1 
2.09029e+06 719859 81.655 221 247 167 -0.218839 -0.0729464 0.97303 2007 1 9 1 1 221083 15300 1 
2.09029e+06 719853 81.9618 219 248 169 -0.291385 0.106797 0.950626 2007 1 7 1 1 221083 38250 1 
2.09029e+06 719848 82.6457 219 248 169 -0.182151 0.0892416 0.979212 2007 1 6 1 1 221083 19380 1 
2.09029e+06 719847 81.93 207 248 174 0.210417 -0.109618 0.971447 2007 1 5 1 1 221083 12750 2 
2.09029e+06 719841 81.3861 207 248 174 0.362941 -0.168054 0.916532 2007 1 6 1 1 221083 13005 2 
2.09028e+06 719837 80.7758 207 248 174 -0.0321598 -0.030085 0.99903 2007 1 6 1 1 221083 17850 2 
2.09029e+06 719840 81.8071 207 248 174 0.192857 -0.292754 0.936537 2007 1 6 1 1 221083 13515 2 
2.09029e+06 719861 81.3796 206 248 174 -0.207427 -0.0272618 0.977871 2006 1 23 1 1 220947 5355 2 
2.09029e+06 719852 82.5702 221 248 168 -0.185042 0.010344 0.982676 2006 1 25 1 1 220947 9690 1 
2.0903e+06 719860 83.2508 219 248 169 0.0688909 0.0535818 0.996184 2007 1 5 1 1 221082 28560 1 
2.09029e+06 719848 82.8788 219 248 169 -0.0395573 0.0588014 0.997486 2007 1 7 1 1 221083 13005 1 
2.09029e+06 719837 81.1106 207 248 174 0.00357993 -0.251789 0.967776 2007 1 7 1 1 221083 11985 2 
2.09029e+06 719868 81.1628 207 248 174 0.113838 0.160352 0.980473 2007 1 6 1 1 221082 11220 2 
2.0903e+06 719851 82.0143 219 248 169 0.305322 -0.0392738 0.951439 2006 1 25 1 1 220947 6375 1 
2.0903e+06 719850 82.1181 220 248 169 0.259446 -0.0484134 0.964543 2006 1 25 1 1 220947 6885 1 
2.0903e+06 719855 81.924 207 248 174 0.222961 -0.206746 0.952651 2007 1 5 1 1 221083 11985 2 
2.0903e+06 719861 81.6828 219 248 169 0.233478 0.0921292 0.967988 2006 1 29 1 1 220947 4335 1 
2.09029e+06 719845 82.1914 219 248 169 -0.26119 0.0802682 0.961944 2007 1 6 1 1 221083 9180 1 
2.09029e+06 719841 82.2745 219 248 169 0.157268 -0.239207 0.958148 2007 1 5 1 1 221083 38250 1 
2.09029e+06 719857 82.8964 219 248 169 -0.101105 -0.0163072 0.994742 2007 1 7 1 1 221083 28815 1 
2.09029e+06 719851 81.5795 207 248 174 -0.252438 0.0430992 0.966653 2006 1 23 1 1 220947 5100 2 
2.0903e+06 719866 80.9726 207 248 174 0.0898301 0.0807334 0.99268 2007 1 5 1 1 221082 10455 2 
2.09029e+06 719853 82.8918 219 248 169 -0.0173544 -0.0296046 0.999411 2007 1 6 1 1 221083 38250 1 
2.0903e+06 719863 81.6763 207 248 174 0.250754 0.228588 0.940675 2007 1 3 1 1 221082 13515 2 
2.09028e+06 719857 80.9316 207 248 174 -0.105185 0.0119282 0.994381 2007 1 7 1 1 221083 9180 2 
2.09029e+06 719846 82.5782 207 248 174 -0.213569 0.0597994 0.975096 2006 1 27 1 1 220947 4590 2 
2.0903e+06 719858 82.5121 219 248 169 0.349196 -0.0454344 0.935948 2006 1 26 1 1 220947 7650 1 
2.0903e+06 719866 81.7644 207 248 174 0.121677 0.35136 0.9283 2007 1 6 1 1 221083 7395 2 
2.09029e+06 719867 81.6689 207 248 174 -0.003637 0.2752 0.96138 2007 1 7 1 1 221083 8925 2 
2.09029e+06 719862 83.1257 219 248 169 0.0794964 0.196906 0.977194 2007 1 6 1 1 221083 30855 1 
2.09029e+06 719853 81.629 207 248 174 -0.416143 -0.00913167 0.909253 2006 1 25 1 1 220947 5610 2 
2.09028e+06 719852 81.1386 207 248 174 -0.158447 0.0404793 0.986537 2006 1 27 1 1 220947 6120 2 
2.09029e+06 719867 81.6266 207 248 174 0.160327 0.338777 0.927106 2007 1 5 1 1 221082 5865 2 
2.0903e+06 719867 80.8847 207 248 174 0.0396419 0.0589271 0.997475 2007 1 3 1 1 221082 9435 2 
2.09029e+06 719847 81.5219 207 248 174 -0.198138 0.0540377 0.978683 2006 1 27 1 1 220947 5865 2 
2.0903e+06 719850 81.7775 207 248 174 0.200567 0.00811541 0.979646 2007 1 5 1 1 221083 11475 2 
2.09028e+06 719843 81.1956 207 248 174 -0.167514 -0.0288818 0.985447 2006 1 26 1 1 220947 5865 2 
2.0903e+06 719848 81.9887 219 248 169 0.140167 -0.15009 0.978686 2006 1 29 1 1 220947 6375 1 
2.09029e+06 719850 82.3454 207 248 174 0.17321 -0.106875 0.979069 2007 1 6 1 1 221083 7905 2 
2.09029e+06 719837 81.0199 207 248 174 0.0534291 -0.181659 0.981909 2007 1 6 1 1 221083 13005 2 
2.09029e+06 719856 82.9567 219 248 169 -0.0992787 0.0479661 0.993903 2007 1 8 1 1 221083 38250 1 
2.09029e+06 719849 82.6547 220 248 168 -0.000992907 0.0168794 0.999857 2007 1 8 1 1 221083 12495 1 
2.09029e+06 719851 82.2545 207 248 174 -0.21718 -0.0347968 0.975511 2006 1 24 1 1 220947 6885 2 
2.09029e+06 719839 81.1478 206 248 174 -0.141434 -0.0666261 0.987703 2006 1 26 1 1 220947 5610 2 
2.09029e+06 719852 81.4367 207 248 174 -0.287541 0.0519347 0.956359 2006 1 23 1 1 220947 6120 2 
2.0903e+06 719848 81.6164 207 248 174 0.125165 -0.0853931 0.988454 2007 1 6 1 1 221083 11475 2 
2.09029e+06 719860 82.1268 219 248 169 -0.345106 -0.145527 0.927213 2007 1 9 1 1 221083 30345 1 
2.09029e+06 719851 82.7694 220 248 169 -0.12628 -0.0466439 0.990897 2007 1 6 1 1 221083 27540 1 
2.09029e+06 719847 82.1565 219 248 169 -0.253416 0.0743857 0.964493 2007 1 8 1 1 221083 26265 1 
2.0903e+06 719853 81.3608 207 248 174 0.150025 -0.115873 0.981869 2007 1 6 1 1 221083 10965 2 
2.09029e+06 719840 81.4122 207 248 174 -0.217604 -0.132622 0.966985 2006 1 24 1 1 220947 6375 2 
2.0903e+06 719860 81.4313 207 248 174 0.221451 0.0447743 0.974143 2007 1 6 1 1 221083 10965 2 
2.09029e+06 719851 82.6861 219 248 169 0.188482 -0.0790409 0.978891 2007 1 7 1 1 221083 31875 1 
2.09029e+06 719841 81.087 207 248 174 0.35136 -0.121677 0.9283 2007 1 5 1 1 221083 10455 2 
2.09029e+06 719842 82.4291 219 248 169 0.200998 -0.162095 0.966087 2007 1 5 1 1 221083 26265 1 
2.0903e+06 719849 81.8375 207 248 174 0.205589 -0.0344628 0.978031 2007 1 5 1 1 221083 10455 2 
2.09029e+06 719842 81.236 207 248 174 0.19486 -0.181782 0.963839 2007 1 6 1 1 221083 10965 2 
2.09029e+06 719839 81.4655 219 248 169 -0.131597 -0.2057 0.969727 2007 1 6 1 1 221083 8925 1 
2.09029e+06 719860 83.0755 219 248 169 -0.186135 -0.0790769 0.979337 2007 1 7 1 1 221083 26520 1 
2.09029e+06 719845 82.4066 219 248 169 0.282509 -0.0976414 0.954282 2007 1 7 1 1 221083 29325 1 
2.09028e+06 719841 81.0737 207 248 174 -0.101343 -0.132342 0.98601 2006 1 24 1 1 220947 6120 2 
2.09029e+06 719858 81.4888 207 248 174 -0.203767 0.0369403 0.978322 2006 1 25 1 1 220947 6375 2 
2.09029e+06 719863 81.6666 207 248 174 -0.275753 0.0284409 0.960808 2006 1 27 1 1 220947 6375 2 
2.09029e+06 719864 82.5162 219 248 169 0.166211 0.303575 0.938198 2007 1 5 1 1 221082 30600 1 
2.0903e+06 719864 82.0034 208 248 173 0.27391 0.228961 0.934104 2007 1 7 1 1 221083 5355 1 
2.0903e+06 719868 80.9926 207 248 174 0.0737364 0.0964245 0.992605 2007 1 8 1 1 221083 9435 2 
2.0903e+06 719867 81.2193 207 248 174 0.0852871 0.253315 0.963617 2007 1 6 1 1 221083 9180 2 
2.09029e+06 719866 82.0109 219 248 169 -0.187858 0.304747 0.933723 2007 1 9 1 1 221083 18870 1 
2.09029e+06 719857 81.2137 207 248 174 -0.1996 0.0442229 0.978879 2006 1 25 1 1 220947 6120 2 
2.09029e+06 719855 82.9571 219 248 169 0.0538679 -0.0285183 0.998141 2007 1 8 1 1 221083 34680 1 
2.09029e+06 719856 82.4022 219 248 169 -0.357267 0.158318 0.920487 2007 1 8 1 1 221083 38250 1 
2.0903e+06 719864 81.4071 207 248 174 0.207435 0.165687 0.964115 2007 1 5 1 1 221083 10455 2 
2.09029e+06 719838 81.5971 207 248 174 0.0111599 -0.308758 0.951075 2007 1 5 1 1 221083 12240 2 
2.09029e+06 719840 81.1683 207 248 174 0.127054 -0.100931 0.986747 2007 1 4 1 1 221083 11475 2 
2.09029e+06 719866 82.3996 219 248 169 -0.0668087 0.336664 0.939252 2007 1 6 1 1 221082 21930 1 
2.0903e+06 719855 82.1832 219 248 169 0.233855 -0.23939 0.94234 2006 1 26 1 1 220947 6120 1 
2.09029e+06 719855 82.5 207 248 174 -0.173302 0.194151 0.965542 2006 1 24 1 1 220947 4590 2 
2.0903e+06 719854 81.763 207 248 174 0.228665 -0.183199 0.956112 2007 1 5 1 1 221083 11730 2 
2.09029e+06 719853 82.711 219 248 169 0.213537 -0.0622309 0.974951 2007 1 6 1 1 221083 26265 1 
2.09029e+06 719861 83.2507 219 248 169 0.0457948 0.0457948 0.997901 2007 1 5 1 1 221083 22440 1 
2.09029e+06 719869 80.8976 207 248 174 -0.0792374 0.0703092 0.994373 2007 1 8 1 1 221083 12240 2 
2.0903e+06 719861 82.6006 221 248 168 0.421496 0.0414805 0.905881 2007 1 5 1 1 221082 22440 1 
2.09029e+06 719844 82.2109 206 248 174 -0.253416 0.0743857 0.964493 2006 1 27 1 1 220947 5355 2 
2.09029e+06 719860 81.78 207 248 174 -0.270633 -0.125416 0.954478 2006 1 24 1 1 220947 5865 2 
2.0903e+06 719861 82.4373 219 248 169 0.362979 0.0817038 0.928208 2006 1 26 1 1 220947 8670 1 
2.09029e+06 719863 82.782 219 248 169 -0.302991 0.0418355 0.952075 2007 1 9 1 1 221083 38250 1 
2.09029e+06 719841 81.6713 207 248 174 0.298749 -0.190365 0.935153 2007 1 5 1 1 221083 12495 2 
2.09029e+06 719841 81.0486 207 248 174 0.196558 0.00114946 0.980491 2007 1 4 1 1 221083 11730 2 
2.0903e+06 719857 82.5172 219 248 169 0.262873 -0.186599 0.946614 2006 1 26 1 1 220947 7650 1 
2.0903e+06 719865 81.1288 207 248 174 0.114483 0.105041 0.987856 2007 1 5 1 1 221082 10965 2 
2.09029e+06 719840 81.7156 207 248 174 0.206757 -0.273364 0.939427 2007 1 4 1 1 221083 13005 2 
2.09029e+06 719845 81.8073 207 248 174 0.260441 -0.093656 0.960937 2007 1 6 1 1 221083 13260 2 
2.09029e+06 719870 80.913 207 248 174 -0.0471951 0.0823171 0.995488 2007 1 6 1 1 221082 12240 2 
2.09029e+06 719855 82.5633 219 248 169 -0.273446 -0.0309328 0.96139 2007 1 8 1 1 221083 29325 1 
2.0903e+06 719849 81.6462 219 248 169 0.133015 -0.0420645 0.990221 2006 1 30 1 1 220947 6120 1 
2.09029e+06 719855 82.8052 219 248 169 -0.152643 -0.00111418 0.988281 2007 1 6 1 1 221083 28815 1 
2.09029e+06 719865 81.1777 207 248 174 -0.189822 0.102975 0.976404 2007 1 8 1 1 221083 10455 2 
2.0903e+06 719856 82.4595 219 248 169 0.217016 -0.258484 0.941324 2006 1 25 1 1 220947 8415 1 
2.0903e+06 719862 82.604 219 248 169 0.300264 0.248544 0.920906 2007 1 7 1 1 221083 38250 1 
2.09029e+06 719842 81.8331 219 248 169 -0.270636 -0.20957 0.939594 2007 1 6 1 1 221083 13770 1 
2.09028e+06 719841 81.1114 207 248 174 -0.0953872 -0.121295 0.988023 2006 1 27 1 1 220947 4590 2 
2.09029e+06 719858 82.3083 207 248 174 -0.284409 0.120378 0.951116 2006 1 27 1 1 220947 5865 2 
2.0903e+06 719847 81.7839 207 248 174 0.139591 -0.144532 0.979604 2007 1 6 1 1 221083 11985 2 
2.09029e+06 719842 81.9649 219 248 169 0.328996 -0.206513 0.921474 2007 1 6 1 1 221083 14025 1 
2.0903e+06 719865 80.967 207 248 174 0.0836964 0.0658412 0.994314 2007 1 4 1 1 221083 11220 2 
2.09029e+06 719843 82.1204 207 248 174 -0.257098 -0.0614526 0.96443 2006 1 26 1 1 220947 6630 2 
2.09029e+06 719868 81.2505 207 248 174 -0.124165 0.186874 0.974506 2007 1 9 1 1 221083 8415 2 
2.0903e+06 719860 81.8393 219 248 169 0.250671 0.0481585 0.966874 2006 1 27 1 1 220947 5100 1 
2.09029e+06 719855 82.7565 219 248 169 0.132032 -0.101105 0.986076 2007 1 7 1 1 221083 35190 1 
2.0903e+06 719848 81.8099 220 248 169 0.206149 -0.1012 0.973273 2006 1 29 1 1 220947 5865 1 
2.09029e+06 719864 82.6084 219 248 169 -0.202496 0.237831 0.949964 2007 1 9 1 1 221083 38250 1 
2.09029e+06 719859 82.2359 219 248 169 -0.320599 -0.0857568 0.943325 2007 1 7 1 1 221083 32385 1 
2.09029e+06 719836 80.9288 208 248 173 -0.0303076 -0.129088 0.99117 2007 1 5 1 1 221083 36720 1 
2.0903e+06 719860 83.1592 219 248 169 0.129376 0.0303752 0.99113 2007 1 5 1 1 221082 22440 1 
2.09029e+06 719840 82.0939 219 248 169 0.28548 -0.357223 0.889322 2007 1 5 1 1 221083 18870 1 
2.0903e+06 719867 80.8753 207 248 174 0.0216097 0.033958 0.99919 2007 1 3 1 1 221082 9435 2 
2.09029e+06 719858 81.0165 207 248 174 -0.137038 -0.0144837 0.99046 2007 1 9 1 1 221083 9180 2 
2.0903e+06 719858 83.1718 219 248 169 -0.00108316 -0.115898 0.993261 2007 1 7 1 1 221083 38250 1 
2.09029e+06 719860 82.6539 206 248 174 -0.218804 -0.0912726 0.971491 2006 1 24 1 1 220947 6120 2 
2.09029e+06 719850 81.6423 207 248 174 -0.221451 0.0447743 0.974143 2006 1 23 1 1 220947 6120 2 
2.09029e+06 719862 82.7844 219 248 169 -0.232135 -0.148199 0.961327 2007 1 9 1 1 221083 38250 1 
2.09029e+06 719846 82.828 219 248 169 0.00703312 -0.0231088 0.999708 2007 1 7 1 1 221083 21420 1 
2.09029e+06 719849 82.2608 207 248 174 -0.210705 0.0621152 0.975574 2006 1 25 1 1 220947 8415 2 
2.0903e+06 719858 83.0565 219 248 169 0.187785 -0.108194 0.976233 2006 1 26 1 1 220947 7905 1 
2.09029e+06 719844 82.7637 219 248 169 0.100554 -0.0936195 0.990517 2007 1 5 1 1 221083 33915 1 
2.09029e+06 719860 81.9742 206 248 174 -0.307899 -0.20386 0.929322 2006 1 27 1 1 220947 5355 2 
2.09029e+06 719864 82.8098 219 248 169 0.0303297 0.243851 0.969338 2007 1 7 1 1 221083 31110 1 
2.0903e+06 719853 82.2183 208 248 173 0.261856 -0.127638 0.95663 2007 1 6 1 1 221083 3570 2 
2.0903e+06 719851 82.3515 207 248 174 0.275607 -0.0673143 0.958911 2007 1 5 1 1 221083 10710 2 
2.09029e+06 719840 81.6928 207 248 174 -0.347502 -0.214846 0.912734 2006 1 27 1 1 220947 5610 2 
2.0903e+06 719862 81.1261 207 248 174 0.176201 0.0361736 0.983689 2007 1 4 1 1 221083 11475 2 
2.0903e+06 719859 82.8287 220 248 169 0.383969 -0.00642089 0.923324 2007 1 6 1 1 221083 38250 1 
2.09029e+06 719859 81.2958 207 248 174 -0.169374 -0.0408833 0.984704 2006 1 26 1 1 220947 5865 2 
2.0903e+06 719857 82.8509 219 248 169 0.0778549 -0.164094 0.983368 2006 1 27 1 1 220947 8925 1 
2.0903e+06 719862 81.7988 219 248 169 0.285659 0.126221 0.949983 2006 1 29 1 1 220947 6120 1 
2.09029e+06 719844 82.7461 219 248 169 -0.109419 -0.027631 0.993612 2007 1 6 1 1 221083 11220 1 
2.09029e+06 719851 82.7912 219 248 169 0.0745063 -0.106601 0.991506 2007 1 6 1 1 221083 37485 1 
2.09029e+06 719865 81.7618 206 248 174 -0.255502 0.195384 0.94686 2006 1 23 1 1 220947 5865 2 
2.09029e+06 719852 82.1979 207 248 174 -0.271256 -0.0487511 0.961272 2006 1 23 1 1 220947 6630 2 
2.0903e+06 719862 81.312 207 248 174 0.225143 0.0943335 0.969748 2007 1 3 1 1 221082 11730 2 
2.09029e+06 719838 81.2596 207 248 174 0.141253 -0.219007 0.965445 2007 1 5 1 1 221083 8925 2 
2.0903e+06 719855 82.5232 210 248 172 0.185059 -0.222337 0.957246 2007 1 7 1 1 221083 11985 1 
2.0903e+06 719857 82.1035 219 248 169 0.315627 -0.0937636 0.944239 2006 1 26 1 1 220947 6120 1 
2.09029e+06 719854 82.3 219 248 169 -0.284409 0.120378 0.951116 2007 1 7 1 1 221083 26775 1 
2.0903e+06 719850 81.3403 207 248 174 0.137514 0.0352308 0.989873 2007 1 5 1 1 221083 12495 2 
2.09029e+06 719855 81.4991 206 248 174 -0.278831 0.120254 0.952781 2006 1 23 1 1 220947 5100 2 
2.09028e+06 719844 81.3536 207 248 174 -0.192997 0.00808971 0.981166 2006 1 24 1 1 220947 5355 2 
2.0903e+06 719860 83.2177 219 248 169 -0.113208 -0.0651806 0.991431 2007 1 6 1 1 221083 32130 1 
2.09029e+06 719837 81.0483 207 248 174 -0.0850484 -0.12 0.989124 2007 1 5 1 1 221083 14535 2 
2.09029e+06 719866 81.1442 207 248 174 -0.193264 0.169917 0.966321 2007 1 7 1 1 221083 10455 2 
2.09029e+06 719844 82.4642 219 248 169 -0.248441 0.02545 0.968313 2007 1 8 1 1 221083 8670 1 
2.09029e+06 719845 81.88 219 248 169 -0.240166 0.0529597 0.969286 2007 1 7 1 1 221083 9180 1 
2.0903e+06 719849 82.0365 207 248 174 0.222122 -0.0601324 0.973163 2007 1 6 1 1 221083 12240 2 
2.09029e+06 719843 81.6557 207 248 174 0.302931 -0.163117 0.938949 2007 1 5 1 1 221083 11985 2 
2.0903e+06 719862 82.1104 207 248 174 0.324168 0.215636 0.921095 2007 1 6 1 1 221083 12495 2 
2.09029e+06 719853 81.3375 207 248 174 -0.251006 0.0769416 0.964923 2006 1 26 1 1 220947 5610 2 
2.09029e+06 719856 81.0647 206 248 174 -0.187366 0.0365305 0.981611 2006 1 23 1 1 220947 6630 2 
2.09029e+06 719847 82.7774 219 248 169 0.236101 0.00830507 0.971693 2007 1 7 1 1 221083 10965 1 
2.09028e+06 719839 80.9429 207 248 174 -0.071067 -0.0535736 0.996032 2007 1 6 1 1 221083 11220 2 
2.0903e+06 719852 81.6098 207 248 174 0.220603 -0.054846 0.973821 2007 1 5 1 1 221083 12495 2 
2.09029e+06 719862 82.2488 221 248 168 -0.357308 -0.0730555 0.931125 2007 1 7 1 1 221083 13770 1 
2.09028e+06 719838 80.9118 207 248 174 -0.0857576 -0.059028 0.994566 2007 1 6 1 1 221083 17085 2 
2.09029e+06 719862 83.2948 219 248 169 -0.0205422 0.0897368 0.995754 2007 1 8 1 1 221083 38250 1 
2.09029e+06 719866 82.2457 219 248 169 0.135169 0.372063 0.918313 2007 1 7 1 1 221083 12240 1 
2.09029e+06 719847 82.3775 219 248 169 0.28098 -0.0284693 0.959291 2007 1 7 1 1 221083 9690 1 
2.0903e+06 719864 82.1291 219 248 169 0.173707 0.285864 0.942395 2007 1 6 1 1 221083 24990 1 
2.09029e+06 719854 81.1349 207 248 174 -0.203607 0.0694947 0.976583 2006 1 23 1 1 220947 5610 2 
2.09029e+06 719866 82.0299 207 248 174 0.207973 0.382496 0.900247 2007 1 8 1 1 221083 6885 2 
2.09029e+06 719861 83.2062 219 248 169 -0.125738 -0.0419127 0.991178 2007 1 8 1 1 221083 38250 1 
2.09029e+06 719852 81.8399 219 248 169 -0.325898 -0.047661 0.944203 2007 1 7 1 1 221083 38250 1 
2.09029e+06 719840 82.2637 219 248 169 -0.0557815 -0.244199 0.968119 2007 1 5 1 1 221083 38250 1 
2.09029e+06 719860 82.4158 207 248 174 -0.264988 -0.180735 0.947162 2006 1 26 1 1 220947 6120 2 
2.0903e+06 719841 80.9896 207 248 174 0.0416132 -0.0544173 0.997651 2007 1 5 1 1 221083 9690 2 
2.09029e+06 719836 80.8797 207 248 174 -0.00772108 -0.129052 0.991608 2007 1 6 1 1 221083 18870 2 
2.09028e+06 719849 81.1566 206 248 174 -0.184791 0.0560333 0.981179 2006 1 23 1 1 220947 6120 2 
2.09029e+06 719863 82.3522 222 247 167 -0.385704 0.0825541 0.918922 2007 1 9 2 1 221083 10965 1 
2.09029e+06 719837 80.9575 207 248 174 0.0597905 -0.155924 0.985958 2007 1 5 1 1 221083 10455 2 
2.0903e+06 719850 81.9856 219 248 169 0.300652 -0.0444001 0.9527 2006 1 29 1 1 220947 6120 1 
2.09032e+06 719867 82.2094 211 248 172 -0.159027 0.22737 0.960736 2006 1 31 1 1 220947 6120 1 
2.09033e+06 719821 81.0096 207 248 173 -0.00105249 -0.0810419 0.99671 2007 1 -4 1 1 221083 19890 2 
2.09033e+06 719845 83.8344 220 248 168 0.16457 0.0124846 0.986286 2007 1 0 1 1 221083 19125 1 
2.09033e+06 719827 83.0814 221 248 168 -0.046549 -0.397662 0.916351 2006 1 33 1 1 220947 5610 1 
2.09033e+06 719864 81.4639 209 248 173 0.127937 -0.00109347 0.991782 2007 1 0 1 1 221083 17340 2 
2.09032e+06 719866 82.4352 209 248 173 -0.204289 0.204289 0.957357 2006 1 31 1 1 220947 7140 1 
2.09032e+06 719853 82.3142 208 248 173 -0.0310632 0.0674822 0.997237 2007 1 3 1 1 221083 14280 2 
2.09034e+06 719853 81.4972 209 248 173 0.299695 0.0211403 0.953801 2007 1 -3 1 1 221082 18105 2 
2.09031e+06 719854 81.7636 219 248 169 -0.262446 0.059019 0.96314 2007 1 2 1 1 221083 26010 1 
2.09032e+06 719866 82.8319 219 248 169 0.138241 0.0213544 0.990168 2007 1 2 1 1 221083 36720 1 
2.09033e+06 719853 82.7056 220 248 168 0.264612 0.144938 0.953401 2007 1 -3 1 1 221082 17085 1 
2.09033e+06 719849 83.8044 220 248 168 -0.142818 -0.0568948 0.988112 2007 1 1 1 1 221083 10455 1 
2.09033e+06 719829 83.517 220 248 168 0.418681 -0.188188 0.888421 2006 1 34 1 1 220947 5100 1 
2.09032e+06 719867 82.4726 219 248 169 0.177591 0.209162 0.96162 2007 1 0 1 1 221082 26775 1 
2.09033e+06 719854 82.8964 221 248 168 0.151379 0.30685 0.939642 2007 1 -2 1 1 221083 14790 1 
2.09032e+06 719849 83.6449 220 248 168 -0.283837 0.0517214 0.957477 2007 1 2 1 1 221083 10710 1 
2.09033e+06 719834 83.9527 221 248 168 -0.11379 -0.0254095 0.99318 2007 1 -1 1 1 221083 17850 1 
2.09033e+06 719837 83.5693 220 248 168 0.207706 -0.00116037 0.978191 2007 1 -1 1 1 221083 19380 1 
2.09033e+06 719832 83.5793 221 248 168 0.290524 -0.0311721 0.95636 2006 1 35 1 1 220947 5610 1 
2.09032e+06 719868 81.811 207 248 174 -0.202021 0.210049 0.956591 2006 1 27 1 1 220947 5355 2 
2.09033e+06 719834 81.8938 208 248 173 0.310683 -0.0367747 0.949802 2007 1 -3 1 1 221083 18615 2 
2.09031e+06 719856 81.7668 219 248 169 -0.223736 0.0998594 0.969521 2007 1 4 1 1 221083 34680 1 
2.09032e+06 719860 82.2026 219 248 169 0.233894 -0.0477584 0.971088 2006 1 29 1 1 220947 14790 1 
2.09032e+06 719826 81.3895 207 248 173 -0.144121 -0.161666 0.976265 2007 1 -1 1 1 221083 21420 2 
2.09033e+06 719835 82.4051 208 248 173 0.303431 -0.0550528 0.951262 2007 1 -3 1 1 221083 19635 2 
2.09032e+06 719835 83.4357 220 248 168 -0.340622 0.0479203 0.938978 2006 1 34 1 1 220947 6120 1 
2.09033e+06 719858 81.7701 209 248 173 0.0011536 0.201881 0.979409 2007 1 0 1 1 221083 6375 2 
2.09032e+06 719859 82.4011 219 248 169 0.117233 -0.0323788 0.992576 2006 1 33 1 1 220947 13770 1 
2.09032e+06 719866 81.6986 208 248 173 0.22461 0.124498 0.966463 2007 1 0 1 1 221082 16065 2 
2.09033e+06 719833 83.7173 220 248 168 0.215052 -0.0105763 0.976545 2007 1 -1 1 1 221083 17850 1 
2.09033e+06 719857 82.1304 209 248 173 0.060148 0.295621 0.95341 2007 1 -2 1 1 221082 17595 2 
2.09032e+06 719866 82.6507 211 248 172 -0.234253 0.0252272 0.971848 2006 1 28 1 1 220947 5865 1 
2.09033e+06 719866 81.5502 209 248 173 0.0727037 0.0771778 0.994363 2007 1 3 1 1 221082 22440 2 
2.09032e+06 719852 82.8249 219 248 169 0.155835 0.0404017 0.986956 2007 1 3 1 1 221083 38250 1 
2.09032e+06 719853 83.1097 220 248 168 -0.301806 0.0262985 0.953007 2007 1 0 1 1 221083 10710 1 
2.09033e+06 719847 83.6721 220 248 168 0.243296 0.0278398 0.969552 2007 1 -1 1 1 221083 17850 1 
2.09032e+06 719827 82.6204 209 248 173 -0.1929 -0.395952 0.897781 2007 1 0 2 2 221083 0 2 
2.09032e+06 719842 82.3754 220 248 169 -0.291899 0.168562 0.941478 2007 1 1 1 1 221083 10965 1 
2.09032e+06 719869 81.3615 208 248 173 0.0402832 0.0773003 0.996194 2007 1 4 1 1 221082 17340 2 
2.09032e+06 719848 82.6643 219 248 169 -0.238732 -0.11743 0.963959 2006 1 33 1 1 220947 13260 1 
2.09033e+06 719843 83.9057 220 248 168 -0.109185 0.0253663 0.993698 2006 1 34 1 1 220947 5610 1 
2.09032e+06 719860 82.3289 208 248 173 -0.393543 0.0437269 0.918266 2006 1 28 1 1 220947 7650 1 
2.09032e+06 719869 81.5171 207 248 173 0.141426 0.138967 0.980146 2006 1 28 1 1 220947 6120 2 
2.09032e+06 719842 82.9395 207 248 174 -0.29723 0.291374 0.909261 2006 1 29 1 1 220947 8670 2 
2.09032e+06 719857 82.4733 214 248 171 -0.294833 0.186866 0.937099 2006 1 32 1 1 220947 5865 1 
2.09032e+06 719856 82.6824 218 248 169 -0.340572 0.198073 0.919118 2006 1 29 1 1 220947 9435 1 
2.09031e+06 719852 81.4285 207 248 174 -0.225092 -0.0325 0.973795 2006 1 28 1 1 220947 5355 2 
2.09032e+06 719854 82.4616 208 248 173 0.145462 0.0011104 0.989363 2007 1 3 1 1 221083 4845 2 
2.09032e+06 719855 82.8125 219 248 169 0.0512314 0.0198652 0.998489 2007 1 2 1 1 221083 36465 1 
2.09033e+06 719826 81.8827 208 248 173 0.178994 -0.221422 0.95861 2007 1 -2 1 1 221083 22695 2 
2.09034e+06 719851 81.216 208 248 173 0.0510203 0.0177009 0.998541 2007 1 -2 1 1 221083 17595 2 
2.09033e+06 719844 83.7072 220 248 168 -0.224303 0.0424357 0.973595 2006 1 34 1 1 220947 6375 1 
2.09032e+06 719851 82.5519 208 248 173 -0.196764 0.114048 0.973795 2007 1 0 1 1 221083 18360 2 
2.09032e+06 719860 82.1452 208 248 173 0.339875 0.0426459 0.939503 2007 1 -1 1 1 221082 20655 2 
2.09033e+06 719857 82.2482 209 248 173 0.0458202 0.362634 0.930804 2007 1 -2 1 1 221082 22950 2 
2.09033e+06 719858 81.8487 209 248 173 0.0608496 0.317195 0.946406 2007 1 1 1 1 221083 14790 2 
2.09032e+06 719829 82.6527 221 248 168 -0.337327 -0.154088 0.928691 2007 1 -1 1 1 221083 8160 1 
2.09032e+06 719844 82.9154 220 248 169 -0.345402 -0.0727858 0.935628 2006 1 30 1 1 220947 6630 1 
2.09032e+06 719852 82.6087 209 248 173 -0.248923 0.0957397 0.96378 2007 1 0 2 2 221083 0 1 
2.09032e+06 719839 82.5472 208 248 173 -0.307307 -0.124801 0.943391 2006 1 32 1 1 220947 8670 2 
2.09033e+06 719822 81.1259 207 248 173 0.0241896 -0.171631 0.984864 2007 1 -1 1 1 221083 24735 2 
2.09033e+06 719846 83.9626 221 248 168 0.0834823 0.00317021 0.996504 2007 1 0 1 1 221083 17340 1 
2.09032e+06 719858 82.001 209 248 173 0.173793 0.0887197 0.980778 2007 1 -1 1 1 221082 22695 2 
2.09033e+06 719855 83.0791 221 248 168 0.0291039 0.317612 0.947774 2007 1 0 1 1 221083 6120 1 
2.09032e+06 719862 82.1203 208 248 173 0.198335 -0.0104387 0.980079 2007 1 1 1 1 221083 18360 2 
2.09032e+06 719864 82.7299 219 248 169 -0.109948 -0.00979737 0.993889 2007 1 0 1 1 221082 34170 1 
2.09032e+06 719836 83.434 220 248 168 -0.336544 -0.0138651 0.941566 2006 1 34 1 1 220947 5865 1 
2.09032e+06 719829 83.2061 220 248 168 -0.265113 -0.0232127 0.963938 2006 1 34 1 1 220947 6120 1 
2.09032e+06 719847 83.1276 220 248 169 -0.272903 -0.13978 0.951833 2007 1 2 1 1 221083 9945 1 
2.09032e+06 719850 83.1893 220 248 168 -0.26122 0.0562435 0.963639 2007 1 1 1 1 221083 10965 1 
2.09033e+06 719835 83.3151 220 248 169 0.469405 0.0882763 0.878559 2007 1 -1 1 1 221083 4590 1 
2.09031e+06 719853 82.2657 207 248 174 -0.281358 -0.20097 0.938322 2006 1 28 1 1 220947 6120 2 
2.09034e+06 719847 81.2451 208 248 173 0.134454 -0.0540116 0.989447 2007 1 -4 1 1 221082 18105 2 
2.09032e+06 719825 81.5313 208 248 173 -0.0454056 -0.343785 0.93795 2007 1 -2 1 1 221083 18105 2 
2.09033e+06 719848 83.3106 220 248 168 0.329812 -0.0292883 0.943592 2007 1 -2 1 1 221083 17340 1 
2.09034e+06 719838 81.5126 208 248 173 0.201915 0.0418167 0.97851 2007 1 -3 1 1 221083 18105 2 
2.09032e+06 719827 82.7785 209 248 173 -0.0682913 -0.486401 0.871063 2007 1 -2 2 2 221083 0 2 
2.09032e+06 719858 82.6207 219 248 169 -0.155955 0.0797631 0.984538 2007 1 1 1 1 221082 32640 1 
2.09034e+06 719841 81.2378 208 248 173 0.157685 0.00111833 0.987489 2007 1 -1 1 1 221083 18105 2 
2.09033e+06 719842 83.594 221 248 168 -0.249703 0.161573 0.954747 2007 1 1 1 1 221083 9945 1 
2.09032e+06 719856 82.1868 208 248 173 0.0331372 -0.0652054 0.997321 2007 1 1 1 1 221083 18105 2 
2.09034e+06 719849 81.229 208 248 173 0.0660968 -0.0115407 0.997746 2007 1 -4 1 1 221082 16575 2 
2.09032e+06 719834 83.1561 220 248 168 -0.317128 0.0968634 0.943423 2006 1 30 1 1 220947 6375 1 
2.09032e+06 719831 82.2147 220 248 168 -0.422715 0.0386711 0.905437 2007 1 1 1 1 221083 9945 1 
2.09032e+06 719855 82.8444 217 248 170 -0.0838347 -0.00530599 0.996466 2006 1 31 1 1 220947 6630 1 
2.09034e+06 719843 81.2337 209 248 173 0.12688 0.00992972 0.991868 2007 1 -3 1 1 221083 17850 2 
2.09033e+06 719829 83.2345 220 248 168 0.366859 -0.315103 0.875286 2006 1 35 1 1 220947 5100 1 
2.09033e+06 719845 83.5776 220 248 168 0.401745 0.0520534 0.914271 2007 1 0 1 1 221083 17340 1 
2.09033e+06 719827 83.0409 221 248 168 -0.0278511 -0.428376 0.903171 2006 1 34 1 1 220946 5610 1 
2.09032e+06 719825 81.4035 207 248 173 -0.159912 -0.177822 0.970983 2007 1 -1 1 1 221083 21930 2 
2.09033e+06 719843 83.6112 220 248 168 0.278054 -0.0259517 0.960215 2007 1 0 1 1 221083 18360 1 
2.09032e+06 719843 83.1115 220 248 168 -0.330182 0.19981 0.922527 2007 1 1 1 1 221083 9435 1 
2.09032e+06 719842 83.408 221 248 168 -0.250912 0.22596 0.941268 2007 1 0 1 1 221083 10965 1 
2.09032e+06 719822 81.122 207 248 174 -0.0171706 -0.168272 0.985591 2007 1 -3 1 1 221083 23970 2 
2.09031e+06 719865 81.2448 207 248 174 -0.227597 0.0202574 0.973545 2007 1 3 1 1 221083 9435 2 
2.09032e+06 719830 83.4952 221 248 168 -0.221781 -0.0299704 0.974636 2007 1 -1 1 1 221083 16830 1 
2.09033e+06 719830 83.8237 221 248 168 0.0188777 -0.127702 0.991633 2006 1 31 1 1 220947 5610 1 
2.09033e+06 719854 83.3926 220 248 168 -0.0962005 0.208643 0.973249 2007 1 2 1 1 221083 8415 1 
2.09034e+06 719850 82.0734 209 248 173 0.379529 0.0299971 0.924694 2007 1 -2 1 1 221083 18360 2 
2.09031e+06 719850 82.0621 219 248 169 -0.294833 -0.081826 0.952039 2007 1 4 1 1 221083 23715 1 
2.09033e+06 719850 83.8669 220 248 169 -0.129656 0.0326958 0.99102 2006 1 33 1 1 220947 6630 1 
2.09033e+06 719851 83.8255 221 248 168 0.0937841 0.134147 0.986514 2007 1 -1 1 1 221083 16575 1 
2.09032e+06 719851 82.4999 208 248 173 0.0698395 -0.00104238 0.997558 2007 1 1 1 1 221083 18360 2 
2.09032e+06 719871 81.3012 208 248 173 0.0373471 0.0565542 0.997701 2007 1 1 1 1 221082 22950 2 
2.09032e+06 719853 82.7102 219 248 169 0.135272 0.0375123 0.990098 2007 1 1 1 1 221083 35700 1 
2.09033e+06 719847 82.9944 220 248 168 0.416659 -0.0778675 0.905722 2007 1 0 1 1 221083 17085 1 
2.09034e+06 719832 81.6246 208 248 173 0.32011 -0.0718614 0.944651 2007 1 -2 1 1 221083 14280 2 
2.09032e+06 719858 82.5711 219 248 169 0.160708 -0.0954583 0.982375 2007 1 0 1 1 221082 30345 1 
2.09033e+06 719850 83.9471 221 248 168 0.00105064 0.0766965 0.997054 2007 1 -1 1 1 221083 10455 1 
2.09033e+06 719835 82.4527 220 248 168 0.447309 0.0445958 0.893267 2006 1 35 1 1 220947 4845 1 
2.09033e+06 719840 83.5105 220 248 168 0.350734 -0.0375324 0.935723 2007 1 -2 1 1 221083 17085 1 
2.09033e+06 719851 83.7826 220 248 169 -0.142818 0.0568948 0.988112 2006 1 32 1 1 220947 4845 1 
2.09033e+06 719865 81.3776 209 248 173 0.0829351 0.0226187 0.996298 2007 1 2 1 1 221082 16830 2 
2.09033e+06 719851 83.8523 220 248 169 -0.0270936 0.0856157 0.99596 2006 1 30 1 1 220947 5610 1 
2.09032e+06 719854 82.454 209 248 173 -0.297668 0.168724 0.939642 2007 1 -1 1 1 221082 16320 2 
2.09032e+06 719869 81.8573 219 248 169 -0.0296304 0.207413 0.977805 2007 1 2 2 1 221082 3570 1 
2.09034e+06 719855 81.8416 209 248 173 0.234322 0.183441 0.954695 2007 1 -3 1 1 221082 19635 2 
2.09032e+06 719833 81.5255 207 248 173 -0.191625 0.0150977 0.981352 2006 1 31 1 1 220947 9435 2 
2.09033e+06 719854 83.3322 221 248 168 0.0600466 0.292567 0.954358 2007 1 0 1 1 221083 9180 1 
2.09034e+06 719856 81.6425 209 248 173 0.188179 0.172605 0.966849 2007 1 0 1 1 221082 20145 2 
2.09033e+06 719834 83.5877 220 248 168 0.338204 0.0723783 0.938285 2007 1 -1 1 1 221083 17085 1 
2.09033e+06 719831 83.9309 221 248 168 0.0183018 -0.0893557 0.995832 2007 1 -2 1 1 221083 17085 1 
2.09032e+06 719867 81.7813 219 248 169 0.28308 0.210567 0.935696 2006 1 33 1 1 220947 7395 1 
2.09032e+06 719824 81.3051 207 248 173 -0.014953 -0.180586 0.983446 2007 1 -3 1 1 221083 22950 2 
2.09033e+06 719834 83.9081 221 248 168 0.0522845 0.0437482 0.997674 2007 1 -1 1 1 221083 15300 1 
2.09032e+06 719830 82.0268 220 248 168 -0.381328 -0.0193896 0.924236 2007 1 -1 1 1 221083 9945 1 
2.09033e+06 719825 81.644 208 248 173 0.140687 -0.323716 0.935636 2007 1 -3 1 1 221083 20910 2 
2.09032e+06 719846 82.3041 220 248 169 -0.228803 -0.204433 0.951765 2007 1 2 1 1 221083 10710 1 
2.09033e+06 719864 81.6667 219 248 169 0.114504 0.0532842 0.991993 2006 1 30 1 1 220947 8925 1 
2.09033e+06 719835 83.5795 220 248 168 0.338787 0.0113349 0.940795 2007 1 -1 1 1 221083 16830 1 
2.09032e+06 719866 82.6102 219 248 169 -0.213293 0.229595 0.949627 2006 1 29 1 1 220947 14280 1 
2.09032e+06 719859 82.7451 219 248 169 0.0677644 -0.00104253 0.997701 2007 1 1 1 1 221082 30600 1 
2.09033e+06 719848 82.3601 209 248 173 0.395514 -0.0829084 0.91471 2007 1 -2 1 1 221083 17595 2 
2.09033e+06 719863 81.35 209 248 173 0.129071 -0.0513998 0.990302 2007 1 2 1 1 221082 22695 2 
2.09032e+06 719862 82.7421 219 248 169 -0.00296717 -0.0108796 0.999936 2006 1 28 1 1 220947 15045 1 
2.09033e+06 719865 81.7402 208 248 173 0.158221 0.191666 0.968623 2007 1 1 1 1 221083 23715 2 
2.09032e+06 719853 83.3029 220 248 169 -0.247481 0.0741186 0.966054 2007 1 1 1 1 221083 10710 1 
2.09033e+06 719855 82.956 209 248 173 0.105216 0.436294 0.893631 2007 1 -1 2 2 221083 0 2 
2.09031e+06 719855 81.4807 207 248 174 -0.208643 0.0962005 0.973249 2006 1 27 1 1 220947 5355 2 
2.09032e+06 719856 82.4558 219 248 169 -0.327581 0.216003 0.919801 2007 1 1 1 1 221082 35190 1 
2.09033e+06 719855 82.6117 221 248 168 0.0570678 0.375586 0.925029 2007 1 -1 1 1 221082 9180 1 
2.09032e+06 719837 81.7052 208 248 173 -0.304785 -0.028848 0.951984 2007 1 0 1 1 221083 16830 2 
2.09032e+06 719867 82.0223 219 248 169 0.242299 0.14014 0.960027 2006 1 31 2 1 220947 4335 1 
2.09032e+06 719856 82.7686 219 248 169 -0.0753939 0.12411 0.9894 2007 1 3 1 1 221083 37230 1 
2.09033e+06 719841 83.954 221 248 168 -0.0555192 -0.0178081 0.998299 2007 1 0 1 1 221083 17340 1 
2.09033e+06 719869 81.3517 207 248 173 0.0218272 0.042615 0.998853 2006 1 29 1 1 220947 8670 2 
2.09031e+06 719853 82.5877 219 248 169 -0.280605 -0.0386611 0.959044 2006 1 29 1 1 220947 14790 1 
2.09033e+06 719842 82.8805 209 248 173 0.442856 -0.0501091 0.895192 2007 1 -3 1 1 221082 13260 2 
2.09034e+06 719844 81.5345 208 248 173 0.33891 0.0215786 0.940571 2007 1 -3 1 1 221083 19380 2 
2.09033e+06 719845 83.7009 220 248 168 -0.229169 -0.0551476 0.971823 2006 1 31 1 1 220947 6630 1 
2.09031e+06 719857 81.3741 207 248 174 -0.195544 0.103377 0.975231 2006 1 27 1 1 220947 6375 2 
2.09032e+06 719832 81.6402 208 248 173 -0.281895 0.0438503 0.958443 2006 1 32 1 1 220947 9180 2 
2.09032e+06 719853 82.8899 219 248 169 -0.0200996 0.066646 0.997574 2006 1 28 1 1 220947 16065 1 
2.09032e+06 719863 82.5935 219 248 169 -0.174557 -0.0102681 0.984594 2007 1 1 1 1 221082 34680 1 
2.09032e+06 719825 81.9426 208 248 173 -0.0640565 -0.429315 0.90088 2007 1 -2 1 1 221083 19125 2 
2.09033e+06 719843 83.7286 221 248 168 -0.278733 0.00608586 0.960349 2007 1 -1 1 1 221083 10710 1 
2.09031e+06 719852 82.0821 211 248 172 -0.235029 -0.100364 0.966793 2006 1 28 1 1 220947 5355 1 
2.09032e+06 719855 82.7774 220 248 169 -0.20319 0.269538 0.941309 2007 1 2 1 1 221083 6375 1 
2.09033e+06 719858 81.6363 209 248 173 0.00992691 0.12905 0.991588 2007 1 0 1 1 221083 19125 2 
2.09034e+06 719851 81.3569 208 248 173 0.167151 0.0125079 0.985852 2007 1 -4 1 1 221082 27540 2 
2.09033e+06 719831 83.5681 220 248 168 0.302413 -0.0877129 0.949133 2006 1 34 1 1 220947 5100 1 
2.09034e+06 719827 81.264 208 248 173 0.136477 -0.093754 0.986197 2007 1 -3 1 1 221083 18105 2 
2.09032e+06 719824 81.1295 207 248 174 -0.0720443 -0.108638 0.991467 2007 1 -2 1 1 221083 20910 2 
2.09032e+06 719836 82.0197 220 248 169 -0.25049 -0.0717484 0.965457 2007 1 0 1 1 221083 6375 1 
2.09034e+06 719854 81.7269 208 248 173 0.267285 0.139626 0.953448 2007 1 -1 1 1 221083 20145 2 
2.09033e+06 719829 82.7585 220 248 168 0.363366 -0.209912 0.90769 2006 1 35 1 1 220947 5610 1 
2.09032e+06 719833 81.9748 220 248 168 -0.388002 0.12099 0.913682 2007 1 0 1 1 221083 10965 1 
2.09033e+06 719872 81.2868 209 248 173 -0.0190529 0.00902508 0.999778 2007 1 3 1 1 221082 18360 2 
2.09034e+06 719841 81.4492 208 248 173 0.274561 -0.00120952 0.961569 2007 1 -1 1 1 221083 24735 2 
2.09033e+06 719851 83.6443 220 248 168 -0.250444 0.0742523 0.965279 2007 1 -1 1 1 221083 10710 1 
2.09032e+06 719827 81.9449 207 248 173 -0.239138 -0.214541 0.946987 2006 1 32 1 1 220947 11985 2 
2.09033e+06 719831 83.1147 220 248 168 0.528267 -0.0372407 0.848261 2006 1 35 1 1 220947 5355 1 
2.09032e+06 719832 82.5637 220 248 168 -0.378184 0.0654807 0.923412 2007 1 -1 1 1 221083 11220 1 
2.09033e+06 719827 82.9436 221 248 168 0.107138 -0.416028 0.903018 2006 1 35 1 1 220947 4845 1 
2.09031e+06 719871 80.86 207 248 174 0 0 0 2007 1 3 1 1 221083 11475 2 
2.09033e+06 719858 81.8928 209 248 173 0.0796481 0.199733 0.976608 2007 1 1 1 1 221082 23205 2 
2.09032e+06 719862 81.9378 208 248 173 0.15313 -0.0215516 0.987971 2007 1 1 1 1 221083 15300 2 
2.09034e+06 719844 81.2399 208 248 173 0.0870324 0.0182661 0.996038 2007 1 -2 1 1 221083 19380 2 
2.09032e+06 719861 81.9894 210 248 172 -0.308766 0.00868017 0.951098 2006 1 28 1 1 220947 5355 1 
2.09034e+06 719849 81.5913 209 248 173 0.272354 -0.0410396 0.961322 2007 1 -4 1 1 221082 18870 2 
2.09034e+06 719842 81.32 208 248 173 0.22709 -0.0154564 0.973751 2007 1 -3 1 1 221083 18360 2 
2.09032e+06 719840 82.1189 220 248 169 -0.277122 0.0109872 0.960772 2007 1 1 2 1 221083 3315 1 
2.09033e+06 719842 83.8968 221 248 168 -0.124292 0.0513134 0.990918 2007 1 -1 1 1 221083 15555 1 
2.09033e+06 719858 81.7137 209 248 173 0.0945109 0.14715 0.984589 2007 1 -1 1 1 221082 26265 2 
2.09033e+06 719844 83.8638 221 248 168 0.112087 -0.0299639 0.993247 2007 1 0 1 1 221083 19125 1 
2.09033e+06 719871 81.2673 209 248 173 -0.00501387 0.0210583 0.999766 2007 1 3 1 1 221082 17340 2 
2.09032e+06 719837 81.3145 208 248 173 -0.312972 -0.0367456 0.949051 2007 1 2 1 1 221083 18105 1 
2.09033e+06 719839 83.8075 221 248 168 -0.136743 -0.0494112 0.989374 2007 1 0 1 1 221083 10965 1 
2.09032e+06 719837 82.2655 208 248 173 -0.201933 -0.0128397 0.979315 2006 1 30 1 1 220947 8925 2 
2.09034e+06 719852 82.0073 209 248 173 0.34325 0.00628663 0.939223 2007 1 -2 1 1 221083 21165 2 
2.09033e+06 719848 83.9887 221 248 168 0.0726658 0.00947814 0.997311 2007 1 0 1 1 221083 17085 1 
2.09032e+06 719849 82.2893 219 248 169 -0.0953934 -0.288794 0.952627 2007 1 3 1 1 221083 17085 1 
2.09033e+06 719834 84.05 221 248 168 0 0 0 2006 1 35 1 1 220947 4845 1 
2.09034e+06 719833 81.4025 208 248 173 0.176251 -0.0683422 0.98197 2007 1 -2 1 1 221083 15045 2 
2.09032e+06 719863 82.3515 212 248 171 -0.285536 0.0465411 0.957237 2006 1 29 1 1 220947 5355 1 
2.09032e+06 719844 81.7214 207 248 174 -0.031392 -0.00708852 0.999482 2006 1 32 1 1 220947 6120 2 
2.09032e+06 719825 81.7369 208 248 173 -0.10806 -0.269499 0.956918 2007 1 -2 1 1 221083 18615 2 
2.09033e+06 719839 83.9084 221 248 168 0.0178433 -0.0577282 0.998173 2007 1 0 1 1 221083 16575 1 
2.09033e+06 719845 83.6736 220 248 168 0.275311 -0.0411099 0.960476 2007 1 -1 1 1 221083 19635 1 
2.09034e+06 719850 81.4641 208 248 173 0.196843 0.0441405 0.979441 2007 1 -3 1 1 221082 25245 2 
2.09033e+06 719850 83.5657 221 248 168 0.261745 0.0307213 0.964648 2007 1 0 1 1 221083 18615 1 
2.09031e+06 719871 81.0674 207 248 174 -0.0458829 0.0501511 0.997687 2007 1 3 1 1 221083 11985 2 
2.09032e+06 719864 82.371 207 248 174 -0.306199 -0.0340221 0.951359 2006 1 28 1 1 220947 6120 2 
2.09032e+06 719831 81.7959 208 248 173 -0.309479 0.0136718 0.950808 2006 1 32 1 1 220947 9690 2 
2.09032e+06 719866 82.7923 219 248 169 -0.163553 0.243335 0.956054 2007 1 2 1 1 221083 31875 1 
2.09032e+06 719829 82.1691 208 248 173 -0.325122 -0.146785 0.934211 2006 1 32 1 1 220947 11220 2 
2.09032e+06 719855 82.1616 209 248 173 -0.212311 0.175387 0.961334 2007 1 1 1 1 221083 20655 2 
2.09033e+06 719847 83.9585 221 248 168 -0.110347 -0.0390117 0.993127 2007 1 0 1 1 221083 10965 1 
2.09033e+06 719832 84.0008 221 248 168 0.0483465 -0.00514324 0.998817 2007 1 -1 1 1 221083 15555 1 
2.09034e+06 719824 81.1369 208 248 173 0.0572566 -0.097673 0.99357 2007 1 -4 1 1 221083 19380 2 
2.09032e+06 719840 82.8365 220 248 168 -0.326703 0.0112656 0.94506 2007 1 1 1 1 221083 10965 1 
2.09034e+06 719832 81.3007 208 248 173 0.172399 -0.0457385 0.983965 2007 1 -3 1 1 221083 15555 2 
2.09033e+06 719867 81.3315 209 248 173 0.0318367 0.0215668 0.99926 2007 1 -1 1 1 221082 19380 2 
2.09033e+06 719833 83.727 221 248 168 -0.215052 -0.0105763 0.976545 2007 1 0 1 1 221083 10710 1 
2.09032e+06 719843 82.1102 207 248 173 -0.327367 0.153324 0.932375 2006 1 28 1 1 220947 7650 2 
2.09034e+06 719854 81.1783 208 248 173 0.0443292 0.01134 0.998953 2007 1 -3 1 1 221082 20145 2 
2.09033e+06 719857 81.7319 209 248 173 0.0831061 0.212107 0.973706 2007 1 -1 1 1 221083 16065 2 
2.09032e+06 719838 82.4778 208 248 173 -0.242598 -0.109105 0.963972 2006 1 32 1 1 220947 7905 2 
2.09031e+06 719849 82.0705 219 248 169 -0.121757 -0.263153 0.95704 2007 1 4 2 1 221083 9945 1 
2.09033e+06 719835 83.7928 220 248 168 -0.22791 0.0325585 0.973138 2006 1 34 1 1 220947 5865 1 
2.09033e+06 719827 82.8114 221 248 168 0.136381 -0.44934 0.882889 2006 1 34 1 1 220947 5100 1 
2.09033e+06 719848 83.9986 220 248 168 -0.0396433 -0.00101649 0.999213 2006 1 34 1 1 220947 6630 1 
2.09034e+06 719840 81.3435 208 248 173 0.170764 0.0704552 0.98279 2007 1 -4 1 1 221083 25245 2 
2.09032e+06 719868 81.9688 207 248 174 0.110987 0.267674 0.957096 2006 1 29 1 1 220947 5865 2 
2.09033e+06 719844 83.1128 220 248 168 0.478762 0.0565684 0.87612 2007 1 0 1 1 221083 14280 1 
2.09032e+06 719858 82.7266 219 248 169 0.0503605 -0.0482175 0.997567 2007 1 0 1 1 221082 27030 1 
2.09032e+06 719832 82.1148 207 248 173 -0.366642 0.0486228 0.92909 2006 1 31 1 1 220947 10455 2 
2.09033e+06 719829 83.7352 221 248 168 -0.00343119 -0.186428 0.982463 2007 1 -2 1 1 221083 16320 1 
2.09032e+06 719832 83.0911 221 248 168 -0.300571 0.0136061 0.953663 2007 1 0 1 1 221083 10965 1 
2.09032e+06 719865 82.5939 207 248 174 -0.127967 0.0419006 0.990893 2006 1 27 1 1 220947 7140 2 
2.09033e+06 719847 83.7413 220 248 169 -0.207498 -0.109408 0.972098 2006 1 34 1 1 220947 6120 1 
2.09033e+06 719849 83.8262 221 248 168 0.200117 0.00347024 0.979766 2007 1 -1 1 1 221083 17340 1 
2.09032e+06 719865 82.0332 208 248 173 0.211174 0.0646948 0.975305 2007 1 3 1 1 221082 16830 2 
2.09033e+06 719832 82.3881 208 248 173 0.492401 0.0202357 0.870133 2007 1 -3 1 1 221083 19635 2 
2.09033e+06 719834 83.1067 220 248 168 0.546882 0.0752851 0.833818 2006 1 35 1 1 220947 4845 1 
2.09032e+06 719866 82.1528 219 248 169 -0.255855 0.115589 0.95978 2007 1 1 1 1 221082 33405 1 
2.09033e+06 719870 81.3045 209 248 173 -0.00294404 0.00294404 0.999991 2007 1 3 1 1 221082 17085 2 
2.09033e+06 719848 83.9358 220 248 168 -0.124026 -0.0489278 0.991072 2006 1 34 1 1 220947 6630 1 
2.09031e+06 719857 82.1497 207 248 174 -0.308228 0.185495 0.933053 2006 1 28 1 1 220947 14535 2 
2.09033e+06 719853 83.5403 221 248 168 0.13134 0.202748 0.970383 2007 1 0 1 1 221083 15300 1 
2.09032e+06 719860 82.3365 219 248 169 0.2051 -0.015236 0.978622 2006 1 30 1 1 220947 13770 1 
2.09034e+06 719854 81.2631 208 248 173 0.125245 0.0166255 0.991986 2007 1 -4 1 1 221082 21930 2 
2.09033e+06 719839 83.7064 220 248 168 -0.271109 -0.0359002 0.961879 2006 1 33 1 1 220947 5865 1 
2.09031e+06 719852 82.2691 211 248 172 -0.337491 -0.0586374 0.939501 2006 1 31 1 1 220947 7395 1 
2.09032e+06 719830 82.3732 207 248 173 -0.363791 -0.0706261 0.928799 2006 1 32 1 1 220947 9945 2 
2.09034e+06 719846 81.2526 208 248 173 0.113067 -0.016466 0.993451 2007 1 -1 1 1 221083 17595 2 
2.09032e+06 719856 82.4064 209 248 173 0.14202 -0.0739443 0.987098 2007 1 0 1 1 221082 3825 1 
2.09034e+06 719843 81.1584 208 248 173 0.0638734 -0.0115182 0.997892 2007 1 -2 1 1 221083 15810 2 
2.09033e+06 719839 82.0211 220 248 168 0.325964 0.0370704 0.944655 2006 1 34 1 1 220947 6630 1 
2.09033e+06 719841 83.7874 221 248 168 -0.147614 0.0767593 0.986062 2007 1 0 1 1 221083 10710 1 
2.09031e+06 719857 81.9137 207 248 174 -0.257786 0.141452 0.955792 2006 1 28 1 1 220947 5865 2 
2.09032e+06 719861 82.1113 208 248 173 0.229866 -0.0178652 0.973058 2007 1 1 1 1 221083 18105 2 
2.09033e+06 719862 81.3113 209 248 173 0.0594061 0.0507652 0.996942 2007 1 -1 1 1 221083 7650 2 
2.09034e+06 719840 81.1661 208 248 173 0.0619514 0.0532565 0.996657 2007 1 -3 1 1 221083 16830 2 
2.09033e+06 719854 82.2075 208 248 173 0.288863 0.18935 0.938459 2007 1 -2 1 1 221083 22695 2 
2.09032e+06 719865 82.6374 214 248 171 -0.106833 0.0506053 0.992988 2006 1 28 1 1 220947 5100 1 
2.09034e+06 719837 81.7956 208 248 173 0.255368 -0.110184 0.960545 2007 1 -3 1 1 221083 18360 2 
2.09033e+06 719845 83.9451 221 248 168 -0.0419272 -0.00715831 0.999095 2007 1 -2 1 1 221083 22695 1 
2.09032e+06 719862 82.3333 207 248 174 0.234786 0.0276927 0.971653 2007 1 -1 1 1 221082 13005 2 
2.09033e+06 719831 82.6188 220 248 169 0.449362 -0.0502308 0.891936 2006 1 35 1 1 220947 4845 1 
2.09032e+06 719861 81.9184 219 248 169 0.173539 -0.0361055 0.984165 2006 1 30 1 1 220947 7395 1 
2.09034e+06 719838 81.7942 208 248 173 0.292847 0.0261693 0.955801 2007 1 -3 1 1 221083 19890 2 
2.09032e+06 719868 81.9148 208 248 173 0.212775 0.271184 0.938715 2007 1 1 1 1 221082 3570 2 
2.09033e+06 719823 81.2557 207 248 173 0.0381555 -0.160716 0.986263 2007 1 -3 1 1 221083 18870 2 
2.09033e+06 719833 83.9955 221 248 168 -0.0376128 -0.00508281 0.999279 2007 1 -1 1 1 221083 17340 1 
2.09034e+06 719852 81.7015 208 248 173 0.335987 -0.0399065 0.941021 2007 1 -2 1 1 221083 19380 2 
2.09033e+06 719831 83.2379 220 248 168 0.50356 -0.119758 0.85562 2006 1 34 1 1 220947 6120 1 
2.09033e+06 719827 82.9471 220 248 168 0.127095 -0.455542 0.881095 2007 1 -3 1 1 221083 15045 1 
2.09032e+06 719863 82.4272 219 248 169 0.198758 0.0270499 0.979675 2007 1 3 1 1 221082 37740 1 
2.09033e+06 719848 83.917 220 248 168 -0.10706 -0.0529665 0.992841 2006 1 31 1 1 220947 5610 1 
2.09033e+06 719842 81.9002 208 248 173 0.390303 -0.0274126 0.920278 2007 1 -1 1 1 221083 16320 2 
2.09034e+06 719858 81.3488 209 248 173 0.103315 0.0940278 0.990194 2007 1 -1 1 1 221082 24480 2 
2.09033e+06 719828 82.6846 208 248 173 0.435642 -0.273614 0.857527 2007 1 -1 1 1 221083 19125 2 
2.09033e+06 719843 83.9152 221 248 168 0.0928435 0.00533583 0.995666 2007 1 0 1 1 221083 17850 1 
2.09033e+06 719828 83.4127 221 248 168 0.0815325 -0.354199 0.931609 2006 1 32 1 1 220947 4845 1 
2.09033e+06 719839 83.7935 221 248 168 -0.0958381 -0.0363524 0.994733 2007 1 1 1 1 221083 9690 1 
2.09032e+06 719868 81.4451 208 248 173 0.156144 0.124178 0.979897 2007 1 0 1 1 221082 11220 2 
2.09032e+06 719865 82.5222 219 248 169 -0.17854 0.0862335 0.980147 2007 1 2 1 1 221083 36465 1 
2.09033e+06 719855 82.373 221 248 168 0.187222 0.241098 0.952271 2007 1 0 1 1 221082 5100 1 
2.09033e+06 719850 82.9404 220 248 168 0.368355 0.027142 0.929289 2007 1 -3 1 1 221082 17085 1 
2.09032e+06 719844 81.8564 207 248 173 -0.170782 -0.175918 0.969477 2006 1 30 1 1 220947 7140 2 
2.09032e+06 719852 82.6289 212 248 171 -0.327436 -0.100236 0.939542 2006 1 32 1 1 220947 6885 1 
2.09031e+06 719856 81.8047 207 248 174 -0.256767 0.132992 0.957279 2006 1 27 1 1 220947 6630 2 
2.09033e+06 719839 83.7921 220 248 168 0.133338 -0.0637701 0.989017 2007 1 0 1 1 221083 16830 1 
2.09032e+06 719834 82.5174 208 248 173 -0.375083 0.0793186 0.923591 2006 1 33 1 1 220947 7905 2 
2.09032e+06 719866 82.8284 214 248 171 -0.0959728 0.0118618 0.995313 2006 1 28 1 1 220947 6120 1 
2.09033e+06 719835 83.7072 220 248 168 0.167804 0.0504585 0.984528 2007 1 -1 1 1 221083 18615 1 
2.09031e+06 719856 81.6361 219 248 169 -0.226135 0.0998026 0.96897 2007 1 1 2 1 221082 3825 1 
2.09032e+06 719854 82.9849 220 248 169 -0.273493 0.14275 0.951222 2007 1 -1 1 1 221082 10200 1 
2.09033e+06 719842 83.8438 220 248 168 0.168993 -0.00567089 0.985601 2007 1 0 1 1 221083 17085 1 
2.09032e+06 719864 82.6032 219 248 169 -0.190644 -0.0269007 0.981291 2007 1 2 1 1 221083 34425 1 
2.09032e+06 719856 82.1075 219 248 169 -0.0686123 -0.0158336 0.997518 2006 1 33 1 1 220947 11730 1 
2.09032e+06 719842 81.6159 207 248 173 -0.186104 0.0316026 0.982022 2007 1 2 1 1 221083 13260 2 
2.09033e+06 719833 83.3268 221 248 168 0.484885 0.0174612 0.874404 2006 1 35 1 1 220947 5610 1 
2.09033e+06 719846 83.1781 220 248 168 0.496145 0.0890517 0.863661 2007 1 -3 1 1 221082 18615 1 
2.09033e+06 719849 83.7431 220 248 168 -0.193097 0.105892 0.975449 2007 1 -1 1 1 221083 9945 1 
2.09033e+06 719826 82.5188 221 248 168 -0.0337507 -0.465759 0.884268 2006 1 34 1 1 220947 4590 1 
2.09032e+06 719854 82.2238 209 248 173 0.0246296 0.0738887 0.996962 2007 1 0 1 1 221083 17085 2 
2.09032e+06 719868 81.5342 207 248 174 -0.203092 0.176887 0.96305 2006 1 27 1 1 220947 7395 2 
2.09034e+06 719831 81.3198 208 248 173 0.135611 0.0860838 0.987015 2007 1 -3 1 1 221083 16065 2 
2.09033e+06 719849 83.979 220 248 168 -0.0194749 0.0297248 0.999368 2006 1 30 1 1 220947 6885 1 
2.09032e+06 719864 82.8045 219 248 169 0.0775031 -0.0116786 0.996924 2007 1 2 1 1 221082 34170 1 
2.09031e+06 719850 82.376 211 248 172 -0.217136 -0.129768 0.967477 2006 1 32 1 1 220947 4845 1 
2.09032e+06 719837 83.4372 220 248 169 -0.27456 -0.00362854 0.961563 2006 1 34 1 1 220947 7140 1 
2.09033e+06 719836 83.7916 221 248 168 -0.0999972 0.0318672 0.994477 2007 1 -1 1 1 221083 10710 1 
2.09032e+06 719850 82.6847 219 248 169 0.0631202 -0.175069 0.982531 2007 1 1 1 1 221083 30855 1 
2.09033e+06 719839 82.6251 220 248 169 0.421496 -0.0414805 0.905881 2007 1 -3 1 1 221083 4335 1 
2.09033e+06 719843 82.246 208 248 173 0.458269 0.00396198 0.888805 2007 1 -1 1 1 221083 16575 2 
2.09034e+06 719855 81.4132 208 248 173 0.165879 0.0908097 0.981956 2007 1 -2 1 1 221083 19380 2 
2.09032e+06 719851 82.8401 219 248 169 -0.183658 -0.186263 0.965182 2007 1 2 1 1 221083 34425 1 
2.09034e+06 719836 81.5892 208 248 173 0.216021 -0.0177067 0.976228 2007 1 -3 1 1 221083 22185 2 
2.09032e+06 719831 82.7366 208 248 173 -0.313252 0.00371446 0.949663 2006 1 32 1 1 220947 7905 2 
2.09032e+06 719823 80.9676 207 248 174 -0.030997 -0.0673383 0.997249 2007 1 -1 1 1 221083 21930 2 
2.09032e+06 719864 82.6161 214 248 171 -0.195664 -0.00810444 0.980637 2006 1 28 1 1 220947 5610 1 
2.09034e+06 719837 81.9602 220 248 169 0.29444 -0.0236049 0.955378 2006 1 35 1 1 220947 5355 1 
2.09034e+06 719830 81.597 208 248 173 0.329543 0.111641 0.937517 2007 1 -3 1 1 221083 17340 2 
2.09034e+06 719841 81.1571 208 248 173 0.0936316 -0.0139909 0.995509 2007 1 -1 1 1 221083 13515 2 
2.09032e+06 719840 83.3243 220 248 169 -0.296167 -0.087415 0.951128 2006 1 34 1 1 220947 5865 1 
2.09033e+06 719856 82.1699 209 248 173 0.115583 0.298922 0.947252 2007 1 -2 1 1 221082 16320 2 
2.09032e+06 719852 82.4921 219 248 169 0.184383 0.0535307 0.981396 2006 1 29 1 1 220947 11730 1 
2.09032e+06 719837 82.7024 208 248 173 -0.363219 -0.0403576 0.930829 2006 1 30 1 1 220947 8925 2 
2.09032e+06 719866 82.8126 219 248 169 0.0571243 0.210266 0.975974 2007 1 3 1 1 221082 33660 1 
2.09032e+06 719849 82.4335 208 248 173 -0.0908199 -0.130922 0.987224 2007 1 2 1 1 221083 18870 2 
2.09033e+06 719822 81.0692 207 248 173 0.00336359 -0.155847 0.987776 2007 1 -3 1 1 221083 22695 2 
2.09033e+06 719828 83.3614 221 248 168 -0.0582213 -0.31957 0.945772 2007 1 -2 1 1 221083 16575 1 
2.09031e+06 719870 81.1056 207 248 174 -0.0883351 0.0637355 0.99405 2007 1 5 1 1 221082 10710 2 
2.09032e+06 719824 81.1453 207 248 174 -0.087053 -0.110267 0.990082 2007 1 -2 1 1 221083 23715 2 
2.09032e+06 719856 82.7118 219 248 169 0.0728171 -0.0116085 0.997278 2007 1 0 1 1 221082 32130 1 
2.09032e+06 719863 82.0013 218 248 169 0.166775 0.0241537 0.985699 2006 1 29 1 1 220947 14025 1 
2.09031e+06 719853 82.1489 207 248 174 -0.304353 0.0496644 0.951264 2006 1 28 1 1 220947 12750 2 
2.09032e+06 719866 81.822 208 248 173 0.306199 0.0340221 0.951359 2007 1 4 1 1 221082 18105 2 
2.09032e+06 719846 82.2949 208 248 173 -0.343791 -0.201139 0.917252 2006 1 32 1 1 220947 6630 2 
2.09033e+06 719835 82.1284 220 248 168 0.308327 -0.0418716 0.950358 2006 1 35 1 1 220947 6885 1 
2.09032e+06 719851 82.9402 219 248 169 -0.0759664 -0.23039 0.970129 2007 1 2 1 1 221083 36465 1 
2.09032e+06 719870 81.5125 207 248 173 0.0736511 0.136781 0.98786 2007 1 0 1 1 221082 13515 2 
2.09033e+06 719838 83.7055 220 248 168 -0.171197 0.00340126 0.985231 2006 1 34 1 1 220947 6375 1 
2.09033e+06 719840 83.8783 221 248 168 0.103696 -0.0207393 0.994393 2007 1 -2 1 1 221083 16830 1 
2.09032e+06 719868 81.5718 208 248 173 0.101123 0.166914 0.980772 2007 1 0 1 1 221082 11730 2 
2.09033e+06 719850 83.9148 220 248 169 -0.0661587 0.0466365 0.996719 2006 1 34 1 1 220947 6120 1 
2.09032e+06 719828 83.135 220 248 168 -0.311458 -0.173032 0.934373 2006 1 33 1 1 220947 6375 1 
2.09033e+06 719824 81.5533 208 248 173 0.0680614 -0.291508 0.954144 2007 1 -3 1 1 221083 20145 2 
2.09032e+06 719867 81.5969 209 248 173 0.133603 0.0685441 0.988662 2007 1 3 1 1 221082 16575 2 
2.09032e+06 719835 82.8434 207 248 173 -0.347672 0.0507835 0.93624 2006 1 32 1 1 220947 8925 2 
2.09033e+06 719867 81.4438 209 248 173 0.0602692 0.0646525 0.996086 2007 1 -1 1 1 221082 18615 2 
2.09032e+06 719845 82.2045 208 248 173 -0.290604 -0.089918 0.952609 2006 1 32 1 1 220947 9945 2 
2.09033e+06 719849 83.9666 221 248 168 -0.091881 -0.0205381 0.995558 2007 1 -2 1 1 221082 10455 1 
2.09033e+06 719830 83.7948 221 248 168 0.150638 -0.0402467 0.987769 2006 1 34 1 1 220947 6120 1 
2.09033e+06 719860 81.8222 219 248 169 0.185074 -0.038901 0.981954 2006 1 30 1 1 220947 6375 1 
2.09032e+06 719859 82.1892 209 248 173 -0.320599 0.0857568 0.943325 2006 1 28 1 1 220947 6375 1 
2.09032e+06 719828 83.4285 221 248 168 -0.121756 -0.156191 0.980194 2007 1 -2 1 1 221083 14280 1 
2.09034e+06 719845 81.493 208 248 173 0.350147 0.00632033 0.936674 2007 1 -3 1 1 221083 16830 2 
2.09033e+06 719862 81.4219 209 248 173 0.115022 0.0346182 0.99276 2007 1 0 1 1 221083 11730 2 
2.09034e+06 719857 81.2476 208 248 173 0.0540851 0.0349962 0.997923 2007 1 -4 1 1 221082 22440 2 
2.09033e+06 719844 83.3914 208 248 173 -0.382879 0.0600334 0.921846 2006 1 33 1 1 220947 6630 1 
2.09033e+06 719856 82.7415 220 248 168 -0.0436046 0.387156 0.920982 2007 1 -2 1 1 221082 6375 1 
2.09032e+06 719860 82.6804 219 248 169 -0.103917 0.0229711 0.994321 2007 1 0 1 1 221082 34680 1 
2.09033e+06 719850 83.9742 221 248 168 0.0724971 0.0400357 0.996565 2007 1 -1 1 1 221083 19125 1 
2.09032e+06 719865 82.5516 219 248 169 0.213906 0.0322652 0.976321 2007 1 4 1 1 221082 30855 1 
2.09034e+06 719848 81.1907 209 248 173 0.0749659 -0.042372 0.996285 2007 1 -4 1 1 221082 17850 2 
2.09032e+06 719870 81.2989 207 248 173 -0.119946 0.10807 0.986881 2007 1 3 1 1 221082 10965 2 
2.09031e+06 719867 81.3925 207 248 174 -0.193699 0.0743123 0.978242 2007 1 3 1 1 221083 10200 2 
2.09033e+06 719849 83.9043 220 248 168 -0.106311 0.0230159 0.994066 2006 1 33 1 1 220947 6375 1 
2.09033e+06 719832 83.8711 220 248 168 0.105185 -0.0119282 0.994381 2007 1 -1 1 1 221083 19380 1 
2.09033e+06 719852 83.647 220 248 169 -0.206201 0.0987263 0.973517 2006 1 30 1 1 220947 5355 1 
2.09032e+06 719833 81.8545 207 248 173 -0.352253 0.121987 0.927921 2006 1 32 1 1 220947 8925 2 
2.09032e+06 719860 81.9827 209 248 173 0.225542 -0.00826593 0.974198 2007 1 0 1 1 221082 19380 2 
2.09032e+06 719844 81.7696 207 248 174 -0.109325 -0.0794045 0.990829 2006 1 29 1 1 220947 6375 2 
2.09032e+06 719859 82.0441 209 248 173 0.218286 -0.0129792 0.975798 2007 1 -1 1 1 221082 21930 2 
2.09033e+06 719826 82.3602 209 248 173 -0.0695537 -0.421413 0.904198 2007 1 -1 1 1 221083 18105 2 
2.09033e+06 719837 82.8478 220 248 168 0.410824 0.0117378 0.911639 2007 1 -1 1 1 221083 14535 1 
2.09032e+06 719843 81.8065 220 248 169 -0.270131 0.056539 0.961162 2007 1 2 1 1 221083 11220 1 
2.09034e+06 719837 81.6822 208 248 173 0.269586 -0.0670801 0.960637 2007 1 -2 1 1 221083 18870 2 
2.09033e+06 719845 83.4278 220 248 168 -0.403862 -0.00129029 0.914819 2006 1 34 1 1 220947 5865 1 
2.09031e+06 719850 81.8058 211 248 172 -0.246562 -0.0532771 0.967662 2006 1 27 1 1 220947 5100 1 
2.09032e+06 719855 82.1059 219 248 169 0.0331417 0.0630761 0.997458 2006 1 29 1 1 220947 12750 1 
2.09031e+06 719849 81.7251 207 248 174 -0.235492 -0.17163 0.956602 2007 1 1 1 1 221083 13005 2 
2.09034e+06 719831 81.5916 208 248 173 0.353243 0.0590926 0.933664 2007 1 -2 1 1 221083 15555 2 
2.09033e+06 719860 81.5551 209 248 173 0.0570135 0.0484077 0.997199 2007 1 0 1 1 221082 20910 2 
2.09033e+06 719827 82.7946 220 248 168 0.243178 -0.404302 0.881706 2006 1 34 1 1 220947 5610 1 
2.09033e+06 719826 82.3074 208 248 173 0.157006 -0.430686 0.88874 2007 1 -3 1 1 221083 19635 2 
2.09032e+06 719834 82.0383 208 248 173 -0.429371 -0.0305744 0.90261 2006 1 29 1 1 220947 10200 2 
2.09033e+06 719843 83.3312 220 248 168 0.32856 -0.0831297 0.940817 2007 1 -3 1 1 221083 18105 1 
2.09032e+06 719843 82.5647 207 248 174 -0.306886 0.13384 0.942289 2006 1 29 1 1 220947 7650 2 
2.09031e+06 719860 81.5752 207 248 174 -0.212141 0.052126 0.975848 2006 1 27 1 1 220947 5100 2 
2.09033e+06 719827 82.8596 209 248 173 -0.100252 -0.470195 0.87685 2007 1 -1 2 2 221083 0 2 
2.09032e+06 719858 82.0555 219 248 169 -0.262336 0.133145 0.955747 2007 1 2 1 1 221083 30855 1 
2.09033e+06 719834 83.8005 220 248 168 0.120868 0.0210687 0.992445 2007 1 -1 1 1 221083 16575 1 
2.09031e+06 719863 81.2569 207 248 174 -0.198758 0.0270499 0.979675 2007 1 3 1 1 221083 8670 2 
2.09032e+06 719863 82.0208 207 248 174 -0.30579 0.0111421 0.952034 2006 1 31 1 1 220947 5100 2 
2.09032e+06 719852 82.8871 219 248 169 -0.217998 -0.0250161 0.975629 2007 1 1 1 1 221082 31365 1 
2.09031e+06 719855 82.2103 211 248 172 -0.319938 0.152417 0.935098 2006 1 27 1 1 220947 6120 1 
2.09032e+06 719839 83.585 221 248 168 -0.247855 -0.118088 0.961573 2007 1 1 1 1 221083 11220 1 
2.09032e+06 719869 81.7099 219 248 169 -0.134058 0.171645 0.975995 2007 1 1 1 1 221082 38250 1 
2.09032e+06 719852 83.0164 219 248 169 -0.00913215 0.0314552 0.999463 2007 1 3 1 1 221083 35445 1 
2.09032e+06 719839 83.4943 207 248 173 -0.256513 -0.0483285 0.965332 2006 1 32 1 1 220947 6375 2 
2.09032e+06 719835 81.9327 208 248 173 -0.472214 -0.0338262 0.880835 2006 1 31 1 1 220947 9435 2 
2.09033e+06 719850 83.8216 221 248 168 0.197938 0.103326 0.974753 2007 1 -3 1 1 221082 18105 1 
2.09032e+06 719828 82.9761 220 248 168 -0.361693 -0.39614 0.84395 2006 1 33 1 1 220947 6630 1 
2.09033e+06 719856 82.2064 221 248 168 0.0425426 0.339052 0.939805 2007 1 -1 2 1 221082 3315 1 
2.09031e+06 719862 81.66 219 248 169 -0.231607 0.0106896 0.972751 2007 1 2 1 1 221082 29070 1 
2.09033e+06 719830 82.055 208 248 173 0.340228 0.00376636 0.940335 2007 1 -3 1 1 221083 15300 2 
2.09032e+06 719857 82.2512 208 248 173 -0.00337492 0.163121 0.9866 2007 1 0 1 1 221082 21930 2 
2.09033e+06 719863 81.2918 209 248 173 0.0611522 0.00103648 0.998128 2007 1 -1 1 1 221083 22950 2 
2.09034e+06 719855 81.1906 208 248 173 0.0420131 0.00717296 0.999091 2007 1 -4 1 1 221082 19890 2 
2.09032e+06 719826 82.3266 220 248 168 -0.0670203 -0.43358 0.898619 2006 1 33 1 1 220947 5610 1 
2.09033e+06 719831 81.968 208 248 173 0.420532 0.086864 0.90311 2007 1 -2 1 1 221083 13770 2 
2.09033e+06 719832 83.9809 221 248 168 -0.0758636 -0.0203015 0.996911 2007 1 -1 1 1 221083 18360 1 
2.09034e+06 719837 81.4213 208 248 173 0.205017 -0.00347486 0.978752 2007 1 -2 1 1 221083 20910 2 
2.09034e+06 719840 81.7793 208 248 173 0.336729 0.0451552 0.940518 2007 1 -1 1 1 221083 20910 2 
2.09032e+06 719862 82.6092 219 248 169 0.111848 -0.0276851 0.99334 2007 1 3 1 1 221082 31875 1 
2.09032e+06 719835 81.9429 208 248 173 -0.265089 -0.116221 0.957194 2006 1 32 1 1 220947 8925 2 
2.09033e+06 719864 81.8747 209 248 173 0.161032 0.0751482 0.984084 2007 1 2 1 1 221082 17595 2 
2.09032e+06 719844 81.8269 208 248 173 -0.30685 -0.0961376 0.94689 2006 1 32 1 1 220947 9180 2 
2.09032e+06 719859 81.8027 209 248 173 0.183571 0.0485574 0.981807 2007 1 0 1 1 221082 20400 2 
2.09033e+06 719852 82.455 220 248 168 0.371528 0.0542088 0.926838 2007 1 -2 1 1 221082 16320 1 
2.09032e+06 719872 81.1408 207 248 173 -0.0894424 0.0781206 0.992924 2007 1 2 1 1 221082 16320 2 
2.09033e+06 719851 82.5384 220 248 168 0.385251 -0.0012799 0.922811 2007 1 -2 1 1 221083 15300 1 
2.09032e+06 719841 83.0937 220 248 168 -0.326317 0.111458 0.938666 2007 1 0 1 1 221083 10200 1 
2.09033e+06 719836 82.3807 208 248 173 0.334385 -0.0241571 0.942127 2007 1 -1 1 1 221083 17850 2 
2.09033e+06 719834 83.9637 221 248 168 -0.0179492 0.0644058 0.997762 2007 1 0 1 1 221083 18360 1 
2.09032e+06 719855 82.1586 208 248 173 0.169357 -0.0432152 0.984607 2007 1 -1 1 1 221082 14790 2 
2.09033e+06 719828 83.2925 221 248 168 0.0531801 -0.335943 0.94038 2006 1 34 1 1 220947 7905 1 
2.09033e+06 719860 81.6755 209 248 173 0.100462 0.00972209 0.994893 2007 1 2 1 1 221082 21675 2 
2.09031e+06 719863 81.5945 207 248 174 -0.241095 0.0155932 0.970376 2006 1 27 1 1 220947 5100 2 
2.09032e+06 719868 81.6472 208 248 173 0.294552 0.234788 0.926344 2007 1 3 1 1 221082 4335 2 
2.09033e+06 719838 83.8516 221 248 168 0.0169466 0.00299058 0.999852 2007 1 0 1 1 221083 17595 1 
2.09033e+06 719863 81.3956 209 248 173 0.150906 0.0238272 0.988261 2007 1 1 1 1 221082 19890 2 
2.09032e+06 719827 82.5769 220 248 168 -0.30765 -0.29293 0.905286 2006 1 33 1 1 220947 5865 1 
2.09033e+06 719864 81.332 209 248 173 0.113305 -0.0209009 0.99334 2007 1 -2 1 1 221082 26520 2 
2.09033e+06 719826 82.5427 208 248 173 0.0172489 -0.449799 0.892963 2007 1 -3 1 1 221083 21930 2 
2.09033e+06 719844 83.5861 221 248 168 0.243778 -0.0404255 0.968988 2007 1 -2 1 1 221083 18360 1 
2.09032e+06 719850 82.6378 219 248 169 -0.19422 0.0294273 0.980516 2006 1 32 1 1 220947 13515 1 
2.09032e+06 719830 81.6535 207 248 173 -0.226573 0.0130487 0.973907 2006 1 32 1 1 220946 9690 2 
2.09033e+06 719836 82.7428 208 248 173 0.539569 0.0233401 0.841618 2007 1 -2 1 1 221083 6885 2 
2.09032e+06 719848 83.5743 220 248 168 -0.295188 -0.109868 0.949101 2007 1 2 1 1 221083 10455 1 
2.09032e+06 719836 81.5162 208 248 173 -0.232813 -0.0450999 0.971475 2007 1 0 1 1 221083 20400 2 
2.09033e+06 719829 83.637 221 248 168 0.0403537 -0.240899 0.969711 2007 1 -1 1 1 221083 17595 1 
2.09033e+06 719867 81.2943 208 248 173 0.0169465 -0.00498427 0.999844 2007 1 -1 1 1 221082 22185 2 
2.09033e+06 719857 81.6828 209 248 173 0.114773 0.20306 0.972417 2007 1 -1 1 1 221082 19125 2 
2.09032e+06 719846 82.6558 208 248 173 -0.317983 -0.204923 0.925685 2006 1 31 1 1 220947 8670 2 
2.09032e+06 719850 82.6293 219 248 169 -0.0966095 -0.264066 0.959654 2007 1 3 1 1 221083 32130 1 
2.09032e+06 719840 83.582 221 248 168 -0.249549 0.00597006 0.968344 2007 1 -1 1 1 221083 10455 1 
2.09032e+06 719843 81.8462 208 248 173 -0.144129 0.192597 0.970636 2006 1 32 1 1 220947 10455 2 
2.09033e+06 719861 81.7224 208 248 173 0.108365 -0.0435693 0.993156 2007 1 0 1 1 221083 24480 2 
2.09032e+06 719847 82.0592 219 248 169 -0.139093 -0.166661 0.976155 2006 1 31 1 1 220947 5865 1 
2.09033e+06 719846 83.3746 221 248 168 -0.301122 -0.151242 0.941516 2007 1 1 1 1 221083 9945 1 
2.09032e+06 719862 82.4191 219 248 169 -0.247838 0.0354054 0.968154 2007 1 1 1 1 221082 34680 1 
2.09032e+06 719842 82.619 220 248 168 -0.322231 0.278089 0.904894 2007 1 1 1 1 221083 10455 1 
2.09032e+06 719835 82.2473 220 248 168 -0.313098 0.0264059 0.949354 2007 1 0 1 1 221083 10710 1 
2.09034e+06 719848 81.3032 208 248 173 0.179648 -0.110267 0.977532 2007 1 -3 1 1 221083 18105 2 
2.09032e+06 719865 82.3913 219 248 169 -0.343774 -0.0588206 0.937208 2007 1 1 1 1 221082 37740 1 
2.09032e+06 719857 82.3458 208 248 173 0.176913 -0.0939469 0.979732 2007 1 1 1 1 221082 13260 2 
2.09032e+06 719828 83.1173 221 248 168 -0.104304 -0.350841 0.930608 2007 1 -1 2 1 221083 5610 1 
2.09033e+06 719852 83.2823 220 248 168 0.223926 0.153212 0.962488 2007 1 0 1 1 221083 14025 1 
2.09034e+06 719846 81.1687 208 248 173 0.0333485 -0.00101056 0.999443 2007 1 -4 1 1 221082 16320 2 
2.09033e+06 719847 84.0279 221 248 168 -0.00298473 -0.0149236 0.999884 2007 1 -1 1 1 221083 13515 1 
2.09032e+06 719851 82.9773 219 248 169 0.169374 -0.0408833 0.984704 2007 1 1 1 1 221083 37485 1 
2.09032e+06 719837 83.0796 221 248 168 -0.448149 -0.0558484 0.892212 2007 1 1 1 1 221083 11220 1 
2.09032e+06 719855 82.2482 209 248 173 -0.203928 0.182878 0.961753 2007 1 0 1 1 221083 11985 2 
2.09032e+06 719834 81.7571 208 248 173 -0.269517 -0.0539034 0.961486 2006 1 32 1 1 220947 8925 2 
2.09032e+06 719866 82.5482 215 248 170 -0.167673 0.104031 0.980338 2006 1 30 1 1 220947 6630 1 
2.09032e+06 719838 82.996 220 248 168 -0.317841 -0.0997408 0.942883 2007 1 -1 1 1 221083 10965 1 
2.09034e+06 719852 81.2877 208 248 173 0.13339 -0.0033072 0.991058 2007 1 -2 1 1 221083 18105 2 
2.09033e+06 719852 83.6797 220 248 168 0.010344 0.185042 0.982676 2006 1 34 1 1 220947 5865 1 
2.09031e+06 719854 82.632 219 248 169 -0.218632 0.0446927 0.974783 2007 1 2 1 1 221083 38250 1 
2.09033e+06 719824 81.5542 208 248 173 -0.0210169 -0.285583 0.958124 2007 1 -3 1 1 221083 21420 2 
2.09033e+06 719830 83.8585 221 248 168 -0.123078 -0.0632646 0.990378 2007 1 -2 1 1 221083 14790 1 
2.09033e+06 719846 82.2532 209 248 173 0.425731 -0.00390579 0.904841 2007 1 -2 1 1 221083 13005 2 
2.09033e+06 719859 81.5497 209 248 173 0.047656 0.154592 0.986828 2007 1 -1 1 1 221082 10965 2 
2.09034e+06 719829 81.5895 208 248 173 0.214456 -0.0965678 0.971948 2007 1 -2 1 1 221083 16575 2 
2.09034e+06 719856 81.3663 209 248 173 0.154504 0.110708 0.98177 2007 1 0 1 1 221082 23205 2 
2.09032e+06 719858 82.7293 219 248 169 -0.079782 0.0117014 0.996744 2007 1 0 1 1 221082 34425 1 
2.09033e+06 719850 83.8293 220 248 168 -0.15034 0.054775 0.987116 2006 1 30 1 1 220947 6630 1 
2.09032e+06 719838 82.1377 220 248 169 -0.266946 -0.0307542 0.963221 2007 1 0 2 1 221083 4845 1 
2.09031e+06 719858 81.6231 207 248 174 -0.21929 0.107744 0.969692 2006 1 31 1 1 220947 5610 2 
2.09032e+06 719852 83.3359 220 248 168 -0.271418 0.0751816 0.959521 2007 1 -2 1 1 221082 10200 1 
2.09031e+06 719853 82.324 212 248 171 -0.314042 -0.0633253 0.947295 2006 1 29 1 1 220947 5865 1 
2.09033e+06 719856 82.625 208 248 173 0.0983977 0.419923 0.90221 2007 1 -2 1 1 221082 5865 2 
2.09032e+06 719828 81.7137 220 248 168 -0.204803 -0.0930923 0.974366 2007 1 0 2 1 221083 4845 1 
2.09031e+06 719852 81.8686 219 248 169 -0.27863 -0.067431 0.958028 2007 1 4 1 1 221083 32895 1 
2.09033e+06 719825 82.0962 208 248 173 0.086864 -0.420532 0.90311 2007 1 -1 1 1 221083 20910 2 
2.09033e+06 719829 83.6272 221 248 168 -0.101969 -0.175682 0.979152 2007 1 -1 1 1 221083 15810 1 
2.09032e+06 719867 82.4884 219 248 169 -0.0418355 0.302991 0.952075 2007 1 2 1 1 221083 28815 1 
2.09033e+06 719862 81.6763 209 248 173 0.132811 -0.00109761 0.991141 2007 1 2 1 1 221082 21420 2 
2.09032e+06 719859 82.5109 209 248 173 -0.278036 0.0284214 0.96015 2006 1 28 1 1 220947 6120 1 
2.09034e+06 719847 81.5618 208 248 173 0.335365 -0.106401 0.93606 2007 1 -1 1 1 221083 23970 2 
2.09033e+06 719852 83.7337 220 248 169 -0.0406343 0.163698 0.985673 2006 1 32 1 1 220947 5865 1 
2.09033e+06 719846 83.8033 220 248 168 -0.180062 -0.0435444 0.982691 2006 1 34 1 1 220947 6120 1 
2.09032e+06 719865 81.9074 219 248 169 -0.294859 -0.00122348 0.95554 2007 1 1 1 1 221082 36720 1 
2.09032e+06 719838 81.5575 207 248 174 -0.270784 -0.0566758 0.96097 2006 1 29 1 1 220947 6630 2 
2.09032e+06 719836 82.3528 220 248 168 -0.241636 -0.0204369 0.970152 2007 1 1 1 1 221083 8925 1 
2.09032e+06 719854 82.2782 218 248 169 -0.24633 0.12903 0.960558 2006 1 33 1 1 220947 12750 1 
2.09033e+06 719838 82.2835 208 248 173 0.33126 -0.0163741 0.943398 2007 1 -2 1 1 221083 20655 2 
2.09033e+06 719842 83.9787 221 248 168 0.0129341 -0.00497465 0.999904 2007 1 -2 1 1 221083 20400 1 
2.09032e+06 719852 82.3576 208 248 173 -0.0607526 0.076217 0.995239 2007 1 0 1 1 221083 15300 2 
2.09032e+06 719823 81.1211 207 248 174 -0.085591 -0.125455 0.9884 2007 1 -1 1 1 221083 19635 2 
2.09032e+06 719853 82.4112 218 248 169 0.161998 0.0124614 0.986712 2006 1 33 1 1 220947 11985 1 
2.09033e+06 719855 83.1081 220 248 168 -0.0738479 0.304461 0.949658 2007 1 0 1 1 221083 6375 1 
2.09032e+06 719833 82.2252 220 248 168 -0.36393 0.0933501 0.926737 2007 1 -1 1 1 221083 11475 1 
2.09034e+06 719844 81.3037 208 248 173 0.303393 0.021225 0.952629 2007 1 -2 1 1 221083 21165 2 
2.09033e+06 719829 83.6736 220 248 168 0.127871 -0.264971 0.95574 2006 1 34 1 1 220947 5355 1 
2.09019e+06 719760 79.2407 202 248 178 -0.00508318 -0.0355823 0.999354 2006 1 15 1 1 220946 15810 1 
2.09021e+06 719761 79.9407 203 248 177 0.0200142 -0.206029 0.978341 2006 1 12 1 1 220945 9180 2 
2.09018e+06 719762 79.232 201 248 180 -0.0511353 -0.186703 0.981085 2006 1 7 1 1 220945 21420 2 
2.0902e+06 719771 79.5339 202 248 177 -0.165159 0.0480249 0.985097 2006 1 17 1 1 220946 19380 2 
2.09018e+06 719761 79.1312 201 248 178 -0.041094 -0.101069 0.99403 2006 1 13 1 1 220946 16830 1 
2.0902e+06 719775 79.2824 202 248 178 -0.0253696 0.0152218 0.999562 2006 1 15 1 1 220946 24225 1 
2.09021e+06 719776 79.5934 203 248 177 -0.0297846 0.0215681 0.999324 2006 1 19 1 1 220946 17850 2 
2.0902e+06 719766 82.1762 216 248 170 -0.519333 -0.198346 0.831235 2006 1 16 1 1 220945 6120 1 
2.09021e+06 719760 79.7184 203 248 176 -0.0212686 -0.0172175 0.999626 2006 1 19 1 1 220946 21165 2 
2.09019e+06 719770 80.0236 201 248 178 0.03493 -0.0497488 0.998151 2006 1 15 1 1 220946 15045 2 
2.09019e+06 719767 79.6648 204 248 175 0.0230169 0.00100074 0.999735 2006 1 14 1 1 220945 5100 1 
2.09022e+06 719763 79.7727 203 248 177 0.00306764 -0.0439695 0.999028 2006 1 14 1 1 220945 14790 2 
2.09018e+06 719772 79.0861 201 248 179 -0.131613 -0.0515009 0.989962 2006 1 12 1 1 220946 7140 2 
2.0902e+06 719766 79.4682 202 248 177 -0.0400465 -0.0133488 0.999109 2006 1 16 1 1 220946 15810 2 
2.09022e+06 719768 79.8334 203 248 176 0.0456977 -0.0456977 0.99791 2007 1 11 1 1 221085 17085 2 
2.09021e+06 719766 80.1923 203 248 176 0.0852456 -0.206319 0.974764 2006 1 19 1 1 220946 6630 2 
2.09018e+06 719762 79.0783 201 248 179 -0.0557659 -0.119498 0.991267 2006 1 11 1 1 220945 22185 2 
2.09019e+06 719762 79.4131 201 248 178 -0.0236083 -0.136029 0.990424 2006 1 11 1 1 220945 15300 2 
2.0902e+06 719772 79.3734 202 248 178 -0.0471506 0.0261948 0.998544 2006 1 16 1 1 220946 18615 2 
2.0902e+06 719760 79.2796 202 248 177 -0.0229709 0.000998737 0.999736 2006 1 16 1 1 220946 16830 1 
2.09021e+06 719768 81.5386 216 248 170 0.38195 0.160447 0.910149 2006 1 18 1 1 220946 4335 1 
2.09018e+06 719772 80.1434 201 248 179 -0.262762 0.104846 0.959147 2006 1 10 2 2 220945 0 2 
2.09018e+06 719765 79.9163 209 248 173 0.0467307 -0.0684658 0.996558 2006 1 8 1 1 220945 4335 1 
2.09018e+06 719771 80.1096 207 248 174 -0.27915 -0.0543143 0.95871 2006 1 12 1 1 220945 5355 1 
2.09021e+06 719774 79.6532 202 248 177 0.00107905 0.111142 0.993804 2006 1 16 1 1 220945 19890 2 
2.09021e+06 719772 79.8421 202 248 177 0.0108951 0.262692 0.964818 2006 1 13 1 1 220945 8925 2 
2.09018e+06 719765 79.8737 209 248 173 -0.230513 -0.219601 0.947966 2006 1 13 1 1 220946 6120 1 
2.09022e+06 719772 79.8341 203 248 177 0.0296651 0.0173899 0.999409 2007 1 18 1 1 221085 18360 2 
2.09022e+06 719764 79.8332 203 248 176 -0.00888411 0.00296137 0.999956 2007 1 10 1 1 221085 20400 2 
2.09018e+06 719762 79.4938 208 248 173 -0.0227855 -0.231452 0.972579 2006 1 9 1 1 220945 4080 1 
2.09018e+06 719771 80.2942 201 248 179 -0.0657051 -0.123341 0.990187 2006 1 11 1 1 220945 7905 2 
2.09021e+06 719766 81.1648 203 248 177 0.602764 -0.191719 0.774544 2007 1 20 1 1 221085 14790 2 
2.0902e+06 719773 79.8034 202 248 178 -0.0713891 0.307622 0.948827 2006 1 13 1 1 220945 8160 2 
2.0902e+06 719773 79.344 202 248 178 -0.023063 0.00300821 0.99973 2006 1 13 1 1 220945 20145 2 
2.0902e+06 719761 79.3756 202 248 178 -0.0461042 -0.00512268 0.998923 2006 1 12 1 1 220945 17850 2 
2.09022e+06 719772 79.8693 203 248 176 0.0322246 0.0322246 0.998961 2006 1 20 1 1 220946 19125 2 
2.09019e+06 719772 79.37 201 248 178 0.0948366 0.0524391 0.994111 2007 1 22 1 1 221085 16575 2 
2.09022e+06 719771 80.1684 203 248 176 0.218969 0.249266 0.943355 2006 1 20 1 1 220946 9435 2 
2.09021e+06 719767 81.9346 217 248 170 0.577477 -0.100368 0.810214 2006 1 19 1 1 220946 5355 1 
2.09018e+06 719772 78.9977 200 248 180 -0.0950315 -0.0273079 0.9951 2006 1 8 1 1 220945 18615 2 
2.09021e+06 719762 79.8388 203 248 177 0.107951 -0.0893787 0.99013 2006 1 15 1 1 220945 19890 2 
2.0902e+06 719760 79.4215 202 248 177 -0.0845402 -0.0160519 0.996291 2006 1 16 1 1 220946 22950 1 
2.09022e+06 719770 80.1631 203 248 176 0.240637 0.114528 0.963835 2007 1 12 1 1 221085 19890 2 
2.0902e+06 719770 79.5813 202 248 177 -0.20198 0.0904572 0.975203 2006 1 17 1 1 220946 22695 1 
2.09019e+06 719760 79.2344 202 248 178 -0.0110967 -0.0211847 0.999714 2006 1 16 1 1 220946 15045 2 
2.0902e+06 719763 80.8153 206 248 174 -0.308707 -0.429708 0.848558 2007 1 20 1 1 221085 5100 1 
2.0902e+06 719766 81.0846 207 248 173 -0.534219 0.0993561 0.839487 2006 1 12 1 1 220945 5610 1 
2.09019e+06 719761 79.2742 201 248 178 -0.00696442 -0.0129339 0.999892 2006 1 11 1 1 220945 22440 2 
2.09018e+06 719765 79.8888 206 248 174 -0.24053 -0.0954484 0.965937 2006 1 10 1 1 220945 4080 1 
2.09019e+06 719772 79.7933 201 248 178 0.177959 0.118225 0.97691 2006 1 15 1 1 220946 21930 2 
2.09021e+06 719771 80.6952 202 248 177 0.198558 0.381173 0.90293 2006 1 14 1 1 220945 5865 2 
2.09019e+06 719762 79.448 202 248 178 0.0294907 -0.0950256 0.995038 2006 1 12 1 1 220945 4590 2 
2.09022e+06 719760 79.8148 203 248 176 -0.0189397 -0.00299048 0.999816 2007 1 19 1 1 221085 17595 2 
2.09021e+06 719771 80.6433 203 248 176 -0.154861 0.273363 0.949363 2006 1 19 1 1 220946 4080 2 
2.09021e+06 719764 80.5522 203 248 177 0.26836 -0.300273 0.915325 2007 1 19 1 1 221085 18615 2 
2.09021e+06 719770 81.0831 212 248 171 0.0283927 0.272816 0.961647 2006 1 19 1 1 220946 6885 1 
2.09019e+06 719768 79.6323 202 248 178 0.0234337 0.0213959 0.999496 2006 1 15 1 1 220946 11220 2 
2.09019e+06 719769 79.8658 204 248 176 0.0613195 -0.133052 0.98921 2006 1 10 1 1 220945 6885 1 
2.09018e+06 719760 79.0951 201 248 179 -0.022659 -0.0873989 0.995916 2006 1 9 1 1 220945 23970 2 
2.09021e+06 719765 81.857 216 248 170 0.153575 -0.420538 0.894182 2006 1 14 1 1 220945 6120 1 
2.09022e+06 719760 79.7805 203 248 176 -0.0231088 -0.00703312 0.999708 2007 1 13 1 1 221085 19890 2 
2.09018e+06 719768 79.9155 201 248 179 -0.0427122 0.0843292 0.995522 2006 1 13 1 1 220946 6375 2 
2.09019e+06 719760 79.2146 202 248 178 -0.0305678 -0.0516491 0.998197 2006 1 15 1 1 220946 15300 1 
2.09021e+06 719771 80.3458 202 248 177 0.102712 0.324143 0.940416 2006 1 14 1 1 220945 7905 2 
2.09021e+06 719764 81.3071 215 248 170 0.0837363 -0.515191 0.852975 2006 1 13 1 1 220945 5865 1 
2.09017e+06 719763 78.8059 200 248 180 -0.0573713 -0.0135605 0.998261 2006 1 7 1 1 220945 23460 2 
2.09018e+06 719763 79.4871 206 248 174 0.022449 -0.211493 0.977122 2007 1 27 1 1 221086 15555 1 
2.0902e+06 719761 79.8938 212 248 171 -0.142119 -0.201015 0.969224 2007 1 12 1 1 221085 13260 1 
2.0902e+06 719760 79.2768 202 248 178 -0.00688282 -0.00098326 0.999976 2006 1 16 1 1 220946 20655 2 
2.09018e+06 719770 79.2472 201 248 179 -0.121051 -0.0680192 0.990313 2006 1 13 1 1 220946 23715 2 
2.09018e+06 719772 80.2777 209 248 173 -0.150715 0.145732 0.977777 2006 1 14 1 1 220946 4080 1 
2.09021e+06 719770 81.3623 216 248 170 0.173006 0.381758 0.907926 2006 1 14 2 1 220945 4845 1 
2.09021e+06 719767 80.5991 203 248 176 0.0435627 -0.177783 0.983105 2006 1 19 1 1 220946 7905 2 
2.09021e+06 719774 79.623 202 248 177 0.00320704 0.0972803 0.995252 2006 1 17 1 1 220946 19380 2 
2.09018e+06 719772 79.2066 201 248 180 -0.147005 -0.0693865 0.986699 2006 1 9 1 1 220945 13770 2 
2.09021e+06 719767 80.8291 203 248 177 0.30309 -0.245632 0.920761 2007 1 19 1 1 221085 8670 2 
2.09018e+06 719760 78.9617 201 248 179 -0.0530404 -0.0573702 0.996943 2006 1 8 1 1 220945 22950 2 
2.09021e+06 719769 81.2497 212 248 171 -0.00113123 -0.170816 0.985302 2006 1 19 1 1 220946 7395 1 
2.09019e+06 719773 79.3565 202 248 178 0.102562 0.0597337 0.992931 2006 1 15 1 1 220946 7395 1 
2.0902e+06 719774 79.3106 202 248 178 -0.0169802 0.00699183 0.999831 2006 1 16 1 1 220946 19380 2 
2.09019e+06 719765 80.0452 208 248 173 0.287065 -0.179931 0.94086 2006 1 15 1 1 220946 4845 1 
2.0902e+06 719764 79.6394 202 248 177 -0.191843 -0.097778 0.976543 2006 1 17 1 1 220946 17595 2 
2.09019e+06 719760 79.2747 202 248 178 -0.021058 -0.00701933 0.999754 2006 1 16 1 1 220946 20655 2 
2.09021e+06 719768 81.9721 216 248 170 -0.189547 0.389222 0.901431 2006 1 17 1 1 220945 5355 1 
2.09018e+06 719772 79.3145 201 248 180 -0.141586 -0.0471954 0.9888 2006 1 11 1 1 220945 10455 2 
2.09018e+06 719765 78.9917 201 248 179 -0.182004 0.00572341 0.983281 2006 1 13 1 1 220946 11220 2 
2.09019e+06 719769 79.6396 202 248 178 0.120991 0.0440995 0.991674 2006 1 16 1 1 220946 13005 2 
2.09021e+06 719762 80.0248 203 248 177 0.107086 -0.176015 0.978545 2006 1 18 1 1 220946 9180 2 
2.0902e+06 719774 79.521 202 248 177 -0.0395375 0.212065 0.976456 2006 1 17 1 1 220946 7395 2 
2.09018e+06 719768 79.0839 201 248 179 -0.108606 0.0436662 0.993125 2006 1 12 1 1 220946 6885 2 
2.09018e+06 719772 79.4273 201 248 180 -0.1503 -0.0745582 0.985825 2006 1 9 1 1 220945 20910 2 
2.09018e+06 719766 78.9402 201 248 179 -0.131027 -0.0235176 0.9911 2006 1 10 1 1 220945 5355 1 
2.09021e+06 719770 81.2721 216 248 170 -0.169477 0.42152 0.890841 2006 1 18 1 1 220946 5355 1 
2.0902e+06 719769 79.6618 202 248 177 -0.304697 0.110436 0.946025 2006 1 17 1 1 220946 22950 2 
2.0902e+06 719763 80.3185 202 248 178 -0.208484 -0.292438 0.933282 2006 1 13 1 1 220945 22695 2 
2.09019e+06 719763 79.4769 201 248 179 -0.0056919 -0.174172 0.984699 2006 1 9 1 1 220945 18360 2 
2.09021e+06 719766 82.1327 216 248 170 0.609786 -0.267672 0.745998 2006 1 19 1 1 220946 5610 1 
2.09019e+06 719763 79.661 201 248 178 0.142026 -0.301637 0.942785 2006 1 14 1 1 220946 11475 2 
2.09022e+06 719768 80.0011 203 248 176 0.127798 -0.137535 0.982218 2007 1 19 1 1 221085 15810 2 
2.09022e+06 719765 79.8549 203 248 176 0.0265587 -0.0648032 0.997545 2007 1 18 1 1 221085 22185 2 
2.0902e+06 719770 80.3572 202 248 177 -0.267207 0.211827 0.940069 2006 1 17 1 1 220946 4080 1 
2.09022e+06 719763 79.7721 203 248 176 -0.00898989 -0.0129854 0.999875 2007 1 8 1 1 221085 24225 2 
2.0902e+06 719761 79.3342 202 248 178 -0.0293686 -0.00708896 0.999544 2006 1 10 1 1 220945 17085 2 
2.0902e+06 719775 79.4991 202 248 177 -0.0703092 0.0792374 0.994373 2006 1 18 1 1 220946 14790 2 
2.09021e+06 719767 82.3653 216 248 170 0.235154 0.133817 0.962702 2006 1 14 1 1 220945 6630 1 
2.0902e+06 719767 81.7214 216 248 170 -0.572306 -0.055111 0.818186 2007 1 19 1 1 221085 4590 1 
2.09019e+06 719764 79.6513 201 248 179 0.125444 -0.236662 0.96346 2006 1 9 1 1 220945 8670 2 
2.09018e+06 719763 79.7869 201 248 179 -0.15182 -0.35239 0.923457 2006 1 13 1 1 220946 15045 2 
2.09018e+06 719760 78.8559 201 248 179 -0.0418422 -0.00510271 0.999111 2006 1 12 1 1 220946 24225 1 
2.09022e+06 719772 79.9184 203 248 176 0.0351366 0.0585609 0.997665 2006 1 20 1 1 220946 18615 2 
2.09018e+06 719775 78.9754 201 248 179 -0.0971957 0.0273022 0.994891 2006 1 12 1 1 220946 16320 2 
2.09018e+06 719776 79.3329 201 248 179 -0.00599052 0.255196 0.966871 2006 1 13 1 1 220946 20655 2 
2.09022e+06 719761 79.7551 203 248 177 -0.017048 -0.0090254 0.999814 2006 1 14 1 1 220945 16575 2 
2.0902e+06 719760 79.6504 202 248 177 -0.110417 -0.119915 0.986625 2006 1 17 1 1 220946 18870 1 
2.0902e+06 719764 79.8953 202 248 177 -0.290636 -0.250548 0.923448 2006 1 15 1 1 220946 18105 2 
2.09019e+06 719770 79.4668 201 248 178 0.134117 0.0961367 0.986291 2007 1 22 1 1 221085 16065 2 
2.09018e+06 719771 79.8141 207 248 174 -0.196238 -0.0589917 0.97878 2006 1 13 2 1 220946 4080 1 
2.09022e+06 719772 80.09 203 248 177 0.108958 0.162825 0.98062 2006 1 15 1 1 220945 14535 2 
2.09021e+06 719773 79.8107 203 248 177 0.0367456 0.312972 0.949051 2006 1 18 1 1 220946 15045 2 
2.09021e+06 719763 80.1156 203 248 177 0.288863 -0.18935 0.938459 2006 1 17 1 1 220945 4080 2 
2.09018e+06 719765 79.237 201 248 180 -0.328278 0.0240822 0.944274 2006 1 7 1 1 220945 14535 2 
2.09022e+06 719769 79.8318 203 248 176 0.0232475 -0.0131399 0.999643 2007 1 11 1 1 221085 18360 2 
2.09021e+06 719774 79.64 202 248 177 -0.00758927 0.107334 0.994194 2006 1 14 1 1 220945 19125 2 
2.0902e+06 719768 79.9537 202 248 177 -0.364409 -0.0218903 0.930982 2006 1 16 1 1 220946 14025 1 
2.09019e+06 719768 79.6265 202 248 177 0.0319021 -0.0216111 0.999257 2007 1 15 1 1 221085 8415 1 
2.09021e+06 719764 80.4825 208 248 173 0.316183 -0.243995 0.916785 2006 1 13 1 1 220945 5355 1 
2.09018e+06 719765 79.7473 201 248 178 -0.184394 -0.126692 0.974653 2006 1 13 1 1 220946 11475 2 
2.09019e+06 719764 79.534 201 248 178 0.0507716 -0.0572531 0.997068 2007 1 27 1 1 221085 20400 2 
2.09021e+06 719767 81.373 203 248 176 0.551078 -0.21644 0.805895 2007 1 10 1 1 221085 11475 2 
2.09021e+06 719769 80.774 212 248 171 0.0075439 0.102381 0.994717 2006 1 19 1 1 220946 6885 1 
2.0902e+06 719772 79.3971 202 248 178 -0.117727 0.0392423 0.99227 2006 1 16 1 1 220946 18360 2 
2.09018e+06 719763 79.4769 201 248 179 -0.19934 -0.212718 0.956564 2006 1 8 1 1 220945 21675 2 
2.0902e+06 719767 82.0371 216 248 170 -0.434515 0.219497 0.873509 2006 1 14 1 1 220945 5355 1 
2.09022e+06 719770 80.5976 211 248 172 0.344234 0.106645 0.932807 2006 1 20 1 1 220946 4335 1 
2.09018e+06 719769 79.2628 200 248 180 -0.0870304 0.112559 0.989826 2006 1 7 1 1 220945 11985 2 
2.09019e+06 719774 79.8077 212 248 171 0.0637371 0.32649 0.943049 2006 1 14 1 1 220946 3825 1 
2.0902e+06 719773 79.5691 202 248 178 -0.110302 0.146665 0.983017 2006 1 17 1 1 220946 15810 2 
2.09019e+06 719760 79.2653 201 248 178 -0.0130111 -0.0110094 0.999855 2006 1 10 1 1 220945 21420 2 
2.09022e+06 719774 79.8098 203 248 176 0.009223 0.0399663 0.999159 2007 1 8 1 1 221085 23205 2 
2.0902e+06 719764 80.1899 202 248 177 -0.358449 -0.269208 0.893891 2006 1 17 1 1 220946 19380 2 
2.0902e+06 719761 79.4495 202 248 178 -0.134687 -0.0328228 0.990344 2006 1 11 1 1 220945 15810 2 
2.09022e+06 719771 80.3376 211 248 172 0.0886644 0.265993 0.959889 2006 1 20 2 1 220946 3825 1 
2.09019e+06 719765 80.1388 202 248 178 0.081898 -0.107275 0.990851 2006 1 14 2 2 220946 0 2 
2.09021e+06 719772 80.1978 202 248 177 -0.0840333 0.283128 0.955394 2006 1 15 1 1 220945 11730 2 
2.09019e+06 719767 79.604 202 248 178 0.00104253 -0.0677644 0.997701 2006 1 12 1 1 220945 13260 2 
2.09022e+06 719771 80.5428 203 248 176 0.115071 0.287016 0.950989 2006 1 19 2 2 220946 0 2 
2.0902e+06 719767 79.5508 202 248 177 -0.157638 0.157638 0.974834 2006 1 13 1 1 220945 16830 2 
2.0902e+06 719762 79.3979 202 248 177 -0.078641 -0.0290864 0.996479 2006 1 16 1 1 220946 22950 1 
2.09021e+06 719775 79.6538 203 248 177 -0.0372721 0.0543108 0.997828 2006 1 19 1 1 220946 17340 2 
2.09018e+06 719760 79.0985 201 248 179 -0.0383311 -0.0865187 0.995513 2006 1 9 1 1 220945 21675 2 
2.09021e+06 719764 79.9187 203 248 177 0.0767593 -0.147614 0.986062 2006 1 13 1 1 220945 5610 2 
2.09018e+06 719768 78.914 201 248 179 -0.0959701 0.0140181 0.995286 2006 1 12 1 1 220946 15300 2 
2.0902e+06 719768 79.4865 202 248 178 -0.125721 0.0881222 0.988144 2006 1 14 1 1 220945 20400 2 
2.09022e+06 719764 79.8547 203 248 176 0.0409223 -0.0984348 0.994302 2006 1 16 1 1 220945 8160 2 
2.09019e+06 719764 79.8758 201 248 178 0.129945 -0.29338 0.947123 2006 1 15 1 1 220946 5610 2 
2.09022e+06 719764 79.7958 203 248 176 -0.00101641 -0.0416728 0.999131 2007 1 12 1 1 221085 22695 2 
2.09021e+06 719774 79.7814 203 248 177 -0.0726049 0.160683 0.984332 2006 1 18 1 1 220946 15810 2 
2.09019e+06 719765 79.8887 207 248 174 0.176279 -0.173706 0.968892 2006 1 10 1 1 220945 6885 1 
2.09018e+06 719764 79.5029 201 248 179 -0.326259 -0.209433 0.921788 2006 1 13 1 1 220946 22185 2 
2.0902e+06 719764 81.6733 215 248 170 -0.133539 -0.460924 0.877335 2006 1 13 1 1 220945 4080 1 
2.09018e+06 719775 79.5508 201 248 179 -0.0311721 0.290524 0.95636 2006 1 10 1 1 220945 19635 2 
2.09019e+06 719768 79.6374 204 248 175 0.0669716 0.06258 0.99579 2006 1 14 1 1 220945 4590 1 
2.0902e+06 719770 81.0071 216 248 170 -0.26182 0.326179 0.908327 2006 1 18 1 1 220946 5100 1 
2.0902e+06 719760 79.7389 203 248 177 -0.0450421 -0.151295 0.987462 2006 1 18 1 1 220946 8670 2 
2.0902e+06 719771 80.0559 211 248 172 -0.24371 0.200142 0.948972 2006 1 17 1 1 220946 4080 1 
2.0902e+06 719764 81.0874 211 248 172 -0.362858 -0.384661 0.848746 2006 1 18 1 1 220946 4335 1 
2.09021e+06 719769 81.1229 212 248 171 -0.206201 0.0987263 0.973517 2006 1 19 1 1 220946 4080 1 
2.09019e+06 719769 79.9491 202 248 178 -0.0141271 -0.10541 0.994329 2006 1 14 1 1 220946 17340 2 
2.09018e+06 719763 79.1978 201 248 179 -0.11784 -0.142137 0.982808 2006 1 11 1 1 220945 22950 2 
2.09022e+06 719773 79.8149 203 248 176 0.021227 0.0131405 0.999688 2007 1 10 1 1 221085 19125 2 
2.09018e+06 719770 79.6686 201 248 179 -0.31421 -0.0880839 0.945258 2006 1 8 1 1 220945 23460 2 
2.09019e+06 719762 79.37 201 248 178 0.0120234 -0.112583 0.99357 2006 1 10 1 1 220945 6630 2 
2.09018e+06 719760 78.8732 201 248 179 -0.0272895 -0.00707504 0.999603 2006 1 8 1 1 220945 22695 2 
2.09019e+06 719771 79.9228 207 248 174 0.176625 0.055714 0.9827 2006 1 11 1 1 220945 6375 1 
2.09021e+06 719772 79.8473 203 248 177 -0.0440304 0.285568 0.957346 2006 1 19 1 1 220946 21930 2 
2.09019e+06 719776 79.4813 201 248 179 0.0286596 0.292827 0.955736 2006 1 10 1 1 220945 22950 2 
2.09018e+06 719765 79.6366 207 248 174 -0.38268 -0.251646 0.888949 2006 1 13 1 1 220946 12495 1 
2.09019e+06 719766 80.1921 208 248 173 0.0217819 0.0425267 0.998858 2006 1 15 2 1 220946 5100 1 
2.09018e+06 719760 78.9034 201 248 180 -0.0432246 -0.0368991 0.998384 2006 1 8 1 1 220945 24990 2 
2.09021e+06 719760 79.6923 203 248 176 -0.011053 -0.0170819 0.999793 2006 1 19 1 1 220946 19125 1 
2.09022e+06 719776 79.7144 202 248 177 -0.0178433 0.0577282 0.998173 2006 1 14 1 1 220945 17850 2 
2.09022e+06 719767 80.4223 203 248 176 0.1282 -0.314428 0.940585 2007 1 9 1 1 221085 16320 2 
2.09018e+06 719765 80.2023 212 248 171 -0.0989105 -0.0716248 0.992515 2006 1 14 1 1 220946 3825 1 
2.09019e+06 719767 79.879 201 248 178 -0.00316464 0.0791159 0.99686 2006 1 11 1 1 220945 3825 2 
2.09019e+06 719773 80.266 201 248 179 0.0709287 0.235185 0.969359 2006 1 9 1 1 220945 7905 2 
2.09022e+06 719771 80.2954 203 248 176 0.190206 0.264099 0.945555 2006 1 19 1 1 220946 13515 2 
2.09018e+06 719765 79.4556 201 248 179 -0.516708 -0.239074 0.822105 2006 1 8 1 1 220945 23715 2 
2.09021e+06 719769 81.1818 216 248 170 0.253925 0.186031 0.949165 2006 1 19 1 1 220946 2805 1 
2.09018e+06 719761 78.8886 201 248 179 -0.0589219 -0.041781 0.997388 2006 1 9 1 1 220945 22950 2 
2.09022e+06 719763 79.822 204 248 176 -0.0108582 -0.000987108 0.999941 2007 1 8 1 1 221085 17850 1 
2.09021e+06 719763 80.1239 208 248 173 0.134869 -0.180245 0.974332 2006 1 13 1 1 220945 4080 1 
2.09018e+06 719773 79.8122 201 248 179 -0.134462 0.076 0.988 2007 1 29 1 1 221085 11985 2 
2.0902e+06 719766 81.3688 207 248 174 -0.526946 0.0660439 0.847329 2006 1 15 1 1 220945 6630 1 
2.0902e+06 719762 79.4136 202 248 178 -0.0816486 -0.0682269 0.994323 2006 1 15 1 1 220945 17595 2 
2.09022e+06 719771 80.0035 208 248 173 0.0790741 0.0679369 0.994551 2006 1 20 1 1 220946 4590 1 
2.0902e+06 719771 79.8053 211 248 172 -0.20188 0.125699 0.971311 2007 1 21 1 1 221085 15810 1 
2.0902e+06 719765 80.8875 216 248 170 -0.44197 -0.160848 0.882491 2007 1 21 1 1 221085 7905 1 
2.0902e+06 719774 79.3954 202 248 177 -0.0359425 0.0174578 0.999201 2006 1 16 1 1 220946 17850 2 
2.09022e+06 719774 79.811 203 248 176 0.0111181 0.0252684 0.999619 2007 1 10 1 1 221085 22185 2 
2.09019e+06 719761 79.2338 201 248 178 -0.00107905 -0.111142 0.993804 2006 1 10 1 1 220945 20910 2 
2.09022e+06 719769 80.3796 211 248 172 0.284479 -0.103566 0.953072 2006 1 16 1 1 220945 4335 1 
2.0902e+06 719773 79.2957 202 248 178 -0.0193206 0.0213543 0.999585 2006 1 16 1 1 220946 18360 2 
2.0902e+06 719772 79.462 202 248 177 -0.162994 0.0335236 0.986057 2006 1 16 1 1 220946 18870 1 
2.09021e+06 719768 81.1675 203 248 176 0.384606 -0.32025 0.865747 2007 1 11 1 1 221085 15300 2 
2.09018e+06 719775 79.1732 201 248 180 -0.110347 0.0390117 0.993127 2006 1 11 1 1 220945 20145 2 
2.09018e+06 719773 80.043 209 248 173 -0.115489 0.177579 0.977307 2006 1 14 1 1 220946 4080 1 
2.09018e+06 719765 79.0075 201 248 179 -0.239358 0.0228533 0.970662 2006 1 8 1 1 220945 14790 2 
2.09019e+06 719767 79.6082 201 248 178 0.0169466 0.00299058 0.999852 2006 1 11 1 1 220945 14790 2 
2.0902e+06 719771 80.4197 202 248 178 -0.128032 0.35381 0.926513 2007 1 22 1 1 221085 7650 2 
2.09021e+06 719773 80.1331 203 248 177 0.0106086 0.22278 0.974811 2006 1 20 1 1 220946 11985 2 
2.09018e+06 719764 80.1318 211 248 172 0.0150082 -0.185871 0.98246 2006 1 9 1 1 220945 3825 1 
2.0902e+06 719770 79.407 202 248 177 0.0132448 0.0295462 0.999476 2006 1 16 1 1 220946 15810 1 
2.09017e+06 719760 78.7873 201 248 180 -0.0293681 0.00911423 0.999527 2006 1 8 1 1 220945 16830 2 
2.0902e+06 719771 80.2022 203 248 177 -0.249043 0.260299 0.932857 2006 1 17 1 1 220946 3825 2 
2.09019e+06 719763 79.7996 201 248 178 0.108886 -0.332036 0.936961 2006 1 13 1 1 220946 4080 2 
2.0902e+06 719769 79.405 202 248 178 -0.0707153 0.0137209 0.997402 2006 1 17 1 1 220946 20655 2 
2.09018e+06 719764 79.7928 201 248 179 -0.22189 -0.243941 0.944064 2006 1 8 1 1 220945 23205 2 
2.09017e+06 719771 78.8644 200 248 180 -0.0877716 -0.0249228 0.995829 2006 1 10 1 1 220945 25245 2 
2.09019e+06 719773 79.2689 202 248 178 -0.0319664 0.023717 0.999207 2006 1 16 1 1 220946 15045 2 
2.0902e+06 719775 79.443 202 248 177 -0.0431371 0.0347201 0.998466 2006 1 17 1 1 220946 15555 2 
2.09022e+06 719764 79.8048 203 248 176 -0.00700582 -0.0170141 0.999831 2007 1 20 1 1 221085 19890 2 
2.09022e+06 719765 79.8238 203 248 176 -0.00294404 0.00294404 0.999991 2007 1 8 1 1 221085 22950 1 
2.09018e+06 719772 80.3047 211 248 172 -0.0821585 0.153601 0.984712 2006 1 14 1 1 220946 4335 1 
2.09021e+06 719761 79.7214 203 248 177 -0.00704728 -0.0231553 0.999707 2006 1 13 1 1 220945 20655 2 
2.09018e+06 719771 80.1557 208 248 173 -0.147544 -0.228497 0.962299 2006 1 11 1 1 220945 5865 1 
2.09022e+06 719768 80.3221 203 248 177 0.21371 -0.232766 0.948761 2007 1 19 1 1 221085 13005 2 
2.09021e+06 719761 79.7018 203 248 177 0.0430497 -0.0325498 0.998543 2006 1 13 1 1 220945 23205 2 
2.09019e+06 719766 79.8094 201 248 178 0.187658 0.0738525 0.979454 2006 1 10 2 2 220945 0 2 
2.0902e+06 719762 79.8216 202 248 178 -0.216835 -0.149318 0.964721 2006 1 13 1 1 220945 22695 2 
2.09019e+06 719766 79.9859 208 248 173 0.156659 0.0825149 0.9842 2006 1 10 2 1 220945 2805 1 
2.09019e+06 719769 79.8978 205 248 175 0.00758748 -0.109477 0.99396 2007 1 23 1 1 221085 5100 1 
2.09021e+06 719776 79.529 202 248 177 -0.0134557 0.0465773 0.998824 2006 1 18 1 1 220946 17595 2 
2.0902e+06 719763 80.6959 203 248 177 -0.0230325 -0.499942 0.865753 2006 1 17 1 1 220946 4845 2 
2.09021e+06 719775 79.5672 202 248 177 -0.00510271 0.0418422 0.999111 2006 1 19 1 1 220946 17085 2 
2.09021e+06 719763 79.8219 203 248 177 0.0642768 -0.143746 0.987525 2006 1 14 1 1 220945 15555 2 
2.09018e+06 719769 79.1768 201 248 179 -0.0970473 0.0524278 0.993898 2006 1 13 1 1 220946 14790 1 
2.09019e+06 719775 79.2251 202 248 178 0.00300807 0.0250672 0.999681 2006 1 15 1 1 220946 21420 2 
2.09019e+06 719767 79.6246 204 248 175 0.00098326 -0.00688282 0.999976 2006 1 16 1 1 220946 7140 1 
2.09018e+06 719765 79.6422 201 248 179 -0.58519 -0.02919 0.81037 2006 1 8 1 1 220945 19890 2 
2.0902e+06 719763 79.8101 202 248 177 -0.249973 -0.20353 0.94662 2006 1 17 1 1 220946 19890 2 
2.09021e+06 719766 82.3677 217 248 170 0.128229 -0.415688 0.900423 2006 1 18 1 1 220946 5100 1 
2.09019e+06 719774 79.264 202 248 178 -0.0294861 0.0132179 0.999478 2006 1 16 1 1 220946 21675 2 
2.09022e+06 719762 79.7951 203 248 176 -0.0189774 -0.00499404 0.999807 2007 1 19 1 1 221085 16065 2 
2.09021e+06 719776 79.5634 203 248 177 -0.0190529 0.00902508 0.999778 2006 1 18 1 1 220946 17850 2 
2.09019e+06 719769 80.0175 210 248 172 0.0660225 -0.0443758 0.996831 2007 1 26 1 1 221085 7650 1 
2.09019e+06 719761 79.2714 202 248 177 0.00300233 -0.0210163 0.999775 2006 1 16 1 1 220946 17595 1 
2.09019e+06 719760 79.2584 201 248 178 -0.00700557 -0.0190151 0.999795 2006 1 11 1 1 220945 19635 2 
2.09021e+06 719766 81.5377 216 248 170 0.588771 -0.252779 0.767757 2006 1 18 1 1 220946 5610 1 
2.09022e+06 719772 80.0201 203 248 177 0.141768 0.139303 0.980049 2006 1 15 1 1 220945 18360 2 
2.09018e+06 719772 80.2969 209 248 173 -0.0883209 0.0338018 0.995518 2006 1 14 1 1 220946 3315 1 
2.09021e+06 719764 79.8236 203 248 176 0.0388673 -0.103276 0.993893 2006 1 14 1 1 220945 7905 2 
2.09019e+06 719769 79.5076 203 248 176 0.0328776 0.054089 0.997995 2006 1 10 1 1 220945 6630 1 
2.0902e+06 719761 79.9664 202 248 178 -0.0531819 -0.243647 0.968405 2006 1 12 1 1 220945 15810 2 
2.09018e+06 719761 78.8413 200 248 180 -0.0693305 -0.0245323 0.997292 2006 1 7 1 1 220945 19380 2 
2.09021e+06 719763 79.7511 203 248 177 0.0154337 -0.0401276 0.999075 2006 1 15 1 1 220945 15045 2 
2.09022e+06 719769 80.1343 203 248 176 0.177579 -0.115489 0.977307 2007 1 11 1 1 221085 19890 2 
2.09021e+06 719768 80.9543 212 248 171 -0.13176 -0.241342 0.961454 2006 1 20 1 1 220946 5355 1 
2.0902e+06 719767 79.4712 202 248 177 0.0128575 0.000989037 0.999917 2006 1 16 1 1 220946 13515 2 
2.09019e+06 719765 79.8432 207 248 174 0.123363 -0.00109171 0.992361 2006 1 9 1 1 220945 6885 1 
2.09019e+06 719767 79.6053 204 248 176 0.063348 -0.00103849 0.997991 2006 1 13 1 1 220945 7650 1 
2.09018e+06 719775 79.6497 201 248 179 -0.0711696 0.182146 0.980693 2007 1 29 1 1 221085 16830 2 
2.0902e+06 719772 79.335 202 248 178 -0.0110091 0.0150124 0.999827 2006 1 12 1 1 220945 21420 2 
2.09018e+06 719769 79.1884 201 248 180 -0.0811299 -0.0292068 0.996276 2006 1 8 1 1 220945 21165 2 
2.09018e+06 719764 80.0171 209 248 173 -0.303851 -0.213402 0.928512 2006 1 14 1 1 220946 4080 1 
2.09018e+06 719763 79.318 201 248 179 0.0196048 -0.17875 0.983699 2006 1 12 1 1 220946 17850 2 
2.09018e+06 719764 79.9045 201 248 178 -0.244607 -0.325661 0.913298 2006 1 13 1 1 220946 18105 2 
2.09018e+06 719763 79.3732 201 248 179 -0.0385353 -0.171657 0.984403 2006 1 8 1 1 220945 19890 2 
2.09018e+06 719771 80.1627 207 248 174 -0.0684116 -0.237575 0.968957 2006 1 10 1 1 220945 4845 1 
2.09018e+06 719761 78.9742 201 248 179 -0.0805515 -0.0896278 0.992713 2006 1 8 1 1 220945 23205 2 
2.0902e+06 719768 81.1888 216 248 170 -0.541224 0.243473 0.804858 2007 1 22 1 1 221085 4335 1 
2.09021e+06 719775 79.7691 203 248 177 -0.0325054 0.122176 0.991976 2006 1 19 1 1 220946 16830 2 
2.09017e+06 719765 78.8158 200 248 180 -0.0547263 0.00309771 0.998497 2006 1 7 1 1 220945 20145 2 
2.0902e+06 719771 79.3551 202 248 178 -0.0110962 0.0232012 0.999669 2006 1 17 1 1 220946 20145 2 
2.09021e+06 719772 80.3865 203 248 177 -0.0169715 0.408622 0.912546 2006 1 18 1 1 220946 3825 2 
2.09022e+06 719770 80.1273 203 248 177 0.163698 0.0406343 0.985673 2007 1 20 1 1 221085 20400 2 
2.0902e+06 719768 80.4118 202 248 177 -0.596463 0.070088 0.799575 2006 1 13 1 1 220945 10200 2 
2.09019e+06 719768 79.7675 202 248 178 0.0371483 -0.122702 0.991748 2006 1 14 1 1 220946 12750 2 
2.09022e+06 719763 79.7843 203 248 176 -0.0170139 -0.00900734 0.999815 2007 1 8 1 1 221085 21675 1 
2.09019e+06 719776 79.2909 201 248 179 0.0298078 0.213424 0.976505 2006 1 15 1 1 220946 24735 2 
2.09019e+06 719760 79.1813 201 248 179 -0.0350002 -0.0519699 0.998035 2006 1 10 1 1 220945 17595 2 
2.09018e+06 719766 80.0054 206 248 174 -0.19685 0.150532 0.968809 2006 1 13 1 1 220946 5100 1 
2.0902e+06 719764 80.5398 202 248 177 -0.341259 -0.335192 0.878173 2006 1 16 1 1 220946 15300 2 
2.09019e+06 719768 79.8297 201 248 178 0.0982759 0.0666468 0.992925 2006 1 9 1 1 220945 6375 2 
2.0902e+06 719763 80.6397 210 248 172 -0.208225 -0.468881 0.858367 2006 1 12 1 1 220945 3825 1 
2.0902e+06 719765 81.772 210 248 172 -0.460083 -0.456808 0.761347 2006 1 13 1 1 220945 9180 1 
2.0902e+06 719765 80.057 202 248 177 -0.362999 -0.027128 0.931395 2006 1 12 1 1 220945 14025 2 
2.0902e+06 719761 79.5208 202 248 177 -0.149995 -0.0546493 0.987175 2006 1 17 1 1 220946 22185 1 
2.09021e+06 719775 79.5756 202 248 177 0.0114283 0.0550636 0.998417 2006 1 18 1 1 220946 20400 2 
2.09022e+06 719770 80.4023 203 248 176 0.229139 0.231883 0.94537 2006 1 20 2 2 220946 0 2 
2.09021e+06 719762 79.7239 203 248 177 0.00526498 -0.0747627 0.997187 2006 1 16 1 1 220945 23205 2 
2.09018e+06 719766 80.1078 207 248 174 -0.239465 -0.0899577 0.966729 2006 1 13 1 1 220946 4590 1 
2.0902e+06 719767 80.9558 203 248 177 -0.648248 0.0323421 0.760742 2006 1 13 1 1 220945 6120 2 
2.0902e+06 719770 80.1392 202 248 177 -0.39801 0.183808 0.898778 2006 1 17 1 1 220946 4080 2 
2.09018e+06 719766 78.8831 200 248 180 -0.0981089 -0.0118593 0.995105 2006 1 7 1 1 220945 14280 2 
2.0902e+06 719768 81.6952 211 248 172 -0.298271 0.431179 0.851539 2006 1 12 1 1 220945 6630 1 
2.09021e+06 719772 79.9388 202 248 177 0.0537241 0.352482 0.934275 2006 1 18 1 1 220946 5355 2 
2.09019e+06 719767 79.6443 202 248 177 0.00717296 -0.0420131 0.999091 2006 1 11 1 1 220945 6885 1 
2.09019e+06 719771 80.4378 209 248 172 -0.00111664 -0.15298 0.988229 2006 1 15 1 1 220946 7650 1 
2.09019e+06 719774 79.5285 201 248 178 0.0879887 0.165129 0.982339 2006 1 15 1 1 220946 8160 2 
2.0902e+06 719767 79.737 202 248 177 -0.237033 0.217851 0.946761 2006 1 17 1 1 220946 16320 2 
2.09018e+06 719760 78.9927 201 248 179 -0.0458877 -0.0480221 0.997792 2006 1 8 1 1 220945 16065 2 
2.09021e+06 719768 80.8967 203 248 177 0.172139 -0.0964469 0.98034 2007 1 20 1 1 221085 5610 2 
2.09019e+06 719770 80.0144 201 248 178 0.0307189 -0.146768 0.988694 2006 1 14 1 1 220946 15555 2 
2.09019e+06 719771 79.3423 201 248 178 -0.00944127 0.068187 0.997628 2007 1 22 1 1 221085 16320 2 
2.09018e+06 719763 79.8003 201 248 178 -0.0219222 -0.367519 0.929758 2006 1 14 1 1 220946 5610 2 
2.0902e+06 719766 80.9929 216 248 170 -0.554047 0.226866 0.800976 2007 1 21 1 1 221085 4335 1 
2.09018e+06 719770 79.0495 201 248 179 -0.101101 -0.0184808 0.994704 2006 1 12 1 1 220946 20910 2 
2.09021e+06 719765 80.939 203 248 177 0.432039 -0.25316 0.865594 2007 1 11 1 1 221085 15300 2 
2.09021e+06 719768 81.5307 216 248 170 0.559915 -0.231101 0.795668 2006 1 18 1 1 220946 4335 1 
2.0902e+06 719767 82.317 216 248 170 -0.168861 0.295164 0.940406 2006 1 14 1 1 220945 4590 1 
2.0902e+06 719763 79.5754 202 248 178 -0.202621 -0.112008 0.972831 2006 1 13 1 1 220945 15810 2 
2.09022e+06 719764 79.8337 203 248 176 -0.00494542 0.00692359 0.999964 2007 1 18 1 1 221085 17085 2 
2.09018e+06 719763 79.6784 201 248 178 -0.362607 -0.242228 0.899912 2006 1 14 1 1 220946 17340 2 
2.09021e+06 719763 79.7908 203 248 177 0.0336016 -0.0812941 0.996124 2006 1 14 1 1 220945 16575 2 
2.09019e+06 719763 79.4101 201 248 178 0.0682871 -0.234659 0.969676 2006 1 12 1 1 220945 17850 2 
2.09019e+06 719765 79.6507 201 248 178 0.0557451 -0.0241912 0.998152 2007 1 24 1 1 221085 19635 2 
2.09021e+06 719774 79.6784 203 248 176 -0.0777439 0.119517 0.989784 2006 1 18 1 1 220946 14280 1 
2.09019e+06 719774 80.0868 201 248 179 -0.0060515 0.272317 0.962188 2007 1 23 1 1 221085 16575 2 
2.0902e+06 719767 80.0115 203 248 177 -0.337727 0.141983 0.930473 2006 1 17 1 1 220946 10710 1 
2.0902e+06 719772 79.8994 201 248 178 -0.157268 0.239207 0.958148 2006 1 11 1 1 220945 11475 2 
2.09021e+06 719772 80.1564 203 248 177 0.109071 0.45753 0.88248 2006 1 19 1 1 220946 13260 2 
2.0902e+06 719775 79.3203 202 248 177 -0.0252184 0.00706115 0.999657 2006 1 15 1 1 220946 17595 2 
2.09018e+06 719771 80.1745 207 248 174 -0.139262 -0.200589 0.969727 2006 1 11 1 1 220945 4335 1 
2.09018e+06 719761 79.2699 201 248 178 -0.0494921 -0.14157 0.98869 2006 1 14 1 1 220946 22185 2 
2.09019e+06 719765 79.7735 207 248 174 0.0755453 -0.126684 0.989062 2006 1 10 1 1 220945 5610 1 
2.09021e+06 719770 81.1879 216 248 170 0.0149274 0.525174 0.850864 2006 1 19 1 1 220946 4080 1 
2.09022e+06 719762 79.759 203 248 176 -0.0109877 -0.0109877 0.999879 2006 1 19 1 1 220946 15555 1 
2.09019e+06 719767 80.0343 201 248 178 0.00795691 0.169369 0.985521 2006 1 10 1 1 220945 4590 2 
2.09022e+06 719769 81.0024 211 248 172 0.155693 0.0215924 0.98757 2006 1 16 1 1 220945 5865 1 
2.09022e+06 719765 79.8287 203 248 176 0.0172858 -0.0254203 0.999527 2007 1 18 1 1 221085 20145 2 
2.09021e+06 719766 82.3157 216 248 170 0.0352931 -0.380381 0.924156 2006 1 14 1 1 220945 5100 1 
2.09018e+06 719772 80.0934 201 248 179 -0.200346 0.0667821 0.977446 2006 1 11 2 2 220945 0 2 
2.09021e+06 719773 79.6853 203 248 177 0.0266518 0.177292 0.983797 2006 1 19 1 1 220946 21930 2 
2.09021e+06 719764 80.0027 203 248 176 0.0857646 -0.167905 0.982065 2006 1 19 1 1 220946 7395 1 
2.09018e+06 719774 79.809 201 248 179 -0.0764311 0.236811 0.968545 2006 1 14 1 1 220946 8925 2 
2.09018e+06 719765 79.7353 201 248 179 0.0504038 -0.101928 0.993514 2006 1 13 1 1 220946 19890 2 
2.09019e+06 719771 79.393 201 248 178 0.146056 0.0619276 0.987336 2007 1 18 1 1 221085 15810 2 
2.09019e+06 719772 79.5704 201 248 178 0.183347 0.0789242 0.979875 2006 1 14 1 1 220946 12750 2 
2.09021e+06 719768 81.9082 216 248 170 0.430881 0.00916768 0.902362 2006 1 15 1 1 220945 5355 1 
2.0902e+06 719776 79.4493 202 248 177 -0.036015 0.019551 0.99916 2006 1 17 1 1 220946 16065 2 
2.09022e+06 719766 79.9633 203 248 176 0.112539 -0.174374 0.978227 2007 1 19 1 1 221085 19635 2 
2.09021e+06 719760 79.7075 203 248 176 -0.0130627 -0.0150724 0.999801 2006 1 19 1 1 220946 21420 2 
2.09018e+06 719773 79.3949 201 248 179 -0.123896 0.00767498 0.992266 2006 1 13 1 1 220946 3825 2 
2.09019e+06 719773 79.2599 201 248 178 -0.00499404 0.0189774 0.999807 2006 1 15 1 1 220946 12750 2 
2.09018e+06 719765 79.7645 202 248 178 -0.064267 -0.0958368 0.99332 2006 1 8 1 1 220945 11475 1 
2.0902e+06 719765 81.708 216 248 170 -0.428441 -0.325615 0.84286 2006 1 18 1 1 220946 3825 1 
2.09021e+06 719767 80.5165 203 248 176 0.0418033 -0.305291 0.951341 2006 1 15 1 1 220945 15045 2 
2.0902e+06 719767 79.4644 202 248 177 -0.0217405 0.0383048 0.99903 2006 1 16 1 1 220946 13770 2 
2.09022e+06 719774 79.8772 203 248 176 0.028976 0.0719035 0.996991 2006 1 19 1 1 220946 18870 1 
2.09018e+06 719770 79.2958 201 248 180 -0.127979 -0.0396394 0.990984 2006 1 7 1 1 220945 22695 2 
2.09019e+06 719767 79.97 204 248 175 0.0556553 0.11699 0.991572 2007 1 23 1 1 221085 11985 1 
2.09019e+06 719762 79.3087 202 248 178 0.0263518 -0.0537577 0.998206 2006 1 16 1 1 220946 19125 2 
2.09022e+06 719767 79.8596 203 248 176 0.05713 -0.0506625 0.99708 2007 1 18 1 1 221085 17850 2 
2.09018e+06 719762 79.1854 201 248 179 -0.108045 -0.154177 0.982118 2006 1 8 1 1 220945 24990 2 
2.09018e+06 719770 79.9079 204 248 176 -0.160655 -0.135748 0.977631 2006 1 9 1 1 220945 4335 1 
2.0902e+06 719763 81.1058 211 248 172 -0.203874 -0.505909 0.838148 2006 1 12 1 1 220945 4335 1 
2.0902e+06 719767 80.4499 202 248 177 -0.611468 0.208983 0.763173 2006 1 13 1 1 220945 13515 2 
2.0902e+06 719766 82.2402 216 248 170 -0.114666 -0.280733 0.952912 2006 1 14 1 1 220945 6630 1 
2.09021e+06 719762 80.1945 203 248 176 -0.0296657 -0.359858 0.932535 2006 1 12 1 1 220945 4590 1 
2.0902e+06 719762 79.3606 202 248 178 -0.032029 -0.0278962 0.999098 2006 1 11 1 1 220945 15810 2 
2.09018e+06 719760 79.1775 201 248 179 -0.0301903 -0.124116 0.991808 2006 1 9 1 1 220945 20910 2 
2.09019e+06 719768 79.8587 201 248 178 0.04062 -0.0260385 0.998835 2006 1 14 1 1 220946 10965 2 
2.09021e+06 719762 79.7446 203 248 176 -0.0130627 -0.0150724 0.999801 2006 1 20 1 1 220946 15810 2 
2.09021e+06 719774 79.6779 203 248 177 -0.0104815 0.201478 0.979437 2006 1 17 1 1 220946 4845 1 
2.09018e+06 719761 79.2935 201 248 178 0.0169137 -0.147713 0.988886 2006 1 14 1 1 220946 20400 2 
2.09019e+06 719761 79.2742 202 248 178 -0.00099679 -0.0209326 0.99978 2006 1 16 1 1 220946 21165 2 
2.09019e+06 719775 79.4641 201 248 179 0.039848 0.220975 0.974465 2006 1 10 1 1 220945 14535 2 
2.09019e+06 719767 79.637 201 248 178 0.0661587 -0.0466365 0.996719 2006 1 12 1 1 220945 15300 2 
2.09021e+06 719766 80.7378 203 248 177 0.420669 -0.179039 0.889372 2007 1 20 1 1 221085 6630 2 
2.09019e+06 719762 79.287 201 248 178 0.0155866 -0.0509162 0.998581 2006 1 10 1 1 220945 14535 2 
2.09019e+06 719772 80.4573 211 248 172 -0.0632203 0.0787481 0.994888 2006 1 14 1 1 220946 3570 1 
2.0902e+06 719775 79.3943 202 248 177 -0.0172524 0.0213118 0.999624 2006 1 17 1 1 220946 16830 2 
2.09018e+06 719772 79.3567 210 248 172 -0.115221 -0.0627441 0.991356 2006 1 13 1 1 220946 5355 1 
2.09018e+06 719770 79.5001 201 248 179 -0.162295 -0.067524 0.984429 2006 1 9 1 1 220945 21420 2 
2.09018e+06 719762 79.3484 201 248 179 -0.0934047 -0.128875 0.987252 2006 1 13 1 1 220946 13515 2 
2.09018e+06 719772 78.9768 201 248 179 -0.0888781 -0.0405986 0.995215 2006 1 12 1 1 220946 11220 2 
2.09018e+06 719764 79.6287 207 248 174 -0.0947415 -0.228643 0.968889 2006 1 8 1 1 220945 5100 1 
2.09018e+06 719770 79.9934 201 248 178 -0.060471 -0.115237 0.991496 2006 1 13 1 1 220946 5865 2 
2.09022e+06 719774 79.8537 203 248 177 0.0233303 0.123317 0.992093 2006 1 16 1 1 220945 19125 2 
2.09019e+06 719774 79.8782 201 248 179 0.101596 0.29951 0.948669 2007 1 24 1 1 221085 16320 2 
2.0902e+06 719764 79.4896 202 248 177 -0.0957552 -0.0934479 0.991009 2006 1 15 1 1 220945 15810 2 
2.0902e+06 719771 79.3567 201 248 178 -0.00309134 0.0546137 0.998503 2006 1 11 1 1 220945 16575 2 
2.09019e+06 719762 79.3042 201 248 179 -0.0273557 -0.0995748 0.994654 2006 1 9 1 1 220945 21420 2 
2.0902e+06 719774 79.4378 201 248 178 0.00316464 0.0791159 0.99686 2006 1 12 1 1 220945 15810 2 
2.09021e+06 719768 82.0131 217 248 170 0.194271 0.27694 0.941044 2006 1 18 1 1 220946 5865 1 
2.0902e+06 719772 79.4389 202 248 177 -0.155248 0.0548621 0.986351 2006 1 16 1 1 220946 17850 2 
2.0902e+06 719775 79.4172 201 248 178 -0.0152829 0.0275093 0.999505 2006 1 12 1 1 220945 17340 2 
2.09019e+06 719771 79.3538 201 248 178 0.0718122 0.0629738 0.995428 2007 1 22 1 1 221085 17595 2 
2.09017e+06 719761 78.7837 201 248 179 -0.0333485 0.00101056 0.999443 2006 1 9 1 1 220945 19635 2 
2.09019e+06 719770 79.4009 202 248 178 0.0409223 0.0984348 0.994302 2007 1 13 1 1 221085 20145 2 
2.09021e+06 719772 79.8593 203 248 177 0.0724425 0.33587 0.939118 2006 1 18 1 1 220946 13260 1 
2.09022e+06 719770 80.4127 203 248 176 0.31043 0.0825194 0.947008 2007 1 16 1 1 221085 6885 2 
2.09018e+06 719763 79.7052 201 248 178 -0.20546 -0.318817 0.925279 2006 1 13 1 1 220946 14535 2 
2.0902e+06 719765 82.0275 216 248 170 -0.147658 -0.381098 0.912667 2006 1 13 1 1 220945 4845 1 
2.09022e+06 719771 80.0277 203 248 177 0.12885 0.148484 0.980485 2007 1 18 1 1 221085 19890 2 
2.09022e+06 719773 80.0417 203 248 176 0.0574326 0.158233 0.98573 2006 1 19 1 1 220946 15810 1 
2.09019e+06 719763 79.5075 201 248 178 0.0724694 -0.270807 0.959902 2006 1 14 1 1 220946 21420 2 
2.09018e+06 719768 79.7561 201 248 178 -0.150037 0.142597 0.978343 2006 1 13 1 1 220946 9180 2 
2.09021e+06 719768 82.4163 217 248 170 -0.023544 0.286245 0.957867 2006 1 18 1 1 220946 5100 1 
2.0902e+06 719761 79.2804 201 248 178 -0.0149235 -0.00497451 0.999876 2006 1 11 1 1 220945 21930 2 
2.09019e+06 719770 79.8726 211 248 172 0.171631 0.0241896 0.984864 2007 1 23 1 1 221085 5355 1 
2.09022e+06 719770 80.7711 211 248 172 0.095272 0.237545 0.966693 2006 1 19 1 1 220946 3825 1 
2.0902e+06 719767 82.1842 210 248 172 -0.175561 0.305504 0.935866 2006 1 12 1 1 220945 7395 1 
2.09022e+06 719766 80.0169 203 248 177 0.109042 -0.199283 0.973856 2007 1 22 1 1 221085 21675 2 
2.0902e+06 719768 79.67 202 248 178 -0.305523 0.0631673 0.950087 2006 1 13 1 1 220945 21420 2 
2.0902e+06 719774 79.4973 202 248 177 -0.0354239 0.147409 0.988441 2006 1 17 1 1 220946 14280 2 
2.0902e+06 719762 79.3036 202 248 178 -0.0215252 -0.0276753 0.999385 2006 1 13 1 1 220945 20910 2 
2.09019e+06 719774 79.291 201 248 179 0.0600235 0.0600235 0.996391 2006 1 10 1 1 220945 21930 2 
2.09018e+06 719767 79.1427 201 248 179 -0.189222 0.0638774 0.979855 2006 1 8 2 2 220945 0 2 
2.0902e+06 719769 79.4146 202 248 177 -0.00101253 0.0354387 0.999371 2006 1 16 1 1 220946 22185 1 
2.09021e+06 719769 81.3119 211 248 172 -0.0892016 0.184513 0.978774 2006 1 18 1 1 220945 5100 1 
2.0902e+06 719769 79.7611 202 248 177 -0.366944 0.0324156 0.929678 2006 1 17 1 1 220946 23970 2 
2.09021e+06 719767 82.4183 216 248 170 0.307099 0.0238158 0.95138 2006 1 14 1 1 220945 5355 1 
2.0902e+06 719763 80.2683 203 248 177 -0.296691 -0.287922 0.910536 2006 1 17 1 1 220946 4590 1 
2.09019e+06 719767 79.7413 201 248 178 0.137073 0.0761517 0.987629 2006 1 11 1 1 220945 14790 2 
2.09019e+06 719772 79.2795 201 248 178 -0.00710243 0.0334829 0.999414 2006 1 14 1 1 220945 4080 2 
2.09019e+06 719771 79.6123 201 248 178 0.166424 0.0778241 0.982978 2007 1 23 1 1 221085 15300 2 
2.09022e+06 719770 80.6078 207 248 174 0.146474 0.184684 0.971822 2007 1 17 1 1 221085 4335 1 
2.0902e+06 719767 81.7561 210 248 172 -0.498072 0.406622 0.765887 2006 1 18 1 1 220946 38250 1 
2.0902e+06 719768 79.46 202 248 177 0.0130627 0.0150724 0.999801 2006 1 15 1 1 220946 10455 1 
2.0902e+06 719766 80.7142 207 248 174 -0.55122 0.329446 0.766565 2006 1 12 1 1 220945 5355 1 
2.09017e+06 719766 78.8354 201 248 179 -0.0797799 -0.0138285 0.996717 2006 1 12 1 1 220946 13515 2 
2.09018e+06 719764 80.0808 211 248 172 -0.0628773 -0.16965 0.983496 2006 1 9 1 1 220945 4080 1 
2.09018e+06 719775 79.4603 201 248 180 -0.055892 0.119769 0.991227 2006 1 9 1 1 220945 20910 2 
2.0902e+06 719769 80.373 203 248 176 -0.384427 0.201643 0.900864 2006 1 17 1 1 220946 6375 1 
2.09018e+06 719765 79.6742 201 248 179 0.0123724 -0.149594 0.98867 2006 1 14 1 1 220946 14025 2 
2.0902e+06 719774 79.4597 202 248 177 -0.0358441 0.0814639 0.996032 2006 1 17 1 1 220946 15555 2 
2.09018e+06 719766 80.2216 209 248 173 -0.00101451 0.037537 0.999295 2006 1 10 1 1 220945 6630 1 
2.09021e+06 719766 80.9474 215 248 170 0.549994 -0.115251 0.827179 2006 1 13 1 1 220945 4335 1 
2.09022e+06 719763 79.8385 203 248 176 -0.00888411 0.00296137 0.999956 2007 1 17 1 1 221085 19380 2 
2.09022e+06 719770 80.2897 210 248 172 0.254457 0.123966 0.959106 2006 1 20 1 1 220946 4590 1 
2.09018e+06 719765 79.3452 201 248 179 -0.282763 -0.0595958 0.957337 2006 1 12 1 1 220946 20655 1 
2.09019e+06 719766 80.1487 207 248 173 0.112793 0.117542 0.986642 2006 1 10 2 1 220945 5355 1 
2.0902e+06 719771 79.5442 202 248 177 -0.288518 0.0235272 0.957185 2006 1 16 1 1 220946 14535 1 
2.0902e+06 719771 79.6637 201 248 178 -0.361305 0.0218583 0.932192 2006 1 11 1 1 220945 20145 2 
2.09019e+06 719762 79.2894 202 248 177 -0.00100069 -0.0250172 0.999686 2006 1 16 1 1 220946 24735 1 
2.09018e+06 719763 78.9659 201 248 179 -0.115465 -0.0651635 0.991172 2006 1 12 1 1 220946 24480 2 
2.09019e+06 719764 79.5883 201 248 178 0.0212726 -0.133234 0.990856 2006 1 14 1 1 220946 10965 2 
2.09021e+06 719773 79.8122 202 248 177 -0.114169 0.232187 0.965948 2006 1 14 1 1 220945 18615 2 
2.09022e+06 719775 79.7782 203 248 176 -0.00100269 0.0250673 0.999685 2007 1 9 1 1 221085 19890 2 
2.0902e+06 719762 80.2963 203 248 177 -0.12331 -0.375473 0.918594 2006 1 15 1 1 220945 5865 2 
2.09018e+06 719765 78.911 201 248 179 -0.114776 0.0323155 0.992866 2006 1 13 1 1 220946 20655 2 
2.09018e+06 719760 78.8165 201 248 180 -0.0355823 0.00508318 0.999354 2006 1 7 1 1 220945 19380 2 
2.09018e+06 719760 78.8507 201 248 179 -0.0460106 -0.00102246 0.99894 2006 1 12 1 1 220946 22440 1 
2.09018e+06 719768 79.4146 204 248 176 -0.110049 0.17682 0.978072 2006 1 13 1 1 220946 5100 1 
2.09018e+06 719776 79.0034 200 248 180 -0.100367 0.0888303 0.990977 2006 1 11 1 1 220946 20145 2 
2.0902e+06 719762 79.4895 202 248 178 -0.143632 -0.131356 0.980875 2006 1 13 1 1 220945 17595 2 
2.09019e+06 719773 79.4686 201 248 178 0.144467 0.0943216 0.985004 2006 1 15 1 1 220946 19635 2 
2.09018e+06 719766 79.7704 207 248 174 -0.0730654 0.126415 0.989283 2006 1 9 1 1 220945 6375 1 
2.09021e+06 719775 79.5114 202 248 177 -0.055544 0.0620786 0.996525 2006 1 17 1 1 220946 17595 2 
2.09019e+06 719764 79.4039 202 248 178 0.0418651 -0.0611874 0.997248 2006 1 16 1 1 220946 21930 2 
2.09018e+06 719772 79.604 204 248 176 -0.1557 -0.0193204 0.987615 2006 1 12 1 1 220946 3060 1 
2.09022e+06 719767 80.2222 203 248 176 0.199127 -0.265045 0.943451 2007 1 11 1 1 221085 25245 2 
2.0902e+06 719769 79.5413 201 248 178 -0.323719 0.0188941 0.945965 2006 1 11 1 1 220945 20145 2 
2.0902e+06 719766 80.3264 208 248 173 -0.364399 0.143805 0.920073 2006 1 14 1 1 220945 5865 1 
2.09022e+06 719767 79.8178 203 248 176 0.00692359 -0.00494542 0.999964 2007 1 18 1 1 221085 15300 2 
2.09019e+06 719762 79.5454 201 248 179 0.0413197 -0.284229 0.957865 2006 1 11 1 1 220945 9180 2 
2.09018e+06 719765 79.722 206 248 174 -0.161815 -0.169459 0.972162 2006 1 9 2 1 220945 1785 1 
2.09019e+06 719763 79.5573 206 248 174 0.0272006 -0.090306 0.995543 2006 1 10 1 1 220945 4335 1 
2.0902e+06 719770 79.8414 202 248 177 -0.341851 0.106744 0.933672 2006 1 17 1 1 220946 10200 2 
2.09018e+06 719771 79.459 202 248 178 -0.149075 -0.107867 0.982925 2006 1 8 1 1 220945 14025 1 
2.09022e+06 719761 79.8358 203 248 176 -0.00888415 0.000987127 0.99996 2007 1 15 1 1 221085 16065 2 
2.09019e+06 719762 79.3923 201 248 178 0.0651398 -0.164626 0.984203 2006 1 12 1 1 220945 15810 2 
2.0902e+06 719774 79.4399 202 248 178 -0.0447269 0.0774539 0.995992 2006 1 16 1 1 220946 16065 2 
2.0902e+06 719762 79.5697 202 248 177 -0.203503 -0.0826345 0.975581 2006 1 16 1 1 220946 20910 2 
2.09018e+06 719766 79.539 201 248 179 -0.329338 0.228667 0.916105 2006 1 11 1 1 220945 5865 2 
2.09019e+06 719763 79.4373 202 248 178 0.0513847 -0.0732506 0.995989 2006 1 16 1 1 220946 7650 2 
2.09019e+06 719770 80.1711 206 248 174 -0.0174517 -0.194296 0.980788 2006 1 9 1 1 220945 6120 1 
2.09019e+06 719764 79.6697 201 248 179 0.0296449 -0.205143 0.978283 2006 1 9 1 1 220945 10200 2 
2.09022e+06 719775 79.7695 203 248 176 -0.0180527 0.0732729 0.997149 2006 1 19 1 1 220946 18360 2 
2.09019e+06 719774 79.2484 201 248 178 -0.000992907 0.0168794 0.999857 2006 1 16 1 1 220946 10965 2 
2.09019e+06 719767 79.5001 202 248 177 0.0359437 0.0154044 0.999235 2006 1 10 1 1 220945 9945 1 
2.09018e+06 719766 79.7907 205 248 175 -0.0124425 0.157228 0.987484 2006 1 13 1 1 220946 4845 1 
2.09021e+06 719774 79.6704 202 248 177 -0.0517195 0.134471 0.989567 2006 1 14 1 1 220945 19125 2 
2.0902e+06 719760 79.7163 202 248 178 -0.0651398 -0.164626 0.984203 2006 1 12 1 1 220945 17850 2 
2.09019e+06 719775 79.2466 201 248 178 -0.0232939 0.0151917 0.999613 2006 1 16 1 1 220946 19380 2 
2.09018e+06 719776 79.406 206 248 174 -0.0194666 0.166039 0.985927 2007 1 24 1 1 221085 38250 1 
2.09019e+06 719768 79.8266 205 248 175 0.0330053 -0.0606871 0.997611 2007 1 25 1 1 221085 5100 1 
2.09021e+06 719773 79.6777 202 248 177 0.0239262 0.153811 0.987811 2006 1 18 1 1 220946 16830 2 
2.09019e+06 719769 79.9005 202 248 178 0.00104253 -0.0677644 0.997701 2006 1 14 1 1 220946 8415 2 
2.09018e+06 719771 80.2591 208 248 173 -0.138247 -0.0862567 0.986634 2006 1 14 1 1 220946 4845 1 
2.09019e+06 719762 79.34 201 248 178 0.0522288 -0.0900114 0.99457 2006 1 11 1 1 220945 16320 2 
2.09019e+06 719766 79.58 204 248 176 0.0458877 -0.0480221 0.997792 2006 1 11 1 1 220945 7140 1 
2.09018e+06 719775 79.3991 209 248 173 -0.0931842 0.0639939 0.99359 2006 1 14 2 1 220946 15045 1 
2.09021e+06 719762 79.9793 203 248 177 0.159982 -0.130218 0.978493 2006 1 16 1 1 220945 6375 2 
2.09018e+06 719769 79.7693 201 248 178 -0.127967 -0.0419006 0.990893 2006 1 13 1 1 220946 9945 2 
2.09019e+06 719772 79.3094 201 248 178 0.0363086 0.0259347 0.999004 2007 1 23 1 1 221085 15810 2 
2.09021e+06 719774 79.6298 203 248 177 -0.0509781 0.0618245 0.996784 2006 1 19 1 1 220946 16320 2 
2.0902e+06 719773 79.3231 202 248 177 -0.0110094 0.0130111 0.999855 2006 1 16 1 1 220946 22185 2 
2.09018e+06 719769 79.6276 201 248 178 -0.223119 -0.065333 0.972599 2006 1 13 1 1 220946 5610 1 
2.09018e+06 719766 80.1213 205 248 175 -0.0766073 0.144965 0.986467 2006 1 11 1 1 220945 6630 1 
2.0902e+06 719772 79.3458 202 248 177 -0.00302594 0.0292507 0.999568 2006 1 16 1 1 220946 22695 2 
2.09018e+06 719772 79.0752 201 248 179 -0.133877 -0.0492027 0.989776 2006 1 12 1 1 220946 11220 2 
2.09019e+06 719774 79.2714 202 248 178 0.0320933 0.0300228 0.999034 2006 1 15 1 1 220946 10455 2 
2.0902e+06 719771 80.4692 203 248 177 -0.221057 0.291457 0.930691 2006 1 18 1 1 220946 3060 1 
2.09019e+06 719763 79.3168 201 248 178 0.028515 -0.0559739 0.998025 2006 1 10 1 1 220945 18105 2 
2.0902e+06 719772 79.3762 202 248 178 -0.0683285 0.0115633 0.997596 2006 1 13 1 1 220945 19125 2 
2.09018e+06 719764 79.5569 201 248 178 -0.00579411 -0.202794 0.979204 2006 1 13 1 1 220946 21675 2 
2.09019e+06 719761 79.2646 202 248 178 -0.0115876 -0.0684721 0.997586 2006 1 15 1 1 220946 19635 1 
2.0902e+06 719769 79.461 202 248 177 -0.170873 -0.0194956 0.9851 2006 1 16 1 1 220946 22950 2 
2.0902e+06 719766 82.2877 216 248 170 -0.268196 -0.03337 0.962786 2006 1 18 1 1 220946 5355 1 
2.09018e+06 719770 78.9032 200 248 180 -0.0843631 0.0138825 0.996338 2006 1 8 1 1 220945 16065 2 
2.09021e+06 719760 79.831 211 248 172 -0.0557809 -0.117254 0.991534 2006 1 13 1 1 220945 13005 1 
2.09021e+06 719772 80.1186 202 248 177 -0.0924113 0.285043 0.954049 2006 1 13 1 1 220945 12495 2 
2.09019e+06 719764 80.104 212 248 171 0.0859333 -0.170656 0.981576 2006 1 10 1 1 220945 5610 1 
2.09019e+06 719768 79.8664 205 248 175 -0.0101197 -0.151796 0.98836 2007 1 18 1 1 221085 6120 1 
2.0902e+06 719766 79.6593 202 248 177 -0.166398 0.024099 0.985764 2006 1 12 1 1 220945 13770 2 
2.09018e+06 719763 79.3533 201 248 179 -0.11073 -0.222733 0.96857 2006 1 13 1 1 220946 15045 2 
2.09019e+06 719760 79.1475 201 248 178 -0.0263518 -0.0537577 0.998206 2006 1 15 1 1 220946 17340 2 
2.09019e+06 719773 79.2739 202 248 178 0.0277308 0.0236225 0.999336 2006 1 15 1 1 220946 7905 1 
2.09019e+06 719771 80.1424 206 248 174 0.14642 0.0100594 0.989171 2006 1 14 1 1 220946 5610 1 
2.0902e+06 719770 79.448 201 248 178 -0.121904 0.0324333 0.992012 2006 1 11 1 1 220945 16575 2 
2.09021e+06 719763 80.7676 203 248 177 0.141571 -0.377056 0.915307 2007 1 12 1 1 221085 8415 2 
2.09018e+06 719762 79.5395 201 248 179 -0.121314 -0.256977 0.958773 2006 1 12 1 1 220946 18870 2 
2.0902e+06 719761 79.3012 201 248 178 -0.0250673 0.00100269 0.999685 2006 1 10 1 1 220945 21420 2 
2.09019e+06 719771 80.3203 209 248 173 0.0752661 -0.166063 0.983239 2006 1 11 1 1 220945 6120 1 
2.09019e+06 719773 80.0593 211 248 172 0.159838 0.180298 0.970538 2006 1 10 2 1 220945 3570 1 
2.09021e+06 719762 79.7454 203 248 177 0.0817311 -0.104754 0.991134 2006 1 18 1 1 220946 19890 2 
2.09022e+06 719767 79.9645 203 248 177 0.0848992 -0.115137 0.989715 2007 1 21 1 1 221085 18105 2 
2.09019e+06 719769 79.9386 205 248 175 -0.00551356 -0.131223 0.991338 2007 1 17 1 1 221085 5865 1 
2.0902e+06 719773 79.6012 202 248 177 -0.0877422 0.203908 0.97505 2006 1 17 1 1 220946 10200 2 
2.09018e+06 719760 78.8261 201 248 180 -0.0312661 0.00302575 0.999507 2006 1 8 1 1 220945 22440 2 
2.09022e+06 719764 79.8405 203 248 176 -0.00690992 0.00493566 0.999964 2007 1 10 1 1 221085 20400 2 
2.09018e+06 719764 79.053 201 248 179 -0.177956 -0.0149254 0.983925 2006 1 13 1 1 220946 21165 2 
2.0902e+06 719771 79.3886 202 248 178 -0.0701984 0.0377991 0.996817 2006 1 12 1 1 220945 20400 2 
2.09018e+06 719764 78.8824 200 248 180 -0.11162 -0.00325108 0.993746 2006 1 6 1 1 220945 21420 2 
2.0902e+06 719767 80.7286 203 248 177 -0.625206 0.0826838 0.776068 2006 1 14 1 1 220945 6375 2 
2.09018e+06 719768 79.4724 201 248 178 -0.0971482 0.111194 0.989039 2006 1 13 1 1 220946 5865 2 
2.0902e+06 719766 81.7527 216 248 170 -0.490351 -0.10722 0.864905 2006 1 16 1 1 220945 5100 1 
2.09021e+06 719768 80.9462 212 248 171 0.0666543 -0.328043 0.942308 2006 1 20 1 1 220946 4080 1 
2.09019e+06 719772 80.4049 211 248 172 0.152941 0.0770634 0.985226 2006 1 15 1 1 220946 4335 1 
2.09021e+06 719769 81.1292 211 248 172 0.159086 -0.00789787 0.987233 2006 1 16 1 1 220945 7395 1 
2.09018e+06 719774 79.5834 206 248 174 -0.0995148 0.0812132 0.991716 2006 1 13 1 1 220946 4590 1 
2.09018e+06 719768 79.5373 204 248 176 -0.181148 0.0338921 0.982872 2006 1 8 1 1 220945 4080 1 
2.0902e+06 719761 79.4193 202 248 177 -0.099822 -0.00322007 0.995 2006 1 17 1 1 220946 19890 2 
2.09019e+06 719762 79.3466 201 248 178 0.00110382 -0.140185 0.990125 2006 1 11 1 1 220945 20910 2 
2.09021e+06 719766 82.5137 217 248 170 -0.0363086 -0.0259347 0.999004 2006 1 18 1 1 220946 6120 1 
2.09021e+06 719772 80.411 203 248 177 0.0477941 0.471113 0.880777 2006 1 18 1 1 220946 9945 2 
2.09019e+06 719761 79.2792 202 248 178 0.0114746 -0.0573728 0.998287 2006 1 15 1 1 220946 18105 2 
2.09019e+06 719768 79.6942 203 248 177 0.103879 -0.0719162 0.991987 2007 1 23 1 1 221085 7650 1 
2.09021e+06 719766 80.0584 204 248 175 0.0779462 -0.214043 0.973709 2007 1 9 1 1 221085 4590 1 
2.09022e+06 719769 79.925 203 248 176 0.0966503 -0.0455478 0.994276 2007 1 18 1 1 221085 18615 2 
2.09019e+06 719767 79.6474 202 248 178 0.0365602 -0.105249 0.993774 2006 1 11 1 1 220945 11475 2 
2.09021e+06 719775 79.5821 202 248 177 -0.0195524 0.0339595 0.999232 2006 1 18 1 1 220946 17595 2 
2.09019e+06 719766 79.4871 202 248 178 0.0323543 -0.0365291 0.998809 2006 1 10 1 1 220945 8925 2 
2.09021e+06 719761 79.9083 203 248 177 -0.0375982 -0.234079 0.97149 2006 1 18 1 1 220946 8670 2 
2.09019e+06 719766 79.6659 201 248 178 0.0803033 0.049502 0.995541 2006 1 11 1 1 220945 10455 2 
2.09018e+06 719764 79.2772 201 248 179 -0.191057 -0.111138 0.975267 2006 1 12 1 1 220946 23205 2 
2.09022e+06 719768 80.7753 211 248 172 0.209412 -0.273206 0.938885 2006 1 20 1 1 220946 5355 1 
2.09021e+06 719770 81.786 216 248 170 -0.00128038 0.390517 0.920595 2006 1 14 2 1 220945 3825 1 
2.09019e+06 719763 79.4678 206 248 174 0.00536673 -0.0998211 0.994991 2006 1 10 1 1 220945 4080 1 
2.0902e+06 719764 79.3812 201 248 178 -0.0135354 -0.0531005 0.998497 2006 1 10 1 1 220945 26010 2 
2.09022e+06 719770 79.8973 203 248 176 0.0641378 0.0157716 0.997816 2007 1 18 1 1 221085 17595 2 
2.0902e+06 719770 79.3804 201 248 178 -0.0193206 0.0213543 0.999585 2006 1 11 1 1 220945 19635 2 
2.09018e+06 719766 79.8684 208 248 173 -0.18737 0.216605 0.95811 2006 1 13 1 1 220946 7650 1 
2.09022e+06 719769 80.7085 211 248 172 0.206497 -0.0543414 0.976937 2006 1 18 1 1 220945 5100 1 
2.0902e+06 719764 79.4683 202 248 177 -0.059901 -0.0577227 0.996534 2006 1 17 1 1 220946 17340 2 
2.0902e+06 719763 79.3215 202 248 178 -0.00516281 -0.0547258 0.998488 2006 1 14 1 1 220945 23460 2 
2.09018e+06 719772 79.2054 201 248 179 -0.154574 -0.049975 0.986716 2006 1 12 1 1 220946 15045 2 
2.09019e+06 719760 79.1334 201 248 179 0.0114732 -0.0594518 0.998165 2006 1 9 1 1 220945 21930 2 
2.0902e+06 719767 79.4832 202 248 178 -0.0339357 0.0930496 0.995083 2006 1 12 1 1 220945 14535 2 
2.09018e+06 719773 79.11 206 248 174 -0.110894 -0.0186654 0.993657 2006 1 13 1 1 220946 5100 1 
2.09021e+06 719762 79.7157 203 248 176 -0.00305568 -0.0397238 0.999206 2006 1 18 1 1 220946 22185 2 
2.09018e+06 719771 78.9122 200 248 180 -0.084543 -0.0139121 0.996323 2006 1 9 1 1 220945 22185 2 
2.09022e+06 719760 79.7382 203 248 177 -0.0232475 -0.0131399 0.999643 2006 1 16 1 1 220945 19635 2 
2.09021e+06 719765 81.6573 216 248 170 0.285705 -0.452495 0.844761 2006 1 14 1 1 220945 5100 1 
2.0902e+06 719772 79.3378 201 248 178 -0.00505307 0.031329 0.999496 2006 1 12 1 1 220945 21165 2 
2.09021e+06 719765 80.4911 203 248 177 0.132068 -0.179864 0.974786 2007 1 10 1 1 221085 4080 2 
2.0902e+06 719772 79.5833 202 248 178 -0.23198 0.0815064 0.9693 2006 1 12 1 1 220945 19125 2 
2.09018e+06 719774 79.9282 208 248 173 -0.0482436 0.253588 0.966109 2006 1 14 1 1 220946 4335 1 
2.0902e+06 719763 79.3686 202 248 178 -0.0349962 -0.0540851 0.997923 2006 1 16 1 1 220946 16830 2 
2.0902e+06 719764 79.7445 202 248 177 -0.273827 -0.191266 0.942569 2006 1 16 1 1 220946 16575 2 
2.09019e+06 719760 79.1723 201 248 178 0.0205422 -0.0897368 0.995754 2006 1 15 1 1 220946 19635 2 
2.09019e+06 719772 79.3035 201 248 178 -0.0217819 0.0425267 0.998858 2006 1 15 1 1 220946 3570 2 
2.0902e+06 719760 79.3738 202 248 177 -0.0376131 0.00304971 0.999288 2006 1 16 1 1 220946 16320 1 
2.09021e+06 719771 80.5479 203 248 177 -0.0012343 0.314746 0.949175 2006 1 17 1 1 220945 5865 2 
3 645 195 31 
3 253 79 531 
3 170 178 90 
3 664 356 740 
3 78 521 456 
3 466 668 62 
3 129 81 107 
3 730 301 387 
3 155 129 750 
3 387 502 773 
3 394 316 737 
3 19 18 169 
3 478 94 46 
3 460 556 606 
3 119 377 558 
3 683 716 326 
3 199 708 114 
3 577 673 20 
3 485 719 502 
3 169 298 85 
3 761 405 465 
3 138 436 611 
3 333 298 270 
3 505 681 361 
3 244 202 208 
3 274 79 433 
3 181 14 137 
3 517 702 274 
3 458 265 408 
3 771 112 617 
3 659 690 771 
3 542 711 88 
3 751 266 603 
3 166 613 548 
3 76 259 694 
3 156 313 554 
3 575 712 547 
3 100 329 257 
3 282 473 562 
3 105 469 640 
3 408 426 562 
3 277 69 469 
3 260 354 634 
3 647 94 379 
3 16 727 253 
3 179 617 530 
3 764 27 417 
3 708 224 283 
3 764 385 568 
3 227 281 150 
3 338 369 604 
3 704 369 538 
3 564 672 68 
3 663 121 395 
3 536 136 513 
3 607 733 217 
3 149 749 596 
3 92 389 306 
3 158 573 671 
3 318 107 324 
3 140 378 53 
3 668 1 97 
3 436 66 185 
3 5 720 9 
3 255 379 264 
3 20 673 523 
3 379 163 196 
3 690 531 603 
3 214 329 416 
3 218 216 616 
3 286 732 698 
3 72 374 434 
3 470 559 191 
3 72 219 537 
3 185 743 463 
3 534 6 443 
3 231 429 623 
3 477 633 363 
3 249 22 525 
3 165 220 490 
3 331 230 41 
3 173 125 98 
3 425 721 22 
3 593 346 384 
3 331 421 230 
3 333 506 85 
3 541 421 489 
3 597 375 104 
3 147 373 275 
3 737 310 394 
3 371 244 448 
3 361 691 710 
3 388 448 146 
3 149 760 635 
3 388 146 135 
3 448 491 217 
3 335 176 774 
3 306 513 177 
3 214 416 741 
3 156 592 133 
3 100 354 697 
3 339 488 204 
3 201 215 315 
3 353 420 215 
3 90 178 285 
3 263 480 504 
3 620 139 88 
3 184 503 61 
3 770 321 319 
3 283 601 237 
3 568 184 54 
3 201 315 711 
3 686 11 445 
3 464 619 23 
3 44 330 396 
3 27 764 464 
3 664 393 504 
3 445 11 60 
3 111 393 740 
3 664 740 393 
3 385 764 417 
3 377 113 61 
3 113 119 88 
3 111 237 393 
3 427 258 566 
3 554 313 693 
3 199 51 708 
3 645 736 203 
3 75 469 105 
3 540 82 575 
3 697 354 616 
3 554 183 634 
3 712 694 547 
3 354 591 634 
3 188 592 156 
3 591 508 171 
3 77 84 592 
3 616 216 697 
3 360 461 602 
3 562 714 282 
3 218 616 326 
3 716 683 613 
3 571 332 286 
3 278 105 683 
3 69 277 727 
3 469 14 277 
3 469 75 225 
3 279 575 82 
3 694 259 238 
3 112 552 530 
3 578 686 445 
3 560 352 239 
3 447 627 657 
3 108 731 404 
3 42 266 686 
3 94 647 559 
3 727 277 253 
3 28 34 132 
3 464 302 330 
3 50 327 317 
3 497 462 10 
3 338 205 369 
3 497 742 462 
3 430 205 338 
3 322 704 577 
3 497 10 87 
3 122 396 304 
3 122 47 103 
3 396 370 239 
3 498 651 233 
3 179 629 617 
3 577 153 673 
3 330 302 396 
3 252 153 87 
3 660 420 488 
3 366 523 252 
3 657 471 120 
3 338 150 430 
3 366 471 676 
3 205 430 300 
3 281 227 499 
3 128 115 675 
3 720 5 327 
3 672 719 485 
3 387 485 502 
3 25 59 206 
3 518 68 175 
3 703 564 68 
3 719 747 502 
3 719 672 747 
3 115 587 159 
3 198 536 306 
3 59 295 641 
3 675 2 672 
3 663 395 641 
3 157 584 149 
3 389 92 677 
3 81 271 311 
3 157 772 600 
3 149 596 172 
3 600 92 295 
3 136 773 502 
3 295 92 306 
3 136 502 747 
3 107 152 324 
3 454 34 715 
3 92 422 368 
3 147 431 208 
3 172 164 174 
3 37 674 244 
3 718 228 669 
3 574 410 287 
3 97 1 529 
3 130 411 431 
3 761 323 405 
3 376 743 572 
3 529 1 746 
3 324 701 236 
3 255 264 138 
3 307 140 337 
3 753 378 467 
3 617 713 530 
3 518 507 68 
3 70 68 397 
3 766 343 93 
3 132 378 731 
3 67 667 725 
3 53 378 132 
3 264 404 248 
3 67 621 334 
3 379 196 728 
3 163 659 196 
3 46 461 360 
3 571 654 332 
3 611 656 138 
3 94 344 46 
3 255 656 642 
3 611 559 656 
3 186 512 561 
3 250 423 653 
3 723 182 579 
3 413 537 723 
3 745 126 744 
3 458 661 265 
3 166 744 58 
3 332 732 286 
3 265 341 408 
3 218 697 216 
3 341 416 329 
3 562 697 218 
3 661 650 265 
3 493 622 543 
3 305 374 106 
3 487 243 434 
3 487 280 510 
3 240 632 724 
3 106 374 72 
3 763 192 56 
3 570 582 425 
3 232 22 752 
3 380 696 268 
3 425 22 249 
3 197 442 182 
3 89 56 192 
3 565 391 232 
3 569 588 551 
3 755 12 230 
3 528 588 553 
3 565 167 391 
3 118 423 250 
3 32 43 320 
3 106 410 680 
3 381 768 401 
3 287 325 752 
3 460 479 556 
3 401 182 442 
3 118 463 606 
3 66 229 572 
3 500 605 64 
3 401 118 556 
3 669 758 718 
3 64 401 8 
3 689 241 351 
3 273 755 541 
3 689 648 241 
3 557 289 189 
3 449 0 351 
3 695 405 323 
3 190 441 670 
3 116 419 351 
3 256 655 775 
3 648 268 435 
3 380 251 696 
3 167 235 249 
3 696 383 102 
3 763 56 706 
3 261 501 570 
3 357 528 544 
3 357 524 528 
3 419 342 251 
3 581 109 609 
3 350 541 489 
3 767 419 189 
3 767 189 12 
3 475 636 101 
3 4 734 709 
3 314 375 597 
3 699 36 262 
3 359 173 375 
3 41 289 557 
3 0 194 557 
3 104 375 173 
3 328 364 309 
3 475 36 699 
3 440 500 534 
3 328 623 468 
3 165 78 19 
3 418 18 456 
3 110 147 208 
3 472 431 147 
3 414 666 521 
3 418 373 168 
3 415 36 362 
3 312 623 429 
3 169 270 298 
3 244 431 37 
3 30 484 247 
3 267 448 217 
3 448 674 491 
3 431 411 37 
3 428 361 710 
3 599 774 735 
3 254 774 245 
3 217 30 247 
3 688 735 738 
3 267 733 146 
3 735 496 599 
3 348 333 291 
3 388 135 291 
3 176 335 614 
3 245 774 428 
3 115 65 2 
3 45 133 592 
3 38 99 657 
3 234 215 660 
3 139 685 123 
3 627 234 339 
3 215 420 660 
3 281 430 150 
3 499 227 482 
3 482 29 20 
3 704 604 369 
3 227 29 482 
3 355 482 20 
3 227 150 29 
3 355 523 366 
3 673 153 523 
3 742 392 462 
3 10 252 87 
3 153 252 523 
3 52 682 302 
3 523 355 20 
3 482 676 499 
3 252 120 366 
3 233 10 498 
3 366 482 355 
3 366 676 482 
3 366 120 471 
3 657 627 471 
3 471 612 439 
3 439 612 519 
3 488 339 660 
3 447 657 23 
3 619 402 23 
3 234 660 339 
3 99 23 657 
3 486 447 23 
3 27 464 330 
3 54 619 464 
3 23 99 464 
3 386 252 10 
3 120 38 657 
3 302 464 99 
3 252 52 120 
3 302 99 38 
3 38 52 302 
3 38 120 52 
3 386 682 252 
3 52 252 682 
3 304 386 233 
3 302 682 386 
3 304 233 651 
3 386 10 233 
3 498 304 651 
3 239 352 44 
3 498 13 304 
3 398 530 42 
3 396 239 44 
3 370 560 239 
3 386 396 302 
3 386 304 396 
3 398 560 370 
3 578 445 446 
3 398 578 560 
3 266 246 686 
3 47 179 370 
3 530 552 42 
3 398 42 578 
3 552 266 42 
3 517 144 702 
3 60 417 27 
3 42 686 578 
3 319 274 770 
3 246 11 686 
3 96 531 690 
3 330 44 27 
3 446 560 578 
3 560 446 352 
3 445 60 446 
3 446 44 352 
3 446 60 44 
3 321 385 417 
3 54 464 764 
3 44 60 27 
3 60 274 319 
3 60 319 417 
3 60 11 274 
3 319 321 417 
3 321 770 111 
3 111 385 321 
3 356 340 385 
3 576 503 356 
3 73 113 139 
3 356 503 340 
3 576 504 480 
3 184 61 123 
3 201 711 444 
3 54 184 123 
3 503 576 480 
3 764 568 54 
3 340 503 184 
3 340 568 385 
3 340 184 568 
3 123 402 54 
3 757 234 515 
3 23 402 486 
3 627 612 471 
3 447 757 515 
3 339 612 627 
3 515 234 627 
3 757 55 726 
3 447 515 627 
3 447 486 757 
3 402 757 486 
3 726 215 234 
3 54 402 619 
3 123 55 402 
3 402 55 757 
3 139 113 88 
3 123 685 55 
3 700 711 315 
3 757 726 234 
3 55 685 726 
3 726 315 215 
3 726 685 700 
3 353 201 444 
3 353 215 201 
3 711 700 88 
3 315 726 700 
3 700 620 88 
3 700 685 620 
3 503 377 61 
3 119 222 88 
3 222 542 88 
3 685 139 620 
3 73 61 113 
3 123 73 139 
3 123 61 73 
3 377 119 113 
3 377 480 558 
3 393 406 504 
3 393 601 95 
3 406 393 95 
3 406 263 504 
3 503 480 377 
3 576 664 504 
3 576 356 664 
3 356 111 740 
3 356 385 111 
3 393 237 601 
3 296 144 427 
3 224 708 51 
3 345 137 238 
3 162 631 199 
3 708 283 526 
3 95 283 51 
3 283 237 526 
3 51 283 224 
3 95 601 283 
3 162 178 631 
3 162 200 178 
3 631 51 199 
3 76 203 200 
3 203 736 367 
3 203 367 178 
3 736 90 367 
3 367 285 178 
3 736 645 90 
3 170 631 178 
3 285 367 90 
3 51 631 170 
3 712 203 694 
3 712 645 203 
3 575 336 712 
3 195 645 712 
3 203 76 694 
3 203 178 200 
3 533 160 739 
3 195 712 336 
3 183 533 180 
3 739 31 288 
3 180 31 195 
3 160 693 514 
3 514 693 313 
3 533 288 180 
3 183 180 634 
3 288 31 180 
3 151 554 634 
3 533 739 288 
3 693 533 183 
3 693 160 533 
3 242 313 156 
3 242 133 45 
3 171 156 151 
3 133 242 156 
3 183 554 693 
3 151 156 554 
3 354 260 616 
3 336 180 195 
3 279 260 634 
3 279 616 260 
3 540 575 547 
3 279 634 336 
3 279 336 575 
3 634 180 336 
3 624 540 547 
3 82 616 279 
3 694 238 547 
3 225 707 469 
3 278 82 540 
3 683 326 82 
3 82 278 683 
3 540 624 75 
3 540 75 278 
3 595 238 137 
3 624 238 75 
3 707 14 469 
3 14 399 277 
3 181 137 345 
3 595 137 707 
3 259 200 526 
3 595 707 225 
3 137 14 707 
3 75 595 225 
3 238 259 345 
3 75 238 595 
3 624 547 238 
3 162 437 200 
3 259 76 200 
3 708 526 114 
3 526 200 437 
3 114 162 199 
3 114 437 162 
3 114 526 437 
3 349 399 14 
3 526 345 259 
3 526 349 181 
3 427 566 349 
3 566 399 349 
3 526 181 345 
3 349 14 181 
3 526 427 349 
3 258 517 566 
3 427 144 258 
3 545 11 246 
3 237 427 526 
3 296 15 702 
3 237 296 427 
3 237 111 770 
3 296 770 15 
3 296 237 770 
3 296 702 144 
3 15 770 274 
3 545 79 274 
3 258 144 517 
3 274 433 517 
3 702 15 274 
3 11 545 274 
3 751 603 531 
3 399 433 57 
3 545 751 79 
3 566 433 399 
3 566 517 433 
3 399 57 277 
3 433 79 253 
3 57 253 277 
3 57 433 253 
3 79 751 531 
3 266 552 690 
3 246 751 545 
3 246 266 751 
3 771 690 552 
3 603 266 690 
3 732 727 698 
3 253 531 16 
3 96 727 16 
3 69 640 469 
3 654 126 17 
3 745 69 17 
3 69 745 166 
3 126 654 360 
3 727 96 698 
3 96 659 478 
3 698 96 478 
3 16 531 96 
3 94 659 163 
3 96 690 659 
3 698 46 286 
3 653 580 639 
3 264 379 728 
3 647 656 559 
3 571 360 654 
3 191 559 131 
3 83 58 297 
3 360 571 46 
3 17 126 745 
3 744 297 58 
3 17 332 654 
3 17 732 332 
3 360 297 126 
3 639 602 461 
3 126 297 744 
3 39 91 510 
3 360 602 297 
3 639 580 586 
3 213 58 561 
3 537 186 586 
3 561 83 186 
3 297 602 83 
3 213 613 58 
3 58 83 561 
3 512 213 561 
3 166 745 744 
3 716 613 213 
3 548 640 166 
3 613 166 58 
3 640 69 166 
3 732 69 727 
3 732 17 69 
3 548 105 640 
3 278 75 105 
3 293 548 613 
3 293 105 548 
3 683 293 613 
3 683 105 293 
3 218 326 221 
3 616 82 326 
3 714 562 221 
3 562 426 407 
3 77 257 214 
3 591 354 100 
3 49 77 741 
3 257 329 214 
3 329 100 697 
3 591 151 634 
3 257 508 100 
3 171 188 156 
3 100 508 591 
3 257 188 508 
3 591 171 151 
3 508 188 171 
3 188 77 592 
3 265 154 416 
3 77 49 84 
3 257 77 188 
3 214 741 77 
3 390 416 154 
3 329 407 341 
3 741 390 49 
3 741 416 390 
3 522 409 458 
3 562 473 408 
3 434 303 487 
3 408 341 426 
3 265 416 341 
3 341 407 426 
3 329 697 562 
3 329 562 407 
3 218 221 562 
3 714 213 512 
3 714 221 716 
3 714 716 213 
3 221 326 716 
3 512 546 714 
3 473 458 408 
3 546 765 3 
3 3 280 522 
3 765 546 219 
3 282 714 546 
3 510 91 72 
3 546 512 186 
3 243 510 72 
3 243 487 510 
3 280 39 510 
3 765 219 39 
3 134 434 305 
3 243 72 434 
3 3 765 39 
3 3 282 546 
3 280 3 39 
3 473 282 3 
3 434 134 303 
3 409 622 650 
3 473 522 458 
3 473 3 522 
3 458 650 661 
3 622 493 650 
3 458 409 650 
3 543 240 493 
3 280 303 522 
3 543 622 409 
3 543 134 299 
3 303 280 487 
3 409 303 134 
3 409 522 303 
3 299 632 240 
3 299 134 680 
3 287 649 574 
3 632 299 649 
3 134 543 409 
3 299 240 543 
3 574 680 410 
3 574 299 680 
3 134 305 680 
3 434 374 305 
3 192 763 287 
3 649 299 574 
3 305 106 680 
3 662 325 410 
3 106 662 410 
3 579 768 325 
3 197 182 723 
3 579 662 207 
3 723 579 207 
3 287 752 89 
3 118 401 442 
3 768 579 182 
3 423 197 580 
3 423 442 197 
3 197 723 580 
3 207 662 413 
3 537 413 662 
3 723 207 413 
3 91 219 72 
3 537 662 106 
3 39 219 91 
3 586 580 723 
3 546 186 219 
3 83 639 586 
3 344 250 46 
3 423 580 653 
3 602 639 83 
3 461 653 639 
3 219 186 537 
3 186 83 586 
3 72 537 106 
3 586 723 537 
3 250 344 191 
3 46 698 478 
3 94 470 344 
3 94 559 470 
3 461 46 653 
3 571 286 46 
3 659 94 478 
3 163 379 94 
3 255 647 379 
3 642 656 647 
3 656 255 138 
3 642 647 255 
3 191 131 185 
3 559 611 131 
3 436 452 66 
3 294 80 520 
3 611 185 131 
3 572 743 185 
3 470 191 344 
3 463 118 191 
3 46 250 653 
3 191 118 250 
3 453 401 556 
3 442 423 118 
3 185 463 191 
3 743 606 463 
3 376 460 606 
3 556 118 606 
3 743 376 606 
3 679 520 429 
3 229 376 572 
3 429 671 573 
3 185 66 572 
3 21 80 229 
3 248 452 436 
3 467 378 140 
3 62 117 598 
3 229 66 21 
3 117 80 598 
3 467 66 452 
3 229 80 376 
3 21 598 80 
3 668 671 62 
3 520 679 6 
3 748 310 509 
3 1 668 492 
3 737 316 71 
3 1 271 161 
3 347 677 368 
3 161 271 81 
3 492 308 271 
3 467 466 598 
3 308 311 271 
3 308 358 311 
3 1 492 271 
3 668 466 492 
3 598 466 62 
3 467 21 66 
3 307 358 308 
3 152 701 324 
3 311 107 81 
3 311 358 107 
3 318 324 236 
3 107 358 152 
3 152 589 701 
3 68 301 175 
3 652 589 454 
3 518 701 589 
3 307 454 358 
3 454 589 152 
3 358 454 152 
3 337 34 454 
3 337 53 34 
3 337 454 307 
3 337 140 53 
3 307 467 140 
3 492 307 308 
3 492 466 307 
3 598 21 467 
3 495 731 753 
3 753 467 452 
3 307 466 467 
3 611 436 185 
3 138 248 436 
3 248 495 452 
3 731 378 753 
3 138 264 248 
3 404 731 495 
3 728 108 264 
3 108 432 132 
3 452 495 753 
3 248 404 495 
3 108 728 432 
3 728 196 432 
3 132 550 28 
3 432 196 617 
3 550 132 432 
3 34 53 132 
3 731 108 132 
3 404 264 108 
3 112 771 552 
3 196 659 771 
3 617 112 713 
3 617 196 771 
3 370 179 398 
3 713 112 530 
3 103 47 370 
3 629 13 334 
3 396 122 370 
3 122 629 47 
3 398 179 530 
3 47 629 179 
3 550 617 621 
3 550 432 617 
3 617 629 621 
3 667 715 34 
3 13 629 122 
3 334 621 629 
3 370 122 103 
3 304 13 122 
3 13 209 392 
3 498 10 462 
3 153 577 87 
3 742 226 343 
3 209 13 498 
3 392 334 13 
3 462 209 498 
3 462 392 209 
3 392 450 334 
3 392 742 343 
3 450 667 334 
3 715 652 454 
3 621 67 28 
3 667 34 725 
3 667 67 334 
3 725 28 67 
3 450 382 667 
3 50 317 766 
3 621 28 550 
3 725 34 28 
3 667 382 715 
3 343 226 93 
3 382 766 715 
3 317 589 652 
3 507 317 327 
3 652 715 766 
3 703 507 327 
3 50 766 93 
3 70 507 703 
3 720 722 9 
3 720 93 205 
3 226 63 538 
3 50 720 327 
3 50 93 720 
3 450 343 766 
3 450 392 343 
3 652 766 317 
3 382 450 766 
3 577 704 742 
3 538 93 226 
3 577 742 497 
3 63 226 742 
3 63 742 704 
3 497 87 577 
3 20 322 577 
3 322 604 704 
3 29 322 20 
3 29 604 322 
3 704 538 63 
3 369 205 538 
3 720 205 722 
3 93 538 205 
3 9 300 48 
3 722 205 300 
3 29 338 604 
3 29 150 338 
3 9 563 494 
3 9 48 563 
3 300 430 48 
3 300 9 722 
3 494 564 9 
3 5 564 703 
3 494 128 675 
3 327 5 703 
3 9 564 5 
3 451 494 563 
3 177 513 2 
3 587 128 474 
3 675 564 494 
3 587 115 128 
3 672 564 675 
3 128 451 474 
3 7 494 451 
3 128 7 451 
3 128 494 7 
3 507 70 397 
3 703 68 70 
3 68 507 397 
3 589 317 507 
3 701 518 236 
3 589 507 518 
3 107 318 129 
3 175 301 318 
3 301 750 318 
3 129 155 509 
3 236 175 318 
3 236 518 175 
3 68 485 301 
3 68 672 485 
3 389 511 773 
3 773 511 387 
3 730 750 301 
3 301 485 387 
3 24 143 26 
3 129 318 750 
3 81 129 509 
3 750 730 155 
3 81 509 310 
3 748 24 677 
3 511 730 387 
3 26 143 730 
3 481 389 773 
3 26 730 511 
3 481 198 306 
3 481 773 136 
3 306 536 513 
3 198 481 536 
3 2 136 747 
3 536 481 136 
3 136 2 513 
3 747 672 2 
3 65 295 177 
3 663 65 159 
3 2 675 115 
3 159 65 115 
3 641 295 65 
3 65 177 2 
3 295 306 177 
3 422 92 600 
3 677 26 389 
3 483 368 772 
3 368 677 92 
3 25 157 600 
3 772 422 600 
3 772 368 422 
3 483 223 347 
3 157 149 772 
3 174 394 223 
3 677 24 26 
3 24 748 143 
3 511 389 26 
3 481 306 389 
3 155 143 509 
3 155 730 143 
3 585 394 174 
3 509 143 748 
3 164 585 174 
3 161 81 310 
3 394 585 316 
3 164 610 37 
3 748 394 310 
3 223 483 174 
3 748 223 394 
3 748 677 347 
3 483 347 368 
3 223 748 347 
3 411 316 37 
3 585 164 316 
3 130 71 411 
3 737 746 310 
3 403 769 457 
3 746 161 310 
3 164 37 316 
3 749 674 37 
3 472 130 431 
3 71 316 411 
3 172 610 164 
3 596 37 610 
3 596 749 37 
3 149 483 772 
3 30 584 691 
3 626 760 149 
3 626 149 584 
3 596 610 172 
3 483 172 174 
3 483 149 172 
3 59 25 600 
3 658 584 157 
3 193 25 206 
3 193 157 25 
3 774 599 428 
3 710 157 193 
3 710 658 157 
3 361 681 665 
3 658 710 691 
3 665 555 643 
3 658 691 584 
3 583 217 491 
3 372 626 638 
3 635 674 749 
3 638 438 372 
3 30 217 438 
3 583 372 438 
3 412 674 635 
3 584 30 626 
3 30 438 638 
3 626 30 638 
3 691 484 30 
3 217 247 607 
3 665 681 496 
3 247 643 607 
3 247 665 643 
3 643 86 535 
3 643 555 86 
3 291 135 630 
3 630 535 86 
3 135 733 607 
3 535 607 643 
3 535 135 607 
3 448 267 146 
3 217 733 267 
3 733 135 146 
3 535 630 135 
3 270 388 333 
3 270 729 388 
3 388 291 333 
3 388 729 371 
3 270 169 35 
3 333 348 506 
3 388 371 448 
3 244 270 202 
3 270 35 202 
3 169 628 35 
3 244 208 431 
3 168 628 18 
3 729 270 244 
3 35 110 202 
3 448 244 674 
3 371 729 244 
3 760 583 491 
3 438 217 583 
3 372 760 626 
3 372 583 760 
3 149 635 749 
3 760 491 635 
3 491 412 635 
3 491 674 412 
3 666 456 521 
3 456 18 19 
3 78 456 19 
3 18 418 168 
3 414 684 666 
3 363 633 666 
3 262 414 521 
3 415 684 414 
3 262 415 414 
3 262 36 415 
3 169 165 19 
3 165 709 220 
3 85 165 169 
3 490 262 521 
3 333 85 298 
3 506 709 85 
3 85 709 165 
3 506 4 709 
3 348 4 506 
3 220 141 262 
3 262 141 74 
3 490 220 262 
3 709 141 220 
3 78 490 521 
3 78 165 490 
3 74 756 262 
3 475 101 761 
3 597 636 699 
3 597 104 127 
3 262 756 699 
3 98 104 173 
3 127 636 597 
3 230 289 41 
3 695 127 104 
3 101 636 127 
3 646 692 644 
3 695 104 98 
3 405 695 98 
3 323 127 695 
3 323 101 127 
3 323 761 101 
3 636 475 699 
3 761 36 475 
3 415 362 684 
3 36 477 362 
3 761 477 36 
3 328 590 364 
3 290 646 98 
3 590 465 364 
3 98 40 405 
3 241 292 364 
3 40 465 405 
3 40 644 465 
3 468 590 328 
3 465 241 364 
3 292 309 364 
3 231 623 328 
3 633 590 468 
3 477 761 590 
3 373 418 468 
3 761 465 590 
3 684 363 666 
3 477 590 633 
3 362 363 684 
3 362 477 363 
3 169 18 628 
3 456 666 418 
3 110 168 147 
3 35 628 168 
3 202 110 208 
3 35 168 110 
3 457 472 147 
3 457 737 130 
3 457 130 472 
3 737 71 130 
3 623 275 468 
3 147 168 373 
3 633 418 666 
3 633 468 418 
3 769 158 97 
3 275 623 312 
3 147 275 457 
3 373 468 275 
3 275 403 457 
3 275 158 403 
3 457 769 737 
3 1 161 746 
3 737 769 746 
3 403 158 769 
3 769 529 746 
3 769 97 529 
3 671 97 158 
3 671 668 97 
3 158 312 573 
3 117 62 671 
3 679 429 231 
3 671 429 520 
3 6 679 231 
3 294 460 376 
3 573 312 429 
3 158 275 312 
3 443 6 231 
3 762 479 294 
3 328 443 231 
3 440 648 605 
3 117 520 80 
3 117 671 520 
3 80 294 376 
3 520 6 762 
3 479 762 453 
3 294 520 762 
3 556 479 453 
3 460 294 479 
3 8 401 453 
3 64 381 401 
3 64 605 758 
3 534 762 6 
3 64 8 500 
3 453 762 8 
3 762 534 8 
3 534 443 309 
3 309 440 534 
3 500 8 534 
3 648 440 292 
3 605 500 440 
3 328 309 443 
3 292 440 309 
3 605 648 758 
3 292 241 648 
3 251 689 351 
3 268 648 689 
3 689 380 268 
3 689 251 380 
3 648 435 718 
3 268 228 435 
3 648 718 758 
3 435 228 718 
3 235 669 228 
3 64 758 669 
3 228 696 775 
3 228 268 696 
3 775 102 256 
3 775 696 102 
3 249 235 775 
3 228 775 235 
3 391 167 525 
3 167 565 381 
3 22 232 525 
3 565 43 381 
3 678 565 752 
3 391 525 232 
3 752 565 232 
3 167 381 235 
3 678 43 565 
3 32 768 381 
3 669 381 64 
3 669 235 381 
3 768 32 320 
3 381 43 32 
3 401 768 182 
3 211 678 325 
3 320 211 768 
3 678 752 325 
3 320 678 211 
3 320 43 678 
3 579 325 662 
3 768 211 325 
3 721 56 89 
3 192 287 89 
3 22 89 752 
3 22 721 89 
3 687 706 582 
3 724 763 706 
3 724 706 687 
3 632 763 724 
3 632 649 287 
3 325 287 410 
3 763 632 287 
3 706 721 582 
3 706 56 721 
3 167 249 525 
3 425 582 721 
3 655 425 249 
3 775 655 249 
3 256 272 655 
3 655 272 425 
3 256 567 261 
3 524 501 261 
3 256 102 441 
3 759 551 190 
3 567 256 551 
3 759 569 551 
3 588 567 551 
3 261 567 528 
3 187 570 501 
3 272 256 261 
3 570 272 261 
3 425 272 570 
3 544 528 593 
3 528 524 261 
3 476 593 553 
3 593 528 553 
3 553 588 569 
3 528 567 588 
3 476 346 593 
3 581 544 593 
3 210 124 476 
3 384 581 593 
3 516 342 273 
3 210 350 124 
3 421 541 755 
3 210 273 541 
3 553 516 273 
3 12 289 230 
3 476 273 210 
3 476 553 273 
3 670 615 148 
3 419 273 342 
3 569 516 553 
3 569 759 516 
3 670 759 190 
3 342 516 759 
3 256 190 551 
3 441 383 670 
3 256 441 190 
3 102 383 441 
3 696 251 383 
3 148 342 759 
3 419 251 351 
3 615 383 251 
3 383 615 670 
3 251 342 148 
3 670 148 759 
3 615 251 148 
3 351 0 116 
3 194 527 557 
3 449 194 0 
3 449 241 692 
3 644 241 465 
3 449 351 241 
3 40 646 644 
3 194 449 692 
3 98 646 40 
3 692 241 644 
3 557 527 646 
3 194 692 527 
3 557 646 290 
3 527 692 646 
3 116 189 419 
3 116 557 189 
3 0 557 116 
3 290 41 557 
3 273 767 755 
3 189 289 12 
3 755 767 12 
3 273 419 767 
3 421 755 230 
3 142 618 489 
3 476 124 346 
3 98 125 290 
3 125 331 41 
3 290 125 41 
3 173 331 125 
3 331 637 421 
3 608 109 124 
3 541 350 210 
3 124 109 384 
3 489 618 350 
3 608 539 109 
3 359 539 618 
3 350 594 124 
3 594 539 608 
3 124 594 608 
3 618 539 594 
3 350 618 594 
3 637 331 359 
3 705 544 581 
3 581 609 276 
3 276 609 754 
3 109 539 609 
3 124 384 346 
3 109 581 384 
3 581 625 705 
3 581 276 625 
3 173 359 331 
3 618 637 359 
3 142 421 637 
3 618 142 637 
3 489 421 142 
3 375 314 359 
3 756 314 597 
3 699 756 597 
3 74 284 756 
3 74 141 284 
3 709 734 141 
3 496 681 599 
3 459 400 145 
3 614 738 735 
3 738 400 688 
3 484 665 247 
3 484 361 665 
3 555 496 735 
3 555 665 496 
3 335 549 614 
3 688 555 735 
3 691 361 484 
3 424 193 206 
3 428 505 361 
3 599 681 505 
3 735 774 176 
3 599 505 428 
3 717 335 254 
3 614 400 738 
3 33 549 335 
3 145 400 614 
3 176 614 735 
3 549 145 614 
3 206 245 424 
3 395 121 717 
3 710 424 428 
3 710 193 424 
3 424 245 428 
3 254 641 395 
3 295 59 600 
3 641 206 59 
3 774 254 335 
3 254 269 641 
3 65 663 641 
3 269 254 245 
3 395 717 254 
3 206 269 245 
3 206 641 269 
3 717 33 335 
3 145 549 33 
3 711 365 444 
3 2086 1946 3157 
3 1244 3363 954 
3 3499 2035 841 
3 3320 1484 3424 
3 2911 1055 1536 
3 3032 3406 1319 
3 2196 1703 1247 
3 2445 1763 1716 
3 1156 3060 3197 
3 3454 2689 2282 
3 1060 1707 1239 
3 2764 2493 2828 
3 2502 2218 3148 
3 1568 2704 2970 
3 1869 1185 1533 
3 2747 1259 3273 
3 3311 2446 3119 
3 3168 2015 1565 
3 823 2255 1601 
3 1573 1261 1692 
3 1785 1462 1359 
3 2819 2015 2103 
3 2031 2271 3243 
3 3329 3509 1093 
3 2322 2973 1602 
3 2909 2830 2248 
3 1194 935 2727 
3 968 2833 801 
3 1467 1759 2191 
3 1404 1138 3473 
3 1934 2289 979 
3 876 2641 1759 
3 2255 823 2025 
3 2334 1997 1992 
3 1100 3338 1830 
3 2084 1663 1965 
3 2517 1372 2347 
3 914 1587 2806 
3 1482 1432 1711 
3 2096 1140 2291 
3 1503 1130 1755 
3 3324 1162 2725 
3 1567 2561 2012 
3 1470 1971 1293 
3 2125 1936 1846 
3 2254 2534 1932 
3 1864 1195 1330 
3 1352 3426 2903 
3 1495 1685 1032 
3 3256 1272 1535 
3 1286 3044 1336 
3 2502 3148 798 
3 1013 2335 2297 
3 946 1702 2298 
3 2806 3235 878 
3 1345 2001 1488 
3 2355 902 3336 
3 2085 1086 1696 
3 784 2906 1627 
3 2203 1336 1973 
3 3226 921 2047 
3 2563 3128 955 
3 899 863 2773 
3 2802 1682 3372 
3 2244 1581 3436 
3 3461 1062 1237 
3 2091 1802 2702 
3 1438 2598 1615 
3 2854 2312 2962 
3 2982 2141 2093 
3 2939 2141 1062 
3 2586 1810 1741 
3 2875 947 1587 
3 1254 1574 2940 
3 1975 2847 3030 
3 1329 786 3257 
3 3030 2880 1773 
3 1380 2926 3334 
3 1718 2088 1988 
3 2257 1101 1577 
3 1577 3175 2171 
3 797 2081 2186 
3 952 2276 1505 
3 3147 2776 1911 
3 2823 2276 1056 
3 1980 3365 2697 
3 3063 987 2696 
3 1579 2403 1452 
3 1760 3397 1133 
3 2411 2088 1600 
3 2966 2095 3480 
3 3334 1230 1380 
3 2888 3371 828 
3 3332 1545 1558 
3 2714 2487 2492 
3 2077 851 3452 
3 1976 1804 2469 
3 3346 1718 1988 
3 2031 3243 1726 
3 3418 883 2156 
3 920 1471 2568 
3 2901 1875 1036 
3 1726 1385 2031 
3 2680 2219 3064 
3 2055 2175 2207 
3 1991 1708 2317 
3 1935 3131 1975 
3 3244 851 1250 
3 2197 851 1907 
3 1018 3169 1549 
3 2077 1205 2530 
3 2975 1710 2965 
3 1083 1233 3393 
3 807 2867 3360 
3 1018 977 3131 
3 1216 2572 1746 
3 2055 3283 2175 
3 2835 1483 2657 
3 1771 1689 2495 
3 1396 3351 2146 
3 1658 3387 2009 
3 3012 1608 945 
3 1611 3108 3431 
3 3376 2886 2138 
3 1871 1353 1793 
3 3012 841 1608 
3 2035 1487 841 
3 2784 1635 2248 
3 2490 2795 2425 
3 788 3218 1320 
3 2177 1471 1643 
3 894 3112 1393 
3 2678 2027 1192 
3 2523 3027 1901 
3 2177 1643 3035 
3 2369 1267 2791 
3 2694 2009 2432 
3 1664 894 1563 
3 3247 3274 1564 
3 3058 1890 1444 
3 2824 3247 2698 
3 2698 3058 1444 
3 3058 1209 1297 
3 2212 3392 2306 
3 2262 2661 1297 
3 1513 3445 2894 
3 3481 1652 2573 
3 2738 2571 1603 
3 1960 1579 3304 
3 2331 2048 2523 
3 1435 3304 1871 
3 3107 2921 981 
3 2679 993 1803 
3 2388 3107 2478 
3 1934 979 1516 
3 1275 2590 1299 
3 3329 1547 1713 
3 1997 2334 2528 
3 2977 1434 1334 
3 2550 1889 2356 
3 1960 2778 1579 
3 1736 2808 935 
3 1320 2827 1269 
3 2083 821 1296 
3 1927 2284 2367 
3 1940 2245 3134 
3 1642 2021 1388 
3 1845 1961 1624 
3 1122 1211 909 
3 3240 1852 2997 
3 3130 798 2983 
3 1378 2291 2581 
3 972 2636 1212 
3 3145 1019 882 
3 3217 3485 992 
3 2184 990 2658 
3 1378 1893 2816 
3 2825 1057 1527 
3 1634 2596 3022 
3 2658 990 3182 
3 1256 2136 3174 
3 3217 2945 3004 
3 2269 1554 1032 
3 2144 1685 2453 
3 2082 2533 2288 
3 3120 1260 1495 
3 2640 1260 3250 
3 1433 2804 3479 
3 1032 1554 3120 
3 1639 1629 1026 
3 1926 1414 2232 
3 3391 1588 2491 
3 3469 1266 3174 
3 1748 1057 3090 
3 2137 3018 2371 
3 2106 1373 2314 
3 3502 2651 1008 
3 2535 3292 3378 
3 3386 908 1129 
3 867 1916 2301 
3 1895 2272 1859 
3 1895 2327 2535 
3 1066 3476 1235 
3 2254 1932 1196 
3 862 3097 1783 
3 1987 2546 2249 
3 3194 1094 964 
3 1189 2980 2988 
3 2400 2706 2681 
3 1006 1070 2448 
3 992 2136 3224 
3 2450 1932 2534 
3 1840 1551 2780 
3 903 2724 1345 
3 800 3194 2643 
3 1156 3197 2837 
3 1160 1187 964 
3 1187 2643 3194 
3 1166 2370 996 
3 1683 808 1144 
3 1805 942 1391 
3 1189 1482 3051 
3 1915 2807 1780 
3 1427 3475 1145 
3 2859 3139 2660 
3 2783 1830 3338 
3 1454 3061 3146 
3 1403 3338 1280 
3 3104 1956 1129 
3 1815 2693 3302 
3 2358 1379 1270 
3 3321 2709 2594 
3 1631 2471 1430 
3 2319 2039 1420 
3 2631 2345 2025 
3 1252 2356 1005 
3 1252 1606 2356 
3 1954 2181 1430 
3 2735 1589 2608 
3 1475 3048 1948 
3 1501 1383 1822 
3 1947 2668 3252 
3 3168 2131 1946 
3 1101 3175 1577 
3 2582 2240 3286 
3 1249 2373 3488 
3 1451 2020 1866 
3 3280 1337 1561 
3 891 2020 1046 
3 1534 2710 1323 
3 3176 1675 1489 
3 1497 1217 1696 
3 2462 1761 1451 
3 3497 2253 2166 
3 2913 1761 3318 
3 900 1284 1620 
3 1657 1364 1993 
3 3364 1597 1415 
3 2797 1151 2772 
3 2294 2123 1479 
3 3159 3127 3490 
3 1178 1604 2338 
3 1178 2392 1604 
3 2692 1604 2392 
3 2392 1572 2692 
3 1541 2214 2481 
3 1007 2214 2597 
3 1337 3280 2866 
3 1526 2987 1063 
3 2692 1572 3384 
3 2364 1504 2963 
3 1649 2242 2260 
3 1316 1086 2085 
3 2355 1905 902 
3 3114 2782 1316 
3 2691 2333 1305 
3 2934 2725 2552 
3 2378 3002 3463 
3 1224 1478 1902 
3 2164 934 3212 
3 1413 1838 2761 
3 1286 2316 832 
3 2853 832 2413 
3 2101 3439 3361 
3 1368 2664 816 
3 3125 1810 1599 
3 1159 2986 2881 
3 2920 2603 2310 
3 1387 2265 2732 
3 1919 3507 1019 
3 2127 959 3440 
3 2133 2366 2548 
3 2235 1461 1728 
3 3135 1283 2407 
3 2875 1970 947 
3 3068 1852 1824 
3 2185 1521 2360 
3 2499 1024 2226 
3 3020 2893 2063 
3 3235 1735 878 
3 2464 1126 1560 
3 1610 3082 1797 
3 2438 1332 2946 
3 2796 2547 3185 
3 1131 1048 1276 
3 816 2599 1368 
3 1533 1185 1697 
3 1832 1463 2468 
3 916 3238 3271 
3 1531 1108 3308 
3 2998 877 2402 
3 1186 3095 2472 
3 1157 2676 2717 
3 2472 2840 1700 
3 1422 916 2281 
3 3212 3362 2164 
3 2229 2211 2765 
3 2313 3227 1929 
3 1677 777 1682 
3 1098 1788 3354 
3 1877 3384 1572 
3 886 2948 2971 
3 2294 1752 2123 
3 2120 1802 3099 
3 1697 885 1533 
3 3356 3075 1528 
3 3461 1891 1062 
3 3151 1262 3150 
3 1201 2372 2270 
3 2305 3095 3165 
3 1733 1858 2522 
3 2013 2189 2202 
3 2166 2253 1273 
3 2115 1791 3487 
3 2970 3240 2006 
3 1254 2940 2097 
3 1238 2407 3367 
3 2470 1989 957 
3 2774 3068 1633 
3 3182 909 2658 
3 2940 1852 2704 
3 1670 2940 2704 
3 3223 2514 1920 
3 1409 2601 1071 
3 2411 2357 824 
3 2118 1014 952 
3 2556 879 3450 
3 2743 1071 1719 
3 3403 797 2186 
3 1480 997 3161 
3 1836 3268 2926 
3 943 3257 3033 
3 2095 1230 3424 
3 1380 919 1545 
3 1004 2775 2696 
3 3424 1230 2775 
3 1480 3403 997 
3 3320 3424 2775 
3 2616 3205 1912 
3 1480 3161 2776 
3 1214 2081 1607 
3 3423 2109 1014 
3 1607 2081 797 
3 2846 3175 1056 
3 1990 797 2668 
3 797 3252 2668 
3 2743 1719 2578 
3 2023 2079 2614 
3 2557 2151 2023 
3 2023 2614 2557 
3 2094 797 2614 
3 1585 2526 1522 
3 2094 2614 2079 
3 2819 2103 1835 
3 2876 1585 1214 
3 1408 1592 1522 
3 1753 1214 2587 
3 2384 2376 3021 
3 1607 797 2094 
3 3406 2518 1319 
3 1966 1570 1139 
3 2208 1796 1501 
3 1585 3021 1112 
3 1948 3157 1946 
3 1435 1322 1960 
3 1177 2735 3181 
3 1510 1946 1630 
3 3304 2551 1871 
3 1793 2933 1825 
3 1630 1981 2070 
3 2474 1951 1208 
3 1596 3187 3199 
3 2273 2778 1960 
3 2237 3380 1705 
3 1516 979 1868 
3 3380 3042 1705 
3 2687 2319 1868 
3 2273 1960 1322 
3 2273 1803 1069 
3 2769 2921 1514 
3 2551 2070 1871 
3 2403 2261 1452 
3 1977 2858 2590 
3 2403 1758 3298 
3 979 2289 1868 
3 3267 1252 1622 
3 1889 2536 1005 
3 3116 2262 2972 
3 1393 1206 1851 
3 925 2262 2238 
3 2858 3211 2289 
3 1652 1275 2155 
3 1402 1245 2018 
3 1452 981 2921 
3 3027 1314 2571 
3 2219 1570 1514 
3 3243 2497 1726 
3 2279 2573 2155 
3 1091 2155 1851 
3 1571 813 2964 
3 813 1570 2697 
3 1912 3205 1524 
3 2964 2697 3365 
3 2376 1789 896 
3 2124 1511 1247 
3 2124 2944 3149 
3 3149 1524 2124 
3 2485 2966 3460 
3 1703 2944 1247 
3 2410 2363 2845 
3 3313 1847 3365 
3 1380 1230 2492 
3 2714 2492 1230 
3 1295 2888 1545 
3 1991 2317 2880 
3 1304 2410 2845 
3 1443 3154 1261 
3 1603 2279 2018 
3 2369 1385 1726 
3 1584 2460 2430 
3 1315 2435 915 
3 2497 1594 2331 
3 2435 2042 1247 
3 905 2042 2730 
3 1594 2497 3243 
3 853 2343 1883 
3 2188 1883 1393 
3 2279 1091 2018 
3 1275 1652 3481 
3 1206 1245 1851 
3 1851 994 1563 
3 1563 894 1393 
3 2188 3335 853 
3 1826 2343 2303 
3 2188 1393 3112 
3 2343 2673 1883 
3 1206 1393 1883 
3 3027 1955 1040 
3 2279 3107 2573 
3 1115 929 1643 
3 929 1955 2738 
3 1232 2139 1714 
3 2936 2673 2343 
3 1715 1513 2343 
3 3035 2936 3457 
3 3409 1000 2973 
3 1658 2540 858 
3 2393 2907 2894 
3 1715 3445 1513 
3 1714 2568 1694 
3 920 2695 1952 
3 1952 1115 920 
3 2936 3035 1643 
3 1115 3494 3355 
3 929 1115 1040 
3 1643 920 1115 
3 2146 2031 1385 
3 1396 2433 2455 
3 1584 3039 3219 
3 3283 2055 3388 
3 826 2850 1706 
3 2222 2048 3017 
3 3039 826 1105 
3 1706 2850 1119 
3 2958 1359 2308 
3 2750 2880 2317 
3 2880 2788 1773 
3 3043 3169 1935 
3 2197 3452 851 
3 1983 1982 1831 
3 1558 1848 1459 
3 3244 1250 3030 
3 1708 1991 3493 
3 3332 1380 1545 
3 1848 907 1978 
3 1545 1848 1558 
3 1545 919 1295 
3 919 1380 2492 
3 1983 1831 3346 
3 1078 3344 1380 
3 2926 1380 3344 
3 1836 3306 1439 
3 1799 3344 3306 
3 2411 1836 2088 
3 2924 3344 1078 
3 1988 1983 3346 
3 2924 3306 3344 
3 1831 1982 3332 
3 1983 1439 2924 
3 851 1710 2340 
3 1718 3038 2088 
3 1976 2469 837 
3 1083 1018 1233 
3 1794 2329 973 
3 2984 1052 2981 
3 857 2867 807 
3 805 2785 2102 
3 2200 805 2929 
3 2929 1012 2104 
3 1794 2200 2104 
3 1483 2835 2958 
3 2821 3203 1312 
3 1324 2461 2835 
3 1462 3449 2427 
3 3458 1573 2308 
3 3010 1770 857 
3 1774 3278 1646 
3 1517 2657 1483 
3 857 1770 2549 
3 2574 2278 1963 
3 1894 3418 1770 
3 2549 2867 857 
3 1496 857 3152 
3 973 3010 857 
3 2433 2989 2455 
3 2800 1553 2027 
3 1553 2818 2455 
3 3300 2695 2027 
3 1192 2139 1232 
3 2695 3300 1952 
3 1232 1714 3389 
3 2153 2177 2343 
3 2073 3426 1352 
3 1961 1845 2038 
3 2903 793 2110 
3 2577 1172 1624 
3 3012 945 1172 
3 1274 2067 2038 
3 2737 1494 3274 
3 3387 2126 2009 
3 2824 2054 3247 
3 1494 2973 3387 
3 2210 1154 2525 
3 2210 1444 1890 
3 3216 3191 1635 
3 2054 2824 2525 
3 2824 2210 2525 
3 1890 3385 2116 
3 2974 1041 2490 
3 1154 2210 1890 
3 2262 3214 2972 
3 2694 1209 2540 
3 1320 2425 1591 
3 1635 3191 2425 
3 2795 1092 1346 
3 2425 2795 1591 
3 2830 1819 1114 
3 2588 1819 2830 
3 3431 3134 2245 
3 2684 2326 3218 
3 1339 1114 1819 
3 3094 2230 2248 
3 2035 1339 1487 
3 3363 945 1301 
3 3094 1114 1339 
3 1624 1172 2792 
3 2577 3012 1172 
3 1027 2558 2977 
3 1487 2163 841 
3 954 2114 1244 
3 3363 2128 945 
3 2269 1999 1609 
3 2707 2114 821 
3 1477 2747 2288 
3 1296 2114 954 
3 3237 3314 2993 
3 1940 3134 893 
3 2884 1424 2747 
3 2152 1611 2245 
3 1940 2993 2245 
3 1487 1301 2163 
3 3329 1341 3509 
3 1622 3101 1219 
3 802 3472 1124 
3 1092 1341 1346 
3 3385 1023 2795 
3 1637 3509 1092 
3 884 962 3046 
3 1124 1093 1637 
3 1318 1934 1516 
3 884 1010 962 
3 1637 802 1124 
3 3376 2238 962 
3 1124 3496 1547 
3 3509 1637 1093 
3 935 2808 2727 
3 1736 2533 2082 
3 3101 1622 1801 
3 2618 2960 1194 
3 3267 3456 1252 
3 2405 795 1801 
3 1596 790 3187 
3 3132 930 3422 
3 1530 1321 3170 
3 2848 1631 866 
3 1737 1194 2960 
3 2727 2870 1331 
3 1737 935 1194 
3 2330 1727 935 
3 809 1016 849 
3 948 1936 2012 
3 2960 2618 1743 
3 1736 2480 2533 
3 1727 1736 935 
3 2533 3464 2288 
3 1477 2288 3464 
3 3314 953 2993 
3 1898 1127 2686 
3 1296 821 2114 
3 2341 1300 3183 
3 1174 3034 1193 
3 3183 3250 1506 
3 2341 1253 1202 
3 1685 1495 781 
3 1685 791 1032 
3 1639 1026 791 
3 3083 2504 2269 
3 869 2610 3469 
3 2560 1854 2861 
3 2504 2805 2700 
3 1843 2110 793 
3 1720 2073 2350 
3 2833 2805 3288 
3 2098 1926 3288 
3 2900 2896 2439 
3 2110 1843 3288 
3 2560 793 2605 
3 1843 2833 3288 
3 2833 968 2700 
3 1193 3034 988 
3 1999 2700 968 
3 1296 3201 2083 
3 3201 1506 2236 
3 2367 1552 3210 
3 1552 2114 2707 
3 2228 2967 1854 
3 1173 3195 2064 
3 2078 3258 2377 
3 801 2560 968 
3 2377 3426 1720 
3 2377 793 3426 
3 2896 2903 2439 
3 3426 793 2903 
3 1228 1559 3022 
3 3473 1138 2224 
3 1559 1308 1867 
3 2690 1079 2521 
3 3233 3223 1920 
3 3138 2665 1325 
3 1661 1228 2665 
3 1559 1228 1661 
3 1111 2387 2820 
3 1015 2387 1111 
3 1634 3022 2459 
3 1918 1123 2899 
3 3473 3018 2406 
3 1123 1918 3140 
3 3195 2954 2064 
3 2851 2137 1425 
3 3195 2501 2954 
3 2945 2137 3451 
3 1038 3195 3451 
3 2459 1559 2224 
3 1122 2457 1211 
3 2521 1079 2983 
3 1634 2459 2224 
3 2087 2992 812 
3 2806 947 3235 
3 1243 947 1970 
3 2806 1587 947 
3 3182 2820 909 
3 2916 798 3130 
3 3142 1666 2121 
3 2293 1817 2113 
3 3301 2994 2681 
3 3277 1074 1361 
3 3222 2476 1654 
3 972 1212 1855 
3 1357 1343 1855 
3 3020 2063 1031 
3 2636 873 3143 
3 3277 1361 3222 
3 995 3373 1648 
3 1345 2724 2001 
3 1013 1546 2335 
3 3421 873 1654 
3 2419 1544 1358 
3 2752 2428 2304 
3 1648 3373 2335 
3 2297 1358 2391 
3 2419 1910 1544 
3 2011 2400 3407 
3 1103 2476 2739 
3 897 3113 1751 
3 2180 3379 2286 
3 2121 3241 3207 
3 2925 1378 3407 
3 956 2342 928 
3 3142 2925 3407 
3 1893 2898 1548 
3 3239 2508 1755 
3 2043 1152 1687 
3 1653 1783 1519 
3 2508 3401 3142 
3 2096 2291 3401 
3 2581 1257 1397 
3 1503 1755 3495 
3 3241 1527 3207 
3 2623 1082 2129 
3 2137 2851 2457 
3 917 897 1082 
3 2825 3102 1090 
3 872 2176 2293 
3 990 2184 3333 
3 3451 2158 2443 
3 1211 1751 2658 
3 3473 2406 1404 
3 3018 2137 3427 
3 3013 956 2002 
3 1211 2658 909 
3 3090 1425 2491 
3 2002 1211 2851 
3 1588 1110 2491 
3 1892 3485 3217 
3 3343 2607 2877 
3 1527 1057 1748 
3 912 1087 3163 
3 3241 2129 1527 
3 1986 3174 2136 
3 2953 2539 3026 
3 2157 1256 3174 
3 3224 2136 1256 
3 2872 3469 3174 
3 3391 992 912 
3 2610 1022 1925 
3 1425 3217 2491 
3 1400 1061 1887 
3 2947 1613 3343 
3 2144 1639 791 
3 1685 781 2453 
3 1846 1887 1142 
3 1790 781 2686 
3 1857 2632 843 
3 1878 1957 1896 
3 1882 1433 2505 
3 1310 1639 1400 
3 1665 3479 1792 
3 2106 1763 3378 
3 1618 3269 1165 
3 3026 2539 1272 
3 1665 2505 1433 
3 924 2314 2941 
3 2272 2943 868 
3 3122 1763 2445 
3 3220 1745 3123 
3 2249 1180 1969 
3 1859 3066 2629 
3 2301 1017 1466 
3 868 2561 2056 
3 1745 2604 3316 
3 2895 3412 825 
3 1566 2624 1711 
3 1410 1456 1711 
3 2914 825 2249 
3 3328 836 1932 
3 3232 2314 1373 
3 3232 3383 2314 
3 1196 3232 1456 
3 834 1279 2931 
3 2106 3292 3358 
3 971 3081 936 
3 3269 1618 3189 
3 2121 3207 1578 
3 3163 3370 912 
3 1223 1006 1985 
3 1613 2947 1087 
3 2450 1223 3328 
3 3495 3272 1503 
3 1196 2674 3501 
3 3029 2019 1578 
3 2915 838 3014 
3 1155 1807 2446 
3 1908 1783 1653 
3 1807 806 1519 
3 1908 3014 2763 
3 2515 838 2254 
3 2280 3232 1196 
3 1235 3476 2249 
3 3056 2515 2554 
3 2674 1432 1995 
3 1196 1456 1410 
3 1066 2324 3476 
3 3501 2254 1196 
3 838 2318 2534 
3 3051 2624 2546 
3 1456 1373 1066 
3 1235 2249 2546 
3 825 938 2895 
3 2895 3410 1180 
3 1987 2705 2546 
3 1833 2546 2705 
3 3446 2192 2705 
3 2624 1235 2546 
3 1482 1711 3051 
3 1432 1410 1711 
3 2790 860 1432 
3 2829 2763 3014 
3 845 2625 1187 
3 862 2004 845 
3 1704 2798 2300 
3 2215 2179 1464 
3 3337 2204 991 
3 2004 2625 845 
3 2585 2721 3086 
3 3097 1160 1191 
3 1140 2454 1257 
3 1187 3194 964 
3 1962 2625 1113 
3 3097 1191 1783 
3 964 1094 1191 
3 1962 2643 1187 
3 1161 2075 2507 
3 1893 1688 1544 
3 3208 2454 1161 
3 2902 1923 918 
3 3265 1933 2061 
3 1327 3197 3060 
3 1282 2643 2837 
3 1749 965 2024 
3 961 2204 1636 
3 800 1886 1507 
3 1391 3060 1805 
3 808 991 2368 
3 2391 2752 2297 
3 2361 1395 2143 
3 3440 959 2074 
3 2304 2361 1013 
3 2143 2555 2133 
3 2297 2752 1013 
3 2194 1933 1445 
3 966 2359 2231 
3 1641 951 2378 
3 3172 2206 996 
3 2266 2251 2274 
3 3463 3002 2399 
3 2201 1464 2179 
3 3337 1749 2670 
3 1827 2201 2807 
3 3377 1033 951 
3 2807 2201 1780 
3 2300 804 1704 
3 1917 1033 1263 
3 2415 2274 2080 
3 2370 854 1979 
3 2195 3414 1979 
3 1915 3327 2205 
3 1179 1363 3297 
3 2223 2494 1132 
3 3381 2891 2182 
3 2148 2628 2709 
3 1830 1508 1362 
3 2513 2528 2649 
3 2334 3098 2528 
3 2046 908 1278 
3 1862 1997 2528 
3 2223 2172 2720 
3 904 1971 2811 
3 2904 1466 1363 
3 1129 908 2660 
3 2072 2301 1466 
3 2346 1956 3297 
3 867 3349 1916 
3 3104 1129 3139 
3 1956 3386 1129 
3 1053 3302 780 
3 1215 2125 3291 
3 1878 2756 1278 
3 1823 2859 1865 
3 2660 908 2046 
3 2859 2660 2323 
3 1053 780 2891 
3 2891 1930 1053 
3 2193 1367 2613 
3 2323 2046 2693 
3 780 2182 2891 
3 3453 2634 2662 
3 1278 908 3502 
3 2193 1016 1231 
3 3453 1142 1887 
3 1727 2600 1532 
3 2358 2908 1814 
3 2480 1727 1467 
3 1379 1467 1532 
3 3024 1814 2621 
3 2613 3471 1619 
3 1530 2181 1954 
3 1631 2345 866 
3 1530 3166 2181 
3 3353 2803 3166 
3 2891 2848 1943 
3 2803 2181 3166 
3 2345 2631 2671 
3 2793 2891 1943 
3 1136 1280 2584 
3 3404 2307 1107 
3 3133 2649 871 
3 2025 1904 2255 
3 2237 3072 3380 
3 823 2713 2594 
3 1530 3170 2961 
3 1904 2345 3353 
3 2199 2190 1116 
3 2022 1107 2339 
3 2190 3474 1116 
3 1946 1510 3168 
3 2131 1680 2100 
3 2145 833 3144 
3 2131 2100 3503 
3 3157 1948 3048 
3 3037 1429 2420 
3 2396 1638 2401 
3 1849 3070 1291 
3 2105 1264 1106 
3 1353 3395 2933 
3 2339 1669 1828 
3 2444 1198 1850 
3 1775 3270 2149 
3 794 2569 1429 
3 2498 1663 3321 
3 2783 1508 1830 
3 794 2217 2569 
3 1828 1669 794 
3 2307 3404 1428 
3 2209 1001 1431 
3 1809 3408 3105 
3 2416 3430 2045 
3 2233 2587 1146 
3 1390 2094 1146 
3 2449 1809 2609 
3 3309 2864 2145 
3 2609 1809 3105 
3 2609 2149 3146 
3 2749 1680 1903 
3 2815 3498 2149 
3 1565 1303 1177 
3 2416 2045 2754 
3 2285 3293 2735 
3 1501 3062 1383 
3 3486 2608 3062 
3 1589 3293 1822 
3 2565 2049 1251 
3 2134 2598 3506 
3 1417 2991 1953 
3 2417 3221 1950 
3 2117 3488 2373 
3 2580 1724 2258 
3 1489 1675 2987 
3 2755 1065 3111 
3 2389 1064 922 
3 2541 2722 1064 
3 1900 3510 1415 
3 910 1798 3364 
3 2839 3290 3315 
3 1597 2246 1415 
3 839 818 3413 
3 1900 1620 3317 
3 839 3413 2246 
3 3413 1009 969 
3 891 1046 2390 
3 2467 2296 817 
3 900 1620 1861 
3 1167 3510 2538 
3 3213 1441 1436 
3 1273 1738 1436 
3 910 3364 2538 
3 1441 783 1436 
3 1063 2017 1526 
3 1184 1436 783 
3 1526 3249 2987 
3 3176 3111 1065 
3 1944 1583 1371 
3 1504 1874 2963 
3 817 2020 1451 
3 1389 1772 1474 
3 3368 2862 2290 
3 2691 3455 3084 
3 2290 3067 1305 
3 1337 2167 1998 
3 3053 1451 1389 
3 2770 1512 3092 
3 3078 3176 1489 
3 3078 3053 3176 
3 3325 1526 1441 
3 1046 2020 817 
3 3249 3078 1489 
3 2736 817 3053 
3 3415 2854 2268 
3 1364 1866 2020 
3 865 2939 2312 
3 1372 2311 1405 
3 2938 2622 1062 
3 1691 2838 1811 
3 1502 1500 1542 
3 2633 2962 3156 
3 3089 2838 1747 
3 3156 2962 1660 
3 2962 2312 1811 
3 1178 1572 2392 
3 3008 3009 2744 
3 2161 1044 3400 
3 1721 3110 2053 
3 3099 1581 2647 
3 3340 2772 1542 
3 3089 1047 1342 
3 1747 3295 2437 
3 3400 3040 3347 
3 880 2883 2493 
3 3040 3255 3347 
3 3099 2828 2883 
3 2320 1942 1002 
3 2878 1222 1151 
3 1972 1298 1002 
3 2597 2760 1222 
3 3159 1972 3127 
3 1945 3280 2481 
3 2481 3280 1541 
3 3394 2719 3100 
3 1695 852 934 
3 1401 2076 1234 
3 2382 1068 931 
3 2434 3184 941 
3 1288 934 2167 
3 2866 3280 1695 
3 1401 3361 2076 
3 934 852 1598 
3 852 2404 1598 
3 3394 2928 1182 
3 1099 2216 859 
3 3198 2589 2691 
3 1682 2008 1469 
3 3454 1672 2689 
3 1902 1377 3462 
3 2892 3073 2302 
3 3462 3229 1672 
3 2071 2968 1333 
3 2071 2689 3229 
3 1649 3084 2242 
3 3361 1717 2076 
3 3455 2589 2996 
3 2164 1067 1998 
3 1717 3455 2996 
3 2412 2325 2408 
3 1360 2644 1384 
3 3368 1534 1874 
3 2333 2691 1534 
3 2287 1335 2408 
3 3202 1360 2849 
3 2849 2032 1679 
3 2050 3506 2032 
3 3326 1679 2598 
3 2032 2598 1679 
3 2644 1360 1881 
3 1384 1707 3052 
3 1360 1384 2032 
3 3281 3229 3462 
3 3506 2240 2134 
3 2071 1333 1575 
3 2032 3506 2598 
3 3052 1707 1556 
3 3234 3326 1438 
3 985 2134 3193 
3 1413 1386 779 
3 2441 2761 1838 
3 779 2134 1994 
3 2441 1838 2225 
3 2761 1386 1413 
3 1979 2251 2370 
3 937 1226 3266 
3 2134 779 3193 
3 937 3266 2853 
3 2582 975 3443 
3 2935 3506 3052 
3 2582 3286 975 
3 3052 2050 1384 
3 3443 1226 937 
3 2309 1333 2968 
3 1840 3118 1551 
3 2934 940 2725 
3 1820 2112 1550 
3 2937 2206 2274 
3 1820 1392 2667 
3 2173 2251 1979 
3 2853 2426 832 
3 1387 2732 1905 
3 2780 2442 960 
3 1551 3117 2074 
3 2361 1820 2646 
3 2361 2112 1820 
3 1045 1880 1576 
3 3440 2074 1625 
3 1885 1509 3261 
3 902 1905 2732 
3 2855 2728 2316 
3 1625 2074 1039 
3 3266 2426 2853 
3 1039 2074 3117 
3 3044 1286 2010 
3 2316 3126 2855 
3 1336 3372 2919 
3 2802 1902 1478 
3 1401 2519 2066 
3 933 1973 859 
3 1481 1876 3294 
3 1525 887 3394 
3 1659 2928 3394 
3 2108 1077 1213 
3 1290 2379 933 
3 2066 2216 1401 
3 2328 1769 1290 
3 2226 1880 1045 
3 1690 2503 1880 
3 1460 2999 3276 
3 2659 864 3196 
3 1421 1197 1928 
3 1876 1481 2418 
3 3428 2928 1659 
3 1159 1610 2986 
3 1126 1221 3006 
3 2986 1460 3276 
3 1340 1876 1560 
3 2881 2986 1728 
3 2653 1690 1880 
3 1490 3082 3484 
3 2603 1034 2310 
3 827 1348 2298 
3 1490 1134 3082 
3 1159 2496 827 
3 1490 2447 1134 
3 2355 1134 2447 
3 1797 2603 2920 
3 3507 1919 881 
3 1309 2366 2355 
3 2143 3482 2555 
3 3260 2932 3124 
3 2099 881 1348 
3 1968 946 2298 
3 2630 2995 1195 
3 1488 1309 3071 
3 3366 2456 1095 
3 1195 3145 882 
3 3444 3289 2488 
3 882 1019 1816 
3 1888 2946 2787 
3 2496 1348 827 
3 2060 2488 3289 
3 3028 1810 2380 
3 882 1330 1195 
3 3444 1095 2456 
3 1031 2063 1870 
3 3289 3284 3028 
3 2630 2905 1884 
3 2905 2488 2060 
3 2360 1599 1888 
3 1810 2586 1599 
3 2380 1265 1238 
3 1442 1599 983 
3 1242 2395 1562 
3 2799 2407 1238 
3 2871 3487 1732 
3 847 1599 2360 
3 2865 2360 1888 
3 1521 847 2360 
3 2586 1888 1599 
3 2787 2865 1888 
3 2917 2211 2229 
3 2321 1457 3011 
3 2659 3196 3206 
3 3276 2235 1728 
3 2871 1732 3153 
3 2185 2360 2865 
3 2034 2229 1399 
3 898 2332 2765 
3 1399 2765 2332 
3 2169 898 2765 
3 2659 3206 1399 
3 1128 3005 2786 
3 1236 3263 1832 
3 3303 1197 2477 
3 1472 3263 2239 
3 898 1076 2796 
3 2946 2321 3011 
3 3080 2712 1076 
3 2211 2917 2712 
3 1560 814 2464 
3 2887 3350 1011 
3 3011 2787 2946 
3 1381 963 2235 
3 2777 1221 2887 
3 2475 1176 1168 
3 3350 2887 3303 
3 1197 2422 2477 
3 1248 2648 2170 
3 3359 3087 1929 
3 2475 2957 1176 
3 2786 1779 3425 
3 1779 2786 1168 
3 2140 2559 1306 
3 1538 2786 3425 
3 1463 1276 3238 
3 1832 2758 3425 
3 1784 1128 1538 
3 3231 2353 1128 
3 1538 3425 1784 
3 1258 1128 1784 
3 3231 3180 2353 
3 1258 1472 3231 
3 2140 2648 2559 
3 3155 864 1218 
3 2315 980 3405 
3 1768 1368 1171 
3 1258 1784 2758 
3 2773 1686 2701 
3 1700 1959 3003 
3 3003 1035 811 
3 2595 3167 1422 
3 1394 2591 1697 
3 1463 3238 1246 
3 1463 1131 1276 
3 1276 2281 3271 
3 3264 1168 2281 
3 2522 1858 2348 
3 3096 1757 3390 
3 3228 3331 3342 
3 3173 3312 1213 
3 2348 1201 3049 
3 3438 3065 2270 
3 1394 3049 1201 
3 1697 2591 3165 
3 1744 2510 2259 
3 799 1593 2398 
3 3492 2542 3282 
3 2615 1869 3492 
3 2431 1924 2466 
3 2567 1813 1590 
3 1277 3110 2036 
3 1350 1922 819 
3 2386 2843 2702 
3 2510 1744 2906 
3 3442 2635 2869 
3 2243 3282 2542 
3 2703 2762 1531 
3 2762 2717 1531 
3 916 1246 3238 
3 3308 2344 1213 
3 852 1241 2150 
3 3308 1108 2344 
3 3428 1182 2928 
3 3489 3227 3254 
3 1540 1326 2723 
3 3382 1659 3394 
3 3227 3489 3354 
3 2150 2014 3254 
3 1326 1096 1582 
3 822 2922 2567 
3 2638 1913 3312 
3 2638 3312 3173 
3 2299 3466 1007 
3 2843 1229 2948 
3 2320 1964 1942 
3 2108 1873 1077 
3 2299 3490 3322 
3 2866 1695 934 
3 3399 1200 2524 
3 3382 2404 1659 
3 852 2150 2404 
3 2250 3490 3478 
3 2751 1873 1098 
3 3127 3136 2874 
3 2874 1964 3478 
3 1795 1837 1163 
3 932 1418 2161 
3 1287 1972 3159 
3 3109 1906 2385 
3 1002 1298 1344 
3 1972 1287 944 
3 1913 2563 3041 
3 1344 1298 2385 
3 2431 2466 1328 
3 2869 2635 3192 
3 2948 2702 2843 
3 1163 820 2091 
3 3019 799 3436 
3 2771 1328 2053 
3 3255 2828 3099 
3 1581 3110 2647 
3 2247 3150 3295 
3 2059 1262 1473 
3 3019 2059 2111 
3 3436 799 2771 
3 3019 2111 799 
3 2748 3435 3438 
3 2781 3096 1725 
3 782 1757 3096 
3 3390 1473 3096 
3 1617 2270 3065 
3 2781 1029 3438 
3 2270 2013 1201 
3 1201 2013 1394 
3 2348 2372 1201 
3 2348 2998 2372 
3 1651 2655 3007 
3 1651 2189 2655 
3 1447 1369 2840 
3 2013 2270 1617 
3 1853 2655 3065 
3 3164 3065 1029 
3 3007 2655 2746 
3 1399 2229 2765 
3 3153 1732 1521 
3 3487 1791 1732 
3 2115 998 1791 
3 2473 998 2115 
3 3047 1670 1568 
3 3047 1568 1183 
3 2097 2940 1670 
3 1852 3240 2970 
3 1670 2704 1568 
3 1920 2514 2690 
3 957 1486 2940 
3 2277 1852 2940 
3 1574 957 2940 
3 1486 2566 2277 
3 1486 2277 2940 
3 1486 1989 2566 
3 2470 2107 1989 
3 1616 3055 2218 
3 3398 2990 2470 
3 1989 1486 957 
3 2990 2479 2107 
3 2479 2087 2107 
3 1574 2470 957 
3 1574 3398 2470 
3 2087 2479 2992 
3 1302 812 2992 
3 1989 2107 2087 
3 2218 2675 1616 
3 2992 2521 3148 
3 2502 798 3074 
3 2983 1079 2868 
3 1015 2916 1634 
3 1111 3074 2916 
3 3148 2983 798 
3 3148 2521 2983 
3 2479 2690 2992 
3 2992 2690 2521 
3 3130 2596 2916 
3 2514 3223 3022 
3 2868 3130 2983 
3 2514 3022 3130 
3 2690 2868 1079 
3 2514 3130 2868 
3 2514 2868 2690 
3 2479 2990 2690 
3 2107 2470 2990 
3 3130 3022 2596 
3 3223 1228 3022 
3 1228 3223 3233 
3 2601 2109 3423 
3 2978 3423 1014 
3 2109 2276 1014 
3 952 1014 2276 
3 1485 2978 1014 
3 2109 2003 2276 
3 2846 2171 3175 
3 952 1505 943 
3 2276 2823 1505 
3 1485 3411 2685 
3 1485 1014 3411 
3 3411 1014 2118 
3 1804 1329 2469 
3 3033 952 943 
3 3257 3038 2469 
3 3257 1600 3038 
3 2975 2965 3402 
3 2469 3038 837 
3 943 1600 3257 
3 2088 3038 1600 
3 2823 2357 1505 
3 2357 2411 943 
3 1505 2357 943 
3 1537 2776 2863 
3 2823 2814 2357 
3 2696 3077 1836 
3 1836 2411 824 
3 1600 943 2411 
3 2975 1718 3346 
3 837 3038 1718 
3 1836 1988 2088 
3 1439 1983 1988 
3 2696 1836 824 
3 1439 1988 1836 
3 3063 2696 824 
3 3077 3268 1836 
3 2357 2814 824 
3 987 1004 2696 
3 2814 1537 3063 
3 2863 1004 987 
3 3063 1537 987 
3 3299 1911 1537 
3 824 2814 3063 
3 2823 3299 2814 
3 2814 3299 1537 
3 2823 1056 3299 
3 1537 1911 2776 
3 3299 1056 1101 
3 2776 2257 1480 
3 1911 3299 1101 
3 2257 3147 1911 
3 2257 2776 3147 
3 1911 1101 2257 
3 1056 3175 1101 
3 1480 1577 3252 
3 1480 2257 1577 
3 1947 2171 2846 
3 3252 1577 2171 
3 2846 3115 1947 
3 2003 1409 3115 
3 2668 1947 3115 
3 3252 2171 1947 
3 2003 2846 1056 
3 2003 3115 2846 
3 2276 2003 1056 
3 2109 1409 2003 
3 3423 3419 2601 
3 2601 3162 1071 
3 2685 2978 1485 
3 2578 2556 1777 
3 2482 2978 2685 
3 2482 2362 3450 
3 2978 3419 3423 
3 2978 2482 879 
3 2109 2601 1409 
3 2151 2578 2065 
3 3115 1409 1071 
3 2601 3419 2556 
3 3115 1071 2668 
3 3162 1719 1071 
3 2601 2556 3162 
3 1777 2362 3296 
3 3419 879 2556 
3 3419 2978 879 
3 2556 3450 1777 
3 879 2482 3450 
3 3031 1042 2065 
3 2336 2151 1042 
3 2065 1777 1376 
3 3450 2362 1777 
3 2151 3434 2578 
3 3162 2556 1719 
3 2556 2578 1719 
3 1777 2065 2578 
3 3434 2743 2578 
3 3434 1071 2743 
3 2336 1146 2079 
3 2079 1146 2094 
3 2557 3434 2151 
3 2668 1071 3434 
3 797 1990 2557 
3 2668 3434 1990 
3 797 2557 2614 
3 1990 3434 2557 
3 2151 2336 2023 
3 2876 1605 2045 
3 2023 2336 2079 
3 2049 2754 2857 
3 2065 1042 2151 
3 1146 2587 1390 
3 2857 1753 2587 
3 1214 1607 2587 
3 3486 1585 2045 
3 1585 1522 3021 
3 2876 1214 1753 
3 2669 896 3161 
3 1112 2365 2186 
3 3403 1480 3252 
3 1390 1607 2094 
3 1390 2587 1607 
3 2365 2669 2186 
3 2069 3480 1374 
3 797 3403 3252 
3 2186 997 3403 
3 2669 997 2186 
3 3161 2543 2863 
3 2669 3161 997 
3 2069 1374 2873 
3 2081 1112 2186 
3 3021 1592 2384 
3 1214 1112 2081 
3 3021 2669 2365 
3 1585 1112 1214 
3 3021 2365 1112 
3 1408 2384 1592 
3 2376 2669 3021 
3 1789 2376 2384 
3 896 2669 2376 
3 1912 1789 2208 
3 1912 896 1789 
3 2616 1912 2103 
3 1789 2384 2208 
3 2103 1912 2208 
3 3149 1055 1912 
3 2208 1835 2103 
3 1822 1383 1589 
3 1796 1408 2526 
3 1796 2384 1408 
3 2015 2819 1303 
3 1835 2208 1501 
3 1501 1796 2526 
3 2208 2384 1796 
3 1408 1522 2526 
3 1592 3021 1522 
3 2045 1585 2876 
3 3062 2526 1585 
3 1835 1501 2819 
3 2526 3062 1501 
3 1303 1125 2285 
3 1125 1501 1822 
3 2285 1125 1822 
3 2819 1501 1125 
3 3293 2285 1822 
3 1303 2819 1125 
3 1177 1303 2285 
3 1565 2015 1303 
3 2831 1903 1565 
3 2551 2952 2070 
3 1510 1630 2889 
3 1946 1981 1630 
3 1375 2551 1966 
3 2033 2015 3190 
3 2015 1510 3190 
3 3498 2815 1800 
3 2015 3168 1510 
3 1903 1680 3168 
3 2199 2933 3395 
3 3395 2070 1981 
3 1787 2933 3474 
3 1353 2070 3395 
3 1914 1468 1825 
3 1825 1468 3307 
3 3307 1468 2679 
3 3307 1322 1435 
3 861 2679 1468 
3 861 993 2679 
3 1787 1825 2933 
3 1787 1951 1825 
3 2070 1353 1871 
3 1353 2933 1793 
3 3420 2551 3304 
3 3307 2679 1322 
3 3304 1435 1960 
3 1871 1793 3307 
3 1871 3307 1435 
3 1793 1825 3307 
3 1812 1579 2769 
3 2778 1758 1579 
3 2679 1803 1322 
3 1069 2822 974 
3 1966 2551 3420 
3 2889 3190 1510 
3 1570 1966 3420 
3 2033 3190 2889 
3 2070 2952 1630 
3 1375 2518 2033 
3 2551 1375 2952 
3 1966 2518 1375 
3 1375 2033 2952 
3 2518 3406 2033 
3 2952 2889 1630 
3 2952 2033 2889 
3 2015 2616 2103 
3 3032 1319 1139 
3 2015 3406 3483 
3 2015 2033 3406 
3 3205 3483 3032 
3 2616 2015 3483 
3 1524 3205 3032 
3 2616 3483 3205 
3 2124 1524 2267 
3 3149 1912 1524 
3 2911 896 1912 
3 1055 2911 1912 
3 2944 2124 1247 
3 2267 1571 1511 
3 3032 813 1571 
3 2263 3420 3304 
3 1524 3032 2267 
3 3483 3406 3032 
3 1139 1570 813 
3 1139 2518 1966 
3 3032 1139 813 
3 1319 2518 1139 
3 3420 2263 1570 
3 2263 1812 1514 
3 1570 2263 1514 
3 3304 1579 1812 
3 1514 1812 2769 
3 2263 3304 1812 
3 913 2680 2388 
3 2219 2921 3064 
3 2769 1452 2921 
3 3107 1640 2573 
3 2388 2680 3064 
3 913 1570 2219 
3 2921 2219 1514 
3 2680 913 2219 
3 2921 3107 3064 
3 1314 3465 913 
3 3064 3107 2388 
3 2573 1652 2155 
3 3027 3465 1314 
3 913 2388 1314 
3 1314 2478 2571 
3 1314 2388 2478 
3 1980 913 3465 
3 2697 1570 913 
3 2523 1980 3465 
3 2697 913 1980 
3 2611 3365 1980 
3 2964 813 2697 
3 1847 2964 3365 
3 1847 1571 2964 
3 1511 1571 1847 
3 2267 3032 1571 
3 915 2435 1511 
3 2124 2267 1511 
3 2042 2196 1247 
3 3085 2410 846 
3 2196 2042 905 
3 1247 1511 2435 
3 2196 905 2363 
3 2042 2435 2730 
3 1207 2845 2730 
3 2363 905 2845 
3 2460 1584 1073 
3 2410 3085 2363 
3 2966 2509 3460 
3 2966 846 2509 
3 1374 2095 3424 
3 2966 2485 2095 
3 2509 846 2410 
3 2381 3480 2911 
3 2363 3085 2537 
3 846 2966 2381 
3 2363 1703 2196 
3 2944 1536 3149 
3 2537 1650 2944 
3 1536 1055 3149 
3 1650 2911 1536 
3 1650 2381 2911 
3 2944 1650 1536 
3 3480 896 2911 
3 1703 2537 2944 
3 3085 2381 1650 
3 2873 1374 1484 
3 3480 2095 1374 
3 2363 2537 1703 
3 3085 1650 2537 
3 846 2381 3085 
3 2966 3480 2381 
3 2873 1484 3320 
3 1374 3424 1484 
3 2863 2543 1004 
3 2069 896 3480 
3 2716 2069 2873 
3 3161 896 2069 
3 1004 2543 2716 
3 3161 2069 2543 
3 1004 2716 2873 
3 2543 2069 2716 
3 1537 2863 987 
3 2776 3161 2863 
3 1004 3320 2775 
3 1004 2873 3320 
3 2775 3077 2696 
3 2775 3268 3077 
3 1836 2926 3306 
3 3268 3334 2926 
3 2775 3334 3268 
3 1230 2485 2714 
3 2775 1230 3334 
3 2095 2485 1230 
3 3429 1078 1380 
3 2924 1439 3306 
3 842 2714 2485 
3 1295 919 2492 
3 2926 1799 3306 
3 2926 3344 1799 
3 3429 2924 1078 
3 1982 1983 2924 
3 2487 1295 2492 
3 1295 2487 2888 
3 842 3371 2714 
3 2888 828 3500 
3 2714 3371 2487 
3 2788 2750 2220 
3 842 828 3371 
3 842 2485 3460 
3 1545 2888 1848 
3 828 3050 3500 
3 907 2888 3500 
3 2487 3371 2888 
3 2888 907 1848 
3 3500 3050 907 
3 1459 1978 3493 
3 1991 2880 1250 
3 907 1349 1978 
3 907 3050 3219 
3 1349 2317 1708 
3 3154 3219 3039 
3 2317 1349 2750 
3 3219 3050 1584 
3 2672 2427 2220 
3 1773 3079 3030 
3 2880 2750 2788 
3 1349 907 2750 
3 2750 1088 2220 
3 2750 907 1088 
3 1088 3154 2220 
3 3154 1105 1261 
3 1692 1261 1105 
3 826 3039 2430 
3 2220 1443 2672 
3 2220 3154 1443 
3 1164 1706 1313 
3 1207 2850 1304 
3 1164 1105 1706 
3 3154 3039 1105 
3 1105 826 1706 
3 1207 1304 2845 
3 2162 2850 826 
3 2162 1304 2850 
3 828 1584 3050 
3 2162 826 2430 
3 3039 1584 2430 
3 1073 2509 2410 
3 1088 3219 3154 
3 1088 907 3219 
3 828 3460 1584 
3 828 842 3460 
3 2430 2460 2162 
3 1584 3460 1073 
3 2460 1073 2162 
3 3460 2509 1073 
3 1073 1304 2162 
3 1073 2410 1304 
3 1847 915 1511 
3 2812 2222 1875 
3 1875 1207 2730 
3 2845 905 2730 
3 2812 1875 2730 
3 1875 1119 1207 
3 2222 3017 1188 
3 2048 2331 3017 
3 2730 1315 2812 
3 2730 2435 1315 
3 2222 915 2048 
3 2812 1315 915 
3 915 3313 2048 
3 915 1847 3313 
3 3313 2611 2048 
3 3313 3365 2611 
3 3027 2571 1955 
3 2478 2279 1603 
3 2673 1603 2018 
3 2478 3107 2279 
3 929 2738 1603 
3 2571 2478 1603 
3 2673 929 1603 
3 1955 2571 2738 
3 1901 3027 1040 
3 2523 3465 3027 
3 2611 2523 2048 
3 2611 1980 2523 
3 1267 1901 1040 
3 2331 2523 1901 
3 1643 929 2936 
3 1040 1955 929 
3 1883 2673 2018 
3 2936 929 2673 
3 1115 3355 1040 
3 1267 2369 1901 
3 1040 3355 1267 
3 2146 1385 3355 
3 3355 2791 1267 
3 3355 1385 2369 
3 1901 2369 2331 
3 2791 3355 2369 
3 2331 1726 2497 
3 2331 2369 1726 
3 1776 3243 2733 
3 1036 1188 3243 
3 1188 1594 3243 
3 1188 2331 1594 
3 1875 2222 1036 
3 3017 2331 1188 
3 1036 2222 1188 
3 2812 915 2222 
3 1776 2901 1036 
3 1119 2850 1207 
3 3388 1119 2901 
3 1668 1117 1119 
3 3388 1668 1119 
3 1119 1875 2901 
3 2512 1668 2278 
3 1117 1706 1119 
3 1963 2278 1668 
3 2156 2512 2278 
3 3388 1963 1668 
3 2574 2156 2278 
3 2055 803 3388 
3 803 2207 2574 
3 3200 2000 3283 
3 1216 2495 1931 
3 3388 2574 1963 
3 803 2055 2207 
3 3200 3388 2901 
3 803 2574 3388 
3 1776 3200 2901 
3 2733 926 2000 
3 3243 1776 1036 
3 2733 3200 1776 
3 1952 3494 1115 
3 2146 3355 3494 
3 2000 926 1586 
3 926 3243 2271 
3 3457 2343 2177 
3 2568 2139 920 
3 3243 926 2733 
3 1586 2031 2146 
3 3200 3283 3388 
3 3200 2733 2000 
3 3494 2433 2146 
3 3300 2027 2989 
3 1471 920 1643 
3 2139 2695 920 
3 1694 2568 1471 
3 1694 2852 1714 
3 1192 2695 2139 
3 1192 2027 2695 
3 3389 1714 2393 
3 2139 2568 1714 
3 2433 1952 3300 
3 2433 3494 1952 
3 2433 3300 2989 
3 3351 1396 2455 
3 1396 2146 2433 
3 2409 1102 829 
3 3351 1586 2146 
3 2800 1764 829 
3 926 2271 1586 
3 2745 1586 3351 
3 2271 2031 1586 
3 901 2682 2606 
3 2175 3283 2000 
3 2156 2574 2207 
3 2000 1586 2745 
3 1102 2409 2745 
3 2175 2000 2745 
3 3397 3418 1894 
3 2156 2549 3418 
3 1483 3397 3278 
3 1781 906 2512 
3 1894 1646 3397 
3 3278 3397 1646 
3 1158 1781 1760 
3 2672 1359 2427 
3 1133 1158 1760 
3 1133 2308 1158 
3 2512 883 1760 
3 883 3397 1760 
3 1781 2512 1760 
3 3418 3397 883 
3 883 2512 2156 
3 1313 1117 2512 
3 2512 1117 1668 
3 1313 1706 1117 
3 2512 906 1313 
3 1692 1105 1164 
3 1313 1692 1164 
3 1573 1443 1261 
3 1313 1573 1692 
3 906 1158 2308 
3 906 2308 1573 
3 1133 2958 2308 
3 1313 906 1573 
3 1781 1158 906 
3 3458 2672 1443 
3 2308 1359 2672 
3 1573 3458 1443 
3 2308 2672 3458 
3 3079 1773 1935 
3 2788 2220 2427 
3 2427 1773 2788 
3 3449 3043 1773 
3 2427 3449 1773 
3 1785 1359 2835 
3 3169 3043 2165 
3 1935 1773 3043 
3 2657 1324 2835 
3 1018 1083 977 
3 3169 2165 2835 
3 3043 3449 2165 
3 3449 1462 2165 
3 2427 1359 1462 
3 2165 1785 2835 
3 2165 1462 1785 
3 3397 1483 1133 
3 3278 1517 1483 
3 1483 2958 1133 
3 2835 1359 2958 
3 3467 1324 2657 
3 1455 1285 1233 
3 1549 2461 1233 
3 1324 1455 2461 
3 3393 1233 1285 
3 2461 1455 1233 
3 2835 1549 3169 
3 2835 2461 1549 
3 3169 1018 1935 
3 1549 1233 1018 
3 2040 2197 977 
3 2847 1621 3244 
3 1285 3178 3393 
3 1285 2440 3178 
3 2741 1723 2930 
3 2741 2440 1723 
3 3452 3059 1205 
3 3452 950 3059 
3 2040 950 3452 
3 3248 977 2197 
3 2483 950 2040 
3 3248 2197 1907 
3 2040 3452 2197 
3 1621 3131 1907 
3 977 2483 2040 
3 1907 977 3248 
3 1083 2483 977 
3 1018 3131 1935 
3 977 1907 3131 
3 1935 1975 3079 
3 3131 1621 1975 
3 3030 2847 3244 
3 1975 1621 2847 
3 2880 3030 1250 
3 3079 1975 3030 
3 3493 1978 1708 
3 1978 1349 1708 
3 851 1991 1250 
3 851 2340 3493 
3 1907 3244 1621 
3 1907 851 3244 
3 2077 1710 851 
3 2975 2753 1710 
3 2530 3402 2965 
3 3402 1804 1976 
3 851 3493 1991 
3 2340 1558 1459 
3 2340 1459 3493 
3 1848 1978 1459 
3 2340 2753 1558 
3 2753 3346 1831 
3 1831 3332 1558 
3 1982 2924 3429 
3 3332 3429 1380 
3 3332 1982 3429 
3 1718 2975 837 
3 3402 1354 1804 
3 1558 2753 1831 
3 2340 1710 2753 
3 837 3402 1976 
3 2965 2077 2530 
3 837 2975 3402 
3 3346 2753 2975 
3 1354 3402 2530 
3 1354 2516 1804 
3 2469 1329 3257 
3 1804 2516 1329 
3 2516 786 1329 
3 1710 2077 2965 
3 3452 1205 2077 
3 984 1052 2734 
3 2785 805 2200 
3 984 2981 1052 
3 2711 789 2734 
3 1216 1931 3339 
3 3339 1931 1347 
3 1931 2495 1689 
3 789 3339 1347 
3 1347 984 789 
3 2329 1794 2104 
3 1204 1216 1623 
3 1012 2329 2104 
3 1012 973 2329 
3 2102 2834 805 
3 1794 1496 1204 
3 2102 2785 1623 
3 2200 1794 2785 
3 2711 2834 1623 
3 2785 1204 1623 
3 2734 789 984 
3 1623 3339 789 
3 789 2711 1623 
3 3137 3088 3203 
3 1052 2711 2734 
3 3137 2834 2711 
3 1723 2440 1312 
3 3467 2821 1324 
3 2834 3137 3203 
3 1312 3203 1723 
3 2821 2834 3203 
3 3467 2451 2821 
3 2102 1623 2834 
3 2821 2451 2834 
3 2929 2104 2200 
3 1517 3467 2657 
3 2451 805 2834 
3 3088 1723 3203 
3 2440 2741 3178 
3 3178 2741 3393 
3 1285 1455 2440 
3 1324 2821 1312 
3 1455 1312 2440 
3 1455 1324 1312 
3 1774 1517 3278 
3 1774 844 1517 
3 1517 844 2028 
3 1774 2929 844 
3 2028 2929 805 
3 1774 1646 3160 
3 1517 2028 2451 
3 844 2929 2028 
3 1517 2451 3467 
3 2028 805 2451 
3 3160 3010 973 
3 1894 1770 3010 
3 1496 973 857 
3 1012 3160 973 
3 2929 3160 1012 
3 2929 1774 3160 
3 3160 1894 3010 
3 3160 1646 1894 
3 3418 2549 1770 
3 2156 2867 2549 
3 2156 3360 2867 
3 1407 2495 807 
3 2156 2207 3360 
3 2175 2745 2409 
3 1496 807 1746 
3 3360 1407 807 
3 2207 1407 3360 
3 2207 2409 2682 
3 1496 3152 807 
3 857 807 3152 
3 1204 1496 2572 
3 1794 973 1496 
3 1216 1204 2572 
3 2785 1794 1204 
3 1496 1746 2572 
3 807 2495 1746 
3 1623 1216 3339 
3 1746 2495 1216 
3 2495 1407 2682 
3 2495 2682 1771 
3 1407 2207 2682 
3 2383 2606 829 
3 829 1764 2383 
3 2818 829 1102 
3 2682 2409 2606 
3 1102 2745 3351 
3 2606 2409 829 
3 2207 2175 2409 
3 2455 2818 3351 
3 2818 1553 829 
3 3351 2818 1102 
3 2455 2989 1553 
3 2027 1553 2989 
3 2800 829 1553 
3 2885 1958 3258 
3 2067 1274 2030 
3 3448 2577 1624 
3 2038 3448 1961 
3 1608 2163 945 
3 1608 841 2163 
3 3448 3012 2577 
3 3433 1487 1819 
3 1487 1339 1819 
3 3108 3433 1819 
3 3433 1097 1487 
3 958 3108 2588 
3 3433 1210 1334 
3 788 958 2684 
3 3431 3108 958 
3 958 2588 2684 
3 3108 1819 2588 
3 2588 2326 2684 
3 2909 2248 1635 
3 2588 2830 2326 
3 1320 2909 1635 
3 3094 2248 2830 
3 2230 2784 2248 
3 1114 3094 2830 
3 1339 2035 3094 
3 1059 2054 2525 
3 3335 1937 1826 
3 2852 1694 2153 
3 2393 2852 2907 
3 2393 1714 2852 
3 2393 1698 3389 
3 2973 2322 3409 
3 1698 2393 2894 
3 1698 2322 1493 
3 2973 1494 1602 
3 2894 2322 1698 
3 2894 3409 2322 
3 1602 1494 2737 
3 1494 3387 1564 
3 2973 1000 3387 
3 2432 2009 2126 
3 2694 1664 1297 
3 3247 1658 2698 
3 1564 3387 1658 
3 1000 1937 2126 
3 2303 853 3335 
3 1937 2432 2126 
3 3335 2188 894 
3 2432 1937 3335 
3 1513 2894 2907 
3 3387 1000 2126 
3 3409 2894 3445 
3 1000 3445 1937 
3 1000 3409 3445 
3 2153 1513 2907 
3 2153 2343 1513 
3 2852 2153 2907 
3 1694 1471 2153 
3 3457 2177 3035 
3 2153 1471 2177 
3 2303 2343 853 
3 3457 2936 2343 
3 1826 1715 2343 
3 1937 3445 1715 
3 3335 1826 2303 
3 1937 1715 1826 
3 2432 894 2694 
3 1563 1393 1851 
3 2694 894 1664 
3 2432 3335 894 
3 1883 2188 853 
3 3112 894 2188 
3 2018 1206 1883 
3 2018 1245 1206 
3 1402 1851 1245 
3 1402 1091 1851 
3 2972 1563 994 
3 2972 1664 1563 
3 3357 3116 994 
3 3214 1664 2972 
3 3214 1297 1664 
3 2540 1658 2009 
3 2262 1297 3214 
3 3253 3058 1297 
3 1297 1209 2694 
3 858 2698 1658 
3 2694 2540 2009 
3 858 3058 2698 
3 1209 858 2540 
3 1209 3058 858 
3 925 3253 2661 
3 2256 3058 3253 
3 925 2661 2262 
3 3253 1297 2661 
3 2138 925 2238 
3 2256 3253 925 
3 2886 1023 2138 
3 1890 3058 2256 
3 2256 2052 1890 
3 2138 2238 3376 
3 2052 3385 1890 
3 1023 2886 1092 
3 1890 2116 1154 
3 3385 2795 2116 
3 1041 2974 2525 
3 1041 2525 1154 
3 2500 1059 2525 
3 3247 1564 1658 
3 1444 2824 2698 
3 1444 2210 2824 
3 890 3247 2054 
3 3274 1494 1564 
3 2375 3274 3247 
3 2375 2737 3274 
3 1059 2737 2375 
3 2525 2974 2949 
3 2500 2525 2949 
3 2737 1059 2500 
3 2375 3247 1059 
3 1059 890 2054 
3 1059 3247 890 
3 2116 1041 1154 
3 2500 2949 1281 
3 2974 3191 1085 
3 2949 2974 1085 
3 2949 1085 986 
3 3191 3216 1085 
3 1320 3218 2909 
3 2326 2830 2909 
3 2425 1320 1635 
3 3218 2326 2909 
3 3191 2490 2425 
3 3191 2974 2490 
3 2795 1041 2116 
3 2795 2490 1041 
3 2795 1346 1591 
3 1341 3329 893 
3 1346 1320 1591 
3 1269 788 1320 
3 1346 2827 1320 
3 3134 3431 788 
3 3134 788 1269 
3 2684 3218 788 
3 1611 3433 3108 
3 2051 3363 1244 
3 1611 3431 2245 
3 958 788 3431 
3 3134 2827 1341 
3 3134 1269 2827 
3 1547 3329 1093 
3 893 3134 1341 
3 1346 1341 2827 
3 1092 2795 1023 
3 2993 2152 2245 
3 2977 1334 2152 
3 1611 1210 3433 
3 1611 2152 1334 
3 893 3237 1940 
3 953 2977 2152 
3 1940 3237 2993 
3 1713 2082 3314 
3 2993 953 2152 
3 3314 2082 953 
3 1547 3496 2870 
3 1424 2288 2747 
3 795 2452 3496 
3 2452 1194 2727 
3 3329 1713 3237 
3 2870 2727 1713 
3 3329 3237 893 
3 1713 3314 3237 
3 1124 1547 1093 
3 2870 1713 1547 
3 1801 795 1124 
3 3496 1331 2870 
3 795 3496 1124 
3 2452 2618 1194 
3 884 3267 1219 
3 1005 1801 1622 
3 3472 1801 1124 
3 2405 1043 795 
3 3101 1801 3472 
3 1005 2405 1801 
3 3046 3267 884 
3 3101 3472 802 
3 1010 884 1219 
3 1365 1934 3046 
3 3101 1010 1219 
3 1365 2289 1934 
3 2886 802 1637 
3 1010 3101 802 
3 2052 1023 3385 
3 2052 2256 2138 
3 1637 1092 2886 
3 3509 1341 1092 
3 2052 2138 1023 
3 2256 925 2138 
3 802 3376 1010 
3 802 2886 3376 
3 2289 1365 3116 
3 3116 1365 2262 
3 994 3116 2972 
3 2858 2289 3116 
3 962 1365 3046 
3 2238 2262 1365 
3 3116 3357 2858 
3 1275 1742 1851 
3 1778 2261 1614 
3 3211 2858 1977 
3 1742 3357 994 
3 2590 2858 3357 
3 3357 1299 2590 
3 1275 1851 2155 
3 3357 1742 1299 
3 994 1851 1742 
3 2018 1091 1402 
3 2279 2155 1091 
3 981 1640 3107 
3 3298 2261 2403 
3 1778 3211 1275 
3 1275 1299 1742 
3 2573 1640 3481 
3 981 1452 3057 
3 1778 1614 3211 
3 1977 2590 1275 
3 3211 1614 2687 
3 1275 3481 1778 
3 1640 1778 3481 
3 3057 2261 1778 
3 1640 3057 1778 
3 1640 981 3057 
3 1579 1452 2769 
3 2261 3057 1452 
3 2273 974 2778 
3 2261 3298 1614 
3 1579 1758 2403 
3 2039 2927 1420 
3 1614 3298 2319 
3 974 2822 2039 
3 1868 2319 1516 
3 3298 1758 974 
3 2319 1420 1516 
3 2810 3456 3267 
3 2289 3211 1868 
3 1614 2319 2687 
3 1868 3211 2687 
3 1977 1275 3211 
3 3376 962 1010 
3 2238 1365 962 
3 1318 1420 2520 
3 3072 2927 2039 
3 1219 3267 1622 
3 3046 1934 2520 
3 3046 2810 3267 
3 1829 1420 1596 
3 1252 3456 3199 
3 2810 3046 3456 
3 1252 3199 3187 
3 3456 1829 3199 
3 3132 3422 3187 
3 1005 1622 1252 
3 790 1596 2620 
3 3199 1829 1596 
3 1949 2620 1596 
3 2474 993 861 
3 2520 1829 3456 
3 1420 2927 1596 
3 3046 2520 3456 
3 1934 1318 2520 
3 2520 1420 1829 
3 1318 1516 1420 
3 3298 2039 2319 
3 2822 3380 2039 
3 3298 974 2039 
3 1758 2778 974 
3 1322 1803 2273 
3 993 2822 1069 
3 2273 1069 974 
3 1803 993 1069 
3 1949 3072 2620 
3 2822 993 3042 
3 2927 1949 1596 
3 2927 3072 1949 
3 1739 1705 3042 
3 3072 2039 3380 
3 815 3042 993 
3 3380 2822 3042 
3 2474 815 993 
3 2474 1739 815 
3 1914 2474 861 
3 1914 1951 2474 
3 1468 1914 861 
3 1951 2174 1208 
3 815 1739 3042 
3 2579 1208 2105 
3 2620 3072 2237 
3 1739 2474 1208 
3 790 930 3132 
3 2105 2174 1767 
3 1208 2237 1705 
3 930 790 2237 
3 3187 790 3132 
3 2620 2237 790 
3 1954 1606 1530 
3 1252 3187 1606 
3 1674 2908 1270 
3 1889 1005 2356 
3 1814 1673 2621 
3 2356 1606 1954 
3 3187 3422 1606 
3 3353 2961 1904 
3 1954 2212 2356 
3 1954 1430 3024 
3 2550 2306 1240 
3 2212 1954 1240 
3 2306 3392 1240 
3 3392 2212 1240 
3 1727 1743 2600 
3 1240 1028 1674 
3 1737 1743 2330 
3 1731 1674 2600 
3 1731 2550 1240 
3 1731 1043 2550 
3 2356 2306 2550 
3 2356 2212 2306 
3 1043 2618 795 
3 1043 1731 2618 
3 2536 1043 2405 
3 1889 2550 1043 
3 1005 2536 2405 
3 1889 1043 2536 
3 2452 2727 1331 
3 2808 1736 2082 
3 3496 2452 1331 
3 795 2618 2452 
3 935 1737 2330 
3 1743 1731 2600 
3 2960 1743 1737 
3 2618 1731 1743 
3 1467 1727 1532 
3 2330 1743 1727 
3 2480 1037 2533 
3 876 2198 1149 
3 2727 2082 1713 
3 2727 2808 2082 
3 1259 2747 3464 
3 2747 3432 2884 
3 3464 2747 1477 
3 2082 2288 1424 
3 2533 1259 3464 
3 2341 2686 1300 
3 2533 1037 1259 
3 2191 1149 1037 
3 2715 1127 1898 
3 2715 2198 1127 
3 1259 1898 3273 
3 1259 1037 1898 
3 1037 2198 1898 
3 2641 1149 1759 
3 1898 2198 2715 
3 1037 1149 2198 
3 1037 2480 2191 
3 1736 1727 2480 
3 2191 1759 1149 
3 2832 1016 809 
3 1857 2832 2632 
3 876 1149 2641 
3 1790 876 2424 
3 1127 2198 876 
3 1495 1300 781 
3 1127 876 2686 
3 2341 3273 2686 
3 2686 781 1300 
3 2747 3273 2341 
3 1898 2686 3273 
3 3120 2236 1260 
3 1554 1609 3201 
3 3250 3183 1300 
3 1506 1253 3183 
3 2640 3250 1300 
3 1260 1506 3250 
3 1495 2640 1300 
3 1495 1260 2640 
3 3083 2269 1032 
3 1999 988 1609 
3 791 1026 1032 
3 2504 2718 1999 
3 1026 2504 3083 
3 3469 2617 1266 
3 2504 2700 2718 
3 2805 2833 2700 
3 2504 1999 2269 
3 2718 2700 1999 
3 1032 3120 1495 
3 2236 1506 1260 
3 1554 2236 3120 
3 1554 3201 2236 
3 2083 3201 1996 
3 1084 1506 3201 
3 3201 1609 1996 
3 1554 2269 1609 
3 1999 968 988 
3 801 793 2560 
3 2861 1193 1899 
3 988 968 1193 
3 1416 2663 2861 
3 1193 968 1899 
3 1609 3477 1996 
3 1609 988 3477 
3 3477 2083 1996 
3 2707 821 2083 
3 1202 2558 1729 
3 1084 3201 2558 
3 3432 2341 1729 
3 1253 1084 1202 
3 1202 1084 2558 
3 1253 1506 1084 
3 1253 2341 3183 
3 1202 1729 2341 
3 2341 3432 2747 
3 1027 2977 953 
3 1729 2884 3432 
3 1729 2558 1424 
3 2082 1424 1027 
3 2884 1729 1424 
3 2082 1027 953 
3 1424 2558 1027 
3 2558 1296 2977 
3 2558 3201 1296 
3 2083 3210 2707 
3 1416 2021 1927 
3 3210 1552 2707 
3 2284 2114 1552 
3 2284 1244 2114 
3 2792 1172 2128 
3 1434 954 3069 
3 1434 1296 954 
3 1334 1434 3069 
3 2977 1296 1434 
3 3433 1334 1097 
3 1210 1611 1334 
3 3363 1097 3069 
3 1334 3069 1097 
3 2163 1301 945 
3 1487 1097 1301 
3 2284 2792 2051 
3 1172 945 2128 
3 2051 2792 2128 
3 2284 1624 2792 
3 1097 3363 1301 
3 1244 2284 2051 
3 954 3363 3069 
3 2051 2128 3363 
3 1552 2367 2284 
3 3210 2083 3034 
3 1927 1642 1845 
3 1961 3448 1624 
3 2284 1927 1624 
3 1642 1274 1845 
3 2030 1274 1388 
3 1845 1624 1927 
3 1845 1274 2038 
3 1642 1388 1274 
3 1416 1927 2367 
3 2021 1642 1927 
3 2663 1416 2367 
3 3188 2861 1854 
3 3258 2228 1854 
3 2021 1416 2967 
3 2377 3258 2605 
3 2967 3188 1854 
3 1416 3188 2967 
3 2861 1899 2560 
3 3210 2663 2367 
3 1499 2861 2663 
3 3034 1174 1499 
3 3034 3477 988 
3 3210 3034 2663 
3 2083 3477 3034 
3 3034 1499 2663 
3 1174 1193 1499 
3 1416 2861 3188 
3 1499 1193 2861 
3 2860 1352 2903 
3 1681 2954 3279 
3 2860 2073 1352 
3 1720 3426 2073 
3 3504 1681 2860 
3 3279 3225 2350 
3 1440 2078 2377 
3 1958 2021 2228 
3 2860 1681 2073 
3 1440 2377 1720 
3 2377 2605 793 
3 3258 1854 2605 
3 968 2560 1899 
3 2605 1854 2560 
3 1958 2228 3258 
3 2021 2967 2228 
3 2078 2885 3258 
3 1388 2021 1958 
3 2885 2030 1388 
3 1388 1958 2885 
3 1120 2078 1440 
3 999 1120 1440 
3 3138 1465 1722 
3 2665 1228 1325 
3 1720 2350 999 
3 3225 1465 2350 
3 1720 999 1440 
3 3225 2899 1465 
3 2073 1681 2350 
3 2187 3158 3225 
3 2759 3138 1325 
3 1465 2899 1722 
3 3138 1661 2665 
3 1722 1559 1661 
3 3138 1722 1661 
3 1559 1867 3473 
3 2899 1308 1722 
3 1559 3473 2224 
3 2899 1867 1308 
3 2899 1123 3473 
3 3225 1918 2899 
3 1918 3195 3140 
3 3158 1918 3225 
3 3158 3195 1918 
3 3279 2187 3225 
3 2187 3195 3158 
3 2501 2187 3279 
3 2501 3195 2187 
3 2064 2954 3504 
3 2501 3279 2954 
3 2350 1681 3279 
3 2860 2903 1227 
3 1227 2064 2860 
3 2954 1681 3504 
3 2900 2110 3288 
3 2439 2903 2110 
3 801 1843 793 
3 801 2833 1843 
3 2110 2900 2439 
3 2896 1173 2064 
3 2860 2064 3504 
3 1227 2896 2064 
3 2903 2896 1227 
3 1173 3451 3195 
3 1926 2232 2900 
3 1414 1173 2232 
3 1926 2900 3288 
3 2232 2896 2900 
3 2805 2098 3288 
3 2374 1414 1926 
3 2504 1022 2805 
3 1448 1892 2374 
3 2098 2374 1926 
3 2098 1626 2374 
3 2232 1173 2896 
3 2158 3451 1173 
3 1414 2158 1173 
3 1355 2486 1986 
3 3140 2371 3018 
3 3140 1038 2371 
3 2899 3473 1867 
3 3140 3018 3473 
3 1123 3140 3473 
3 3195 1038 3140 
3 1015 1634 2224 
3 2916 2596 1634 
3 3022 1559 2459 
3 1722 1308 1559 
3 1138 1015 2224 
3 1138 1404 2387 
3 3018 3427 2406 
3 1580 1122 2387 
3 2387 1404 1580 
3 1404 2406 1580 
3 1122 3427 2457 
3 1580 2406 3427 
3 956 928 897 
3 2184 2658 1751 
3 2851 1211 2457 
3 2002 1751 1211 
3 3427 2137 2457 
3 1425 2002 2851 
3 1038 2137 2371 
3 1038 3451 2137 
3 2443 2945 3451 
3 1425 2137 2945 
3 1414 3004 2158 
3 2158 3004 2443 
3 2443 3004 2945 
3 1414 2374 1892 
3 2486 3485 1448 
3 3004 1414 1892 
3 2136 1355 1986 
3 2136 992 1355 
3 1626 2872 1448 
3 1355 3485 2486 
3 1448 3485 1892 
3 1355 992 3485 
3 2945 3217 1425 
3 3004 1892 3217 
3 3090 2491 1110 
3 3217 992 3391 
3 3370 1588 912 
3 2491 3217 3391 
3 2157 3508 3224 
3 912 992 3224 
3 3370 1748 1110 
3 3370 1527 1748 
3 912 1588 3391 
3 3370 1110 1588 
3 1425 3090 2002 
3 1110 1748 3090 
3 3090 1090 3013 
3 3090 1057 1090 
3 1057 2825 1090 
3 1751 956 897 
3 1090 3102 3013 
3 785 1082 897 
3 3090 3013 2002 
3 956 1751 2002 
3 3102 2342 3013 
3 917 1082 2623 
3 3013 2342 956 
3 3102 2825 785 
3 897 928 785 
3 2342 3102 785 
3 3204 897 917 
3 3113 1051 2184 
3 2342 785 928 
3 917 2623 1666 
3 2825 2129 785 
3 2129 3241 2623 
3 785 2129 1082 
3 2825 1527 2129 
3 2121 1578 1311 
3 1070 2019 3029 
3 3142 2121 1311 
3 2623 3241 2121 
3 2508 3142 1311 
3 1666 2623 2121 
3 3407 1666 3142 
3 3407 917 1666 
3 1755 2508 1311 
3 1130 3491 3239 
3 2096 3239 3491 
3 2096 2508 3239 
3 1094 2075 1140 
3 2925 3142 3401 
3 3495 1755 1311 
3 1130 3239 1755 
3 3207 3029 1578 
3 2043 1807 1152 
3 1578 3495 1311 
3 1152 3272 3495 
3 3495 1687 1152 
3 1070 2607 2448 
3 3119 2019 1070 
3 3163 3437 3370 
3 3495 2019 1687 
3 3495 1578 2019 
3 2019 3119 1687 
3 1152 1807 3272 
3 1687 3119 2043 
3 989 838 2915 
3 3311 3119 1223 
3 2446 2043 3119 
3 1279 1985 2448 
3 1223 3119 1070 
3 1223 1070 1006 
3 2607 3343 2448 
3 3029 2877 1070 
3 1054 912 3224 
3 1070 2877 2607 
3 3437 3207 1527 
3 3029 3163 2877 
3 3437 1527 3370 
3 3029 3437 3163 
3 3029 3207 3437 
3 2877 2947 3343 
3 2877 3163 2947 
3 1613 1087 1054 
3 2947 3163 1087 
3 3508 1054 3224 
3 1087 912 1054 
3 936 2458 971 
3 3081 2931 1613 
3 2726 2801 2666 
3 1613 1054 1786 
3 1165 3269 1075 
3 1613 2931 3343 
3 834 2931 971 
3 936 3374 1655 
3 1655 892 936 
3 2280 2592 3383 
3 936 892 2458 
3 1655 1075 892 
3 834 971 2458 
3 2458 892 834 
3 1786 3081 1613 
3 1786 2726 3081 
3 3343 2931 2448 
3 3081 971 2931 
3 2931 1279 2448 
3 834 2941 2592 
3 1223 1985 3328 
3 1006 2448 1985 
3 836 2280 1196 
3 2592 2941 3383 
3 1985 836 3328 
3 1985 2592 836 
3 836 2592 2280 
3 1985 1279 2592 
3 2941 834 892 
3 2592 1279 834 
3 3269 3189 924 
3 1716 1763 2106 
3 2941 2314 3383 
3 924 1716 2106 
3 1456 3232 1373 
3 2280 3383 3232 
3 1307 2535 3122 
3 3292 2106 3378 
3 2429 2106 3358 
3 2314 924 2106 
3 2941 3269 924 
3 3189 2445 1716 
3 2804 2445 3189 
3 3122 3378 1763 
3 2445 2804 874 
3 2394 3479 2804 
3 924 3189 1716 
3 1618 2804 3189 
3 892 1075 2941 
3 1712 3026 1792 
3 2941 1075 3269 
3 1655 3374 1075 
3 1075 3374 3026 
3 936 3081 2726 
3 3026 1712 1075 
3 3479 2394 1165 
3 1618 2394 2804 
3 1618 1165 2394 
3 1165 1712 3479 
3 3026 1272 1792 
3 1272 1310 1792 
3 1846 1142 2125 
3 1665 1310 1879 
3 1665 1792 1310 
3 3374 2666 3026 
3 1266 2801 2726 
3 3054 2539 2617 
3 2801 2844 2666 
3 3026 2844 2953 
3 2157 2726 3508 
3 3479 1712 1792 
3 1165 1075 1712 
3 3026 2666 2844 
3 3508 1786 1054 
3 3374 2726 2666 
3 3374 936 2726 
3 1256 2157 3224 
3 2726 1786 3508 
3 1266 2157 3174 
3 1266 2726 2157 
3 3469 2872 869 
3 2801 2953 2844 
3 2617 2801 1266 
3 2617 2953 2801 
3 3054 2617 1147 
3 2539 2953 2617 
3 3469 2610 1147 
3 3054 1272 2539 
3 2872 2486 1448 
3 3285 1535 3054 
3 1986 2872 3174 
3 1147 2617 3469 
3 2374 1626 1448 
3 1022 2504 1026 
3 2486 2872 1986 
3 1626 2098 869 
3 1626 869 2872 
3 2098 2805 869 
3 1147 2610 3285 
3 869 2805 2610 
3 1925 1022 2252 
3 2610 2805 1022 
3 1639 3256 1629 
3 3285 2610 1925 
3 1925 1535 3285 
3 1925 2252 1629 
3 3285 3054 1147 
3 1535 1272 3054 
3 1685 2144 791 
3 1310 1272 3256 
3 1629 3256 1535 
3 1639 1310 3256 
3 1925 1629 1535 
3 2252 1026 1629 
3 1032 1026 3083 
3 2252 1022 1026 
3 1061 1834 2453 
3 1834 1639 2144 
3 1061 2424 2632 
3 2453 781 2424 
3 781 1790 2424 
3 2686 876 1790 
3 1879 1400 1887 
3 2453 2424 1061 
3 1061 2634 3453 
3 1857 843 1759 
3 1310 1400 1879 
3 1834 1061 1400 
3 1639 1834 1400 
3 2144 2453 1834 
3 1879 2505 1665 
3 1879 1887 2505 
3 1887 1882 2505 
3 1936 948 1433 
3 1665 1433 3479 
3 1882 1936 1433 
3 1882 1846 1936 
3 1882 1887 1846 
3 2634 2890 2662 
3 3345 870 3502 
3 2832 809 2634 
3 2125 1142 2662 
3 1142 3453 2662 
3 1887 1061 3453 
3 1957 3291 2890 
3 2125 2662 2890 
3 1215 3291 1957 
3 2125 2890 3291 
3 1567 1215 856 
3 2154 2125 1215 
3 3230 1619 3471 
3 1896 2890 809 
3 1896 809 1619 
3 2890 2634 809 
3 2193 2613 849 
3 1619 809 849 
3 3381 1367 1225 
3 849 1016 2193 
3 3036 1231 1857 
3 3036 1225 1231 
3 2632 2832 2634 
3 1231 1016 2832 
3 1061 2632 2634 
3 843 876 1759 
3 2424 843 2632 
3 2424 876 843 
3 1467 1857 1759 
3 1231 2832 1857 
3 2480 1467 2191 
3 1379 3036 1467 
3 1467 3036 1857 
3 1379 1225 3036 
3 1532 1270 1379 
3 3381 1814 2471 
3 1532 1674 1270 
3 1674 1731 1240 
3 1225 2358 3381 
3 1270 2908 2358 
3 1674 1673 2908 
3 1814 2908 1673 
3 3024 2621 1028 
3 3024 2471 1814 
3 3024 1028 1240 
3 2621 1673 1028 
3 1673 1674 1028 
3 1532 2600 1674 
3 3422 1321 1606 
3 2579 3170 3422 
3 1606 1321 1530 
3 3422 930 2579 
3 3422 3170 1321 
3 2057 1264 2255 
3 1631 2842 2803 
3 1430 2181 2842 
3 3166 2897 3353 
3 3166 1530 2897 
3 2842 1631 1430 
3 2848 3381 2471 
3 1954 3024 1240 
3 1430 2471 3024 
3 2181 2803 2842 
3 3353 2345 1631 
3 2897 2961 3353 
3 2025 823 978 
3 2057 2961 1106 
3 2897 1530 2961 
3 2961 2057 1904 
3 2401 1136 2584 
3 2631 2025 978 
3 2345 1904 2025 
3 2649 1971 1930 
3 2671 866 2345 
3 866 2671 1943 
3 1137 978 1782 
3 1943 2848 866 
3 2891 3381 2848 
3 2671 2793 1943 
3 1930 1971 904 
3 780 1367 2182 
3 2358 1814 3381 
3 3353 1631 2803 
3 2848 2471 1631 
3 1225 1367 2193 
3 3381 2182 1367 
3 1231 1225 2193 
3 1379 2358 1225 
3 849 2613 1619 
3 1367 3471 2613 
3 3471 780 3302 
3 3471 1367 780 
3 3230 2756 1878 
3 3471 3302 2756 
3 1878 1278 3502 
3 2756 3302 2046 
3 2756 2046 1278 
3 3302 2693 2046 
3 1865 1815 904 
3 2323 2693 1815 
3 3302 1053 1815 
3 1053 1930 904 
3 2793 1930 2891 
3 904 1815 1053 
3 2671 1930 2793 
3 2671 2631 871 
3 2671 871 1930 
3 2631 978 1137 
3 1971 2649 2528 
3 871 2631 3133 
3 2513 1137 2148 
3 3133 2631 1137 
3 2709 3321 2084 
3 2183 2645 1366 
3 2513 2148 1862 
3 1137 1782 2148 
3 2528 2513 1862 
3 3133 1137 2513 
3 871 2649 1930 
3 3133 2513 2649 
3 1815 1865 2323 
3 2811 1971 1740 
3 2084 1992 1862 
3 1992 2494 2334 
3 1862 1992 1997 
3 2494 2223 2334 
3 2677 1470 2720 
3 2334 2223 2720 
3 2528 1293 1971 
3 2528 3098 1293 
3 3098 1470 1293 
3 1179 1909 1363 
3 904 2811 1823 
3 1740 1179 2811 
3 2323 2660 2046 
3 3139 1129 2660 
3 904 1823 1865 
3 2811 3139 1823 
3 1865 2859 2323 
3 1823 3139 2859 
3 2160 2651 2346 
3 2346 2651 3386 
3 2346 3386 1956 
3 3502 908 3386 
3 3297 3104 3139 
3 3297 1956 3104 
3 2811 1179 3139 
3 1017 2301 2346 
3 1017 2346 3297 
3 2651 2604 1008 
3 2301 2160 2346 
3 2301 1916 3316 
3 1859 3123 3066 
3 3316 2160 2301 
3 1859 868 3220 
3 1008 2604 1745 
3 1745 3316 3123 
3 1169 2160 3316 
3 2604 1169 3316 
3 2604 2651 1169 
3 3386 2651 3502 
3 2160 1169 2651 
3 1878 870 1957 
3 3345 1008 856 
3 870 1878 3502 
3 3230 3471 2756 
3 1896 3230 1878 
3 1896 1619 3230 
3 1896 1957 2890 
3 870 856 1957 
3 2056 2561 1008 
3 1215 1957 856 
3 870 3345 856 
3 3502 1008 3345 
3 1307 3001 2272 
3 1008 1745 2056 
3 2561 1567 1008 
3 856 1008 1567 
3 2154 2012 1936 
3 1215 1567 2012 
3 2125 2154 1936 
3 1215 2012 2154 
3 2445 874 3323 
3 2804 1433 874 
3 874 948 3323 
3 874 1433 948 
3 948 3001 3323 
3 948 2012 2561 
3 1745 3220 2056 
3 2943 948 2561 
3 3323 3122 2445 
3 3323 3001 1307 
3 3323 1307 3122 
3 2272 1895 2535 
3 3001 2943 2272 
3 3001 948 2943 
3 2272 868 1859 
3 2943 2561 868 
3 825 2532 938 
3 2327 3292 2535 
3 1859 3220 3123 
3 868 2056 3220 
3 3122 2535 3378 
3 1307 2272 2535 
3 2956 2327 1895 
3 3358 3292 2327 
3 3476 2914 2249 
3 938 1895 1859 
3 2532 2956 938 
3 831 2327 2956 
3 2629 938 1859 
3 2956 1895 938 
3 3410 3475 1427 
3 1754 2249 825 
3 2639 3410 2895 
3 1180 2249 1754 
3 2895 1180 3412 
3 1427 1969 1180 
3 3412 1754 825 
3 3412 1180 1754 
3 1145 2192 3446 
3 2192 1145 1515 
3 1427 1145 3446 
3 3446 1969 1427 
3 3446 2705 1969 
3 2639 1916 3410 
3 3123 1916 3066 
3 867 2301 2072 
3 1180 3410 1427 
3 3349 3475 3410 
3 938 2629 2895 
3 3066 1916 2639 
3 2639 2629 3066 
3 2639 2895 2629 
3 3410 1916 3349 
3 3123 3316 1916 
3 3475 867 2072 
3 3475 3349 867 
3 3139 1179 3297 
3 1017 1363 1466 
3 1017 3297 1363 
3 1909 1470 875 
3 1740 1909 1179 
3 2720 3098 2334 
3 1740 1470 1909 
3 1740 1971 1470 
3 2677 2720 2172 
3 1470 3098 2720 
3 875 1470 2677 
3 939 1908 2763 
3 1662 860 2790 
3 860 3045 1432 
3 2192 3246 2980 
3 1189 2988 1058 
3 2980 2705 2192 
3 1189 1058 1491 
3 2988 3246 1058 
3 1189 1833 2980 
3 3051 2546 1833 
3 1449 1482 1491 
3 3051 1833 1189 
3 2988 2980 3246 
3 1833 2705 2980 
3 1969 1987 2249 
3 1969 2705 1987 
3 3369 2914 3476 
3 831 2956 2532 
3 2914 2532 825 
3 2914 2241 831 
3 2914 831 2532 
3 3358 2327 831 
3 2106 2429 2324 
3 2241 2914 3369 
3 3358 2241 2429 
3 3358 831 2241 
3 2324 3369 3476 
3 2429 2241 3369 
3 2106 2324 1373 
3 2429 3369 2324 
3 1711 2624 3051 
3 1711 1456 1566 
3 1235 1566 1456 
3 1235 2624 1566 
3 1456 1066 1235 
3 1373 2324 1066 
3 1995 3501 2674 
3 1932 836 1196 
3 2674 1410 1432 
3 2674 1196 1410 
3 2554 3501 1995 
3 2515 2254 3501 
3 2554 2515 3501 
3 3056 838 2515 
3 2829 3056 1498 
3 1995 1432 3045 
3 3045 3056 2554 
3 3014 838 3056 
3 3056 3045 1498 
3 2554 1995 3045 
3 2790 2763 1662 
3 1662 3045 860 
3 2489 1449 1491 
3 1842 1939 2923 
3 1491 1482 1189 
3 2790 1432 1482 
3 1482 1449 2790 
3 2489 1939 1449 
3 1449 2763 2790 
3 1498 3045 1662 
3 1662 2763 1498 
3 939 1939 1842 
3 1908 862 1783 
3 1160 964 1191 
3 3086 2652 1908 
3 845 1187 862 
3 1908 1653 2915 
3 1783 1191 1519 
3 2915 806 989 
3 1519 3272 1807 
3 1908 2915 3014 
3 1653 806 2915 
3 2763 2829 1498 
3 3014 3056 2829 
3 989 2318 838 
3 2534 2254 838 
3 1155 2534 2318 
3 3311 2450 2534 
3 1223 2450 3311 
3 3328 1932 2450 
3 2446 1807 2043 
3 2446 3311 1155 
3 2534 1155 3311 
3 2318 989 1155 
3 1807 989 806 
3 1807 1155 989 
3 1653 1519 806 
3 1191 3272 1519 
3 862 1160 3097 
3 862 1187 1160 
3 3272 1094 3491 
3 3272 1191 1094 
3 3491 1503 3272 
3 3491 1130 1503 
3 1094 2096 3491 
3 3401 2508 2096 
3 800 1161 2507 
3 2454 1140 2075 
3 2454 2075 1161 
3 1094 3194 2507 
3 800 2507 3194 
3 2075 1094 2507 
3 1282 1886 2643 
3 1507 1161 800 
3 918 1507 3197 
3 800 2643 1886 
3 2643 1962 2837 
3 1187 2625 1962 
3 1908 2652 862 
3 2652 2721 2029 
3 3215 1113 2004 
3 1426 1962 1113 
3 1113 2625 2004 
3 3215 1426 1113 
3 2837 1962 1426 
3 1426 1156 2837 
3 2683 888 1148 
3 1426 3215 1156 
3 1805 3141 2029 
3 3215 3060 1156 
3 3141 2004 2652 
3 942 1805 3106 
3 3141 3215 2004 
3 3215 1805 3060 
3 2029 3106 1805 
3 862 2652 2004 
3 3086 2721 2652 
3 2029 3141 2652 
3 1805 3215 3141 
3 1842 2585 3086 
3 1908 939 3086 
3 939 1449 1939 
3 3086 939 1842 
3 2763 1449 939 
3 1842 2923 2585 
3 2149 2637 3144 
3 3105 3262 1750 
3 2637 3093 2145 
3 3144 833 2135 
3 2145 2864 833 
3 2463 2783 3338 
3 3070 1849 2135 
3 2149 2609 2637 
3 2307 2569 2217 
3 1849 1291 2731 
3 1292 1849 2569 
3 3144 2135 1849 
3 2420 1429 2731 
3 2569 1849 2731 
3 3037 2420 2044 
3 2731 1291 2420 
3 1141 1362 2090 
3 1141 2183 2856 
3 2183 1141 2292 
3 1366 2494 1992 
3 1366 1132 2494 
3 2084 1366 1992 
3 2645 1132 1366 
3 2645 2292 2090 
3 2645 2183 2292 
3 1351 2856 2183 
3 1830 1362 1141 
3 2292 1141 2090 
3 2856 1830 1141 
3 2713 1100 3321 
3 3259 2856 1351 
3 1366 2084 2183 
3 3259 1830 2856 
3 2183 2084 1351 
3 823 1782 978 
3 2709 2628 2594 
3 2148 1782 2628 
3 1862 2709 2084 
3 1862 2148 2709 
3 3321 2594 2713 
3 2628 1782 823 
3 2584 1100 2713 
3 1663 2084 3321 
3 2401 2584 2713 
3 1280 3338 2584 
3 3338 1100 2584 
3 1830 3259 1100 
3 1100 2498 3321 
3 1100 1663 2498 
3 2084 1965 1351 
3 1663 1100 3259 
3 2783 2463 2044 
3 3338 2213 2463 
3 2463 3037 2044 
3 1429 2569 2731 
3 1965 3259 1351 
3 1965 1663 3259 
3 2463 1429 3037 
3 2463 2213 794 
3 2463 794 1429 
3 1669 2339 2307 
3 2213 1828 794 
3 1638 1403 1136 
3 794 1669 2217 
3 1828 2005 2339 
3 1647 2022 2423 
3 1828 2213 1850 
3 1264 2423 2396 
3 1403 2213 3338 
3 2005 1850 1198 
3 2005 1828 1850 
3 1638 2817 1403 
3 1850 2213 2444 
3 1136 1403 1280 
3 2444 2213 1403 
3 1601 2401 823 
3 2817 1198 2444 
3 2713 823 2401 
3 2594 2628 823 
3 1601 2396 2401 
3 1264 1767 2423 
3 1264 1601 2255 
3 1264 2396 1601 
3 2401 1638 1136 
3 2396 1198 2817 
3 1403 2817 2444 
3 1638 2396 2817 
3 2959 1647 2174 
3 2423 1198 2396 
3 3170 2841 2961 
3 2105 1767 1264 
3 1264 2057 1106 
3 2255 1904 2057 
3 2237 1208 930 
3 2841 3170 2579 
3 930 1208 2579 
3 1106 2961 2841 
3 2841 2105 1106 
3 2841 2579 2105 
3 1739 1208 1705 
3 2174 2105 1208 
3 1825 1951 1914 
3 2959 2174 1951 
3 2174 1647 1767 
3 2959 1107 1647 
3 1647 2423 1767 
3 2005 1198 2423 
3 2022 2339 2005 
3 1107 3251 3404 
3 2423 2022 2005 
3 1647 1107 2022 
3 2086 1428 2190 
3 1107 2959 1787 
3 1107 1787 3251 
3 2959 1951 1787 
3 2199 3395 2190 
3 3251 1787 3474 
3 2199 1116 2933 
3 3474 2933 1116 
3 1981 2190 3395 
3 2086 3157 3048 
3 1981 2086 2190 
3 1981 1946 2086 
3 1946 2131 1948 
3 3168 1680 2131 
3 3048 1428 2086 
3 3251 3474 2190 
3 2190 3404 3251 
3 1107 2307 2339 
3 2307 1428 1475 
3 3404 2190 1428 
3 3270 2307 1475 
3 2217 1669 2307 
3 1775 1292 3270 
3 2569 2307 1292 
3 1849 1775 3144 
3 1849 1292 1775 
3 2149 3270 1872 
3 1292 2307 3270 
3 1775 2149 3144 
3 2815 1475 1948 
3 3270 1475 1872 
3 1428 3048 1475 
3 3181 2449 3061 
3 2815 2149 1872 
3 3146 3498 1454 
3 3146 2149 3498 
3 3144 2637 2145 
3 2609 3146 2449 
3 3093 3105 3309 
3 3093 2609 3105 
3 2145 3093 3309 
3 2637 2609 3093 
3 3061 2449 3146 
3 1118 2608 1001 
3 1800 3061 1454 
3 2749 3181 3061 
3 2815 2131 3503 
3 1680 2749 1800 
3 3498 1800 1454 
3 3503 1680 1800 
3 1948 2131 2815 
3 2100 1680 3503 
3 1475 2815 1872 
3 3503 1800 2815 
3 1565 1903 3168 
3 2562 2749 1903 
3 1800 2749 3061 
3 2562 1177 2749 
3 1177 2831 1565 
3 2562 1903 2831 
3 2831 1177 2562 
3 2285 2735 1177 
3 1589 1595 3293 
3 2735 3293 1595 
3 2608 1589 1383 
3 2735 1595 1589 
3 1001 2608 3430 
3 1383 3062 2608 
3 2058 3430 2416 
3 2608 3486 3430 
3 1766 2416 2754 
3 1766 2058 2416 
3 1585 3486 3062 
3 2045 3430 3486 
3 2045 1605 2754 
3 2876 1753 1605 
3 1605 2857 2754 
3 1605 1753 2857 
3 2942 2233 2049 
3 1146 2336 2233 
3 2336 1042 1251 
3 2484 1376 3296 
3 2336 1251 2233 
3 1042 2178 1251 
3 2766 2565 2178 
3 2587 2942 2857 
3 2233 1251 2049 
3 2857 2942 2049 
3 2587 2233 2942 
3 2058 1001 3430 
3 1118 2735 2608 
3 2049 1808 2754 
3 1251 2178 2565 
3 1431 1001 2058 
3 1766 1431 2058 
3 2529 3408 1809 
3 2529 2209 1750 
3 1431 1750 2209 
3 3186 1118 1699 
3 1001 2209 1699 
3 1699 1118 1001 
3 1118 3186 3181 
3 1177 3181 2749 
3 2735 1118 3181 
3 3181 3186 2449 
3 1699 2209 3186 
3 3186 1809 2449 
3 3186 2209 2529 
3 3408 2529 1750 
3 1809 3186 2529 
3 3262 3408 1750 
3 3262 3105 3408 
3 2421 1049 2766 
3 3296 911 3305 
3 2178 3031 2421 
3 2484 3296 3305 
3 1042 3031 2178 
3 2065 1376 2484 
3 2178 2421 2766 
3 3031 2065 2421 
3 2766 1049 3305 
3 2421 2065 1049 
3 1049 2484 3305 
3 1049 2065 2484 
3 1777 3296 1376 
3 2362 2545 3296 
3 3296 2545 911 
3 1953 2991 1696 
3 1724 1268 1555 
3 1086 1953 1696 
3 1520 949 2122 
3 2654 783 1526 
3 1370 1184 2654 
3 3171 1370 967 
3 2373 2352 2117 
3 1738 1273 2253 
3 2397 1370 1273 
3 3171 967 1941 
3 1273 1370 1518 
3 2397 1184 1370 
3 2654 1184 783 
3 2397 1273 1184 
3 1273 1436 1184 
3 2538 3510 1436 
3 1620 3325 3317 
3 3325 2296 1526 
3 3510 3213 1436 
3 3317 1441 3213 
3 2736 3249 2467 
3 783 1441 1526 
3 2017 2654 1526 
3 2017 1370 2654 
3 848 1941 1063 
3 967 1370 2017 
3 2352 2722 848 
3 1518 1370 3171 
3 3171 1941 3242 
3 967 2017 1063 
3 1941 848 2722 
3 3236 848 2987 
3 1941 967 1063 
3 2987 848 1063 
3 3236 2352 848 
3 922 1064 2373 
3 3242 1941 2722 
3 1249 922 2373 
3 2722 2352 2373 
3 3236 1065 2352 
3 2642 2580 2117 
3 1064 2722 2373 
3 2258 1543 3488 
3 922 2436 2389 
3 3242 2722 2541 
3 1064 2389 2541 
3 922 1249 2436 
3 3488 1543 1249 
3 2580 1020 1268 
3 2436 1249 1543 
3 2580 1268 1724 
3 1356 1323 2287 
3 3488 2580 2258 
3 3488 2117 2580 
3 1217 2085 1696 
3 1555 1268 1089 
3 1398 1953 1086 
3 1398 1417 1953 
3 1089 3114 1217 
3 3114 2849 2782 
3 1555 1089 1497 
3 1089 1356 2287 
3 1217 3114 2085 
3 3202 1881 1360 
3 2287 2849 3114 
3 1360 2032 2849 
3 2085 3114 1316 
3 2849 1679 2782 
3 1679 1316 2782 
3 3234 1086 1316 
3 3470 2644 1881 
3 1338 1707 1384 
3 2032 1384 2050 
3 2644 3470 1384 
3 2691 3084 2325 
3 1338 1384 3470 
3 2325 1881 3202 
3 2325 3470 1881 
3 2408 3202 2849 
3 2408 2325 3202 
3 2287 2408 2849 
3 776 2710 2412 
3 1335 776 2408 
3 1335 1323 2710 
3 1335 2710 776 
3 1534 2325 2710 
3 776 2412 2408 
3 2710 2325 2412 
3 1504 3368 1874 
3 1305 3092 3198 
3 3455 2691 2589 
3 2325 1534 2691 
3 2364 2089 778 
3 2963 1534 778 
3 2642 778 1839 
3 2963 1874 1534 
3 2642 2364 778 
3 2642 1504 2364 
3 1839 1323 1356 
3 778 1534 1323 
3 1089 2287 3114 
3 1323 1335 2287 
3 1020 1356 1268 
3 1020 2642 1839 
3 1497 1089 1217 
3 1268 1356 1089 
3 1020 1839 1356 
3 778 1323 1839 
3 2580 2642 1020 
3 2117 2352 2642 
3 2089 2963 778 
3 2089 2364 2963 
3 2352 1065 2642 
3 3368 2290 1305 
3 2642 2862 1504 
3 2755 850 1412 
3 1065 2755 2862 
3 3111 1389 850 
3 3176 3053 3111 
3 3078 2736 3053 
3 2642 1065 2862 
3 1675 3176 1065 
3 3236 1675 1065 
3 3236 2987 1675 
3 3078 3249 2736 
3 1489 2987 3249 
3 817 2296 1046 
3 3249 1526 2296 
3 3317 3325 1441 
3 2390 2296 3325 
3 2296 2390 1046 
3 3325 1620 891 
3 1284 982 1289 
3 2390 3325 891 
3 891 982 2020 
3 2879 2913 3179 
3 2736 2467 817 
3 3249 2296 2467 
3 817 1451 3053 
3 3179 2692 3384 
3 1866 2462 1451 
3 1866 1364 2462 
3 2037 3009 1821 
3 3025 2692 3179 
3 1458 2879 3179 
3 1761 1364 3318 
3 2123 1405 1479 
3 1604 2692 3025 
3 2879 1761 2913 
3 2462 1364 1761 
3 1451 2879 1389 
3 1451 1761 2879 
3 3053 1389 3111 
3 2879 1458 1772 
3 1583 1612 1474 
3 1389 2879 1772 
3 1474 850 1389 
3 2755 3111 850 
3 2770 1412 850 
3 2862 2755 1412 
3 2333 3368 1305 
3 2862 1412 2290 
3 1534 3368 2333 
3 1504 2862 3368 
3 1305 3067 2770 
3 2290 1412 3067 
3 2729 3092 1512 
3 3067 1412 2770 
3 850 1512 2770 
3 2164 2167 934 
3 3092 2729 3416 
3 1371 1474 1772 
3 840 1944 2729 
3 1877 1572 1561 
3 1512 840 2729 
3 1371 1984 1944 
3 3384 1877 1984 
3 1068 2729 1944 
3 1944 840 1583 
3 1512 850 1474 
3 840 1612 1583 
3 840 1512 1474 
3 1458 1371 1772 
3 1612 840 1474 
3 1984 1371 1458 
3 1583 1474 1371 
3 1458 3179 1984 
3 2913 3025 3179 
3 3008 2517 1821 
3 1821 3318 2037 
3 2347 1178 2517 
3 1222 2878 3159 
3 3318 3025 2913 
3 3318 1604 3025 
3 1944 1984 1877 
3 1984 3179 3384 
3 1025 1222 3310 
3 2760 2214 1541 
3 2347 1693 1178 
3 3310 2760 1561 
3 2517 1178 2338 
3 1693 1572 1178 
3 1693 1025 3310 
3 1151 2979 1287 
3 1025 1151 1222 
3 932 2161 3347 
3 1222 2760 3310 
3 2597 2214 2760 
3 1561 1541 3280 
3 1561 2760 1541 
3 1007 2481 2214 
3 3466 1945 2481 
3 2299 1007 2597 
3 3466 2481 1007 
3 1693 1561 1572 
3 1693 3310 1561 
3 1998 1068 1337 
3 1068 1944 1877 
3 1234 2910 931 
3 1068 1877 1337 
3 1561 1337 1877 
3 2866 1288 1337 
3 1337 1288 2167 
3 2866 934 1288 
3 2167 2164 1998 
3 1067 1401 931 
3 3362 1067 2164 
3 3362 887 2519 
3 3362 1401 1067 
3 2260 2242 3455 
3 2101 3361 1401 
3 2282 3439 3454 
3 2216 2101 1401 
3 2216 1677 2626 
3 3361 3455 1717 
3 2242 3084 3455 
3 1998 931 1068 
3 1998 1067 931 
3 2910 3416 931 
3 2729 1068 2382 
3 2382 3416 2729 
3 2382 931 3416 
3 2770 3092 1305 
3 3416 2589 3092 
3 1305 3198 2691 
3 3092 2589 3198 
3 1234 2996 2910 
3 2589 3416 2910 
3 1717 2996 2076 
3 2589 2910 2996 
3 1401 1234 931 
3 2076 2996 1234 
3 810 3084 2068 
3 810 2325 3084 
3 1338 810 2068 
3 1338 2325 810 
3 1707 1338 1239 
3 3470 2325 1338 
3 1239 2068 1060 
3 1239 1338 2068 
3 1575 1060 2282 
3 2068 3084 1060 
3 1333 1556 1575 
3 1707 1060 1575 
3 1575 2282 2689 
3 1060 3084 1649 
3 2968 2071 895 
3 1575 2689 2071 
3 2216 3439 2101 
3 2282 1060 1649 
3 3439 1649 3361 
3 3439 2282 1649 
3 3361 2260 3455 
3 3361 1649 2260 
3 2626 3454 3439 
3 1672 3229 2689 
3 2626 1224 1672 
3 1902 3462 1672 
3 2802 1377 1902 
3 3266 895 3462 
3 895 3281 3462 
3 2071 3229 3281 
3 1226 2968 3266 
3 2071 3281 895 
3 1003 2552 2853 
3 2302 3443 937 
3 3266 2968 895 
3 1226 3443 2309 
3 2234 2892 2302 
3 2302 937 2853 
3 2937 3073 2892 
3 3443 975 2309 
3 2234 2302 2853 
3 3073 3348 3443 
3 2552 2234 2853 
3 2206 2937 2234 
3 940 3324 2725 
3 996 2399 1166 
3 1550 1641 1392 
3 3463 2399 2531 
3 1392 1641 3463 
3 1641 2378 3463 
3 2552 2206 2234 
3 1162 3324 2531 
3 2552 2531 2206 
3 3324 3463 2531 
3 2937 2274 2415 
3 2206 2531 996 
3 1162 2552 2725 
3 1162 2531 2552 
3 3073 2937 3348 
3 2274 2251 2080 
3 3348 2937 2415 
3 2892 2234 2937 
3 2251 3172 2370 
3 2531 2399 996 
3 3002 2142 2399 
3 854 2370 1166 
3 2142 2195 1166 
3 1166 2195 854 
3 2206 3172 2274 
3 996 2370 3172 
3 3172 2266 2274 
3 3172 2251 2266 
3 2415 2007 3348 
3 2767 2240 2582 
3 2912 3016 1413 
3 2582 3348 2007 
3 3073 3443 2302 
3 3348 2582 3443 
3 1226 2309 2968 
3 975 3286 3177 
3 975 1333 2309 
3 1556 1707 1575 
3 3177 1556 1333 
3 3177 3286 3052 
3 975 3177 1333 
3 3286 2935 3052 
3 3177 3052 1556 
3 3506 2050 3052 
3 2240 2935 3286 
3 2240 3506 2935 
3 2007 2767 2582 
3 3209 2173 3447 
3 2767 1994 2240 
3 2912 2007 2080 
3 1950 3193 779 
3 1950 985 3193 
3 3221 2598 985 
3 1994 2134 2240 
3 985 2598 2134 
3 1438 3326 2598 
3 1316 1679 3326 
3 1398 3234 1615 
3 1615 3234 1438 
3 1086 3234 1398 
3 1316 3326 3234 
3 1615 1417 1398 
3 1615 3221 1417 
3 1950 779 1386 
3 3221 985 1950 
3 1615 2598 3221 
3 1994 1413 779 
3 2912 2767 2007 
3 3414 3447 1979 
3 2912 1413 1994 
3 3414 2441 3447 
3 3414 2761 2441 
3 2441 2225 3447 
3 1838 1413 3016 
3 3209 3016 2912 
3 2225 1838 3016 
3 2225 3016 3209 
3 2007 2415 2080 
3 2767 2912 1994 
3 3209 3447 2225 
3 2080 2173 2912 
3 2173 1979 3447 
3 2912 2173 3209 
3 2080 2251 2173 
3 2807 1915 2205 
3 1780 830 1915 
3 1780 2179 830 
3 830 3327 1915 
3 2807 2205 3414 
3 3459 2300 2295 
3 888 1704 804 
3 1391 942 1704 
3 1780 2201 2179 
3 2215 1464 2024 
3 3459 1148 2300 
3 2798 2295 2300 
3 2295 1181 3459 
3 2142 1827 2807 
3 2179 2215 1181 
3 2195 2142 2807 
3 1166 2399 2142 
3 854 2195 1979 
3 2807 3414 2195 
3 3002 2132 2142 
3 951 1033 1917 
3 2132 1827 2142 
3 2132 1917 1827 
3 1827 1464 2201 
3 2215 3459 1181 
3 1917 1263 1464 
3 1263 2670 2024 
3 1464 1263 2024 
3 1144 808 2368 
3 1827 1917 1464 
3 2132 2378 1917 
3 1917 2378 951 
3 2132 3002 2378 
3 1033 2670 1263 
3 1033 3377 2670 
3 965 1148 2024 
3 2119 3377 1641 
3 965 1749 2275 
3 2024 2670 1749 
3 965 2275 1144 
3 1749 1683 2275 
3 1148 1144 1294 
3 2275 1683 1144 
3 1294 1923 2683 
3 3197 1282 2837 
3 1148 965 1144 
3 1148 2215 2024 
3 2300 1148 804 
3 3459 2215 1148 
3 1148 888 804 
3 1327 3060 1391 
3 888 1391 1704 
3 888 2683 1391 
3 2683 3197 1391 
3 3197 1507 1282 
3 1391 3197 1327 
3 2683 2902 3197 
3 3197 2902 918 
3 2683 1148 1294 
3 2368 1294 1144 
3 1923 2902 2683 
3 2119 966 3337 
3 3337 808 1683 
3 808 3337 991 
3 2204 961 3396 
3 2368 1923 1294 
3 2368 991 3396 
3 2368 918 1923 
3 1507 1886 1282 
3 1445 3208 918 
3 3208 1161 1507 
3 2454 3208 3265 
3 918 2368 1445 
3 918 3208 1507 
3 3208 1933 3265 
3 2454 3265 1257 
3 3208 1445 1933 
3 2061 2194 1358 
3 3396 961 3352 
3 2061 1933 2194 
3 1445 2368 3396 
3 3396 2194 1445 
3 2391 1358 2194 
3 2204 3396 991 
3 2391 2194 3396 
3 2670 2119 3337 
3 3352 2752 2391 
3 2428 961 1636 
3 2428 2752 961 
3 3396 3352 2391 
3 961 2752 3352 
3 2304 1860 2361 
3 2646 2667 940 
3 2231 1860 2428 
3 2231 2112 1860 
3 1860 2112 2361 
3 2231 2359 1550 
3 2780 1135 1840 
3 1382 2932 2361 
3 2231 1550 2112 
3 3377 951 1641 
3 1550 2359 2119 
3 2231 2428 966 
3 1636 966 2428 
3 3337 1683 1749 
3 1636 3337 966 
3 1636 2204 3337 
3 966 2119 2359 
3 2670 3377 2119 
3 3324 2667 3463 
3 1550 2119 1641 
3 2667 1392 3463 
3 1820 1550 1392 
3 940 2667 3324 
3 940 1840 2646 
3 2413 3117 3118 
3 1840 940 2934 
3 2667 2646 1820 
3 2932 1395 2361 
3 3118 3117 1551 
3 2413 2951 1039 
3 2780 1551 2442 
3 1840 2934 1003 
3 1003 3118 1840 
3 2853 2413 3118 
3 2552 1003 2934 
3 2853 3118 1003 
3 832 2951 2413 
3 855 1625 1039 
3 3462 2426 3266 
3 832 855 2951 
3 3462 1377 2426 
3 2010 1286 1377 
3 1377 832 2426 
3 1377 1286 832 
3 832 2728 1625 
3 2855 3275 3440 
3 832 1625 855 
3 2728 3440 1625 
3 2413 1039 3117 
3 2951 855 1039 
3 2855 3440 2728 
3 2127 902 2732 
3 832 2316 2728 
3 3126 3275 2855 
3 2354 2316 1286 
3 2354 2699 2316 
3 2316 2699 3126 
3 777 2919 1682 
3 3261 1509 2168 
3 2699 2354 2168 
3 3440 3275 2310 
3 1885 2699 1509 
3 1557 2127 2732 
3 3440 1034 2127 
3 1551 959 2442 
3 3260 1905 2366 
3 1557 2732 960 
3 2127 1034 902 
3 2442 1557 960 
3 959 2127 1557 
3 2442 959 1557 
3 1551 2074 959 
3 2646 2026 1382 
3 1135 2780 3124 
3 2646 1135 2026 
3 2646 1840 1135 
3 2646 1382 2361 
3 2026 2932 1382 
3 1897 2932 3260 
3 2780 960 3124 
3 889 3260 2133 
3 2265 960 2732 
3 2143 2133 2001 
3 2555 889 2133 
3 1709 1309 2447 
3 2133 3260 2366 
3 1121 902 1034 
3 3336 1134 2355 
3 1309 2355 2447 
3 2366 1905 2355 
3 3260 1387 1905 
3 2265 3124 960 
3 3260 2265 1387 
3 3260 3124 2265 
3 3440 2310 1034 
3 3275 3126 1885 
3 1529 3261 2593 
3 2310 3275 3261 
3 3275 1885 3261 
3 3126 2699 1885 
3 1797 2920 1610 
3 2920 3261 1529 
3 1610 2920 1529 
3 2310 3261 2920 
3 1134 1121 1797 
3 1121 1034 2603 
3 3336 1121 1134 
3 3336 902 1121 
3 1134 1797 3082 
3 1121 2603 1797 
3 2298 881 1968 
3 3484 3082 827 
3 3082 1610 827 
3 1529 2503 1610 
3 963 2496 1159 
3 827 1610 1159 
3 2881 963 1159 
3 2099 3507 881 
3 3484 827 2298 
3 2496 2099 1348 
3 3484 2298 1702 
3 1348 881 2298 
3 3071 1309 946 
3 1709 1702 946 
3 1309 1709 946 
3 2447 1490 1709 
3 1702 1490 3484 
3 1702 1709 1490 
3 1968 3071 946 
3 2548 2366 1309 
3 2001 2548 1309 
3 2001 2133 2548 
3 1919 1968 881 
3 1919 3071 1968 
3 1019 3071 1919 
3 1019 1488 3071 
3 903 1345 1671 
3 2001 1309 1488 
3 1671 1345 1488 
3 2724 1546 1013 
3 1212 903 1671 
3 2724 2506 1648 
3 2506 995 1648 
3 2816 2400 2011 
3 3421 2180 2506 
3 2180 1548 995 
3 1546 1648 2335 
3 1910 1893 1544 
3 2361 2724 1013 
3 903 2826 2724 
3 3482 889 2555 
3 1897 3260 889 
3 1395 3482 2143 
3 1395 1897 3482 
3 3482 1897 889 
3 1395 2932 1897 
3 2752 2304 1013 
3 2428 1860 2304 
3 1135 2932 2026 
3 1135 3124 2932 
3 2724 2143 2001 
3 2724 2361 2143 
3 2724 1648 1546 
3 2724 2826 2506 
3 2335 1910 2297 
3 1910 2898 1893 
3 3373 1910 2335 
3 2419 1358 2297 
3 3265 2061 1397 
3 1358 1544 2061 
3 1397 1762 2581 
3 2096 1094 1140 
3 3265 1397 1257 
3 1688 1893 1762 
3 1378 1762 1893 
3 1397 1688 1762 
3 1378 2581 1762 
3 1140 1257 2581 
3 2061 1688 1397 
3 2061 1544 1688 
3 3401 2291 2925 
3 1140 2581 2291 
3 995 2898 3373 
3 2706 2286 1450 
3 2297 1910 2419 
3 3373 2898 1910 
3 3407 2400 2681 
3 2816 1893 1548 
3 995 1548 2898 
3 995 1734 2180 
3 2706 2816 1548 
3 2011 3407 1378 
3 2011 1378 2816 
3 2925 2291 1378 
3 2816 2706 2400 
3 1548 2286 2706 
3 2681 917 3407 
3 3333 2176 990 
3 2681 2994 917 
3 3222 873 972 
3 3301 1818 1678 
3 1450 2286 3379 
3 2681 1818 3301 
3 2681 2706 1450 
3 1818 1450 3379 
3 1818 2681 1450 
3 1548 2180 2286 
3 1734 2506 2180 
3 995 2506 1734 
3 2826 2636 2506 
3 1212 2636 2826 
3 972 873 2636 
3 903 1212 2826 
3 1855 1343 1970 
3 1671 1855 1212 
3 1671 2995 1855 
3 1488 1195 2995 
3 1195 1864 2905 
3 2506 3143 3421 
3 2506 2636 3143 
3 2180 3421 3379 
3 3143 873 3421 
3 3379 1678 1818 
3 1051 2739 3333 
3 3421 1654 3379 
3 2739 2176 3333 
3 3222 1654 873 
3 1678 3379 1654 
3 1074 2349 1523 
3 1243 1884 2893 
3 1970 972 1855 
3 3277 3222 972 
3 1437 1817 3222 
3 2476 1678 1654 
3 1817 2476 3222 
3 2293 2176 2739 
3 1751 3113 2184 
3 1103 3301 1678 
3 1678 2476 1103 
3 2476 2293 2739 
3 3333 2184 1051 
3 2994 3301 1103 
3 2994 3319 917 
3 3319 1103 1051 
3 917 3319 3204 
3 2994 1103 3319 
3 3204 3113 897 
3 3204 3319 1051 
3 3204 1051 3113 
3 1103 2739 1051 
3 3182 872 2113 
3 990 2176 872 
3 1817 2293 2476 
3 2113 872 2293 
3 1361 1437 3222 
3 2576 2113 1817 
3 2650 914 1616 
3 2576 1817 1437 
3 1361 2675 1437 
3 2566 3441 2414 
3 2675 2218 1437 
3 2820 2113 2576 
3 872 3182 990 
3 2113 2820 3182 
3 2820 2387 909 
3 1580 3427 1122 
3 909 2387 1122 
3 1015 1138 2387 
3 3074 1111 2820 
3 2916 1015 1111 
3 2650 1587 914 
3 2992 3148 3055 
3 2576 2502 2820 
3 798 2916 3074 
3 2820 2502 3074 
3 2576 1437 2218 
3 3148 2218 3055 
3 2502 2576 2218 
3 1616 914 2742 
3 914 878 2742 
3 812 1302 2742 
3 2992 3055 1302 
3 3441 812 2742 
3 2566 2087 812 
3 2414 1824 2566 
3 1989 2087 2566 
3 878 1824 2414 
3 2566 812 3441 
3 2277 1824 1852 
3 2277 2566 1824 
3 2742 2414 3441 
3 2742 878 2414 
3 1243 1735 3235 
3 1476 3367 1735 
3 878 914 2806 
3 2742 1302 1616 
3 3055 1616 1302 
3 2675 1361 2650 
3 2675 2650 1616 
3 1361 1587 2650 
3 972 2349 3277 
3 972 1970 1523 
3 1361 1074 1587 
3 3277 2349 1074 
3 1074 1523 1587 
3 2349 972 1523 
3 1523 2875 1587 
3 1523 1970 2875 
3 1238 3367 1031 
3 1735 1283 1633 
3 1238 1031 1870 
3 1476 3020 1031 
3 3289 1238 1870 
3 1265 2799 1238 
3 2799 2006 2407 
3 3240 1283 3135 
3 1183 1568 2612 
3 2006 3135 2407 
3 1031 3367 1476 
3 2407 1283 3367 
3 1243 3020 1735 
3 3367 1283 1735 
3 1735 1633 878 
3 2997 1852 2774 
3 3068 2774 1852 
3 2997 1283 3240 
3 878 3068 1824 
3 878 1633 3068 
3 1568 2970 2006 
3 2704 1852 2970 
3 2612 1568 2799 
3 3047 2473 1021 
3 1633 2997 2774 
3 1633 1283 2997 
3 1568 2006 2799 
3 3240 3135 2006 
3 1265 2612 2799 
3 3047 998 2473 
3 1265 1183 2612 
3 983 1599 847 
3 1562 2395 1183 
3 998 847 1791 
3 2395 3047 1183 
3 998 2395 847 
3 998 3047 2395 
3 1265 1562 1183 
3 2570 1756 3125 
3 2395 1242 847 
3 1756 1265 2380 
3 1242 983 847 
3 1242 1562 2570 
3 1791 1521 1732 
3 1791 847 1521 
3 1242 2570 983 
3 3125 1599 1442 
3 983 2570 1442 
3 1562 1265 1756 
3 3289 3028 1238 
3 3028 1741 1810 
3 1810 1756 2380 
3 2570 1562 1756 
3 1150 2586 2465 
3 1150 2438 2586 
3 2570 3125 1442 
3 1756 1810 3125 
3 2712 2917 1539 
3 2229 2185 2865 
3 3366 2438 1150 
3 2946 1888 2438 
3 3366 1332 2438 
3 1457 1381 2235 
3 3284 2456 1150 
3 1816 1019 3507 
3 2465 2586 1741 
3 2438 1888 2586 
3 3028 2465 1741 
3 3284 1150 2465 
3 1238 3028 2380 
3 3284 2465 3028 
3 1735 3020 1476 
3 2063 1884 2060 
3 1243 2893 3020 
3 1243 1343 1884 
3 947 1243 3235 
3 1970 1343 1243 
3 1884 2905 2060 
3 835 882 3444 
3 1870 2063 2060 
3 2893 1884 2063 
3 2060 3289 1870 
3 3289 3444 2456 
3 1150 2456 3366 
3 3284 3289 2456 
3 1330 835 2488 
3 882 1816 3444 
3 2488 1864 1330 
3 2905 2630 1195 
3 2488 2905 1864 
3 1884 1343 2630 
3 1357 2630 1343 
3 2995 1671 1488 
3 1357 2995 2630 
3 1357 1855 2995 
3 1488 3145 1195 
3 1488 1019 3145 
3 2488 835 3444 
3 1330 882 835 
3 2946 1332 1645 
3 2351 1095 1816 
3 2351 1816 3507 
3 1095 3444 1816 
3 1332 2351 3507 
3 3366 1095 2351 
3 2099 1332 3507 
3 3366 2351 1332 
3 1645 1844 2946 
3 1457 2235 2619 
3 1844 2321 2946 
3 1844 1645 1381 
3 1844 1381 2321 
3 1645 963 1381 
3 1645 2099 2496 
3 1645 1332 2099 
3 2235 3276 3006 
3 1728 2986 3276 
3 1461 2881 1728 
3 1461 963 2881 
3 2235 963 1461 
3 1645 2496 963 
3 796 2547 2777 
3 3276 1856 1126 
3 3303 2887 2264 
3 3006 3276 1126 
3 3103 3129 814 
3 1419 2264 2464 
3 2159 1126 1856 
3 2464 1221 1126 
3 1421 1419 3129 
3 2464 814 3129 
3 1421 3129 3000 
3 1419 2464 3129 
3 2170 2140 1248 
3 2422 1197 1421 
3 3405 2130 1248 
3 1171 2315 1472 
3 2648 1248 2130 
3 3180 3231 2315 
3 2723 3000 3129 
3 2648 2130 3000 
3 3303 2264 1928 
3 1221 2464 2264 
3 2147 2777 1011 
3 3006 1221 2777 
3 3303 1928 1197 
3 2264 1419 1421 
3 2264 1421 1928 
3 3000 2130 1421 
3 816 2422 2599 
3 1421 2130 2422 
3 2315 3405 3180 
3 2422 2130 3405 
3 2664 3350 2477 
3 2887 1221 2264 
3 2477 3350 3303 
3 1011 2777 2887 
3 1863 2796 1011 
3 2547 2796 3006 
3 2147 796 2777 
3 2547 3006 2777 
3 2147 2547 796 
3 3006 2796 2619 
3 2147 3185 2547 
3 2147 1011 3185 
3 1076 3011 2619 
3 2321 1381 1457 
3 2619 2796 1076 
3 3185 1011 2796 
3 2712 3011 1076 
3 2235 3006 2619 
3 2619 3011 1457 
3 2712 2787 3011 
3 2169 3080 898 
3 2169 2712 3080 
3 1076 898 3080 
3 2796 2332 898 
3 2796 1863 2332 
3 3350 864 2659 
3 2211 2169 2765 
3 2211 2712 2169 
3 2865 2917 2229 
3 1539 2787 2712 
3 2865 1539 2917 
3 2865 2787 1539 
3 2034 2185 2229 
3 3153 1521 2185 
3 2034 3153 2185 
3 3196 970 3206 
3 3196 864 3121 
3 2659 1399 2332 
3 3206 2034 1399 
3 3196 3121 970 
3 1072 1220 2239 
3 1368 1220 864 
3 3155 3121 864 
3 864 2664 1368 
3 1569 2659 2332 
3 1569 1863 2659 
3 2659 1863 3350 
3 1569 2332 1863 
3 2477 816 2664 
3 2477 2422 816 
3 864 3350 2664 
3 1863 1011 3350 
3 980 1368 2599 
3 2422 980 2599 
3 2422 3405 980 
3 2239 1220 1768 
3 1368 980 1171 
3 864 1220 1218 
3 1768 1472 2239 
3 1368 1768 1220 
3 1171 1472 1768 
3 1218 1220 1072 
3 1190 3375 1236 
3 2047 1317 2468 
3 1190 1236 1832 
3 1959 1317 921 
3 1959 921 3226 
3 2047 2468 1463 
3 1959 3226 3003 
3 3226 2047 1246 
3 1686 3003 811 
3 3003 3226 1035 
3 3076 1246 2955 
3 1035 3226 1246 
3 1190 1832 2468 
3 3425 1131 1463 
3 1246 2047 1463 
3 921 1317 2047 
3 1472 2758 3263 
3 3425 1463 1832 
3 3425 2758 1784 
3 1832 3263 2758 
3 1472 1258 2758 
3 3231 1128 1258 
3 1472 2315 3231 
3 1171 980 2315 
3 1248 2140 3405 
3 2353 3005 1128 
3 3405 2140 3180 
3 2140 3005 2353 
3 1131 3425 1779 
3 1538 1128 2786 
3 1131 1779 1048 
3 2786 3005 1168 
3 3238 1276 3271 
3 1048 3264 1276 
3 1276 3264 2281 
3 1048 1779 1168 
3 3180 2140 2353 
3 2170 2648 2140 
3 3005 1306 1168 
3 3005 2140 1306 
3 2723 1326 2544 
3 2337 1306 2559 
3 1048 1168 3264 
3 1306 2337 1168 
3 2717 1938 2708 
3 2281 1168 1422 
3 1176 2656 2595 
3 2955 1246 916 
3 2656 2717 2708 
3 811 1035 1246 
3 1422 3167 916 
3 2595 2955 3167 
3 2281 916 3271 
3 3167 2955 916 
3 3076 811 1246 
3 2676 1686 811 
3 2595 2656 2955 
3 2708 811 3076 
3 2955 2656 3076 
3 1938 811 2708 
3 3076 2656 2708 
3 2676 811 1938 
3 1108 2717 2656 
3 2676 1938 2717 
3 2221 1531 3308 
3 2221 2922 1531 
3 1422 1176 2595 
3 1108 1531 2717 
3 1168 2337 2475 
3 1788 2344 1108 
3 2922 2221 1813 
3 3308 1213 2062 
3 3091 822 2567 
3 2221 3308 1590 
3 2703 1531 2922 
3 822 2703 2922 
3 1350 2259 3091 
3 2922 1813 2567 
3 3091 1590 955 
3 1813 2221 1590 
3 3091 955 3128 
3 3173 1964 2320 
3 1590 2062 955 
3 3173 1213 1077 
3 1788 1098 2344 
3 1104 2014 2524 
3 955 2062 3041 
3 1590 3308 2062 
3 2344 2108 1213 
3 2344 1873 2108 
3 1098 3354 3489 
3 1176 1108 2656 
3 1423 1684 2313 
3 1241 1695 1200 
3 2344 1098 1873 
3 2250 2524 927 
3 1929 1182 2313 
3 3428 2404 2150 
3 3254 3227 2313 
3 2544 2337 2559 
3 1182 1929 3087 
3 2544 1582 2475 
3 3087 3359 1540 
3 1929 1096 3359 
3 3227 1096 1929 
3 3227 3354 2957 
3 3227 1582 1096 
3 3354 1788 2957 
3 3227 2957 1582 
3 1788 1108 1176 
3 2544 2475 2337 
3 1582 2957 2475 
3 1168 1176 1422 
3 2957 1788 1176 
3 2723 2544 2559 
3 1326 1582 2544 
3 2648 2723 2559 
3 3359 1096 1326 
3 3000 2723 2648 
3 1540 3359 1326 
3 3129 3103 2723 
3 1143 1628 2719 
3 3103 1540 2723 
3 3103 2575 1540 
3 2434 1481 3294 
3 2418 1560 1876 
3 2575 1481 3087 
3 814 2418 1481 
3 814 2575 3103 
3 814 1481 2575 
3 2159 1560 1126 
3 2418 814 1560 
3 1024 1340 1856 
3 1340 1560 2159 
3 2653 1460 2986 
3 2999 1856 3276 
3 1690 2653 2986 
3 2653 1880 2999 
3 1610 2503 2986 
3 2168 2593 3261 
3 2986 2503 1690 
3 1529 2593 2503 
3 2653 2999 1460 
3 1024 1856 2999 
3 1856 1340 2159 
3 1024 3294 1340 
3 3184 3294 2499 
3 1876 1340 3294 
3 2999 1880 1024 
3 2503 2593 1576 
3 2354 2976 2168 
3 1880 2503 1576 
3 2168 1045 1576 
3 2226 1024 1880 
3 2593 2168 1576 
3 1509 2699 2168 
3 2203 2226 1045 
3 933 2379 2226 
3 2379 2564 1453 
3 3294 1024 2499 
3 3100 2434 1701 
3 3100 1628 2434 
3 1701 2434 941 
3 2434 3294 3184 
3 3394 3100 1701 
3 1628 1481 2434 
3 2719 1628 3100 
3 3087 1540 2575 
3 1143 3087 923 
3 2719 1182 3087 
3 1481 923 3087 
3 1481 1628 923 
3 1628 1143 923 
3 2719 3087 1143 
3 2313 1182 1423 
3 2719 3394 1182 
3 2564 941 2499 
3 3184 2499 941 
3 1525 3394 1701 
3 3382 1598 2404 
3 941 1525 1701 
3 887 3362 3382 
3 1080 2583 1769 
3 1453 2499 2226 
3 2328 1080 1769 
3 1525 941 2583 
3 2583 2564 1769 
3 2583 941 2564 
3 2379 1453 2226 
3 2564 2499 1453 
3 859 1290 933 
3 1769 2564 2379 
3 2226 2203 933 
3 1045 2168 2976 
3 1045 2976 2203 
3 2354 1286 1336 
3 2976 3417 2203 
3 2976 2354 3417 
3 3417 1336 2203 
3 3417 2354 1336 
3 2203 1973 933 
3 1336 2919 1973 
3 2066 1290 859 
3 1769 2379 1290 
3 1478 2008 2802 
3 1469 1677 1682 
3 3372 1682 2919 
3 3372 3044 2802 
3 2802 3044 2010 
3 3372 1336 3044 
3 1682 2802 2008 
3 2010 1377 2802 
3 1672 1224 1902 
3 1271 2008 1478 
3 1224 1271 1478 
3 1469 2008 1271 
3 3454 2626 1672 
3 2626 1271 1224 
3 2216 2626 3439 
3 1469 1271 2626 
3 2626 1677 1469 
3 1099 777 1677 
3 2216 1099 1677 
3 859 1973 1099 
3 1973 777 1099 
3 1973 2919 777 
3 1080 887 1525 
3 2519 1401 3362 
3 2583 1080 1525 
3 2328 2519 1080 
3 1080 2519 887 
3 2328 2066 2519 
3 1290 2066 2328 
3 859 2216 2066 
3 1945 1695 3280 
3 3399 2524 2014 
3 3322 1945 3466 
3 927 1200 1945 
3 1942 1964 2874 
3 927 1945 3322 
3 3399 1241 1200 
3 852 1695 1241 
3 1945 1200 1695 
3 927 2524 1200 
3 3212 1598 3382 
3 3212 934 1598 
3 887 3382 3394 
3 3362 3212 3382 
3 2313 1684 3254 
3 3428 1659 2404 
3 1684 3428 2150 
3 1423 1182 3428 
3 3254 1684 2150 
3 1423 3428 1684 
3 3489 2014 1098 
3 3489 3254 2014 
3 2014 1104 1098 
3 1492 2813 1077 
3 1492 1104 3478 
3 2751 1098 1104 
3 2150 3399 2014 
3 2150 1241 3399 
3 2813 1492 3478 
3 2751 1104 1492 
3 1077 2813 1964 
3 1077 2751 1492 
3 3173 1077 1964 
3 1873 2751 1077 
3 1081 2638 2320 
3 3312 2062 1213 
3 2320 2638 3173 
3 3041 2062 3312 
3 2813 3478 1964 
3 1104 2524 2250 
3 3136 1002 1942 
3 3136 1972 1002 
3 1942 2874 3136 
3 2299 3322 3466 
3 3136 3127 1972 
3 2874 3490 3127 
3 3478 3490 2874 
3 3478 1104 2250 
3 3322 2250 927 
3 3322 3490 2250 
3 1222 3159 2597 
3 2878 1287 3159 
3 3159 2299 2597 
3 3159 3490 2299 
3 1151 1287 2878 
3 944 3109 1972 
3 2979 944 1287 
3 2882 1906 3109 
3 1821 3009 3008 
3 3318 1364 1657 
3 792 2268 1657 
3 2268 2744 2037 
3 2041 2311 1660 
3 3009 2037 2744 
3 2338 1821 2517 
3 1411 1660 2311 
3 1175 1372 2517 
3 1175 2311 1372 
3 1411 3008 2744 
3 1175 2517 3008 
3 1604 1821 2338 
3 1604 3318 1821 
3 1405 2123 1372 
3 2918 1025 2347 
3 3015 2918 2123 
3 2347 1372 2123 
3 1151 1025 2772 
3 1693 2347 1025 
3 1025 1967 2772 
3 2918 2347 2123 
3 1500 1044 1542 
3 3245 1418 3340 
3 2772 1967 1542 
3 1025 2918 1967 
3 1752 3015 2123 
3 3015 1967 2918 
3 2779 3015 1502 
3 2779 1967 3015 
3 1542 2779 1502 
3 1542 1967 2779 
3 2511 2809 1502 
3 2809 3400 1500 
3 3245 1044 2161 
3 1500 1502 2809 
3 3015 1752 1502 
3 2511 3400 2809 
3 1752 2511 1502 
3 1342 2836 2511 
3 2041 2294 1479 
3 1342 2511 1752 
3 1411 3156 1660 
3 1411 2633 3156 
3 2311 2041 1479 
3 1660 3089 2294 
3 1405 2311 1479 
3 1175 3008 1411 
3 1175 1411 2311 
3 2744 2268 2633 
3 2768 865 792 
3 2854 2962 2633 
3 2744 2633 1411 
3 2268 2854 2633 
3 792 865 3415 
3 2312 1667 1811 
3 2141 2939 865 
3 2939 1667 2312 
3 2962 1811 1660 
3 1667 2939 1691 
3 1667 1691 1811 
3 2294 1342 1752 
3 1632 2938 1062 
3 3151 3150 976 
3 1691 2622 2838 
3 976 3150 2247 
3 1062 1691 2939 
3 1062 2622 1691 
3 1891 1632 1062 
3 1047 1747 2493 
3 2622 2938 2247 
3 2938 976 2247 
3 2938 3151 976 
3 2437 3295 1050 
3 3150 1262 3295 
3 3400 2836 3040 
3 1342 1047 2493 
3 1806 1747 2838 
3 1747 2247 3295 
3 3089 1747 1047 
3 1806 2247 1747 
3 2622 1806 2838 
3 2622 2247 1806 
3 1811 3089 1660 
3 1811 2838 3089 
3 1660 2294 2041 
3 3089 1342 2294 
3 2511 2836 3400 
3 1342 2493 2764 
3 2836 2764 3040 
3 2836 1342 2764 
3 2764 2828 3040 
3 3099 3436 1581 
3 2493 2883 2828 
3 880 1747 2437 
3 1277 2120 2647 
3 1802 3255 3099 
3 3099 2437 3436 
3 880 2493 1747 
3 2437 3019 3436 
3 2111 1473 3390 
3 3099 880 2437 
3 3099 2883 880 
3 2437 1050 3019 
3 1170 1262 2059 
3 3295 1170 1050 
3 3295 1262 1170 
3 1050 2059 3019 
3 1050 1170 2059 
3 799 2111 3390 
3 2059 1473 2111 
3 2398 1593 1757 
3 799 3390 1593 
3 2781 782 3096 
3 1593 3390 1757 
3 2402 877 782 
3 1528 1858 1733 
3 3436 2771 2244 
3 799 2398 2771 
3 1721 2053 1328 
3 2771 2398 3075 
3 2466 1721 1328 
3 3110 1581 2244 
3 2053 2244 2771 
3 2053 3110 2244 
3 3110 1277 2647 
3 2702 1802 1277 
3 2647 2120 3099 
3 1277 1802 2120 
3 1924 2386 2969 
3 2702 1277 2036 
3 2969 1721 2466 
3 2036 3110 1721 
3 2431 2757 1924 
3 2527 2553 2971 
3 2948 886 1446 
3 1795 1906 1837 
3 2869 2527 1030 
3 1229 1924 1030 
3 2036 2386 2702 
3 1924 1229 2843 
3 2882 820 1837 
3 3347 3255 1802 
3 2969 2386 2036 
3 1924 2843 2386 
3 1721 2969 2036 
3 2466 1924 2969 
3 1163 2091 2702 
3 820 2882 2979 
3 2091 3347 1802 
3 3040 2828 3255 
3 820 3347 2091 
3 2161 3400 3347 
3 1418 3245 2161 
3 1044 1500 3400 
3 3340 1044 3245 
3 3340 1542 1044 
3 932 2797 1418 
3 932 2627 2797 
3 820 932 3347 
3 2979 1151 2627 
3 1795 1163 2702 
3 3330 820 1163 
3 1837 3330 1163 
3 1837 820 3330 
3 2797 2627 1151 
3 932 820 2979 
3 3340 2797 2772 
3 3340 1418 2797 
3 932 2979 2627 
3 2882 944 2979 
3 1298 3109 2385 
3 2882 1837 1906 
3 1972 3109 1298 
3 944 2882 3109 
3 2948 1795 2702 
3 2385 1906 1795 
3 1081 1344 886 
3 1081 1002 1344 
3 2948 1446 1795 
3 2385 1795 1446 
3 1030 2527 1229 
3 886 1344 2385 
3 2527 2971 2948 
3 2971 2638 1081 
3 1229 2527 2948 
3 2527 2869 3192 
3 1446 886 2385 
3 2971 1081 886 
3 2553 2638 2971 
3 2320 1002 1081 
3 3192 1922 2553 
3 1913 3041 3312 
3 3041 2563 955 
3 2638 2553 1922 
3 1350 3091 3128 
3 2567 1590 3091 
3 819 1922 2635 
3 3128 2563 1922 
3 2259 1350 819 
3 3128 1922 1350 
3 1922 1913 2638 
3 1922 2563 1913 
3 1922 3192 2635 
3 2553 2527 3192 
3 1924 2869 1030 
3 3442 819 2635 
3 819 3442 1744 
3 2869 1924 3442 
3 2757 2431 3356 
3 2757 3442 1924 
3 2906 2757 1627 
3 2906 3442 2757 
3 1733 784 1627 
3 1744 3442 2906 
3 3282 2259 3492 
3 2259 819 1744 
3 3492 2259 2510 
3 3342 822 2259 
3 2906 784 2510 
3 1185 2348 3049 
3 2522 2615 784 
3 2522 1185 2615 
3 2522 784 1733 
3 2615 3492 784 
3 2615 1185 1869 
3 2522 2348 1185 
3 1697 1185 3049 
3 2591 2305 3165 
3 1533 885 3468 
3 3165 3095 885 
3 2243 1533 2789 
3 2542 1869 1533 
3 863 3228 2789 
3 2542 1533 2243 
3 2243 3228 3282 
3 2243 2789 3228 
3 784 3492 2510 
3 1869 2542 3492 
3 2259 822 3091 
3 3342 3331 822 
3 3282 3342 2259 
3 3282 3228 3342 
3 3331 2703 822 
3 2762 2701 1157 
3 3331 2762 2703 
3 3331 3228 863 
3 899 2701 2762 
3 1686 2676 1157 
3 3331 863 2762 
3 899 2773 2701 
3 2762 863 899 
3 2789 3468 863 
3 2472 3095 2840 
3 2762 1157 2717 
3 2701 1686 1157 
3 1394 2202 2591 
3 1700 1974 1959 
3 1686 2472 3003 
3 1186 2472 2773 
3 863 1186 2773 
3 3003 2472 1700 
3 1686 2773 2472 
3 3468 1186 863 
3 3468 3095 1186 
3 1533 3468 2789 
3 885 3095 3468 
3 2202 1651 1447 
3 3095 2202 1447 
3 1765 3007 2746 
3 1853 3065 3164 
3 1644 2655 1853 
3 3438 1029 3065 
3 3438 3435 2781 
3 2746 2655 1644 
3 1447 2840 3095 
3 2013 2202 1394 
3 2189 1651 2202 
3 885 1697 3165 
3 3049 1394 1697 
3 2202 2305 2591 
3 2202 3095 2305 
3 3438 2270 2372 
3 3065 2655 1617 
3 2189 1617 2655 
3 2189 2013 1617 
3 2748 2402 3435 
3 3075 1328 2771 
3 2372 2998 2402 
3 3356 1627 2757 
3 2348 1858 2998 
3 1733 1627 1528 
3 1328 3356 2431 
3 1528 1627 3356 
3 1328 3075 3356 
3 877 1858 1528 
3 782 3075 2398 
3 877 1528 3075 
3 782 877 3075 
3 2998 1858 877 
3 2402 2781 3435 
3 2402 782 2781 
3 2398 1757 782 
3 2985 1725 2283 
3 1029 2781 1725 
3 2372 2748 3438 
3 2372 2402 2748 
3 1853 3164 2016 
3 1029 1725 2985 
3 3164 2985 2283 
3 3164 1029 2985 
3 3164 2283 2016 
3 3290 2839 3341 
3 2093 2141 865 
3 2227 2141 2982 
3 1237 1062 2141 
3 2093 865 2839 
3 2312 2854 3415 
3 792 3415 2268 
3 865 2312 3415 
3 2037 1657 2268 
3 2768 3341 865 
3 792 1657 1199 
3 2037 3318 1657 
3 1657 1993 1199 
3 1364 2020 982 
3 1199 2768 792 
3 3341 2839 865 
3 1199 3341 2768 
3 1199 3290 3341 
3 1993 1284 1199 
3 969 3315 3290 
3 1199 1284 3290 
3 1289 891 1620 
3 1993 982 1284 
3 1993 1364 982 
3 1284 1289 1620 
3 982 891 1289 
3 969 900 1861 
3 969 1284 900 
3 1284 969 3290 
3 2602 818 2227 
3 1861 3413 969 
3 1167 3364 1676 
3 3315 1009 2602 
3 3413 818 2602 
3 2093 3315 2982 
3 1009 3413 2602 
3 2839 3315 2093 
3 969 1009 3315 
3 2602 2982 3315 
3 2602 2227 2982 
3 1841 1730 839 
3 1861 2246 3413 
3 3510 1900 3213 
3 1861 2794 2246 
3 1861 1620 2794 
3 3213 1900 3317 
3 2794 1620 1900 
3 2794 1415 2246 
3 2794 1900 1415 
3 3023 839 1921 
3 1730 818 839 
3 2092 3023 1921 
3 3023 1841 839 
3 3364 1415 1676 
3 1415 3510 1676 
3 1597 1656 2246 
3 1676 3510 1167 
3 1597 3364 2122 
3 1167 2538 3364 
3 1738 2538 1436 
3 1738 910 2538 
3 3287 1597 2122 
3 1656 839 2246 
3 1153 3287 1406 
3 1153 1656 3287 
3 1921 839 1656 
3 3287 1656 1597 
3 1153 1921 1656 
3 3287 2122 1406 
3 2122 949 2688 
3 1406 2122 2688 
3 2253 910 1738 
3 1798 910 2253 
3 3364 1798 1520 
3 2253 3497 1798 
3 3364 1520 2122 
3 1798 949 1520 
3 3990 3765 3957 
3 3657 3533 3756 
3 3532 3942 3994 
3 3985 4007 3621 
3 4046 3780 3937 
3 3881 3751 3803 
3 3527 3764 3681 
3 3944 3800 3601 
3 4000 3804 3588 
3 3542 4026 4020 
3 3898 3894 3649 
3 3511 3567 3577 
3 4029 3699 3620 
3 3607 3904 3638 
3 3681 3764 3554 
3 3928 3862 3991 
3 3968 3662 3956 
3 3903 4014 3726 
3 4050 3983 4039 
3 3787 3589 3853 
3 3757 3924 3853 
3 3630 4034 3682 
3 3802 3611 3815 
3 3988 3969 3908 
3 3807 3854 3523 
3 3839 3857 3528 
3 3621 4007 3930 
3 3544 3967 3570 
3 3866 3986 3583 
3 3774 3824 3965 
3 3761 4040 3650 
3 3751 3529 3691 
3 3579 3825 3858 
3 3512 3647 3668 
3 3593 3949 3702 
3 3733 3760 3556 
3 3520 3888 3985 
3 3668 4008 4013 
3 3637 3916 4004 
3 3573 3886 4025 
3 3839 3717 3811 
3 3801 3717 3542 
3 3852 4043 3763 
3 3948 3909 3797 
3 3742 3979 3833 
3 3950 3833 3539 
3 4026 3973 4020 
3 3769 3654 3664 
3 3741 3605 3665 
3 3642 3799 3599 
3 3895 4037 3604 
3 3732 3845 3599 
3 3827 3712 3826 
3 3982 3546 3737 
3 3725 3903 3981 
3 3872 3905 4023 
3 3756 4037 3895 
3 3878 3748 3652 
3 4032 3594 3730 
3 4012 3634 3692 
3 3643 3903 3778 
3 3928 3968 3515 
3 3552 3564 3700 
3 3672 3729 3595 
3 3755 3775 3794 
3 3835 3754 3794 
3 3826 3646 3827 
3 3610 3925 3536 
3 3994 3942 3777 
3 3589 3942 3532 
3 3809 3831 3597 
3 3844 3861 3640 
3 3708 3777 3591 
3 4024 3689 3911 
3 3792 3885 3959 
3 3994 4024 3532 
3 3962 3799 3558 
3 3703 3704 3680 
3 3951 3805 3721 
3 3703 3575 4036 
3 3813 3861 3782 
3 3531 3691 3819 
3 3661 3871 3741 
3 3603 3660 3960 
3 3861 3813 3561 
3 3960 3660 3804 
3 3757 3532 4030 
3 4000 3518 3804 
3 4010 3690 3650 
3 3888 4000 3985 
3 3521 3985 4000 
3 3930 3551 3916 
3 3883 3762 3535 
3 3953 3969 3563 
3 3860 3673 3892 
3 3916 3915 4004 
3 3953 3908 3969 
3 3867 3916 3637 
3 3550 3569 3609 
3 3770 3535 3762 
3 3545 3702 3949 
3 3733 3556 3647 
3 3772 4015 3767 
3 3714 3569 3825 
3 3621 3867 3648 
3 3883 3647 3837 
3 3569 3603 3734 
3 3690 3761 3650 
3 3992 3711 3565 
3 3645 3825 3883 
3 3877 3788 3695 
3 3668 4013 3512 
3 3829 3563 3788 
3 3571 3912 3651 
3 3877 4009 3614 
3 3866 3541 3724 
3 3866 3724 3624 
3 3893 3866 3963 
3 3573 3776 3886 
3 3586 3961 3629 
3 3651 4006 3544 
3 3624 3724 3877 
3 3795 3773 3580 
3 3563 3969 3818 
3 3705 3988 3628 
3 3601 3788 3818 
3 3683 3677 3746 
3 3673 3860 3974 
3 3915 3551 3993 
3 3952 3557 3683 
3 3639 3686 3557 
3 3704 3703 3626 
3 4036 3922 3975 
3 3677 3683 3653 
3 3944 3744 3709 
3 3744 3628 3612 
3 3976 3774 3786 
3 3965 3961 4020 
3 3720 3575 3694 
3 3976 3812 3629 
3 3659 4036 3575 
3 3644 3814 3975 
3 3612 3628 3814 
3 3918 3615 3739 
3 3814 3644 3812 
3 3921 4046 3937 
3 3632 3901 3688 
3 3887 3929 3739 
3 3701 3616 3785 
3 3887 3945 3929 
3 3664 3978 3945 
3 3742 3801 3979 
3 3664 3945 3649 
3 3887 3649 3945 
3 3898 3769 3894 
3 3773 3954 3971 
3 3965 3824 3961 
3 3582 3854 4020 
3 3811 3795 3573 
3 3833 3882 3742 
3 3555 3585 3979 
3 3947 3577 3567 
3 3560 3753 3638 
3 4012 3810 3676 
3 3907 3514 3869 
3 3607 3540 3939 
3 3634 4016 3667 
3 3560 3904 3808 
3 3768 4017 3596 
3 3652 3667 3638 
3 3723 3749 3996 
3 3753 3652 3638 
3 3872 3938 3905 
3 3926 3840 4048 
3 3685 3947 3927 
3 3869 3546 3587 
3 3948 3567 3511 
3 3587 3927 3870 
3 3840 3685 3927 
3 4043 3852 3530 
3 3947 3685 3602 
3 3750 3697 3921 
3 3649 3894 3664 
3 3937 3750 3921 
3 3884 3898 3649 
3 3856 3514 3590 
3 3907 3870 3567 
3 4005 3941 4023 
3 3737 3522 3982 
3 3856 3590 3997 
3 3675 3932 3901 
3 3549 3943 3693 
3 3977 4030 3617 
3 3722 3519 3850 
3 3900 3600 3747 
3 3987 3758 3526 
3 3845 3666 3604 
3 3533 3941 3756 
3 3998 3766 3895 
3 3793 4047 3642 
3 3799 3656 3732 
3 3617 3682 3977 
3 4038 3959 3666 
3 3517 4024 3911 
3 3536 3998 3834 
3 4039 3955 4050 
3 4039 3885 3955 
3 4050 3843 3983 
3 3766 3998 4049 
3 3925 3832 3876 
3 3842 3536 4039 
3 3959 4038 3792 
3 3900 3564 4014 
3 3849 3747 3718 
3 3900 3747 3700 
3 3827 3646 3835 
3 3826 3610 3936 
3 3835 3698 3827 
3 3821 4041 3743 
3 3794 3775 3698 
3 3606 3913 3794 
3 4014 3643 3687 
3 3913 3606 3534 
3 3578 3968 3956 
3 3928 3538 3778 
3 3900 4014 3578 
3 3515 3538 3928 
3 3657 3681 3533 
3 3941 3519 4023 
3 4002 3756 3823 
3 3722 3989 3764 
3 4029 4032 3699 
3 3678 3840 3587 
3 3594 4032 4029 
3 3736 3713 3678 
3 4017 3540 3730 
3 3798 3638 3667 
3 3594 3781 3635 
3 3917 3946 3671 
3 3729 3568 3572 
3 3635 3596 4017 
3 3940 3596 3635 
3 3903 3725 3778 
3 3572 3920 3878 
3 3808 3904 3970 
3 3981 3726 3534 
3 3743 3606 3794 
3 3743 3794 3754 
3 3913 3726 3755 
3 3534 3725 3981 
3 3726 3775 3755 
3 4014 3564 3552 
3 3794 3698 3835 
3 3726 3913 3534 
3 3755 3794 3913 
3 3821 3743 3754 
3 4041 3606 3743 
3 3610 3826 3832 
3 3936 3646 3826 
3 3849 3718 3712 
3 3712 3832 3826 
3 3876 3536 3925 
3 3834 3885 4039 
3 3700 3564 3900 
3 3876 3832 3712 
3 3925 3610 3832 
3 3536 3842 3610 
3 3761 3565 4040 
3 3787 4010 3589 
3 3589 4010 3625 
3 3636 3591 3625 
3 3636 3625 3995 
3 3995 3625 3738 
3 3843 3710 3618 
3 3820 3831 3707 
3 3591 3777 3942 
3 3708 3820 3777 
3 3589 3591 3942 
3 3636 3708 3591 
3 4030 3532 4024 
3 3777 3820 3707 
3 4024 3792 3617 
3 3707 3831 3689 
3 3809 3911 3831 
3 3689 3831 3911 
3 3618 3809 3597 
3 3955 3792 3859 
3 4050 3880 3553 
3 3517 3859 4024 
3 3553 3618 3710 
3 3880 3809 3618 
3 4050 3553 3710 
3 3880 3618 3553 
3 3859 3517 3955 
3 3710 3843 4050 
3 3842 4039 3983 
3 3845 4037 3599 
3 4038 3666 3513 
3 3834 4039 3536 
3 3696 3813 3782 
3 3792 3955 3885 
3 3630 4038 3513 
3 3682 3792 4038 
3 3617 3792 3682 
3 4024 3707 3689 
3 4038 3630 3682 
3 3782 3844 3977 
3 3809 3517 3911 
3 3809 3880 3517 
3 4050 3517 3880 
3 4050 3955 3517 
3 3792 4024 3859 
3 3617 4030 4024 
3 3707 3994 3777 
3 3707 4024 3994 
3 3844 3757 4030 
3 3589 3625 3591 
3 3669 3980 3914 
3 3896 3655 3980 
3 3640 3924 3844 
3 3919 3670 3655 
3 3757 3844 3924 
3 4030 3977 3844 
3 4034 3782 3977 
3 3861 3844 3782 
3 3805 3598 3813 
3 3640 3740 3924 
3 3598 3561 3813 
3 3871 3740 3640 
3 3561 3640 3861 
3 3561 3871 3640 
3 3740 3919 3924 
3 3531 3576 3680 
3 3924 3919 3655 
3 3740 3871 3661 
3 3598 3741 3561 
3 3661 3680 3576 
3 3951 3605 3805 
3 3605 3741 3598 
3 3879 3630 3513 
3 3838 3790 3566 
3 4034 3696 3782 
3 3721 3813 3696 
3 3682 4034 3977 
3 3721 3696 4034 
3 3902 3879 3962 
3 3656 3799 3962 
3 3513 3656 3879 
3 3732 3666 3845 
3 3790 3630 3902 
3 3721 4034 3630 
3 3902 3962 3558 
3 3879 3656 3962 
3 3790 3902 3943 
3 3630 3879 3902 
3 3630 3838 3721 
3 3694 3575 3665 
3 3721 3805 3813 
3 3951 3694 3605 
3 3838 3694 3951 
3 3789 3679 3964 
3 3721 3838 3951 
3 3566 3548 3679 
3 3630 3790 3838 
3 3943 3549 3790 
3 3525 3549 3693 
3 3548 3566 3549 
3 3679 3847 3615 
3 3590 3815 3937 
3 3847 3997 3780 
3 3847 3864 3537 
3 4046 3615 3847 
3 3997 3847 3537 
3 3864 3847 3679 
3 3918 3688 3932 
3 3549 3525 3548 
3 4035 3525 3693 
3 3720 3789 3964 
3 3548 3864 3679 
3 3838 3566 3694 
3 3790 3549 3566 
3 3659 3964 3675 
3 3679 3615 3964 
3 3922 3675 3901 
3 3964 3615 3932 
3 3615 3918 3932 
3 3688 3901 3932 
3 3739 3688 3918 
3 3739 3929 3632 
3 3623 3701 3644 
3 3975 3639 4036 
3 4036 3627 3922 
3 3964 3932 3675 
3 3675 3627 3659 
3 3675 3922 3627 
3 3919 3661 3670 
3 3665 3575 3680 
3 4036 3659 3627 
3 3575 3720 3659 
3 3566 3789 3694 
3 3964 3659 3720 
3 3694 3789 3720 
3 3566 3679 3789 
3 3680 3741 3665 
3 3871 3561 3741 
3 3805 3605 3598 
3 3694 3665 3605 
3 3680 3661 3741 
3 3919 3740 3661 
3 3661 3576 3670 
3 3680 3704 3581 
3 3751 3581 3746 
3 3531 3680 3581 
3 3581 3704 3746 
3 3680 3575 3703 
3 3677 3803 3746 
3 3735 3551 3822 
3 3952 3683 3746 
3 3930 3865 3621 
3 3559 3653 3557 
3 3653 3993 3677 
3 3704 3952 3746 
3 3626 3557 3952 
3 3639 3703 4036 
3 3626 3952 3704 
3 3639 3626 3703 
3 3639 3557 3626 
3 3623 3644 3975 
3 3686 3639 3975 
3 3814 3686 3975 
3 3814 3628 3686 
3 3653 3559 3908 
3 3988 3705 3969 
3 3559 3628 3988 
3 3557 3686 3628 
3 3908 3559 3988 
3 3557 3628 3559 
3 3557 3653 3683 
3 3908 3953 3653 
3 3993 3551 3868 
3 3993 3953 3915 
3 3677 3868 3735 
3 3677 3993 3868 
3 3818 3705 3944 
3 3818 3969 3705 
3 3788 3563 3818 
3 3860 3892 3915 
3 3877 4018 3788 
3 3818 3944 3601 
3 3860 3953 3563 
3 3993 3653 3953 
3 3860 3915 3953 
3 3892 3706 3915 
3 3865 3916 3731 
3 3702 3545 3535 
3 3521 4000 3881 
3 3735 3868 3551 
3 3803 3735 3822 
3 3803 3677 3735 
3 3930 3916 3865 
3 3551 3915 3916 
3 3985 3930 4007 
3 3822 3551 3930 
3 3621 3731 3867 
3 3621 3865 3731 
3 3770 3867 3702 
3 4004 3915 3706 
3 3648 3867 3770 
3 3731 3916 3867 
3 3621 3648 3985 
3 3648 3569 3550 
3 3985 3648 3520 
3 3762 3569 3648 
3 3521 3930 3985 
3 3518 3960 3804 
3 3881 3588 3751 
3 3529 3914 3691 
3 3521 3881 3803 
3 4000 3588 3881 
3 3822 3521 3803 
3 3822 3930 3521 
3 3980 3819 3691 
3 3819 3670 3576 
3 3914 3980 3691 
3 3655 3670 3819 
3 3691 3531 3581 
3 3819 3576 3531 
3 3581 3751 3691 
3 3804 3660 3669 
3 3804 3669 3914 
3 3655 3819 3980 
3 3804 3529 3588 
3 3804 3914 3529 
3 3803 3751 3746 
3 3588 3529 3751 
3 3896 3980 3669 
3 3784 3896 3669 
3 3924 3896 3853 
3 3669 3660 3784 
3 3853 3896 3784 
3 3924 3655 3896 
3 3757 3853 3532 
3 3784 3660 4028 
3 3853 3589 3532 
3 3853 3784 4028 
3 3603 3787 4028 
3 3787 3853 4028 
3 3660 3603 4028 
3 4010 3738 3625 
3 3603 3690 3787 
3 3650 3738 4010 
3 3734 3603 3960 
3 3569 3690 3603 
3 3518 3734 3960 
3 3609 3569 3734 
3 3888 3518 4000 
3 3609 3734 3518 
3 3550 3888 3520 
3 3609 3518 3888 
3 3888 3550 3609 
3 3520 3648 3550 
3 3787 3690 4010 
3 3848 3761 3690 
3 3569 3848 3690 
3 3579 3858 3711 
3 3714 3992 3761 
3 3711 3858 4027 
3 3858 3767 4027 
3 3714 3579 4033 
3 3569 3762 3825 
3 3848 3714 3761 
3 3579 3711 4033 
3 3761 3992 3565 
3 4033 3711 3992 
3 3992 3714 4033 
3 3848 3569 3714 
3 3772 3645 3883 
3 3579 3714 3825 
3 3762 3883 3825 
3 3535 3647 3883 
3 3648 3770 3762 
3 3867 3637 3702 
3 3512 3910 3837 
3 3837 3647 3512 
3 3837 3772 3883 
3 3767 3858 3645 
3 3767 3645 3772 
3 3858 3825 3645 
3 3837 4015 3772 
3 3837 3910 4015 
3 3716 4015 3910 
3 3767 4015 3716 
3 3783 3767 3716 
3 3957 3765 3830 
3 3556 3668 3647 
3 3535 3733 3647 
3 3760 3631 3556 
3 3791 3631 3760 
3 3545 3791 3760 
3 3974 3990 3673 
3 3984 3791 3830 
3 3702 3637 3593 
3 3830 3791 3545 
3 3545 3733 3535 
3 3545 3760 3733 
3 4004 3706 3637 
3 3892 3673 3949 
3 3770 3702 3535 
3 3637 3706 3593 
3 3892 3593 3706 
3 3949 3957 3545 
3 3892 3949 3593 
3 3673 3957 3949 
3 3545 3957 3830 
3 3673 3990 3957 
3 3728 3601 3800 
3 3830 3765 3984 
3 3765 3592 3984 
3 3765 4018 3592 
3 3990 4018 3765 
3 3990 3788 4018 
3 4018 3877 3614 
3 3974 3788 3990 
3 3974 3860 3829 
3 3974 3829 3788 
3 3860 3563 3829 
3 4009 3877 3724 
3 3788 3601 3695 
3 3624 3877 3695 
3 3614 4011 4018 
3 4011 3614 3684 
3 3614 4009 3841 
3 3541 4009 3724 
3 3541 3841 4009 
3 3986 3866 3624 
3 3866 3893 4021 
3 3622 3817 4021 
3 4021 3817 3933 
3 3622 3972 3745 
3 3651 3773 3971 
3 3544 4006 3967 
3 3742 3562 3811 
3 3573 3795 3912 
3 3562 3954 3773 
3 3742 3811 3717 
3 3562 3795 3811 
3 3544 3571 3651 
3 3795 3562 3773 
3 3912 3580 3651 
3 3912 3795 3580 
3 3773 3651 3580 
3 4006 3828 3967 
3 3745 3544 3570 
3 3972 3571 3544 
3 3972 3544 3745 
3 3893 3622 4021 
3 3745 3570 3622 
3 3622 3893 3972 
3 3574 3774 3897 
3 3571 3776 3912 
3 3963 3583 3786 
3 3571 3963 3776 
3 4025 3774 3574 
3 3776 3963 3886 
3 3583 3709 3752 
3 3886 3963 3786 
3 3571 3972 3963 
3 3972 3893 3963 
3 4021 3933 3866 
3 3695 3728 3624 
3 3583 3963 3866 
3 3728 3986 3624 
3 3800 3583 3986 
3 3601 3728 3695 
3 3800 3986 3728 
3 3744 3944 3705 
3 3583 3800 3944 
3 3628 3744 3705 
3 3709 3583 3944 
3 3612 3709 3744 
3 3752 3786 3583 
3 3612 3752 3709 
3 3771 3976 3752 
3 3752 3976 3786 
3 3771 3814 3812 
3 3629 3812 3586 
3 3976 3771 3812 
3 3771 3612 3814 
3 3771 3752 3612 
3 3874 3586 3812 
3 3785 3523 3854 
3 3824 3629 3961 
3 3774 3976 3629 
3 3961 3582 4020 
3 3961 3586 3582 
3 3973 3897 3965 
3 3774 3629 3824 
3 3528 3897 3973 
3 3857 3574 3897 
3 3973 3965 4020 
3 3897 3774 3965 
3 3573 3574 3857 
3 4025 3786 3774 
3 3573 4025 3574 
3 3886 3786 4025 
3 3811 3573 3857 
3 3912 3776 3573 
3 3897 3528 3857 
3 3973 4026 3839 
3 3857 3839 3811 
3 3528 3973 3839 
3 3727 3542 4020 
3 3717 3839 4026 
3 3801 3542 3654 
3 3717 4026 3542 
3 3542 3807 3654 
3 3542 3727 3807 
3 3769 3923 3654 
3 3742 3717 3801 
3 3664 3523 3978 
3 3854 3582 3785 
3 3785 3978 3523 
3 3616 3945 3978 
3 3854 3727 4020 
3 3854 3807 3727 
3 3586 3785 3582 
3 3586 3874 3785 
3 3644 3874 3812 
3 3701 3785 3874 
3 3922 3623 3975 
3 3623 3934 3701 
3 3901 3934 3922 
3 3701 3929 3616 
3 3922 3934 3623 
3 3901 3632 3934 
3 3739 3632 3688 
3 3929 3934 3632 
3 3644 3701 3874 
3 3934 3929 3701 
3 3785 3616 3978 
3 3929 3945 3616 
3 3966 3887 3739 
3 3921 3884 3887 
3 3887 3966 3921 
3 3739 3615 3966 
3 3966 4046 3921 
3 3780 3590 3937 
3 3615 4046 3966 
3 3847 3780 4046 
3 3815 3611 3937 
3 3608 4045 3524 
3 3921 3697 3884 
3 3608 3524 3697 
3 3884 3649 3887 
3 3884 3697 3898 
3 3524 3555 3923 
3 3664 3654 3807 
3 3923 3769 3898 
3 3923 3816 3654 
3 3769 3664 3894 
3 3807 3523 3664 
3 3697 3524 3898 
3 3816 3801 3654 
3 3555 3816 3923 
3 3979 3801 3816 
3 3898 3524 3923 
3 3516 3846 4045 
3 3539 3891 3950 
3 3555 4003 3585 
3 3555 3524 4003 
3 3539 4003 3891 
3 3539 3585 4003 
3 3539 3833 3585 
3 3950 3882 3833 
3 3555 3979 3816 
3 3585 3833 3979 
3 3595 3729 3808 
3 3878 3652 3753 
3 3692 3634 3667 
3 3692 3652 3748 
3 3748 3873 3692 
3 3543 3875 3658 
3 3676 3577 3602 
3 4012 4016 3634 
3 3926 4048 3875 
3 3692 3667 3652 
3 4016 3926 3543 
3 3926 3602 3685 
3 4016 4012 3676 
3 4044 3511 3577 
3 4044 3641 3511 
3 4043 4044 3577 
3 3641 3802 3511 
3 3899 4043 3577 
3 3899 3763 4043 
3 4043 3530 4044 
3 3611 3802 3750 
3 3676 3899 3577 
3 3810 3763 3899 
3 4016 3676 3602 
3 3810 3899 3676 
3 3719 3530 3890 
3 3641 4044 3530 
3 4003 3999 3891 
3 4045 3852 4003 
3 3852 3763 3999 
3 3852 4045 3890 
3 4003 3524 4045 
3 3516 3802 3719 
3 3719 4045 3846 
3 3530 3719 3641 
3 3890 4045 3719 
3 4003 3852 3999 
3 3890 3530 3852 
3 3937 3611 3750 
3 3815 3909 3802 
3 3719 3802 3641 
3 3719 3846 3516 
3 3608 3516 4045 
3 3608 3802 3516 
3 3750 3608 3697 
3 3750 3802 3608 
3 3997 3590 3780 
3 3514 3797 3590 
3 3537 3856 3997 
3 3806 3514 3856 
3 3548 3525 3864 
3 3547 3758 3987 
3 3537 3836 3856 
3 3522 3737 3869 
3 3909 3815 3797 
3 3815 3590 3797 
3 3514 3948 3797 
3 3907 3567 3948 
3 3511 3909 3948 
3 3511 3802 3909 
3 3514 3907 3948 
3 3870 3927 3567 
3 3869 3587 3907 
3 3907 3587 3870 
3 3577 3947 3602 
3 3567 3927 3947 
3 3855 3938 3678 
3 3663 3540 3607 
3 3982 3587 3546 
3 3840 3927 3587 
3 3869 3737 3546 
3 3522 3759 3982 
3 3806 3869 3514 
3 3806 3522 3869 
3 3806 3836 3522 
3 3793 3987 3526 
3 4005 3855 3715 
3 3678 3587 3982 
3 3982 3715 3678 
3 3982 3759 3715 
3 3850 3989 3722 
3 3620 3527 3662 
3 3723 3938 3872 
3 3678 3715 3855 
3 3938 3855 3905 
3 3715 3759 4005 
3 3522 4035 3759 
3 4047 3526 3943 
3 3759 3547 4005 
3 3693 3943 3526 
3 3941 3987 3793 
3 4005 3547 3987 
3 3836 4035 3522 
3 3693 3526 3547 
3 3856 3836 3806 
3 4035 3693 3547 
3 3537 3525 3836 
3 3537 3864 3525 
3 3759 4035 3547 
3 3836 3525 4035 
3 3547 3526 3758 
3 4047 3902 3558 
3 3642 3558 3799 
3 4047 3943 3902 
3 3642 4047 3558 
3 3793 3526 4047 
3 3756 3793 4037 
3 3941 4005 3987 
3 3959 3834 3666 
3 3718 3876 3712 
3 4037 3642 3599 
3 4037 3793 3642 
3 4037 3845 3604 
3 3599 3799 3732 
3 3513 3732 3656 
3 3513 3666 3732 
3 3666 3834 3604 
3 3536 3876 4049 
3 3633 3766 3718 
3 3998 3536 4049 
3 3604 3834 3998 
3 3959 3885 3834 
3 3823 3633 3600 
3 4049 3876 3718 
3 3718 3766 4049 
3 3633 3895 3766 
3 3600 3633 3718 
3 3895 3604 3998 
3 3823 3895 3633 
3 3823 3756 3895 
3 4002 3657 3756 
3 3554 3989 3584 
3 3700 3747 3849 
3 3600 3718 3747 
3 3827 3849 3712 
3 3827 3698 3700 
3 3827 3700 3849 
3 3698 3552 3700 
3 3600 4002 3823 
3 3956 3662 3657 
3 3956 3657 4002 
3 3681 3554 3533 
3 3662 3681 3657 
3 3662 3527 3681 
3 3941 3584 3519 
3 3533 3554 3584 
3 4023 3722 3872 
3 3989 3554 3764 
3 3584 3850 3519 
3 3584 3989 3850 
3 3756 3941 3793 
3 3533 3584 3941 
3 3855 4023 3905 
3 3855 4005 4023 
3 4001 3722 3764 
3 4023 3519 3722 
3 3527 3620 4001 
3 3699 4032 3906 
3 3749 3723 3779 
3 3872 3722 4001 
3 3749 3779 3699 
3 4001 3764 3527 
3 4031 3906 4032 
3 3779 3723 3889 
3 4017 3730 4042 
3 4031 4032 3730 
3 3674 3620 3662 
3 3889 3723 3872 
3 3968 4029 3662 
3 3968 3594 4029 
3 3699 3889 4001 
3 3699 3779 3889 
3 3699 4001 3620 
3 3889 3872 4001 
3 4029 3674 3662 
3 4029 3620 3674 
3 4002 3900 3956 
3 4002 3600 3900 
3 3775 3552 3698 
3 3775 4014 3552 
3 3643 3538 3687 
3 3643 3778 3538 
3 3726 4014 3775 
3 3687 3515 4014 
3 3578 3515 3968 
3 3687 3538 3515 
3 3900 3578 3956 
3 4014 3515 3578 
3 3594 3968 3991 
3 3862 3928 3778 
3 3991 3968 3928 
3 4014 3903 3643 
3 3726 3981 3903 
3 3931 3781 3862 
3 3862 3781 3991 
3 3781 3594 3991 
3 4042 3730 3594 
3 3635 4017 4042 
3 3596 3917 3768 
3 3594 3635 4042 
3 3781 3958 3635 
3 3672 4019 3729 
3 3940 3635 3958 
3 3940 3917 3596 
3 3946 3672 3671 
3 4019 3946 3851 
3 3917 3940 3946 
3 3970 3939 3595 
3 3939 4017 3768 
3 4017 3939 3540 
3 3671 3595 3939 
3 3970 3607 3939 
3 3996 3678 3938 
3 3671 3768 3917 
3 3671 3939 3768 
3 3540 4031 3730 
3 3540 3906 4031 
3 3663 3619 3935 
3 3749 3699 3906 
3 3935 3736 3996 
3 3996 3938 3723 
3 3906 3996 3749 
3 3736 3678 3996 
3 3906 3935 3996 
3 3619 3713 3736 
3 3663 3935 3906 
3 3663 3658 3619 
3 3540 3663 3906 
3 3613 3658 3663 
3 3607 3613 3663 
3 3607 3638 3658 
3 3607 3658 3613 
3 3638 3798 3658 
3 3935 3619 3736 
3 3658 3875 4022 
3 3678 3713 3840 
3 4022 3875 4048 
3 3713 4048 3840 
3 3713 3619 4022 
3 3602 3926 4016 
3 3685 3840 3926 
3 3713 4022 4048 
3 3619 3658 4022 
3 3798 3543 3658 
3 3926 3875 3543 
3 3878 3808 3572 
3 3878 3753 3808 
3 4016 3798 3667 
3 4016 3543 3798 
3 3753 3560 3808 
3 3638 3904 3560 
3 3808 3970 3595 
3 3904 3607 3970 
3 3671 3672 3595 
3 3946 4019 3672 
3 3808 3729 3572 
3 3729 3796 3568 
3 4091 4110 4182 
3 4088 4150 4260 
3 4231 4083 4108 
3 4150 4239 4171 
3 4055 4148 4264 
3 4082 4145 4179 
3 4105 4127 4251 
3 4215 4087 4223 
3 4171 4089 4121 
3 4121 4155 4218 
3 4118 4087 4180 
3 4255 4155 4259 
3 4180 4087 4225 
3 4196 4113 4181 
3 4156 4246 4115 
3 4167 4107 4189 
3 4205 4071 4089 
3 4154 4229 4188 
3 4124 4259 4119 
3 4212 4088 4090 
3 4166 4218 4255 
3 4092 4175 4224 
3 4241 4229 4198 
3 4228 4061 4133 
3 4074 4193 4162 
3 4085 4238 4128 
3 4129 4244 4130 
3 4223 4118 4059 
3 4173 4059 4075 
3 4059 4199 4075 
3 4065 4052 4196 
3 4196 4181 4083 
3 4255 4259 4124 
3 4239 4209 4101 
3 4254 4121 4260 
3 4120 4159 4166 
3 4119 4056 4158 
3 4101 4205 4089 
3 4089 4156 4257 
3 4223 4071 4205 
3 4173 4176 4190 
3 4200 4233 4225 
3 4215 4205 4209 
3 4225 4189 4180 
3 4127 4186 4079 
3 4235 4187 4185 
3 4114 4228 4144 
3 4066 4146 4195 
3 4114 4170 4161 
3 4219 4251 4169 
3 4205 4101 4209 
3 4089 4071 4190 
3 4074 4132 4111 
3 4161 4200 4111 
3 4200 4161 4170 
3 4187 4072 4185 
3 4106 4220 4130 
3 4230 4100 4093 
3 4174 4109 4243 
3 4133 4256 4130 
3 4228 4114 4139 
3 4112 4123 4211 
3 4136 4247 4123 
3 4263 4217 4203 
3 4208 4160 4224 
3 4160 4153 4224 
3 4162 4072 4074 
3 4057 4193 4203 
3 4088 4260 4090 
3 4159 4120 4198 
3 4124 4104 4120 
3 4192 4080 4085 
3 4192 4250 4152 
3 4250 4253 4135 
3 4164 4232 4098 
3 4060 4216 4227 
3 4067 4250 4192 
3 4135 4142 4080 
3 4240 4135 4253 
3 4142 4221 4080 
3 4213 4227 4216 
3 4085 4076 4192 
3 4109 4117 4140 
3 4085 4080 4191 
3 4086 4081 4060 
3 4227 4073 4060 
3 4085 4197 4243 
3 4110 4091 4146 
3 4245 4055 4183 
3 4151 4216 4146 
3 4064 4194 4095 
3 4094 4213 4102 
3 4055 4064 4183 
3 4130 4228 4133 
3 4269 4147 4127 
3 4144 4220 4170 
3 4114 4144 4170 
3 4201 4137 4147 
3 4186 4147 4137 
3 4165 4264 4179 
3 4110 4146 4060 
3 4081 4149 4164 
3 4179 4145 4096 
3 4098 4182 4110 
3 4194 4201 4129 
3 4064 4137 4201 
3 4141 4053 4169 
3 4186 4127 4147 
3 4219 4169 4167 
3 4079 4236 4127 
3 4127 4236 4251 
3 4169 4053 4107 
3 4251 4068 4141 
3 4251 4236 4068 
3 4189 4107 4180 
3 4118 4180 4234 
3 4223 4205 4215 
3 4180 4107 4234 
3 4233 4219 4167 
3 4251 4141 4169 
3 4111 4200 4225 
3 4200 4170 4219 
3 4233 4167 4189 
3 4169 4107 4167 
3 4111 4225 4209 
3 4233 4189 4225 
3 4225 4215 4209 
3 4225 4087 4215 
3 4118 4223 4087 
3 4173 4071 4223 
3 4059 4173 4223 
3 4118 4234 4059 
3 4143 4231 4108 
3 4075 4176 4173 
3 4226 4246 4075 
3 4108 4075 4199 
3 4108 4226 4075 
3 4173 4190 4071 
3 4176 4075 4246 
3 4246 4156 4190 
3 4257 4119 4155 
3 4190 4156 4089 
3 4125 4113 4207 
3 4089 4257 4155 
3 4156 4115 4163 
3 4163 4181 4056 
3 4156 4056 4257 
3 4181 4113 4056 
3 4156 4163 4056 
3 4115 4226 4083 
3 4176 4246 4190 
3 4226 4115 4246 
3 4083 4226 4108 
3 4163 4083 4181 
3 4163 4115 4083 
3 4199 4143 4108 
3 4222 4083 4231 
3 4059 4143 4199 
3 4207 4113 4196 
3 4207 4196 4052 
3 4113 4070 4056 
3 4113 4125 4070 
3 4124 4158 4104 
3 4158 4056 4062 
3 4198 4184 4172 
3 4229 4202 4159 
3 4088 4263 4210 
3 4229 4159 4198 
3 4166 4255 4120 
3 4202 4166 4159 
3 4202 4090 4218 
3 4177 4090 4202 
3 4090 4121 4218 
3 4202 4218 4166 
3 4090 4260 4121 
3 4157 4158 4062 
3 4119 4257 4056 
3 4104 4158 4157 
3 4124 4119 4158 
3 4259 4155 4119 
3 4120 4255 4124 
3 4218 4155 4255 
3 4260 4171 4254 
3 4101 4089 4171 
3 4171 4121 4254 
3 4089 4155 4121 
3 4229 4267 4202 
3 4263 4203 4210 
3 4054 4210 4203 
3 4239 4101 4171 
3 4263 4088 4212 
3 4210 4150 4088 
3 4260 4150 4171 
3 4210 4111 4150 
3 4111 4239 4150 
3 4111 4209 4239 
3 4210 4054 4111 
3 4187 4114 4161 
3 4132 4161 4111 
3 4132 4187 4161 
3 4074 4187 4132 
3 4072 4168 4185 
3 4193 4074 4111 
3 4072 4187 4074 
3 4217 4057 4203 
3 4057 4069 4193 
3 4092 4057 4217 
3 4153 4069 4057 
3 4193 4054 4203 
3 4193 4111 4054 
3 4162 4185 4168 
3 4187 4235 4100 
3 4072 4162 4168 
3 4139 4061 4228 
3 4162 4235 4185 
3 4140 4214 4211 
3 4069 4162 4193 
3 4069 4235 4162 
3 4160 4069 4153 
3 4237 4235 4069 
3 4224 4153 4092 
3 4153 4057 4092 
3 4092 4217 4175 
3 4252 4099 4175 
3 4099 4224 4175 
3 4212 4252 4263 
3 4175 4217 4138 
3 4177 4252 4212 
3 4138 4217 4263 
3 4252 4177 4267 
3 4177 4202 4267 
3 4090 4177 4212 
3 4267 4154 4252 
3 4138 4252 4175 
3 4138 4263 4252 
3 4252 4154 4099 
3 4267 4229 4154 
3 4116 4248 4160 
3 4237 4069 4160 
3 4237 4160 4248 
3 4112 4136 4123 
3 4237 4248 4258 
3 4116 4160 4208 
3 4241 4188 4229 
3 4164 4098 4206 
3 4250 4135 4077 
3 4060 4081 4262 
3 4149 4081 4221 
3 4240 4149 4135 
3 4240 4204 4078 
3 4086 4221 4081 
3 4142 4149 4221 
3 4197 4174 4243 
3 4077 4135 4080 
3 4077 4080 4152 
3 4152 4080 4192 
3 4097 4253 4250 
3 4152 4250 4077 
3 4067 4097 4250 
3 4243 4126 4238 
3 4211 4214 4134 
3 4136 4122 4247 
3 4237 4258 4247 
3 4122 4093 4247 
3 4237 4093 4235 
3 4237 4247 4093 
3 4261 4136 4112 
3 4261 4122 4136 
3 4139 4100 4134 
3 4093 4122 4261 
3 4134 4261 4112 
3 4230 4093 4261 
3 4085 4191 4197 
3 4126 4109 4140 
3 4242 4109 4174 
3 4213 4216 4151 
3 4109 4126 4243 
3 4211 4266 4126 
3 4211 4123 4266 
3 4238 4085 4243 
3 4128 4076 4085 
3 4221 4086 4080 
3 4073 4242 4197 
3 4086 4197 4191 
3 4242 4174 4197 
3 4197 4086 4073 
3 4191 4080 4086 
3 4242 4227 4117 
3 4242 4073 4227 
3 4216 4060 4146 
3 4073 4086 4060 
3 4178 4096 4195 
3 4096 4066 4195 
3 4256 4133 4249 
3 4211 4134 4112 
3 4213 4249 4102 
3 4151 4256 4249 
3 4249 4213 4151 
3 4140 4211 4126 
3 4242 4117 4109 
3 4227 4213 4117 
3 4213 4094 4117 
3 4133 4061 4134 
3 4094 4214 4140 
3 4134 4230 4261 
3 4133 4134 4214 
3 4061 4139 4134 
3 4187 4100 4114 
3 4100 4230 4134 
3 4114 4100 4139 
3 4235 4093 4100 
3 4094 4133 4214 
3 4102 4249 4133 
3 4117 4094 4140 
3 4102 4133 4094 
3 4244 4106 4130 
3 4269 4127 4106 
3 4130 4144 4228 
3 4106 4127 4105 
3 4219 4220 4105 
3 4144 4130 4220 
3 4219 4105 4251 
3 4220 4106 4105 
3 4200 4219 4233 
3 4170 4220 4219 
3 4244 4269 4106 
3 4244 4147 4269 
3 4256 4095 4130 
3 4201 4147 4244 
3 4095 4194 4129 
3 4201 4244 4129 
3 4130 4095 4129 
3 4064 4201 4194 
3 4151 4183 4256 
3 4183 4064 4095 
3 4256 4183 4095 
3 4151 4146 4066 
3 4151 4066 4245 
3 4148 4055 4245 
3 4091 4178 4195 
3 4148 4066 4096 
3 4145 4148 4096 
3 4145 4082 4148 
3 4151 4245 4183 
3 4066 4148 4245 
3 4264 4082 4179 
3 4264 4148 4082 
3 4063 4165 4232 
3 4179 4096 4165 
3 4268 4131 4058 
3 4063 4232 4268 
3 4165 4182 4232 
3 4265 4131 4103 
3 4268 4232 4131 
3 4165 4178 4182 
3 4165 4096 4178 
3 4178 4091 4182 
3 4195 4146 4091 
3 4262 4110 4060 
3 4098 4232 4182 
3 4206 4098 4110 
3 4262 4081 4164 
3 4262 4206 4110 
3 4262 4164 4206 
3 4135 4149 4142 
3 4103 4131 4164 
3 4240 4078 4149 
3 4078 4164 4149 
3 4131 4232 4164 
3 4078 4103 4164 
3 4078 4265 4103 
3 4078 4084 4265 
3 4268 4058 4063 
3 4063 4058 4051 
3 4457 4512 4605 
3 4416 4422 4734 
3 4556 4399 4340 
3 4605 4573 4574 
3 4348 4450 4438 
3 4306 4674 4346 
3 4323 4510 4292 
3 4368 4549 4402 
3 4533 4330 4271 
3 4435 4356 4542 
3 4745 4328 4339 
3 4280 4686 4684 
3 4308 4415 4373 
3 4326 4337 4581 
3 4496 4421 4473 
3 4634 4387 4421 
3 4717 4484 4307 
3 4451 4307 4562 
3 4760 4458 4433 
3 4514 4475 4326 
3 4576 4678 4540 
3 4353 4496 4473 
3 4751 4594 4497 
3 4768 4554 4436 
3 4581 4496 4353 
3 4353 4395 4514 
3 4399 4504 4340 
3 4336 4489 4574 
3 4379 4504 4503 
3 4360 4559 4380 
3 4602 4290 4580 
3 4709 4601 4614 
3 4531 4345 4518 
3 4576 4762 4518 
3 4606 4553 4380 
3 4678 4492 4438 
3 4305 4460 4331 
3 4614 4601 4397 
3 4518 4678 4576 
3 4517 4355 4450 
3 4449 4402 4755 
3 4305 4375 4344 
3 4351 4449 4719 
3 4540 4438 4450 
3 4492 4523 4348 
3 4637 4683 4635 
3 4524 4684 4459 
3 4561 4690 4644 
3 4500 4281 4704 
3 4635 4521 4323 
3 4607 4546 4694 
3 4474 4555 4591 
3 4730 4499 4301 
3 4716 4448 4311 
3 4625 4401 4404 
3 4604 4312 4373 
3 4318 4354 4734 
3 4350 4721 4516 
3 4528 4510 4521 
3 4334 4446 4598 
3 4671 4728 4427 
3 4728 4476 4384 
3 4324 4671 4624 
3 4384 4476 4761 
3 4425 4623 4349 
3 4484 4640 4712 
3 4480 4307 4451 
3 4465 4550 4636 
3 4682 4484 4614 
3 4652 4313 4361 
3 4567 4317 4766 
3 4754 4347 4741 
3 4314 4413 4347 
3 4466 4306 4697 
3 4702 4395 4473 
3 4748 4440 4475 
3 4514 4395 4475 
3 4496 4634 4421 
3 4387 4634 4436 
3 4581 4498 4442 
3 4768 4634 4496 
3 4395 4702 4748 
3 4337 4365 4581 
3 4667 4306 4722 
3 4466 4697 4440 
3 4282 4770 4356 
3 4656 4394 4632 
3 4343 4735 4424 
3 4288 4632 4430 
3 4337 4619 4365 
3 4648 4544 4537 
3 4751 4736 4365 
3 4288 4430 4536 
3 4441 4529 4503 
3 4503 4504 4563 
3 4391 4366 4632 
3 4654 4638 4699 
3 4751 4497 4736 
3 4594 4358 4691 
3 4649 4443 4750 
3 4638 4424 4735 
3 4393 4735 4343 
3 4435 4282 4356 
3 4533 4319 4396 
3 4646 4481 4376 
3 4463 4376 4481 
3 4288 4441 4563 
3 4616 4282 4430 
3 4379 4503 4290 
3 4602 4580 4584 
3 4345 4678 4518 
3 4688 4602 4584 
3 4355 4418 4450 
3 4641 4526 4584 
3 4641 4677 4531 
3 4511 4485 4673 
3 4370 4742 4565 
3 4549 4368 4686 
3 4434 4277 4578 
3 4320 4429 4469 
3 4738 4296 4300 
3 4524 4459 4434 
3 4325 4428 4453 
3 4598 4398 4681 
3 4415 4607 4611 
3 4398 4382 4613 
3 4607 4415 4308 
3 4532 4283 4412 
3 4694 4312 4532 
3 4571 4555 4335 
3 4627 4538 4502 
3 4560 4547 4720 
3 4598 4538 4334 
3 4297 4404 4401 
3 4412 4627 4502 
3 4528 4334 4538 
3 4446 4530 4753 
3 4683 4617 4635 
3 4510 4679 4297 
3 4679 4404 4297 
3 4297 4350 4671 
3 4377 4721 4297 
3 4350 4690 4561 
3 4413 4318 4597 
3 4516 4721 4377 
3 4728 4561 4476 
3 4413 4597 4347 
3 4453 4445 4324 
3 4332 4297 4671 
3 4324 4624 4333 
3 4389 4386 4578 
3 4486 4738 4300 
3 4274 4696 4403 
3 4588 4548 4708 
3 4548 4386 4389 
3 4300 4284 4588 
3 4524 4386 4548 
3 4564 4305 4357 
3 4402 4449 4368 
3 4686 4723 4549 
3 4384 4427 4728 
3 4527 4477 4757 
3 4378 4371 4733 
3 4321 4527 4419 
3 4344 4402 4549 
3 4642 4321 4419 
3 4425 4310 4321 
3 4310 4763 4527 
3 4689 4574 4489 
3 4375 4305 4564 
3 4494 4417 4577 
3 4379 4703 4504 
3 4287 4553 4467 
3 4504 4390 4563 
3 4534 4689 4286 
3 4504 4399 4390 
3 4340 4287 4556 
3 4703 4639 4340 
3 4414 4545 4467 
3 4639 4576 4287 
3 4763 4310 4452 
3 4380 4559 4606 
3 4360 4454 4543 
3 4605 4574 4695 
3 4689 4534 4394 
3 4760 4433 4680 
3 4612 4352 4295 
3 4736 4483 4365 
3 4706 4497 4691 
3 4483 4498 4365 
3 4483 4489 4295 
3 4768 4436 4634 
3 4729 4665 4680 
3 4731 4487 4590 
3 4729 4705 4387 
3 4329 4451 4743 
3 4487 4329 4743 
3 4465 4640 4682 
3 4307 4712 4562 
3 4307 4484 4712 
3 4587 4480 4731 
3 4687 4307 4480 
3 4361 4327 4652 
3 4682 4614 4550 
3 4281 4539 4631 
3 4325 4668 4296 
3 4666 4470 4723 
3 4668 4300 4296 
3 4439 4381 4633 
3 4644 4690 4567 
3 4484 4682 4640 
3 4285 4281 4565 
3 4597 4516 4495 
3 4318 4734 4422 
3 4315 4409 4660 
3 4599 4749 4426 
3 4663 4726 4303 
3 4339 4565 4439 
3 4579 4551 4572 
3 4303 4374 4422 
3 4317 4690 4516 
3 4285 4704 4281 
3 4397 4338 4309 
3 4575 4603 4710 
3 4705 4411 4456 
3 4726 4663 4603 
3 4426 4749 4643 
3 4552 4291 4557 
3 4520 4291 4552 
3 4557 4291 4744 
3 4314 4347 4618 
3 4655 4520 4508 
3 4744 4291 4520 
3 4716 4423 4464 
3 4660 4508 4520 
3 4472 4583 4560 
3 4555 4301 4335 
3 4730 4275 4547 
3 4448 4658 4669 
3 4275 4270 4505 
3 4270 4275 4400 
3 4662 4568 4289 
3 4685 4471 4629 
3 4363 4393 4466 
3 4765 4596 4582 
3 4674 4466 4424 
3 4432 4596 4293 
3 4596 4432 4582 
3 4748 4475 4395 
3 4395 4353 4473 
3 4514 4581 4353 
3 4554 4718 4650 
3 4440 4326 4475 
3 4293 4440 4748 
3 4359 4596 4765 
3 4581 4442 4496 
3 4498 4554 4442 
3 4442 4768 4496 
3 4442 4554 4768 
3 4498 4352 4554 
3 4498 4483 4352 
3 4326 4581 4514 
3 4365 4498 4581 
3 4609 4337 4326 
3 4751 4273 4594 
3 4440 4697 4326 
3 4722 4619 4609 
3 4609 4667 4722 
3 4609 4326 4697 
3 4674 4306 4466 
3 4359 4440 4293 
3 4667 4697 4306 
3 4667 4609 4697 
3 4765 4466 4359 
3 4343 4424 4466 
3 4440 4359 4466 
3 4293 4596 4359 
3 4765 4363 4466 
3 4566 4674 4424 
3 4346 4722 4306 
3 4638 4566 4424 
3 4638 4654 4273 
3 4735 4699 4638 
3 4735 4610 4750 
3 4497 4594 4691 
3 4594 4273 4654 
3 4706 4691 4443 
3 4358 4699 4691 
3 4358 4654 4699 
3 4358 4594 4654 
3 4566 4346 4674 
3 4566 4273 4346 
3 4346 4273 4722 
3 4566 4638 4273 
3 4609 4619 4337 
3 4722 4273 4619 
3 4619 4751 4365 
3 4619 4273 4751 
3 4394 4478 4632 
3 4366 4616 4632 
3 4736 4676 4483 
3 4676 4478 4534 
3 4483 4676 4534 
3 4736 4497 4391 
3 4676 4391 4478 
3 4676 4736 4391 
3 4391 4706 4366 
3 4391 4497 4706 
3 4390 4656 4299 
3 4478 4391 4632 
3 4399 4656 4390 
3 4399 4556 4656 
3 4390 4299 4563 
3 4656 4632 4299 
3 4632 4616 4430 
3 4366 4706 4544 
3 4435 4670 4529 
3 4616 4366 4770 
3 4544 4770 4366 
3 4282 4616 4770 
3 4649 4648 4537 
3 4435 4319 4739 
3 4443 4544 4706 
3 4356 4770 4544 
3 4443 4537 4544 
3 4490 4649 4537 
3 4699 4443 4691 
3 4490 4443 4649 
3 4699 4750 4443 
3 4699 4735 4750 
3 4443 4490 4537 
3 4750 4610 4649 
3 4396 4649 4610 
3 4648 4356 4544 
3 4319 4479 4431 
3 4479 4319 4533 
3 4396 4610 4533 
3 4533 4610 4330 
3 4735 4330 4610 
3 4735 4593 4330 
3 4466 4393 4343 
3 4739 4319 4431 
3 4649 4396 4319 
3 4319 4648 4649 
3 4435 4739 4670 
3 4675 4646 4503 
3 4585 4569 4646 
3 4585 4670 4739 
3 4569 4481 4646 
3 4584 4580 4641 
3 4739 4569 4585 
3 4529 4675 4503 
3 4585 4646 4675 
3 4441 4503 4563 
3 4646 4376 4503 
3 4529 4670 4675 
3 4585 4675 4670 
3 4536 4435 4529 
3 4542 4648 4319 
3 4430 4282 4435 
3 4356 4648 4542 
3 4441 4536 4529 
3 4542 4319 4435 
3 4288 4536 4441 
3 4430 4435 4536 
3 4299 4288 4563 
3 4299 4632 4288 
3 4467 4695 4287 
3 4394 4656 4556 
3 4504 4703 4340 
3 4639 4287 4340 
3 4688 4639 4703 
3 4688 4762 4639 
3 4602 4688 4294 
3 4584 4762 4688 
3 4639 4762 4576 
3 4584 4526 4531 
3 4602 4294 4379 
3 4688 4703 4294 
3 4376 4290 4503 
3 4294 4703 4379 
3 4290 4602 4379 
3 4463 4290 4376 
3 4641 4580 4677 
3 4290 4463 4580 
3 4677 4345 4531 
3 4492 4678 4345 
3 4584 4531 4762 
3 4526 4641 4531 
3 4586 4348 4523 
3 4438 4492 4348 
3 4517 4450 4586 
3 4468 4494 4357 
3 4450 4348 4586 
3 4724 4342 4515 
3 4755 4402 4737 
3 4418 4355 4447 
3 4540 4450 4418 
3 4769 4620 4418 
3 4494 4651 4417 
3 4418 4577 4540 
3 4418 4737 4577 
3 4417 4540 4577 
3 4678 4438 4540 
3 4417 4576 4540 
3 4762 4531 4518 
3 4360 4380 4417 
3 4380 4287 4576 
3 4287 4380 4553 
3 4576 4417 4380 
3 4468 4700 4494 
3 4360 4417 4651 
3 4737 4494 4577 
3 4737 4564 4494 
3 4331 4272 4305 
3 4700 4651 4494 
3 4272 4468 4357 
3 4468 4454 4700 
3 4272 4454 4468 
3 4360 4651 4700 
3 4620 4515 4755 
3 4402 4375 4737 
3 4375 4564 4737 
3 4357 4494 4564 
3 4344 4375 4402 
3 4626 4666 4371 
3 4725 4331 4460 
3 4272 4357 4305 
3 4723 4470 4549 
3 4470 4666 4501 
3 4549 4470 4344 
3 4723 4284 4509 
3 4371 4723 4509 
3 4723 4548 4284 
3 4686 4459 4684 
3 4469 4351 4320 
3 4723 4280 4548 
3 4723 4686 4280 
3 4469 4368 4449 
3 4535 4686 4368 
3 4724 4628 4342 
3 4719 4449 4755 
3 4535 4429 4732 
3 4686 4535 4459 
3 4368 4469 4535 
3 4524 4434 4386 
3 4459 4535 4277 
3 4578 4511 4673 
3 4277 4535 4732 
3 4578 4277 4511 
3 4434 4459 4277 
3 4511 4732 4485 
3 4511 4277 4732 
3 4429 4320 4732 
3 4342 4719 4755 
3 4628 4351 4719 
3 4342 4628 4719 
3 4737 4418 4620 
3 4351 4469 4449 
3 4429 4535 4469 
3 4447 4769 4418 
3 4515 4342 4755 
3 4737 4620 4755 
3 4769 4447 4515 
3 4769 4515 4620 
3 4386 4434 4578 
3 4578 4740 4389 
3 4578 4622 4740 
3 4578 4673 4622 
3 4740 4622 4541 
3 4541 4389 4740 
3 4541 4708 4389 
3 4280 4524 4548 
3 4280 4684 4524 
3 4588 4708 4486 
3 4548 4389 4708 
3 4300 4588 4486 
3 4284 4548 4588 
3 4647 4753 4713 
3 4274 4382 4398 
3 4506 4437 4455 
3 4455 4415 4506 
3 4482 4382 4707 
3 4613 4382 4482 
3 4681 4398 4405 
3 4274 4753 4696 
3 4506 4482 4707 
3 4613 4302 4398 
3 4506 4415 4482 
3 4302 4405 4398 
3 4546 4607 4308 
3 4613 4482 4415 
3 4415 4611 4302 
3 4591 4279 4283 
3 4415 4302 4613 
3 4611 4298 4302 
3 4502 4681 4405 
3 4598 4446 4753 
3 4298 4502 4405 
3 4600 4392 4412 
3 4302 4298 4405 
3 4392 4607 4412 
3 4298 4600 4502 
3 4298 4611 4600 
3 4611 4392 4600 
3 4611 4607 4392 
3 4412 4694 4532 
3 4546 4312 4694 
3 4600 4412 4502 
3 4607 4694 4412 
3 4546 4308 4312 
3 4308 4373 4312 
3 4493 4312 4604 
3 4270 4400 4752 
3 4532 4312 4493 
3 4629 4568 4662 
3 4629 4471 4595 
3 4270 4385 4662 
3 4493 4604 4385 
3 4289 4270 4662 
3 4752 4591 4283 
3 4547 4505 4720 
3 4270 4289 4505 
3 4630 4629 4595 
3 4499 4547 4525 
3 4275 4505 4547 
3 4505 4758 4720 
3 4499 4730 4547 
3 4400 4275 4730 
3 4335 4499 4525 
3 4301 4400 4730 
3 4335 4301 4499 
3 4555 4400 4301 
3 4283 4493 4752 
3 4752 4385 4270 
3 4400 4474 4752 
3 4400 4555 4474 
3 4591 4752 4474 
3 4493 4385 4752 
3 4412 4283 4627 
3 4591 4555 4279 
3 4627 4283 4279 
3 4532 4493 4283 
3 4555 4571 4279 
3 4571 4538 4627 
3 4279 4571 4627 
3 4335 4404 4571 
3 4571 4404 4679 
3 4679 4510 4528 
3 4530 4521 4635 
3 4334 4528 4521 
3 4635 4323 4292 
3 4521 4510 4323 
3 4525 4560 4335 
3 4311 4754 4625 
3 4538 4679 4528 
3 4538 4571 4679 
3 4335 4423 4404 
3 4693 4658 4758 
3 4335 4560 4583 
3 4525 4547 4560 
3 4335 4583 4423 
3 4472 4720 4758 
3 4583 4472 4423 
3 4669 4657 4653 
3 4423 4472 4464 
3 4560 4720 4472 
3 4495 4625 4741 
3 4655 4744 4520 
3 4423 4716 4404 
3 4448 4618 4311 
3 4625 4716 4311 
3 4464 4472 4658 
3 4716 4625 4404 
3 4754 4741 4625 
3 4625 4495 4401 
3 4741 4347 4597 
3 4409 4413 4314 
3 4347 4754 4618 
3 4311 4618 4754 
3 4448 4653 4618 
3 4655 4409 4314 
3 4422 4374 4318 
3 4660 4599 4734 
3 4416 4746 4341 
3 4354 4318 4413 
3 4317 4516 4597 
3 4741 4597 4495 
3 4318 4317 4597 
3 4476 4644 4567 
3 4476 4561 4644 
3 4495 4377 4401 
3 4495 4516 4377 
3 4510 4297 4292 
3 4401 4377 4297 
3 4671 4350 4728 
3 4350 4516 4690 
3 4728 4350 4561 
3 4297 4721 4350 
3 4322 4372 4701 
3 4761 4476 4567 
3 4303 4589 4374 
3 4367 4756 4733 
3 4624 4671 4427 
3 4332 4637 4297 
3 4767 4624 4427 
3 4767 4333 4624 
3 4406 4304 4745 
3 4747 4407 4410 
3 4453 4324 4325 
3 4445 4671 4324 
3 4647 4453 4428 
3 4692 4683 4453 
3 4445 4332 4671 
3 4445 4453 4683 
3 4297 4637 4292 
3 4683 4692 4617 
3 4637 4635 4292 
3 4617 4530 4635 
3 4521 4530 4334 
3 4713 4692 4647 
3 4502 4598 4681 
3 4502 4538 4598 
3 4598 4753 4398 
3 4738 4647 4296 
3 4713 4530 4617 
3 4446 4334 4530 
3 4530 4713 4753 
3 4617 4692 4713 
3 4332 4683 4637 
3 4332 4445 4683 
3 4672 4403 4696 
3 4698 4382 4274 
3 4698 4274 4403 
3 4398 4753 4274 
3 4403 4672 4698 
3 4522 4672 4696 
3 4753 4621 4696 
3 4696 4621 4522 
3 4647 4428 4296 
3 4747 4668 4324 
3 4410 4300 4668 
3 4753 4647 4621 
3 4692 4453 4647 
3 4668 4325 4324 
3 4296 4428 4325 
3 4367 4633 4756 
3 4388 4284 4407 
3 4333 4747 4324 
3 4410 4284 4300 
3 4333 4407 4747 
3 4383 4381 4742 
3 4747 4410 4668 
3 4407 4284 4410 
3 4333 4367 4733 
3 4371 4666 4723 
3 4733 4756 4383 
3 4631 4370 4565 
3 4378 4626 4371 
3 4501 4305 4344 
3 4570 4378 4608 
3 4378 4460 4626 
3 4509 4733 4371 
3 4333 4767 4367 
3 4388 4733 4509 
3 4388 4333 4733 
3 4284 4388 4509 
3 4407 4333 4388 
3 4745 4633 4367 
3 4381 4756 4633 
3 4427 4367 4767 
3 4328 4558 4384 
3 4328 4567 4276 
3 4439 4742 4381 
3 4745 4439 4633 
3 4742 4608 4383 
3 4328 4761 4567 
3 4565 4742 4439 
3 4383 4608 4378 
3 4742 4370 4608 
3 4733 4383 4378 
3 4756 4381 4383 
3 4491 4615 4539 
3 4608 4370 4631 
3 4500 4539 4281 
3 4615 4570 4631 
3 4745 4339 4439 
3 4281 4631 4565 
3 4714 4397 4309 
3 4397 4601 4709 
3 4338 4500 4704 
3 4539 4615 4631 
3 4527 4757 4419 
3 4477 4500 4757 
3 4507 4539 4500 
3 4507 4491 4539 
3 4477 4507 4500 
3 4477 4491 4507 
3 4570 4491 4460 
3 4331 4527 4454 
3 4631 4570 4608 
3 4615 4491 4570 
3 4460 4501 4626 
3 4344 4470 4501 
3 4570 4460 4378 
3 4501 4666 4626 
3 4477 4725 4491 
3 4305 4501 4460 
3 4491 4725 4460 
3 4477 4527 4725 
3 4543 4454 4527 
3 4360 4700 4454 
3 4272 4331 4454 
3 4725 4527 4331 
3 4321 4310 4527 
3 4425 4452 4310 
3 4349 4452 4425 
3 4467 4553 4606 
3 4321 4623 4425 
3 4664 4731 4573 
3 4543 4763 4559 
3 4414 4452 4519 
3 4763 4543 4527 
3 4559 4360 4543 
3 4763 4606 4559 
3 4287 4695 4394 
3 4763 4467 4606 
3 4519 4452 4349 
3 4478 4394 4534 
3 4556 4287 4394 
3 4574 4689 4394 
3 4286 4483 4534 
3 4489 4286 4689 
3 4489 4483 4286 
3 4394 4695 4574 
3 4457 4695 4545 
3 4763 4414 4467 
3 4763 4452 4414 
3 4711 4687 4587 
3 4731 4727 4573 
3 4695 4457 4605 
3 4695 4467 4545 
3 4664 4605 4512 
3 4573 4336 4574 
3 4612 4336 4727 
3 4295 4489 4336 
3 4612 4295 4336 
3 4352 4483 4295 
3 4664 4573 4605 
3 4727 4336 4573 
3 4545 4661 4664 
3 4661 4587 4664 
3 4623 4361 4349 
3 4313 4362 4361 
3 4512 4545 4664 
3 4687 4480 4587 
3 4545 4519 4711 
3 4349 4361 4362 
3 4457 4545 4512 
3 4414 4519 4545 
3 4757 4715 4419 
3 4757 4500 4715 
3 4715 4642 4419 
3 4327 4709 4614 
3 4642 4623 4321 
3 4642 4715 4327 
3 4623 4327 4361 
3 4623 4642 4327 
3 4715 4709 4327 
3 4484 4717 4652 
3 4687 4717 4307 
3 4313 4652 4717 
3 4397 4550 4614 
3 4550 4465 4682 
3 4664 4587 4731 
3 4711 4519 4362 
3 4661 4711 4587 
3 4313 4717 4687 
3 4349 4362 4519 
3 4313 4687 4362 
3 4687 4711 4362 
3 4661 4545 4711 
3 4760 4487 4458 
3 4731 4480 4329 
3 4760 4612 4590 
3 4727 4731 4590 
3 4590 4612 4727 
3 4554 4352 4612 
3 4436 4554 4650 
3 4554 4612 4718 
3 4436 4650 4729 
3 4743 4433 4458 
3 4612 4760 4718 
3 4590 4487 4760 
3 4731 4329 4487 
3 4480 4451 4329 
3 4729 4680 4705 
3 4718 4760 4680 
3 4718 4665 4650 
3 4718 4680 4665 
3 4436 4729 4387 
3 4650 4665 4729 
3 4680 4433 4705 
3 4433 4411 4705 
3 4743 4451 4759 
3 4411 4743 4759 
3 4456 4411 4759 
3 4433 4743 4411 
3 4458 4487 4743 
3 4636 4550 4397 
3 4551 4513 4572 
3 4714 4636 4397 
3 4562 4712 4636 
3 4712 4465 4636 
3 4712 4640 4465 
3 4652 4614 4484 
3 4652 4327 4614 
3 4500 4338 4715 
3 4338 4397 4709 
3 4715 4338 4709 
3 4704 4339 4338 
3 4328 4276 4764 
3 4309 4338 4339 
3 4339 4285 4565 
3 4339 4704 4285 
3 4701 4309 4339 
3 4592 4714 4309 
3 4372 4592 4701 
3 4592 4309 4701 
3 4589 4276 4766 
3 4567 4690 4317 
3 4339 4322 4701 
3 4764 4589 4372 
3 4339 4328 4322 
3 4328 4745 4304 
3 4367 4406 4745 
3 4328 4384 4761 
3 4427 4558 4367 
3 4367 4558 4406 
3 4406 4558 4304 
3 4427 4384 4558 
3 4322 4328 4764 
3 4304 4558 4328 
3 4374 4317 4318 
3 4766 4276 4567 
3 4374 4766 4317 
3 4374 4589 4766 
3 4303 4372 4589 
3 4764 4276 4589 
3 4592 4372 4575 
3 4322 4764 4372 
3 4575 4726 4603 
3 4575 4372 4303 
3 4663 4303 4422 
3 4726 4575 4303 
3 4603 4579 4710 
3 4341 4746 4426 
3 4659 4663 4422 
3 4579 4603 4663 
3 4618 4655 4314 
3 4618 4653 4655 
3 4413 4409 4315 
3 4655 4508 4409 
3 4413 4315 4354 
3 4409 4508 4660 
3 4315 4734 4354 
3 4599 4746 4734 
3 4315 4660 4734 
3 4520 4552 4660 
3 4408 4552 4557 
3 4408 4278 4552 
3 4420 4557 4744 
3 4599 4660 4278 
3 4660 4552 4278 
3 4557 4420 4408 
3 4643 4749 4316 
3 4579 4659 4551 
3 4746 4599 4426 
3 4513 4551 4416 
3 4416 4734 4746 
3 4749 4278 4316 
3 4749 4599 4278 
3 4551 4659 4416 
3 4579 4663 4659 
3 4513 4416 4341 
3 4659 4422 4416 
3 4426 4513 4341 
3 4579 4572 4710 
3 4643 4513 4426 
3 4572 4461 4710 
3 4643 4572 4513 
3 4369 4645 4488 
3 4572 4488 4461 
3 4572 4643 4369 
3 4572 4369 4488 
3 4643 4645 4369 
3 4655 4653 4744 
3 4448 4716 4658 
3 4658 4693 4669 
3 4630 4505 4289 
3 4464 4658 4716 
3 4472 4758 4658 
3 4448 4669 4653 
3 4693 4657 4669 
3 4693 4758 4364 
3 4630 4758 4505 
3 4657 4693 4364 
3 4758 4630 4364 
3 4630 4568 4629 
3 4289 4568 4630 
3 5078 5336 4825 
3 5058 5134 5249 
3 5070 4923 4917 
3 5180 5324 4982 
3 4786 4843 5338 
3 5243 5219 5215 
3 5318 5207 4939 
3 5175 5224 4923 
3 4830 5164 4930 
3 4905 5215 5298 
3 5153 5269 4942 
3 4856 5064 5212 
3 5315 5253 5221 
3 5040 5065 5195 
3 4930 5055 4936 
3 5282 5324 4986 
3 4978 4915 5313 
3 5265 4979 4984 
3 5080 5307 5169 
3 5066 5308 4889 
3 4976 5340 5105 
3 4927 4980 5041 
3 4893 5314 5004 
3 5059 4956 5188 
3 5186 4989 5114 
3 5205 5204 4774 
3 4789 5295 4901 
3 5230 5205 4774 
3 4863 4979 4933 
3 4777 5314 5258 
3 5119 5166 4888 
3 5139 4846 4802 
3 5103 4795 4844 
3 5199 4802 5018 
3 4899 5079 5109 
3 5104 4921 4786 
3 5289 5123 4869 
3 4930 4936 5126 
3 5191 5127 5225 
3 5277 5331 5118 
3 5282 4986 5270 
3 4894 5175 5089 
3 5182 5195 4864 
3 4774 4814 5230 
3 4968 4804 5267 
3 5074 5344 5186 
3 5219 5298 5215 
3 5290 5015 4780 
3 4887 4794 4792 
3 5296 5042 4836 
3 4925 4877 4928 
3 4977 4891 4856 
3 5077 5272 4860 
3 5031 5105 4931 
3 5250 5132 5073 
3 5020 5102 4792 
3 4946 5340 4906 
3 5192 5042 5064 
3 4908 4818 5136 
3 5035 5268 4837 
3 4977 5294 4891 
3 4773 4775 5035 
3 5313 5317 4978 
3 4970 5233 5343 
3 4948 5098 5198 
3 5177 5322 5328 
3 5122 5140 5136 
3 5343 5330 4970 
3 5327 5341 5151 
3 4857 4827 5022 
3 5175 5070 5089 
3 5129 5316 4772 
3 5084 5005 5333 
3 5126 4816 5054 
3 4823 5013 4831 
3 5289 5100 5123 
3 4992 5226 5100 
3 5045 4813 5162 
3 5100 5226 5123 
3 4872 4926 4782 
3 5302 4826 4848 
3 5172 4980 5346 
3 4951 5041 5149 
3 4807 4849 5108 
3 5178 5218 4849 
3 5156 4968 5267 
3 5134 4874 4859 
3 5090 5291 4907 
3 5291 5197 4907 
3 4803 5134 4859 
3 4901 4973 5156 
3 4923 4986 5180 
3 5339 5204 5205 
3 4901 5156 4789 
3 5282 4774 5295 
3 5204 4973 4774 
3 5063 5230 5195 
3 5270 4986 4923 
3 5195 5230 4864 
3 5063 4935 5230 
3 4875 5183 4809 
3 5308 5161 4889 
3 4930 5164 5055 
3 4817 5191 5225 
3 5128 5116 5164 
3 5116 5299 4967 
3 5003 5126 5054 
3 5057 4884 4999 
3 4936 4816 5126 
3 5056 4852 5342 
3 4936 5055 5116 
3 5052 5116 4967 
3 5076 4963 5062 
3 5080 5173 5271 
3 4933 5265 4871 
3 4923 5224 5270 
3 4864 5270 5224 
3 5253 5315 5030 
3 5180 4986 5324 
3 4942 4822 5321 
3 5306 5085 5233 
3 5086 5317 5029 
3 4794 5125 5093 
3 5029 5317 4998 
3 4851 4925 4928 
3 5121 4948 5203 
3 5098 4954 4832 
3 5121 5000 5053 
3 5171 4857 5187 
3 4780 4944 5281 
3 4944 5108 4820 
3 5187 4944 5171 
3 4906 5137 4946 
3 5290 4828 5015 
3 5310 4895 4857 
3 4814 5282 4864 
3 4814 4774 5282 
3 4789 5156 5267 
3 4907 5197 5234 
3 5339 4973 5204 
3 4901 5295 4973 
3 4973 5295 4774 
3 5114 5280 5186 
3 5259 4850 4972 
3 5107 5187 4886 
3 5146 5263 5332 
3 4881 4975 5216 
3 5231 5144 4887 
3 5298 5144 5120 
3 4941 5125 4887 
3 4993 4801 5141 
3 5287 5281 4820 
3 5260 5168 5256 
3 5238 5073 5286 
3 5219 4819 5051 
3 4954 5098 5121 
3 4920 5094 5145 
3 5115 4819 5219 
3 5207 5024 4959 
3 5268 5035 5037 
3 5268 5228 5196 
3 4902 5083 4987 
3 4783 5263 4810 
3 4975 4881 5332 
3 5303 5194 5254 
3 4946 5137 5049 
3 5213 4983 5292 
3 4847 4775 4787 
3 5213 5024 5159 
3 4943 4949 4959 
3 5243 5106 5219 
3 5024 4836 5159 
3 5071 4920 4775 
3 5124 4773 5278 
3 4775 4920 5145 
3 4929 5318 5147 
3 5278 4773 4837 
3 5037 5145 4902 
3 5233 5135 5343 
3 5163 5284 4878 
3 5227 5075 4800 
3 5131 5094 4829 
3 5136 5017 4908 
3 5309 4942 5269 
3 5309 5252 4942 
3 4788 5208 4866 
3 5122 5221 5252 
3 5208 5239 4866 
3 5153 4788 4970 
3 5167 4925 4868 
3 4908 4853 4818 
3 5341 5327 5322 
3 5252 5221 5237 
3 5253 5008 5086 
3 4771 5309 5269 
3 5309 4815 5017 
3 5206 4818 5177 
3 4865 5184 4999 
3 4918 5130 4805 
3 5081 5010 4885 
3 5052 4967 4910 
3 4865 4999 4838 
3 5235 5217 4911 
3 4825 5283 4858 
3 4772 5316 5273 
3 5316 5129 5023 
3 4858 4890 4825 
3 4991 4960 5100 
3 5048 4872 4883 
3 5293 4799 5200 
3 4997 5288 4811 
3 5336 5101 4830 
3 4896 5078 4825 
3 5018 4809 4867 
3 4896 5338 5078 
3 5338 5072 4846 
3 4890 4961 4825 
3 5338 5139 5199 
3 5104 5084 4921 
3 4960 4823 5232 
3 4961 5104 5338 
3 4825 4961 4896 
3 5005 5104 4961 
3 4912 4980 5172 
3 4921 5021 5311 
3 5326 5188 5172 
3 5311 5021 4924 
3 4869 5123 5312 
3 4969 5210 4909 
3 4808 5165 5019 
3 5274 4824 5346 
3 5319 5099 5302 
3 5027 5117 5300 
3 5223 5174 5111 
3 5319 5302 5300 
3 4848 5027 5300 
3 5155 5109 4791 
3 5346 4824 4826 
3 4974 5072 4791 
3 4846 5139 5338 
3 4834 4900 4914 
3 4914 4900 4824 
3 4945 4914 5209 
3 4824 4900 4937 
3 5103 4844 4889 
3 5014 5314 4777 
3 5161 5103 4889 
3 5161 4795 5103 
3 5087 5209 4927 
3 4980 5166 5149 
3 4874 5220 5110 
3 4927 5041 4919 
3 5134 5058 5002 
3 4844 4795 5004 
3 5041 4980 5149 
3 5092 4850 4804 
3 5157 5142 5197 
3 5220 5134 5002 
3 5249 5134 5066 
3 4844 5249 4889 
3 4844 5058 5249 
3 4990 4874 5110 
3 4984 4935 4871 
3 4990 4859 4874 
3 5154 5157 5176 
3 5157 4990 5110 
3 5154 4859 4990 
3 5134 5220 4874 
3 4990 5157 5154 
3 5154 5176 4859 
3 5090 4907 4966 
3 5157 5197 5176 
3 4907 5156 5339 
3 4907 4968 5156 
3 5142 5234 5197 
3 5142 4968 5234 
3 4968 4907 5234 
3 4966 4935 5090 
3 5176 4803 4859 
3 4958 4842 5155 
3 4984 5090 4935 
3 4803 5176 5291 
3 4803 5291 5090 
3 5176 5197 5291 
3 4907 5339 4966 
3 5156 4973 5339 
3 4864 5230 4814 
3 4935 4966 5230 
3 4966 5205 5230 
3 4966 5339 5205 
3 4871 5063 5195 
3 4871 4935 5063 
3 5090 4984 4979 
3 4871 5195 4933 
3 5134 4803 5044 
3 4984 4871 5265 
3 4803 4979 5044 
3 4803 5090 4979 
3 5134 5044 5066 
3 4979 5265 4933 
3 5096 5308 5044 
3 4900 5072 4843 
3 5249 5066 4889 
3 5044 5308 5066 
3 5155 4842 5320 
3 5044 4979 4863 
3 5155 5320 4854 
3 5096 5044 4863 
3 4791 4958 5155 
3 4842 5096 5320 
3 4821 4842 4958 
3 5308 5096 4842 
3 5320 4863 4854 
3 5320 5096 4863 
3 5065 4933 5195 
3 4854 4863 4933 
3 5169 5307 4875 
3 4809 4802 4899 
3 4899 5109 4809 
3 5079 4791 5109 
3 4974 4791 5079 
3 5072 4958 4791 
3 4846 4899 4802 
3 4846 4974 4899 
3 4867 4809 5183 
3 5109 5155 4875 
3 4867 5183 5011 
3 4809 5109 4875 
3 5307 5080 5271 
3 4854 4933 5065 
3 5128 5101 5271 
3 5011 5183 5307 
3 4854 5169 5155 
3 5307 5183 4875 
3 5155 5169 4875 
3 4854 5080 5169 
3 5127 5062 5046 
3 5040 5195 5046 
3 4967 5299 4817 
3 5065 4903 5173 
3 4817 4963 5076 
3 5271 4903 4876 
3 5076 5191 4817 
3 5076 5062 5297 
3 5277 5225 5070 
3 4967 4817 5225 
3 5127 5297 5062 
3 5191 5076 5297 
3 5225 5127 5089 
3 5191 5297 5127 
3 5127 5046 5089 
3 5062 4876 5040 
3 4963 4876 5062 
3 4963 5299 4876 
3 4876 5189 5040 
3 4876 4903 5189 
3 5271 5173 4903 
3 5080 4854 5065 
3 4903 5065 5189 
3 5173 5080 5065 
3 5062 5040 5046 
3 5189 5065 5040 
3 5046 4894 5089 
3 5046 5195 4894 
3 5195 5182 4894 
3 4864 5224 5182 
3 4864 5282 5270 
3 5295 4804 5043 
3 5295 5324 5282 
3 5337 4972 5152 
3 5190 4982 5242 
3 5092 4804 4968 
3 4857 4895 4827 
3 5242 4982 5022 
3 5182 5224 5175 
3 4964 5151 5341 
3 5089 5070 5225 
3 4923 5180 5331 
3 5182 5175 4894 
3 4923 5070 5175 
3 4923 5331 4917 
3 5118 4982 5190 
3 5056 5342 4910 
3 5277 5070 4917 
3 5327 5277 4784 
3 4917 5331 5277 
3 5315 5028 5242 
3 5242 5022 5030 
3 5277 5118 4784 
3 5190 5242 5028 
3 4784 5118 5028 
3 5118 5180 4982 
3 5028 5118 5190 
3 5331 5180 5118 
3 4978 5008 4895 
3 5030 5022 4932 
3 5030 4781 5067 
3 5030 4932 4781 
3 5221 5253 4898 
3 4781 4932 4827 
3 5086 5008 4978 
3 5008 5067 4827 
3 5317 5086 4978 
3 5067 4781 4827 
3 5253 5067 5008 
3 5253 5030 5067 
3 5138 5313 5047 
3 4915 5310 5313 
3 4828 5310 5171 
3 4915 4978 5310 
3 4978 4895 5310 
3 4857 5022 4886 
3 5008 4827 4895 
3 4932 5022 4827 
3 5187 4857 4886 
3 5171 5310 4857 
3 5022 5160 4886 
3 5022 4982 5152 
3 5015 5171 4944 
3 5015 4828 5171 
3 5276 5290 5001 
3 5313 5310 4828 
3 5158 5257 5107 
3 5108 4944 5187 
3 5107 4807 5187 
3 4849 5218 5108 
3 4807 5108 5187 
3 5281 5287 5301 
3 5074 5257 5158 
3 5074 5186 5257 
3 5160 5158 4886 
3 5257 4807 5107 
3 5022 5074 5160 
3 5186 4972 4989 
3 4886 5158 5107 
3 5160 5074 5158 
3 5022 5152 5074 
3 4982 5043 5262 
3 4982 5337 5152 
3 5324 5043 4982 
3 5324 5295 5043 
3 4804 4789 5267 
3 4804 5295 4789 
3 5043 5032 5262 
3 5043 4804 5032 
3 4982 5262 5337 
3 5032 4804 5259 
3 5152 5344 5074 
3 5152 4972 5344 
3 4850 4776 4972 
3 5280 5264 4807 
3 5337 5259 4972 
3 5259 4804 4850 
3 5262 5259 5337 
3 5262 5032 5259 
3 5246 5012 4776 
3 5012 4972 4776 
3 4776 4850 5092 
3 5241 5012 5246 
3 4989 4972 5012 
3 5007 5264 5241 
3 5114 5241 5280 
3 5257 5280 4807 
3 5241 5264 5280 
3 5012 5114 4989 
3 5012 5241 5114 
3 5257 5186 5280 
3 5344 4972 5186 
3 5264 4849 4807 
3 5264 5178 4849 
3 5218 4820 5108 
3 5218 5178 5069 
3 5007 5178 5264 
3 5246 5007 5241 
3 5287 5069 5150 
3 5150 5069 5137 
3 4820 5218 5069 
3 5088 4906 5340 
3 5088 5150 4906 
3 4993 5088 5340 
3 4955 5287 5150 
3 4906 5150 5137 
3 5088 4993 4955 
3 4931 4882 5031 
3 5329 4855 5113 
3 5303 5031 5247 
3 5247 5031 4882 
3 4931 5340 4946 
3 4993 4841 5020 
3 5031 4976 5105 
3 5105 5340 4931 
3 4794 5251 4792 
3 4993 5340 4976 
3 4962 4976 5031 
3 5102 4841 4976 
3 5303 5113 5222 
3 4887 5102 4962 
3 4887 4792 5102 
3 4794 5093 5251 
3 5222 5231 4887 
3 5144 4941 4887 
3 4962 5102 4976 
3 4792 5251 5020 
3 5125 5256 5148 
3 5020 4801 4993 
3 5038 5148 4995 
3 5068 5141 4801 
3 5102 5020 4841 
3 5251 4801 5020 
3 4841 4993 4976 
3 4955 5150 5088 
3 5141 4955 4993 
3 5001 5073 5132 
3 5141 5301 4955 
3 4820 5069 5287 
3 4955 5301 5287 
3 5141 5068 5301 
3 5148 5238 4801 
3 5286 5281 5301 
3 4820 5281 4944 
3 5301 5068 5286 
3 4944 4780 5015 
3 5281 5073 4780 
3 5001 4938 5073 
3 4780 5073 4938 
3 5121 5053 5132 
3 5047 4828 5290 
3 5248 5001 5132 
3 5248 5276 5001 
3 4938 5001 5290 
3 5248 5047 5276 
3 4938 5290 4780 
3 5276 5047 5290 
3 4928 5239 5095 
3 5313 4828 5047 
3 5248 5053 5047 
3 5317 5313 5138 
3 5185 5317 5138 
3 5095 5239 5208 
3 5185 4998 5317 
3 5000 4928 5029 
3 5047 5185 5138 
3 5000 5121 5203 
3 5250 5121 5132 
3 4953 5261 5061 
3 5047 5053 5185 
3 5248 5132 5053 
3 5238 5250 5073 
3 4832 4954 5250 
3 5250 4954 5121 
3 5261 5051 5061 
3 5198 5098 4832 
3 5000 4851 4928 
3 4905 5298 5120 
3 5148 4832 5250 
3 5219 5168 5298 
3 5051 5261 5168 
3 5260 5256 5125 
3 5168 4832 5256 
3 5298 5304 5144 
3 5298 5168 5304 
3 5304 5260 5144 
3 5304 5168 5260 
3 4794 4887 5125 
3 5144 5260 4941 
3 5038 5125 5148 
3 4941 5260 5125 
3 4995 5148 4801 
3 5256 4832 5148 
3 4801 5238 5068 
3 5073 5281 5286 
3 5068 5238 5286 
3 5148 5250 5238 
3 5038 4995 4801 
3 5038 5093 5125 
3 5251 5038 4801 
3 5251 5093 5038 
3 5143 4840 4861 
3 5120 5144 5231 
3 4840 5077 5006 
3 4810 5146 5334 
3 5077 4810 5334 
3 5179 4860 4922 
3 5077 5334 5272 
3 5120 4840 5033 
3 5231 4861 4840 
3 4840 5120 5231 
3 5033 4905 5120 
3 4860 5215 5006 
3 5033 4840 5006 
3 5006 4905 5033 
3 4793 5243 5325 
3 5006 5215 4905 
3 4860 5272 4922 
3 4856 5179 4862 
3 5236 5215 5179 
3 4856 4891 5179 
3 5115 5106 5196 
3 5179 4922 4862 
3 5215 4860 5179 
3 5006 5077 4860 
3 5334 5146 4988 
3 4845 4783 5077 
3 5263 5146 4810 
3 4962 5303 5222 
3 5143 4845 4840 
3 4962 5222 4887 
3 4861 5231 5222 
3 5143 4855 4845 
3 5113 5332 5329 
3 5222 5113 4861 
3 5113 4975 5332 
3 4840 4845 5077 
3 4855 5329 4845 
3 5077 4783 4810 
3 4845 5329 4783 
3 5113 4855 5143 
3 5263 5329 5332 
3 5263 4783 5329 
3 4861 5113 5143 
3 5031 5303 4962 
3 5303 5247 5194 
3 5113 5254 4975 
3 5113 5303 5254 
3 4879 5214 5292 
3 5214 5024 5213 
3 4773 5124 4787 
3 5207 4959 5039 
3 5024 5214 4959 
3 5207 5039 4939 
3 4959 4949 5039 
3 4943 5214 4879 
3 4943 4959 5214 
3 4983 5213 5159 
3 5292 5214 5213 
3 5064 4856 4862 
3 4957 5202 4947 
3 5192 5064 4862 
3 5042 5212 5064 
3 4922 5192 4862 
3 5179 4891 5236 
3 4797 5147 4793 
3 5009 5325 5236 
3 5009 4957 4947 
3 5009 4797 5325 
3 4947 4929 5147 
3 5236 4891 5009 
3 4977 5212 5294 
3 5009 4947 4797 
3 5147 5318 4939 
3 5202 4929 4947 
3 5202 4891 5294 
3 4891 4957 5009 
3 4891 5202 4957 
3 4856 5212 4977 
3 4836 5024 5207 
3 5318 5294 5207 
3 5294 5296 5207 
3 5207 5296 4836 
3 5212 5042 5296 
3 5202 5294 5318 
3 5212 5296 5294 
3 5278 5147 4939 
3 4929 5202 5318 
3 5106 4837 5268 
3 5278 4939 5124 
3 4775 5037 5035 
3 4902 4987 5037 
3 5145 5163 5083 
3 5261 5198 4832 
3 5106 5268 5196 
3 5037 4987 5268 
3 5268 4987 5228 
3 5036 5163 5193 
3 5147 5106 4793 
3 5147 4837 5106 
3 4947 5147 4797 
3 5278 4837 5147 
3 5236 5325 5243 
3 5325 4797 4793 
3 5115 5219 5106 
3 5051 5168 5219 
3 5236 5243 5215 
3 4793 5106 5243 
3 4987 5061 4819 
3 5036 5083 5163 
3 5228 4897 5196 
3 4819 5061 5051 
3 4897 4819 5115 
3 5228 4987 4819 
3 5196 4897 5115 
3 5228 4819 4897 
3 4987 4953 5061 
3 4866 5167 5306 
3 5193 4981 5198 
3 4913 4851 5000 
3 5198 5261 4953 
3 4832 5168 5261 
3 5098 4948 5121 
3 4948 5198 5275 
3 5185 5053 5000 
3 5275 5198 4981 
3 4948 4913 5203 
3 4948 5275 4913 
3 4913 4925 4851 
3 5167 5085 5306 
3 4953 5193 5198 
3 4800 5284 5094 
3 5034 5036 5193 
3 4878 5075 5193 
3 4953 5034 5193 
3 5034 5083 5036 
3 4987 5034 4953 
3 4987 5083 5034 
3 5193 5075 4981 
3 4878 5284 5075 
3 5193 5163 4878 
3 5083 4902 5145 
3 4913 5275 4925 
3 4981 5075 4985 
3 5275 4868 4925 
3 5275 4985 4868 
3 4868 4985 5233 
3 5275 4981 4985 
3 4868 5233 5085 
3 4985 5227 5233 
3 5279 4970 5330 
3 4800 5094 5135 
3 5145 5037 4775 
3 5135 5094 5131 
3 5227 4800 5135 
3 5075 5284 4800 
3 5233 5227 5135 
3 4985 5075 5227 
3 5284 5145 5094 
3 5284 5163 5145 
3 4837 4773 5035 
3 4787 5039 4847 
3 5039 4787 4939 
3 5039 4949 4847 
3 4773 4787 4775 
3 5124 4939 4787 
3 5071 4775 4847 
3 5094 4920 4829 
3 4818 5170 5177 
3 5285 5170 4790 
3 5057 5305 4812 
3 5177 4873 5341 
3 4805 5130 4873 
3 4873 5130 5341 
3 5177 5170 5285 
3 4853 4839 4818 
3 4790 5170 4839 
3 4790 4853 4908 
3 4790 4839 4853 
3 4970 5306 5233 
3 5309 5017 5016 
3 5153 4833 5269 
3 5153 5050 4833 
3 5136 5016 5017 
3 5140 5252 5309 
3 5050 4970 5279 
3 5050 5153 4970 
3 5153 4942 5321 
3 4942 5237 4822 
3 4815 5309 4771 
3 5016 5140 5309 
3 4788 5321 5229 
3 4822 5237 5321 
3 4970 4788 5306 
3 5153 5321 4788 
3 4788 4866 5306 
3 4877 4925 5167 
3 4877 5167 4866 
3 4868 5085 5167 
3 5239 4877 4866 
3 5239 4928 4877 
3 5086 5029 5095 
3 4998 5000 5029 
3 5185 5000 4998 
3 5203 4913 5000 
3 5229 4898 5086 
3 5321 5237 4898 
3 5086 5095 5208 
3 5029 4928 5095 
3 5086 4898 5253 
3 5086 5208 5229 
3 4788 5229 5208 
3 5321 4898 5229 
3 5177 5328 5206 
3 4784 5028 5315 
3 5237 5221 4898 
3 5328 5322 5221 
3 5030 5315 5242 
3 5221 5322 5315 
3 5322 4784 5315 
3 5327 4852 5277 
3 5151 4852 5327 
3 5056 4910 4967 
3 5322 5327 4784 
3 5322 5177 5341 
3 5217 5081 4964 
3 5081 5342 5151 
3 5285 4873 5177 
3 5130 4964 5341 
3 5328 5266 5206 
3 5328 5221 5266 
3 5266 5122 5206 
3 5266 5221 5122 
3 4942 5252 5237 
3 5140 5122 5252 
3 5122 5136 5206 
3 5140 5016 5136 
3 5136 4818 5206 
3 4839 5170 4818 
3 5345 4805 4873 
3 4812 4805 5345 
3 4918 4964 5130 
3 5305 4918 4805 
3 4911 5057 5235 
3 4918 5217 4964 
3 4918 4911 5217 
3 5010 5235 4999 
3 5010 5217 5235 
3 5211 5054 4865 
3 4816 4865 5054 
3 4936 4865 4816 
3 4936 5116 5052 
3 4999 5184 5010 
3 4865 4936 5184 
3 4964 5081 5151 
3 5217 5010 5081 
3 5151 5342 4852 
3 5056 4967 5225 
3 5081 4885 5342 
3 5010 5184 5052 
3 5277 5056 5225 
3 5277 4852 5056 
3 5164 5116 5055 
3 5299 4963 4817 
3 5128 4778 5116 
3 5271 4876 5299 
3 4885 5052 4910 
3 5184 4936 5052 
3 5342 4885 4910 
3 5010 5052 4885 
3 5011 5101 5336 
3 5307 5271 5101 
3 4830 5128 5164 
3 4778 5299 5116 
3 5271 4778 5128 
3 5271 5299 4778 
3 5078 5018 5336 
3 5018 4802 4809 
3 5336 5018 4867 
3 5199 5139 4802 
3 5101 5011 5307 
3 5336 4867 5011 
3 5078 5199 5018 
3 5078 5338 5199 
3 5283 4835 5003 
3 5283 5336 4830 
3 5283 4830 4835 
3 5101 5128 4830 
3 4835 4930 5126 
3 4835 4830 4930 
3 5283 5003 5129 
3 4835 5126 5003 
3 5003 5211 5129 
3 5003 5054 5211 
3 4772 5283 5129 
3 4825 5336 5283 
3 4772 4858 5283 
3 5316 5023 4934 
3 5057 4999 5235 
3 5273 5316 4934 
3 5023 5211 4865 
3 4934 5023 5245 
3 5023 4865 4838 
3 5245 5023 4838 
3 5129 5211 5023 
3 4838 4999 4884 
3 4918 5305 4911 
3 4812 5305 4805 
3 5057 4911 5305 
3 5245 4838 4884 
3 4811 5288 5005 
3 4997 5060 5288 
3 5255 4811 4961 
3 5255 4858 4811 
3 4890 5255 4961 
3 4890 4858 5255 
3 5005 5060 5333 
3 5133 5025 4994 
3 5060 4997 5333 
3 4779 4883 4994 
3 4883 4779 5335 
3 4883 5097 5133 
3 4960 5200 4799 
3 5048 4883 5013 
3 5335 4831 4883 
3 4960 4799 4992 
3 5025 5133 4782 
3 4994 5112 4779 
3 5133 4994 4883 
3 5333 4950 4994 
3 5289 4870 5100 
3 4883 4831 5013 
3 4823 4960 5013 
3 5232 5200 4960 
3 4799 5082 4992 
3 4799 5293 5082 
3 4960 4991 5013 
3 4782 4924 5021 
3 4991 5048 5013 
3 4991 4926 5048 
3 5100 4870 4991 
3 4782 5021 5025 
3 4870 5174 4924 
3 5174 5311 4924 
3 4872 4782 5097 
3 4926 4924 4782 
3 4883 4872 5097 
3 5048 4926 4872 
3 4782 5133 5097 
3 5025 5084 4994 
3 4921 5084 5021 
3 5084 5333 4994 
3 5021 5084 5025 
3 5104 5005 5084 
3 4811 5005 4961 
3 5288 5060 5005 
3 4961 5338 4896 
3 5104 4786 5338 
3 5311 4786 4921 
3 5181 4848 4826 
3 4926 4870 4924 
3 5300 5302 4848 
3 5311 5117 4786 
3 5311 5174 4952 
3 5311 4952 5117 
3 5026 4869 5312 
3 5338 4843 5072 
3 4786 5117 4843 
3 4899 4974 5079 
3 4846 5072 4974 
3 4843 5027 4900 
3 4843 5117 5027 
3 4937 4900 5027 
3 4958 5072 4900 
3 4848 4937 5027 
3 4826 4824 4937 
3 4912 5172 4916 
3 4826 5302 5172 
3 4937 5181 4826 
3 4937 4848 5181 
3 5326 4971 5162 
3 5172 5302 5099 
3 4952 5300 5117 
3 4952 5319 5300 
3 5326 4904 5188 
3 5326 5172 5099 
3 5162 5201 5059 
3 4916 5172 5188 
3 4956 4916 5188 
3 4956 4888 4912 
3 5123 4785 5312 
3 4808 4956 5059 
3 5059 5201 4808 
3 4813 4965 5165 
3 4904 5059 5188 
3 4904 5162 5059 
3 5045 5162 4971 
3 4813 5201 5162 
3 4904 5326 5162 
3 4996 4869 5026 
3 5223 4996 5319 
3 5223 5289 4996 
3 5319 5326 5099 
3 4996 4971 5326 
3 5223 5319 4952 
3 4996 5326 5319 
3 5174 5223 4952 
3 5111 5289 5223 
3 4991 4870 4926 
3 5111 5174 4870 
3 4996 5289 4869 
3 5111 4870 5289 
3 4960 4992 5100 
3 4892 5312 4785 
3 5123 5226 4785 
3 5323 4965 5045 
3 5226 4892 4785 
3 5312 5045 5026 
3 5312 5323 5045 
3 4971 5026 5045 
3 4971 4996 5026 
3 4965 5323 4806 
3 5312 4892 5323 
3 4880 4965 4806 
3 4813 5045 4965 
3 4813 4808 5201 
3 5019 4880 5119 
3 4813 5165 4808 
3 4888 5166 4912 
3 4965 4880 5165 
3 4806 4909 4880 
3 4940 4806 4798 
3 4806 5323 4798 
3 4969 4806 4940 
3 4806 4969 4909 
3 5258 5314 4893 
3 5274 4980 4927 
3 5240 4951 5149 
3 5119 5240 5149 
3 5166 5119 5149 
3 4880 4909 5119 
3 4808 5019 4956 
3 5019 5119 4888 
3 4956 5019 4888 
3 5165 4880 5019 
3 4956 4912 4916 
3 5166 4980 4912 
3 4914 4824 5274 
3 4900 4834 4958 
3 5172 5346 4826 
3 4980 5274 5346 
3 5209 4914 5274 
3 4821 5308 4842 
3 4795 4796 4893 
3 5274 4927 5209 
3 5244 4893 4945 
3 4795 5161 4796 
3 4919 5258 4927 
3 5244 5209 5087 
3 5244 4945 5209 
3 5091 4821 4834 
3 4834 4821 4958 
3 5091 5308 4821 
3 4945 4834 4914 
3 4796 5161 5091 
3 4796 5091 4834 
3 5161 5308 5091 
3 4945 4796 4834 
3 4945 4893 4796 
3 5004 4795 4893 
3 5058 4844 5004 
3 4927 5258 5087 
3 5258 5244 5087 
3 5258 4893 5244 
3 4919 4777 5258 
3 5014 5004 5314 
