ply
format ascii 1.0
element vertex 5347
property float x
property float y
property float z
property uchar red
property uchar green
property uchar blue
property float nx
property float ny
property float nz
element face 10018
property list uchar int vertex_indices
end_header
2020.0 1825.0 51.54480000000001 221 248 168 -0.266635 -0.0778216 0.960651 
2030.0 1836.0 55.45600000000002 222 247 167 -0.0963807 0.0162439 0.995212 
2030.0 1848.0 45.96320000000003 222 247 167 0.261153 0.450528 0.853712 
2040.0 1813.0 44.964 204 248 176 -0.311891 -0.548608 0.775728 
2010.0 1839.0 37.2328 203 248 177 -0.216379 0.0623465 0.974317 
2040.0 1845.0 44.357200000000034 204 248 176 0.228554 0.470731 0.852159 
2020.0 1830.0 55.02760000000001 221 248 168 -0.0955647 0.00966385 0.995376 
2030.0 1850.0 37.52359999999999 204 248 176 0.0942248 0.267185 0.959028 
2030.0 1826.0 55.61840000000001 222 247 167 -0.11665 -0.00545092 0.993158 
2040.0 1847.0 40.00640000000004 204 248 176 0.164805 0.322685 0.932048 
2050.0 1839.0 52.78520000000003 222 247 166 0.258082 0.412026 0.873858 
2050.0 1829.0 54.20800000000003 221 248 168 0.0999088 -0.055006 0.993475 
2010.0 1824.0 46.31560000000002 220 248 169 -0.704184 -0.0181996 0.709784 
2040.0 1837.0 56.49200000000002 222 247 167 0.10321 0.0669165 0.992406 
2050.0 1820.0 52.90480000000002 221 248 168 0.156043 -0.021641 0.987513 
2050.0 1826.0 52.166 220 248 169 0.219229 0.062462 0.973672 
2040.0 1825.0 55.160000000000025 221 248 168 0.0908785 -0.0339426 0.995283 
2040.0 1821.0 55.938800000000015 222 247 167 0.0996984 -0.0526497 0.993624 
2020.0 1837.0 45.47640000000001 210 248 172 -0.518439 0.00673298 0.855088 
2020.0 1837.0 43.06800000000004 203 248 176 -0.500333 0.116792 0.85792 
2050.0 1842.0 41.87520000000001 204 248 176 0.216638 0.446723 0.868047 
2030.0 1831.0 57.36439999999999 222 247 167 -0.10504 0.0576026 0.992798 
2020.0 1816.0 44.47720000000004 203 248 176 -0.261616 -0.418889 0.869534 
2050.0 1837.0 48.12479999999999 220 248 168 0.159798 0.332102 0.929609 
2030.0 1844.0 54.24440000000004 221 247 167 -0.114692 0.109962 0.987296 
2020.0 1848.0 49.31960000000004 221 248 168 -0.0495367 0.413698 0.909065 
2030.0 1844.0 54.11400000000003 221 248 168 0.0101769 0.159438 0.987156 
2050.0 1832.0 52.89640000000003 221 248 168 0.167455 0.0456695 0.984821 
2040.0 1835.0 58.355999999999995 222 247 166 0.0359425 -0.0174578 0.999201 
2050.0 1844.0 39.249600000000044 204 248 176 0.107648 0.363823 0.925227 
2020.0 1846.0 46.22800000000001 219 248 169 -0.444085 0.193273 0.874891 
2050.0 1811.0 40.87760000000003 218 248 169 0.22867 -0.1279 0.965066 
2030.0 1820.0 55.52280000000002 222 247 167 -0.164448 0.146873 0.97539 
2020.0 1856.0 36.67360000000002 204 248 176 -0.0308739 0.0628125 0.997548 
2040.0 1836.0 58.3116 222 246 165 -0.026247 0.0493444 0.998437 
2020.0 1839.0 45.56600000000003 212 248 171 -0.486448 0.125582 0.864637 
2020.0 1832.0 45.11680000000001 220 248 169 -0.408923 0.127876 0.903565 
2020.0 1842.0 49.77800000000002 220 248 169 -0.375307 0.147593 0.915074 
2050.0 1838.0 47.865200000000016 221 247 167 0.193555 0.365603 0.910424 
2030.0 1814.0 46.03520000000003 222 247 167 -0.246147 -0.584795 0.772933 
2020.0 1828.0 49.54720000000003 219 248 169 -0.476964 0.239244 0.845735 
2010.0 1826.0 44.64920000000001 204 248 175 -0.540911 0.212993 0.813664 
2050.0 1830.0 55.54079999999999 221 247 167 0.0812941 -0.0336016 0.996124 
2030.0 1819.0 54.825199999999995 222 247 166 -0.401695 -0.263284 0.87711 
2050.0 1833.0 54.18720000000002 221 247 167 0.139138 0.0305425 0.989802 
2050.0 1802.0 35.688800000000015 203 248 177 0.00103033 -0.0566683 0.998393 
2040.0 1824.0 57.28520000000003 222 247 166 0.0628125 -0.0308739 0.997548 
2040.0 1834.0 56.34800000000001 222 247 167 0.103696 -0.0207393 0.994393 
2040.0 1849.0 37.3424 204 248 176 0.0650133 0.161942 0.984656 
2040.0 1804.0 36.39280000000002 203 248 176 0.00519307 -0.0612782 0.998107 
2040.0 1842.0 50.95160000000004 222 246 166 0.0663755 0.538065 0.840286 
2060.0 1820.0 40.95600000000002 204 248 176 0.269318 -0.187292 0.944664 
2050.0 1838.0 48.46120000000002 221 247 167 0.274091 0.375939 0.88518 
2040.0 1835.0 58.322400000000016 222 247 166 -0.0316454 0.0153123 0.999382 
2050.0 1833.0 49.5548 220 248 168 0.280054 0.083887 0.956312 
2060.0 1836.0 44.648000000000025 218 248 169 0.320964 0.237484 0.916833 
2030.0 1813.0 40.17760000000004 204 248 176 -0.127698 -0.405546 0.905111 
2050.0 1823.0 53.82560000000001 221 248 168 0.0922152 -0.0522183 0.994369 
2040.0 1818.0 55.47239999999999 222 247 167 0.0326861 -0.131872 0.990728 
2030.0 1849.0 48.06560000000002 221 248 168 0.0989019 0.517443 0.849983 
2050.0 1830.0 53.58960000000002 221 248 168 0.117476 -0.0369209 0.992389 
2060.0 1832.0 43.33800000000002 203 248 176 0.411519 -0.0223509 0.911127 
2030.0 1833.0 56.2244 222 247 167 -0.0881358 0.0315548 0.995609 
2040.0 1842.0 50.448800000000006 222 247 166 0.273083 0.569844 0.775051 
2020.0 1824.0 54.88920000000002 222 247 167 -0.122799 -0.0631208 0.990422 
2030.0 1850.0 43.205600000000004 204 248 176 0.156588 0.423793 0.892121 
2030.0 1830.0 57.98040000000003 222 247 166 -0.0859698 0.033735 0.995726 
2040.0 1836.0 58.247600000000034 222 246 166 0.10304 0.0119309 0.994606 
2030.0 1844.0 50.74720000000002 222 247 167 0.153155 0.41366 0.897457 
2040.0 1820.0 55.040400000000034 221 247 167 0.0865187 -0.0383311 0.995513 
2030.0 1844.0 50.747600000000034 204 248 176 0.330699 0.559768 0.759801 
2020.0 1840.0 52.765600000000006 221 248 168 -0.194942 0.0845973 0.97716 
2030.0 1814.0 47.84000000000003 204 248 176 0.060983 -0.571538 0.818306 
2060.0 1833.0 42.77080000000001 219 248 169 0.404484 -0.0384591 0.913736 
2010.0 1834.0 39.46120000000002 203 248 176 -0.2715 0.148456 0.95092 
2050.0 1817.0 52.73320000000001 221 248 168 0.162792 -0.130482 0.977995 
2050.0 1816.0 46.34680000000003 219 248 169 0.517392 -0.0807983 0.851925 
2040.0 1805.0 36.60400000000004 203 248 176 -0.0162721 -0.100887 0.994765 
2020.0 1836.0 42.343200000000024 203 248 176 -0.417776 0.241082 0.875981 
2050.0 1826.0 54.2072 221 248 168 0.104138 -0.0252123 0.994243 
2030.0 1830.0 56.727599999999995 222 247 167 -0.108595 0.0459009 0.993026 
2030.0 1839.0 55.65360000000004 222 247 167 -0.0877958 0.0544556 0.994649 
2040.0 1814.0 50.81600000000003 221 248 168 0.10715 -0.354002 0.929086 
2040.0 1818.0 56.08440000000002 222 247 167 0.00811917 -0.19834 0.9801 
2040.0 1803.0 36.048 203 248 176 0.00933127 -0.0549508 0.998446 
2020.0 1838.0 40.23480000000001 218 248 169 -0.320695 0.0188644 0.946995 
2020.0 1848.0 36.75040000000001 203 248 177 -0.14803 0.02147 0.98875 
2050.0 1840.0 49.39080000000001 222 247 167 0.255115 0.552489 0.793519 
2060.0 1835.0 38.29599999999999 203 248 176 0.26943 0.03849 0.96225 
2030.0 1814.0 43.15320000000003 222 247 166 -0.218974 -0.478721 0.850221 
2050.0 1815.0 38.58760000000001 203 248 176 0.213496 -0.0470416 0.975811 
2030.0 1814.0 46.80680000000001 204 248 176 -0.00415762 -0.727583 0.686007 
2030.0 1846.0 52.336400000000026 221 248 168 0.00376636 0.340228 0.940335 
2040.0 1842.0 50.37760000000003 222 247 166 0.0672707 0.611162 0.788642 
2040.0 1827.0 57.90840000000003 222 247 166 0.0729484 -0.0468177 0.996236 
2060.0 1823.0 39.87080000000003 203 248 176 0.242445 -0.0901234 0.96597 
2040.0 1826.0 55.98040000000003 222 247 167 0.0924637 -0.0271952 0.995345 
2030.0 1835.0 54.99720000000002 221 248 168 -0.0958381 0.0363524 0.994733 
2010.0 1828.0 46.04520000000002 212 248 171 -0.470377 0.188447 0.86211 
2050.0 1837.0 49.148799999999994 221 247 167 0.162925 0.332813 0.928812 
2040.0 1808.0 39.73040000000003 204 248 176 -0.019436 -0.382241 0.923858 
2020.0 1830.0 45.162800000000004 205 248 175 -0.531844 0.114484 0.839068 
2020.0 1819.0 46.141999999999996 222 247 167 -0.205183 -0.521316 0.82833 
2040.0 1834.0 56.129200000000026 222 247 167 0.116148 0.00325648 0.993227 
2010.0 1829.0 43.294399999999996 218 248 169 -0.404586 0.057798 0.912671 
2040.0 1817.0 53.82120000000003 221 248 168 0.0854596 -0.0877385 0.992471 
2030.0 1815.0 49.50080000000003 222 247 166 -0.0574717 -0.531263 0.845255 
2030.0 1839.0 56.27120000000002 222 247 167 -0.0585512 0.076227 0.99537 
2040.0 1832.0 58.4932 222 247 166 0.0398045 0.00510314 0.999195 
2010.0 1820.0 37.13960000000003 203 248 176 -0.102649 -0.119167 0.987554 
2020.0 1839.0 47.9828 220 248 168 -0.332426 0.15035 0.931068 
2050.0 1827.0 47.75120000000004 219 248 169 0.331424 -0.174802 0.927148 
2040.0 1832.0 56.6832 222 247 167 0.118231 -0.0439144 0.992015 
2060.0 1833.0 40.324400000000026 203 248 176 0.365441 -0.00891319 0.930792 
2050.0 1819.0 44.44720000000001 203 248 176 0.356522 -0.29635 0.886041 
2030.0 1850.0 40.40280000000001 204 248 175 0.217811 0.344747 0.913076 
2020.0 1824.0 50.6576 219 248 169 -0.286284 -0.129161 0.949399 
2030.0 1832.0 56.15160000000003 222 247 167 -0.08615 0.0359867 0.995632 
2030.0 1824.0 57.6884 222 247 166 -0.0701302 -0.0052336 0.997524 
2060.0 1832.0 37.79520000000002 203 248 176 0.28067 -0.0159333 0.959672 
2050.0 1840.0 44.48079999999999 204 248 176 0.156393 0.37337 0.914405 
2030.0 1854.0 37.567200000000014 204 248 176 -0.0123682 0.151792 0.988335 
2040.0 1835.0 56.044399999999996 222 247 167 0.137216 0.0328864 0.989995 
2060.0 1834.0 45.41120000000001 219 248 169 0.383538 0.0353431 0.922848 
2010.0 1821.0 38.40480000000002 203 248 176 -0.201818 -0.185989 0.961602 
2010.0 1827.0 43.44920000000002 203 248 176 -0.475377 0.166308 0.86392 
2040.0 1820.0 56.224800000000016 222 247 167 0.113689 -0.0700506 0.991044 
2010.0 1830.0 44.1696 203 248 176 -0.378491 0.0908922 0.921131 
2030.0 1850.0 38.072 203 248 176 0.190861 0.299527 0.934802 
2030.0 1841.0 55.50200000000001 222 247 167 -0.0445479 0.0727978 0.996351 
2020.0 1839.0 52.4076 221 248 168 -0.240741 0.0530865 0.969137 
2030.0 1827.0 58.46600000000001 222 246 165 -0.0318367 -0.0215668 0.99926 
2040.0 1834.0 58.412000000000035 222 246 165 0.0129341 0.00497465 0.999904 
2050.0 1802.0 35.9196 203 248 176 -0.0227971 -0.0922739 0.995473 
2030.0 1812.0 42.64920000000001 204 248 176 -0.00130527 -0.437266 0.899331 
2020.0 1844.0 38.166 203 248 176 -0.247821 0.0902322 0.964595 
2030.0 1846.0 50.141999999999996 221 248 168 0.414342 0.443362 0.794827 
2050.0 1819.0 52.1696 220 248 168 0.296738 -0.0186237 0.954777 
2030.0 1829.0 58.62560000000002 222 247 166 -0.00491636 0.000983272 0.999987 
2060.0 1834.0 41.52680000000004 203 248 176 0.390695 0.0573375 0.918733 
2030.0 1834.0 58.04920000000004 222 246 166 -0.0877716 0.0249228 0.995829 
2010.0 1836.0 38.85239999999999 203 248 177 -0.236113 0.156969 0.958964 
2010.0 1824.0 40.30920000000003 203 248 176 -0.384175 0.0882381 0.919034 
2030.0 1843.0 54.53280000000001 221 248 168 -0.0515923 0.0779374 0.995622 
2050.0 1824.0 52.27760000000001 221 248 168 0.272193 -0.148834 0.950663 
2020.0 1856.0 36.4744 204 248 176 -0.0194362 0.0276199 0.99943 
2020.0 1844.0 39.84039999999999 203 248 176 -0.439626 0.126624 0.889211 
2020.0 1837.0 50.70760000000001 220 248 169 -0.292216 0.0493352 0.955079 
2020.0 1820.0 47.32839999999999 221 248 168 -0.118999 -0.483166 0.867404 
2020.0 1845.0 49.7244 220 248 169 -0.264732 0.0459862 0.963225 
2040.0 1846.0 37.745600000000024 203 248 176 0.0916158 0.224647 0.970124 
2050.0 1807.0 38.476800000000026 204 248 176 -0.0684519 -0.235225 0.969527 
2030.0 1839.0 56.753600000000006 222 247 166 -0.00975745 0.107332 0.994175 
2050.0 1841.0 46.17360000000002 204 248 176 0.256807 0.587663 0.76727 
2040.0 1806.0 36.902000000000044 204 248 176 0.0162123 -0.0940315 0.995437 
2030.0 1842.0 54.952 222 247 167 -0.0227034 0.0897326 0.995707 
2050.0 1804.0 36.74279999999999 203 248 176 -0.0212318 -0.130743 0.991189 
2020.0 1847.0 49.888000000000034 219 248 169 -0.195845 0.167312 0.966256 
2020.0 1834.0 54.3664 221 247 167 -0.127979 0.0396394 0.990984 
2030.0 1853.0 38.36560000000003 203 248 176 0.103131 0.235546 0.966376 
2050.0 1807.0 38.46199999999999 203 248 176 0.106046 -0.198368 0.974374 
2030.0 1838.0 55.327200000000005 222 247 167 -0.103935 0.0458208 0.993528 
2050.0 1818.0 42.80880000000002 203 248 176 0.402051 -0.295041 0.866779 
2040.0 1828.0 57.786400000000015 222 247 166 0.0972629 -0.0525443 0.993871 
2020.0 1843.0 52.02480000000003 220 248 169 -0.302343 0.0903102 0.948911 
2020.0 1837.0 41.238 203 248 176 -0.355677 0.101429 0.929089 
2040.0 1818.0 55.18119999999999 222 247 167 0.0667058 -0.0557704 0.996213 
2020.0 1818.0 49.66239999999999 222 247 167 -0.34938 -0.337174 0.874212 
2020.0 1838.0 48.05720000000002 220 248 169 -0.381758 0.0299674 0.923776 
2020.0 1838.0 43.05600000000004 219 248 169 -0.465721 0.0478012 0.88364 
2060.0 1817.0 38.37440000000004 203 248 176 0.182153 -0.149035 0.97191 
2040.0 1806.0 37.40880000000004 204 248 176 -0.0762945 -0.185287 0.979718 
2020.0 1844.0 51.73400000000004 220 248 168 -0.271987 0.105411 0.95651 
2010.0 1828.0 41.68639999999999 203 248 176 -0.355581 0.113077 0.92778 
2020.0 1843.0 52.85880000000003 221 248 168 -0.162295 0.067524 0.984429 
2030.0 1842.0 54.44319999999999 222 247 167 0.125326 0.273078 0.953794 
2020.0 1853.0 37.34840000000003 203 248 176 -0.101447 0.206652 0.973141 
2030.0 1848.0 48.0172 221 248 168 0.270806 0.521263 0.809289 
2050.0 1816.0 40.42320000000001 203 248 176 0.349797 -0.154691 0.923966 
2040.0 1834.0 56.44440000000003 222 247 166 0.0995748 -0.0273557 0.994654 
2050.0 1810.0 42.036400000000015 203 248 176 0.118916 -0.221209 0.967949 
2050.0 1820.0 51.42080000000004 220 248 168 0.294887 -0.0338806 0.954931 
2030.0 1821.0 57.20840000000004 222 246 166 -0.113929 -0.0725005 0.99084 
2050.0 1809.0 40.50880000000001 220 248 169 0.0608683 -0.244716 0.967682 
2060.0 1832.0 47.08440000000002 218 248 169 0.443367 0.0226344 0.896054 
2030.0 1828.0 58.24119999999999 222 246 166 -0.0592084 0.00519372 0.998232 
2040.0 1816.0 53.52480000000003 222 247 167 -0.071384 -0.391939 0.917218 
2020.0 1812.0 36.07760000000002 203 248 176 -0.0881017 -0.09039 0.992002 
2040.0 1805.0 36.786 203 248 176 -0.0255083 -0.118669 0.992606 
2010.0 1824.0 48.68920000000003 220 248 168 -0.439361 -0.0584907 0.896405 
2020.0 1819.0 42.64920000000001 203 248 176 -0.1553 -0.522105 0.838623 
2030.0 1826.0 58.23079999999999 222 247 166 -0.0215252 -0.0276753 0.999385 
2030.0 1813.0 41.3732 204 248 176 -0.215049 -0.470701 0.855684 
2020.0 1849.0 48.18799999999999 219 248 169 -0.241046 0.456319 0.856545 
2020.0 1826.0 51.558400000000006 220 248 169 -0.29743 0.0956492 0.94994 
2050.0 1812.0 42.53120000000001 203 248 176 0.233103 -0.195375 0.952623 
2040.0 1830.0 57.7208 222 247 166 0.0934419 -0.0384761 0.994881 
2030.0 1821.0 57.8904 222 246 165 -0.0466365 -0.0661587 0.996719 
2030.0 1847.0 52.212800000000016 221 247 167 0.122437 0.364561 0.923095 
2050.0 1819.0 42.40280000000001 219 248 169 0.342397 -0.360822 0.867509 
2050.0 1818.0 45.07080000000002 219 248 169 0.481635 -0.156641 0.862259 
2060.0 1839.0 36.8116 203 248 176 0.126253 0.0932152 0.987609 
2020.0 1840.0 45.79880000000003 215 248 170 -0.392082 0.17378 0.903367 
2050.0 1815.0 42.898799999999994 203 248 176 0.471075 -0.109585 0.87526 
2060.0 1843.0 36.55080000000004 203 248 176 0.0490052 0.0686073 0.996439 
2040.0 1844.0 42.4828 204 248 176 0.139599 0.530477 0.836126 
2020.0 1850.0 45.90480000000002 220 248 168 -0.0525634 0.623658 0.779928 
2030.0 1818.0 56.30920000000003 222 247 166 -0.242987 -0.282775 0.927899 
2020.0 1839.0 48.1268 219 248 169 -0.344358 0.142445 0.927969 
2040.0 1838.0 56.17160000000001 222 247 166 0.133321 0.196807 0.971336 
2010.0 1821.0 40.54599999999999 203 248 176 -0.442308 -0.212963 0.871212 
2030.0 1819.0 55.1112 222 247 166 0.0088087 -0.341022 0.940014 
2040.0 1811.0 54.02520000000004 221 248 168 0.0 0.0 0.0 
2040.0 1816.0 53.8544 222 247 167 -0.0706172 -0.291456 0.953974 
2040.0 1807.0 37.47000000000003 204 248 176 -0.0401147 -0.23461 0.971262 
2060.0 1840.0 37.684799999999996 203 248 176 0.168894 0.184365 0.968238 
2040.0 1811.0 46.6352 207 248 174 0.0642441 -0.595329 0.80091 
2020.0 1845.0 43.221600000000024 219 248 169 -0.542283 0.0150255 0.840061 
2040.0 1812.0 47.86200000000002 221 248 168 -0.031387 -0.498097 0.866553 
2030.0 1815.0 49.3836 222 247 166 -0.109977 -0.602676 0.790371 
2010.0 1836.0 40.64160000000004 219 248 169 -0.261216 0.214225 0.941209 
2040.0 1813.0 50.10400000000004 221 248 168 -0.106132 -0.459905 0.881603 
2060.0 1834.0 36.581999999999994 203 248 176 0.154331 -0.0123915 0.987942 
2030.0 1843.0 53.44640000000004 221 248 168 -0.112475 0.0602141 0.991828 
2050.0 1820.0 42.99680000000001 219 248 169 0.379127 -0.251265 0.890578 
2050.0 1818.0 53.076400000000035 220 248 168 0.100753 -0.0645274 0.992817 
2040.0 1842.0 52.20840000000004 222 247 166 0.117704 0.52749 0.841368 
2050.0 1846.0 37.51440000000002 204 248 176 0.0317792 0.194206 0.980446 
2020.0 1821.0 51.632000000000005 221 248 168 -0.144469 -0.374497 0.915904 
2030.0 1830.0 57.44999999999999 222 247 166 -0.105249 0.0365602 0.993774 
2010.0 1825.0 43.724800000000016 212 248 171 -0.607985 0.067236 0.791096 
2020.0 1831.0 54.412800000000004 221 247 167 -0.161998 0.0124614 0.986712 
2020.0 1817.0 48.83480000000003 222 247 167 -0.380802 -0.497474 0.779429 
2050.0 1838.0 54.67320000000001 222 247 167 0.236567 0.258964 0.936469 
2060.0 1840.0 39.70519999999999 203 248 176 0.171359 0.289254 0.94179 
2020.0 1819.0 49.80799999999999 204 248 176 -0.277593 -0.348846 0.895125 
2030.0 1840.0 55.78320000000002 222 247 166 0.0524826 0.225797 0.97276 
2050.0 1824.0 47.536400000000015 219 248 169 0.348838 -0.16111 0.923231 
2050.0 1817.0 51.03320000000002 220 248 168 0.334449 -0.200669 0.920802 
2050.0 1834.0 54.89840000000004 221 248 168 0.124826 0.0561144 0.990591 
2030.0 1809.0 37.79480000000001 204 248 176 -0.0480062 -0.167436 0.984713 
2020.0 1826.0 52.71160000000003 221 248 168 -0.136908 0.0328128 0.99004 
2050.0 1801.0 35.55560000000003 203 248 177 0.00735657 -0.0725147 0.99734 
2030.0 1814.0 45.46440000000001 222 247 166 0.390177 -0.48084 0.78521 
2020.0 1841.0 44.928800000000024 206 248 174 -0.392695 0.189827 0.899865 
2020.0 1850.0 42.28960000000001 205 248 175 -0.0966433 0.4468 0.889398 
2050.0 1829.0 54.700800000000015 222 247 167 0.119258 -0.0511107 0.991547 
2020.0 1847.0 42.331999999999994 203 248 176 -0.470691 0.165695 0.8666 
2030.0 1830.0 58.5924 222 246 166 -0.0191288 0.0130881 0.999731 
2020.0 1817.0 45.038400000000024 203 248 176 -0.318885 -0.39591 0.861143 
2030.0 1824.0 57.97640000000001 222 246 166 0.0130881 -0.0191288 0.999731 
2020.0 1822.0 50.12880000000001 221 248 168 -0.187528 -0.301435 0.934864 
2050.0 1840.0 47.488 204 248 176 0.242188 0.470668 0.84842 
2050.0 1825.0 54.43000000000001 221 248 168 0.0984434 -0.0387137 0.994389 
2020.0 1852.0 39.5976 204 248 176 -0.0341324 0.312248 0.949387 
2040.0 1828.0 58.5564 222 247 166 0.0402103 -0.0154655 0.999072 
2020.0 1817.0 41.33480000000003 203 248 176 -0.210112 -0.407 0.888934 
2040.0 1807.0 37.68040000000002 204 248 176 -0.0204847 -0.242201 0.97001 
2050.0 1824.0 52.45120000000003 221 248 168 0.338624 -0.163041 0.926688 
2050.0 1818.0 48.58359999999999 220 248 169 0.4576 -0.152533 0.875977 
2040.0 1811.0 45.1096 220 248 168 0.00940708 -0.498575 0.866795 
2020.0 1815.0 37.40120000000002 203 248 176 -0.112045 -0.171146 0.978854 
2010.0 1834.0 42.15640000000002 219 248 169 -0.317336 0.155233 0.935522 
2060.0 1826.0 38.906000000000006 203 248 176 0.257882 -0.138859 0.956146 
2040.0 1830.0 58.5548 222 246 165 0.0317101 -0.0153436 0.999379 
2040.0 1808.0 38.113200000000006 204 248 175 -0.0405718 -0.15881 0.986475 
2040.0 1829.0 55.30560000000003 222 247 167 0.088692 -0.0383237 0.995322 
2020.0 1845.0 41.253600000000006 218 248 169 -0.564957 0.0637169 0.822657 
2020.0 1822.0 52.78800000000001 221 248 168 -0.12619 -0.207767 0.970005 
2020.0 1851.0 42.41640000000001 204 248 175 -0.0370705 0.512122 0.858113 
2020.0 1840.0 42.28280000000001 203 248 176 -0.395505 0.139342 0.907832 
2030.0 1838.0 56.03040000000004 222 247 167 -0.0928601 0.0294967 0.995242 
2020.0 1815.0 38.800400000000025 203 248 176 -0.192407 -0.230081 0.953961 
2010.0 1821.0 44.16560000000004 220 248 169 -0.427748 -0.321978 0.844608 
2050.0 1827.0 53.15360000000004 221 248 168 0.119957 -0.034754 0.992171 
2020.0 1835.0 52.96879999999999 221 248 168 -0.226813 0.0576228 0.972232 
2010.0 1816.0 35.63159999999999 203 248 177 -0.0327462 -0.0496474 0.99823 
2050.0 1822.0 54.07320000000004 221 248 168 0.102831 -0.0364883 0.994029 
2050.0 1815.0 52.77320000000003 221 248 168 0.104125 -0.209504 0.972248 
2050.0 1812.0 46.98079999999999 221 248 168 0.177281 -0.396359 0.900817 
2030.0 1813.0 43.355200000000025 204 248 176 -0.128169 -0.473792 0.87126 
2040.0 1847.0 36.9624 204 248 176 0.0544449 0.0900007 0.994452 
2040.0 1813.0 46.37800000000004 204 248 176 -0.264797 -0.537428 0.800658 
2050.0 1821.0 43.77840000000003 212 248 171 0.370696 -0.169014 0.913246 
2010.0 1834.0 37.65559999999999 203 248 177 -0.184452 0.124223 0.97496 
2050.0 1816.0 39.012400000000014 203 248 176 0.130567 -0.19395 0.972284 
2040.0 1823.0 56.495600000000024 222 247 167 0.0812941 -0.0336016 0.996124 
2030.0 1814.0 43.8424 204 248 176 -0.149288 -0.524724 0.83808 
2050.0 1810.0 41.63839999999999 219 248 169 0.117519 -0.169475 0.978503 
2010.0 1825.0 46.48480000000001 208 248 173 -0.648161 0.179279 0.740099 
2010.0 1827.0 46.55680000000001 220 248 168 -0.511395 0.245655 0.823486 
2010.0 1843.0 36.859200000000044 203 248 177 -0.135926 0.0638967 0.988656 
2020.0 1827.0 53.80160000000001 221 248 168 -0.109185 0.0253663 0.993698 
2040.0 1816.0 54.21719999999999 221 248 168 0.0684743 -0.178994 0.981464 
2030.0 1828.0 56.44560000000001 222 247 167 -0.115751 0.043828 0.992311 
2030.0 1848.0 48.51800000000003 221 248 168 0.110434 0.494802 0.86196 
2050.0 1825.0 51.32760000000002 220 248 169 0.311476 -0.140096 0.93987 
2040.0 1820.0 56.34640000000002 222 247 166 0.0932549 -0.0932549 0.991265 
2020.0 1840.0 40.995600000000024 203 248 176 -0.36802 0.0166699 0.929668 
2030.0 1812.0 40.81200000000001 204 248 175 -0.0981322 -0.342791 0.934272 
2040.0 1847.0 39.04079999999999 203 248 176 0.0834462 0.270879 0.95899 
2030.0 1843.0 53.52719999999999 222 247 167 0.172733 0.308156 0.935523 
2050.0 1836.0 51.39840000000004 221 247 167 0.245208 0.279225 0.928389 
2030.0 1812.0 42.262400000000014 204 248 176 0.110108 -0.354792 0.928439 
2040.0 1837.0 55.281600000000026 222 247 167 0.190233 0.105685 0.976034 
2030.0 1814.0 46.70320000000004 222 247 166 -0.0344856 -0.528319 0.848345 
2030.0 1847.0 51.39840000000004 221 247 167 0.0256966 0.488236 0.872333 
2030.0 1835.0 57.37280000000004 222 247 166 -0.0856105 0.0292593 0.995899 
2030.0 1837.0 56.6816 222 247 167 -0.0914944 0.0161461 0.995675 
2020.0 1828.0 54.081999999999994 221 248 168 -0.114733 0.0579347 0.991706 
2030.0 1840.0 54.60560000000004 221 248 168 -0.101712 0.0480619 0.993652 
2030.0 1838.0 56.38159999999999 222 247 166 -0.0804705 0.0518098 0.99541 
2020.0 1833.0 54.19240000000002 221 247 167 -0.146688 0.0668898 0.986919 
2050.0 1804.0 36.75600000000003 203 248 176 0.0257137 -0.126333 0.991655 
2010.0 1830.0 38.06400000000002 203 248 176 -0.218286 0.0129792 0.975798 
2060.0 1838.0 37.9864 203 248 176 0.24436 0.169583 0.954741 
2020.0 1841.0 52.50400000000002 221 248 168 -0.225143 0.0943335 0.969748 
2040.0 1841.0 53.75600000000003 222 246 166 0.0437269 0.393543 0.918266 
2030.0 1841.0 55.498400000000004 222 247 167 0.0383012 0.165972 0.985386 
2050.0 1828.0 52.27680000000004 220 248 168 0.160364 -0.0928423 0.982682 
2030.0 1819.0 55.652000000000044 222 247 167 -0.172579 -0.27042 0.947148 
2050.0 1828.0 50.75800000000004 220 248 169 0.265856 -0.148291 0.952539 
2040.0 1843.0 42.605200000000025 204 248 176 0.271048 0.524862 0.806878 
2020.0 1830.0 46.13280000000003 212 248 171 -0.472017 0.0678265 0.878976 
2030.0 1840.0 56.331200000000024 222 247 167 -0.0322441 0.114522 0.992897 
2030.0 1817.0 52.41759999999999 222 247 166 -0.146975 -0.472938 0.868751 
2040.0 1813.0 51.088400000000036 221 247 167 0.0459781 -0.374393 0.92613 
2040.0 1843.0 48.786 204 248 176 0.175287 0.531855 0.828495 
2020.0 1830.0 53.24680000000001 221 248 168 -0.205977 0.067034 0.976258 
2040.0 1808.0 39.934799999999996 204 248 176 -0.0603747 -0.39579 0.916354 
2050.0 1834.0 53.20760000000001 221 248 168 0.181772 0.14618 0.972415 
2010.0 1826.0 41.2192 203 248 176 -0.381302 0.0353785 0.923773 
2040.0 1822.0 56.284400000000005 222 247 167 0.105921 -0.0434832 0.993423 
2010.0 1840.0 38.974800000000016 203 248 177 -0.278873 0.10605 0.954454 
2040.0 1836.0 57.55880000000002 222 247 166 0.0864746 0.0685058 0.993896 
2020.0 1854.0 37.345200000000034 204 248 176 -0.0715474 0.192814 0.978623 
2050.0 1812.0 44.70960000000002 220 248 169 0.227501 -0.319074 0.920019 
2030.0 1835.0 58.04920000000004 222 247 166 -0.0757547 0.051601 0.99579 
2040.0 1845.0 39.59680000000003 204 248 176 0.165822 0.369911 0.914149 
2060.0 1842.0 37.476 203 248 176 0.12619 0.178665 0.975784 
2060.0 1830.0 47.63040000000001 219 248 169 0.447159 -0.0877602 0.890139 
2040.0 1809.0 39.52120000000002 204 248 176 -0.0813299 -0.353319 0.931961 
2020.0 1821.0 47.343200000000024 221 248 168 -0.286694 -0.361745 0.8871 
2040.0 1840.0 54.8784 222 246 165 0.0726718 0.342218 0.936806 
2030.0 1825.0 58.0412 222 246 165 0.0393239 -0.049952 0.997977 
2050.0 1819.0 50.65840000000003 220 248 169 0.371197 -0.0992578 0.923234 
2010.0 1819.0 37.70840000000004 203 248 176 -0.255502 -0.195384 0.94686 
2030.0 1844.0 53.54759999999999 221 248 168 -0.10321 0.0669165 0.992406 
2010.0 1840.0 36.91840000000002 203 248 176 -0.170103 0.0480981 0.984252 
2050.0 1822.0 51.82159999999999 221 248 168 0.263814 -0.122063 0.956819 
2010.0 1822.0 39.893200000000036 203 248 176 -0.329969 -0.150488 0.93192 
2020.0 1824.0 51.8612 221 248 168 -0.168552 -0.181419 0.968854 
2050.0 1833.0 54.7192 221 248 168 0.141417 -0.00779464 0.989919 
2060.0 1841.0 36.47320000000002 203 248 176 0.0669222 0.0244319 0.997459 
2040.0 1810.0 42.71879999999999 204 248 176 -0.0119001 -0.45088 0.892505 
2050.0 1842.0 40.80959999999999 203 248 176 0.0798954 0.391352 0.916766 
2060.0 1828.0 45.99720000000002 203 248 176 0.409205 -0.165118 0.897378 
2010.0 1814.0 35.940800000000024 203 248 177 -0.0667816 -0.100738 0.992669 
2030.0 1837.0 56.9384 222 247 166 -0.063723 0.0464422 0.996886 
2010.0 1826.0 38.63480000000004 203 248 177 -0.187538 0.0244615 0.981953 
2040.0 1821.0 56.77480000000003 222 247 167 0.0856105 -0.0292593 0.995899 
2020.0 1849.0 43.47399999999999 203 248 176 -0.236974 0.409861 0.880828 
2020.0 1833.0 45.39000000000004 206 248 174 -0.29009 0.132345 0.947804 
2020.0 1833.0 46.29720000000003 220 248 168 -0.285999 0.171052 0.942839 
2020.0 1829.0 52.77199999999999 221 248 168 -0.174748 0.115259 0.977844 
2070.0 1840.0 36.093200000000024 203 248 176 0.0357987 0.011251 0.999296 
2050.0 1842.0 41.18560000000002 204 248 176 0.0564749 0.353296 0.933805 
2050.0 1816.0 39.75400000000002 203 248 176 0.474096 -0.003984 0.880464 
2030.0 1845.0 53.04680000000002 221 248 168 -0.0854179 0.122861 0.988741 
2040.0 1844.0 42.99240000000003 204 248 176 0.17596 0.650286 0.739031 
2050.0 1834.0 55.71640000000002 222 247 167 0.10609 0.0185931 0.994183 
2020.0 1842.0 41.511600000000044 203 248 176 -0.430026 0.179299 0.884833 
2020.0 1845.0 46.7552 206 248 174 -0.332808 -0.242703 0.911227 
2020.0 1836.0 50.67959999999999 220 248 168 -0.296636 0.0521977 0.953563 
2030.0 1814.0 47.68040000000002 204 248 176 0.0915058 -0.471607 0.877048 
2010.0 1829.0 40.42560000000003 203 248 177 -0.276133 0.0184089 0.960943 
2030.0 1829.0 57.238 222 247 166 -0.10637 0.0481464 0.99316 
2060.0 1831.0 40.08320000000003 203 248 176 0.361283 -0.0244284 0.932136 
2030.0 1833.0 58.289199999999994 222 247 166 -0.0467677 0.0176678 0.99875 
2040.0 1829.0 58.23200000000003 222 247 166 0.0823254 -0.0450046 0.995589 
2020.0 1822.0 52.07120000000003 221 248 168 -0.201494 -0.282092 0.93799 
2020.0 1821.0 53.860000000000014 222 247 167 -0.228688 -0.11115 0.967134 
2040.0 1838.0 57.65680000000003 222 246 166 0.0197867 0.192047 0.981186 
2020.0 1820.0 47.45600000000002 221 248 168 -0.206743 -0.490449 0.846591 
2010.0 1819.0 37.08600000000001 203 248 176 -0.104159 -0.135286 0.985316 
2050.0 1830.0 49.581200000000024 219 248 169 0.285659 -0.126221 0.949983 
2050.0 1838.0 52.632000000000005 221 247 167 0.277757 0.277757 0.919621 
2030.0 1845.0 52.49279999999999 222 247 167 0.308563 0.344688 0.886555 
2020.0 1842.0 39.62560000000002 203 248 177 -0.290532 0.165044 0.942524 
2030.0 1846.0 53.178800000000024 221 247 167 0.0251825 0.231439 0.972523 
2040.0 1805.0 36.672799999999995 204 248 176 0.0181623 -0.077991 0.996789 
2020.0 1818.0 49.81760000000003 222 247 166 -0.481948 -0.45563 0.748417 
2040.0 1839.0 56.206800000000044 222 247 166 0.101836 0.212473 0.971846 
2060.0 1826.0 43.19960000000003 203 248 176 0.374233 -0.197953 0.905961 
2030.0 1842.0 53.534400000000005 221 248 168 -0.114018 0.0485422 0.992292 
2020.0 1853.0 38.91640000000001 204 248 176 0.013726 0.313202 0.949587 
2050.0 1835.0 54.40880000000004 221 248 168 0.181524 0.126441 0.975224 
2030.0 1843.0 51.49400000000003 222 247 166 0.0339667 0.303184 0.952326 
2050.0 1832.0 55.70160000000004 221 247 167 0.0850739 -0.0226146 0.996118 
2050.0 1822.0 53.23200000000003 221 248 168 0.126953 -0.0780352 0.988834 
2020.0 1856.0 36.37119999999999 203 248 176 -0.0152821 0.0295453 0.999447 
2030.0 1823.0 56.39519999999999 222 247 167 -0.139147 -0.0282819 0.989868 
2060.0 1836.0 47.57320000000004 220 248 169 0.262878 0.205073 0.942783 
2020.0 1836.0 53.739599999999996 221 248 168 -0.152898 0.0379371 0.987514 
2040.0 1831.0 58.60079999999999 222 246 165 0.00495514 0.00891926 0.999948 
2020.0 1829.0 47.94560000000001 220 248 169 -0.482128 0.115882 0.868403 
2060.0 1825.0 39.531600000000026 203 248 176 0.312787 -0.107812 0.943685 
2040.0 1809.0 41.178 204 248 176 -0.134804 -0.482686 0.865357 
2040.0 1810.0 40.94200000000001 204 248 176 -0.194454 -0.375944 0.90601 
2030.0 1810.0 39.61360000000002 204 248 176 -0.0208974 -0.279042 0.960052 
2030.0 1815.0 48.103200000000015 204 248 176 -0.112096 -0.557571 0.822526 
2020.0 1840.0 51.758399999999995 220 248 168 -0.302408 0.14239 0.942483 
2020.0 1844.0 44.7756 205 248 175 -0.391376 -0.157974 0.90657 
2030.0 1818.0 55.825199999999995 222 246 166 0.0064408 -0.395465 0.918458 
2020.0 1835.0 44.13280000000003 219 248 169 -0.322454 0.264091 0.908999 
2020.0 1834.0 44.313199999999995 203 248 176 -0.369677 0.102309 0.92351 
2040.0 1807.0 37.6524 204 248 176 -0.0349234 -0.222787 0.974241 
2050.0 1830.0 51.98760000000004 220 248 168 0.190078 -0.0365989 0.981087 
2020.0 1835.0 48.09680000000003 220 248 168 -0.397611 0.0492027 0.916234 
2020.0 1823.0 49.298 219 248 169 -0.27517 -0.260913 0.925314 
2060.0 1841.0 36.658000000000015 203 248 176 0.0583043 0.0737055 0.995574 
2010.0 1824.0 41.36160000000001 203 248 176 -0.472214 0.0338262 0.880835 
2030.0 1846.0 52.46199999999999 221 248 168 -0.0657763 0.237043 0.96927 
2030.0 1822.0 58.022400000000005 222 246 166 -0.00692351 -0.00692351 0.999952 
2020.0 1849.0 45.512400000000014 219 248 169 -0.228394 0.588854 0.775298 
2020.0 1815.0 39.965599999999995 203 248 176 -0.23162 -0.273733 0.9335 
2040.0 1810.0 41.42080000000004 204 248 176 -0.11626 -0.492311 0.86262 
2050.0 1823.0 51.14160000000004 220 248 168 0.302994 -0.175709 0.936654 
2020.0 1850.0 42.52600000000001 205 248 175 -0.129583 0.437166 0.889997 
2020.0 1832.0 54.740800000000036 221 248 168 -0.103924 0.0480509 0.993424 
2040.0 1847.0 38.05600000000004 203 248 176 0.106866 0.20996 0.971852 
2020.0 1839.0 50.15960000000001 220 248 168 -0.37214 0.123124 0.919974 
2040.0 1832.0 58.136000000000024 222 246 166 0.0799494 -0.0138579 0.996703 
2050.0 1824.0 53.52760000000001 221 248 168 0.0952262 -0.0317421 0.994949 
2030.0 1813.0 45.36279999999999 222 247 166 0.237303 -0.445889 0.863059 
2020.0 1822.0 53.31600000000003 221 248 168 -0.12299 -0.170198 0.977705 
2030.0 1830.0 58.4744 222 246 165 -0.0551766 0.0135339 0.998385 
2050.0 1819.0 45.21199999999999 218 248 169 0.391182 -0.293767 0.872168 
2020.0 1845.0 46.1028 219 248 169 -0.593027 0.207945 0.777867 
2050.0 1845.0 37.122000000000014 203 248 176 0.133248 0.163135 0.977564 
2020.0 1826.0 54.53680000000003 222 247 167 -0.0998211 0.00536673 0.994991 
2020.0 1819.0 44.22840000000002 203 248 176 -0.281095 -0.51665 0.808738 
2030.0 1822.0 57.702 222 246 166 -0.0913042 -0.0118158 0.995753 
2020.0 1829.0 54.403999999999996 221 248 168 -0.145493 0.0214292 0.989127 
2060.0 1840.0 36.322 203 248 176 0.0345807 0.0387723 0.99865 
2050.0 1831.0 54.47000000000003 221 248 168 0.101487 -0.0479554 0.99368 
2050.0 1832.0 54.55520000000001 221 247 167 0.111127 -0.0231055 0.993538 
2050.0 1838.0 44.42240000000004 220 248 168 0.22081 0.410499 0.884722 
2020.0 1844.0 42.084 203 248 176 -0.426209 0.104806 0.898533 
2020.0 1825.0 52.29920000000004 221 248 168 -0.116732 -0.0277932 0.992774 
2040.0 1838.0 57.20840000000004 222 247 166 0.0864393 0.178966 0.980051 
2040.0 1850.0 37.04000000000002 203 248 176 0.030493 0.134395 0.990459 
2030.0 1831.0 58.341200000000015 222 246 166 -0.0660225 0.0443758 0.996831 
2030.0 1826.0 56.24440000000004 222 247 167 -0.126331 0.00549265 0.991973 
2030.0 1837.0 57.47800000000001 222 247 166 -0.0502026 0.0970584 0.994012 
2040.0 1818.0 55.5052 222 247 167 0.0 0.0 0.0 
2020.0 1836.0 44.57960000000003 220 248 169 -0.415688 0.128229 0.900423 
2020.0 1837.0 52.96440000000001 220 248 168 -0.196541 0.0151185 0.980379 
2040.0 1810.0 39.56960000000004 204 248 175 -0.137663 -0.279335 0.950274 
2020.0 1857.0 36.32320000000004 203 248 176 -0.010966 0.00897218 0.9999 
2030.0 1828.0 56.8904 222 247 166 -0.119691 0.0346768 0.992205 
2040.0 1821.0 57.27600000000001 222 247 166 0.0601932 -0.0221765 0.99794 
2040.0 1839.0 54.808400000000006 222 247 167 0.185562 0.347043 0.919309 
2030.0 1826.0 57.94440000000003 222 247 166 -0.0610259 -0.00103434 0.998136 
2050.0 1835.0 51.26920000000001 221 248 168 0.183285 0.183285 0.965822 
2020.0 1829.0 50.7088 220 248 169 -0.270063 0.157201 0.949923 
2030.0 1834.0 56.801199999999994 222 247 166 -0.0974013 0.0295487 0.994806 
2030.0 1832.0 57.7636 222 247 166 -0.089438 0.0474794 0.99486 
2020.0 1833.0 51.44440000000003 221 248 168 -0.297873 0.0845492 0.950854 
2050.0 1819.0 53.69 221 248 168 0.0903005 -0.0293749 0.995481 
2030.0 1826.0 58.25440000000003 222 247 166 0.0306323 -0.051758 0.99819 
2050.0 1843.0 39.49279999999999 203 248 176 0.128013 0.270543 0.954159 
2020.0 1838.0 51.849199999999996 221 248 168 -0.341822 -0.011352 0.939696 
2040.0 1812.0 42.999600000000044 222 247 167 -0.277163 -0.436417 0.855991 
2030.0 1851.0 36.8184 203 248 176 0.0694704 0.105914 0.991946 
2020.0 1831.0 45.06400000000002 220 248 169 -0.473389 0.137529 0.870051 
2010.0 1820.0 39.481600000000014 203 248 176 -0.3366 -0.286184 0.897106 
2020.0 1832.0 47.18000000000001 204 248 176 -0.304553 0.203503 0.930502 
2040.0 1825.0 56.962800000000016 222 247 166 0.0816405 -0.0359218 0.996014 
2030.0 1827.0 56.44400000000002 222 247 167 -0.12323 0.0418305 0.991496 
2060.0 1828.0 39.61959999999999 203 248 176 0.309603 -0.10763 0.944755 
2030.0 1846.0 52.2192 221 248 168 0.279795 0.291393 0.91477 
2050.0 1844.0 38.814400000000035 204 248 176 0.0156113 0.246178 0.969099 
2020.0 1844.0 52.54920000000004 221 248 168 -0.19507 0.103126 0.975352 
2020.0 1848.0 44.296400000000006 219 248 169 -0.393844 0.276143 0.876717 
2030.0 1845.0 50.247600000000034 222 247 167 0.202026 0.429122 0.880363 
2050.0 1837.0 46.44040000000001 204 248 176 0.207659 0.379014 0.901791 
2030.0 1813.0 43.903999999999996 204 248 176 0.272824 -0.365256 0.890031 
2060.0 1843.0 36.532399999999996 203 248 176 0.0350663 0.0563187 0.997797 
2010.0 1823.0 40.660799999999995 219 248 169 -0.400341 -0.0746399 0.913321 
2020.0 1836.0 41.717600000000004 203 248 176 -0.32408 0.254323 0.911203 
2020.0 1844.0 44.4744 203 248 176 -0.397185 -0.180539 0.899805 
2030.0 1836.0 56.4144 222 247 167 -0.093434 0.0118135 0.995555 
2030.0 1807.0 37.08520000000004 204 248 176 -0.0206631 -0.0967902 0.99509 
2040.0 1849.0 38.77520000000004 204 248 176 0.133994 0.357777 0.924143 
2040.0 1832.0 58.52320000000003 222 247 166 -0.0279539 0.0320952 0.999094 
2020.0 1851.0 39.155200000000036 203 248 176 -0.203413 0.275368 0.939572 
2040.0 1840.0 51.98720000000003 222 247 167 0.26857 0.49833 0.82434 
2040.0 1838.0 55.466800000000035 222 247 167 0.188958 0.226482 0.955511 
2050.0 1847.0 37.05920000000003 203 248 176 -0.0119771 0.107794 0.994101 
2020.0 1826.0 55.040400000000034 222 247 167 -0.0825878 -0.0182337 0.996417 
2020.0 1813.0 36.20640000000003 203 248 176 -0.0578339 -0.109998 0.992248 
2030.0 1845.0 50.093200000000024 204 248 175 0.341198 0.409749 0.845984 
2060.0 1830.0 43.983600000000024 219 248 169 0.423123 -0.0554251 0.904375 
2060.0 1827.0 41.00040000000001 203 248 176 0.387409 -0.185784 0.902994 
2020.0 1850.0 41.53040000000004 219 248 169 -0.112226 0.3921 0.913052 
2010.0 1839.0 38.24000000000001 203 248 176 -0.255375 0.040712 0.965984 
2030.0 1843.0 52.077200000000005 222 247 166 0.122625 0.367875 0.921754 
2040.0 1807.0 37.72120000000001 204 248 176 -0.0429732 -0.244333 0.968739 
2030.0 1842.0 54.967600000000004 222 247 167 -0.0870642 0.0451852 0.995177 
2030.0 1814.0 45.10640000000001 204 248 175 0.0580067 -0.578652 0.813509 
2030.0 1845.0 53.5428 222 247 167 0.14471 0.225538 0.963427 
2040.0 1815.0 52.68720000000002 222 247 166 -0.124936 -0.40569 0.905432 
2030.0 1847.0 49.605200000000025 205 248 175 0.393517 0.568047 0.722819 
2050.0 1806.0 37.214800000000025 203 248 176 0.0631463 -0.172759 0.982938 
2050.0 1839.0 42.02840000000003 203 248 176 0.208595 0.389475 0.897105 
2020.0 1819.0 44.0412 221 248 168 -0.318967 -0.466666 0.824914 
2050.0 1825.0 52.89000000000004 220 248 168 0.126325 -0.027948 0.991595 
2030.0 1841.0 54.6388 222 247 167 0.0933691 0.303778 0.948157 
2050.0 1845.0 36.69200000000001 203 248 176 0.0612473 0.0857462 0.994433 
2030.0 1830.0 55.643200000000036 222 247 167 -0.0852524 0.0248203 0.99605 
2020.0 1835.0 43.26480000000004 203 248 176 -0.358407 0.23845 0.9026 
2040.0 1812.0 41.603200000000015 204 248 176 -0.159719 -0.371735 0.914496 
2050.0 1842.0 43.337199999999996 222 247 167 0.112616 0.568931 0.814638 
2020.0 1813.0 36.03280000000001 203 248 177 -0.0519047 -0.0850354 0.995025 
2020.0 1818.0 47.331200000000024 204 248 176 -0.344653 -0.471714 0.811603 
2050.0 1820.0 47.93520000000001 220 248 169 0.342124 -0.160589 0.92583 
2020.0 1826.0 50.98599999999999 220 248 168 -0.41766 0.251802 0.873015 
2010.0 1816.0 37.21199999999999 203 248 176 -0.0926028 -0.193849 0.976651 
2030.0 1836.0 54.81600000000003 221 248 168 -0.123058 0.0188466 0.992221 
2040.0 1832.0 56.3612 222 247 167 0.0838025 -0.0359154 0.995835 
2040.0 1827.0 55.081200000000024 221 247 167 0.0932455 -0.0362012 0.994985 
2020.0 1844.0 43.02520000000004 210 248 172 0.0 0.0 0.0 
2050.0 1809.0 40.5908 204 248 176 0.0530865 -0.240741 0.969137 
2020.0 1827.0 54.964 221 248 168 -0.0965853 0.0184489 0.995154 
2020.0 1846.0 37.62080000000003 203 248 176 -0.277241 0.0464158 0.959679 
2030.0 1847.0 51.495600000000024 221 248 168 0.548703 0.391463 0.738702 
2030.0 1816.0 53.460800000000006 222 246 166 -0.0119276 -0.457226 0.889271 
2040.0 1843.0 47.85759999999999 222 247 166 0.169598 0.710479 0.682976 
2010.0 1822.0 37.34480000000002 203 248 177 -0.130206 -0.0396278 0.990695 
2050.0 1815.0 51.448000000000036 221 248 168 0.271991 -0.283504 0.91959 
2010.0 1823.0 41.72640000000001 204 248 176 -0.487777 -0.119426 0.864761 
2060.0 1836.0 36.696000000000026 203 248 176 0.137341 0.0145157 0.990417 
2030.0 1810.0 38.918000000000006 204 248 175 -0.0181594 -0.253021 0.96729 
2010.0 1816.0 36.04400000000004 203 248 176 -0.0696277 -0.106154 0.991909 
2050.0 1828.0 54.24400000000003 221 247 167 0.109879 -0.0344065 0.993349 
2040.0 1814.0 49.22000000000003 204 248 175 -0.243473 -0.541224 0.804858 
2050.0 1816.0 49.529600000000016 220 248 168 0.306587 -0.265902 0.913948 
2040.0 1817.0 54.548400000000015 221 247 167 0.0624525 -0.0646438 0.995952 
2020.0 1855.0 36.67959999999999 204 248 176 -0.0570265 0.0928078 0.99405 
2040.0 1834.0 58.10360000000003 222 247 166 0.0708623 -0.0158647 0.99736 
2020.0 1818.0 40.726800000000026 203 248 176 -0.110045 -0.490199 0.864636 
2040.0 1830.0 56.11200000000002 222 247 167 0.0859698 -0.033735 0.995726 
2010.0 1818.0 40.270399999999995 203 248 176 -0.252353 -0.358607 0.898732 
2050.0 1807.0 38.69120000000004 203 248 176 0.0129792 -0.218286 0.975798 
2020.0 1851.0 37.64960000000002 203 248 176 -0.152219 0.0922901 0.984028 
2030.0 1826.0 56.8784 222 247 167 -0.106647 -0.00107724 0.994296 
2010.0 1825.0 49.23520000000002 220 248 169 -0.479953 0.219537 0.849381 
2060.0 1830.0 37.27359999999999 203 248 176 0.2051 -0.015236 0.978622 
2030.0 1827.0 58.44120000000004 222 246 165 0.0197867 -0.0468631 0.998705 
2050.0 1833.0 55.1112 221 248 168 0.0963771 -0.0184091 0.995175 
2040.0 1817.0 54.73599999999999 222 247 167 -0.0510448 -0.257714 0.964872 
2040.0 1811.0 44.751599999999996 221 247 167 -0.167231 -0.492813 0.853914 
2040.0 1850.0 37.324400000000026 204 248 176 0.0463476 0.191332 0.98043 
2040.0 1846.0 43.74040000000002 204 248 176 0.227219 0.446915 0.865239 
2020.0 1818.0 52.0308 222 247 167 -0.366197 -0.353836 0.860639 
2050.0 1823.0 52.68040000000002 221 248 168 0.176244 -0.126246 0.976217 
2020.0 1817.0 38.54520000000002 203 248 176 -0.141144 -0.286321 0.947681 
2060.0 1831.0 49.54200000000003 219 248 169 0.319091 0.0343245 0.947102 
2020.0 1818.0 41.55560000000003 203 248 176 -0.158972 -0.52446 0.836462 
2020.0 1813.0 37.00040000000001 203 248 176 -0.151965 -0.156988 0.975839 
2040.0 1822.0 56.66840000000002 222 247 167 0.0866674 -0.0139096 0.99614 
2030.0 1829.0 57.79920000000004 222 247 166 -0.0879565 0.0271471 0.995754 
2020.0 1833.0 54.69120000000004 221 248 168 -0.118737 0.0486255 0.991734 
2030.0 1813.0 43.39440000000002 204 248 176 -0.137192 -0.553194 0.821678 
2050.0 1814.0 48.538400000000024 221 248 168 0.281758 -0.328963 0.90133 
2060.0 1828.0 42.95519999999999 219 248 169 0.385518 -0.135983 0.912625 
2040.0 1841.0 47.02520000000004 222 247 167 0.314848 0.538598 0.781526 
2050.0 1831.0 55.03280000000001 222 247 167 0.100421 -0.0364164 0.994278 
2030.0 1819.0 56.003600000000006 222 247 166 -0.140758 -0.245997 0.958996 
2030.0 1820.0 57.710800000000006 222 246 165 0.0252674 -0.104365 0.994218 
2010.0 1817.0 36.18639999999999 203 248 176 -0.0764743 -0.101585 0.991883 
2020.0 1812.0 37.391999999999996 203 248 176 -0.100229 -0.191796 0.976304 
2020.0 1845.0 45.56400000000002 219 248 169 -0.543239 -0.325303 0.773996 
2020.0 1847.0 48.715599999999995 220 248 169 -0.254173 0.107088 0.961212 
2020.0 1842.0 52.87560000000002 220 248 168 -0.17354 0.0531245 0.983393 
2030.0 1819.0 56.30160000000001 222 246 166 0.00599417 -0.252954 0.96746 
2030.0 1852.0 37.23840000000001 203 248 176 0.130692 0.168033 0.97708 
2020.0 1817.0 39.13440000000003 203 248 176 -0.0769824 -0.384912 0.919737 
2030.0 1840.0 55.82560000000001 222 247 166 0.0353431 0.244964 0.968888 
2020.0 1831.0 50.45640000000003 220 248 168 -0.25741 0.156047 0.953619 
2040.0 1808.0 39.22040000000004 204 248 176 -0.0447284 -0.318211 0.946964 
2040.0 1803.0 36.11080000000004 203 248 176 -0.00953363 -0.0794469 0.996794 
2010.0 1818.0 37.382000000000005 203 248 176 -0.166977 -0.192865 0.966914 
2010.0 1822.0 38.75479999999999 203 248 177 -0.181263 -0.104812 0.977833 
2050.0 1818.0 52.57320000000004 221 248 168 0.312031 -0.145796 0.938818 
2020.0 1844.0 50.454800000000034 220 248 169 -0.34293 0.0781192 0.936107 
2010.0 1830.0 41.7756 219 248 169 -0.291492 0.0210866 0.956341 
2030.0 1832.0 56.84640000000002 222 247 167 -0.104376 0.0505045 0.993255 
2020.0 1851.0 39.798400000000015 204 248 176 -0.159121 0.327928 0.931205 
2030.0 1847.0 50.922000000000025 220 248 168 0.0216302 0.339721 0.940277 
2060.0 1824.0 43.27280000000002 204 248 176 0.388743 -0.138937 0.91081 
2040.0 1820.0 56.865200000000016 222 247 167 0.0706099 -0.0818178 0.994143 
2040.0 1828.0 55.25319999999999 221 247 167 0.0863305 -0.0382477 0.995532 
2040.0 1844.0 41.367200000000025 204 248 176 0.15418 0.570316 0.806826 
2020.0 1825.0 54.68040000000002 221 248 168 -0.0934419 -0.0384761 0.994881 
2030.0 1827.0 57.428800000000024 222 247 167 -0.100246 0.00970123 0.994915 
2020.0 1846.0 39.79480000000001 203 248 176 -0.518898 0.0428955 0.853759 
2010.0 1821.0 38.08480000000003 219 248 169 -0.156144 -0.124178 0.979897 
2010.0 1818.0 36.0136 203 248 177 -0.0718021 -0.0651742 0.995287 
2020.0 1843.0 51.25040000000001 220 248 168 -0.315742 0.0554159 0.947226 
2030.0 1828.0 58.55880000000002 222 247 166 -0.0315191 -0.00915071 0.999461 
2050.0 1843.0 37.41320000000002 203 248 176 0.122832 0.203876 0.97126 
2040.0 1816.0 54.47360000000003 221 247 167 0.0241443 -0.16901 0.985318 
2020.0 1855.0 36.74000000000001 203 248 176 -0.0272542 0.0926644 0.995324 
2020.0 1820.0 47.62479999999999 204 248 175 -0.0654739 -0.497323 0.865091 
2040.0 1812.0 47.3544 221 248 168 0.0367439 -0.47767 0.87777 
2040.0 1833.0 57.24880000000002 222 247 166 0.0901108 -0.0271418 0.995562 
2010.0 1823.0 39.48240000000004 219 248 169 -0.214739 -0.0225417 0.976411 
2050.0 1835.0 49.86760000000004 220 248 168 0.194461 0.1788 0.964477 
2060.0 1836.0 40.16640000000001 203 248 176 0.364251 0.146538 0.9197 
2040.0 1835.0 57.867999999999995 222 246 166 0.0817256 -0.0074296 0.996627 
2030.0 1809.0 37.93520000000001 204 248 176 -0.0170359 -0.160138 0.986948 
2020.0 1832.0 53.6832 221 248 168 -0.20079 0.0693637 0.977176 
2050.0 1816.0 51.5788 221 248 168 0.35347 -0.247869 0.902009 
2010.0 1816.0 35.66840000000002 203 248 177 -0.0286323 -0.058325 0.997887 
2020.0 1846.0 47.81479999999999 219 248 169 -0.284258 0.0388194 0.957962 
2050.0 1840.0 40.384000000000015 203 248 176 0.197946 0.278231 0.939896 
2020.0 1838.0 45.62800000000004 207 248 174 -0.538548 0.105399 0.835977 
2040.0 1835.0 56.96440000000001 222 247 167 0.0926479 0.00106492 0.995698 
2010.0 1846.0 36.544399999999996 203 248 176 -0.101069 0.041094 0.99403 
2050.0 1818.0 40.57080000000002 203 248 176 0.275881 -0.244756 0.929507 
2030.0 1811.0 39.49240000000003 204 248 176 -0.0836805 -0.279364 0.956532 
2020.0 1833.0 48.43040000000002 220 248 168 -0.346793 0.142309 0.927083 
2050.0 1810.0 42.03040000000004 204 248 175 0.066914 -0.339818 0.938108 
2020.0 1844.0 46.295600000000036 212 248 171 -0.420351 -0.156376 0.893785 
2010.0 1831.0 43.740800000000036 204 248 175 -0.348394 0.0981961 0.93219 
2010.0 1825.0 39.85759999999999 203 248 176 -0.304807 -0.0263413 0.95205 
2020.0 1846.0 46.99600000000004 210 248 172 -0.365189 0.146915 0.919268 
2040.0 1820.0 57.23240000000004 222 247 166 0.0321891 -0.109887 0.993423 
2040.0 1818.0 54.49920000000003 221 248 168 0.0812941 -0.0336016 0.996124 
2030.0 1850.0 43.05160000000001 204 248 175 0.0540848 0.500631 0.86397 
2040.0 1828.0 58.58160000000004 222 247 166 0.055517 -0.0199023 0.998259 
2020.0 1848.0 38.946799999999996 203 248 177 -0.381152 0.0969957 0.91941 
2020.0 1827.0 51.31400000000002 220 248 169 -0.286326 0.189501 0.939205 
2050.0 1814.0 40.4436 203 248 176 0.306601 -0.0795857 0.948505 
2020.0 1827.0 49.71600000000001 220 248 168 -0.47832 0.273989 0.83435 
2040.0 1828.0 58.44319999999999 222 247 166 0.0668344 -0.0602606 0.995943 
2020.0 1824.0 53.872000000000014 221 248 168 -0.103057 -0.0365687 0.994003 
2030.0 1812.0 41.14840000000004 203 248 176 -0.0666739 -0.420454 0.904861 
2030.0 1808.0 37.668000000000006 204 248 176 -0.0298396 -0.109412 0.993549 
2040.0 1838.0 55.44560000000001 222 247 167 0.172369 0.139657 0.975082 
2040.0 1839.0 56.61040000000003 222 247 166 -0.0329464 0.250148 0.967647 
2030.0 1822.0 57.75800000000004 222 247 166 0.0424405 -0.0196676 0.998905 
2040.0 1821.0 56.406000000000006 222 247 166 0.124392 -0.0302574 0.991772 
2020.0 1817.0 41.6696 203 248 176 -0.321281 -0.36087 0.875529 
2030.0 1828.0 58.60079999999999 222 246 165 0.00300821 -0.023063 0.99973 
2050.0 1839.0 44.71840000000003 203 248 176 0.186046 0.347949 0.918868 
2020.0 1848.0 48.64240000000001 220 248 169 -0.21761 0.31717 0.923065 
2040.0 1828.0 57.07400000000001 222 247 166 0.0932455 -0.0362012 0.994985 
2060.0 1841.0 37.32120000000003 203 248 176 0.106282 0.162477 0.980972 
2040.0 1809.0 38.14519999999999 204 248 176 -0.0343995 -0.202839 0.978608 
2030.0 1817.0 53.71600000000001 222 247 166 -0.119808 -0.497996 0.858863 
2030.0 1852.0 39.295600000000036 204 248 176 0.0291964 0.323699 0.945709 
2060.0 1827.0 43.712800000000016 219 248 169 0.451923 -0.168191 0.876058 
2020.0 1849.0 41.00240000000002 219 248 169 -0.339754 0.243515 0.908442 
2020.0 1835.0 45.73040000000003 209 248 173 -0.334053 0.126804 0.933986 
2040.0 1837.0 58.17360000000002 222 246 165 0.0380958 0.0816339 0.995934 
2030.0 1834.0 55.8836 222 247 167 -0.0875826 0.0248691 0.995847 
2020.0 1822.0 53.1592 222 247 167 -0.141629 -0.192667 0.97099 
2020.0 1820.0 45.367999999999995 204 248 175 -0.103966 -0.616476 0.780479 
2030.0 1833.0 55.34360000000004 222 247 167 -0.0836276 0.0336682 0.995928 
2030.0 1846.0 46.61840000000001 204 248 176 0.201443 0.467048 0.86098 
2050.0 1842.0 44.36240000000004 204 248 176 0.252946 0.579734 0.774549 
2020.0 1843.0 45.42240000000004 212 248 171 -0.409964 0.128202 0.903047 
2030.0 1848.0 41.73720000000003 204 248 176 0.208755 0.430834 0.877954 
2050.0 1846.0 37.728800000000035 204 248 176 0.0125594 0.170123 0.985343 
2030.0 1844.0 53.7448 221 247 167 -0.0641287 0.143415 0.987583 
2030.0 1818.0 53.903999999999996 222 247 166 -0.26241 -0.464972 0.845543 
2020.0 1831.0 54.96640000000002 221 247 167 -0.0852568 0.0226632 0.996101 
2030.0 1814.0 45.42320000000001 222 247 166 -0.117596 -0.524101 0.843498 
2020.0 1850.0 40.83960000000002 203 248 176 -0.315849 0.352118 0.881052 
2050.0 1838.0 50.27600000000001 221 247 167 0.342099 0.410832 0.845095 
2040.0 1815.0 53.270399999999995 221 248 168 0.0560457 -0.255319 0.965231 
2020.0 1834.0 45.038400000000024 210 248 172 -0.246413 0.126466 0.960878 
2060.0 1836.0 42.25479999999999 220 248 169 0.456993 0.14272 0.877945 
2050.0 1830.0 54.869200000000035 221 248 168 0.109287 -0.0529536 0.992599 
2020.0 1810.0 36.80560000000003 203 248 176 -0.0623833 -0.105485 0.992462 
2020.0 1854.0 36.62440000000004 203 248 176 -0.0400419 0.0703439 0.996719 
2020.0 1823.0 52.726 221 248 168 -0.146625 -0.112695 0.982752 
2040.0 1828.0 55.95240000000001 222 247 167 0.0863375 -0.036065 0.995613 
2020.0 1848.0 46.79880000000003 212 248 171 -0.350299 0.305196 0.88552 
2020.0 1826.0 51.82679999999999 220 248 168 -0.217994 0.13802 0.966141 
2050.0 1807.0 38.6232 203 248 176 0.0546728 -0.212616 0.975605 
2050.0 1816.0 47.48720000000003 219 248 169 0.368314 -0.216912 0.904043 
2020.0 1829.0 45.69999999999999 220 248 169 -0.457965 0.124121 0.880263 
2020.0 1821.0 50.12240000000003 221 247 167 -0.163657 -0.430143 0.887803 
2040.0 1810.0 44.062400000000025 204 248 175 -0.00668161 -0.493103 0.869945 
2040.0 1824.0 56.32600000000002 222 247 167 0.0865187 -0.0383311 0.995513 
2010.0 1832.0 43.091200000000015 209 248 173 -0.299962 0.0903814 0.94966 
2060.0 1837.0 39.19440000000003 203 248 176 0.268003 0.130701 0.954511 
2030.0 1840.0 56.228800000000035 222 247 166 0.0560333 0.184791 0.981179 
2050.0 1826.0 52.52199999999999 221 248 168 0.174709 -0.041039 0.983764 
2030.0 1844.0 48.21879999999999 222 247 167 0.255786 0.506922 0.823167 
2040.0 1843.0 46.29599999999999 204 248 176 0.30629 0.591733 0.74568 
2010.0 1816.0 35.692800000000034 203 248 177 -0.041702 -0.0545334 0.997641 
2020.0 1812.0 38.184799999999996 204 248 176 -0.0890755 -0.22708 0.969794 
2050.0 1819.0 52.971600000000024 220 248 168 0.141058 0.0259546 0.989661 
2050.0 1820.0 43.86880000000002 212 248 171 0.357709 -0.235066 0.903763 
2010.0 1837.0 38.964 203 248 176 -0.241002 0.100736 0.965282 
2020.0 1848.0 46.87040000000002 220 248 169 -0.232545 0.478768 0.846584 
2060.0 1838.0 36.91880000000003 203 248 176 0.112237 0.0578193 0.991998 
2050.0 1814.0 45.064400000000035 203 248 176 0.310527 -0.249866 0.917137 
2040.0 1832.0 56.77680000000004 222 247 167 0.117488 -0.0604549 0.991232 
2040.0 1814.0 50.35200000000003 222 247 167 -0.169168 -0.475142 0.863494 
2040.0 1838.0 57.72840000000002 222 246 165 -0.0354357 0.145172 0.988772 
2040.0 1814.0 52.78280000000001 221 247 167 -0.0240822 -0.328278 0.944274 
2020.0 1854.0 37.46320000000003 203 248 176 -0.0101352 0.156533 0.987621 
2020.0 1823.0 53.5308 221 248 168 -0.0721517 -0.154949 0.985284 
2030.0 1846.0 48.350400000000036 207 248 174 0.244108 0.380216 0.892103 
2040.0 1844.0 44.855200000000025 204 248 176 0.174255 0.580344 0.79551 
2020.0 1813.0 40.1712 204 248 176 -0.142445 -0.344358 0.927969 
2040.0 1845.0 40.76840000000004 204 248 176 0.165118 0.409205 0.897378 
2030.0 1819.0 56.920000000000016 222 246 166 -0.00579411 -0.202794 0.979204 
2030.0 1810.0 37.44120000000004 204 248 176 -0.0688387 -0.136511 0.988244 
2040.0 1836.0 58.43920000000003 222 247 166 0.00706078 0.0272344 0.999604 
2060.0 1838.0 40.79759999999999 203 248 176 0.283724 0.295364 0.912283 
2040.0 1823.0 55.26280000000003 222 247 167 0.0938442 -0.0408498 0.994748 
2040.0 1831.0 58.30080000000004 222 246 166 0.0901108 -0.0271418 0.995562 
2020.0 1841.0 41.66320000000002 219 248 169 -0.388319 0.245489 0.888225 
2030.0 1844.0 54.22720000000004 221 248 168 0.109042 0.199283 0.973856 
2040.0 1832.0 58.49600000000004 222 247 166 -0.0110962 0.0232012 0.999669 
2040.0 1822.0 55.888000000000034 222 247 167 0.089635 -0.047584 0.994837 
2020.0 1845.0 40.22800000000001 203 248 176 -0.477577 -0.0311169 0.878039 
2010.0 1837.0 37.31600000000003 203 248 177 -0.191826 0.119108 0.974175 
2020.0 1853.0 37.579200000000014 203 248 176 -0.0932106 0.165842 0.981737 
2050.0 1815.0 40.15280000000001 218 248 169 0.388509 0.102962 0.915674 
2020.0 1839.0 53.57159999999999 221 248 168 -0.123218 0.0440873 0.9914 
2020.0 1854.0 36.648799999999994 203 248 176 -0.0273022 0.0971957 0.994891 
2050.0 1809.0 40.5376 219 248 169 0.175289 -0.214828 0.960793 
2060.0 1827.0 45.23079999999999 219 248 169 0.367347 -0.216343 0.904573 
2040.0 1806.0 36.80720000000002 204 248 176 -0.0120435 -0.11715 0.993041 
2040.0 1841.0 52.478800000000035 222 247 166 0.253871 0.40409 0.878784 
2030.0 1828.0 57.78399999999999 222 247 166 -0.0809554 0.029144 0.996292 
2040.0 1819.0 55.88280000000003 222 247 167 0.0816359 -0.0704529 0.994169 
2040.0 1820.0 55.69560000000001 222 247 167 0.0868821 -0.0428912 0.995295 
2030.0 1838.0 54.68760000000003 222 247 167 -0.107915 0.0367132 0.993482 
2030.0 1846.0 48.088400000000036 222 247 167 0.273376 0.471072 0.838663 
2030.0 1843.0 54.15120000000002 221 248 168 -0.108825 0.0482421 0.99289 
2020.0 1844.0 48.39920000000001 219 248 169 -0.430404 0.030648 0.902116 
2030.0 1842.0 54.93760000000003 221 248 168 0.0958758 0.163838 0.981817 
2050.0 1827.0 54.789199999999994 221 248 168 0.124651 -0.0348123 0.99159 
2030.0 1816.0 48.84800000000001 222 247 167 -0.263404 -0.515897 0.815149 
2030.0 1832.0 58.32560000000001 222 247 166 -0.0594125 0.0486102 0.997049 
2010.0 1817.0 35.5376 203 248 177 -0.0240023 -0.0448739 0.998704 
2010.0 1824.0 44.17320000000001 209 248 173 -0.601726 -0.0643176 0.796108 
2010.0 1832.0 39.733600000000024 203 248 177 -0.250261 0.0876548 0.964202 
2060.0 1838.0 43.99400000000003 220 248 169 0.223311 0.406693 0.885851 
2020.0 1824.0 54.24600000000004 222 247 167 -0.071334 -0.0939798 0.993015 
2020.0 1819.0 44.31479999999999 220 248 168 -0.100299 -0.574175 0.812566 
2020.0 1845.0 46.726800000000026 214 248 171 -0.304442 -0.316322 0.898474 
2020.0 1831.0 47.446799999999996 220 248 168 -0.372528 0.162892 0.913613 
2030.0 1828.0 55.7688 222 247 167 -0.0993694 0.0229314 0.994786 
2030.0 1812.0 39.57600000000002 204 248 176 -0.142636 -0.305649 0.9414 
2050.0 1832.0 51.25800000000004 220 248 169 0.209301 0.0544424 0.976335 
2040.0 1814.0 47.46879999999999 222 247 167 -0.344667 -0.635428 0.690967 
2040.0 1840.0 55.55959999999999 222 247 166 0.0140723 0.367159 0.930052 
2010.0 1823.0 47.131200000000035 220 248 168 -0.522297 -0.225154 0.822503 
2030.0 1820.0 55.77199999999999 222 247 166 -0.121776 -0.102859 0.987213 
2030.0 1836.0 54.19960000000003 221 248 168 -0.1197 0.0324421 0.99228 
2050.0 1826.0 50.9332 220 248 168 0.267082 -0.108136 0.957587 
2040.0 1830.0 56.83960000000002 222 247 166 0.100846 -0.0410035 0.994057 
2020.0 1846.0 51.83600000000001 220 248 168 -0.207463 0.143033 0.96773 
2030.0 1845.0 52.20600000000002 222 247 167 0.321424 0.367124 0.872872 
2020.0 1852.0 39.07080000000002 203 248 176 -0.0878612 0.305547 0.948115 
2020.0 1819.0 46.524400000000014 222 247 167 -0.242535 -0.468291 0.849635 
2090.0 1858.0 40.74240000000003 204 248 176 -0.198034 -0.521539 0.829927 
2090.0 1869.0 54.7912 221 247 167 -0.0344148 -0.107685 0.993589 
2090.0 1857.0 41.141200000000026 204 248 176 -0.245403 -0.467943 0.849004 
2080.0 1858.0 37.2688 204 248 176 -0.0285544 -0.151909 0.987982 
2030.0 1881.0 50.04400000000004 220 248 169 -0.136919 -0.269851 0.953118 
2040.0 1888.0 54.810400000000016 222 247 167 0.032 0.102621 0.994206 
2110.0 1871.0 38.10400000000004 204 248 175 0.205945 0.00814472 0.97853 
2100.0 1852.0 38.09200000000004 203 248 176 -0.00868017 -0.308766 0.951098 
2110.0 1873.0 41.301199999999994 205 248 175 0.158264 -0.0216333 0.98716 
2060.0 1881.0 55.495600000000024 222 247 167 0.0341636 0.027952 0.999025 
2000.0 1900.0 36.70400000000001 203 248 176 -0.0448832 0.143856 0.98858 
2000.0 1906.0 36.065200000000004 203 248 176 0.0 0.0 0.0 
2040.0 1900.0 40.998400000000004 204 248 176 0.150321 0.55217 0.820069 
2000.0 1915.0 36.814400000000035 204 248 176 -0.00105249 0.0810419 0.99671 
2030.0 1890.0 54.66239999999999 221 247 167 -0.00970123 -0.100246 0.994915 
2050.0 1887.0 54.90160000000003 222 247 167 0.0346182 0.115022 0.99276 
2110.0 1859.0 42.26440000000002 204 248 176 0.610295 0.00688821 0.792144 
2050.0 1893.0 47.948800000000006 218 248 169 0.109201 0.460914 0.8807 
2020.0 1881.0 41.50880000000001 217 248 170 -0.169316 -0.304219 0.937434 
2030.0 1893.0 53.783600000000035 220 248 168 0.0303076 0.129088 0.99117 
2090.0 1879.0 50.6712 219 248 169 0.0583971 0.124809 0.990461 
2000.0 1891.0 43.7004 204 248 175 -0.239905 -0.199243 0.950131 
2070.0 1888.0 46.24279999999999 218 248 169 0.189993 0.489195 0.851229 
2110.0 1869.0 37.55680000000001 204 248 176 0.186975 -0.102774 0.976974 
2060.0 1870.0 48.3116 218 248 169 -0.108929 -0.459765 0.881334 
2050.0 1892.0 50.03120000000001 220 248 169 0.118461 0.397192 0.910058 
2030.0 1896.0 52.33240000000001 220 248 168 0.0787769 0.23383 0.969081 
2010.0 1907.0 47.765600000000006 219 248 169 0.192334 0.389007 0.900934 
2070.0 1863.0 38.50920000000002 204 248 176 -0.16593 -0.237611 0.957083 
2000.0 1911.0 39.412800000000004 204 248 176 -0.271991 0.283504 0.91959 
2060.0 1872.0 47.57960000000003 218 248 169 -0.109054 -0.387901 0.915227 
2010.0 1911.0 39.29480000000001 204 248 176 -0.101238 0.411886 0.905594 
2070.0 1868.0 49.032399999999996 219 248 169 -0.300038 -0.271049 0.914609 
2040.0 1883.0 53.45320000000004 221 248 168 -0.0464605 -0.12125 0.991534 
2090.0 1861.0 48.596000000000004 219 248 169 -0.00129535 -0.413217 0.910632 
2100.0 1877.0 42.452800000000025 218 248 169 0.167155 0.346953 0.922867 
2070.0 1888.0 45.79240000000004 215 248 170 0.215353 0.468355 0.856894 
2010.0 1896.0 54.82679999999999 222 247 167 -0.0239048 -0.0426129 0.998806 
2090.0 1875.0 52.912800000000004 221 248 168 0.0736014 0.17978 0.980949 
2020.0 1890.0 53.90440000000001 221 248 168 -0.0745063 -0.106601 0.991506 
2090.0 1881.0 41.784400000000005 204 248 176 0.349444 0.418393 0.838353 
2100.0 1856.0 48.31400000000002 218 248 169 -0.175433 -0.372261 0.911397 
2110.0 1855.0 37.26400000000001 204 248 176 0.11184 -0.0298979 0.993276 
2100.0 1872.0 42.100400000000036 205 248 175 0.0751239 -0.213056 0.974147 
2100.0 1868.0 43.44400000000002 222 247 167 0.250121 0.167193 0.95367 
2050.0 1895.0 47.3544 218 248 169 -0.0013084 0.443546 0.896251 
2100.0 1874.0 44.007600000000025 220 248 169 0.175422 -0.0810569 0.981151 
2030.0 1881.0 46.926800000000014 218 248 169 -0.240585 -0.373423 0.895921 
2000.0 1897.0 44.02680000000004 205 248 175 -0.503368 -0.0313753 0.863502 
2050.0 1873.0 43.53800000000001 217 248 170 -0.16376 -0.488329 0.857157 
2010.0 1903.0 46.298 221 248 168 -0.488455 0.0424149 0.871557 
2080.0 1876.0 54.18440000000004 221 248 168 0.068953 0.141412 0.987547 
2000.0 1901.0 48.5188 222 247 167 0.0475202 0.454836 0.889306 
2010.0 1911.0 38.06880000000001 203 248 176 0.189392 0.205285 0.960203 
2070.0 1859.0 36.77520000000004 203 248 176 -0.00104844 -0.0765361 0.997066 
2050.0 1874.0 46.86880000000002 218 248 169 -0.0983977 -0.419923 0.90221 
2080.0 1869.0 53.8664 221 248 168 -0.0459997 -0.18046 0.982506 
2010.0 1880.0 36.62280000000004 203 248 176 -0.046261 -0.0570193 0.997301 
2050.0 1879.0 53.4828 221 248 168 -0.0559269 -0.18206 0.981696 
2080.0 1880.0 52.7124 220 248 168 0.13954 0.14695 0.979252 
2050.0 1876.0 51.010400000000004 220 248 169 -0.198986 -0.23418 0.951611 
2000.0 1900.0 38.56960000000004 203 248 176 -0.506186 0.286786 0.813345 
2060.0 1872.0 46.69200000000001 218 248 169 -0.0772494 -0.492992 0.866598 
2110.0 1853.0 37.260400000000004 203 248 176 0.0984817 -0.0690504 0.99274 
2100.0 1861.0 52.02879999999999 220 248 169 -0.0468917 -0.205602 0.977512 
2050.0 1901.0 37.10480000000001 204 248 176 0.0746332 0.0701775 0.994739 
2000.0 1900.0 50.54000000000002 222 247 167 -0.10925 0.396896 0.911339 
2040.0 1887.0 55.23920000000004 222 247 167 -0.00704728 -0.0231553 0.999707 
2000.0 1910.0 40.6696 219 248 169 -0.484069 0.328532 0.811014 
2060.0 1868.0 43.68960000000004 204 248 176 -0.235109 -0.508635 0.82826 
2010.0 1898.0 53.48200000000003 222 247 167 -0.179747 0.281283 0.94264 
2080.0 1886.0 39.436800000000005 204 248 175 0.160952 0.351296 0.922326 
2100.0 1853.0 38.020399999999995 204 248 176 -0.0501391 -0.228683 0.972209 
2040.0 1883.0 53.168000000000006 221 248 168 -0.0669981 -0.151627 0.986165 
2100.0 1859.0 49.88760000000002 219 248 169 -0.0565608 -0.356465 0.932595 
2000.0 1904.0 41.70440000000002 203 248 176 -0.434831 0.298656 0.849545 
2100.0 1869.0 55.510400000000004 222 247 167 -0.00508318 0.0355823 0.999354 
2020.0 1903.0 47.64000000000004 218 248 169 0.0770853 0.486338 0.870364 
2080.0 1862.0 40.428800000000024 204 248 176 -0.131956 -0.373645 0.918138 
2080.0 1869.0 53.898000000000025 221 248 168 -0.0373555 -0.132442 0.990487 
2040.0 1879.0 50.85640000000001 220 248 169 -0.0387916 -0.286558 0.957277 
2010.0 1910.0 41.27480000000003 204 248 176 -0.0380942 0.627848 0.777403 
2030.0 1903.0 44.9812 204 248 176 0.221149 0.579935 0.784072 
2090.0 1869.0 55.17599999999999 221 247 167 -0.0339357 -0.0930496 0.995083 
2050.0 1870.0 39.019600000000025 204 248 176 -0.0640565 -0.429315 0.90088 
2020.0 1889.0 53.61080000000004 221 248 168 -0.0214292 -0.145493 0.989127 
2060.0 1869.0 43.87080000000003 217 248 170 -0.147811 -0.434823 0.888302 
2110.0 1876.0 42.517600000000016 218 248 169 0.257638 0.0666088 0.963943 
2090.0 1884.0 39.20320000000004 204 248 176 0.168565 0.260265 0.950709 
2110.0 1859.0 39.36600000000004 204 248 176 0.377228 0.0352428 0.925449 
2030.0 1883.0 51.29160000000002 219 248 169 -0.0605397 -0.235981 0.96987 
2040.0 1872.0 38.16680000000002 204 248 176 -0.0580431 -0.238347 0.969444 
2040.0 1877.0 48.59880000000004 219 248 169 -0.194633 -0.342384 0.91918 
2050.0 1887.0 53.91720000000004 221 248 168 0.060713 0.12028 0.990882 
2040.0 1880.0 50.703599999999994 220 248 169 -0.125544 -0.314536 0.940907 
2030.0 1880.0 47.40039999999999 218 248 169 -0.0506401 -0.472185 0.880044 
2070.0 1883.0 53.331200000000024 221 248 168 0.0827494 0.208726 0.974467 
2070.0 1880.0 54.34360000000004 222 247 167 0.0516179 0.131912 0.989917 
2050.0 1880.0 52.5684 220 248 168 -0.0975355 -0.150518 0.983784 
2030.0 1872.0 36.80959999999999 203 248 176 -0.0384839 -0.0912618 0.995083 
2040.0 1888.0 55.12440000000004 222 247 167 0.0220424 0.0556309 0.998208 
2110.0 1872.0 39.5668 205 248 175 0.278513 0.0516698 0.959042 
2070.0 1886.0 47.716800000000035 218 248 169 0.230924 0.457321 0.858797 
1990.0 1891.0 37.62960000000004 204 248 176 -0.125516 0.018883 0.991912 
2110.0 1866.0 38.198000000000036 205 248 175 0.174658 -0.075886 0.9817 
2080.0 1878.0 53.72720000000004 221 248 168 0.0387547 0.179681 0.982961 
2080.0 1880.0 53.11040000000003 221 248 168 0.0589954 0.135342 0.989041 
2010.0 1908.0 46.66919999999999 219 248 169 -0.122115 0.195133 0.973145 
2030.0 1895.0 53.662800000000004 221 248 168 0.0422286 0.138099 0.989518 
2110.0 1876.0 41.664000000000044 219 248 169 0.0167534 0.135144 0.990684 
2100.0 1870.0 43.3956 221 248 168 0.337516 0.0346499 0.940682 
2090.0 1870.0 55.45840000000004 222 247 167 0.0130111 -0.0110094 0.999855 
2070.0 1864.0 39.16160000000002 204 248 176 -0.157201 -0.270063 0.949923 
2080.0 1873.0 55.160799999999995 222 247 167 -0.00738639 -0.0749191 0.997162 
2030.0 1905.0 38.34840000000003 204 248 176 0.20039 0.249465 0.947423 
2100.0 1856.0 47.724800000000016 219 248 169 0.17762 -0.447719 0.876355 
2050.0 1879.0 53.86760000000004 221 248 168 -0.0479327 -0.162504 0.985543 
2040.0 1897.0 48.406000000000006 219 248 169 0.126624 0.439626 0.889211 
2030.0 1902.0 48.56200000000001 219 248 169 0.150026 0.47047 0.869569 
2090.0 1865.0 52.16560000000004 220 248 168 -0.0844155 -0.146241 0.985641 
2010.0 1894.0 52.076400000000035 220 248 168 -0.121934 -0.189816 0.974219 
2060.0 1881.0 55.20920000000001 222 247 167 0.0537994 0.0735625 0.995838 
2090.0 1882.0 45.46840000000003 218 248 169 0.0622305 0.474335 0.878142 
2100.0 1876.0 43.16239999999999 219 248 169 0.150305 0.170514 0.973824 
2100.0 1856.0 43.16840000000002 219 248 169 0.45685 -0.318696 0.830494 
2010.0 1914.0 37.12119999999999 203 248 176 0.0571183 0.148041 0.98733 
2080.0 1873.0 55.44120000000004 222 247 167 -0.026247 -0.0493444 0.998437 
2070.0 1878.0 54.76840000000004 222 247 167 0.0113167 0.044238 0.998957 
2030.0 1878.0 43.8528 213 248 171 -0.168604 -0.458897 0.872345 
2010.0 1899.0 54.47239999999999 222 247 167 -0.147061 0.19054 0.970602 
2010.0 1906.0 45.17160000000001 220 248 169 -0.42327 -0.188934 0.886085 
2000.0 1902.0 48.13760000000002 221 247 167 0.268202 -0.0012027 0.963362 
2040.0 1878.0 47.0908 218 248 169 -0.0256966 -0.488236 0.872333 
2060.0 1885.0 52.386000000000024 221 248 168 0.0747381 0.202161 0.976497 
2100.0 1850.0 36.47239999999999 203 248 176 -0.0114956 -0.0616585 0.998031 
1990.0 1887.0 36.302400000000034 203 248 176 -0.0152829 -0.0275093 0.999505 
2060.0 1882.0 55.117999999999995 222 247 167 0.0029498 -0.00491634 0.999984 
2020.0 1897.0 54.59800000000001 222 247 167 0.00957073 0.0840097 0.996419 
2070.0 1885.0 49.99400000000003 219 248 169 0.121987 0.352253 0.927921 
2010.0 1900.0 54.10360000000003 221 248 168 0.0272542 0.0926644 0.995324 
2100.0 1878.0 43.78399999999999 204 248 175 0.197572 0.505241 0.840058 
2060.0 1880.0 55.36760000000004 222 247 167 0.00299633 -0.0209743 0.999776 
2070.0 1869.0 46.64240000000001 218 248 169 -0.136372 -0.455053 0.87996 
2000.0 1900.0 45.33760000000001 204 248 176 -0.281899 0.134938 0.949908 
2020.0 1907.0 41.1112 204 248 176 0.189148 0.475105 0.859359 
2100.0 1880.0 38.05920000000003 204 248 175 0.0963329 0.213934 0.972086 
2090.0 1852.0 37.06280000000004 203 248 176 -0.0472438 -0.030446 0.998419 
2090.0 1873.0 54.09360000000004 221 248 168 0.119009 0.128626 0.984526 
2050.0 1878.0 51.59360000000004 220 248 169 -0.0736248 -0.233353 0.969601 
2030.0 1899.0 50.43760000000003 219 248 169 0.181686 0.300961 0.936169 
2010.0 1906.0 49.28399999999999 218 248 169 0.0636502 0.418466 0.905999 
2100.0 1869.0 55.212800000000016 222 247 167 0.158654 0.100521 0.982204 
2060.0 1882.0 55.32760000000002 222 247 167 0.0895618 0.110498 0.989833 
2020.0 1903.0 49.077200000000005 218 248 169 0.093258 0.366274 0.925822 
2030.0 1888.0 54.02320000000003 221 248 168 -0.0283364 -0.141682 0.989507 
2090.0 1864.0 53.44200000000001 221 248 168 -0.0518212 -0.137038 0.989209 
2100.0 1866.0 44.11160000000001 205 248 175 0.448204 0.136036 0.88352 
2090.0 1871.0 55.55400000000003 222 247 167 -0.0258829 -0.0341655 0.999081 
2100.0 1867.0 55.454800000000034 222 247 167 -0.0218272 -0.042615 0.998853 
2040.0 1891.0 54.24720000000002 221 247 167 0.0736511 0.136781 0.98786 
2050.0 1880.0 54.43920000000003 221 247 167 -0.0534817 -0.121756 0.991118 
2080.0 1865.0 51.1936 219 248 169 -0.0617978 -0.199934 0.977859 
2050.0 1874.0 45.63760000000002 218 248 169 -0.193156 -0.486634 0.851985 
2050.0 1867.0 37.94319999999999 204 248 176 -0.134322 -0.241258 0.96112 
2080.0 1867.0 51.86959999999999 220 248 168 -0.0637556 -0.186455 0.980393 
2090.0 1872.0 55.271600000000035 221 247 167 0.0487216 0.121237 0.991427 
2060.0 1862.0 37.21120000000002 203 248 176 -0.0324333 -0.121904 0.992012 
2000.0 1897.0 39.62119999999999 203 248 176 -0.307099 0.0238158 0.95138 
2100.0 1868.0 44.39240000000001 205 248 175 0.458476 0.365823 0.809922 
2050.0 1899.0 37.42760000000004 204 248 176 0.113994 0.128393 0.98515 
2080.0 1877.0 54.72520000000003 222 247 167 0.0264125 0.16192 0.98645 
2070.0 1884.0 51.36360000000002 218 248 169 0.1541 0.233125 0.960159 
2050.0 1879.0 52.0136 220 248 168 -0.0837851 -0.180927 0.979921 
2110.0 1848.0 36.29880000000003 203 248 176 -0.0153123 -0.0316454 0.999382 
2000.0 1905.0 36.969600000000014 204 248 176 -0.16213 0.0478225 0.98561 
2070.0 1866.0 46.55279999999999 218 248 169 -0.131 -0.473616 0.870935 
2000.0 1896.0 38.359200000000044 204 248 176 -0.196497 0.0270624 0.980131 
2040.0 1895.0 50.62040000000002 218 248 169 0.109487 0.288886 0.951082 
2050.0 1897.0 43.15640000000002 204 248 176 0.164334 0.580444 0.797545 
2100.0 1872.0 43.56120000000004 205 248 175 0.297141 -0.212646 0.930854 
2060.0 1882.0 54.98200000000003 222 247 167 0.0681359 0.125878 0.989703 
2070.0 1890.0 39.88960000000003 212 248 171 0.234365 0.291181 0.927517 
2040.0 1900.0 40.960800000000006 218 248 169 0.0917682 0.630724 0.770562 
2080.0 1871.0 54.46199999999999 221 248 168 -0.0562091 -0.129625 0.989969 
2080.0 1871.0 54.5 221 247 167 -0.0823773 -0.117185 0.989688 
2070.0 1870.0 51.92920000000004 220 248 169 -0.0862846 -0.135928 0.986954 
2030.0 1896.0 52.967600000000004 220 248 168 0.0630244 0.170047 0.983419 
2080.0 1878.0 52.80400000000003 220 248 168 0.0287181 0.159672 0.986752 
2060.0 1871.0 48.5136 218 248 169 -0.146081 -0.357551 0.922398 
2070.0 1866.0 45.16680000000002 218 248 169 -0.150634 -0.571215 0.80686 
2070.0 1869.0 51.214800000000025 219 248 169 -0.0594358 -0.207419 0.976445 
2100.0 1851.0 37.08000000000004 204 248 176 -0.0263125 -0.156731 0.987291 
2050.0 1892.0 50.63319999999999 220 248 169 0.0780967 0.272698 0.958925 
2110.0 1856.0 41.15360000000004 204 248 176 0.436328 -0.173656 0.882871 
2090.0 1886.0 37.72800000000001 203 248 176 0.118695 0.183665 0.975797 
2050.0 1880.0 54.12639999999999 221 248 168 -0.0773966 -0.155984 0.984723 
2070.0 1881.0 53.34160000000003 220 248 168 0.0536935 0.126808 0.990473 
2010.0 1910.0 41.5188 203 248 176 -0.0407016 0.585262 0.809822 
2020.0 1892.0 55.03120000000001 222 247 167 -0.00515331 -0.0505024 0.998711 
2080.0 1863.0 48.20440000000002 218 248 169 -0.178496 -0.461729 0.868876 
2110.0 1864.0 36.85079999999999 204 248 176 0.0231091 -0.00502372 0.99972 
2000.0 1906.0 38.054400000000044 203 248 176 -0.163433 0.0217149 0.986315 
2030.0 1881.0 48.08960000000002 218 248 169 -0.119909 -0.367998 0.922062 
2030.0 1895.0 54.42959999999999 221 247 167 0.0275705 0.109179 0.99364 
2090.0 1881.0 41.66520000000003 218 248 169 0.0798038 0.477423 0.875042 
2020.0 1896.0 54.81 222 247 167 0.0209009 0.113305 0.99334 
2100.0 1857.0 48.674000000000035 219 248 169 0.242299 -0.14014 0.960027 
2080.0 1885.0 41.441599999999994 204 248 176 0.239295 0.602149 0.761679 
2000.0 1916.0 36.491600000000005 203 248 176 -0.00504319 0.0292505 0.999559 
2080.0 1857.0 37.11360000000002 204 248 176 -0.0513998 -0.129071 0.990302 
2040.0 1906.0 36.902000000000044 204 248 176 0.0247271 0.0784816 0.996609 
2000.0 1896.0 47.3836 219 248 169 -0.519682 0.0959194 0.848958 
2050.0 1892.0 50.88839999999999 219 248 169 0.0446927 0.218632 0.974783 
2060.0 1872.0 48.38839999999999 219 248 169 -0.0361925 -0.441013 0.896771 
2070.0 1884.0 53.60200000000003 220 248 168 0.0800779 0.161351 0.983643 
2070.0 1869.0 50.141999999999996 219 248 169 -0.3101 -0.232932 0.921727 
2060.0 1884.0 54.7756 222 247 167 0.0491955 0.0754332 0.995937 
2020.0 1890.0 54.1268 221 248 168 -0.0300812 -0.116982 0.992678 
2030.0 1899.0 52.07960000000003 220 248 169 0.0540633 0.195829 0.979147 
2070.0 1877.0 55.1216 222 247 167 -0.00103447 -0.0589646 0.99826 
2080.0 1864.0 45.11600000000004 205 248 175 -0.278457 -0.490023 0.826038 
2000.0 1893.0 48.288400000000024 220 248 169 -0.272734 -0.307737 0.911545 
2080.0 1888.0 38.01800000000003 204 248 175 0.11784 0.142137 0.982808 
2060.0 1896.0 39.39000000000004 204 248 176 0.101975 0.217799 0.970652 
2030.0 1905.0 39.048400000000015 204 248 176 0.109712 0.406906 0.906858 
2010.0 1884.0 38.33080000000001 203 248 176 -0.0952291 -0.34202 0.934855 
2100.0 1869.0 44.95800000000003 205 248 175 0.430295 -0.0669347 0.900203 
2080.0 1867.0 52.176800000000014 220 248 168 -0.0620306 -0.205552 0.976678 
2000.0 1896.0 50.240800000000036 221 248 168 -0.492925 0.0624834 0.867825 
2030.0 1892.0 54.455600000000004 221 248 168 0.007328 0.0680457 0.997655 
2050.0 1877.0 52.88080000000002 220 248 168 -0.0898796 -0.154593 0.983881 
2100.0 1867.0 55.29000000000002 222 247 167 0.306866 0.0712137 0.949085 
2040.0 1878.0 48.04400000000004 218 248 169 -0.151853 -0.393116 0.906863 
2110.0 1856.0 38.87479999999999 204 248 176 0.370174 -0.143879 0.917753 
2030.0 1896.0 53.0 220 248 168 0.0613033 0.191122 0.97965 
2090.0 1880.0 48.36439999999999 218 248 169 0.14367 0.416784 0.89758 
2010.0 1910.0 41.988800000000026 203 248 176 -0.0975738 0.335493 0.936976 
2070.0 1873.0 53.9076 221 248 168 -0.027732 -0.116475 0.992806 
2000.0 1894.0 38.03120000000001 203 248 176 -0.292924 -0.0494547 0.954856 
2070.0 1889.0 47.867200000000025 218 248 169 0.139088 0.386357 0.911802 
2040.0 1884.0 53.76400000000001 221 248 168 -0.0484459 -0.111538 0.992579 
2040.0 1874.0 38.44720000000001 203 248 176 -0.124048 -0.252013 0.95974 
2000.0 1907.0 39.550400000000025 221 248 168 -0.268647 0.0233072 0.962957 
2080.0 1878.0 53.70120000000003 221 248 168 0.0516021 0.134166 0.989614 
2090.0 1855.0 37.91239999999999 203 248 176 -0.171369 -0.202765 0.964116 
2080.0 1890.0 37.322400000000016 204 248 176 0.0476695 0.0942305 0.994408 
2050.0 1887.0 54.233600000000024 221 248 168 0.0334598 0.160377 0.986489 
2030.0 1899.0 47.71520000000004 219 248 169 0.169014 0.370696 0.913246 
2090.0 1874.0 54.5292 221 248 168 0.0393298 0.11799 0.992236 
2100.0 1865.0 50.543600000000026 222 247 167 0.543594 0.0752232 0.835971 
2050.0 1887.0 54.509600000000034 221 247 167 0.0238272 0.150906 0.988261 
2040.0 1894.0 51.35840000000002 219 248 169 0.108253 0.27259 0.956021 
2030.0 1887.0 54.68000000000001 221 248 168 -0.0455379 -0.0988506 0.99406 
2110.0 1873.0 37.19040000000001 204 248 175 0.0686145 -0.0137229 0.997549 
2100.0 1870.0 41.63480000000004 205 248 175 -0.200669 0.334449 0.920802 
2080.0 1884.0 50.03520000000003 219 248 169 0.10937 0.394562 0.912337 
2050.0 1888.0 54.0668 221 248 168 0.0546682 0.14772 0.987517 
2070.0 1865.0 45.55080000000004 218 248 169 -0.143323 -0.545217 0.825952 
2080.0 1873.0 55.47200000000004 222 247 167 -0.041113 -0.041113 0.998308 
2100.0 1879.0 40.48079999999999 204 248 175 0.127302 0.346316 0.92944 
2010.0 1904.0 52.02480000000003 220 248 168 -0.00343891 0.186848 0.982383 
2040.0 1890.0 54.48480000000001 221 248 168 -0.00330095 0.130938 0.991385 
2060.0 1889.0 50.08080000000001 219 248 169 0.0722114 0.329546 0.941374 
2080.0 1869.0 53.80520000000001 221 248 168 -0.0426393 -0.150966 0.987619 
2020.0 1903.0 49.96320000000003 219 248 169 0.111556 0.323914 0.939486 
2030.0 1903.0 40.965599999999995 203 248 176 0.114386 0.439187 0.891084 
2000.0 1887.0 37.61439999999999 203 248 176 -0.196773 -0.153045 0.968431 
2030.0 1892.0 54.57800000000003 221 247 167 0.0292068 0.0811299 0.996276 
2110.0 1866.0 43.2192 205 248 175 0.429269 0.344359 0.834952 
2090.0 1872.0 55.48520000000002 222 247 167 0.0199417 0.0577259 0.998133 
2100.0 1856.0 48.39440000000002 218 248 169 -0.0463546 -0.388054 0.92047 
2110.0 1864.0 38.30000000000001 204 248 176 0.289457 0.0160125 0.957057 
2100.0 1878.0 44.70800000000003 204 248 175 0.449345 0.459148 0.766337 
2000.0 1887.0 36.52840000000003 203 248 176 -0.066016 -0.0465358 0.996733 
2110.0 1866.0 37.14000000000004 204 248 175 0.0812119 -0.0031641 0.996692 
2060.0 1882.0 54.68040000000002 221 248 168 0.0445207 0.135845 0.989729 
2000.0 1916.0 36.4812 203 248 176 -0.0154033 0.0379947 0.999159 
2030.0 1880.0 47.19560000000001 204 248 176 -0.188489 -0.381294 0.905034 
2060.0 1881.0 55.10880000000003 222 247 167 -0.00102435 -0.050193 0.998739 
2010.0 1895.0 53.95320000000004 221 248 168 -0.0629951 -0.120263 0.990741 
2000.0 1894.0 43.261600000000044 203 248 176 -0.509887 0.145472 0.847852 
2060.0 1882.0 55.40719999999999 222 247 167 -0.0412831 0.0434002 0.998204 
2050.0 1867.0 36.65440000000001 203 248 176 -0.0237644 -0.0340967 0.999136 
2030.0 1905.0 37.985600000000034 204 248 176 0.0322486 0.216185 0.97582 
2090.0 1863.0 50.79920000000004 219 248 169 -0.0544074 -0.282159 0.957824 
2040.0 1886.0 55.06760000000003 222 247 167 -0.03069 -0.0560886 0.997954 
2110.0 1860.0 36.964800000000025 204 248 175 0.0611519 0.00310942 0.998124 
2100.0 1852.0 37.990800000000036 204 248 176 -0.10001 -0.271456 0.957241 
2090.0 1852.0 37.184799999999996 204 248 175 -0.0324816 -0.0429596 0.998549 
2100.0 1856.0 42.88080000000002 204 248 176 -0.0887691 -0.486117 0.869374 
2050.0 1873.0 44.40039999999999 204 248 175 -0.199973 -0.445866 0.872476 
2090.0 1866.0 54.44240000000002 221 247 167 -0.0676106 -0.113448 0.991241 
2100.0 1863.0 53.4624 221 248 168 -0.0375123 -0.135272 0.990098 
2020.0 1891.0 54.65280000000001 221 247 167 -0.027631 -0.109419 0.993612 
2060.0 1877.0 53.27879999999999 221 248 168 -0.0451291 -0.153902 0.987055 
2000.0 1891.0 39.78800000000001 203 248 176 -0.318075 -0.189163 0.929002 
2100.0 1885.0 37.19640000000004 204 248 175 0.0416664 0.118242 0.99211 
2010.0 1901.0 48.17760000000004 203 248 176 -0.17285 0.483092 0.858338 
2070.0 1883.0 52.26640000000003 220 248 169 0.0486706 0.183998 0.981721 
2050.0 1880.0 54.00640000000004 221 248 168 -0.0619063 -0.148342 0.986997 
2090.0 1881.0 47.510400000000004 218 248 169 0.129421 0.504598 0.853599 
2100.0 1871.0 50.960800000000006 221 248 168 0.56654 0.0756338 0.820556 
2000.0 1900.0 45.60759999999999 221 248 168 -0.130793 0.265549 0.955184 
2070.0 1890.0 40.51640000000003 204 248 176 -0.101513 0.418568 0.902494 
2090.0 1870.0 55.6352 222 247 167 0.0297248 -0.0194749 0.999368 
2100.0 1870.0 44.34680000000003 221 248 168 0.380045 -0.0852059 0.921035 
2060.0 1880.0 55.52000000000004 222 247 167 0.0250673 -0.00100269 0.999685 
2000.0 1907.0 38.0 203 248 176 -0.152579 0.0925083 0.983952 
2050.0 1892.0 52.3476 220 248 168 0.121978 0.266254 0.956154 
2040.0 1905.0 37.24200000000002 204 248 176 0.0373555 0.132442 0.990487 
2090.0 1855.0 36.56999999999999 204 248 176 -0.0240477 -0.049141 0.998502 
2060.0 1880.0 54.877200000000016 221 247 167 -0.00734228 -0.0702761 0.997501 
2000.0 1904.0 46.73840000000001 221 248 168 0.24843 0.0904539 0.964417 
2090.0 1855.0 36.940800000000024 204 248 176 -0.0617442 -0.0954228 0.99352 
2060.0 1882.0 55.33680000000004 222 247 167 -0.0164024 0.108256 0.993988 
2020.0 1900.0 52.284400000000005 220 248 168 0.0515458 0.195394 0.979369 
2030.0 1898.0 48.1284 219 248 169 0.147658 0.381098 0.912667 
2040.0 1896.0 51.58440000000002 220 248 169 0.0706172 0.291456 0.953974 
2060.0 1872.0 50.74119999999999 219 248 169 -0.113887 -0.231613 0.966119 
2080.0 1881.0 52.153999999999996 221 248 168 0.0972079 0.183341 0.978231 
2100.0 1874.0 52.87440000000004 221 248 168 0.0961367 0.134117 0.986291 
2040.0 1898.0 40.51679999999999 204 248 175 0.308084 0.371826 0.875688 
2100.0 1872.0 52.73840000000001 221 248 168 0.174694 0.206217 0.962786 
2090.0 1868.0 54.82400000000001 221 247 167 -0.0323702 -0.119435 0.992314 
2030.0 1880.0 39.95800000000003 204 248 176 0.012158 -0.509283 0.860513 
2000.0 1894.0 44.786 219 248 169 -0.477967 0.103536 0.872254 
2010.0 1909.0 40.460800000000006 203 248 176 0.209589 0.332206 0.919626 
2070.0 1881.0 54.91160000000002 221 247 167 0.0240084 0.161199 0.98663 
2100.0 1870.0 53.60239999999999 221 248 168 0.233522 0.15964 0.959157 
2010.0 1904.0 45.95120000000003 221 248 168 -0.294665 0.013562 0.955504 
2030.0 1885.0 51.71640000000002 220 248 169 -0.0903964 -0.250818 0.963804 
2020.0 1885.0 48.912800000000004 219 248 169 -0.0866311 -0.413904 0.906189 
2100.0 1875.0 47.760400000000004 219 248 169 0.340661 0.15434 0.927432 
2020.0 1898.0 53.9452 221 248 168 0.0 0.0 0.0 
2060.0 1882.0 55.20160000000004 222 247 167 -0.0010444 0.0720634 0.9974 
2070.0 1887.0 49.441599999999994 219 248 169 0.134337 0.358693 0.923739 
2000.0 1891.0 46.53559999999999 219 248 169 -0.268279 -0.416818 0.868498 
2060.0 1868.0 42.36240000000004 204 248 176 0.066487 -0.544627 0.836039 
2040.0 1902.0 37.575199999999995 204 248 176 0.00593229 0.236105 0.971709 
2020.0 1905.0 45.77760000000001 204 248 176 0.12975 0.440579 0.888288 
2020.0 1887.0 51.62280000000004 219 248 169 -0.0581011 -0.174303 0.982976 
2010.0 1906.0 48.77680000000004 219 248 169 -0.385363 0.0381417 0.921977 
2010.0 1885.0 39.872000000000014 203 248 176 -0.114531 -0.448225 0.886553 
2010.0 1904.0 50.522400000000005 221 248 168 -0.215202 0.120972 0.969048 
2060.0 1898.0 38.36680000000001 204 248 175 0.0615356 0.196673 0.978536 
2080.0 1874.0 55.54240000000004 222 247 167 0.00701962 0.0190532 0.999794 
2060.0 1886.0 52.13440000000003 220 248 169 0.0900664 0.19864 0.975925 
2060.0 1891.0 45.93440000000004 204 248 175 0.197375 0.449658 0.87112 
2030.0 1895.0 52.71360000000004 220 248 168 0.0540633 0.195829 0.979147 
2010.0 1889.0 49.06560000000002 219 248 169 -0.117615 -0.449204 0.885654 
2090.0 1877.0 52.60560000000004 220 248 169 0.0626113 0.219753 0.973544 
2040.0 1889.0 54.7448 221 247 167 0.0564432 0.0830047 0.994949 
2100.0 1880.0 43.06280000000004 218 248 169 0.0751602 0.540303 0.838107 
2040.0 1877.0 43.7928 217 248 170 -0.0498438 -0.662211 0.747658 
2060.0 1875.0 52.752800000000036 220 248 168 -0.0268127 -0.183026 0.982742 
2100.0 1879.0 43.36840000000001 218 248 169 0.283626 0.364661 0.886893 
2030.0 1875.0 36.622000000000014 204 248 176 -0.0135621 -0.0552916 0.998378 
2000.0 1907.0 43.3424 204 248 176 -0.472104 0.0650701 0.879138 
2080.0 1875.0 55.38960000000003 222 247 167 0.0312492 0.0743516 0.996742 
2080.0 1871.0 53.66640000000001 221 248 168 -0.0466439 -0.12628 0.990897 
2020.0 1881.0 43.94240000000002 212 248 171 -0.218926 -0.433384 0.874214 
2030.0 1880.0 46.48400000000004 218 248 169 -0.0746545 -0.508496 0.857822 
2060.0 1889.0 48.38319999999999 218 248 169 0.134824 0.371113 0.918748 
2010.0 1894.0 54.41919999999999 221 247 167 -0.0405179 -0.0865112 0.995427 
2060.0 1873.0 52.202 220 248 168 -0.0902714 -0.157674 0.983356 
2020.0 1877.0 36.8784 204 248 176 0.0121162 -0.122263 0.992424 
2040.0 1883.0 54.21320000000003 221 248 168 -0.057704 -0.109751 0.992283 
2090.0 1873.0 54.21199999999999 221 247 167 0.058658 0.187945 0.980426 
2070.0 1867.0 46.609200000000044 218 248 169 -0.389087 -0.385937 0.836459 
2040.0 1869.0 36.87440000000004 204 248 176 -0.0181948 -0.0824117 0.996432 
2000.0 1889.0 41.31880000000001 204 248 176 -0.0646129 -0.45779 0.88671 
2050.0 1885.0 55.15440000000001 222 247 167 0.0579503 0.0666975 0.996089 
2070.0 1864.0 41.0976 204 248 176 -0.173266 -0.385194 0.906424 
2040.0 1889.0 55.07960000000003 222 247 167 -0.00748597 0.0930399 0.995634 
2080.0 1882.0 50.14640000000003 219 248 169 0.396709 0.236243 0.887024 
2100.0 1867.0 47.86360000000002 205 248 175 0.616944 0.34347 0.708102 
2060.0 1875.0 51.94760000000002 220 248 168 -0.057412 -0.221097 0.97356 
2110.0 1851.0 36.922000000000025 204 248 175 0.00505337 -0.0293096 0.999558 
2030.0 1902.0 41.93440000000004 218 248 169 0.104124 0.415107 0.903795 
2060.0 1873.0 50.37040000000002 219 248 169 -0.016221 -0.31319 0.949552 
2060.0 1867.0 41.641200000000026 218 248 169 -0.147618 -0.431388 0.890007 
2100.0 1876.0 43.43040000000002 218 248 169 0.276488 0.209798 0.937837 
2010.0 1907.0 44.5068 204 248 175 -0.563742 -0.0607542 0.823713 
2080.0 1876.0 53.7364 221 248 168 0.0238807 0.151245 0.988208 
2060.0 1870.0 47.0412 218 248 169 -0.189939 -0.44319 0.876074 
2060.0 1871.0 49.926800000000014 219 248 169 -0.0548319 -0.397197 0.916094 
2080.0 1866.0 50.452800000000025 219 248 169 -0.101271 -0.352424 0.930345 
2100.0 1868.0 43.09440000000001 205 248 175 -0.0592076 -0.00727111 0.998219 
2010.0 1905.0 46.27840000000003 203 248 176 -0.418681 0.188188 0.888421 
2050.0 1880.0 53.724800000000016 221 248 168 -0.0423106 -0.140654 0.989154 
2080.0 1863.0 42.05520000000001 214 248 171 -0.091487 -0.47714 0.874052 
2100.0 1852.0 36.857200000000034 203 248 176 0.0432254 -0.0986425 0.994184 
2100.0 1878.0 46.87520000000001 219 248 169 0.225077 0.38984 0.892953 
2040.0 1876.0 42.73920000000004 204 248 176 -0.198532 -0.52285 0.828983 
2110.0 1866.0 36.98720000000003 204 248 175 0.0417574 0.00305542 0.999123 
2100.0 1882.0 39.76840000000004 204 248 175 0.061341 0.332808 0.940997 
2050.0 1899.0 37.202800000000025 204 248 176 0.0164302 0.112821 0.99348 
2060.0 1890.0 50.30720000000002 219 248 169 0.169504 0.26985 0.947866 
2050.0 1894.0 49.30160000000001 219 248 169 0.254097 0.491254 0.833129 
2100.0 1863.0 44.89960000000002 207 248 174 0.686223 -0.156029 0.71046 
2100.0 1876.0 48.46800000000002 219 248 169 0.233326 0.287062 0.929061 
2010.0 1887.0 46.600400000000036 218 248 169 -0.203976 -0.500119 0.84159 
2100.0 1863.0 52.20800000000003 221 247 167 0.34299 -0.0427119 0.938368 
2040.0 1875.0 38.93080000000003 204 248 176 -0.0492047 -0.283873 0.957599 
2050.0 1872.0 39.9864 204 248 176 -0.151853 -0.393116 0.906863 
2070.0 1860.0 37.143200000000036 204 248 176 -0.0297883 -0.104811 0.994046 
2090.0 1872.0 54.436000000000035 221 247 167 0.0377915 0.14773 0.988305 
2080.0 1886.0 41.08240000000001 204 248 176 0.145807 0.400616 0.90457 
2100.0 1851.0 36.97919999999999 204 248 176 -0.0102531 -0.169745 0.985435 
2110.0 1874.0 41.231600000000014 205 248 175 0.187769 -0.0895893 0.978119 
2110.0 1877.0 41.22120000000001 204 248 175 0.170408 0.220606 0.960362 
2060.0 1869.0 45.93080000000003 218 248 169 -0.109459 -0.467687 0.877091 
2010.0 1904.0 52.24040000000002 220 248 168 0.0268627 0.185703 0.982239 
2050.0 1868.0 37.06479999999999 203 248 176 -0.0636436 -0.130759 0.989369 
2100.0 1882.0 37.70400000000001 204 248 175 0.0696256 0.206434 0.97598 
2060.0 1871.0 48.497600000000034 218 248 169 -0.197793 -0.280783 0.939169 
2020.0 1910.0 37.32560000000001 204 248 176 0.0500899 0.154929 0.986655 
2050.0 1894.0 49.35160000000002 218 248 169 0.124882 0.355433 0.926322 
2040.0 1892.0 54.19319999999999 221 248 168 0.0873851 0.117679 0.989199 
2080.0 1880.0 53.331200000000024 221 248 168 0.0259628 0.138845 0.989974 
2050.0 1873.0 47.65280000000001 218 248 169 -0.227347 -0.374023 0.899122 
2090.0 1880.0 46.941599999999994 218 248 169 0.289081 0.529193 0.797739 
2020.0 1882.0 45.90440000000001 214 248 171 -0.092316 -0.414733 0.905248 
2100.0 1858.0 44.00600000000003 204 248 176 0.598796 -0.0179777 0.8007 
2100.0 1869.0 55.46520000000004 222 247 167 0.0637479 0.0861156 0.994244 
2110.0 1875.0 39.41720000000004 204 248 175 0.276909 -0.114176 0.954089 
2040.0 1892.0 52.567200000000014 220 248 168 0.072674 0.213095 0.974325 
2090.0 1859.0 36.66520000000003 204 248 176 0.0 0.0 0.0 
2010.0 1912.0 38.274 203 248 176 0.0807823 0.275686 0.957847 
2000.0 1904.0 36.93920000000003 204 248 176 -0.191544 0.0638481 0.979405 
2020.0 1901.0 51.17560000000003 219 248 169 0.060148 0.295621 0.95341 
2010.0 1902.0 51.900800000000004 221 248 168 -0.254842 0.19488 0.947142 
2020.0 1888.0 53.2192 220 248 168 -0.0507696 -0.173561 0.983514 
2030.0 1902.0 46.8784 218 248 169 0.1529 0.464526 0.87226 
2040.0 1898.0 44.18040000000002 218 248 169 0.17107 0.504284 0.846424 
2060.0 1885.0 53.29079999999999 221 248 168 0.0584606 0.180154 0.9819 
2070.0 1879.0 54.29680000000002 221 247 167 0.0485296 0.116245 0.992034 
2100.0 1872.0 48.30360000000002 220 248 168 0.579101 0.0909809 0.810163 
2000.0 1889.0 43.036 218 248 169 -0.178252 -0.464045 0.867691 
2040.0 1881.0 52.276400000000024 220 248 168 -0.0473261 -0.219642 0.974432 
2010.0 1913.0 37.270399999999995 203 248 176 0.00538737 0.104515 0.994509 
2090.0 1854.0 36.64000000000004 204 248 176 -0.0415341 -0.0500539 0.997883 
2090.0 1885.0 37.40320000000003 204 248 176 0.0969744 0.182901 0.978337 
2030.0 1895.0 53.698800000000006 221 248 168 0.0487216 0.121237 0.991427 
2090.0 1884.0 37.9708 204 248 175 0.112045 0.171146 0.978854 
2090.0 1878.0 51.072 220 248 168 0.0850463 0.304858 0.948593 
2100.0 1866.0 52.05799999999999 222 247 167 0.51447 0.234967 0.824688 
2050.0 1876.0 52.27719999999999 220 248 168 -0.0721517 -0.154949 0.985284 
2090.0 1867.0 53.60480000000001 221 248 168 -0.0258631 -0.133813 0.990669 
2040.0 1885.0 53.765600000000006 221 248 168 -0.0447087 -0.138712 0.989323 
2080.0 1865.0 50.99920000000003 220 248 169 -0.0827494 -0.208726 0.974467 
2060.0 1892.0 48.062400000000025 219 248 169 0.134164 0.474624 0.869903 
2070.0 1894.0 38.831200000000024 204 248 176 0.0777685 0.269002 0.959995 
2110.0 1870.0 42.33160000000004 204 248 175 -0.209813 0.403487 0.890605 
2000.0 1899.0 49.351200000000006 221 247 167 -0.53387 0.21263 0.818396 
2040.0 1885.0 54.219600000000014 221 247 167 -0.0459918 -0.111053 0.99275 
2020.0 1910.0 36.95240000000001 203 248 176 0.0425419 0.0796297 0.995916 
2000.0 1908.0 38.77719999999999 203 248 176 -0.228746 0.248155 0.941326 
2090.0 1864.0 53.1816 220 248 168 -0.0588607 -0.135033 0.989091 
2050.0 1872.0 41.85400000000004 216 248 170 -0.123198 -0.437565 0.890707 
2100.0 1883.0 37.47360000000003 204 248 175 0.0706209 0.171166 0.982708 
2110.0 1859.0 36.9144 204 248 176 0.0747617 0.00737088 0.997174 
2080.0 1884.0 47.967600000000004 219 248 169 0.057073 0.513657 0.856095 
2090.0 1862.0 49.674800000000005 219 248 169 -0.153012 -0.369195 0.916669 
2030.0 1888.0 54.983600000000024 222 247 167 -0.00518359 -0.0570195 0.99836 
2100.0 1870.0 55.44319999999999 222 247 167 0.0160548 0.0824147 0.996469 
2080.0 1886.0 40.77760000000001 204 248 176 0.478377 0.341698 0.808949 
2080.0 1883.0 51.36160000000001 220 248 169 0.122665 0.23371 0.964538 
2050.0 1897.0 40.67560000000003 204 248 176 0.133455 0.673271 0.727252 
2020.0 1900.0 51.712800000000016 220 248 169 0.0496561 0.216791 0.974954 
2100.0 1878.0 41.6148 204 248 175 0.176807 0.355029 0.917983 
2010.0 1898.0 54.891200000000026 222 247 167 0.0190912 0.00904321 0.999777 
2090.0 1878.0 47.74400000000003 218 248 169 0.0797145 0.474092 0.87686 
2090.0 1852.0 36.916 203 248 176 -0.0560886 -0.03069 0.997954 
2000.0 1904.0 43.10480000000001 221 248 168 -0.382761 0.519578 0.763893 
2000.0 1886.0 37.55160000000001 204 248 176 -0.0790769 -0.186135 0.979337 
2030.0 1891.0 54.71160000000003 222 247 167 0.0192431 0.0192431 0.99963 
2050.0 1891.0 52.924800000000005 220 248 168 0.0554164 0.166249 0.984525 
2080.0 1892.0 37.42160000000001 204 248 175 0.0680192 0.121051 0.990313 
2010.0 1897.0 55.825199999999995 222 247 167 0.0 0.0 0.0 
2050.0 1884.0 55.26080000000002 222 247 167 0.022045 0.0535378 0.998322 
2060.0 1872.0 52.379999999999995 220 248 168 -0.0577668 -0.166227 0.984394 
2100.0 1880.0 40.7928 204 248 175 0.121166 0.391353 0.912229 
2040.0 1891.0 53.801199999999994 221 248 168 0.019357 0.158272 0.987206 
2050.0 1890.0 53.52520000000004 221 248 168 0.106663 0.170415 0.979582 
2010.0 1905.0 44.91759999999999 204 248 176 -0.219387 0.252502 0.942397 
2110.0 1866.0 36.8784 203 248 176 0.0190532 -0.00701962 0.999794 
2070.0 1865.0 43.22720000000004 204 248 176 -0.141655 -0.495063 0.857232 
2030.0 1884.0 49.91880000000003 219 248 169 -0.138049 -0.288161 0.947579 
2080.0 1885.0 44.38960000000003 204 248 175 0.0910067 0.570598 0.816172 
2050.0 1883.0 55.30279999999999 222 247 167 0.0132448 0.0295462 0.999476 
2020.0 1904.0 50.3784 219 248 169 0.221638 0.292223 0.930313 
2090.0 1854.0 36.99040000000002 204 248 176 -0.0540176 -0.0782704 0.995468 
2040.0 1900.0 41.658000000000015 204 248 175 0.129231 0.506761 0.852345 
2040.0 1887.0 54.72640000000001 221 247 167 -0.00106063 -0.0901532 0.995927 
2090.0 1867.0 53.87520000000001 221 248 168 -0.047656 -0.154592 0.986828 
2050.0 1884.0 55.29320000000001 222 247 167 -0.0195136 -0.031838 0.999303 
2100.0 1850.0 36.52359999999999 203 248 176 0.00947957 -0.0705702 0.997462 
2050.0 1899.0 37.20240000000001 204 248 175 0.00106902 0.0972807 0.995256 
2020.0 1898.0 53.302400000000034 221 248 168 0.0330664 0.147088 0.988571 
2100.0 1878.0 43.42599999999999 204 248 175 0.270183 0.371689 0.888171 
2110.0 1869.0 42.56920000000002 221 248 168 0.338014 -0.331951 0.880656 
2040.0 1879.0 49.38080000000002 219 248 169 -0.0457088 -0.361752 0.931153 
2050.0 1878.0 53.156000000000006 221 248 168 -0.0857296 -0.170252 0.981664 
2020.0 1881.0 42.68000000000001 212 248 171 -0.121485 -0.348074 0.929562 
2030.0 1906.0 36.89480000000003 204 248 176 0.0355654 0.0700531 0.996909 
2060.0 1869.0 45.23000000000002 218 248 169 -0.201177 -0.509748 0.836471 
2080.0 1886.0 44.761600000000044 204 248 176 0.308673 0.554971 0.772482 
2100.0 1857.0 45.288400000000024 219 248 169 0.574599 -0.177383 0.798981 
2000.0 1909.0 37.41880000000003 203 248 176 -0.194644 0.24909 0.948719 
2090.0 1869.0 54.593200000000024 221 248 168 -0.0400274 -0.140668 0.989247 
2100.0 1868.0 46.86360000000002 205 248 175 0.562277 0.462168 0.685744 
2100.0 1866.0 55.238 222 247 167 -0.0319926 -0.104803 0.993978 
2100.0 1856.0 47.17160000000001 219 248 169 0.42419 -0.40178 0.811564 
2090.0 1870.0 55.587199999999996 222 247 167 -0.0331372 -0.0652054 0.997321 
2020.0 1878.0 36.96520000000004 203 248 176 -0.072691 -0.0794009 0.994189 
2020.0 1882.0 40.15719999999999 204 248 176 -0.274119 -0.348205 0.896444 
2030.0 1876.0 38.924800000000005 203 248 176 -0.208359 -0.316083 0.925569 
2070.0 1867.0 44.536400000000015 218 248 169 -0.416439 -0.35358 0.837592 
2000.0 1900.0 46.178800000000024 204 248 175 -0.595111 0.0792521 0.799726 
2050.0 1895.0 47.93639999999999 218 248 169 0.122031 0.408172 0.904712 
2030.0 1901.0 49.304400000000044 219 248 169 0.204651 0.381725 0.901335 
2100.0 1869.0 43.964800000000025 221 247 167 0.349887 -0.0374417 0.936044 
2030.0 1898.0 52.98240000000004 220 248 168 0.0405718 0.15881 0.986475 
2050.0 1890.0 53.9708 221 248 168 0.0328228 0.134687 0.990344 
2050.0 1899.0 38.221600000000024 204 248 175 0.23431 0.242628 0.941398 
2070.0 1887.0 47.550400000000025 217 248 170 0.150991 0.429966 0.89013 
2010.0 1888.0 49.32159999999999 218 248 169 -0.126359 -0.376301 0.91784 
2010.0 1901.0 50.1952 222 247 167 -0.325463 0.301684 0.896137 
2090.0 1860.0 49.837199999999996 219 248 169 -0.182253 -0.383161 0.905523 
2100.0 1878.0 48.4588 219 248 169 0.121993 0.480797 0.868304 
2050.0 1877.0 50.834 219 248 169 -0.0723423 -0.267793 0.960757 
2060.0 1892.0 42.27280000000002 204 248 176 0.163219 0.423215 0.891206 
2080.0 1876.0 55.17959999999999 222 247 167 -0.00317634 0.0857611 0.996311 
2050.0 1884.0 55.15039999999999 222 247 167 -0.0219119 -0.0490409 0.998556 
2060.0 1877.0 53.815200000000004 221 248 168 -0.0518047 -0.139297 0.988895 
2000.0 1910.0 37.27719999999999 203 248 176 -0.119696 0.105474 0.987192 
2010.0 1906.0 46.33359999999999 204 248 176 -0.436821 0.0307244 0.899023 
2020.0 1899.0 53.584 221 248 168 0.0284999 0.149339 0.988375 
2010.0 1901.0 54.11959999999999 221 248 168 -0.00109171 0.123363 0.992361 
2090.0 1856.0 36.905200000000036 204 248 176 -0.037138 -0.124919 0.991472 
2100.0 1882.0 37.587199999999996 204 248 175 0.0828782 0.124901 0.988702 
2030.0 1894.0 54.916 222 247 167 0.0269289 0.0807866 0.996368 
2010.0 1894.0 54.01320000000004 221 248 168 -0.0481578 -0.104155 0.993394 
2040.0 1901.0 40.23920000000004 204 248 176 0.284745 0.326056 0.901448 
2030.0 1888.0 53.93040000000002 221 248 168 -0.0395506 -0.127692 0.991025 
2020.0 1891.0 54.2672 221 248 168 -0.0322523 -0.112327 0.993148 
2090.0 1857.0 39.9708 204 248 176 -0.185371 -0.418909 0.888905 
2000.0 1909.0 38.68080000000003 204 248 176 -0.16025 0.239713 0.957527 
2070.0 1895.0 37.63960000000003 204 248 176 0.0166574 0.127707 0.991672 
2100.0 1875.0 52.3956 220 248 168 0.0606494 0.238884 0.969152 
2060.0 1866.0 39.86680000000001 203 248 176 -0.244465 -0.352791 0.903203 
2110.0 1870.0 41.814400000000035 204 248 175 0.448696 -0.0226345 0.893398 
2000.0 1900.0 36.90280000000001 204 248 176 -0.0818465 0.189346 0.978493 
2080.0 1880.0 52.89920000000001 220 248 168 0.0596954 0.150994 0.986731 
2040.0 1893.0 53.33760000000001 221 248 168 0.0956855 0.161091 0.98229 
2080.0 1880.0 51.544399999999996 220 248 168 0.121106 0.291454 0.948888 
2080.0 1863.0 50.19760000000002 219 248 169 -0.103308 -0.28377 0.953311 
2040.0 1898.0 44.800400000000025 217 248 170 0.285644 0.491682 0.822591 
2090.0 1858.0 39.82800000000003 204 248 176 -0.166152 -0.379168 0.910288 
2090.0 1870.0 55.091200000000015 222 247 167 -0.0207393 -0.103696 0.994393 
2100.0 1866.0 54.753600000000006 221 247 167 -0.0122092 -0.132081 0.991164 
2090.0 1861.0 47.70519999999999 218 248 169 -0.119386 -0.493365 0.86159 
2040.0 1902.0 37.55080000000004 204 248 176 0.022133 0.187548 0.982006 
2090.0 1875.0 53.85160000000002 221 248 168 0.0420771 0.13078 0.990518 
2040.0 1898.0 47.16560000000004 218 248 169 0.154402 0.440118 0.884565 
2110.0 1865.0 39.84000000000003 204 248 176 0.555272 0.0375748 0.83082 
2080.0 1881.0 52.664800000000014 221 248 168 0.0773966 0.155984 0.984723 
2100.0 1869.0 43.90440000000001 205 248 175 0.315228 -0.128526 0.940272 
2080.0 1877.0 54.843999999999994 222 247 167 0.00721527 0.0484454 0.9988 
2040.0 1900.0 44.05920000000003 218 248 169 0.237538 0.376224 0.895562 
2010.0 1916.0 36.59640000000002 204 248 176 -0.00101451 0.037537 0.999295 
2080.0 1878.0 53.714 221 248 168 0.097353 0.188545 0.977227 
2000.0 1903.0 49.081999999999994 221 247 167 0.222905 0.185531 0.957022 
2100.0 1872.0 42.660799999999995 205 248 175 0.120337 -0.203939 0.97156 
2030.0 1878.0 37.727599999999995 204 248 176 -0.0998395 -0.186121 0.977441 
2060.0 1893.0 46.23320000000001 218 248 169 0.235464 0.430435 0.871368 
2020.0 1889.0 52.700800000000015 220 248 168 -0.0553095 -0.163575 0.984979 
2000.0 1901.0 36.674000000000035 204 248 176 -0.122429 -0.0370656 0.991785 
2060.0 1885.0 54.55720000000002 221 248 168 0.0619934 0.100317 0.993022 
2090.0 1855.0 37.79320000000001 204 248 176 -0.0929144 -0.201934 0.974982 
2080.0 1880.0 53.25400000000002 221 248 168 0.0577668 0.166227 0.984394 
2070.0 1873.0 53.038400000000024 221 248 168 -0.0658171 -0.12817 0.989566 
2000.0 1906.0 42.47200000000004 218 248 169 -0.121978 0.266254 0.956154 
2090.0 1859.0 41.69120000000004 204 248 176 -0.0836138 -0.517272 0.851727 
2070.0 1884.0 52.12119999999999 220 248 169 0.050942 0.181259 0.982115 
2020.0 1876.0 36.77840000000003 203 248 176 0.0315608 -0.0859759 0.995797 
2040.0 1873.0 37.52760000000001 204 248 176 -0.0284454 -0.146778 0.98876 
2100.0 1859.0 50.04920000000004 220 248 169 0.233866 -0.0502016 0.970972 
2030.0 1896.0 53.07400000000001 221 248 168 0.0847526 0.1516 0.984802 
2030.0 1876.0 37.12520000000001 204 248 176 -0.0500899 -0.154929 0.986655 
2040.0 1883.0 52.192800000000034 220 248 168 -0.0770651 -0.196944 0.977381 
2090.0 1882.0 39.771600000000035 204 248 175 0.138899 0.224576 0.964507 
2110.0 1880.0 37.38920000000002 204 248 176 0.0450949 0.0846903 0.995386 
2100.0 1851.0 36.803200000000004 203 248 176 -0.00107107 -0.0996097 0.995026 
2100.0 1861.0 52.2244 220 248 169 -0.070865 -0.178964 0.9813 
2100.0 1863.0 45.85360000000003 206 248 174 0.636781 -0.226863 0.736914 
2050.0 1874.0 47.2432 218 248 169 -0.146014 -0.40402 0.903021 
2000.0 1896.0 52.934799999999996 221 248 168 -0.133389 0.00551195 0.991048 
2020.0 1892.0 53.51600000000002 221 248 168 -0.0468133 -0.133589 0.989931 
2000.0 1888.0 36.80160000000001 203 248 176 -0.0474551 -0.151625 0.987298 
2080.0 1868.0 53.77080000000001 221 248 168 -0.0703185 -0.168049 0.983267 
2060.0 1876.0 54.14480000000003 221 248 168 -0.0511977 -0.124012 0.990959 
2040.0 1887.0 54.63760000000002 222 247 167 -0.0117678 -0.0887931 0.995981 
2000.0 1900.0 45.607200000000034 205 248 175 -0.455404 0.184225 0.871016 
2080.0 1880.0 51.752800000000036 220 248 169 0.0406405 0.252464 0.966752 
2080.0 1871.0 53.63560000000001 221 248 168 -0.0440873 -0.123218 0.9914 
2010.0 1888.0 46.2244 218 248 169 -0.114063 -0.518339 0.847534 
2090.0 1860.0 44.67320000000001 218 248 169 -0.0999195 -0.566211 0.818182 
2010.0 1905.0 49.42720000000003 219 248 169 0.254971 0.420928 0.870522 
2080.0 1857.0 36.68440000000004 203 248 176 -0.00931402 -0.0507097 0.99867 
2080.0 1872.0 55.08440000000002 221 247 167 -0.0334739 -0.0745064 0.996659 
2050.0 1898.0 37.789199999999994 204 248 176 -0.0291001 0.178093 0.983583 
2100.0 1859.0 50.30560000000003 219 248 169 -0.0985031 -0.354881 0.929708 
2000.0 1889.0 42.496399999999994 218 248 169 0.00916768 -0.430881 0.902362 
2060.0 1865.0 39.02840000000003 204 248 176 -0.0976652 -0.232113 0.967773 
2070.0 1867.0 50.71520000000004 219 248 169 -0.119524 -0.271884 0.954879 
2030.0 1901.0 50.365200000000016 219 248 169 0.0844698 0.292396 0.95256 
2110.0 1876.0 40.49000000000001 219 248 169 0.282939 0.0729751 0.956358 
2080.0 1873.0 54.61439999999999 221 247 167 -0.093427 -0.0980406 0.990787 
2020.0 1908.0 42.47520000000003 203 248 176 0.23788 0.567491 0.788268 
2070.0 1873.0 52.891999999999996 221 248 168 -0.0217558 -0.166031 0.98588 
2080.0 1855.0 36.55959999999999 204 248 176 -0.00102037 -0.0459168 0.998945 
2090.0 1884.0 40.924800000000005 218 248 169 0.00644735 0.393289 0.919393 
2050.0 1885.0 55.18360000000001 222 247 167 -0.0217819 -0.0425267 0.998858 
2090.0 1866.0 54.09160000000003 221 248 168 -0.0464605 -0.12125 0.991534 
2020.0 1900.0 51.91320000000002 220 248 169 0.0170421 0.157923 0.987304 
2020.0 1881.0 43.3236 204 248 176 -0.0172899 -0.450867 0.892424 
2060.0 1888.0 49.80000000000001 219 248 169 0.0895188 0.34605 0.933935 
2100.0 1863.0 44.3904 209 248 173 0.662669 -0.355059 0.659396 
2110.0 1850.0 36.77120000000002 204 248 175 -0.017527 -0.0402089 0.999038 
2010.0 1911.0 39.960000000000036 204 248 176 -0.0489075 0.379363 0.923954 
2010.0 1890.0 49.69440000000003 219 248 169 -0.283182 -0.505347 0.815127 
2000.0 1892.0 40.338400000000036 204 248 176 -0.384912 -0.0769824 0.919737 
2050.0 1872.0 43.40840000000003 218 248 169 -0.137529 -0.473389 0.870051 
2100.0 1862.0 42.521600000000035 205 248 175 0.694338 -0.0153676 0.719485 
2090.0 1859.0 49.06479999999999 218 248 169 -0.174097 -0.44914 0.876335 
2080.0 1859.0 37.526400000000024 204 248 176 -0.0604889 -0.171978 0.983242 
2060.0 1888.0 52.25920000000002 220 248 168 0.100812 0.20038 0.974518 
2110.0 1852.0 37.77520000000004 204 248 176 0.0373961 -0.225583 0.973506 
2050.0 1896.0 42.2552 204 248 176 0.258779 0.566176 0.78261 
2080.0 1855.0 36.49520000000001 203 248 176 0.00304375 -0.0355104 0.999365 
2110.0 1866.0 43.89359999999999 205 248 175 0.656924 0.038144 0.752991 
2090.0 1878.0 50.78200000000004 219 248 169 0.15434 0.340661 0.927432 
2030.0 1893.0 55.14000000000004 222 247 167 0.00100662 0.029192 0.999573 
2090.0 1879.0 48.94400000000002 218 248 169 0.203549 0.493041 0.84586 
2100.0 1877.0 45.98240000000004 218 248 169 0.200491 0.447021 0.871766 
2100.0 1872.0 54.48200000000003 221 248 168 0.0359009 0.165607 0.985538 
2040.0 1893.0 52.44480000000004 220 248 169 0.0573367 0.215928 0.974724 
2060.0 1885.0 53.82280000000003 221 248 168 0.0520247 0.142201 0.98847 
2060.0 1868.0 42.49119999999999 217 248 170 -0.0485328 -0.519994 0.85279 
2040.0 1871.0 37.83240000000001 204 248 176 -0.0866963 -0.232447 0.968737 
2020.0 1885.0 48.382000000000005 218 248 169 -0.151777 -0.443766 0.883196 
2020.0 1879.0 38.803200000000004 203 248 176 -0.138859 -0.257882 0.956146 
2030.0 1886.0 53.5616 221 248 168 -0.0401692 -0.148052 0.988163 
2010.0 1882.0 36.912000000000035 204 248 176 -0.00740077 -0.0771795 0.99699 
2050.0 1870.0 40.39760000000001 204 248 176 -0.0899422 -0.424804 0.900806 
2050.0 1881.0 53.59720000000004 221 248 168 -0.0546682 -0.14772 0.987517 
2040.0 1896.0 45.59840000000003 218 248 169 0.235563 0.515776 0.823702 
2020.0 1891.0 54.158000000000015 221 248 168 -0.0602141 -0.112475 0.991828 
2100.0 1852.0 37.38640000000004 204 248 176 0.0346066 -0.208833 0.977339 
2070.0 1884.0 52.05000000000001 220 248 168 0.0493821 0.208369 0.976803 
2080.0 1856.0 36.9504 204 248 176 0.00560593 -0.155845 0.987766 
2000.0 1900.0 45.41680000000002 221 247 167 -0.281646 0.217189 0.934615 
2060.0 1896.0 40.23400000000004 204 248 175 0.138509 0.257231 0.956372 
2100.0 1853.0 39.734399999999994 204 248 176 0.0039747 -0.47299 0.881059 
2080.0 1885.0 42.89440000000002 218 248 169 0.490725 0.551019 0.674957 
2000.0 1905.0 44.20440000000002 221 248 168 -0.0188941 0.323719 0.945965 
2030.0 1903.0 43.43720000000002 218 248 169 0.27364 0.511315 0.814664 
2070.0 1870.0 50.14640000000003 219 248 169 -0.150269 -0.369352 0.91706 
2100.0 1869.0 42.85200000000003 205 248 175 0.18323 -0.0126763 0.982988 
2110.0 1879.0 37.86439999999999 204 248 175 0.0868752 0.107725 0.990378 
2060.0 1886.0 53.77280000000002 221 248 168 0.0497988 0.14708 0.98787 
2050.0 1868.0 37.3768 203 248 176 -0.0668898 -0.146688 0.986919 
2070.0 1879.0 55.484399999999994 222 247 167 0.00886664 -0.000985182 0.99996 
2100.0 1858.0 50.464 219 248 169 -0.123387 -0.282595 0.951271 
2020.0 1895.0 55.14960000000002 222 247 167 0.0197065 0.044599 0.998811 
2090.0 1872.0 55.55279999999999 222 247 167 0.0207439 0.101536 0.994616 
2010.0 1884.0 40.24600000000004 205 248 175 -0.244421 -0.493454 0.834722 
2000.0 1909.0 37.9692 203 248 176 -0.210565 0.2323 0.949578 
2050.0 1873.0 44.55880000000002 218 248 169 -0.151969 -0.447222 0.881418 
2090.0 1880.0 50.84559999999999 220 248 169 0.084574 0.363802 0.927629 
2100.0 1860.0 52.272400000000005 220 248 168 -0.0360515 -0.168628 0.98502 
2000.0 1902.0 48.158000000000015 222 247 167 -0.598108 -0.151401 0.786984 
2090.0 1876.0 53.91320000000002 221 248 168 0.0450421 0.151295 0.987462 
2090.0 1878.0 52.88720000000001 221 248 168 0.0364621 0.184663 0.982125 
2000.0 1906.0 42.337199999999996 204 248 176 -0.192021 0.348483 0.917435 
2100.0 1880.0 41.086400000000026 204 248 175 0.160867 0.312109 0.936328 
2070.0 1863.0 39.92240000000004 204 248 176 -0.0788458 -0.362156 0.928777 
2060.0 1894.0 39.6388 204 248 176 0.127657 0.225656 0.965807 
2040.0 1872.0 37.3664 204 248 176 -0.066231 -0.133624 0.988817 
2040.0 1888.0 54.94999999999999 222 247 167 -0.0148941 0.000992938 0.999889 
2020.0 1889.0 53.39440000000002 221 248 168 -0.0583239 -0.179733 0.981985 
2090.0 1868.0 54.110000000000014 221 248 168 -0.0585467 -0.185199 0.980955 
2030.0 1875.0 37.8904 204 248 176 -0.0932701 -0.207681 0.97374 
2020.0 1906.0 41.17439999999999 204 248 176 0.227526 0.568041 0.790924 
2100.0 1882.0 39.31479999999999 204 248 175 0.0702554 0.282299 0.956751 
2110.0 1868.0 36.94040000000001 204 248 176 0.0233404 -0.0172516 0.999579 
2100.0 1860.0 51.53960000000001 220 248 169 -0.0671257 -0.267236 0.96129 
2020.0 1884.0 45.37280000000004 218 248 169 -0.231839 -0.511274 0.827557 
2080.0 1884.0 49.67520000000002 219 248 169 0.0865134 0.410595 0.907704 
2040.0 1892.0 53.13280000000003 221 248 168 0.00542877 0.114004 0.993465 
2090.0 1867.0 53.84640000000002 221 248 168 -0.00111248 -0.14796 0.988993 
2110.0 1863.0 43.61959999999999 222 247 167 0.477986 -0.445135 0.757222 
2000.0 1894.0 46.8184 204 248 176 -0.316862 -0.19575 0.928052 
2090.0 1874.0 53.92320000000001 221 248 168 0.0592091 0.142798 0.987979 
2050.0 1869.0 38.04320000000001 204 248 176 -0.0711876 -0.241039 0.967901 
2000.0 1908.0 41.66759999999999 204 248 175 -0.355313 0.19264 0.914682 
2000.0 1896.0 52.6696 221 248 168 -0.220729 0.116106 0.9684 
1990.0 1894.0 37.06600000000003 203 248 176 -0.22278 0.0106086 0.974811 
2070.0 1889.0 41.11279999999999 204 248 176 0.279835 0.314998 0.906901 
2040.0 1900.0 38.28680000000003 204 248 175 0.147826 0.231551 0.961526 
2080.0 1878.0 54.3732 222 247 167 0.0254158 0.111609 0.993427 
2100.0 1855.0 42.39519999999999 204 248 176 -0.228064 -0.457638 0.859392 
2080.0 1875.0 55.05000000000001 221 247 167 0.0621183 0.102777 0.992763 
2050.0 1867.0 36.86959999999999 204 248 176 -0.0314359 -0.0812998 0.996194 
2100.0 1871.0 52.61959999999999 221 247 167 0.433792 0.189692 0.880819 
2030.0 1909.0 36.91880000000003 204 248 176 0.0134292 0.0444195 0.998923 
2030.0 1906.0 37.85239999999999 204 248 176 0.0525783 0.228654 0.972087 
2050.0 1889.0 54.153999999999996 221 248 168 0.0488313 0.12151 0.991388 
2010.0 1911.0 38.96039999999999 204 248 176 -0.00399566 0.488802 0.872386 
2090.0 1853.0 36.48040000000003 203 248 176 -0.0257797 -0.0299044 0.99922 
2050.0 1870.0 40.04200000000003 204 248 176 -0.221656 -0.468947 0.854961 
2050.0 1894.0 48.322400000000016 218 248 169 0.274255 0.581802 0.765696 
2110.0 1865.0 43.4436 205 248 175 0.440558 0.470038 0.764835 
2010.0 1889.0 49.138000000000034 219 248 169 -0.131073 -0.354587 0.92579 
2110.0 1865.0 44.091200000000015 222 247 167 0.593441 0.270609 0.758022 
2060.0 1874.0 52.49920000000003 220 248 168 -0.137829 -0.212541 0.967383 
2090.0 1857.0 43.98000000000002 218 248 169 -0.300799 -0.462887 0.83382 
2000.0 1896.0 40.16520000000003 204 248 176 -0.264192 0.0695241 0.961961 
2050.0 1891.0 52.926800000000014 220 248 168 0.127003 0.184846 0.974527 
2060.0 1869.0 47.24040000000002 218 248 169 -0.0996614 -0.453389 0.885723 
2020.0 1876.0 36.9504 203 248 176 0.0390885 -0.112798 0.992849 
2080.0 1872.0 55.860000000000014 222 247 167 0.0599456 0.0178785 0.998042 
2010.0 1889.0 51.30160000000001 219 248 169 -0.107535 -0.30402 0.946577 
2010.0 1898.0 54.728800000000035 221 247 167 0.00904321 0.0190912 0.999777 
2090.0 1860.0 51.386000000000024 219 248 169 -0.0609052 -0.242378 0.968268 
2020.0 1906.0 40.55880000000002 204 248 176 0.116548 0.493532 0.861883 
2020.0 1895.0 55.257600000000025 222 247 167 -0.0251676 -0.00704694 0.999658 
2040.0 1868.0 36.662800000000004 204 248 176 -0.00924033 -0.0441482 0.998982 
2030.0 1894.0 54.8048 221 247 167 0.0184091 0.0963771 0.995175 
2000.0 1909.0 40.0668 204 248 176 -0.400694 0.130753 0.906834 
2100.0 1849.0 36.41560000000004 203 248 176 0.00102246 -0.0460106 0.99894 
2060.0 1872.0 48.22320000000002 219 248 169 -0.149733 -0.320071 0.935486 
2110.0 1849.0 36.42840000000001 203 248 176 -0.0217819 -0.0425267 0.998858 
2080.0 1886.0 38.16239999999999 204 248 175 0.0592889 0.273738 0.959975 
2010.0 1890.0 48.51679999999999 219 248 169 -0.22542 -0.467481 0.854779 
2070.0 1883.0 52.31600000000003 220 248 169 0.0430507 0.164058 0.985511 
2010.0 1895.0 54.115200000000016 221 248 168 -0.0321183 -0.109645 0.993452 
2090.0 1871.0 55.44760000000002 222 247 167 0.0504575 0.0526046 0.99734 
2100.0 1854.0 40.23520000000002 204 248 176 -0.0884941 -0.470564 0.877917 
2060.0 1881.0 55.37080000000003 222 247 167 -0.0367507 -0.0388507 0.998569 
2110.0 1872.0 40.81920000000002 219 248 169 0.244752 0.0583926 0.967826 
2080.0 1874.0 55.286 222 247 167 0.0163036 0.103256 0.994521 
2030.0 1887.0 53.5564 221 248 168 -0.0605755 -0.120008 0.990923 
2100.0 1874.0 45.24279999999999 205 248 175 0.295569 0.0364745 0.954625 
2040.0 1888.0 54.9588 222 247 167 0.00699183 -0.0169802 0.999831 
2110.0 1875.0 41.63280000000003 205 248 175 0.0251176 0.00301411 0.99968 
2090.0 1858.0 44.66640000000001 218 248 169 -0.26884 -0.501938 0.82206 
2050.0 1885.0 55.245600000000024 222 247 167 0.0133499 0.0379959 0.999189 
2010.0 1896.0 54.40039999999999 221 247 167 -0.0518047 -0.139297 0.988895 
2000.0 1896.0 45.522400000000005 204 248 176 -0.618608 0.0208519 0.785423 
2100.0 1879.0 42.77719999999999 204 248 175 0.0854643 0.604044 0.792355 
2090.0 1883.0 43.06280000000004 204 248 175 0.122304 0.579103 0.806028 
2090.0 1875.0 52.8408 221 248 168 0.0510387 0.183977 0.981605 
2100.0 1866.0 55.424800000000005 222 247 167 0.00811541 -0.200567 0.979646 
2100.0 1865.0 45.029600000000016 205 248 175 0.525924 0.364101 0.768658 
2090.0 1851.0 36.75200000000001 203 248 176 -0.0363819 -0.0280661 0.998944 
2070.0 1874.0 53.551199999999994 221 248 168 -0.0525341 -0.155268 0.986475 
2000.0 1901.0 46.07120000000003 222 247 167 -0.24454 -0.418568 0.874643 
2070.0 1874.0 54.57120000000003 221 247 167 0.00533583 -0.0928435 0.995666 
2040.0 1895.0 52.302400000000034 220 248 168 0.0632669 0.239422 0.968852 
2070.0 1877.0 55.07760000000002 222 247 167 -0.0203381 -0.0802818 0.996565 
2000.0 1907.0 40.49600000000004 220 248 169 -0.217287 0.236419 0.947044 
2070.0 1868.0 51.24200000000002 219 248 169 -0.0481585 -0.250671 0.966874 
2080.0 1869.0 53.72320000000002 221 248 168 -0.066758 -0.144057 0.987315 
2050.0 1896.0 43.80560000000003 204 248 175 0.18599 0.647124 0.73935 
2020.0 1910.0 38.17160000000001 204 248 176 0.110309 0.216815 0.96996 
2050.0 1890.0 52.952800000000025 221 248 168 0.0735693 0.182114 0.980521 
2090.0 1853.0 36.5564 204 248 176 -0.0281223 -0.0385379 0.998861 
2080.0 1862.0 49.1044 218 248 169 -0.0385708 -0.416299 0.908409 
2080.0 1871.0 54.6404 221 248 168 -0.0645274 -0.100753 0.992817 
2000.0 1901.0 45.641999999999996 203 248 176 -0.516828 -0.313277 0.79671 
2060.0 1891.0 42.35000000000002 218 248 169 0.122701 0.421696 0.898397 
2090.0 1876.0 53.19480000000004 220 248 168 0.0699086 0.15996 0.984645 
2100.0 1865.0 54.6148 222 247 167 0.0450577 -0.149037 0.987804 
2080.0 1886.0 42.28520000000003 218 248 169 0.305685 0.511587 0.803017 
2030.0 1900.0 50.84880000000004 219 248 169 0.0734759 0.295193 0.952608 
2030.0 1905.0 39.162800000000004 204 248 175 0.093399 0.439114 0.893563 
2010.0 1888.0 49.0412 218 248 169 -0.0594496 -0.365946 0.928735 
2050.0 1871.0 41.56639999999999 204 248 176 -0.205067 -0.471505 0.857689 
2040.0 1879.0 50.87800000000004 220 248 169 -0.0944934 -0.275714 0.956584 
2080.0 1887.0 40.31479999999999 204 248 175 0.0630621 0.302441 0.95108 
2090.0 1883.0 43.512 218 248 169 0.0481189 0.485314 0.873015 
2020.0 1895.0 54.884000000000015 222 247 167 -0.0299044 -0.0257797 0.99922 
2010.0 1897.0 54.81800000000004 222 247 167 -0.0236225 -0.0277308 0.999336 
2100.0 1863.0 53.6696 221 248 168 0.0754044 -0.0821571 0.993763 
2010.0 1906.0 44.13560000000001 204 248 176 -0.342838 0.0893779 0.935133 
2070.0 1891.0 38.19640000000004 204 248 175 0.125488 0.167732 0.977813 
2090.0 1864.0 50.946000000000026 219 248 169 -0.0544608 -0.287502 0.95623 
2090.0 1873.0 55.303200000000004 222 247 167 0.0380265 0.0771395 0.996295 
2000.0 1893.0 45.5052 203 248 176 -0.292567 -0.0983968 0.951169 
2060.0 1877.0 53.983600000000024 221 248 168 -0.0498784 -0.151955 0.987128 
2020.0 1894.0 55.1764 222 247 167 -0.0133751 -0.0421831 0.99902 
2060.0 1887.0 51.188800000000015 220 248 169 0.076097 0.29278 0.953147 
2110.0 1869.0 39.65320000000003 204 248 175 0.328237 -0.171801 0.928841 
2100.0 1875.0 52.0856 220 248 168 0.148525 0.205353 0.967352 
2100.0 1861.0 52.11439999999999 220 248 168 -0.0642114 -0.199903 0.977709 
2010.0 1902.0 45.86040000000003 204 248 176 0.158026 0.397201 0.904024 
2010.0 1889.0 44.8716 204 248 175 -0.295403 -0.443877 0.845996 
2010.0 1907.0 47.05920000000003 218 248 169 0.220558 0.566049 0.794319 
2070.0 1884.0 51.5188 220 248 169 0.0646948 0.211174 0.975305 
2060.0 1882.0 55.15280000000001 221 247 167 -0.0220424 0.0556309 0.998208 
2010.0 1887.0 45.19960000000003 218 248 169 -0.0407759 -0.594766 0.802864 
2100.0 1873.0 44.76400000000001 220 248 168 0.352792 -0.16726 0.920631 
2040.0 1901.0 41.7928 204 248 176 0.276063 0.419432 0.864793 
2010.0 1891.0 49.728800000000035 219 248 169 -0.240908 -0.492557 0.836272 
2110.0 1869.0 37.36360000000002 204 248 176 0.186932 -0.121694 0.974806 
2010.0 1904.0 51.85160000000002 220 248 169 0.0340977 0.186949 0.981778 
2010.0 1887.0 44.955600000000004 218 248 169 -0.132261 -0.595917 0.792079 
2030.0 1891.0 55.11840000000001 222 247 167 0.0174578 -0.0359425 0.999201 
2110.0 1851.0 37.063199999999995 204 248 176 0.0119512 -0.107561 0.994127 
2090.0 1869.0 55.557600000000036 222 247 167 -0.0129597 0.00697831 0.999892 
2080.0 1885.0 43.19480000000004 204 248 176 0.262647 0.50509 0.822132 
2000.0 1898.0 40.6148 204 248 176 -0.441196 0.0253254 0.897054 
2030.0 1882.0 47.99680000000001 218 248 169 -0.208172 -0.318631 0.924737 
2030.0 1908.0 37.1112 204 248 176 0.0204216 0.0827613 0.99636 
2020.0 1901.0 51.550400000000025 219 248 169 0.0586021 0.250617 0.966311 
2100.0 1862.0 52.22560000000004 221 248 168 0.305652 -0.17288 0.936317 
2000.0 1887.0 38.83600000000001 204 248 176 -0.170226 -0.250647 0.952995 
2030.0 1889.0 54.43520000000001 221 247 167 -0.0265587 -0.0648032 0.997545 
2000.0 1890.0 43.29320000000001 218 248 169 -0.080567 -0.334155 0.939068 
2050.0 1901.0 37.05400000000003 204 248 176 0.0545334 0.041702 0.997641 
2050.0 1891.0 51.948800000000006 220 248 168 0.0386655 0.179267 0.98304 
2080.0 1875.0 54.71840000000003 221 248 168 0.0281731 0.134104 0.990567 
2040.0 1898.0 44.82320000000004 218 248 169 0.136592 0.527274 0.838645 
2100.0 1861.0 51.93560000000002 220 248 169 0.0318967 -0.19965 0.979348 
2050.0 1880.0 54.60480000000001 221 247 167 -0.0412473 -0.108135 0.99328 
2020.0 1895.0 54.71160000000003 221 247 167 0.0386287 0.0982274 0.994414 
2080.0 1856.0 36.774 204 248 176 0.011954 -0.105413 0.994357 
2070.0 1886.0 49.75800000000004 219 248 169 0.0728992 0.348591 0.934436 
2110.0 1876.0 37.80200000000002 204 248 175 0.128771 -0.00770423 0.991644 
2050.0 1880.0 53.19640000000004 221 248 168 -0.0196859 -0.181805 0.983137 
2040.0 1882.0 52.47840000000002 220 248 168 -0.0857296 -0.170252 0.981664 
2100.0 1855.0 43.65360000000004 218 248 169 0.269528 -0.503223 0.821049 
2000.0 1905.0 38.5548 203 248 176 -0.0619549 0.357229 0.93196 
2030.0 1894.0 54.07320000000004 221 248 168 0.0292068 0.0811299 0.996276 
2010.0 1913.0 37.676800000000014 204 248 176 -0.00555544 0.141108 0.989979 
2050.0 1899.0 37.584 204 248 176 0.0334844 0.274076 0.961125 
2080.0 1869.0 54.243600000000015 221 248 168 -0.0659268 -0.178602 0.98171 
2050.0 1887.0 53.59360000000004 221 248 168 0.039872 0.135565 0.989966 
2110.0 1872.0 41.22360000000003 205 248 175 0.134431 0.0963623 0.986226 
2090.0 1873.0 54.405200000000036 221 248 168 0.0567832 0.14022 0.988491 
2050.0 1886.0 55.04920000000004 221 247 167 0.00748744 0.090919 0.99583 
2020.0 1889.0 51.89519999999999 220 248 168 -0.0807069 -0.219771 0.972207 
2030.0 1884.0 52.4812 220 248 168 -0.0385198 -0.173923 0.984006 
2110.0 1861.0 36.796400000000006 204 248 176 0.0252184 -0.00706115 0.999657 
2080.0 1886.0 45.50920000000002 218 248 169 0.351462 0.505528 0.787982 
2070.0 1890.0 44.94960000000003 218 248 169 0.166308 0.475377 0.86392 
2040.0 1903.0 37.728800000000035 204 248 175 0.102789 0.151161 0.98315 
2070.0 1869.0 51.37479999999999 219 248 169 -0.0609544 -0.182863 0.981247 
2030.0 1897.0 51.16560000000004 220 248 168 0.101943 0.305829 0.946613 
2020.0 1882.0 44.8904 211 248 172 -0.207182 -0.497538 0.842337 
2050.0 1886.0 55.20640000000003 222 247 167 0.00920415 0.0398847 0.999162 
2020.0 1897.0 54.31120000000004 221 248 168 0.0624149 0.156626 0.985684 
2070.0 1867.0 49.05360000000002 219 248 169 -0.114579 -0.37963 0.918015 
2050.0 1898.0 37.87600000000003 204 248 176 0.0477584 0.233894 0.971088 
2020.0 1905.0 44.98840000000001 218 248 169 0.157322 0.495492 0.854246 
2110.0 1876.0 37.06639999999999 204 248 176 0.027289 -0.00909634 0.999586 
2080.0 1879.0 51.94 220 248 168 0.0505029 0.240197 0.96941 
2010.0 1909.0 43.86560000000003 218 248 169 -0.418676 0.162579 0.893464 
2020.0 1885.0 49.94920000000002 219 248 169 -0.061341 -0.332808 0.940997 
2070.0 1875.0 54.877200000000016 221 247 167 0.00102246 -0.0460106 0.99894 
2090.0 1864.0 52.04160000000002 220 248 168 -0.0377326 -0.239784 0.970093 
2010.0 1897.0 54.576400000000035 221 247 167 -0.0810475 -0.0970287 0.991976 
2110.0 1878.0 37.71120000000002 204 248 175 0.0982355 0.0364244 0.994496 
2020.0 1898.0 53.47280000000001 221 248 168 0.0541178 0.137022 0.989089 
2060.0 1870.0 45.42760000000004 217 248 170 -0.232674 -0.36145 0.902893 
2070.0 1881.0 54.56800000000004 221 247 167 0.064255 0.146034 0.987191 
2050.0 1880.0 54.31120000000004 221 248 168 -0.0469049 -0.136139 0.989579 
2110.0 1852.0 37.11600000000004 204 248 175 0.064918 -0.064918 0.995777 
2100.0 1859.0 46.69640000000004 220 248 168 0.485261 -0.0396411 0.87347 
2030.0 1904.0 42.0736 218 248 169 0.116742 0.505882 0.854666 
2090.0 1871.0 55.24440000000004 222 247 167 0.0115423 0.0640072 0.997883 
2110.0 1862.0 40.53000000000003 205 248 175 0.411829 -0.230446 0.881641 
2060.0 1893.0 39.39000000000004 204 248 176 0.0803086 0.327817 0.941322 
2050.0 1869.0 38.87600000000003 204 248 176 -0.174374 -0.322243 0.930459 
2030.0 1879.0 38.86040000000003 204 248 176 -0.131846 -0.421056 0.897401 
2030.0 1901.0 49.82480000000004 218 248 169 0.0929177 0.425757 0.900054 
2050.0 1883.0 54.58520000000004 221 247 167 -0.049121 -0.129085 0.990416 
2060.0 1878.0 55.03480000000002 222 247 167 -0.0162439 -0.0963807 0.995212 
2110.0 1861.0 37.572400000000016 204 248 176 0.271688 0.0036225 0.962379 
2010.0 1906.0 49.76480000000004 219 248 169 -0.181309 0.102372 0.978083 
2020.0 1882.0 43.536 204 248 176 -0.234101 -0.454609 0.859376 
2080.0 1890.0 38.10239999999999 204 248 175 0.065292 0.165011 0.984128 
2070.0 1879.0 54.345200000000034 221 247 167 0.0370656 0.122429 0.991785 
2090.0 1866.0 53.052400000000034 220 248 168 -0.0564485 -0.132481 0.989577 
2030.0 1887.0 54.554400000000044 221 247 167 -0.0487216 -0.121237 0.991427 
2030.0 1888.0 54.89480000000003 221 247 167 -0.00708852 -0.031392 0.999482 
2100.0 1855.0 41.314400000000035 204 248 176 -0.146282 -0.459124 0.876246 
2100.0 1852.0 37.036 204 248 176 -0.0794964 -0.196906 0.977194 
2090.0 1868.0 54.38720000000001 221 248 168 -0.0379371 -0.152898 0.987514 
2070.0 1881.0 54.99440000000004 221 247 167 0.0518212 0.137038 0.989209 
2090.0 1857.0 37.82280000000003 204 248 176 -0.0668675 -0.334337 0.940078 
2010.0 1886.0 45.67040000000003 204 248 175 -0.132547 -0.434696 0.89077 
2060.0 1893.0 43.49000000000001 204 248 176 0.261616 0.418889 0.869534 
2090.0 1868.0 54.4452 221 248 168 -0.0403242 -0.153232 0.987367 
2070.0 1867.0 48.40719999999999 218 248 169 -0.194951 -0.34579 0.917836 
2100.0 1872.0 54.49279999999999 221 247 167 0.0688166 0.1388 0.987927 
2050.0 1887.0 54.85680000000002 222 247 167 0.0390117 0.110347 0.993127 
2100.0 1877.0 41.96039999999999 204 248 175 0.148076 0.302944 0.941434 
2060.0 1876.0 52.58879999999999 220 248 168 -0.0317345 -0.189232 0.98142 
2070.0 1874.0 53.41120000000001 221 248 168 -0.0313205 -0.170523 0.984856 
2010.0 1914.0 36.78880000000004 204 248 176 0.0032132 0.0996093 0.995021 
2090.0 1875.0 54.49799999999999 221 248 168 0.0415735 0.117979 0.992145 
2110.0 1862.0 37.27800000000002 204 248 175 0.0970741 -0.00106675 0.995277 
2010.0 1905.0 45.35759999999999 220 248 168 -0.362133 0.252754 0.897204 
2100.0 1864.0 52.98079999999999 222 247 167 0.273314 -0.0808392 0.958522 
2020.0 1907.0 38.89359999999999 204 248 176 0.125478 0.421549 0.898082 
2100.0 1868.0 55.63920000000002 222 247 167 -0.00688282 -0.00098326 0.999976 
2090.0 1854.0 36.4504 203 248 176 -0.0213959 -0.0234337 0.999496 
2110.0 1875.0 41.68040000000002 218 248 169 0.142289 -0.0352878 0.989196 
2020.0 1908.0 37.08960000000002 204 248 175 0.0161492 0.089359 0.995869 
2010.0 1884.0 37.855999999999995 203 248 176 -0.0568447 -0.371474 0.926702 
2110.0 1880.0 37.920000000000016 204 248 176 0.0488549 0.189462 0.980672 
2090.0 1871.0 55.127200000000016 222 247 167 0.0295549 0.0952326 0.995016 
2080.0 1876.0 54.7792 221 247 167 0.0657051 0.123341 0.990187 
2010.0 1898.0 54.98480000000001 222 247 167 -0.0297832 0.0236211 0.999277 
2060.0 1863.0 37.55959999999999 203 248 176 -0.0500717 -0.157202 0.986296 
2020.0 1889.0 54.01800000000003 221 248 168 -0.0513134 -0.124292 0.990918 
2010.0 1904.0 47.82600000000002 220 248 168 -0.38985 0.0855767 0.916894 
2090.0 1862.0 48.76800000000003 218 248 169 -0.0989158 -0.433279 0.895815 
2000.0 1903.0 48.86840000000001 218 248 169 -0.477014 0.367799 0.798236 
2080.0 1876.0 55.08440000000002 221 247 167 0.0297299 0.102403 0.994299 
2000.0 1902.0 41.12479999999999 204 248 176 -0.514473 0.00945226 0.857455 
2050.0 1871.0 40.61600000000004 204 248 176 -0.134264 -0.414098 0.900275 
2050.0 1882.0 54.37040000000002 221 247 167 -0.0592286 -0.140523 0.988304 
2040.0 1895.0 52.07760000000002 220 248 168 0.074983 0.210198 0.974779 
2020.0 1908.0 37.59720000000004 204 248 176 0.0786878 0.135061 0.987708 
2020.0 1905.0 42.24720000000002 218 248 169 0.192597 0.547461 0.814367 
2050.0 1878.0 51.32320000000004 220 248 169 -0.0565772 -0.267799 0.961812 
2090.0 1864.0 52.664800000000014 220 248 168 -0.133898 -0.232697 0.963288 
2000.0 1900.0 41.24880000000002 203 248 176 -0.517288 0.259421 0.815545 
2000.0 1891.0 39.03320000000002 204 248 176 -0.212917 -0.143235 0.966514 
2060.0 1895.0 42.01519999999999 204 248 175 0.176414 0.345771 0.921586 
2110.0 1870.0 43.4212 221 248 168 0.654301 -0.230653 0.720201 
2060.0 1893.0 40.60200000000003 204 248 176 0.187412 0.328323 0.925787 
2000.0 1911.0 36.644000000000005 204 248 176 -0.0536476 0.024194 0.998267 
2090.0 1852.0 36.643200000000036 204 248 176 -0.0284583 -0.0537546 0.998149 
2110.0 1872.0 37.07600000000002 204 248 175 0.0506051 -0.00929481 0.998676 
2010.0 1904.0 50.92439999999999 220 248 169 0.139019 0.300984 0.943442 
2040.0 1890.0 54.76120000000003 222 247 167 0.0371186 0.051966 0.997959 
2090.0 1877.0 53.12360000000001 221 248 168 0.0360373 0.170886 0.984631 
2040.0 1892.0 52.6096 221 248 168 0.0771742 0.202123 0.976315 
2110.0 1853.0 37.0172 204 248 176 0.048943 -0.0177028 0.998645 
2040.0 1890.0 54.93639999999999 222 247 167 0.00503332 0.0271799 0.999618 
2080.0 1887.0 37.36560000000003 204 248 175 0.0205824 0.0920792 0.995539 
2110.0 1872.0 40.99520000000001 205 248 175 0.18128 0.0485784 0.982231 
2070.0 1877.0 55.31600000000003 222 247 167 0.0338216 -0.0174233 0.999276 
2080.0 1884.0 48.71520000000004 219 248 169 0.205802 0.38971 0.897648 
2040.0 1891.0 53.97120000000001 221 248 168 0.039705 0.132728 0.990357 
2040.0 1891.0 54.56920000000002 221 247 167 0.0826783 0.159365 0.983751 
2100.0 1850.0 36.58760000000001 203 248 176 0.0387052 -0.100633 0.99417 
2020.0 1889.0 53.76320000000004 221 248 168 -0.0634982 -0.13046 0.989418 
2030.0 1876.0 38.95320000000004 203 248 176 -0.0644028 -0.268977 0.960991 
2080.0 1884.0 48.74040000000002 219 248 169 0.44287 0.320807 0.837227 
2030.0 1899.0 52.63839999999999 220 248 168 0.0408054 0.166719 0.98516 
2040.0 1891.0 54.80400000000003 221 247 167 0.00103033 0.0566683 0.998393 
2110.0 1872.0 42.05080000000004 205 248 175 0.112357 -0.109992 0.987561 
2040.0 1876.0 45.11760000000004 205 248 175 -0.263706 -0.43443 0.861237 
2010.0 1912.0 37.72800000000001 204 248 176 -0.128336 0.271226 0.953922 
2110.0 1864.0 37.58320000000003 204 248 176 0.122955 -0.0417369 0.991534 
2060.0 1882.0 55.35400000000004 222 247 167 -0.017527 0.0402089 0.999038 
2070.0 1866.0 46.98480000000001 218 248 169 -0.0399437 -0.516514 0.855347 
2010.0 1881.0 36.595200000000034 204 248 176 0.00505337 -0.0293096 0.999558 
2060.0 1883.0 54.338400000000036 221 247 167 0.0594619 0.14574 0.987534 
2110.0 1864.0 42.89960000000002 205 248 175 0.573207 -0.0348666 0.818668 
2000.0 1888.0 39.98079999999999 204 248 176 -0.0875416 -0.440487 0.893481 
2050.0 1872.0 41.613200000000006 217 248 170 -0.115376 -0.46293 0.878854 
2060.0 1875.0 53.119200000000035 221 248 168 -0.064255 -0.146034 0.987191 
2080.0 1885.0 44.98000000000002 218 248 169 0.239221 0.586325 0.773949 
2110.0 1870.0 37.420000000000016 204 248 175 0.146007 -0.107394 0.983437 
2020.0 1894.0 55.233600000000024 222 247 167 0.00700557 -0.0190151 0.999795 
2040.0 1888.0 55.217600000000004 222 247 167 -0.0272348 -0.00504347 0.999616 
2010.0 1907.0 45.8544 219 248 169 -0.445595 0.0119002 0.895156 
2100.0 1859.0 51.29480000000001 220 248 169 0.0939873 -0.174548 0.980153 
2070.0 1874.0 53.5668 221 248 168 -0.0379371 -0.152898 0.987514 
2050.0 1877.0 50.8732 220 248 169 -0.0211059 -0.296724 0.95473 
2020.0 1912.0 36.999600000000044 204 248 176 0.0838656 0.0999494 0.991452 
2110.0 1878.0 37.05200000000002 204 248 175 0.0189398 0.00099683 0.99982 
2010.0 1883.0 36.9708 204 248 176 -0.0203015 -0.0758636 0.996911 
2020.0 1885.0 50.53200000000004 219 248 169 -0.0916656 -0.330793 0.939241 
2100.0 1883.0 38.49799999999999 204 248 175 0.0646948 0.211174 0.975305 
2090.0 1871.0 55.72560000000004 222 247 167 0.000979431 -0.000979431 0.999999 
2010.0 1910.0 44.294399999999996 218 248 169 -0.0344238 0.521865 0.852333 
2010.0 1914.0 37.15960000000001 204 248 176 -0.0243709 0.182201 0.982959 
2100.0 1860.0 51.69040000000001 219 248 169 -0.106982 -0.294532 0.949634 
2000.0 1905.0 42.15120000000002 204 248 176 -0.359551 0.435579 0.825224 
2000.0 1910.0 41.8972 204 248 176 -0.45848 0.136538 0.878154 
2020.0 1882.0 38.769600000000025 203 248 176 -0.247558 -0.322839 0.913504 
2010.0 1905.0 51.0376 220 248 169 0.0132021 0.24844 0.968557 
2000.0 1889.0 37.357200000000034 203 248 176 -0.0909316 -0.0978378 0.991039 
2020.0 1896.0 54.28880000000004 221 248 168 0.054348 0.139917 0.988671 
2100.0 1879.0 44.61240000000004 218 248 169 0.405555 0.454028 0.793337 
2070.0 1860.0 37.16919999999999 204 248 176 -0.0512987 -0.126537 0.990635 
2010.0 1907.0 46.072400000000016 219 248 169 -0.416477 -0.116389 0.901665 
2030.0 1880.0 46.42840000000001 218 248 169 -0.164787 -0.509208 0.84472 
2060.0 1870.0 45.56360000000001 204 248 175 -0.210959 -0.411591 0.886617 
2100.0 1880.0 41.57960000000003 204 248 175 0.0675193 0.453344 0.888775 
2000.0 1906.0 41.86959999999999 203 248 176 -0.134212 0.272411 0.952774 
2050.0 1881.0 54.99400000000003 222 247 167 -0.0293749 -0.0903005 0.995481 
2020.0 1887.0 51.39359999999999 219 248 169 -0.0474993 -0.225317 0.973127 
2100.0 1874.0 50.90360000000004 220 248 168 0.250414 0.222744 0.942167 
2010.0 1892.0 51.738800000000026 220 248 169 -0.101324 -0.169687 0.980276 
2040.0 1888.0 55.022400000000005 222 247 167 0.0315548 0.0881358 0.995609 
2080.0 1887.0 37.66840000000002 204 248 175 0.0998752 0.116325 0.988177 
2050.0 1882.0 54.8168 221 247 167 -0.0389442 -0.105706 0.993635 
2020.0 1889.0 52.95960000000002 221 248 168 -0.0836225 -0.178152 0.980443 
2010.0 1911.0 40.27719999999999 204 248 176 0.0862999 0.505067 0.858755 
2100.0 1869.0 42.89840000000004 205 248 175 -0.0633314 0.0397163 0.997202 
2010.0 1890.0 50.048 219 248 169 -0.135529 -0.3354 0.932276 
2080.0 1874.0 55.29759999999999 221 248 168 0.0410125 0.0986517 0.994277 
2100.0 1849.0 36.317200000000014 203 248 176 -0.0153123 -0.0316454 0.999382 
2000.0 1899.0 45.31360000000001 203 248 176 0.159839 -0.0501684 0.985868 
2010.0 1885.0 42.57480000000004 206 248 174 -0.223221 -0.540349 0.811293 
2030.0 1894.0 53.66360000000003 221 248 168 0.0442605 0.128242 0.990755 
2110.0 1868.0 42.06800000000004 205 248 175 0.294379 -0.257043 0.920473 
2020.0 1891.0 54.3732 221 247 167 -0.0209818 -0.118161 0.992773 
2000.0 1901.0 36.85840000000002 204 248 176 -0.153635 0.0598122 0.986316 
2060.0 1865.0 38.14680000000004 204 248 176 -0.0532481 -0.173944 0.983315 
2110.0 1863.0 37.13920000000002 204 248 176 0.0868737 -0.0450863 0.995199 
2060.0 1874.0 50.35200000000003 219 248 169 -0.039402 -0.311403 0.949461 
2000.0 1884.0 36.74279999999999 203 248 176 -0.0309397 -0.0629462 0.997537 
2010.0 1883.0 37.12080000000003 203 248 176 -0.0745963 -0.199331 0.977089 
2080.0 1884.0 46.838400000000036 219 248 169 0.390425 0.53418 0.749813 
2110.0 1862.0 38.13480000000004 204 248 176 0.265983 -0.0776313 0.960847 
2020.0 1894.0 55.20160000000004 222 247 167 -0.0224817 -0.0781506 0.996688 
2100.0 1873.0 44.68360000000001 220 248 168 0.428295 -0.185643 0.884364 
2030.0 1886.0 54.01320000000004 221 248 168 -0.0479144 -0.164779 0.985166 
2030.0 1878.0 45.80360000000002 204 248 176 -0.375967 -0.401136 0.835307 
2080.0 1880.0 52.865200000000016 221 248 168 0.0616638 0.143107 0.987784 
2070.0 1883.0 52.98200000000003 221 248 168 0.0409446 0.174307 0.98384 
2070.0 1880.0 55.40039999999999 222 247 167 0.0198631 0.0533166 0.99838 
2040.0 1901.0 38.84720000000004 204 248 175 0.0463715 0.393496 0.918156 
2070.0 1869.0 52.14960000000002 220 248 168 -0.0837851 -0.180927 0.979921 
2100.0 1862.0 49.357200000000034 221 248 168 0.481338 -0.103651 0.870385 
2010.0 1888.0 47.3732 218 248 169 -0.0535579 -0.476528 0.877526 
2030.0 1877.0 42.812400000000025 213 248 171 -0.199243 -0.536892 0.819786 
2070.0 1887.0 44.06760000000003 204 248 175 0.257435 0.541393 0.800388 
2020.0 1889.0 52.7432 220 248 168 -0.0707581 -0.173897 0.982218 
2030.0 1904.0 44.33160000000004 204 248 176 0.196602 0.562373 0.803172 
2070.0 1863.0 39.96640000000002 204 248 176 -0.173006 -0.381758 0.907926 
2020.0 1882.0 44.11600000000004 218 248 169 -0.184636 -0.414341 0.891196 
2030.0 1892.0 55.127200000000016 221 247 167 0.031774 0.0174244 0.999343 
2020.0 1878.0 37.786 204 248 176 0.0649626 -0.284052 0.956606 
2000.0 1901.0 43.471600000000024 203 248 176 -0.370408 0.0405747 0.927983 
2100.0 1881.0 39.075199999999995 204 248 175 0.0764144 0.296592 0.951942 
2050.0 1869.0 37.44960000000003 204 248 176 -0.0417191 -0.201444 0.978611 
2050.0 1886.0 55.33000000000004 222 247 167 -0.0109658 -0.0109658 0.99988 
2010.0 1890.0 50.91160000000002 220 248 169 -0.0919583 -0.230526 0.968711 
2000.0 1898.0 45.27760000000001 214 248 171 -0.378407 0.0767587 0.922451 
2100.0 1868.0 42.98599999999999 205 248 175 0.0312022 0.165256 0.985757 
2080.0 1859.0 37.09840000000003 204 248 176 -0.101603 -0.0742043 0.992054 
2090.0 1856.0 38.95120000000003 204 248 176 -0.213964 -0.313152 0.925287 
2080.0 1869.0 52.8904 220 248 168 -0.0596954 -0.150994 0.986731 
2110.0 1853.0 37.03520000000003 204 248 175 0.0362353 -0.0238118 0.99906 
2050.0 1866.0 37.12280000000004 204 248 176 -0.0637701 -0.133338 0.989017 
2050.0 1891.0 50.59720000000004 220 248 169 0.125591 0.362971 0.923298 
2080.0 1880.0 51.043600000000026 220 248 168 0.0168581 0.392924 0.919416 
2050.0 1899.0 37.41120000000001 204 248 175 0.0482094 0.170497 0.984178 
2040.0 1882.0 54.003600000000006 221 248 168 -0.0469194 -0.133892 0.989885 
2010.0 1898.0 54.67320000000001 222 247 167 -0.00103033 0.0566683 0.998393 
2000.0 1902.0 48.30520000000001 222 247 167 -0.15797 -0.348093 0.924054 
2020.0 1880.0 37.79320000000001 204 248 176 -0.187778 -0.195657 0.962527 
2020.0 1882.0 44.63560000000001 204 248 175 -0.0926714 -0.419096 0.9032 
2020.0 1900.0 51.98200000000003 219 248 169 0.0514488 0.192634 0.979921 
2080.0 1887.0 41.45400000000001 204 248 176 0.219341 0.3646 0.904962 
2110.0 1875.0 37.089200000000005 204 248 175 0.039804 -0.0071443 0.999182 
2050.0 1895.0 43.36600000000004 204 248 175 0.0584065 0.61683 0.784927 
2070.0 1880.0 53.45840000000004 221 248 168 0.0637701 0.133338 0.989017 
2090.0 1876.0 53.63159999999999 221 248 168 0.0517034 0.136727 0.989259 
2040.0 1886.0 54.92920000000004 222 247 167 -0.0379506 -0.0748169 0.996475 
2110.0 1873.0 40.53399999999999 220 248 169 0.238381 0.055581 0.96958 
2040.0 1875.0 46.50080000000003 218 248 169 -0.184011 -0.446042 0.875892 
2070.0 1871.0 52.75400000000002 221 248 168 -0.0595787 -0.148363 0.987137 
2110.0 1855.0 40.75400000000002 204 248 176 0.347562 -0.270655 0.897745 
2030.0 1878.0 40.3476 203 248 176 -0.200162 -0.566871 0.79912 
2090.0 1882.0 45.06760000000003 218 248 169 0.145598 0.397215 0.906102 
2080.0 1880.0 52.86200000000002 220 248 168 -0.0103864 0.188109 0.982093 
2030.0 1878.0 44.272400000000005 204 248 176 -0.398002 -0.525756 0.751782 
2100.0 1858.0 50.72640000000001 219 248 169 0.0537578 -0.187555 0.980782 
2060.0 1891.0 43.63640000000004 204 248 175 0.17457 0.508788 0.843007 
2030.0 1895.0 54.502800000000036 221 248 168 0.0366409 0.105481 0.993746 
2110.0 1874.0 41.817200000000014 219 248 169 0.140452 0.0191014 0.989903 
2080.0 1883.0 50.68280000000004 219 248 169 0.0960313 0.363837 0.926499 
2020.0 1890.0 53.51480000000004 221 248 168 -0.0690894 -0.144034 0.987158 
2020.0 1884.0 42.20920000000001 204 248 176 -0.250546 -0.533772 0.80766 
2100.0 1872.0 52.0136 221 248 168 0.343115 0.154194 0.926551 
2090.0 1858.0 44.908000000000015 204 248 176 -0.242644 -0.527016 0.81448 
2010.0 1903.0 52.54880000000003 220 248 168 -0.106875 0.17321 0.979069 
2090.0 1874.0 53.824400000000026 221 248 168 0.0451291 0.153902 0.987055 
2100.0 1863.0 53.73480000000001 221 248 168 -0.0120929 -0.11983 0.992721 
2040.0 1880.0 50.9504 220 248 169 -0.0714498 -0.31308 0.947035 
2050.0 1884.0 54.92080000000004 222 247 167 -0.0411755 -0.103495 0.993777 
2090.0 1874.0 54.8544 221 247 167 0.0412572 0.105931 0.993517 
2090.0 1859.0 43.012 204 248 175 -0.246884 -0.621141 0.743796 
2050.0 1882.0 54.08800000000002 221 248 168 -0.0281731 -0.134104 0.990567 
2020.0 1902.0 49.54599999999999 219 248 169 0.0712827 0.388693 0.918606 
2080.0 1882.0 52.18440000000004 220 248 168 0.0217558 0.166031 0.98588 
2080.0 1872.0 55.92599999999999 222 247 167 -0.00099683 -0.0189398 0.99982 
2060.0 1869.0 46.8648 218 248 169 -0.14378 -0.558817 0.816732 
2040.0 1884.0 54.66880000000003 222 247 167 -0.045457 -0.0942402 0.994511 
2080.0 1883.0 44.67920000000004 204 248 176 0.217966 0.464493 0.858334 
2030.0 1891.0 54.77520000000004 222 247 167 -0.0114746 0.0573728 0.998287 
2030.0 1901.0 44.68560000000002 203 248 176 0.232545 0.478768 0.846584 
2110.0 1860.0 36.77840000000003 203 248 176 0.0190153 -0.00500404 0.999807 
2060.0 1887.0 53.40719999999999 221 248 168 0.0649111 0.156967 0.985468 
2070.0 1875.0 54.210800000000006 221 248 168 -0.037138 -0.124919 0.991472 
2010.0 1909.0 44.96320000000003 219 248 169 -0.268494 0.357498 0.894486 
2050.0 1876.0 48.012 218 248 169 -0.133704 -0.403928 0.904967 
2040.0 1881.0 52.40719999999999 220 248 169 -0.0715807 -0.190477 0.979078 
2080.0 1873.0 54.8664 221 247 167 -0.0499929 -0.152304 0.987068 
2040.0 1890.0 54.41640000000001 221 248 168 0.0401828 0.145806 0.988497 
2050.0 1894.0 48.77680000000004 218 248 169 0.197375 0.449658 0.87112 
2100.0 1854.0 39.63920000000002 204 248 176 0.114532 -0.442573 0.889388 
2020.0 1903.0 51.54400000000004 220 248 169 0.133845 0.202679 0.970055 
2090.0 1867.0 53.544399999999996 221 248 168 -0.0623917 -0.158922 0.985318 
2010.0 1887.0 47.54240000000004 218 248 169 -0.0851959 -0.459499 0.884082 
2030.0 1884.0 51.226800000000026 219 248 169 -0.137829 -0.212541 0.967383 
2080.0 1873.0 55.33080000000001 222 247 167 -0.0220013 -0.0513363 0.998439 
2100.0 1868.0 43.04000000000002 221 248 168 0.160207 0.0502841 0.985802 
2000.0 1905.0 38.648799999999994 203 248 176 -0.157053 0.340513 0.92703 
2060.0 1869.0 41.42240000000004 203 248 176 -0.184381 -0.370192 0.910473 
2030.0 1873.0 37.377200000000016 204 248 176 -0.0400918 -0.145476 0.988549 
2070.0 1874.0 54.1352 221 248 168 -0.0446944 -0.140959 0.989006 
2000.0 1895.0 45.26519999999999 205 248 175 -0.522105 0.1553 0.838623 
2010.0 1893.0 52.99880000000002 220 248 168 -0.0644036 -0.146372 0.987131 
2100.0 1871.0 43.596000000000004 221 248 168 0.393899 0.448563 0.802268 
2020.0 1889.0 53.1388 221 248 168 -0.0509638 -0.178966 0.982534 
2070.0 1859.0 36.91239999999999 204 248 176 -0.0944154 -0.108403 0.989613 
2040.0 1874.0 40.462800000000016 204 248 176 -0.176253 -0.432622 0.884179 
2070.0 1864.0 43.06400000000002 204 248 176 -0.150329 -0.483095 0.862566 
2060.0 1892.0 44.977599999999995 218 248 169 0.0769802 0.488474 0.869176 
2080.0 1878.0 53.88280000000003 221 248 168 0.043067 0.161792 0.985885 
2070.0 1893.0 37.886000000000024 204 248 175 0.0195684 0.176116 0.984175 
2110.0 1852.0 36.99720000000002 204 248 175 0.0385379 -0.0281223 0.998861 
2100.0 1871.0 42.302400000000034 205 248 175 0.411842 -0.0413175 0.910318 
2070.0 1868.0 44.76440000000002 204 248 175 -0.248997 -0.42405 0.870736 
2110.0 1870.0 43.15160000000003 205 248 175 -0.184096 0.366765 0.911917 
2050.0 1886.0 54.855200000000025 221 247 167 0.0504925 0.106595 0.99302 
2060.0 1889.0 52.11400000000003 220 248 168 0.0992549 0.177679 0.97907 
2050.0 1897.0 39.18040000000002 204 248 176 0.130234 0.396303 0.908836 
2090.0 1879.0 48.66560000000004 218 248 169 0.196163 0.54287 0.816586 
2100.0 1873.0 53.52840000000003 220 248 168 0.0592286 0.140523 0.988304 
2030.0 1880.0 46.7124 218 248 169 -0.114532 -0.442573 0.889388 
2010.0 1915.0 36.73840000000001 203 248 176 -0.00522345 0.0679048 0.997678 
2050.0 1874.0 50.22800000000001 219 248 169 -0.218586 -0.297559 0.929343 
2070.0 1871.0 51.53000000000003 220 248 169 -0.0857485 -0.262365 0.961151 
2030.0 1895.0 54.36880000000002 221 248 168 0.0582814 0.122277 0.990783 
2000.0 1906.0 39.93280000000004 204 248 176 -0.420762 0.0331832 0.906564 
2040.0 1881.0 53.238 221 248 168 -0.0483939 -0.175871 0.983223 
2030.0 1904.0 41.903999999999996 204 248 176 0.230531 0.558535 0.796802 
2100.0 1876.0 43.88640000000004 205 248 175 0.329236 0.279038 0.902076 
2050.0 1866.0 36.900800000000004 204 248 176 -0.0403639 -0.0796369 0.996006 
2040.0 1897.0 48.2912 219 248 169 0.042145 0.463595 0.885044 
2100.0 1852.0 37.17959999999999 205 248 175 -0.0143187 -0.12226 0.992395 
2100.0 1870.0 46.827200000000005 221 248 168 0.739725 0.117111 0.66264 
2030.0 1882.0 50.67360000000002 219 248 169 -0.0164494 -0.340376 0.940146 
2100.0 1862.0 52.69240000000002 220 248 168 -0.0399497 -0.138112 0.989611 
2100.0 1868.0 55.61160000000001 222 247 167 0.0456053 0.0434841 0.998013 
2020.0 1888.0 49.99520000000001 219 248 169 -0.179937 -0.319423 0.930372 
2000.0 1892.0 43.96120000000002 219 248 169 -0.446582 -0.345588 0.825308 
2020.0 1886.0 47.65440000000001 218 248 169 -0.332039 -0.393814 0.857124 
2030.0 1891.0 55.14440000000002 222 247 167 -0.00520318 -0.0634788 0.99797 
2080.0 1857.0 36.71800000000002 203 248 176 -0.0137498 -0.0708645 0.997391 
2020.0 1887.0 52.42240000000004 220 248 168 -0.0585467 -0.185199 0.980955 
2020.0 1907.0 41.924000000000035 218 248 169 0.117261 0.513924 0.849784 
2090.0 1854.0 36.467600000000004 204 248 176 -0.00911423 -0.0293681 0.999527 
2030.0 1888.0 54.3956 222 247 167 -0.055559 -0.112252 0.992125 
2020.0 1902.0 51.1472 220 248 169 0.0649626 0.284052 0.956606 
2040.0 1876.0 41.74119999999999 204 248 176 -0.311017 -0.497311 0.809907 
2040.0 1881.0 52.053200000000004 220 248 169 -0.0504121 -0.237306 0.970126 
2050.0 1897.0 38.90120000000002 204 248 175 -0.0865998 0.283065 0.955183 
2100.0 1881.0 37.7364 204 248 175 0.0341614 0.189655 0.981256 
2020.0 1892.0 54.73000000000002 221 247 167 -0.0380201 -0.079299 0.996126 
2050.0 1899.0 37.06800000000004 204 248 176 0.0118388 0.0936342 0.995536 
2060.0 1868.0 44.14440000000002 218 248 169 0.0348569 -0.581412 0.812862 
2010.0 1906.0 49.75600000000003 220 248 169 0.0316576 0.315309 0.948461 
2100.0 1871.0 49.186800000000005 221 248 168 0.620292 0.158469 0.768196 
2030.0 1879.0 38.202800000000025 212 248 171 -0.101342 -0.298762 0.948932 
2020.0 1893.0 54.21160000000003 221 248 168 -0.0454474 -0.0964372 0.994301 
2100.0 1865.0 47.51120000000003 222 247 167 0.606725 0.0642415 0.792312 
2080.0 1877.0 54.239599999999996 221 248 168 0.0291001 0.178093 0.983583 
2050.0 1870.0 38.33080000000001 204 248 176 -0.0741537 -0.308323 0.948387 
2070.0 1882.0 52.35759999999999 220 248 169 0.0973398 0.147812 0.984214 
2030.0 1877.0 41.2432 213 248 171 -0.133856 -0.401568 0.905994 
2100.0 1869.0 45.6712 205 248 175 0.64364 0.216625 0.734031 
2090.0 1870.0 55.20400000000001 222 247 167 -0.0312441 -0.0764943 0.99658 
2110.0 1882.0 37.18720000000002 204 248 175 0.00109554 0.130369 0.991465 
2000.0 1905.0 39.00200000000001 203 248 176 -0.399581 0.269906 0.876063 
2000.0 1900.0 37.29200000000003 203 248 176 -0.389538 0.154399 0.907977 
2030.0 1897.0 53.48320000000001 221 248 168 0.0280562 0.131303 0.990945 
2000.0 1902.0 49.37639999999999 221 247 167 -0.130692 -0.168033 0.97708 
2080.0 1861.0 39.76519999999999 204 248 176 -0.126482 -0.333204 0.934332 
2020.0 1899.0 54.18920000000003 221 247 167 0.0436554 0.110818 0.992881 
2020.0 1888.0 51.4436 220 248 169 -0.111085 -0.193462 0.974799 
2000.0 1900.0 44.06920000000002 204 248 176 -0.275771 0.334759 0.901048 
2000.0 1900.0 44.06080000000003 204 248 176 -0.271661 0.324525 0.906026 
2100.0 1861.0 52.86680000000001 221 248 168 -0.0348801 -0.127144 0.991271 
2050.0 1877.0 52.45400000000001 220 248 168 -0.108262 -0.15692 0.98166 
2060.0 1885.0 54.62520000000001 221 248 168 0.0253663 0.109185 0.993698 
2050.0 1871.0 38.59039999999999 203 248 176 -0.0429082 -0.352367 0.934878 
2000.0 1900.0 43.97800000000001 221 247 167 -0.430911 0.195601 0.88094 
2070.0 1889.0 41.61439999999999 213 248 171 0.265881 0.336391 0.903409 
2000.0 1891.0 41.131200000000035 203 248 176 -0.416868 -0.0223557 0.908692 
2000.0 1903.0 46.343200000000024 221 248 168 -0.49394 0.487287 0.720121 
2030.0 1877.0 37.850400000000036 204 248 176 -0.0882885 -0.262306 0.960937 
2100.0 1858.0 47.53000000000003 220 248 169 0.480707 0.0228908 0.876583 
2080.0 1860.0 38.88080000000002 204 248 176 -0.0864549 -0.336509 0.937703 
2050.0 1871.0 42.64440000000002 204 248 176 -0.285223 -0.534202 0.795787 
2050.0 1892.0 51.0924 220 248 169 0.0357155 0.262324 0.964319 
2030.0 1877.0 38.460800000000006 203 248 176 -0.189996 -0.361422 0.912839 
2090.0 1865.0 54.37440000000004 221 248 168 -0.0468133 -0.133589 0.989931 
2050.0 1890.0 52.28280000000001 220 248 168 0.0316163 0.183843 0.982447 
2010.0 1907.0 47.62240000000003 218 248 169 0.0606627 0.548786 0.833759 
2080.0 1875.0 55.13920000000002 222 247 167 -0.0174233 0.0338216 0.999276 
2060.0 1884.0 54.29680000000002 221 247 167 0.0432322 0.167087 0.984994 
2000.0 1893.0 41.93119999999999 219 248 169 -0.509617 -0.0776425 0.856891 
2060.0 1867.0 41.493600000000015 204 248 176 -0.030648 -0.430404 0.902116 
2020.0 1883.0 46.24600000000004 218 248 169 -0.109094 -0.393567 0.9128 
2080.0 1886.0 41.826400000000035 204 248 176 -0.127103 0.449859 0.884009 
2080.0 1862.0 44.198800000000006 218 248 169 -0.12205 -0.569076 0.813176 
2090.0 1868.0 54.08520000000004 221 248 168 -0.0418167 -0.201915 0.97851 
2030.0 1904.0 42.8528 204 248 176 0.0878045 0.562813 0.821908 
2090.0 1868.0 54.270399999999995 221 248 168 -0.061785 -0.145719 0.987395 
2060.0 1877.0 54.8356 221 247 167 -0.0458208 -0.103935 0.993528 
2040.0 1880.0 52.05080000000004 220 248 168 -0.0811586 -0.228493 0.970157 
2110.0 1876.0 38.81080000000003 204 248 176 0.27136 0.0618449 0.960489 
2100.0 1871.0 54.17360000000002 221 248 168 0.122002 0.158973 0.979716 
2010.0 1890.0 51.532399999999996 220 248 169 -0.0679502 -0.223618 0.972305 
2110.0 1873.0 36.95400000000001 204 248 176 0.0129597 -0.00697831 0.999892 
2100.0 1852.0 37.67599999999999 203 248 176 -0.0409965 -0.267098 0.962797 
2020.0 1901.0 51.4572 220 248 169 0.05898 0.264782 0.962503 
2060.0 1877.0 53.25319999999999 221 248 168 -0.0382428 -0.161083 0.9862 
2100.0 1857.0 49.76120000000003 219 248 169 0.0323656 -0.221764 0.974563 
2050.0 1896.0 39.32600000000002 204 248 175 0.0846564 0.361469 0.928533 
2020.0 1884.0 48.020399999999995 218 248 169 -0.0948673 -0.400093 0.911551 
2000.0 1889.0 41.25080000000003 217 248 170 -0.585367 -0.288696 0.757628 
2070.0 1865.0 42.86080000000004 204 248 176 -0.0659569 -0.515025 0.854634 
2030.0 1882.0 49.629999999999995 219 248 169 -0.145468 -0.270917 0.951548 
2080.0 1871.0 53.63159999999999 221 248 168 -0.0325688 -0.12466 0.991665 
2020.0 1910.0 37.57600000000002 204 248 176 0.0405568 0.161068 0.98611 
2000.0 1910.0 39.788400000000024 204 248 176 -0.430239 0.202552 0.879697 
2060.0 1864.0 37.37520000000001 204 248 176 -0.030425 -0.134095 0.990501 
2050.0 1899.0 37.219600000000014 204 248 176 -0.0406064 0.0867002 0.995407 
2010.0 1905.0 49.32760000000002 219 248 169 0.249445 0.367526 0.895936 
2090.0 1859.0 40.5308 204 248 176 -0.0910694 -0.463753 0.881271 
2010.0 1891.0 52.81999999999999 220 248 168 -0.0721517 -0.154949 0.985284 
2090.0 1886.0 38.6284 204 248 175 0.00356359 0.241136 0.970485 
2040.0 1902.0 37.11160000000001 204 248 176 0.0201789 0.0711571 0.997261 
2110.0 1869.0 44.0788 205 248 175 0.246674 -0.367795 0.896593 
2100.0 1860.0 47.170000000000016 221 248 168 0.510228 -0.0483956 0.858676 
2050.0 1900.0 36.94120000000004 204 248 176 -0.00100264 0.0270713 0.999633 
2030.0 1892.0 55.05520000000001 222 247 167 -0.0151323 -0.0171499 0.999738 
2000.0 1906.0 37.41360000000003 204 248 176 -0.203014 0.0824362 0.975699 
2110.0 1863.0 42.49680000000001 222 247 167 0.492361 -0.44296 0.749245 
2010.0 1899.0 54.68119999999999 221 247 167 -0.00535642 0.0974868 0.995222 
2060.0 1875.0 51.92760000000004 220 248 168 -0.0154838 -0.229875 0.973097 
2020.0 1877.0 37.43520000000001 204 248 176 -0.0690894 -0.144034 0.987158 
2000.0 1887.0 39.86600000000004 204 248 176 -0.212901 -0.360628 0.908086 
2040.0 1879.0 48.04400000000004 218 248 169 -0.0851673 -0.374466 0.923321 
2100.0 1880.0 39.00040000000001 204 248 175 0.210346 0.277211 0.937501 
2010.0 1901.0 53.33520000000004 220 248 168 0.0564311 0.134744 0.989272 
2000.0 1886.0 37.28800000000001 203 248 176 -0.030425 -0.134095 0.990501 
2090.0 1860.0 43.1644 218 248 169 -0.185016 -0.603976 0.77523 
2050.0 1898.0 38.66759999999999 204 248 176 0.048557 0.514705 0.855991 
2030.0 1900.0 47.267600000000016 218 248 169 0.197324 0.410726 0.89015 
2110.0 1870.0 41.02680000000004 205 248 175 0.477446 -0.331516 0.813721 
2030.0 1904.0 38.774 204 248 175 0.126804 0.334053 0.933986 
2010.0 1907.0 47.164800000000014 218 248 169 0.199743 0.395111 0.896655 
2040.0 1877.0 47.61160000000001 218 248 169 -0.174342 -0.358605 0.917065 
2030.0 1884.0 51.16560000000004 220 248 169 -0.136709 -0.235661 0.962172 
2010.0 1884.0 37.56920000000002 203 248 176 -0.0745963 -0.199331 0.977089 
2110.0 1867.0 36.99279999999999 204 248 176 0.0421842 -0.0113177 0.999046 
2080.0 1882.0 51.850400000000036 220 248 169 0.0345893 0.211114 0.976849 
2070.0 1873.0 52.692800000000034 220 248 168 -0.0549887 -0.155606 0.986287 
2100.0 1872.0 45.210000000000036 205 248 175 0.504936 -0.10442 0.856817 
2080.0 1882.0 51.37520000000001 220 248 168 0.0486994 0.265974 0.962749 
2060.0 1892.0 47.477599999999995 218 248 169 0.246786 0.373873 0.894045 
2000.0 1888.0 37.17520000000002 204 248 176 -0.162106 -0.124983 0.978826 
2090.0 1868.0 55.091200000000015 222 247 167 -0.0299639 -0.112087 0.993247 
2050.0 1900.0 36.97320000000002 204 248 176 -0.0133236 0.0358711 0.999268 
2090.0 1862.0 49.79880000000003 219 248 169 -0.042843 -0.349236 0.936055 
2000.0 1895.0 52.258399999999995 220 248 168 -0.148818 -0.208345 0.966667 
2020.0 1890.0 52.664800000000014 220 248 168 -0.0651398 -0.164626 0.984203 
2090.0 1864.0 51.78520000000003 220 248 169 -0.0770278 -0.199294 0.976908 
2040.0 1871.0 37.24920000000003 204 248 176 -0.0297299 -0.102403 0.994299 
2060.0 1894.0 43.96800000000002 218 248 169 0.221119 0.414042 0.882993 
2080.0 1870.0 54.13280000000003 221 248 168 -0.0523303 -0.150013 0.987298 
2060.0 1872.0 51.038400000000024 219 248 169 -0.0933792 -0.251996 0.963213 
2090.0 1864.0 53.10480000000001 220 248 168 -0.0921061 -0.149523 0.984459 
2000.0 1903.0 38.61880000000002 204 248 176 -0.408354 0.134234 0.9029 
2060.0 1897.0 39.4948 204 248 176 0.0161173 0.30127 0.953403 
2000.0 1889.0 42.14640000000003 217 248 170 -0.169477 -0.42152 0.890841 
2080.0 1862.0 43.63760000000002 217 248 170 -0.188225 -0.525524 0.829696 
2000.0 1890.0 44.91040000000004 205 248 175 -0.175247 -0.374714 0.910427 
2040.0 1893.0 52.62560000000002 220 248 168 0.0531245 0.17354 0.983393 
2050.0 1894.0 49.172799999999995 219 248 169 0.00890851 0.360158 0.932849 
2030.0 1878.0 38.682000000000016 203 248 176 -0.177549 -0.359359 0.916153 
2090.0 1855.0 36.652000000000044 203 248 176 -0.0486102 -0.0594125 0.997049 
2020.0 1887.0 50.1388 219 248 169 -0.127782 -0.26742 0.95507 
2070.0 1889.0 43.3304 214 248 171 0.201643 0.384427 0.900864 
2000.0 1899.0 42.72560000000004 222 247 167 -0.470195 0.100252 0.87685 
2090.0 1857.0 41.658000000000015 204 248 176 -0.397034 -0.565073 0.723227 
2020.0 1876.0 36.567200000000014 203 248 176 0.00506329 -0.0313924 0.999494 
2110.0 1868.0 43.0256 205 248 175 0.131847 -0.124589 0.983409 
2110.0 1852.0 36.92920000000004 204 248 176 0.0375368 0.00304352 0.999291 
2110.0 1858.0 38.41680000000002 204 248 175 0.323697 0.0112481 0.946094 
2000.0 1890.0 43.15280000000001 218 248 169 -0.0532445 -0.248887 0.967068 
2000.0 1898.0 52.539199999999994 221 247 167 -0.192237 0.121876 0.973751 
2060.0 1874.0 52.740800000000036 221 248 168 -0.067946 -0.168077 0.983429 
2080.0 1891.0 37.5308 204 248 176 0.0379371 0.152898 0.987514 
2050.0 1888.0 52.97040000000004 221 248 168 0.0519229 0.139615 0.988844 
2080.0 1878.0 52.97520000000003 221 248 168 0.0616812 0.197138 0.978433 
2010.0 1886.0 45.47800000000001 205 248 175 -0.122997 -0.37452 0.919025 
2090.0 1866.0 53.64240000000001 221 248 168 -0.0425571 -0.148375 0.988015 
2000.0 1912.0 38.66040000000004 217 248 170 -0.133389 0.265456 0.954851 
2010.0 1891.0 51.79240000000004 220 248 169 -0.0638774 -0.189222 0.979855 
2010.0 1910.0 41.491600000000005 218 248 169 -0.170851 0.400567 0.900198 
2030.0 1886.0 51.92959999999999 220 248 169 -0.0683267 -0.232311 0.970239 
2050.0 1876.0 49.1472 219 248 169 -0.0640421 -0.335894 0.93972 
2070.0 1890.0 41.110000000000014 204 248 176 0.152727 0.406796 0.900661 
2100.0 1872.0 50.91160000000002 221 248 168 0.660184 0.110769 0.742891 
2000.0 1893.0 39.63960000000003 203 248 176 -0.358205 -0.0218261 0.933388 
2060.0 1891.0 50.178 219 248 169 0.111736 0.382109 0.917337 
2110.0 1868.0 37.07679999999999 204 248 176 0.0745064 -0.0334739 0.996659 
2070.0 1870.0 52.43440000000004 220 248 168 -0.0576554 -0.163553 0.984848 
2070.0 1884.0 52.700800000000015 220 248 168 0.0537336 0.189859 0.98034 
2050.0 1896.0 44.231600000000014 218 248 169 0.0464937 0.595964 0.801664 
2080.0 1889.0 37.33280000000002 204 248 175 0.0530337 0.0595276 0.996817 
2030.0 1901.0 43.34280000000001 218 248 169 0.0943124 0.465932 0.87978 
2090.0 1854.0 37.81960000000004 204 248 176 -0.0949913 -0.284974 0.953817 
1990.0 1895.0 37.141200000000026 203 248 176 -0.176149 -0.0886819 0.980361 
2070.0 1867.0 49.860000000000014 219 248 169 -0.065385 -0.374963 0.924731 
2110.0 1868.0 41.26080000000002 205 248 175 0.438637 -0.356293 0.825017 
2060.0 1878.0 54.73520000000002 222 247 167 -0.0396278 -0.130206 0.990695 
2110.0 1850.0 36.6164 203 248 176 -0.0198652 -0.0512314 0.998489 
2100.0 1864.0 45.265600000000006 207 248 174 0.580215 -0.147664 0.800965 
2010.0 1896.0 54.68000000000001 222 247 167 -0.00308533 -0.0524506 0.998619 
2040.0 1882.0 53.416 221 248 168 -0.0523119 -0.152286 0.986951 
2030.0 1904.0 40.893200000000036 204 248 176 0.0930546 0.53399 0.840354 
2080.0 1872.0 55.03960000000001 221 247 167 -0.0491043 -0.0709285 0.996272 
2050.0 1898.0 37.73520000000002 204 248 176 0.108294 0.230603 0.967003 
2060.0 1880.0 55.543600000000026 222 247 167 -0.0151917 -0.0232939 0.999613 
2090.0 1878.0 47.6524 219 248 169 0.196163 0.54287 0.816586 
2010.0 1886.0 46.67840000000001 218 248 169 -0.18412 -0.407384 0.894505 
2070.0 1864.0 42.73840000000001 204 248 176 -0.188227 -0.466862 0.864066 
2080.0 1874.0 55.308400000000006 222 247 167 -0.0424405 -0.0196676 0.998905 
2080.0 1859.0 38.304400000000044 204 248 176 -0.101169 -0.295622 0.949933 
2020.0 1879.0 36.827200000000005 203 248 176 -0.0894424 -0.0781206 0.992924 
2060.0 1884.0 54.985600000000034 222 247 167 0.0588975 0.0855681 0.99459 
2060.0 1887.0 52.05520000000001 221 248 168 0.0892414 0.230017 0.969086 
2030.0 1899.0 49.92520000000002 220 248 169 0.166931 0.307649 0.936742 
2020.0 1908.0 38.119200000000035 204 248 176 0.130018 0.220129 0.966767 
2100.0 1878.0 47.28040000000004 218 248 169 0.119932 0.501402 0.856862 
2110.0 1858.0 37.41040000000004 204 248 176 0.1331 0.00329999 0.991097 
2070.0 1863.0 41.44440000000003 204 248 176 -0.136622 -0.401415 0.905649 
2080.0 1874.0 54.94040000000001 222 247 167 -0.0576051 -0.0576051 0.996676 
2050.0 1886.0 55.249600000000044 222 247 167 0.0247716 0.0829309 0.996247 
2010.0 1881.0 36.72399999999999 203 248 176 -0.0526378 -0.101916 0.993399 
2020.0 1906.0 45.99920000000003 218 248 169 0.251597 0.504738 0.825795 
2090.0 1880.0 50.23079999999999 219 248 169 0.228467 0.390604 0.891757 
2030.0 1879.0 44.04079999999999 216 248 170 -0.178105 -0.610428 0.771788 
2020.0 1883.0 39.359200000000044 204 248 175 -0.186332 -0.39433 0.89988 
2100.0 1871.0 54.92560000000003 221 248 168 0.051212 0.121771 0.991236 
2000.0 1889.0 39.12360000000001 204 248 176 -0.364251 -0.146538 0.9197 
2040.0 1897.0 48.10360000000003 218 248 169 0.163453 0.432499 0.886695 
2020.0 1906.0 40.76280000000003 204 248 176 0.152553 0.525791 0.836822 
2040.0 1881.0 52.84559999999999 220 248 168 -0.0787369 -0.182912 0.979971 
2020.0 1899.0 52.96360000000004 221 248 168 0.0528401 0.163217 0.985174 
2010.0 1908.0 45.82480000000004 219 248 169 0.00387489 0.401697 0.915765 
2050.0 1883.0 55.32400000000001 222 247 167 -0.00493571 0.00493571 0.999976 
2060.0 1888.0 51.99240000000003 220 248 168 0.0773562 0.259968 0.962514 
2090.0 1876.0 53.35160000000002 221 248 168 0.0596954 0.150994 0.986731 
2040.0 1875.0 41.55959999999999 217 248 170 -0.126141 -0.435117 0.891494 
2110.0 1866.0 43.0736 222 247 167 0.433019 0.00654108 0.901361 
2010.0 1902.0 46.450800000000015 203 248 176 -0.482388 0.30326 0.821788 
2050.0 1900.0 37.374000000000024 204 248 176 0.183711 0.0839476 0.979389 
2090.0 1867.0 55.026400000000024 221 247 167 -0.0569 -0.0926019 0.994076 
2000.0 1906.0 41.484399999999994 203 248 176 -0.184121 0.186733 0.965003 
2100.0 1848.0 36.2328 203 248 176 0.00916809 -0.0356537 0.999322 
2100.0 1866.0 55.01920000000001 221 247 167 -0.0322441 -0.114522 0.992897 
2090.0 1872.0 55.63920000000002 222 247 167 0.0275084 0.0173201 0.999471 
2090.0 1883.0 44.12479999999999 204 248 176 0.0122861 0.555603 0.831357 
2090.0 1878.0 48.49400000000003 219 248 169 0.0341595 0.495997 0.867652 
2000.0 1893.0 45.16680000000002 219 248 169 -0.325029 -0.241244 0.914416 
2030.0 1874.0 36.53880000000004 203 248 176 -0.0386134 -0.0323518 0.99873 
2080.0 1861.0 40.26920000000001 204 248 176 -0.150494 -0.486549 0.860593 
2020.0 1886.0 51.634000000000015 220 248 168 -0.0718774 -0.253463 0.964671 
2010.0 1908.0 45.01679999999999 204 248 176 0.154194 0.430879 0.889139 
2070.0 1883.0 53.7808 221 248 168 0.061785 0.145719 0.987395 
2020.0 1905.0 44.143200000000036 218 248 169 0.234367 0.566517 0.790019 
2000.0 1886.0 36.7688 203 248 176 -0.093427 -0.0980406 0.990787 
2070.0 1861.0 37.48680000000002 204 248 176 -0.0172991 -0.178757 0.983741 
2070.0 1878.0 55.30080000000004 222 247 167 0.0189397 -0.00299048 0.999816 
2030.0 1886.0 53.48599999999999 221 248 168 -0.0372938 -0.127703 0.991111 
2030.0 1882.0 51.30360000000002 220 248 169 -0.0769416 -0.251006 0.964923 
2030.0 1877.0 37.1352 204 248 176 -0.0976949 -0.155588 0.982979 
2060.0 1883.0 54.143200000000036 221 248 168 0.068 0.123322 0.990034 
2090.0 1885.0 39.03720000000004 204 248 175 0.0313781 0.302484 0.952638 
2000.0 1892.0 47.20960000000002 219 248 169 -0.23852 -0.325255 0.91505 
2060.0 1892.0 43.1404 204 248 175 0.0449605 0.470042 0.881498 
2030.0 1902.0 49.003600000000006 219 248 169 0.151772 0.449533 0.880276 
2110.0 1876.0 38.05720000000002 204 248 175 0.147421 0.0331411 0.988518 
2020.0 1887.0 50.86160000000001 219 248 169 -0.115589 -0.255855 0.95978 
2040.0 1889.0 54.94 221 247 167 -0.0405255 0.0843368 0.995613 
2050.0 1868.0 36.72919999999999 204 248 176 -0.0136155 -0.0596989 0.998124 
2040.0 1884.0 53.3408 221 248 168 -0.0711831 -0.134198 0.988395 
2070.0 1871.0 51.9828 220 248 169 -0.102361 -0.223678 0.969273 
2070.0 1861.0 39.45400000000001 204 248 176 -0.0576497 -0.30106 0.951861 
2010.0 1898.0 54.908000000000015 222 247 167 -0.0450949 0.0846903 0.995386 
2000.0 1905.0 38.27120000000002 203 248 176 -0.212342 0.242481 0.946633 
2040.0 1889.0 54.798400000000015 221 248 168 0.00537821 0.100035 0.994969 
2020.0 1888.0 51.749600000000044 220 248 169 -0.0773966 -0.155984 0.984723 
2010.0 1911.0 40.60680000000002 218 248 169 -0.189786 0.485673 0.85329 
2070.0 1862.0 38.03200000000004 204 248 176 -0.0534335 -0.254741 0.965532 
2110.0 1876.0 39.312400000000025 204 248 176 0.171947 0.139315 0.975205 
2090.0 1871.0 55.522400000000005 222 247 167 -0.00100069 -0.0250172 0.999686 
2070.0 1869.0 51.06920000000002 219 248 169 -0.152206 -0.185461 0.970792 
2070.0 1858.0 36.84160000000003 204 248 176 -0.0476695 -0.0942305 0.994408 
2080.0 1864.0 48.04240000000004 218 248 169 -0.208832 -0.386996 0.898122 
2010.0 1909.0 44.00999999999999 218 248 169 0.0777445 0.407818 0.909747 
2010.0 1891.0 51.2244 219 248 169 -0.0621152 -0.210705 0.975574 
2010.0 1883.0 37.11840000000001 203 248 176 0.0144604 -0.132368 0.991095 
2030.0 1903.0 41.80520000000001 204 248 176 0.171658 0.462156 0.870026 
2090.0 1883.0 42.6576 204 248 175 -0.0482204 0.491848 0.869345 
2030.0 1889.0 55.095200000000034 222 247 167 -0.140257 -0.128061 0.981799 
2020.0 1881.0 42.53880000000004 213 248 171 -0.0884588 -0.385136 0.918611 
2100.0 1866.0 55.3664 222 247 167 0.244196 0.117576 0.962572 
2070.0 1863.0 38.981600000000014 204 248 176 -0.0712137 -0.306866 0.949085 
2090.0 1867.0 54.29680000000002 221 248 168 -0.0446944 -0.140959 0.989006 
2020.0 1882.0 42.25920000000002 203 248 176 -0.090758 -0.375223 0.922481 
2070.0 1886.0 50.07760000000002 219 248 169 0.0400919 0.345308 0.937633 
2020.0 1896.0 55.12360000000001 222 247 167 -0.0301432 0.0363797 0.998883 
2000.0 1904.0 45.3064 203 248 176 0.0463546 0.388054 0.92047 
2100.0 1873.0 45.127200000000016 205 248 175 0.34612 -0.0782417 0.934922 
2010.0 1902.0 53.04720000000003 221 248 168 0.0123724 0.149594 0.98867 
2030.0 1875.0 36.712800000000016 204 248 176 -0.0406064 -0.0867002 0.995407 
2070.0 1890.0 45.63280000000003 204 248 176 0.161654 0.455835 0.875261 
2080.0 1859.0 37.3784 204 248 176 -0.0375519 -0.228945 0.972715 
2090.0 1872.0 55.398000000000025 222 247 167 0.0160548 0.0824147 0.996469 
2110.0 1856.0 37.026400000000024 204 248 176 0.0633477 -0.00311546 0.997987 
2050.0 1896.0 40.43240000000003 204 248 176 -0.0449152 0.461401 0.886054 
2090.0 1884.0 40.762400000000014 204 248 175 -0.00126917 0.366791 0.930303 
2040.0 1903.0 37.0136 204 248 176 0.0194351 0.029664 0.999371 
2070.0 1869.0 51.95120000000003 220 248 168 -0.0475638 -0.151972 0.98724 
2060.0 1890.0 51.21120000000002 219 248 169 0.14506 0.198977 0.969209 
2000.0 1887.0 38.85360000000003 204 248 176 -0.0559902 -0.339848 0.938812 
2080.0 1865.0 50.33320000000003 219 248 169 -0.118396 -0.217696 0.968809 
2090.0 1879.0 52.12479999999999 219 248 169 0.0791136 0.237341 0.9682 
2050.0 1890.0 52.96840000000003 221 248 168 0.119108 0.191826 0.974175 
2030.0 1889.0 54.3476 221 248 168 -0.0323702 -0.119435 0.992314 
2030.0 1898.0 51.7552 220 248 168 0.125879 0.207255 0.970155 
2100.0 1884.0 37.471600000000024 204 248 175 0.0404793 0.158447 0.986537 
2080.0 1860.0 41.452800000000025 204 248 176 -0.158673 -0.51754 0.840818 
2050.0 1874.0 46.55160000000001 218 248 169 -0.0310883 -0.469027 0.882636 
2090.0 1864.0 51.78040000000004 220 248 168 -0.0819577 -0.24083 0.967101 
2110.0 1875.0 41.67240000000004 205 248 175 0.0964404 0.0714794 0.992769 
2110.0 1869.0 39.595200000000034 204 248 175 0.312246 -0.158186 0.936739 
2040.0 1898.0 46.924000000000035 219 248 169 0.083453 0.510619 0.855747 
2110.0 1853.0 38.12360000000001 204 248 176 0.138753 -0.166254 0.976272 
2110.0 1864.0 36.99400000000003 204 248 175 0.0539747 -0.0328082 0.998003 
2040.0 1902.0 37.265600000000006 204 248 176 0.0583043 0.0737055 0.995574 
2050.0 1872.0 41.101200000000006 204 248 176 -0.0875416 -0.440487 0.893481 
2100.0 1869.0 54.08960000000002 222 247 167 0.346172 0.136538 0.928182 
2080.0 1862.0 43.1352 213 248 171 -0.218149 -0.511049 0.831408 
2050.0 1887.0 54.72000000000003 221 247 167 0.0310134 0.159661 0.986685 
2100.0 1849.0 36.33800000000002 203 248 176 0.00922223 -0.0420124 0.999075 
2050.0 1873.0 48.10079999999999 218 248 169 -0.16272 -0.374963 0.912647 
2030.0 1883.0 49.74440000000004 219 248 169 -0.152484 -0.250603 0.956006 
2030.0 1900.0 48.2448 218 248 169 0.20307 0.395913 0.895553 
2000.0 1894.0 45.86200000000002 218 248 169 -0.394787 -0.0195439 0.918565 
2090.0 1852.0 36.75440000000003 204 248 176 -0.0136138 -0.0617857 0.997997 
2110.0 1873.0 42.912800000000004 220 248 169 0.158693 -0.0981229 0.98244 
2090.0 1864.0 52.27719999999999 220 248 168 -0.0644853 -0.20319 0.977014 
2020.0 1895.0 54.92840000000001 221 247 167 0.0496922 0.0872373 0.994947 
2030.0 1899.0 51.38240000000002 220 248 169 0.117321 0.200581 0.972627 
2020.0 1894.0 55.01400000000001 222 247 167 -0.0428055 -0.0845134 0.995502 
2090.0 1879.0 49.95920000000001 219 248 169 0.1287 0.369495 0.920277 
2080.0 1872.0 54.822 221 247 167 -0.0645077 -0.1513 0.986381 
2080.0 1863.0 44.8648 204 248 175 -0.141753 -0.589395 0.795311 
2010.0 1896.0 54.62440000000004 221 247 167 -0.0114521 -0.0551781 0.998411 
2110.0 1860.0 42.92520000000002 205 248 175 0.660102 0.0587075 0.748879 
2050.0 1889.0 53.1524 221 248 168 0.03612 0.171279 0.98456 
2110.0 1875.0 38.08240000000001 204 248 175 0.170873 -0.0194956 0.9851 
2010.0 1906.0 49.4932 219 248 169 0.179321 0.34311 0.922019 
2050.0 1877.0 49.59559999999999 219 248 169 -0.151578 -0.349047 0.924765 
2020.0 1892.0 54.74920000000003 221 247 167 -0.0250159 -0.0946254 0.995199 
2080.0 1863.0 46.08160000000004 218 248 169 -0.198034 -0.521539 0.829927 
2070.0 1866.0 47.27800000000002 218 248 169 -0.252163 -0.427317 0.868225 
2000.0 1895.0 40.57080000000002 220 248 169 -0.343744 0.0479944 0.937836 
2070.0 1888.0 41.59000000000003 204 248 175 0.247439 0.374863 0.893449 
2010.0 1907.0 48.88280000000003 219 248 169 -0.193856 0.369045 0.90897 
2020.0 1899.0 52.86600000000004 220 248 168 0.0484656 0.180859 0.982314 
2050.0 1876.0 50.49279999999999 220 248 169 -0.104468 -0.30018 0.948145 
2100.0 1878.0 44.64359999999999 204 248 175 0.233557 0.493064 0.838057 
2090.0 1864.0 52.11439999999999 220 248 169 -0.0375982 -0.234079 0.97149 
2110.0 1872.0 36.96520000000004 204 248 176 0.021058 -0.00701933 0.999754 
2050.0 1897.0 40.15480000000002 204 248 176 0.087007 0.526321 0.845823 
2010.0 1888.0 47.221600000000024 218 248 169 -0.152316 -0.527929 0.835518 
2070.0 1878.0 55.40039999999999 222 247 167 0.0172516 -0.0233404 0.999579 
2090.0 1857.0 38.3236 204 248 176 -0.113769 -0.270691 0.95592 
2040.0 1892.0 53.0376 220 248 168 0.0287074 0.16191 0.986388 
2030.0 1896.0 53.80880000000002 221 248 168 0.0514148 0.126823 0.990592 
2090.0 1859.0 48.7672 218 248 169 -0.229189 -0.435909 0.870319 
2060.0 1874.0 53.35400000000004 221 248 168 -0.0770634 -0.152941 0.985226 
2030.0 1876.0 36.69 203 248 176 -0.0267698 -0.0738847 0.996907 
2070.0 1883.0 53.56200000000001 221 248 168 0.0553945 0.168541 0.984137 
2110.0 1864.0 41.78280000000001 205 248 175 0.522193 -0.260317 0.812127 
2070.0 1861.0 37.002800000000036 204 248 176 -0.0388583 -0.105473 0.993663 
2100.0 1855.0 45.78120000000001 218 248 169 -0.152241 -0.637602 0.755174 
2070.0 1873.0 53.536400000000015 221 248 168 -0.0517195 -0.134471 0.989567 
2080.0 1877.0 54.2912 221 248 168 0.0546682 0.14772 0.987517 
2100.0 1867.0 54.136799999999994 222 247 167 0.479036 0.216095 0.85078 
2070.0 1862.0 37.85840000000002 204 248 176 -0.0860532 -0.220745 0.971528 
2040.0 1874.0 39.14840000000004 204 248 176 -0.097812 -0.285611 0.953341 
2080.0 1865.0 50.67520000000002 219 248 169 -0.0727713 -0.218314 0.973162 
2020.0 1904.0 46.14359999999999 217 248 170 0.101791 0.511823 0.853039 
2070.0 1872.0 53.13960000000003 221 248 168 -0.0451291 -0.153902 0.987055 
2110.0 1876.0 40.632000000000005 204 248 175 0.210949 0.286388 0.934603 
2030.0 1889.0 55.198000000000036 222 247 167 -0.00301985 0.0291919 0.999569 
2020.0 1883.0 44.481600000000014 218 248 169 -0.156684 -0.47591 0.865424 
2000.0 1906.0 43.002800000000036 204 248 176 -0.313249 0.00619068 0.949651 
2080.0 1864.0 50.21719999999999 219 248 169 -0.120165 -0.281265 0.952077 
2080.0 1872.0 55.65840000000003 222 247 167 -0.0397235 -0.00509275 0.999198 
2100.0 1863.0 43.29240000000004 206 248 174 0.66931 -0.209645 0.712792 
2110.0 1861.0 38.4212 204 248 176 0.291867 0.0363267 0.955769 
2100.0 1872.0 54.012 221 248 168 0.065772 0.178182 0.981797 
2050.0 1876.0 50.31280000000004 220 248 169 -0.113349 -0.305375 0.945462 
2100.0 1881.0 41.524 204 248 175 0.0884941 0.470564 0.877917 
2080.0 1870.0 55.09360000000004 222 247 167 -0.0148148 -0.167522 0.985757 
2000.0 1903.0 47.88920000000002 204 248 176 -0.166118 0.662947 0.730004 
2060.0 1873.0 49.144000000000005 218 248 169 -0.105612 -0.45202 0.885734 
2030.0 1894.0 54.94400000000002 222 247 167 0.0176678 0.0467677 0.99875 
2100.0 1870.0 46.003600000000006 205 248 175 0.453006 -0.0789644 0.888003 
2080.0 1880.0 50.496399999999994 220 248 169 0.0250058 0.409306 0.912055 
2030.0 1908.0 37.18920000000003 204 248 176 0.0363446 0.0980203 0.994521 
2040.0 1878.0 45.92760000000004 218 248 169 -0.215512 -0.52426 0.823837 
2050.0 1874.0 45.89920000000001 204 248 175 -0.0614267 -0.443637 0.894099 
2090.0 1860.0 45.04160000000002 218 248 169 -0.192728 -0.47958 0.856072 
2040.0 1901.0 38.30200000000002 204 248 176 0.0391448 0.299268 0.953366 
2050.0 1875.0 48.12520000000001 218 248 169 -0.0832016 -0.326203 0.941631 
2090.0 1870.0 55.587199999999996 222 247 167 -0.0115859 -0.0705686 0.99744 
2010.0 1910.0 41.56639999999999 218 248 169 0.373394 0.613551 0.695796 
2040.0 1891.0 54.69560000000001 221 247 167 0.095582 0.123903 0.98768 
2010.0 1903.0 52.095200000000034 220 248 169 0.1044 0.175638 0.978903 
2090.0 1883.0 43.87080000000003 204 248 175 0.00398321 0.479313 0.877635 
2090.0 1859.0 48.14960000000002 218 248 169 -0.258814 -0.425303 0.867256 
2030.0 1876.0 37.498400000000004 204 248 176 -0.123309 -0.209753 0.969948 
2070.0 1874.0 54.34840000000003 221 248 168 -0.0491064 -0.131331 0.990122 
2000.0 1888.0 39.65680000000003 203 248 176 -0.225343 -0.328686 0.917162 
2100.0 1877.0 49.81120000000004 219 248 169 0.174947 0.298926 0.938103 
2100.0 1862.0 51.18440000000004 221 248 168 0.483786 -0.0120611 0.875103 
2020.0 1883.0 45.8664 205 248 175 -0.164706 -0.453307 0.876005 
2000.0 1902.0 45.09680000000003 221 247 167 -0.554361 0.00953446 0.832222 
2040.0 1891.0 53.33320000000003 221 248 168 0.0470882 0.141264 0.988851 
2060.0 1882.0 55.312400000000025 222 247 167 0.0527552 0.102143 0.99337 
2020.0 1904.0 45.46640000000002 218 248 169 0.12968 0.511436 0.84948 
2100.0 1873.0 50.36680000000001 221 248 168 0.427644 0.192513 0.88321 
2030.0 1883.0 50.97720000000004 219 248 169 -0.0638777 -0.251753 0.965681 
2040.0 1875.0 40.96640000000002 203 248 176 -0.17624 -0.426762 0.887025 
2100.0 1864.0 49.59480000000002 222 247 167 0.510647 -0.107883 0.852996 
2110.0 1874.0 40.057600000000036 205 248 175 0.252453 -0.0304896 0.967129 
2070.0 1883.0 52.636000000000024 220 248 168 0.0583488 0.177428 0.982403 
2060.0 1895.0 40.48480000000001 204 248 175 0.108969 0.237168 0.965338 
2080.0 1880.0 52.3116 220 248 169 0.146767 0.187607 0.971217 
2090.0 1854.0 38.643200000000036 204 248 176 -0.0662763 -0.320985 0.944762 
2100.0 1879.0 44.39519999999999 204 248 175 0.165269 0.519629 0.838255 
2090.0 1870.0 55.3716 222 247 167 -0.00971995 -0.1026 0.994675 
2080.0 1874.0 55.50880000000001 222 247 167 -0.0110094 0.0130111 0.999855 
2030.0 1890.0 54.89000000000004 222 247 167 -0.0359437 0.0154044 0.999235 
2000.0 1896.0 41.636000000000024 203 248 176 -0.458081 -0.0938575 0.883942 
2040.0 1886.0 54.12800000000004 221 248 168 -0.0331298 -0.149655 0.988183 
2070.0 1868.0 51.21879999999999 219 248 169 -0.044611 -0.215821 0.975413 
2080.0 1885.0 40.38440000000003 204 248 176 0.173428 0.432842 0.88463 
2070.0 1871.0 53.65480000000002 221 248 168 -0.0531782 -0.112014 0.992283 
1990.0 1889.0 36.62360000000001 203 248 176 -0.0558594 -0.0263488 0.998091 
2010.0 1899.0 54.446000000000026 222 247 167 -0.133583 0.199738 0.970701 
2090.0 1857.0 41.77000000000004 203 248 176 -0.392854 -0.392854 0.831463 
2000.0 1892.0 48.58320000000003 219 248 169 -0.267633 -0.350437 0.897533 
2080.0 1874.0 55.4212 222 247 167 -0.0150724 -0.0130627 0.999801 
2050.0 1896.0 42.624000000000024 204 248 175 0.178436 0.608512 0.773223 
2070.0 1868.0 48.14359999999999 219 248 169 -0.291879 -0.348757 0.890604 
2020.0 1904.0 50.660799999999995 219 248 169 0.153215 0.288803 0.945049 
2080.0 1863.0 42.28120000000001 204 248 176 -0.356065 -0.507514 0.784632 
2060.0 1888.0 50.52879999999999 220 248 168 0.0702554 0.282299 0.956751 
2110.0 1874.0 38.452800000000025 204 248 175 0.210166 -0.0296845 0.977215 
2090.0 1853.0 37.2552 204 248 176 -0.092878 -0.158013 0.983059 
2060.0 1888.0 53.048 220 248 168 0.0714435 0.141716 0.987326 
2030.0 1906.0 37.860000000000014 204 248 176 0.0490026 0.280194 0.958692 
2010.0 1892.0 50.92160000000001 220 248 169 -0.240571 -0.224075 0.944413 
2060.0 1895.0 43.16560000000004 218 248 169 0.0497883 0.421182 0.905609 
2070.0 1865.0 45.95760000000001 218 248 169 -0.160303 -0.483851 0.860343 
2090.0 1871.0 55.68360000000001 222 247 167 -0.0232481 0.0111187 0.999668 
2080.0 1884.0 47.09720000000004 218 248 169 0.0760701 0.584161 0.808065 
2010.0 1897.0 54.07800000000003 221 247 167 -0.131506 -0.00994581 0.991266 
2090.0 1863.0 52.90160000000003 221 248 168 -0.0640233 -0.138523 0.988288 
2010.0 1913.0 37.012400000000014 203 248 176 0.116596 0.100108 0.988121 
2010.0 1891.0 50.58480000000003 219 248 169 -0.16937 -0.238718 0.956205 
2100.0 1869.0 43.164800000000014 205 248 175 0.240875 -0.042795 0.969612 
2110.0 1870.0 44.67560000000003 220 248 168 -0.16276 0.00112249 0.986665 
2060.0 1887.0 50.57760000000002 219 248 169 0.100994 0.29249 0.95092 
2020.0 1898.0 54.43000000000001 221 247 167 0.0236462 0.140751 0.989763 
2090.0 1851.0 37.09960000000001 206 248 174 -0.0216542 -0.034028 0.999186 
2100.0 1855.0 47.16120000000001 218 248 169 0.0209454 -0.654893 0.755431 
2070.0 1872.0 52.54400000000004 220 248 168 -0.0531461 -0.171249 0.983793 
2100.0 1863.0 53.23320000000001 221 248 168 0.195617 -0.0222558 0.980428 
2020.0 1908.0 37.48480000000001 204 248 176 0.0361055 0.173539 0.984165 
2050.0 1880.0 53.53399999999999 221 248 168 -0.0346861 -0.117485 0.992469 
2080.0 1887.0 39.67920000000004 204 248 175 0.245289 0.256502 0.934901 
2020.0 1882.0 46.786400000000015 205 248 175 -0.201643 -0.384427 0.900864 
2100.0 1850.0 36.634000000000015 203 248 176 -0.00754554 -0.100248 0.994934 
2110.0 1870.0 38.02199999999999 204 248 175 0.216283 -0.110039 0.97011 
2080.0 1864.0 45.1816 216 248 170 -0.174131 -0.507511 0.843867 
2070.0 1878.0 55.17080000000004 222 247 167 -0.0374174 -0.0609368 0.99744 
2030.0 1882.0 45.48520000000002 218 248 169 -0.319323 -0.470333 0.82269 
2110.0 1873.0 38.182000000000016 204 248 175 0.218987 0.0299162 0.975269 
2020.0 1894.0 55.21719999999999 222 247 167 0.0132179 0.0294861 0.999478 
2100.0 1870.0 55.3528 222 247 167 0.0179492 0.0644058 0.997762 
2030.0 1893.0 54.20120000000003 221 248 168 0.027732 0.116475 0.992806 
2060.0 1888.0 50.32120000000003 220 248 168 0.0723783 0.338204 0.938285 
2080.0 1885.0 44.80920000000003 218 248 169 0.0913713 0.60189 0.793335 
2090.0 1858.0 40.562400000000025 204 248 175 -0.174581 -0.408318 0.89599 
2010.0 1910.0 40.668000000000006 204 248 176 0.172733 0.308156 0.935523 
2010.0 1900.0 52.402000000000044 222 247 167 -0.217239 0.343841 0.913554 
2000.0 1898.0 42.56880000000001 221 248 168 -0.472113 -0.0173866 0.881367 
2090.0 1858.0 41.99119999999999 218 248 169 -0.192917 -0.545331 0.815719 
2080.0 1868.0 53.35200000000003 221 248 168 -0.0367864 -0.200545 0.978994 
2070.0 1887.0 46.07839999999999 218 248 169 0.29127 0.565032 0.771946 
2080.0 1863.0 46.548400000000015 218 248 169 -0.165013 -0.521798 0.836958 
2010.0 1885.0 37.900000000000034 204 248 176 -0.0808576 -0.222669 0.971535 
2080.0 1855.0 36.529600000000016 204 248 176 -0.0174937 -0.0360164 0.999198 
2090.0 1875.0 53.52359999999999 221 248 168 0.0657999 0.175865 0.982213 
2070.0 1874.0 53.605999999999995 221 248 168 -0.0446944 -0.140959 0.989006 
2020.0 1878.0 37.37520000000001 204 248 176 -0.0963312 -0.136767 0.985908 
2000.0 1887.0 36.60759999999999 203 248 176 -0.102359 -0.0551164 0.993219 
2090.0 1880.0 44.47000000000003 205 248 175 0.212283 0.536052 0.817059 
2020.0 1884.0 48.339200000000005 219 248 169 -0.0957375 -0.35733 0.929058 
2040.0 1887.0 55.20960000000002 222 247 167 0.00493566 0.00690992 0.999964 
2040.0 1902.0 39.94240000000002 204 248 176 0.186268 0.388419 0.902461 
2080.0 1867.0 52.995600000000024 221 248 168 -0.0607217 -0.177403 0.982263 
2000.0 1905.0 43.48760000000004 221 248 168 -0.165118 0.409205 0.897378 
2070.0 1870.0 52.25200000000001 220 248 168 -0.0427366 -0.151311 0.987562 
2050.0 1874.0 46.932000000000016 218 248 169 0.067497 -0.353367 0.933047 
2010.0 1902.0 44.61360000000002 203 248 176 -0.224618 0.0732182 0.971692 
2110.0 1871.0 42.81400000000002 220 248 168 0.207689 0.345193 0.915263 
2030.0 1903.0 44.205600000000004 204 248 176 0.160054 0.560938 0.812238 
2020.0 1907.0 41.80880000000002 204 248 176 0.102543 0.53871 0.836228 
2090.0 1872.0 54.73079999999999 221 247 167 0.0393298 0.11799 0.992236 
2010.0 1900.0 54.491600000000005 221 248 168 0.0158982 0.0710121 0.997349 
2090.0 1851.0 36.94999999999999 203 248 176 -0.0534282 -0.0199046 0.998373 
2110.0 1867.0 37.71440000000001 204 248 175 0.133338 -0.0637701 0.989017 
2080.0 1882.0 49.12520000000001 220 248 169 0.246022 0.366823 0.89717 
2060.0 1891.0 49.99000000000001 218 248 169 0.0907141 0.369626 0.924742 
2000.0 1909.0 36.95320000000004 204 248 176 -0.111403 0.0723542 0.991138 
2080.0 1859.0 37.1388 204 248 176 0.0173633 -0.184051 0.982763 
2080.0 1870.0 54.23079999999999 221 248 168 -0.0822106 -0.114632 0.99 
2060.0 1888.0 52.398799999999994 220 248 168 0.0869079 0.233014 0.968582 
2020.0 1882.0 44.28399999999999 215 248 170 0.0314362 -0.509813 0.859711 
2050.0 1878.0 51.97120000000001 220 248 169 -0.0444474 -0.210224 0.976642 
2060.0 1875.0 51.48520000000002 220 248 168 0.00830507 -0.236101 0.971693 
2080.0 1875.0 55.34360000000004 222 247 167 0.0158359 0.0665107 0.99766 
2050.0 1878.0 53.36880000000002 221 248 168 -0.104238 -0.17046 0.979836 
2010.0 1884.0 38.558400000000006 204 248 176 -0.0999926 -0.387643 0.91637 
2050.0 1875.0 51.2792 219 248 169 -0.100611 -0.235607 0.966626 
2000.0 1910.0 38.5668 204 248 176 -0.341242 0.160175 0.926228 
2040.0 1893.0 53.729600000000005 221 248 168 0.0536026 0.122031 0.991078 
2050.0 1887.0 55.22800000000001 222 247 167 0.00304352 0.0375368 0.999291 
2060.0 1872.0 51.41759999999999 220 248 169 -0.071031 -0.29833 0.951816 
2020.0 1908.0 40.21120000000002 203 248 176 0.186543 0.391886 0.900903 
2080.0 1882.0 51.39440000000002 219 248 169 0.11321 0.182878 0.976596 
2060.0 1886.0 52.64280000000002 221 248 168 0.0461065 0.18088 0.982424 
2050.0 1880.0 54.02840000000003 221 248 168 -0.0705918 -0.173488 0.982303 
2070.0 1890.0 43.420000000000016 204 248 176 0.172069 0.525184 0.833411 
2010.0 1902.0 44.903999999999996 203 248 176 -0.1373 0.556581 0.81937 
2000.0 1908.0 39.589200000000005 203 248 176 -0.163538 0.303713 0.938623 
2100.0 1859.0 50.996399999999994 219 248 169 0.0458208 -0.103935 0.993528 
2020.0 1879.0 39.334 204 248 176 -0.0973685 -0.27393 0.956808 
2090.0 1877.0 51.88319999999999 220 248 168 0.0845128 0.238402 0.967482 
2080.0 1883.0 49.59800000000001 219 248 169 0.420544 0.237959 0.87551 
2110.0 1870.0 43.90039999999999 221 248 168 0.304522 0.371184 0.877205 
2100.0 1856.0 46.2756 217 248 170 -0.293885 -0.631129 0.717849 
2100.0 1882.0 38.39920000000001 204 248 175 0.115878 0.256494 0.959574 
2000.0 1900.0 37.5616 203 248 176 -0.325014 0.367739 0.871283 
2070.0 1890.0 39.57839999999999 204 248 176 0.170305 0.282025 0.944171 
2030.0 1885.0 53.196799999999996 221 248 168 -0.0500717 -0.157202 0.986296 
2110.0 1878.0 39.99680000000001 204 248 175 0.0980292 0.238071 0.966288 
2080.0 1889.0 37.314400000000035 204 248 175 0.0399557 0.0701925 0.996733 
2020.0 1889.0 53.46640000000002 221 248 168 -0.0616638 -0.143107 0.987784 
2100.0 1876.0 50.34640000000002 220 248 169 0.199934 0.3006 0.932559 
2070.0 1882.0 54.1216 221 248 168 0.0505553 0.170477 0.984064 
2090.0 1881.0 44.261600000000044 218 248 169 0.332181 0.44868 0.829664 
2020.0 1899.0 53.308400000000006 221 248 168 0.0406343 0.163698 0.985673 
2070.0 1890.0 41.593999999999994 213 248 171 0.126141 0.435117 0.891494 
2040.0 1890.0 54.5292 221 247 167 0.0161808 0.091691 0.995656 
2100.0 1867.0 55.66880000000003 222 247 167 0.0253703 -0.0131926 0.999591 
1990.0 1892.0 36.6816 203 248 176 -0.0686145 0.0137229 0.997549 
2000.0 1906.0 37.19319999999999 204 248 176 -0.14803 0.02147 0.98875 
2000.0 1888.0 36.574400000000026 203 248 176 -0.0426345 -0.0798031 0.995898 
2000.0 1899.0 51.515600000000006 222 247 167 -0.171184 0.260146 0.950274 
2060.0 1886.0 54.248400000000004 221 248 168 0.0449704 0.146442 0.988197 
2000.0 1900.0 47.74880000000002 204 248 176 -0.581141 0.26301 0.77013 
2080.0 1881.0 52.398000000000025 220 248 168 0.0636056 0.186016 0.980486 
2050.0 1866.0 36.781600000000026 204 248 176 -0.0221298 -0.0600666 0.997949 
2040.0 1902.0 39.96520000000004 204 248 176 0.17189 0.459843 0.871205 
2060.0 1883.0 54.747600000000034 221 247 167 0.0231562 0.11137 0.993509 
2000.0 1900.0 46.690800000000024 204 248 175 -0.538988 0.351232 0.76559 
2110.0 1865.0 38.4864 205 248 175 0.277207 -0.0489189 0.959564 
2030.0 1876.0 36.94999999999999 203 248 176 -0.0395506 -0.127692 0.991025 
2010.0 1913.0 37.63319999999999 204 248 176 -0.0467817 0.20512 0.977618 
2080.0 1878.0 53.28880000000004 221 248 168 0.0528401 0.163217 0.985174 
2010.0 1904.0 51.61040000000003 220 248 169 0.0892414 0.230017 0.969086 
2030.0 1880.0 39.4212 204 248 176 -0.125419 -0.576928 0.807109 
2090.0 1872.0 55.15719999999999 222 247 167 0.03489 0.124929 0.991552 
2030.0 1906.0 37.36200000000002 204 248 175 0.0334598 0.160377 0.986489 
2060.0 1892.0 43.79680000000002 204 248 175 0.263156 0.512298 0.817496 
2070.0 1887.0 49.400000000000034 219 248 169 0.113602 0.365444 0.923875 
2090.0 1874.0 54.87479999999999 221 247 167 0.0323072 0.116974 0.992609 
2050.0 1889.0 53.367999999999995 221 248 168 0.024099 0.166398 0.985764 
2050.0 1883.0 54.47320000000002 221 247 167 -0.0396394 -0.127979 0.990984 
2070.0 1878.0 55.09480000000002 222 247 167 0.029427 0.011162 0.999505 
2060.0 1871.0 49.94999999999999 219 248 169 -0.119238 -0.360456 0.925124 
2060.0 1876.0 53.49279999999999 221 248 168 -0.0449551 -0.148698 0.98786 
2010.0 1900.0 51.64920000000001 222 247 167 -0.139938 0.40568 0.903239 
2110.0 1873.0 41.96520000000004 205 248 175 0.189439 -0.0512319 0.980555 
2110.0 1865.0 41.93360000000001 205 248 175 0.569284 0.196884 0.798218 
2010.0 1907.0 47.54920000000004 220 248 168 -0.260503 0.0911117 0.961164 
2030.0 1879.0 43.410799999999995 204 248 176 -0.0973867 -0.582867 0.806711 
2070.0 1892.0 39.6148 204 248 175 0.114528 0.240637 0.963835 
2050.0 1871.0 45.881200000000035 218 248 169 -0.0805635 -0.507409 0.857931 
2000.0 1901.0 36.58760000000001 204 248 176 -0.0420395 0.0635982 0.99709 
2100.0 1863.0 48.67720000000003 221 248 168 0.606026 -0.0824427 0.791161 
2010.0 1893.0 53.77520000000004 221 248 168 -0.057704 -0.109751 0.992283 
2090.0 1869.0 55.279600000000016 222 247 167 -0.00964709 -0.0911114 0.995794 
2030.0 1893.0 54.877200000000016 222 247 167 0.0495926 0.0848584 0.995158 
2070.0 1890.0 42.307600000000036 204 248 175 -0.128459 0.480639 0.867459 
2110.0 1873.0 40.8732 205 248 175 0.246171 0.00118923 0.969226 
2010.0 1901.0 53.06760000000003 220 248 168 0.0823516 0.153962 0.984639 
2100.0 1870.0 54.789199999999994 221 247 167 0.155115 0.160159 0.974827 
2030.0 1904.0 39.202 204 248 176 0.085262 0.313502 0.945752 
2010.0 1890.0 48.23320000000001 219 248 169 -0.289782 -0.386881 0.875414 
2100.0 1870.0 41.52320000000003 205 248 175 0.105267 0.318465 0.942071 
2030.0 1878.0 39.88159999999999 203 248 176 -0.167982 -0.448438 0.877887 
2010.0 1883.0 36.867999999999995 203 248 176 -0.00988916 -0.124164 0.992212 
2000.0 1902.0 37.22360000000003 203 248 176 -0.243224 -0.0378892 0.96923 
2080.0 1865.0 48.57040000000001 218 248 169 -0.179536 -0.433513 0.883082 
2050.0 1874.0 45.93720000000002 218 248 169 -0.220558 -0.566049 0.794319 
2040.0 1891.0 53.68080000000003 221 248 168 0.0259628 0.138845 0.989974 
2050.0 1874.0 49.91160000000002 219 248 169 -0.123124 -0.37214 0.919974 
2050.0 1876.0 49.73720000000003 219 248 169 -0.0431018 -0.361794 0.931261 
2030.0 1892.0 54.53040000000004 221 248 168 0.0229711 0.103917 0.994321 
2010.0 1898.0 54.849199999999996 222 247 167 -0.0696143 0.0310587 0.99709 
2100.0 1851.0 36.77800000000002 204 248 176 0.0394071 -0.120473 0.991934 
2050.0 1883.0 55.41120000000001 222 247 167 -0.0320933 -0.0300228 0.999034 
2030.0 1903.0 44.964 218 248 169 0.0883391 0.603892 0.792156 
2100.0 1851.0 37.1404 206 248 174 0.00515276 -0.0525581 0.998605 
2110.0 1874.0 41.87880000000001 205 248 175 0.0781206 0.0894424 0.992924 
2000.0 1895.0 50.99040000000002 220 248 168 -0.40643 -0.130789 0.904272 
2100.0 1876.0 51.29320000000001 219 248 169 0.110247 0.30152 0.947065 
1990.0 1887.0 36.31120000000004 203 248 176 -0.0153123 -0.0316454 0.999382 
2050.0 1871.0 38.91919999999999 204 248 176 -0.0736056 -0.373381 0.924753 
2090.0 1879.0 50.41360000000003 219 248 169 -0.129389 0.289457 0.948406 
2080.0 1875.0 55.41360000000003 222 247 167 -0.0195524 0.0339595 0.999232 
2010.0 1910.0 43.85400000000004 203 248 176 0.199204 0.435297 0.877972 
2030.0 1890.0 55.021600000000035 222 247 167 0.00915011 0.0335504 0.999395 
2020.0 1892.0 53.745600000000024 221 248 168 -0.0492027 -0.133877 0.989776 
2080.0 1866.0 50.7568 219 248 169 -0.0826513 -0.258126 0.962569 
2100.0 1870.0 42.05160000000001 205 248 175 0.578002 0.0610665 0.813747 
2050.0 1871.0 43.75040000000001 217 248 170 -0.379686 -0.606512 0.698557 
2080.0 1873.0 55.2072 222 247 167 -0.0611522 0.00103648 0.998128 
2000.0 1891.0 38.410000000000025 218 248 169 -0.168444 -0.0704837 0.983188 
2000.0 1890.0 41.122000000000014 204 248 176 -0.549447 0.090379 0.830626 
2040.0 1893.0 51.37080000000003 219 248 169 0.14397 0.327703 0.933747 
2100.0 1877.0 49.98520000000002 219 248 169 0.0624186 0.373184 0.925655 
2050.0 1894.0 47.68119999999999 218 248 169 0.178425 0.520281 0.835148 
2040.0 1878.0 50.14080000000001 219 248 169 -0.139019 -0.263474 0.954597 
2010.0 1887.0 47.11200000000002 218 248 169 -0.154453 -0.49572 0.854638 
2100.0 1872.0 42.936800000000005 205 248 175 0.297202 0.0817631 0.951307 
2090.0 1871.0 55.58000000000004 222 247 167 0.0318046 0.0976073 0.994717 
2000.0 1885.0 36.650800000000004 203 248 176 -0.0353527 -0.0632063 0.997374 
2070.0 1888.0 43.825199999999995 218 248 169 0.276436 0.423054 0.862907 
2100.0 1873.0 44.32960000000003 206 248 174 0.295333 -0.202954 0.933589 
2020.0 1907.0 38.91680000000002 203 248 176 0.258139 0.355495 0.898325 
2020.0 1881.0 40.166 204 248 176 -0.152417 -0.319938 0.935098 
2080.0 1885.0 42.77120000000002 204 248 175 0.529497 0.479387 0.699872 
2020.0 1901.0 52.34280000000001 220 248 168 0.0468046 0.20282 0.978097 
2010.0 1912.0 37.668000000000006 204 248 176 0.0931496 0.251376 0.963397 
2020.0 1898.0 53.66520000000003 221 248 168 0.0527381 0.160558 0.985616 
2010.0 1907.0 48.23400000000004 219 248 169 0.0364109 0.451765 0.891393 
2090.0 1875.0 53.25999999999999 220 248 168 0.0700452 0.162647 0.984195 
2070.0 1885.0 51.619200000000035 220 248 169 0.0586021 0.250617 0.966311 
2050.0 1900.0 37.01840000000004 204 248 176 -0.0137209 0.0707153 0.997402 
2000.0 1890.0 38.54240000000004 203 248 176 -0.165263 -0.127986 0.97791 
2030.0 1887.0 53.24720000000002 221 248 168 -0.0385353 -0.171657 0.984403 
2090.0 1854.0 37.3904 204 248 176 -0.0773676 -0.158306 0.984354 
2070.0 1874.0 53.11400000000003 221 248 168 -0.0643813 -0.148662 0.98679 
2080.0 1862.0 45.20519999999999 204 248 175 -0.163386 -0.553113 0.816928 
2090.0 1871.0 55.61200000000002 222 247 167 0.0441081 0.0591694 0.997273 
2020.0 1881.0 42.81639999999999 217 248 170 -0.153436 -0.474921 0.866549 
2060.0 1865.0 37.032399999999996 204 248 176 -0.0629637 -0.0740099 0.995268 
2080.0 1883.0 47.61160000000001 219 248 169 0.389362 0.364342 0.845962 
2000.0 1888.0 40.60400000000004 204 248 176 -0.00393897 -0.442477 0.896771 
2040.0 1900.0 39.2568 204 248 176 -0.0618742 0.457869 0.886864 
2090.0 1862.0 51.71199999999999 220 248 168 -0.171956 -0.211336 0.962168 
2030.0 1898.0 53.184000000000026 220 248 168 0.0608641 0.177819 0.982179 
2110.0 1876.0 41.07800000000003 204 248 175 0.187638 0.272554 0.943667 
2050.0 1877.0 52.2088 220 248 168 -0.0616812 -0.197138 0.978433 
2090.0 1873.0 55.416 221 247 167 0.0333408 0.069908 0.996996 
2030.0 1880.0 43.710800000000006 213 248 171 -0.364752 -0.580659 0.727868 
2100.0 1877.0 46.0376 218 248 169 0.221036 0.382055 0.897317 
2070.0 1890.0 44.04320000000001 218 248 169 0.294685 0.466194 0.83416 
2100.0 1866.0 54.13839999999999 222 247 167 0.362078 0.292968 0.884912 
2080.0 1858.0 37.804400000000044 204 248 176 -0.05898 -0.264782 0.962503 
2090.0 1881.0 41.46039999999999 204 248 175 0.227031 0.41103 0.882899 
2040.0 1889.0 55.00600000000003 222 247 167 0.00695089 0.00893687 0.999936 
2000.0 1892.0 38.9264 204 248 176 -0.294887 -0.0338806 0.954931 
2110.0 1856.0 37.82400000000001 204 248 175 0.18323 -0.0126763 0.982988 
2080.0 1874.0 55.57400000000001 222 247 167 0.0030378 0.0334158 0.999437 
2040.0 1876.0 44.247600000000034 218 248 169 -0.242188 -0.470668 0.84842 
2050.0 1894.0 44.822400000000016 218 248 169 0.060355 0.529159 0.846373 
2010.0 1912.0 37.72040000000004 204 248 176 0.109887 0.210933 0.971304 
2060.0 1878.0 53.686000000000035 221 248 168 -0.0507696 -0.173561 0.983514 
2010.0 1887.0 42.452 204 248 176 -0.151291 -0.503813 0.850461 
2010.0 1882.0 37.53680000000003 204 248 176 -0.0970624 -0.225639 0.969364 
2050.0 1887.0 54.510400000000004 221 248 168 0.067322 0.110682 0.991573 
2010.0 1900.0 53.89680000000004 221 248 168 0.0554343 0.112 0.992161 
2080.0 1886.0 42.41759999999999 218 248 169 0.175964 0.480574 0.859119 
2040.0 1883.0 52.54759999999999 220 248 168 -0.0909892 -0.168633 0.98147 
2000.0 1890.0 42.729600000000005 218 248 169 -0.268788 -0.0383983 0.962434 
2110.0 1874.0 41.47000000000003 205 248 175 0.199134 -0.0441196 0.978979 
2010.0 1892.0 52.6644 221 248 168 -0.0481172 -0.167823 0.984642 
2050.0 1884.0 55.39680000000004 222 247 167 0.0344393 0.0365265 0.998739 
2040.0 1892.0 54.418000000000006 221 247 167 0.0184091 0.0963771 0.995175 
2090.0 1880.0 50.06080000000003 219 248 169 0.129029 0.370438 0.919852 
2030.0 1890.0 54.91160000000002 222 247 167 -0.00323866 -0.106876 0.994267 
2030.0 1887.0 54.416 221 248 168 -0.0650133 -0.161942 0.984656 
2110.0 1863.0 37.02600000000001 204 248 175 0.0440592 -0.00512316 0.999016 
2060.0 1879.0 55.36360000000002 222 247 167 -0.00949661 -0.0749177 0.997145 
2050.0 1871.0 39.928800000000024 204 248 176 -0.144428 -0.424704 0.893738 
2060.0 1868.0 43.588400000000036 217 248 170 -0.0319119 -0.567476 0.822771 
2090.0 1867.0 53.68799999999999 221 248 168 -0.0469049 -0.136139 0.989579 
2100.0 1866.0 45.546400000000006 205 248 175 0.490126 0.346441 0.799847 
2030.0 1880.0 44.804400000000044 204 248 176 -0.23444 -0.557376 0.796473 
2040.0 1874.0 44.15320000000003 217 248 170 -0.270122 -0.519945 0.810365 
2080.0 1880.0 53.02080000000001 220 248 168 0.0195032 0.168645 0.985484 
2030.0 1881.0 48.7448 218 248 169 -0.0381954 -0.388539 0.92064 
2040.0 1886.0 54.98840000000001 222 247 167 -0.0203381 -0.0802818 0.996565 
2110.0 1862.0 41.150800000000004 205 248 175 0.642757 0.182549 0.744002 
2040.0 1884.0 54.337199999999996 221 247 167 -0.034212 -0.100429 0.994356 
2100.0 1871.0 41.436800000000005 205 248 175 0.0227728 -0.23372 0.972037 
2070.0 1879.0 54.54240000000004 221 248 168 0.0455478 0.0966503 0.994276 
2010.0 1882.0 37.298 204 248 176 -0.0992397 -0.217322 0.971042 
2100.0 1871.0 44.2088 220 248 168 0.488224 0.101061 0.866847 
2040.0 1874.0 41.75800000000004 204 248 176 -0.243178 -0.404302 0.881706 
2050.0 1890.0 53.83080000000001 221 248 168 0.0524322 0.152636 0.986891 
2040.0 1888.0 55.2876 222 247 167 0.00511269 0.0439691 0.99902 
2090.0 1856.0 40.329200000000014 204 248 176 -0.182525 -0.386608 0.904002 
2060.0 1869.0 46.10759999999999 204 248 175 -0.0602459 -0.522598 0.850448 
2090.0 1860.0 43.4588 218 248 169 -0.130279 -0.681343 0.720277 
2030.0 1876.0 36.62760000000003 203 248 176 -0.0261401 -0.0470521 0.99855 
2080.0 1869.0 52.89080000000001 220 248 168 -0.0670218 -0.149329 0.986513 
2110.0 1868.0 40.81999999999999 205 248 175 0.454761 -0.244871 0.856289 
2090.0 1878.0 49.279600000000016 219 248 169 0.159112 0.408531 0.898769 
2030.0 1879.0 44.138000000000034 209 248 173 -0.101341 -0.503848 0.857827 
2070.0 1885.0 51.1284 219 248 169 0.0559465 0.252381 0.966009 
2040.0 1876.0 44.26800000000003 207 248 174 -0.14982 -0.472734 0.868376 
2060.0 1866.0 39.426800000000014 204 248 176 -0.107266 -0.303258 0.946852 
2090.0 1875.0 54.286 221 248 168 0.0464605 0.12125 0.991534 
2100.0 1852.0 37.67560000000003 204 248 176 0.00120347 -0.265967 0.963981 
2110.0 1876.0 37.346000000000004 204 248 175 0.074451 0.00104861 0.997224 
2100.0 1876.0 45.75200000000001 205 248 175 0.280007 0.226538 0.932886 
2000.0 1909.0 39.743600000000015 203 248 176 -0.226886 0.216018 0.949663 
2060.0 1884.0 53.4504 220 248 168 0.0615646 0.194351 0.978998 
2090.0 1884.0 41.61360000000002 204 248 175 0.122535 0.41831 0.900001 
2040.0 1877.0 45.49400000000003 218 248 169 -0.0943013 -0.593373 0.799385 
2030.0 1900.0 50.42080000000004 219 248 169 0.213787 0.337181 0.916845 
2040.0 1883.0 54.031600000000026 221 248 168 -0.0437527 -0.111065 0.99285 
2050.0 1895.0 45.92599999999999 218 248 169 0.216562 0.640337 0.736933 
2090.0 1882.0 41.41560000000004 204 248 175 0.348487 0.271375 0.897169 
2070.0 1894.0 38.234399999999994 204 248 175 0.0575488 0.221624 0.973432 
2050.0 1882.0 55.18560000000002 222 247 167 -0.0254158 -0.111609 0.993427 
2080.0 1867.0 51.290400000000034 219 248 169 -0.119525 -0.232623 0.965194 
2000.0 1891.0 41.91840000000002 204 248 175 -0.367014 -0.226642 0.902183 
2000.0 1893.0 49.80200000000002 220 248 169 -0.225284 -0.270061 0.936117 
2070.0 1866.0 46.715599999999995 218 248 169 -0.0658295 -0.508428 0.858585 
2030.0 1882.0 49.631200000000035 219 248 169 -0.0602901 -0.392556 0.91775 
2000.0 1906.0 43.35880000000003 203 248 176 -0.00382195 0.370729 0.928733 
2020.0 1903.0 49.35000000000002 219 248 169 0.0971379 0.384447 0.918022 
2050.0 1872.0 43.81999999999999 204 248 175 -0.310594 -0.454185 0.835014 
2070.0 1885.0 51.25479999999999 220 248 168 0.0385562 0.272381 0.961417 
2100.0 1876.0 43.32800000000003 205 248 175 0.209412 0.273206 0.938885 
2030.0 1873.0 36.74600000000004 203 248 176 -0.0467307 -0.0684658 0.996558 
2020.0 1910.0 37.02199999999999 204 248 176 0.0383998 0.0910625 0.995105 
2020.0 1890.0 53.898000000000025 221 248 168 -0.0279558 -0.124124 0.991873 
2020.0 1897.0 54.94760000000002 222 247 167 0.00758748 0.109477 0.99396 
2070.0 1879.0 55.41759999999999 222 247 167 -0.0214396 -0.0234815 0.999494 
2010.0 1912.0 38.63760000000002 204 248 176 0.0572631 0.28886 0.955657 
2070.0 1866.0 41.75800000000004 211 248 172 -0.19171 -0.345078 0.918787 
2040.0 1900.0 39.39240000000001 204 248 176 0.15772 0.590325 0.791606 
1990.0 1894.0 36.686000000000035 203 248 176 -0.0836335 0.0314983 0.995999 
2040.0 1889.0 54.46640000000002 221 248 168 0.0511977 0.124012 0.990959 
2030.0 1895.0 54.619200000000035 222 247 167 0.0526378 0.101916 0.993399 
2110.0 1849.0 36.552400000000034 203 248 176 -0.0196302 -0.0382273 0.999076 
2090.0 1865.0 52.2636 220 248 169 -0.0741356 -0.193239 0.978347 
2070.0 1891.0 39.50600000000003 204 248 176 0.0108327 0.256374 0.966517 
2090.0 1860.0 49.343200000000024 219 248 169 -0.204742 -0.347918 0.914895 
2100.0 1862.0 53.19 221 248 168 0.0628695 -0.117738 0.991053 
2040.0 1878.0 47.113200000000006 218 248 169 -0.253305 -0.338228 0.906333 
2030.0 1902.0 46.826400000000035 219 248 169 0.0866804 0.512977 0.854015 
2020.0 1908.0 38.97320000000002 203 248 176 0.111371 0.320694 0.940613 
2000.0 1897.0 46.93040000000002 210 248 172 -0.460478 0.162264 0.872715 
2010.0 1897.0 54.80400000000003 222 247 167 0.0175632 0.0402919 0.999034 
2030.0 1903.0 43.05680000000001 217 248 170 0.197572 0.505241 0.840058 
2080.0 1871.0 55.686800000000005 222 247 167 0.0460031 -0.108837 0.992995 
2050.0 1890.0 52.41640000000001 220 248 168 0.0244721 0.185289 0.982379 
2100.0 1876.0 43.003600000000006 205 248 175 0.143313 0.210451 0.967043 
2110.0 1869.0 43.63159999999999 221 248 168 -0.01694 -0.15246 0.988164 
2100.0 1874.0 44.25720000000001 220 248 169 0.213285 -0.0153188 0.97687 
2080.0 1888.0 39.32400000000001 204 248 175 0.0814588 0.234351 0.968733 
2050.0 1869.0 37.452800000000025 204 248 176 -0.0335109 -0.165244 0.985683 
2070.0 1878.0 55.34559999999999 222 247 167 -0.0199811 -0.0599432 0.998002 
2050.0 1895.0 46.454800000000034 218 248 169 0.0771423 0.495114 0.865397 
2100.0 1877.0 44.39680000000004 218 248 169 0.267032 0.340797 0.901416 
2030.0 1879.0 42.06120000000004 217 248 170 -0.27579 -0.623318 0.731721 
2090.0 1858.0 41.86600000000004 204 248 175 -0.273455 -0.517221 0.81099 
2000.0 1914.0 36.8888 204 248 176 -0.0288038 0.0650752 0.997465 
2090.0 1882.0 44.859200000000044 218 248 169 0.0583876 0.602389 0.796064 
2030.0 1880.0 43.41520000000003 213 248 171 -0.289324 -0.532799 0.795246 
2000.0 1900.0 49.5412 222 247 167 -0.472275 0.294587 0.830768 
2040.0 1890.0 54.68080000000003 222 247 167 0.025756 0.13102 0.991045 
2000.0 1895.0 51.877200000000016 220 248 168 -0.501019 -0.186948 0.845003 
2100.0 1876.0 44.8304 219 248 169 0.277854 0.148994 0.948998 
2050.0 1890.0 52.76920000000001 220 248 168 0.0264026 0.164156 0.986081 
2090.0 1872.0 54.4932 221 247 167 0.0693865 0.147005 0.986699 
2030.0 1875.0 37.01440000000002 204 248 176 -0.0998752 -0.116325 0.988177 
2060.0 1864.0 37.34720000000004 204 248 176 -0.0703137 -0.121032 0.990155 
2100.0 1852.0 37.33800000000002 204 248 176 -0.014571 -0.142348 0.989709 
2090.0 1876.0 51.44440000000003 220 248 169 0.105973 0.281286 0.953755 
2070.0 1875.0 54.7996 222 247 167 -0.0133488 -0.0400465 0.999109 
2080.0 1866.0 51.22720000000004 219 248 169 -0.0574428 -0.218772 0.974084 
2050.0 1882.0 55.10239999999999 222 247 167 -0.0201819 -0.0690433 0.99741 
2040.0 1893.0 53.39440000000002 221 248 168 0.0710412 0.131601 0.988754 
2080.0 1870.0 54.74440000000004 221 248 168 -0.0440375 -0.196384 0.979538 
2090.0 1862.0 52.33760000000001 220 248 169 -0.0650133 -0.161942 0.984656 
2010.0 1901.0 53.837199999999996 221 248 168 -0.108406 0.190645 0.975655 
2020.0 1879.0 37.918000000000006 204 248 176 -0.171617 -0.208299 0.962891 
2080.0 1872.0 55.005600000000015 221 247 167 -0.0359154 -0.0838025 0.995835 
2010.0 1906.0 49.977599999999995 219 248 169 0.0378322 0.371799 0.927542 
2000.0 1915.0 36.6216 203 248 176 -0.00515331 0.0505024 0.998711 
2010.0 1887.0 44.03200000000004 208 248 173 -0.140722 -0.474392 0.868993 
2100.0 1856.0 46.4092 218 248 169 -0.497252 -0.52404 0.691464 
2030.0 1906.0 37.20800000000003 203 248 176 0.0206587 0.0989442 0.994879 
2020.0 1902.0 51.20920000000001 220 248 169 0.0652952 0.293188 0.953822 
2070.0 1882.0 54.2244 221 247 167 0.0425715 0.146124 0.98835 
2040.0 1872.0 36.42520000000002 203 248 176 0.0 0.0 0.0 
2000.0 1910.0 36.64960000000002 203 248 176 -0.0286893 0.0605664 0.997752 
2070.0 1886.0 47.863200000000006 218 248 169 0.167552 0.44729 0.878554 
2000.0 1890.0 39.229600000000005 217 248 170 -0.211424 -0.190148 0.95872 
2100.0 1861.0 44.403999999999996 221 248 168 0.681191 0.182984 0.708869 
2010.0 1908.0 43.61240000000004 204 248 176 0.183782 0.503533 0.844203 
2110.0 1877.0 37.10640000000001 204 248 175 0.0312661 -0.00302575 0.999507 
2040.0 1892.0 53.15840000000003 220 248 168 0.0332568 0.154816 0.987383 
2110.0 1873.0 37.73760000000004 204 248 176 0.130486 -0.0419825 0.990561 
2010.0 1886.0 44.54759999999999 216 248 170 -0.161406 -0.513834 0.842569 
2000.0 1904.0 47.33760000000001 221 248 168 0.0891161 0.407192 0.908984 
2100.0 1872.0 52.76640000000003 221 248 168 0.331112 0.114875 0.936573 
2070.0 1871.0 52.845200000000034 220 248 168 -0.0450577 -0.149037 0.987804 
2000.0 1901.0 43.01800000000003 222 247 167 -0.49157 -0.166809 0.854712 
2000.0 1885.0 37.499600000000044 204 248 176 -0.0560982 -0.12708 0.990305 
2090.0 1858.0 47.269600000000025 218 248 169 -0.105664 -0.548585 0.829391 
2040.0 1880.0 50.205600000000004 219 248 169 -0.100188 -0.274542 0.956342 
2110.0 1872.0 41.99279999999999 205 248 175 0.00364908 0.280979 0.959707 
2100.0 1881.0 39.88920000000002 204 248 175 0.0603031 0.304081 0.950736 
2060.0 1896.0 37.46600000000001 204 248 176 0.0818047 0.0728398 0.993983 
2100.0 1866.0 54.64840000000004 222 247 167 0.294304 -0.0954854 0.95093 
2080.0 1858.0 36.9196 204 248 176 -0.00946108 -0.06833 0.997618 
2100.0 1875.0 43.786 204 248 175 0.2341 0.111293 0.965822 
2050.0 1869.0 39.07560000000001 204 248 176 -0.196853 -0.268436 0.942969 
2110.0 1866.0 39.39080000000001 205 248 175 0.489201 -0.0202149 0.871937 
2090.0 1883.0 42.67760000000004 204 248 175 -0.00932744 0.478364 0.878112 
2000.0 1885.0 36.41680000000002 203 248 176 -0.0275635 -0.0193965 0.999432 
2080.0 1861.0 41.5172 203 248 176 -0.131282 -0.559056 0.81867 
2110.0 1859.0 41.67520000000002 220 248 168 0.55195 0.0635237 0.831454 
2020.0 1895.0 55.322 222 247 167 0.00494542 0.00692359 0.999964 
2090.0 1860.0 50.49920000000003 219 248 169 -0.115875 -0.299677 0.946978 
2110.0 1869.0 39.1696 204 248 175 0.266998 -0.154295 0.951265 
2100.0 1865.0 47.141200000000026 222 247 167 0.612396 0.239633 0.753357 
2110.0 1877.0 42.16360000000003 218 248 169 0.165295 0.231413 0.95871 
2080.0 1886.0 43.51840000000004 204 248 175 0.576943 0.456538 0.677281 
2000.0 1898.0 48.95400000000001 221 248 168 -0.562438 0.227764 0.79485 
2000.0 1895.0 46.886799999999994 220 248 168 -0.435164 -0.0528704 0.898797 
2090.0 1879.0 50.41840000000002 220 248 169 0.13152 0.31592 0.939626 
2020.0 1893.0 55.079200000000014 222 247 167 -0.0199811 -0.0599432 0.998002 
2100.0 1865.0 45.68720000000002 206 248 174 0.452281 0.357064 0.81728 
2080.0 1870.0 53.896000000000015 221 248 168 -0.0934047 -0.128875 0.987252 
2110.0 1872.0 37.43240000000003 204 248 175 0.113516 0.00108111 0.993536 
2090.0 1857.0 37.4196 204 248 176 -0.123511 -0.288192 0.949574 
2020.0 1878.0 37.88280000000003 204 248 176 0.0107459 -0.239992 0.970715 
2040.0 1904.0 37.05799999999999 204 248 175 0.0384579 0.0280639 0.998866 
2010.0 1911.0 39.22280000000001 204 248 175 -0.00624417 0.325946 0.945368 
2100.0 1879.0 44.41919999999999 204 248 175 0.0749405 0.521756 0.849797 
2090.0 1882.0 44.918000000000006 204 248 175 0.140849 0.567845 0.810995 
2000.0 1904.0 45.103200000000015 219 248 169 -0.224868 0.509394 0.830634 
2110.0 1875.0 41.68040000000002 205 248 175 0.148285 0.00334478 0.988939 
2050.0 1869.0 38.27600000000001 204 248 176 -0.066727 -0.260613 0.963135 
2020.0 1904.0 50.11600000000004 219 248 169 0.272173 0.421183 0.865174 
2050.0 1898.0 37.8904 204 248 175 -0.0620485 0.36041 0.930728 
2030.0 1881.0 49.5172 219 248 169 -0.0307244 -0.436821 0.899023 
2100.0 1854.0 39.87760000000003 204 248 176 0.188772 -0.384749 0.903512 
2040.0 1901.0 43.57760000000002 218 248 169 0.153155 0.41366 0.897457 
2090.0 1880.0 48.265600000000006 219 248 169 0.075547 0.429931 0.899696 
2100.0 1866.0 45.54000000000002 222 247 167 0.558484 0.180107 0.809726 
2070.0 1861.0 36.8596 203 248 176 -0.0362085 -0.0910699 0.995186 
2080.0 1886.0 43.7072 217 248 170 0.00134404 0.525521 0.85078 
2020.0 1911.0 37.12960000000004 204 248 176 0.0412473 0.108135 0.99328 
2050.0 1883.0 55.38480000000004 222 247 167 0.0194736 -0.0317728 0.999305 
2090.0 1868.0 54.14280000000002 221 248 168 -0.0570065 -0.145425 0.987726 
2030.0 1885.0 52.92439999999999 220 248 168 -0.0217558 -0.166031 0.98588 
2050.0 1880.0 53.09720000000004 220 248 168 -0.0642768 -0.143746 0.987525 
2050.0 1889.0 53.15559999999999 220 248 168 0.0475638 0.151972 0.98724 
2070.0 1885.0 50.3596 219 248 169 0.176171 0.312114 0.933568 
2070.0 1861.0 38.044399999999996 204 248 176 -0.115378 -0.214273 0.969936 
2040.0 1892.0 53.61400000000003 221 248 168 0.0517034 0.136727 0.989259 
2110.0 1865.0 43.09160000000003 222 247 167 0.745068 0.0951461 0.660168 
2030.0 1894.0 54.52800000000002 221 247 167 0.0713187 0.0962236 0.992801 
2030.0 1876.0 40.940800000000024 204 248 176 -0.125478 -0.421549 0.898082 
2010.0 1901.0 53.65719999999999 221 247 167 -0.00563938 0.161286 0.986892 
2100.0 1871.0 51.61880000000002 221 248 168 0.637834 0.271994 0.720546 
2000.0 1896.0 43.28000000000003 213 248 171 -0.604491 -0.0236238 0.796261 
2010.0 1885.0 43.58359999999999 212 248 171 -0.233557 -0.493064 0.838057 
2070.0 1877.0 54.86400000000003 221 247 167 -0.027577 -0.106999 0.993877 
2020.0 1882.0 44.997600000000034 218 248 169 -0.0122455 -0.534721 0.84494 
2010.0 1909.0 39.512400000000014 204 248 176 0.238953 0.301911 0.922904 
2010.0 1890.0 50.560400000000016 219 248 169 -0.0826513 -0.258126 0.962569 
2070.0 1886.0 51.25040000000001 220 248 169 0.0875503 0.244887 0.965591 
2000.0 1910.0 37.69839999999999 203 248 176 -0.148842 0.12916 0.980389 
2020.0 1891.0 54.672000000000025 221 247 167 -0.0338687 -0.0906808 0.995304 
2000.0 1895.0 41.83680000000004 204 248 176 -0.451699 0.171032 0.875623 
2030.0 1903.0 40.75479999999999 203 248 176 0.215525 0.432537 0.875478 
2060.0 1882.0 55.522400000000005 222 247 167 -0.011053 0.0170819 0.999793 
2070.0 1878.0 54.83000000000004 222 247 167 0.025881 0.0362335 0.999008 
2040.0 1899.0 43.17560000000003 203 248 176 0.239317 0.471013 0.849043 
2110.0 1866.0 39.46719999999999 204 248 175 0.414642 -0.110292 0.903276 
2050.0 1870.0 40.67560000000003 204 248 176 -0.260059 -0.478571 0.838653 
2040.0 1901.0 37.77719999999999 204 248 175 -0.0058491 0.214077 0.976799 
2010.0 1888.0 48.04920000000004 218 248 169 -0.150321 -0.55217 0.820069 
2040.0 1885.0 54.36880000000002 221 247 167 -0.032126 -0.107456 0.993691 
2050.0 1891.0 51.61840000000001 220 248 169 0.0474127 0.222475 0.973785 
2000.0 1912.0 37.757600000000025 204 248 176 -0.102029 0.0791012 0.991632 
2000.0 1907.0 41.048400000000015 220 248 168 -0.147347 0.222976 0.963624 
2110.0 1865.0 40.39960000000002 205 248 175 0.486771 -0.00400086 0.87352 
2060.0 1868.0 43.59200000000004 204 248 176 -0.120294 -0.511612 0.850754 
2110.0 1863.0 37.44560000000001 204 248 176 0.18964 -0.0664343 0.979604 
2110.0 1858.0 39.8716 204 248 175 0.492889 0.0538451 0.868424 
2110.0 1880.0 38.04400000000004 204 248 175 0.065292 0.165011 0.984128 
2030.0 1886.0 52.6112 221 248 168 -0.0601628 -0.161614 0.985018 
2030.0 1885.0 53.1524 221 248 168 -0.00112706 -0.165678 0.986179 
2110.0 1870.0 43.74720000000002 221 248 168 -0.257524 0.192121 0.94698 
2050.0 1882.0 55.32560000000001 222 247 167 -0.0230159 -0.106311 0.994066 
2010.0 1900.0 53.18920000000003 222 247 167 -0.230044 0.286496 0.930054 
2000.0 1893.0 44.054400000000044 219 248 169 -0.557118 -0.179667 0.810765 
2000.0 1905.0 39.07040000000001 204 248 176 -0.290619 0.647068 0.704871 
2030.0 1883.0 51.825199999999995 220 248 169 -0.0223785 -0.203762 0.978765 
2090.0 1858.0 38.94999999999999 204 248 176 -0.116172 -0.353983 0.928009 
2010.0 1903.0 49.05279999999999 221 248 168 -0.384483 0.147878 0.911211 
2060.0 1885.0 53.30959999999999 220 248 168 0.0612145 0.186044 0.980633 
2020.0 1907.0 38.2792 204 248 176 0.0430376 0.358646 0.932481 
2080.0 1867.0 52.13480000000004 220 248 168 -0.0536559 -0.184815 0.981308 
2110.0 1861.0 39.886000000000024 205 248 175 0.50573 0.164622 0.846839 
2080.0 1870.0 55.38159999999999 221 247 167 -0.0425571 -0.148375 0.988015 
2030.0 1878.0 37.31200000000001 203 248 176 0.00113287 -0.175594 0.984462 
2000.0 1887.0 38.35239999999999 203 248 176 -0.0279376 -0.249009 0.968098 
2030.0 1897.0 53.3408 221 248 168 0.0449551 0.148698 0.98786 
2040.0 1877.0 44.14640000000003 218 248 169 -0.247812 -0.68977 0.680299 
2060.0 1893.0 46.11160000000001 204 248 175 0.196871 0.500443 0.843089 
2050.0 1894.0 46.21879999999999 218 248 169 0.261573 0.648384 0.714967 
2090.0 1858.0 45.87560000000002 218 248 169 -0.161406 -0.513834 0.842569 
2000.0 1895.0 48.72239999999999 221 248 168 -0.469163 -0.0972141 0.877744 
2010.0 1880.0 36.5188 203 248 176 -0.0111406 -0.0253196 0.999617 
2090.0 1884.0 41.5908 204 248 175 0.13463 0.420897 0.897062 
2100.0 1867.0 55.42560000000003 222 247 167 -0.017982 -0.0687547 0.997472 
2010.0 1910.0 42.0564 204 248 176 0.138734 0.500904 0.854311 
2070.0 1890.0 40.34000000000003 204 248 175 0.170661 0.251289 0.952748 
2100.0 1871.0 41.402000000000044 205 248 175 -0.203939 0.120337 0.97156 
2040.0 1894.0 52.93520000000001 221 248 168 0.0770634 0.152941 0.985226 
2090.0 1888.0 37.13720000000001 204 248 175 0.0112954 0.0400475 0.999134 
2050.0 1886.0 54.29400000000004 221 248 168 0.0233753 0.125782 0.991782 
2000.0 1896.0 52.36240000000004 221 248 168 -0.35074 -0.106983 0.930342 
2100.0 1869.0 49.02320000000003 205 248 175 0.666371 0.152616 0.729835 
2070.0 1883.0 51.89640000000003 220 248 169 0.0839476 0.183711 0.979389 
2000.0 1888.0 40.93000000000001 204 248 176 -0.279285 -0.452103 0.847114 
2060.0 1878.0 54.07080000000002 221 248 168 -0.030552 -0.136918 0.990111 
2100.0 1867.0 49.49920000000003 222 247 167 0.622032 0.52426 0.581574 
2100.0 1860.0 51.68560000000002 220 248 169 -0.0329084 -0.244984 0.968968 
2000.0 1904.0 45.1096 218 248 169 -0.264324 0.615701 0.742324 
2090.0 1877.0 53.3184 220 248 168 0.0170039 0.15757 0.987361 
2100.0 1868.0 43.51080000000002 205 248 175 0.212678 0.363144 0.907136 
2110.0 1866.0 38.71840000000003 205 248 175 0.337727 -0.141983 0.930473 
2040.0 1893.0 52.78040000000004 220 248 168 0.0410221 0.176981 0.983359 
2050.0 1899.0 37.84720000000004 204 248 176 -0.0287074 0.16191 0.986388 
2030.0 1898.0 50.48079999999999 219 248 169 0.137885 0.326283 0.935162 
2090.0 1880.0 48.82679999999999 219 248 169 0.146014 0.40402 0.903021 
2000.0 1901.0 48.0376 222 247 167 -0.169357 -0.0432152 0.984607 
2020.0 1890.0 52.274400000000014 220 248 168 -0.0365824 -0.192353 0.980644 
2040.0 1882.0 53.28200000000004 221 248 168 -0.0375734 -0.140046 0.989432 
2030.0 1882.0 50.05200000000002 219 248 169 -0.0747661 -0.323987 0.943103 
2080.0 1865.0 50.14760000000001 219 248 169 -0.0735316 -0.292836 0.953331 
2080.0 1883.0 51.57960000000003 220 248 169 0.055581 0.238381 0.96958 
2030.0 1907.0 38.03480000000002 204 248 176 0.0881305 0.259283 0.961772 
2050.0 1873.0 42.18760000000003 204 248 176 -0.206192 -0.440568 0.873719 
2060.0 1891.0 49.68760000000003 218 248 169 0.166211 0.303575 0.938198 
2030.0 1885.0 52.8768 220 248 168 -0.0808842 -0.130118 0.988194 
2070.0 1875.0 54.70600000000002 221 248 168 -0.0273557 -0.0995748 0.994654 
2060.0 1892.0 43.16680000000002 218 248 169 0.181572 0.411079 0.893334 
2060.0 1890.0 50.96800000000002 219 248 169 0.120048 0.236223 0.964255 
2010.0 1905.0 51.22399999999999 219 248 169 -0.0879093 0.206773 0.974432 
2070.0 1867.0 43.543600000000026 204 248 175 -0.126625 -0.44532 0.886372 
2060.0 1892.0 48.260400000000004 218 248 169 0.125796 0.422619 0.897535 
2040.0 1871.0 36.82400000000001 203 248 176 -0.0224411 -0.073735 0.997025 
2080.0 1881.0 52.67760000000004 221 248 168 0.0125079 0.167151 0.985852 
2110.0 1872.0 41.540400000000034 205 248 175 0.0922257 0.0500019 0.994482 
2020.0 1907.0 38.66160000000002 204 248 175 0.0919107 0.399194 0.912248 
2040.0 1886.0 54.52800000000002 221 248 168 -0.0281731 -0.134104 0.990567 
2040.0 1901.0 38.001599999999996 204 248 176 0.176626 0.19756 0.964248 
2090.0 1863.0 52.68960000000004 220 248 168 -0.0781284 -0.171883 0.982014 
2010.0 1896.0 53.80560000000003 221 248 168 -0.0783487 -0.13214 0.98813 
2080.0 1860.0 40.01280000000003 204 248 176 -0.0967626 -0.450156 0.887691 
2100.0 1860.0 51.98200000000003 220 248 169 0.11073 -0.222733 0.96857 
2050.0 1874.0 44.95519999999999 218 248 169 -0.0664381 -0.549881 0.832596 
2060.0 1871.0 45.084 204 248 175 -0.164299 -0.440555 0.882563 
2070.0 1889.0 46.62280000000004 219 248 169 0.186858 0.439925 0.878379 
2090.0 1883.0 42.34960000000001 218 248 169 -0.0146633 0.462562 0.886466 
2100.0 1864.0 48.2568 222 247 167 0.622475 -0.00966148 0.78258 
2090.0 1869.0 54.8768 221 247 167 -0.0362085 -0.0910699 0.995186 
2080.0 1873.0 55.45920000000001 222 247 167 0.0248248 0.0831092 0.996231 
2020.0 1896.0 55.124000000000024 222 247 167 0.00951664 0.0750757 0.997132 
2100.0 1874.0 44.524400000000014 205 248 175 0.275518 -0.0515811 0.959911 
2050.0 1865.0 36.76440000000002 204 248 176 -0.0236682 -0.0319007 0.999211 
2000.0 1900.0 45.33879999999999 218 248 169 -0.269787 0.31062 0.911444 
2060.0 1876.0 54.100400000000036 221 248 168 -0.0559874 -0.124543 0.990633 
2000.0 1899.0 45.41759999999999 204 248 176 -0.211108 0.131783 0.968538 
2030.0 1892.0 55.202800000000025 222 247 167 -0.0150422 -0.0130365 0.999802 
2090.0 1871.0 54.98680000000002 222 247 167 0.0190954 0.142654 0.989588 
2000.0 1910.0 41.23720000000003 204 248 176 -0.308058 0.341118 0.88811 
2000.0 1911.0 36.44200000000001 203 248 176 -0.0336866 0.0112289 0.999369 
2050.0 1879.0 53.93119999999999 221 248 168 -0.0828092 -0.164418 0.982909 
2080.0 1872.0 54.22560000000004 221 248 168 -0.0449704 -0.146442 0.988197 
2020.0 1888.0 52.129999999999995 220 248 168 -0.054775 -0.15034 0.987116 
2080.0 1867.0 51.85680000000002 220 248 169 -0.0292638 -0.186117 0.982092 
2080.0 1861.0 43.162000000000035 204 248 176 -0.198123 -0.591296 0.781739 
2020.0 1904.0 47.08680000000004 218 248 169 0.134991 0.427707 0.893781 
2080.0 1864.0 48.74400000000003 218 248 169 -0.160423 -0.42924 0.888829 
2110.0 1863.0 36.84480000000002 204 248 176 0.0251679 -0.00503359 0.999671 
2110.0 1860.0 37.5924 204 248 175 0.171631 0.0241896 0.984864 
2080.0 1889.0 39.08680000000004 204 248 175 0.122665 0.23371 0.964538 
2050.0 1878.0 52.579200000000014 220 248 168 -0.0664343 -0.18964 0.979604 
2000.0 1887.0 38.39080000000001 203 248 176 -0.00619547 -0.311013 0.950386 
2040.0 1878.0 50.511600000000044 219 248 169 -0.151625 -0.241282 0.958537 
2010.0 1897.0 54.807600000000036 222 247 167 -0.00737202 -0.0726671 0.997329 
2060.0 1887.0 52.86600000000004 221 248 168 0.0808649 0.175006 0.981241 
2080.0 1881.0 49.06560000000002 219 248 169 0.0996614 0.453389 0.885723 
2060.0 1879.0 54.48840000000001 221 248 168 -0.0255578 -0.121122 0.992309 
2100.0 1870.0 42.813199999999995 205 248 175 -0.0650133 0.161942 0.984656 
2030.0 1905.0 37.33320000000003 204 248 176 0.0828092 0.164418 0.982909 
2100.0 1852.0 36.54520000000002 204 248 176 0.0 0.0 0.0 
2080.0 1868.0 53.72000000000003 221 248 168 -0.0428038 -0.156176 0.986801 
2020.0 1891.0 52.867200000000025 220 248 168 -0.0482094 -0.170497 0.984178 
2050.0 1883.0 55.40360000000004 222 247 167 -0.0320952 -0.0279539 0.999094 
2060.0 1892.0 44.745600000000024 218 248 169 0.396098 0.513461 0.761226 
2100.0 1877.0 44.20120000000003 204 248 175 0.347126 0.428803 0.834045 
2050.0 1875.0 47.0376 204 248 175 -0.200944 -0.371529 0.906415 
2100.0 1875.0 51.48480000000001 220 248 168 0.178643 0.218342 0.959382 
2000.0 1907.0 42.02680000000004 204 248 176 -0.25481 0.158756 0.95387 
2020.0 1886.0 51.00880000000001 219 248 169 -0.0570272 -0.285136 0.956789 
2040.0 1891.0 54.54920000000004 221 248 168 0.039937 0.14035 0.989296 
2030.0 1885.0 52.43440000000004 220 248 168 -0.0908097 -0.165879 0.981956 
2110.0 1862.0 39.27879999999999 205 248 175 0.335766 0.00880285 0.941904 
2090.0 1857.0 43.022400000000005 217 248 170 -0.318844 -0.619885 0.716995 
2010.0 1897.0 54.903999999999996 222 247 167 0.00100465 0.0271257 0.999632 
2000.0 1902.0 38.581999999999994 204 248 176 -0.500582 -0.148266 0.852898 
2010.0 1898.0 52.91840000000002 222 247 167 -0.0963842 0.211545 0.972604 
2050.0 1895.0 41.42240000000004 218 248 169 0.14145 0.497263 0.855992 
2080.0 1865.0 51.38080000000002 220 248 169 -0.0834599 -0.175387 0.980956 
2110.0 1870.0 44.72520000000003 221 248 168 0.123309 0.209753 0.969948 
2080.0 1887.0 40.286 204 248 175 0.101247 0.293221 0.950668 
2100.0 1870.0 42.9504 205 248 175 0.495063 0.141655 0.857232 
2030.0 1900.0 51.36240000000004 220 248 169 0.0549765 0.221128 0.973694 
2030.0 1906.0 37.760400000000004 204 248 176 0.0373486 0.220477 0.974677 
2030.0 1904.0 38.48720000000003 204 248 176 0.121529 0.297813 0.946857 
2000.0 1901.0 40.09720000000004 204 248 176 -0.529159 0.060355 0.846373 
2090.0 1871.0 55.600400000000036 222 247 167 0.00299048 -0.0189397 0.999816 
2040.0 1895.0 48.89080000000001 219 248 169 0.192618 0.392477 0.899366 
1990.0 1893.0 37.337199999999996 203 248 176 -0.15741 0.0333203 0.986971 
2100.0 1867.0 44.9932 221 247 167 0.377751 0.359096 0.853437 
2050.0 1868.0 36.86600000000004 204 248 176 -0.00756011 -0.102601 0.994694 
2000.0 1918.0 36.31 203 248 176 -0.00898964 0.0149827 0.999847 
2110.0 1857.0 37.71840000000003 204 248 176 0.178985 -0.00342009 0.983846 
2070.0 1889.0 42.61560000000003 204 248 176 0.170174 0.558713 0.811715 
2000.0 1916.0 36.35400000000004 204 248 176 -0.0172524 0.0213118 0.999624 
2110.0 1873.0 37.046400000000006 204 248 176 0.039804 -0.0071443 0.999182 
2090.0 1876.0 53.96640000000002 221 248 168 0.0215181 0.148361 0.988699 
2100.0 1854.0 39.87360000000001 204 248 176 -0.155072 -0.399773 0.903401 
2050.0 1868.0 36.71199999999999 204 248 176 -0.0243354 -0.0624257 0.997753 
2020.0 1908.0 39.0308 204 248 176 0.0609958 0.325744 0.943489 
2070.0 1891.0 39.3528 204 248 176 0.0857485 0.262365 0.961151 
2090.0 1854.0 36.420000000000016 203 248 176 -0.00299645 -0.0189775 0.999815 
2070.0 1889.0 44.46520000000004 214 248 171 0.0420475 0.457097 0.888422 
2040.0 1896.0 49.6644 220 248 169 0.0659726 0.399875 0.914192 
2070.0 1880.0 55.36400000000003 222 247 167 -0.00103045 0.0546139 0.998507 
2080.0 1879.0 53.6884 221 248 168 0.0379503 0.150651 0.987858 
2090.0 1863.0 52.57839999999999 220 248 168 -0.139883 -0.20405 0.968915 
2080.0 1886.0 43.16880000000003 218 248 169 0.313143 0.570081 0.759572 
2110.0 1873.0 39.36439999999999 204 248 176 0.27002 0.0435516 0.961869 
2090.0 1875.0 54.10000000000002 221 248 168 0.0487216 0.121237 0.991427 
2090.0 1878.0 49.99000000000001 219 248 169 0.185228 0.380507 0.906038 
2050.0 1878.0 51.122000000000014 219 248 169 -0.114048 -0.196764 0.973795 
2070.0 1864.0 44.86959999999999 218 248 169 -0.160303 -0.483851 0.860343 
2100.0 1879.0 39.71320000000003 204 248 175 0.0944934 0.275714 0.956584 
2060.0 1887.0 52.93280000000004 221 248 168 0.0360515 0.168628 0.98502 
2100.0 1878.0 46.036400000000015 219 248 169 0.0997707 0.559583 0.822747 
2090.0 1879.0 51.25200000000001 220 248 169 0.0923425 0.287432 0.953339 
2110.0 1877.0 37.22919999999999 204 248 175 0.0526659 0.00722865 0.998586 
2100.0 1862.0 45.97720000000004 205 248 175 0.682471 0.0295503 0.730315 
2100.0 1861.0 46.86680000000001 207 248 174 0.680704 0.162943 0.714207 
2010.0 1910.0 43.455600000000004 218 248 169 -0.169759 0.557349 0.812738 
2090.0 1881.0 48.45840000000004 219 248 169 0.089586 0.516186 0.851778 
2050.0 1901.0 36.95600000000002 204 248 175 0.0216111 0.0319021 0.999257 
2060.0 1883.0 55.08160000000004 221 248 168 0.0170359 0.160138 0.986948 
2050.0 1870.0 42.2808 204 248 176 -0.184472 -0.453063 0.872183 
2100.0 1865.0 45.733600000000024 207 248 173 0.530714 -0.102116 0.841377 
2080.0 1859.0 37.76640000000003 204 248 176 -0.257088 -0.168251 0.951629 
2010.0 1902.0 52.743600000000015 221 248 168 0.0602797 0.164292 0.984568 
2060.0 1888.0 50.29920000000004 219 248 169 0.107167 0.297687 0.948629 
2110.0 1868.0 37.31280000000004 204 248 176 0.120519 -0.0654247 0.990553 
2080.0 1883.0 50.71320000000003 219 248 169 0.0480682 0.346871 0.93668 
2010.0 1891.0 48.990800000000036 219 248 169 -0.2899 -0.365004 0.884721 
2070.0 1891.0 41.56200000000001 204 248 175 0.158068 0.353904 0.921828 
2110.0 1852.0 36.98079999999999 204 248 175 0.0384579 -0.0280639 0.998866 
2030.0 1887.0 54.25 221 248 168 -0.0565422 -0.137317 0.988912 
2100.0 1861.0 52.4332 221 248 168 0.182609 -0.198373 0.962965 
2050.0 1882.0 55.02280000000002 222 247 167 -0.0504038 -0.101928 0.993514 
2020.0 1901.0 52.31280000000004 221 248 168 0.074842 0.207349 0.9754 
2080.0 1884.0 49.22280000000001 218 248 169 0.0507055 0.470054 0.88118 
2060.0 1878.0 54.16759999999999 221 248 168 -0.0424066 -0.140973 0.989105 
2000.0 1905.0 40.94480000000004 204 248 176 -0.289419 0.602822 0.743534 
2000.0 1887.0 36.84039999999999 203 248 176 -0.174884 -0.09906 0.979593 
2010.0 1894.0 54.18720000000002 221 247 167 -0.0296132 -0.0976138 0.994784 
1990.0 1898.0 37.418000000000006 203 248 176 -0.128718 0.0707368 0.989155 
2050.0 1894.0 49.07600000000002 218 248 169 0.0169214 0.397002 0.917661 
2020.0 1905.0 45.82400000000001 218 248 169 0.118199 0.457132 0.88151 
2040.0 1886.0 54.61760000000004 222 247 167 -0.0427975 -0.0866923 0.995315 
2020.0 1878.0 37.956800000000044 204 248 176 -0.14986 -0.193409 0.969606 
2000.0 1900.0 39.68440000000004 203 248 176 -0.430028 0.25984 0.864615 
2010.0 1903.0 45.11279999999999 204 248 176 0.00925932 -0.044239 0.998978 
2110.0 1866.0 40.61080000000004 205 248 175 0.441013 -0.0361925 0.896771 
2100.0 1872.0 43.75120000000004 206 248 174 0.413909 0.0664969 0.907886 
2020.0 1890.0 54.198800000000006 221 248 168 -0.0670516 -0.105691 0.992136 
2000.0 1906.0 41.09200000000004 204 248 176 -0.396282 0.0520371 0.916653 
2090.0 1869.0 54.5564 221 248 168 -0.050593 -0.109056 0.992747 
2050.0 1870.0 40.75120000000004 204 248 176 -0.210536 -0.560918 0.800653 
2030.0 1894.0 54.15680000000003 221 247 167 0.0560982 0.12708 0.990305 
2080.0 1888.0 38.367999999999995 204 248 175 0.111518 0.199228 0.973587 
2020.0 1886.0 48.6352 218 248 169 -0.246819 -0.437612 0.864625 
2110.0 1875.0 40.75240000000002 205 248 175 0.293961 -0.199225 0.934824 
2000.0 1902.0 46.77199999999999 203 248 176 0.194392 0.303475 0.9328 
2050.0 1870.0 38.30959999999999 204 248 176 -0.120165 -0.281265 0.952077 
2080.0 1861.0 45.67760000000004 218 248 169 -0.146925 -0.556532 0.817732 
2100.0 1857.0 47.79480000000001 218 248 169 -0.240476 -0.443141 0.863596 
2050.0 1884.0 55.38080000000002 222 247 167 0.00708896 0.0293686 0.999544 
2070.0 1887.0 48.0052 219 248 169 0.00386972 0.398582 0.917125 
2050.0 1870.0 42.9092 217 248 170 -0.0979898 -0.618652 0.779531 
2020.0 1896.0 54.747600000000034 221 247 167 0.0571291 0.0974556 0.993599 
2030.0 1902.0 46.5308 218 248 169 0.243323 0.442817 0.862964 
2000.0 1905.0 36.73040000000003 203 248 176 -0.151295 0.0450421 0.987462 
2060.0 1866.0 39.82159999999999 203 248 176 -0.0873472 -0.298545 0.95039 
2010.0 1884.0 40.69920000000002 206 248 174 -0.136338 -0.52043 0.84295 
2010.0 1888.0 45.710800000000006 218 248 169 -0.268926 -0.453332 0.849805 
2000.0 1896.0 45.19720000000001 212 248 171 -0.644831 0.058621 0.762074 
2020.0 1896.0 54.94240000000002 222 247 167 0.0320554 0.10722 0.993718 
2110.0 1875.0 37.35759999999999 204 248 175 0.0840112 -0.00744403 0.996437 
2040.0 1874.0 43.520399999999995 218 248 169 -0.186435 -0.55021 0.813948 
2090.0 1860.0 49.90280000000001 219 248 169 -0.220184 -0.403425 0.888126 
2080.0 1887.0 44.44960000000003 218 248 169 0.281918 0.594097 0.753373 
2040.0 1897.0 42.45400000000001 204 248 175 0.280619 0.578678 0.765758 
2020.0 1879.0 36.75720000000001 203 248 176 -0.0669806 -0.0603924 0.995925 
2080.0 1877.0 54.4264 221 248 168 0.0356283 0.155155 0.987247 
2030.0 1891.0 54.93960000000004 221 247 167 -0.0357018 -0.0768131 0.996406 
2080.0 1864.0 49.60759999999999 219 248 169 -0.0763429 -0.370999 0.92549 
2070.0 1887.0 48.9828 219 248 169 0.159473 0.36834 0.915911 
2110.0 1871.0 39.790400000000034 205 248 175 0.285924 -0.0337116 0.957659 
2100.0 1877.0 43.77600000000001 218 248 169 0.19426 0.452284 0.870461 
2000.0 1898.0 46.97239999999999 219 248 169 -0.317557 0.270729 0.90877 
2100.0 1856.0 44.91520000000003 213 248 171 -0.329552 -0.541751 0.773241 
2000.0 1905.0 40.02879999999999 204 248 176 -0.391199 0.381772 0.837385 
2090.0 1882.0 45.71520000000004 218 248 169 0.0288461 0.534339 0.844778 
2050.0 1880.0 54.56800000000004 221 248 168 -0.0486385 -0.116506 0.991998 
2080.0 1875.0 54.88159999999999 221 248 168 0.0564485 0.132481 0.989577 
2050.0 1888.0 53.84960000000001 221 248 168 0.040867 0.171641 0.984311 
2090.0 1862.0 50.2072 219 248 169 -0.103139 -0.328171 0.938971 
2010.0 1898.0 54.28559999999999 222 247 167 -0.122496 0.164565 0.97873 
2060.0 1866.0 38.03559999999999 204 248 176 -0.129595 -0.250027 0.959527 
2090.0 1873.0 53.77760000000001 221 248 168 0.0543302 0.142183 0.988348 
2000.0 1913.0 36.544399999999996 203 248 176 -0.0464824 0.0113624 0.998854 
2110.0 1864.0 38.751599999999996 204 248 175 0.353087 -0.115878 0.928387 
2060.0 1883.0 54.964 221 248 168 0.00996765 0.131794 0.991227 
2100.0 1873.0 43.58000000000004 205 248 175 0.17664 -0.17664 0.968296 
2090.0 1861.0 51.412800000000004 219 248 169 -0.107744 -0.21929 0.969692 
2010.0 1881.0 36.81479999999999 203 248 176 -0.0443603 -0.128531 0.990713 
2040.0 1902.0 37.160000000000025 204 248 176 0.00957073 0.0840097 0.996419 
2110.0 1877.0 40.15120000000002 204 248 176 0.111138 0.191057 0.975267 
2110.0 1870.0 37.16560000000004 204 248 175 0.0669222 -0.0244319 0.997459 
2060.0 1870.0 46.46440000000001 218 248 169 -0.135689 -0.435635 0.889837 
2030.0 1876.0 37.90440000000001 203 248 176 -0.159347 -0.261115 0.952065 
2110.0 1867.0 39.56400000000002 205 248 175 0.304747 -0.187858 0.933723 
2090.0 1872.0 54.81400000000002 221 248 168 0.034822 0.122439 0.991865 
2030.0 1895.0 53.3168 220 248 168 0.0522104 0.14967 0.987357 
2060.0 1882.0 55.40360000000004 222 247 167 0.0203815 0.0804534 0.99655 
2090.0 1876.0 52.50999999999999 221 248 168 0.0802538 0.211129 0.974158 
2040.0 1876.0 41.36600000000004 204 248 176 -0.0639791 -0.584343 0.808981 
2010.0 1881.0 36.691599999999994 204 248 176 -0.0289142 -0.07175 0.997003 
2060.0 1862.0 36.91320000000002 204 248 176 -0.0385524 -0.0958301 0.994651 
2020.0 1897.0 54.28320000000002 221 247 167 0.0329395 0.141981 0.989321 
2040.0 1899.0 41.56080000000003 204 248 175 0.0691702 0.529364 0.845571 
2100.0 1869.0 43.5428 205 248 175 0.344582 0.0481114 0.937523 
2110.0 1869.0 41.60880000000003 205 248 175 0.580062 -0.295624 0.759035 
2100.0 1858.0 47.3356 218 248 169 -0.107883 -0.510647 0.852996 
2030.0 1902.0 49.6592 219 248 169 0.274921 0.383087 0.881852 
2060.0 1882.0 54.75120000000004 221 247 167 0.0651806 0.113208 0.991431 
2090.0 1856.0 37.16640000000001 204 248 176 -0.0992549 -0.177679 0.97907 
2000.0 1892.0 42.033600000000035 203 248 176 -0.404743 -0.187139 0.895077 
2030.0 1898.0 52.601200000000006 220 248 168 0.0652662 0.167319 0.98374 
2080.0 1869.0 53.58320000000003 221 248 168 -0.0428038 -0.156176 0.986801 
2080.0 1868.0 52.98200000000003 220 248 168 -0.0538597 -0.190304 0.980247 
2060.0 1876.0 52.41040000000004 220 248 169 -0.0313205 -0.170523 0.984856 
2050.0 1890.0 53.56999999999999 220 248 168 0.0915275 0.176953 0.979954 
2090.0 1886.0 37.60880000000003 204 248 175 0.0546444 0.214935 0.975099 
2050.0 1877.0 51.048 220 248 169 -0.0060515 -0.272317 0.962188 
2040.0 1875.0 43.9264 218 248 169 -0.225928 -0.527164 0.819179 
2080.0 1872.0 54.3784 221 248 168 -0.0616638 -0.143107 0.987784 
2080.0 1885.0 44.37240000000003 218 248 169 0.374622 0.574202 0.727977 
2080.0 1871.0 55.71600000000001 222 247 167 0.0144604 -0.132368 0.991095 
2100.0 1869.0 48.60840000000002 221 247 167 0.716388 0.156 0.680038 
2100.0 1872.0 42.851200000000006 220 248 168 0.234705 -0.145543 0.961109 
2090.0 1877.0 51.40039999999999 219 248 169 0.107673 0.263344 0.958674 
2070.0 1890.0 42.717600000000004 204 248 176 0.274655 0.446507 0.851585 
2000.0 1906.0 38.69400000000002 204 248 176 -0.195617 -0.0222558 0.980428 
2030.0 1889.0 54.44480000000004 221 247 167 -0.0162756 -0.0987385 0.99498 
2030.0 1880.0 46.2636 218 248 169 -0.00942548 -0.504937 0.863105 
2040.0 1899.0 44.831200000000024 204 248 176 0.101836 0.520652 0.847674 
2080.0 1886.0 42.776400000000024 204 248 176 0.267223 0.520382 0.811045 
2100.0 1869.0 46.46600000000001 205 248 175 0.830827 0.093594 0.548605 
2000.0 1913.0 36.84160000000003 204 248 176 -0.0688973 0.0201392 0.99742 
2060.0 1895.0 38.34000000000003 204 248 176 0.152817 0.191342 0.969554 
2040.0 1876.0 41.89480000000003 203 248 176 -0.0899983 -0.532847 0.841412 
2060.0 1890.0 48.22919999999999 219 248 169 0.0870564 0.354922 0.930834 
2060.0 1866.0 38.96160000000003 204 248 176 -0.0206152 -0.255872 0.966491 
2060.0 1877.0 54.3116 221 247 167 -0.0443472 -0.130767 0.990421 
2070.0 1879.0 54.85360000000003 222 247 167 0.0538993 0.078099 0.995488 
2020.0 1881.0 37.346000000000004 204 248 176 -0.113381 -0.188138 0.975576 
2080.0 1879.0 53.686000000000035 221 248 168 0.0579347 0.114733 0.991706 
2010.0 1883.0 39.03200000000004 204 248 175 -0.143436 -0.363465 0.920499 
2000.0 1895.0 45.98840000000001 215 248 170 -0.386352 0.126924 0.913577 
2070.0 1888.0 46.29200000000003 218 248 169 0.0174277 0.473228 0.880767 
2010.0 1896.0 54.24720000000002 221 248 168 -0.0390117 -0.110347 0.993127 
2110.0 1864.0 36.89080000000001 204 248 176 0.0362335 -0.025881 0.999008 
2110.0 1864.0 36.824400000000026 204 248 176 0.00893687 -0.00695089 0.999936 
2010.0 1911.0 39.22840000000002 204 248 176 -0.119196 0.581263 0.804939 
2090.0 1887.0 37.524 204 248 176 -0.00335105 0.150797 0.988559 
2000.0 1904.0 45.47399999999999 221 248 168 0.0772532 0.11415 0.990455 
2090.0 1886.0 37.326400000000035 204 248 175 0.0590194 0.193921 0.97924 
2110.0 1862.0 40.36279999999999 205 248 175 0.62345 -0.0351834 0.781071 
2020.0 1886.0 49.51840000000004 218 248 169 -0.370116 -0.31833 0.872743 
2060.0 1892.0 43.83879999999999 204 248 175 -0.0825852 0.477314 0.874843 
2100.0 1868.0 50.596000000000004 222 247 167 0.570649 0.337863 0.748471 
2010.0 1910.0 43.103200000000015 218 248 169 -0.229137 0.397663 0.88846 
2000.0 1894.0 49.774 220 248 169 -0.28442 -0.252976 0.924721 
2000.0 1891.0 38.99920000000003 204 248 176 -0.233652 -0.105973 0.966528 
2060.0 1880.0 54.75200000000001 221 247 167 -0.0268802 -0.0763399 0.996719 
2110.0 1873.0 37.0684 204 248 176 0.0421831 -0.0133751 0.99902 
2110.0 1876.0 41.512 218 248 169 0.148765 0.238288 0.959733 
2030.0 1886.0 53.0564 221 248 168 -0.0587447 -0.132464 0.989446 
2100.0 1877.0 45.048 219 248 169 0.227663 0.499636 0.835783 
2010.0 1888.0 49.02760000000001 219 248 169 -0.102812 -0.385204 0.917086 
2000.0 1907.0 40.757600000000025 203 248 176 -0.254097 0.0638373 0.96507 
2030.0 1887.0 53.3716 221 248 168 -0.0595787 -0.148363 0.987137 
2100.0 1850.0 36.69440000000003 203 248 176 0.00312801 -0.0656882 0.997835 
2080.0 1863.0 44.99520000000001 218 248 169 -0.284427 -0.477153 0.831521 
2100.0 1871.0 47.261600000000044 205 248 175 0.540989 0.108778 0.833965 
2050.0 1884.0 55.03040000000004 222 247 167 0.00745849 0.0863054 0.996241 
2000.0 1893.0 44.934000000000026 218 248 169 -0.422419 0.0469355 0.905185 
2100.0 1856.0 44.414000000000044 218 248 169 -0.163386 -0.553113 0.816928 
2080.0 1862.0 48.02359999999999 218 248 169 -0.183594 -0.500032 0.846322 
2000.0 1909.0 36.90680000000003 203 248 176 -0.05656 0.135051 0.989223 
2100.0 1861.0 52.66160000000002 220 248 168 0.00560788 -0.153656 0.988109 
2100.0 1880.0 43.84680000000003 218 248 169 0.220614 0.503608 0.835289 
2010.0 1885.0 41.438800000000015 203 248 176 -0.13795 -0.489361 0.861101 
2070.0 1884.0 52.85400000000004 220 248 168 0.0845973 0.194942 0.97716 
2050.0 1891.0 53.34840000000003 221 248 168 0.0421465 0.135552 0.989873 
2090.0 1872.0 54.928800000000024 221 247 167 0.0415844 0.115762 0.992406 
2090.0 1880.0 49.670000000000016 219 248 169 0.0508187 0.476597 0.877652 
2010.0 1884.0 37.99000000000001 203 248 176 -0.0947335 -0.396782 0.913011 
2030.0 1890.0 54.75080000000003 222 247 167 0.0114746 -0.0573728 0.998287 
2050.0 1895.0 43.07400000000001 204 248 175 0.265173 0.652612 0.709775 
2050.0 1879.0 52.442800000000034 220 248 168 -0.029468 -0.199203 0.979515 
2010.0 1890.0 52.079200000000014 220 248 168 -0.0688388 -0.189609 0.979444 
2040.0 1903.0 38.10680000000002 204 248 176 0.07376 0.236282 0.968881 
2100.0 1871.0 41.1936 205 248 175 0.269687 -0.0158639 0.962817 
2080.0 1858.0 37.11600000000004 204 248 176 -0.0546493 -0.149995 0.987175 
2060.0 1870.0 48.49720000000002 218 248 169 -0.0803446 -0.404446 0.911026 
2060.0 1891.0 46.82159999999999 218 248 169 0.154849 0.396357 0.904944 
2090.0 1885.0 38.69999999999999 204 248 175 0.128504 0.366166 0.921634 
2060.0 1867.0 42.503600000000006 203 248 176 -0.154598 -0.437787 0.885687 
2090.0 1861.0 50.80400000000003 219 248 169 -0.223435 -0.259517 0.939536 
2030.0 1892.0 55.03800000000001 222 247 167 0.0532077 -0.0177359 0.998426 
2010.0 1906.0 49.84280000000001 219 248 169 0.00385931 0.392363 0.919802 
2050.0 1892.0 51.57960000000003 220 248 169 0.0812048 0.284861 0.955123 
2090.0 1859.0 41.4504 204 248 175 -0.20072 -0.456452 0.866812 
2000.0 1911.0 36.984399999999994 204 248 176 -0.0832786 0.0292016 0.996098 
2060.0 1881.0 55.14440000000002 222 247 167 0.0381717 0.0839778 0.995736 
2010.0 1893.0 53.47840000000002 221 248 168 -0.0328128 -0.136908 0.99004 
2090.0 1885.0 38.95440000000002 204 248 175 0.0577457 0.304127 0.95088 
2060.0 1879.0 54.80400000000003 221 247 167 -0.0414206 -0.110828 0.992976 
2070.0 1871.0 50.05720000000002 219 248 169 -0.0915517 -0.394902 0.91415 
2080.0 1860.0 38.35400000000004 204 248 176 -0.0913866 -0.386006 0.917958 
2050.0 1895.0 46.33080000000001 218 248 169 0.115522 0.560064 0.820355 
2030.0 1896.0 54.043600000000026 221 248 168 0.03489 0.124929 0.991552 
2090.0 1868.0 55.42360000000002 222 247 167 -0.0545334 -0.041702 0.997641 
2100.0 1853.0 38.796400000000006 204 248 176 0.0906231 -0.37196 0.923814 
2030.0 1900.0 50.67520000000002 218 248 169 0.137663 0.279335 0.950274 
2060.0 1867.0 40.4264 204 248 176 -0.0449089 -0.322061 0.945653 
2040.0 1905.0 37.132000000000005 204 248 175 0.020378 0.0825844 0.996376 
2060.0 1885.0 54.008399999999995 221 248 168 0.0418187 0.125456 0.991217 
2040.0 1901.0 38.924800000000005 204 248 176 0.237959 0.420544 0.87551 
2000.0 1903.0 45.92240000000004 203 248 176 0.220209 0.067662 0.973103 
2040.0 1876.0 46.249600000000044 204 248 175 -0.211622 -0.386758 0.897571 
2080.0 1856.0 36.69760000000002 204 248 176 -0.0158958 -0.0731207 0.997196 
2070.0 1882.0 53.33000000000004 221 248 168 0.0427366 0.151311 0.987562 
2070.0 1893.0 38.7244 204 248 175 0.121314 0.256977 0.958773 
2060.0 1883.0 55.2432 222 247 167 0.0358701 0.0153729 0.999238 
2060.0 1893.0 41.9932 204 248 175 0.0723272 0.332705 0.940253 
2100.0 1880.0 39.09840000000003 204 248 175 0.105707 0.322473 0.940658 
2100.0 1873.0 53.04599999999999 221 248 168 0.119718 0.166618 0.978727 
2110.0 1875.0 42.38319999999999 205 248 175 0.312274 0.0316067 0.949466 
2090.0 1865.0 52.489599999999996 220 248 168 -0.0741161 -0.14235 0.987038 
2040.0 1881.0 51.61360000000002 220 248 168 -0.0921292 -0.233478 0.967988 
2100.0 1880.0 41.83760000000001 204 248 175 0.141281 0.42955 0.891923 
2050.0 1875.0 48.89440000000002 219 248 169 -0.137903 -0.371922 0.917964 
2070.0 1894.0 37.70960000000002 204 248 176 0.0664726 0.141109 0.98776 
2090.0 1856.0 36.71719999999999 204 248 176 -0.0116766 -0.0796132 0.996757 
2070.0 1884.0 50.13560000000001 219 248 169 0.216098 0.303667 0.927948 
2100.0 1854.0 39.575199999999995 204 248 176 -0.0464198 -0.391253 0.919112 
2040.0 1896.0 50.339200000000005 220 248 169 0.0708716 0.375753 0.924006 
2100.0 1878.0 42.58760000000001 219 248 169 0.169857 0.386817 0.906378 
2060.0 1875.0 52.936000000000035 221 248 168 -0.0172027 -0.17088 0.985142 
2080.0 1886.0 41.7636 204 248 176 0.203867 0.447911 0.870525 
2060.0 1879.0 55.267600000000016 222 247 167 -0.0425419 -0.0796297 0.995916 
2100.0 1851.0 36.91160000000002 204 248 176 0.0158359 -0.0665107 0.99766 
2010.0 1905.0 50.998400000000004 220 248 169 0.0619952 0.27202 0.960293 
2000.0 1905.0 40.012 203 248 176 -0.327143 0.518641 0.78993 
2110.0 1866.0 43.28680000000003 205 248 175 0.815246 -0.324515 0.47965 
2050.0 1867.0 36.62479999999999 204 248 176 -0.00100859 -0.0312662 0.999511 
2030.0 1905.0 39.357200000000034 204 248 176 0.152762 0.4126 0.898012 
2000.0 1905.0 37.948800000000006 203 248 176 -0.11684 0.133704 0.98411 
2100.0 1855.0 43.51280000000003 204 248 176 -0.255848 -0.566634 0.783242 
2050.0 1890.0 53.534400000000005 220 248 168 0.0700452 0.162647 0.984195 
2020.0 1886.0 50.45640000000003 219 248 169 -0.0687506 -0.310026 0.948239 
2000.0 1892.0 44.918000000000006 219 248 169 -0.264471 -0.273048 0.924932 
2030.0 1900.0 49.33160000000004 219 248 169 0.212678 0.363144 0.907136 
2100.0 1872.0 54.02280000000002 221 248 168 0.088162 0.16787 0.981859 
2110.0 1867.0 40.948000000000036 222 247 167 0.391267 -0.148314 0.908247 
2050.0 1885.0 55.2928 222 247 167 -0.00498443 0.0149533 0.999876 
2000.0 1899.0 37.92320000000001 203 248 176 -0.244805 0.117869 0.962381 
2050.0 1896.0 40.93920000000003 204 248 176 -0.0546788 0.390753 0.91887 
2020.0 1878.0 38.0736 203 248 176 0.0856157 -0.317437 0.944407 
2080.0 1873.0 55.01840000000004 221 247 167 -0.0318742 -0.0978207 0.994694 
2080.0 1872.0 55.7568 222 247 167 0.00938734 0.0594531 0.998187 
2010.0 1882.0 36.57600000000002 204 248 176 -0.0169466 -0.00299058 0.999852 
2100.0 1883.0 37.84360000000004 204 248 175 0.0539364 0.19537 0.979245 
2100.0 1878.0 44.881200000000035 218 248 169 0.371814 0.530932 0.761489 
2070.0 1872.0 51.94640000000004 220 248 169 -0.045343 -0.241421 0.969361 
2080.0 1866.0 52.06400000000002 220 248 168 -0.0623917 -0.158922 0.985318 
2030.0 1894.0 54.314400000000035 221 248 168 0.0533572 0.0664243 0.996364 
2000.0 1899.0 46.4144 205 248 175 -0.320185 0.270476 0.907923 
2050.0 1879.0 52.9948 221 248 168 -0.0556303 -0.171625 0.98359 
2020.0 1883.0 41.41120000000001 203 248 176 -0.251229 -0.455258 0.85418 
2100.0 1878.0 43.50200000000001 218 248 169 0.14167 0.597997 0.788879 
2060.0 1874.0 51.10880000000003 220 248 169 -0.123966 -0.254457 0.959106 
2040.0 1891.0 53.84039999999999 221 248 168 0.0619276 0.146056 0.987336 
2030.0 1905.0 38.020399999999995 204 248 176 0.0473171 0.315874 0.947621 
2080.0 1871.0 55.79200000000003 222 245 164 -0.0628165 -0.0287465 0.997611 
2090.0 1877.0 53.15680000000003 221 248 168 0.0588805 0.193464 0.979339 
2070.0 1883.0 52.74040000000002 221 248 168 0.0504585 0.167804 0.984528 
2000.0 1909.0 42.370000000000005 204 248 176 -0.538618 0.0067836 0.842523 
2060.0 1893.0 42.30680000000001 204 248 176 0.206163 0.325596 0.922759 
2100.0 1867.0 55.48480000000001 222 247 167 -0.0209466 -0.113553 0.993311 
2090.0 1865.0 52.3664 220 248 168 -0.123172 -0.145123 0.981717 
2110.0 1874.0 42.38960000000003 204 248 175 0.19507 0.103126 0.975352 
2010.0 1907.0 48.034400000000005 218 248 169 0.0452538 0.489564 0.870792 
2080.0 1883.0 50.534400000000005 219 248 169 0.136573 0.269169 0.95336 
2050.0 1885.0 55.10160000000002 222 247 167 0.0447344 0.0752847 0.996158 
2080.0 1861.0 45.28280000000001 218 248 169 -0.18471 -0.59382 0.783109 
2110.0 1851.0 36.8544 203 248 176 0.00938734 -0.0594531 0.998187 
2050.0 1890.0 51.779600000000016 220 248 169 0.0796869 0.197378 0.977083 
2080.0 1882.0 50.99680000000001 219 248 169 0.0472405 0.312809 0.948641 
2110.0 1857.0 41.97360000000003 220 248 169 0.513885 -0.0630104 0.855542 
2040.0 1882.0 52.84360000000004 221 248 168 -0.0270125 -0.193785 0.980672 
2050.0 1876.0 49.034400000000005 219 248 169 -0.0424465 -0.330568 0.942827 
2010.0 1887.0 45.74400000000003 204 248 175 -0.0463628 -0.571808 0.819076 
2090.0 1874.0 54.44319999999999 221 248 168 0.034822 0.122439 0.991865 
2110.0 1865.0 37.09640000000002 204 248 175 0.0694745 -0.0267209 0.997226 
1990.0 1888.0 36.548400000000015 203 248 176 -0.029149 -0.0788102 0.996463 
2040.0 1875.0 39.59280000000001 203 248 176 -0.0941539 -0.319593 0.942865 
2020.0 1894.0 55.110000000000014 222 247 167 0.0277294 0.0256754 0.999286 
2000.0 1895.0 43.698800000000006 209 248 172 -0.604102 0.246348 0.757874 
2020.0 1908.0 39.55400000000003 204 248 176 0.0521244 0.404966 0.912845 
2070.0 1880.0 55.315200000000004 222 247 167 0.011633 0.0729707 0.997266 
2040.0 1879.0 48.483600000000024 218 248 169 -0.194626 -0.280206 0.940003 
2090.0 1880.0 47.40440000000001 219 248 169 0.286796 0.457324 0.841786 
2020.0 1893.0 54.586400000000026 221 247 167 -0.0456285 -0.101273 0.993812 
1990.0 1887.0 36.37800000000004 204 248 176 -0.0172867 -0.0233879 0.999577 
2000.0 1899.0 45.61680000000001 219 248 169 -0.0109658 -0.0109658 0.99988 
2020.0 1890.0 53.57159999999999 221 248 168 -0.0776719 -0.163709 0.983446 
2100.0 1874.0 46.8424 220 248 168 0.420798 0.0305311 0.90664 
2010.0 1881.0 36.57960000000003 204 248 176 -0.00715891 -0.0398853 0.999179 
2100.0 1866.0 53.58879999999999 222 247 167 0.320313 -0.0970241 0.94233 
2060.0 1874.0 51.45160000000004 219 248 169 -0.0599891 -0.221592 0.973292 
2100.0 1872.0 45.216800000000035 206 248 174 0.561474 0.291076 0.774611 
2010.0 1900.0 54.16239999999999 221 248 168 0.0362012 0.0932455 0.994985 
2040.0 1895.0 51.304400000000044 219 248 169 0.0793547 0.245622 0.966112 
2110.0 1856.0 39.19240000000002 204 248 176 0.419787 -0.0304578 0.907111 
2040.0 1875.0 42.100400000000036 203 248 176 -0.222913 -0.441338 0.869212 
2100.0 1854.0 41.14920000000001 204 248 175 0.127332 -0.534209 0.835708 
2100.0 1860.0 50.609200000000044 220 248 168 0.310238 -0.148969 0.938915 
2060.0 1881.0 55.20320000000004 222 247 167 0.00537821 0.100035 0.994969 
2000.0 1897.0 51.67959999999999 221 248 168 -0.489083 0.169923 0.855526 
2030.0 1880.0 40.678 203 248 176 -0.324233 -0.588781 0.740412 
2100.0 1868.0 54.78680000000003 222 247 167 0.300996 0.153903 0.941124 
2050.0 1878.0 51.72040000000004 220 248 169 -0.0781605 -0.169548 0.982418 
2080.0 1866.0 50.529600000000016 219 248 169 -0.135551 -0.293917 0.946171 
2100.0 1855.0 44.012 218 248 169 0.0586407 -0.630745 0.773771 
2090.0 1857.0 37.065200000000004 204 248 176 -0.0320886 -0.205605 0.978109 
2070.0 1858.0 36.638000000000034 203 248 176 -0.0261921 -0.0492412 0.998443 
2050.0 1875.0 51.61080000000004 220 248 169 -0.137128 -0.17487 0.974995 
2040.0 1896.0 50.5292 219 248 169 0.0995076 0.372131 0.922831 
2100.0 1868.0 43.03399999999999 205 248 175 -0.149235 0.0871534 0.984953 
2100.0 1875.0 43.48040000000003 205 248 175 0.306199 0.0340221 0.951359 
2000.0 1900.0 44.47840000000002 203 248 176 -0.382667 -0.011596 0.923813 
2070.0 1883.0 54.089200000000005 221 248 168 0.0532842 0.114504 0.991993 
2000.0 1899.0 46.771600000000035 208 248 173 -0.658287 0.165712 0.734301 
2030.0 1903.0 46.0616 218 248 169 0.215548 0.53352 0.81786 
2080.0 1874.0 55.579200000000014 222 247 167 -0.00296723 0.00890169 0.999956 
2070.0 1868.0 49.721600000000024 219 248 169 -0.0921076 -0.340398 0.935759 
2020.0 1880.0 40.59960000000001 204 248 176 0.00636075 -0.367651 0.929942 
2010.0 1914.0 36.91880000000003 203 248 176 0.0182304 0.0847178 0.996238 
2100.0 1866.0 44.44240000000002 205 248 175 0.689788 0.104871 0.716376 
2110.0 1858.0 41.31880000000001 204 248 175 0.563166 -0.0123321 0.826252 
2100.0 1874.0 43.29880000000003 219 248 169 0.325898 0.047661 0.944203 
2050.0 1878.0 54.029600000000016 221 248 168 -0.0544366 -0.144778 0.987966 
2000.0 1900.0 45.519600000000025 218 248 169 -0.0266641 -0.0693267 0.997238 
2040.0 1879.0 49.807600000000036 219 248 169 -0.128234 -0.357124 0.925213 
2000.0 1901.0 42.464800000000025 204 248 176 -0.413294 0.247976 0.876183 
2110.0 1867.0 42.44040000000001 205 248 175 0.367252 -0.0405153 0.929239 
2080.0 1863.0 47.567200000000014 218 248 169 -0.125163 -0.476195 0.870386 
2040.0 1872.0 38.41320000000002 204 248 176 -0.20957 -0.270636 0.939594 
2090.0 1882.0 44.36680000000001 204 248 176 0.267412 0.371987 0.888885 
2010.0 1908.0 42.636799999999994 217 248 170 0.249657 0.519473 0.817202 
2070.0 1871.0 52.21719999999999 220 248 168 -0.0705392 -0.226468 0.971461 
2030.0 1884.0 52.34000000000003 220 248 168 -0.0613033 -0.191122 0.97965 
2100.0 1873.0 52.48760000000004 220 248 168 0.139262 0.200589 0.969727 
2020.0 1905.0 48.62240000000003 218 248 169 0.169246 0.418052 0.892518 
2110.0 1871.0 41.45240000000001 205 248 175 0.285754 0.123605 0.950298 
2030.0 1898.0 52.80959999999999 220 248 168 0.0555233 0.168933 0.984062 
2050.0 1875.0 47.72360000000003 205 248 175 -0.0365671 -0.303886 0.952007 
2090.0 1874.0 53.099199999999996 220 248 168 0.0355725 0.150322 0.987997 
2010.0 1910.0 41.94640000000004 203 248 176 -0.00926663 0.454065 0.89092 
2090.0 1865.0 52.91320000000002 220 248 168 -0.0683132 -0.178573 0.981552 
2090.0 1868.0 55.11680000000001 222 247 167 -0.0400357 -0.0724971 0.996565 
2050.0 1898.0 39.3904 204 248 175 0.240454 0.44915 0.860492 
2110.0 1851.0 36.70800000000003 204 248 176 -0.0293749 -0.0903005 0.995481 
2010.0 1898.0 54.54320000000001 221 247 167 0.0293226 0.0857956 0.995881 
2080.0 1881.0 51.27359999999999 219 248 169 0.264868 0.23684 0.934747 
2080.0 1884.0 47.91120000000001 219 248 169 0.222664 0.539001 0.812341 
2090.0 1859.0 47.0136 218 248 169 -0.20583 -0.476264 0.854872 
2050.0 1874.0 45.59680000000003 218 248 169 0.040622 -0.575712 0.816643 
2060.0 1881.0 55.24400000000003 222 247 167 -0.0360892 -0.0195913 0.999156 
2000.0 1901.0 49.379999999999995 222 247 167 -0.309011 0.323939 0.89419 
2090.0 1869.0 54.6388 221 248 168 -0.0548835 -0.0996864 0.993504 
2070.0 1875.0 54.70640000000003 221 247 167 -0.0295487 -0.0974013 0.994806 
2050.0 1881.0 54.73480000000001 221 247 167 -0.0419006 -0.127967 0.990893 
2100.0 1883.0 37.13159999999999 204 248 176 0.0457192 0.103705 0.993557 
2030.0 1897.0 51.86959999999999 219 248 169 0.0978473 0.235088 0.967036 
2070.0 1866.0 47.91160000000002 218 248 169 -0.0738563 -0.480763 0.873735 
2050.0 1877.0 50.13440000000003 219 248 169 -0.0137152 -0.31545 0.948843 
2070.0 1880.0 55.25640000000004 222 247 167 0.0438366 0.0545284 0.997549 
2020.0 1890.0 54.574400000000026 221 247 167 -0.0522288 -0.0900114 0.99457 
2030.0 1884.0 52.63280000000003 220 248 168 -0.0486706 -0.183998 0.981721 
2090.0 1869.0 55.43920000000003 222 247 167 -0.0129339 0.00696442 0.999892 
2050.0 1876.0 51.15640000000002 219 248 169 -0.0859017 -0.265398 0.960305 
2100.0 1862.0 53.357200000000034 221 248 168 -0.00536786 -0.0976951 0.995202 
2030.0 1901.0 45.312400000000025 204 248 176 0.149115 0.458928 0.875871 
2040.0 1877.0 44.512400000000014 218 248 169 -0.125986 -0.496702 0.858729 
2030.0 1905.0 39.56400000000002 204 248 176 0.0611195 0.430553 0.900494 
2010.0 1906.0 49.61680000000001 219 248 169 0.0281806 0.263428 0.964267 
2020.0 1909.0 36.9692 204 248 176 0.0200231 0.0600693 0.997993 
2110.0 1869.0 37.13920000000002 204 248 176 0.0773003 -0.0402832 0.996194 
2060.0 1883.0 54.86400000000003 222 247 167 0.0095538 0.079615 0.99678 
2030.0 1889.0 55.24440000000004 222 247 167 0.0178785 -0.0599456 0.998042 
2000.0 1908.0 37.3356 204 248 176 -0.0767707 0.191317 0.978521 
2090.0 1871.0 55.12119999999999 222 247 167 0.0311204 0.0718989 0.996926 
2020.0 1888.0 52.01679999999999 220 248 168 -0.0700721 -0.160334 0.984572 
2070.0 1870.0 51.205600000000004 220 248 169 -0.141973 -0.264043 0.954005 
2010.0 1908.0 44.73320000000001 218 248 169 -0.528414 0.222087 0.819424 
2070.0 1892.0 37.918000000000006 204 248 176 0.112936 0.182435 0.97671 
2100.0 1870.0 55.06200000000001 222 247 167 0.0852586 0.15971 0.983475 
2110.0 1865.0 42.113200000000006 205 248 175 0.439865 0.0390094 0.897216 
2060.0 1875.0 53.644000000000005 221 248 168 -0.0671295 -0.15428 0.985744 
2000.0 1901.0 37.56639999999999 203 248 176 -0.374234 -0.0141463 0.927226 
2000.0 1892.0 46.36840000000001 219 248 169 -0.268662 -0.257291 0.928236 
2020.0 1885.0 48.859200000000044 218 248 169 -0.129587 -0.442873 0.88717 
2090.0 1880.0 44.761600000000044 204 248 175 0.0808743 0.520717 0.84989 
2010.0 1892.0 53.32040000000001 221 248 168 -0.0688166 -0.1388 0.987927 
2060.0 1878.0 54.88480000000004 222 247 167 -0.0358441 -0.0814639 0.996032 
2010.0 1882.0 36.64920000000001 203 248 176 -0.0224375 -0.0758601 0.996866 
2030.0 1906.0 37.92080000000004 204 248 176 0.109508 0.248648 0.962384 
2040.0 1872.0 39.30400000000003 204 248 176 -0.174963 -0.328931 0.928005 
1990.0 1894.0 36.92599999999999 203 248 176 -0.148066 -0.0378773 0.988252 
2050.0 1873.0 41.755600000000015 204 248 175 -0.185144 -0.421312 0.887816 
2110.0 1855.0 38.503600000000006 204 248 176 0.236662 -0.125444 0.96346 
2080.0 1859.0 37.55720000000002 204 248 176 -0.028991 -0.172786 0.984533 
2110.0 1860.0 40.10079999999999 204 248 176 0.542283 0.0150255 0.840061 
2090.0 1862.0 52.434799999999996 220 248 168 -0.0748532 -0.155647 0.984973 
2090.0 1871.0 55.49000000000001 222 247 167 0.0118135 -0.093434 0.995555 
2010.0 1909.0 45.72000000000003 219 248 169 -0.064143 0.339042 0.938582 
2000.0 1892.0 38.062400000000025 204 248 176 -0.243372 0.00356154 0.969926 
2020.0 1893.0 54.565200000000004 221 247 167 -0.0501916 -0.0992679 0.993794 
2070.0 1879.0 55.0052 222 247 167 0.0514969 0.0734104 0.995971 
2030.0 1888.0 54.0908 221 248 168 -0.0348123 -0.124651 0.99159 
2000.0 1893.0 38.21520000000004 203 248 176 -0.269687 -0.0158639 0.962817 
2000.0 1898.0 51.836400000000026 221 248 168 -0.408222 0.187404 0.89344 
2100.0 1880.0 42.20440000000002 219 248 169 0.104527 0.4195 0.901717 
2060.0 1894.0 45.610000000000014 218 248 169 0.13954 0.456024 0.87896 
2060.0 1887.0 51.69560000000001 220 248 168 0.0592263 0.268409 0.961483 
2100.0 1871.0 54.89519999999999 221 247 167 0.0346092 0.117225 0.992502 
2000.0 1900.0 44.96320000000003 220 248 168 -0.206975 0.451175 0.868103 
2010.0 1886.0 39.3904 204 248 176 -0.184074 -0.401483 0.897178 
2040.0 1899.0 43.52840000000003 217 248 170 0.105918 0.549905 0.828484 
2040.0 1892.0 52.96320000000003 220 248 168 0.0635172 0.128189 0.989714 
2040.0 1899.0 41.824400000000026 204 248 176 0.211853 0.428151 0.878524 
2000.0 1890.0 39.75800000000004 203 248 176 -0.375934 -0.163141 0.912172 
2110.0 1873.0 37.558400000000006 204 248 175 0.112101 -0.00761848 0.993668 
2110.0 1868.0 38.33879999999999 204 248 175 0.215074 -0.135226 0.96719 
2060.0 1880.0 54.93080000000003 221 247 167 -0.0425419 -0.0796297 0.995916 
2110.0 1873.0 37.53720000000004 204 248 175 0.109185 -0.0253663 0.993698 
2090.0 1865.0 53.12800000000004 220 248 168 -0.0358327 -0.162981 0.985978 
2080.0 1871.0 55.05279999999999 221 248 168 -0.0690656 -0.0962389 0.992959 
2070.0 1887.0 46.04079999999999 204 248 175 0.240148 0.543819 0.804108 
2110.0 1871.0 41.903999999999996 221 248 168 -0.0679369 0.0790741 0.994551 
2080.0 1864.0 49.36680000000001 219 248 169 -0.122937 -0.368812 0.921338 
2080.0 1881.0 52.3168 220 248 168 0.0633901 0.17821 0.981948 
2030.0 1906.0 39.5564 204 248 176 0.208457 0.421349 0.882616 
2050.0 1869.0 37.18799999999999 203 248 176 -0.0422418 -0.135859 0.989827 
2080.0 1860.0 38.057600000000036 204 248 176 -0.0213449 -0.317662 0.947964 
2050.0 1900.0 36.93960000000004 204 248 176 0.00301411 0.0251176 0.99968 
2000.0 1906.0 42.13240000000002 217 248 170 -0.337164 0.197746 0.920444 
1990.0 1890.0 37.416 203 248 176 -0.104359 -0.027463 0.99416 
2060.0 1888.0 51.1644 220 248 168 0.154438 0.307509 0.938929 
2000.0 1904.0 37.82560000000001 203 248 176 -0.317336 0.155233 0.935522 
2040.0 1884.0 54.56080000000003 222 247 167 -0.0493938 -0.0801278 0.99556 
2090.0 1865.0 52.874000000000024 220 248 168 -0.0471799 -0.143841 0.988476 
2090.0 1863.0 51.84280000000001 220 248 168 -0.111502 -0.237101 0.965065 
2030.0 1893.0 54.80160000000001 222 247 167 0.0797954 0.0448166 0.995803 
2020.0 1904.0 45.86840000000001 204 248 175 0.219227 0.392843 0.893092 
2000.0 1906.0 43.0856 204 248 176 -0.125915 0.242743 0.961884 
2070.0 1862.0 38.079200000000014 204 248 176 -0.0480732 -0.247762 0.967628 
2000.0 1900.0 50.11880000000002 222 247 167 0.0223845 0.420038 0.90723 
2110.0 1859.0 36.786400000000015 204 248 176 0.0312662 0.00100859 0.999511 
2090.0 1866.0 52.845200000000034 221 248 168 -0.0876754 -0.157335 0.983646 
2070.0 1866.0 48.57120000000003 218 248 169 -0.16854 -0.407666 0.897442 
2040.0 1892.0 53.32480000000004 220 248 168 0.0171063 0.16308 0.986465 
2020.0 1899.0 53.65440000000001 221 248 168 0.0641287 0.143415 0.987583 
2100.0 1867.0 55.408000000000015 222 247 167 0.194364 0.133387 0.971818 
2000.0 1910.0 38.56639999999999 204 248 176 -0.250912 0.22596 0.941268 
2110.0 1876.0 41.43440000000004 204 248 175 0.0983488 0.126787 0.987042 
2050.0 1885.0 54.88040000000001 222 247 167 0.0406064 0.0867002 0.995407 
2090.0 1860.0 44.80360000000002 204 248 175 -0.155233 -0.622438 0.767121 
2040.0 1881.0 51.18280000000004 219 248 169 -0.121271 -0.215735 0.968892 
2030.0 1895.0 53.04240000000004 221 248 168 0.065292 0.165011 0.984128 
2060.0 1890.0 46.9624 218 248 169 0.150179 0.416209 0.896781 
2020.0 1887.0 51.3956 219 248 169 -0.0613313 -0.188804 0.980098 
2040.0 1871.0 37.479600000000005 204 248 176 -0.0487348 -0.119004 0.991697 
2050.0 1873.0 43.710000000000036 204 248 176 -0.0649219 -0.465504 0.882662 
2050.0 1893.0 50.696799999999996 219 248 169 0.0207216 0.264505 0.964162 
2100.0 1870.0 52.04680000000002 221 247 167 0.541714 0.159679 0.825256 
2050.0 1881.0 54.0136 221 248 168 -0.0490101 -0.128794 0.99046 
2000.0 1896.0 53.31600000000003 221 248 168 -0.0883475 -0.0615077 0.994189 
2020.0 1897.0 53.82960000000003 221 248 168 0.0696354 0.154614 0.985518 
2080.0 1873.0 55.03399999999999 221 247 167 -0.137909 -0.0614215 0.988539 
2010.0 1893.0 53.11880000000002 221 248 168 -0.0401692 -0.148052 0.988163 
2080.0 1876.0 54.63159999999999 221 248 168 0.0872308 0.112819 0.989779 
2060.0 1886.0 54.129999999999995 221 248 168 0.0585129 0.127352 0.99013 
2010.0 1887.0 42.345200000000034 218 248 169 -0.275445 -0.496423 0.823222 
2080.0 1888.0 37.22239999999999 204 248 175 0.0367507 0.0388507 0.998569 
2090.0 1853.0 36.98480000000001 204 248 176 -0.0388673 -0.103276 0.993893 
2100.0 1872.0 53.3664 220 248 168 0.13211 0.211633 0.968379 
2100.0 1869.0 52.16360000000003 222 247 167 0.55217 0.150321 0.820069 
2060.0 1874.0 52.23520000000002 220 248 168 -0.0745597 -0.201678 0.97661 
2110.0 1874.0 42.134000000000015 219 248 169 0.160574 -0.00112289 0.987023 
2000.0 1903.0 47.52000000000004 222 247 167 -0.611196 0.219284 0.760496 
2020.0 1906.0 44.948800000000006 218 248 169 0.120231 0.51714 0.847414 
2060.0 1876.0 52.87479999999999 220 248 168 -0.0789242 -0.183347 0.979875 
2040.0 1894.0 53.1712 221 248 168 0.0406497 0.161437 0.986045 
2100.0 1848.0 36.191599999999994 203 248 176 -0.00100074 -0.0230169 0.999735 
2010.0 1884.0 40.53960000000001 203 248 176 -0.224645 -0.505833 0.832867 
2050.0 1902.0 36.946000000000026 204 248 176 0.0213959 0.0234337 0.999496 
2000.0 1902.0 47.83760000000001 203 248 176 0.106251 0.201252 0.97376 
2050.0 1872.0 45.58000000000004 217 248 170 -0.375247 -0.422746 0.824909 
2040.0 1878.0 48.42520000000002 219 248 169 -0.107839 -0.427155 0.897725 
2010.0 1885.0 44.68040000000002 218 248 169 -0.153436 -0.474921 0.866549 
2060.0 1892.0 45.4144 218 248 169 0.304479 0.556351 0.773153 
2010.0 1891.0 50.62520000000001 219 248 169 0.0 0.0 0.0 
2080.0 1860.0 41.184799999999996 204 248 176 -0.155953 -0.462029 0.873045 
2080.0 1879.0 53.09000000000003 221 248 168 0.0850576 0.159333 0.983554 
2050.0 1882.0 55.26120000000003 222 247 167 -0.00506329 -0.0313924 0.999494 
2040.0 1897.0 50.05880000000002 220 248 169 0.114918 0.386291 0.91519 
2100.0 1852.0 37.51679999999999 204 248 176 0.0727228 -0.276857 0.958155 
2010.0 1975.0 43.326400000000035 205 248 175 -0.0658149 0.234698 0.969838 
2020.0 1953.0 37.8544 205 248 175 0.00504347 -0.0272348 0.999616 
2020.0 1972.0 46.326400000000035 219 248 169 0.4158 -0.0722538 0.906581 
2020.0 1974.0 45.67439999999999 219 248 169 -0.147474 0.483305 0.862941 
2030.0 1983.0 39.22239999999999 205 248 175 0.271332 0.160639 0.948986 
2010.0 1973.0 43.89480000000003 218 248 169 -0.343841 0.217239 0.913554 
2030.0 1969.0 38.61680000000001 205 248 175 0.116899 0.00983262 0.993095 
2020.0 1961.0 44.53200000000004 218 248 169 0.335079 -0.18804 0.923235 
2020.0 1978.0 46.160799999999995 205 248 175 0.146157 -0.646405 0.748865 
2020.0 1959.0 43.32560000000001 205 248 175 0.0984898 -0.298096 0.949441 
2020.0 1961.0 45.12240000000003 218 248 169 0.0986905 -0.252494 0.962552 
2020.0 1975.0 45.37280000000004 206 248 174 -0.132243 0.607725 0.783059 
2010.0 1967.0 47.079200000000014 219 248 169 -0.233646 0.0605748 0.970433 
2010.0 1971.0 43.5908 205 248 175 -0.455183 0.171243 0.873776 
2020.0 1973.0 51.17760000000004 221 248 168 0.101072 0.290088 0.951648 
2020.0 1974.0 46.591200000000015 207 248 173 0.106966 0.407028 0.907131 
2020.0 1980.0 50.81800000000004 206 248 174 0.727704 -0.0798876 0.681224 
2010.0 1964.0 47.1148 205 248 175 -0.434944 0.0171862 0.900294 
2020.0 1963.0 46.36959999999999 205 248 175 0.217785 -0.0129494 0.975911 
2010.0 1974.0 42.107200000000034 205 248 175 -0.375759 0.165901 0.911747 
2020.0 1964.0 47.150000000000034 209 248 173 0.52155 0.0260091 0.852824 
2030.0 1966.0 39.70120000000003 205 248 175 0.200545 -0.0367864 0.978994 
2020.0 1978.0 44.4932 205 248 175 0.391756 -0.385463 0.835431 
2030.0 1985.0 38.176800000000014 205 248 175 -0.00886664 -0.000985182 0.99996 
2020.0 1956.0 38.9144 205 248 175 0.0195684 -0.176116 0.984175 
2030.0 1975.0 39.06639999999999 205 248 175 0.0993978 0.00106879 0.995047 
2020.0 1973.0 51.182000000000016 220 248 168 -0.143857 0.321966 0.935758 
2030.0 1984.0 38.46719999999999 205 248 175 0.156659 0.0825149 0.9842 
2010.0 1970.0 38.84039999999999 205 248 175 -0.167905 0.0857646 0.982065 
2020.0 1983.0 43.51640000000003 205 248 175 -0.256035 0.510518 0.820864 
2010.0 1955.0 38.039199999999994 205 248 175 0.0120666 -0.119569 0.992753 
2010.0 1966.0 45.75640000000004 219 248 169 -0.295164 0.168861 0.940406 
2010.0 1981.0 40.58440000000002 211 248 172 -0.105391 0.0914934 0.990213 
2010.0 1959.0 38.55920000000003 205 248 175 -0.0975209 -0.11867 0.988133 
2020.0 1955.0 38.61560000000003 205 248 175 -0.0102301 -0.169365 0.9855 
2020.0 1976.0 42.29599999999999 205 248 175 0.0260826 0.286908 0.957603 
2020.0 1975.0 46.215599999999995 221 248 168 0.11118 0.440496 0.890844 
2020.0 1971.0 52.40160000000003 221 248 168 0.100994 0.0963511 0.99021 
2020.0 1971.0 51.36880000000002 220 248 168 0.198836 0.167646 0.965588 
2020.0 1959.0 43.00720000000001 218 248 169 0.22432 -0.292039 0.929728 
2020.0 1960.0 45.45600000000002 207 248 174 0.186031 -0.253925 0.949165 
2030.0 1981.0 38.510400000000004 205 248 175 0.0363819 0.0280661 0.998944 
2030.0 1970.0 38.19400000000002 205 248 175 0.0604383 -0.0286286 0.997761 
2020.0 1979.0 47.70240000000001 205 248 175 0.545592 -0.462168 0.699092 
2010.0 1970.0 41.46160000000003 205 248 175 -0.420638 0.166232 0.891869 
2020.0 1954.0 37.914800000000014 205 248 175 -0.00509275 -0.0397235 0.999198 
2020.0 1962.0 49.914800000000014 221 248 168 0.0390801 -0.296252 0.95431 
2020.0 1973.0 46.908000000000015 205 248 175 0.188326 0.279052 0.941628 
2020.0 1961.0 48.408000000000015 220 248 168 0.0402378 -0.356948 0.933257 
2010.0 1985.0 38.700800000000015 205 248 175 -0.116712 0.0751119 0.990321 
2020.0 1967.0 44.57560000000001 207 248 174 0.515261 -0.521975 0.679742 
2010.0 1965.0 40.40360000000004 205 248 175 -0.289697 0.00611174 0.957099 
2020.0 1959.0 44.45920000000001 220 248 168 0.0203038 -0.496765 0.867647 
2030.0 1980.0 38.702 205 248 175 0.140503 0.0615426 0.988166 
2030.0 1957.0 38.14840000000004 205 248 175 0.049141 -0.0240477 0.998502 
2020.0 1970.0 51.948000000000036 220 248 168 0.197878 0.0199049 0.980024 
2010.0 1976.0 42.25999999999999 206 248 174 0.0243356 0.177303 0.983855 
2010.0 1989.0 37.924800000000005 205 248 175 -0.00897197 0.0129595 0.999876 
2020.0 1959.0 40.79759999999999 205 248 175 0.213904 -0.146492 0.965808 
2010.0 1957.0 37.7756 205 248 175 -0.0225702 -0.0827575 0.996314 
2010.0 1960.0 40.706800000000044 204 248 175 -0.208349 -0.18977 0.959468 
2010.0 1987.0 37.9692 205 248 175 -0.0213959 0.0234337 0.999496 
2010.0 1963.0 45.61760000000004 219 248 169 -0.446701 -0.19018 0.874237 
2010.0 1963.0 48.09360000000004 219 248 169 -0.407192 0.0891161 0.908984 
2020.0 1966.0 51.57560000000001 220 248 168 0.358558 -0.137055 0.923392 
2020.0 1965.0 46.55920000000003 218 248 169 0.523998 -0.00947801 0.851667 
2010.0 1977.0 41.86439999999999 218 248 169 -0.177748 0.162403 0.970583 
2030.0 1982.0 40.033600000000035 205 248 175 0.309332 0.133729 0.941504 
2030.0 1956.0 38.33080000000001 205 248 175 0.0946375 -0.0501022 0.99425 
2010.0 1962.0 40.855999999999995 205 248 175 -0.276765 -0.140388 0.950627 
2020.0 1964.0 47.8596 206 248 174 0.357421 -0.0816581 0.930367 
2010.0 1965.0 48.414800000000014 207 248 174 -0.318734 0.192364 0.928119 
2010.0 1960.0 44.478800000000035 205 248 175 -0.141504 -0.491618 0.859237 
2020.0 1978.0 46.1472 218 248 169 0.404484 -0.525665 0.748377 
2010.0 1970.0 39.71120000000002 205 248 175 -0.277619 0.163863 0.946613 
2010.0 1965.0 49.97640000000001 220 248 168 -0.243875 0.181896 0.952596 
2020.0 1977.0 41.7004 205 248 175 -0.0790825 0.104297 0.991397 
2020.0 1962.0 46.168000000000006 219 248 169 0.171226 -0.133731 0.976113 
2030.0 1964.0 38.88640000000004 205 248 175 0.167503 -0.0311902 0.985378 
2020.0 1973.0 47.9092 220 248 168 -0.244507 0.412512 0.877525 
2030.0 1965.0 38.27280000000002 205 248 175 0.075074 -0.0116312 0.99711 
2020.0 1954.0 38.03680000000003 205 248 175 0.013885 -0.0822419 0.996516 
2020.0 1958.0 41.35759999999999 205 248 175 0.0406597 -0.590267 0.806184 
2020.0 1984.0 42.93440000000004 205 248 175 0.185583 0.470638 0.862589 
2020.0 1986.0 38.481600000000014 205 248 175 -0.00544952 0.1188 0.992903 
2020.0 1986.0 38.83520000000004 205 248 175 -0.113155 0.30219 0.946508 
2030.0 1968.0 38.16680000000002 205 248 175 0.0149236 0.00298473 0.999884 
2020.0 1967.0 46.4316 207 248 173 0.626303 -0.229593 0.745004 
2020.0 1974.0 44.6268 219 248 169 0.324864 0.277825 0.904034 
2030.0 1978.0 39.772400000000005 208 248 173 0.180859 0.0484656 0.982314 
2010.0 1959.0 42.33000000000004 205 248 175 -0.221707 -0.46302 0.858171 
2010.0 1978.0 41.410799999999995 205 248 175 -0.131896 0.149154 0.979978 
2020.0 1961.0 41.210000000000036 205 248 175 0.366974 -0.0298247 0.929753 
2030.0 1974.0 41.45920000000001 205 248 175 0.22867 0.1279 0.965066 
2020.0 1968.0 48.724800000000016 219 248 169 0.461796 -0.207733 0.862318 
2030.0 1983.0 38.22360000000003 205 248 175 -0.00689638 -0.000985198 0.999976 
2020.0 1983.0 40.61840000000001 211 248 172 -0.178293 0.215272 0.96014 
2010.0 1972.0 44.92959999999999 218 248 169 -0.352136 0.224613 0.908597 
2020.0 1960.0 43.37639999999999 218 248 169 0.322054 -0.221859 0.920358 
2030.0 1976.0 38.57760000000002 205 248 175 0.0417576 -0.00101848 0.999127 
2010.0 1973.0 46.3768 220 248 169 -0.23681 0.285023 0.928807 
2010.0 1962.0 50.164800000000014 221 248 168 0.0546855 -0.291232 0.955088 
2020.0 1982.0 41.33600000000001 205 248 175 -0.520649 0.287852 0.803782 
2010.0 1955.0 38.0188 205 248 175 -0.0546682 -0.14772 0.987517 
2020.0 1969.0 52.4452 220 248 168 -0.0895386 0.112795 0.989576 
2010.0 1967.0 49.10640000000001 208 248 173 -0.467756 0.00662543 0.883833 
2030.0 1969.0 41.55680000000001 205 248 175 0.28701 -0.129488 0.949135 
2030.0 1969.0 38.16520000000003 205 248 175 0.00888415 -0.000987127 0.99996 
2020.0 1981.0 41.9708 211 248 172 -0.438849 -0.0362353 0.89783 
2020.0 1980.0 51.43760000000003 205 248 175 0.518947 0.280639 0.807425 
2020.0 1959.0 43.43920000000003 219 248 169 0.175547 -0.335647 0.925486 
2010.0 1957.0 38.136799999999994 205 248 175 -0.0546682 -0.14772 0.987517 
2010.0 1966.0 52.34480000000002 221 248 168 -0.196078 -0.0718545 0.977952 
2010.0 1957.0 39.25880000000001 205 248 175 -0.0928205 -0.296764 0.950429 
2030.0 1963.0 38.19999999999999 205 248 175 0.0763399 -0.0268802 0.996719 
2020.0 1964.0 50.82760000000002 220 248 168 0.18663 -0.210455 0.959624 
2020.0 1966.0 53.16360000000003 221 248 168 0.0294907 -0.0950256 0.995038 
2020.0 1962.0 49.370000000000005 205 248 175 0.0574569 -0.294946 0.953785 
2010.0 1964.0 50.7088 220 248 168 -0.152794 0.0192408 0.988071 
2020.0 1970.0 47.35560000000004 219 248 169 0.400259 -0.0773382 0.913133 
2020.0 1953.0 37.84480000000002 205 248 175 -0.00100656 -0.0312033 0.999513 
2010.0 1967.0 52.65840000000003 221 248 168 -0.34099 0.106475 0.934017 
2030.0 1977.0 39.92840000000001 208 248 173 0.154149 0.0262625 0.987698 
2010.0 1981.0 38.912000000000035 205 248 175 -0.119946 0.10807 0.986881 
2020.0 1986.0 39.59360000000004 205 248 175 -0.128632 0.320903 0.938336 
2030.0 1964.0 38.07040000000001 205 248 175 0.0233404 -0.0172516 0.999579 
2020.0 1958.0 42.31960000000004 205 248 175 0.174829 -0.612661 0.770767 
2010.0 1984.0 39.31200000000001 205 248 175 -0.134968 0.103913 0.985386 
2020.0 1964.0 51.63280000000003 220 248 168 0.0494068 -0.206063 0.977291 
2020.0 1967.0 43.10680000000002 205 248 175 0.237947 -0.186863 0.953133 
2010.0 1974.0 43.464800000000025 218 248 169 -0.276488 0.209798 0.937837 
2020.0 1974.0 44.89440000000002 205 248 175 0.230227 0.310306 0.922337 
2030.0 1984.0 38.245600000000024 205 248 175 0.0236682 0.0319007 0.999211 
2010.0 1965.0 51.75920000000002 221 248 168 -0.215337 -0.0421049 0.975632 
2030.0 1955.0 38.1472 205 248 175 0.0159581 -0.077663 0.996852 
2030.0 1979.0 38.3888 205 248 175 0.0275645 0.0173554 0.999469 
2020.0 1954.0 38.062400000000025 205 248 175 0.00528457 -0.0813823 0.996669 
2020.0 1959.0 42.21640000000002 218 248 169 0.131956 -0.373645 0.918138 
2010.0 1969.0 48.605200000000025 219 248 169 -0.417317 -0.00650027 0.908738 
2030.0 1960.0 38.19839999999999 205 248 175 0.0747627 -0.00526498 0.997187 
2010.0 1961.0 39.474800000000016 205 248 175 -0.15385 -0.105393 0.982457 
2010.0 1984.0 38.474800000000016 205 248 175 -0.0782609 0.0562156 0.995347 
2020.0 1961.0 47.88480000000004 205 248 175 0.045545 -0.350046 0.935625 
2010.0 1968.0 45.03399999999999 219 248 169 -0.414837 0.0895828 0.905475 
2020.0 1965.0 44.73400000000004 218 248 169 0.301122 0.151242 0.941516 
2020.0 1972.0 47.19240000000002 207 248 174 0.331954 0.162505 0.929193 
2020.0 1979.0 43.674800000000005 205 248 175 0.487328 -0.16048 0.858346 
2020.0 1982.0 40.831999999999994 205 248 175 -0.208214 0.129016 0.969537 
2020.0 1966.0 52.9196 221 248 168 0.144856 -0.0330774 0.9889 
2020.0 1962.0 43.02280000000002 205 248 175 0.54763 0.0346601 0.836002 
2020.0 1966.0 45.434799999999996 207 248 173 0.627741 -0.0735972 0.774935 
2020.0 1980.0 47.40880000000004 220 237 153 0.59046 0.103513 0.800401 
2020.0 1982.0 43.11680000000001 205 248 175 -0.441189 0.355798 0.823869 
2010.0 1968.0 47.14760000000001 219 248 169 -0.318155 -0.0884497 0.943904 
2020.0 1967.0 49.74240000000003 221 248 168 0.425457 -0.214952 0.87908 
2030.0 1972.0 43.3664 219 248 169 0.354926 0.0620131 0.932835 
2010.0 1982.0 39.08480000000003 205 248 175 -0.130207 0.108705 0.98551 
2020.0 1953.0 37.865200000000016 205 248 175 -0.00302575 -0.0312661 0.999507 
2020.0 1963.0 44.59800000000001 218 248 169 0.473692 0.0975664 0.87527 
2020.0 1965.0 45.40280000000001 205 248 175 0.559398 0.0040832 0.828889 
2020.0 1986.0 38.43280000000004 205 248 175 0.0145434 0.13984 0.990067 
2020.0 1987.0 38.12240000000003 205 248 175 0.00725778 0.0549517 0.998463 
2020.0 1958.0 40.56639999999999 205 248 175 0.0391982 -0.452807 0.890746 
2020.0 1981.0 49.6388 215 248 170 0.747842 0.296254 0.59411 
2020.0 1967.0 53.28960000000001 221 248 168 0.0148941 -0.000992938 0.999889 
2010.0 1978.0 40.146000000000015 205 248 175 -0.190162 0.127194 0.973478 
2020.0 1961.0 47.37800000000004 220 248 169 0.287044 -0.25277 0.923966 
2020.0 1978.0 42.64920000000001 205 248 175 -0.285113 -0.106425 0.952567 
2020.0 1970.0 52.67439999999999 221 248 168 -0.00724278 0.0548382 0.998469 
2020.0 1965.0 48.601200000000006 219 248 169 0.436175 -0.0844656 0.895889 
2020.0 1979.0 47.55360000000002 205 248 175 0.616103 -0.202279 0.761249 
2020.0 1970.0 43.67240000000004 219 248 169 0.410861 -0.184379 0.892859 
2020.0 1962.0 48.87119999999999 219 248 169 0.213563 -0.277772 0.936607 
2010.0 1955.0 37.786 205 248 175 -0.030446 -0.0472438 0.998419 
2010.0 1978.0 41.73240000000004 218 248 169 0.0402027 0.0749726 0.996375 
2020.0 1963.0 51.11840000000001 221 248 168 0.0035369 -0.232257 0.972648 
2030.0 1983.0 38.42720000000003 205 248 175 0.155159 0.116064 0.981048 
2020.0 1968.0 53.0616 221 248 168 -0.165263 0.127986 0.97791 
2030.0 1968.0 38.58359999999999 205 248 175 0.102562 -0.0597337 0.992931 
2030.0 1960.0 39.17959999999999 205 248 175 0.185456 -0.0126709 0.982571 
2020.0 1964.0 46.63040000000001 218 248 169 0.393458 0.0631144 0.917174 
2010.0 1982.0 38.384000000000015 205 248 175 -0.0647761 0.0647761 0.995795 
2020.0 1973.0 49.351200000000006 221 248 168 0.197436 0.373255 0.906477 
2020.0 1968.0 51.18440000000004 221 248 168 0.308689 -0.0880091 0.947083 
2010.0 1957.0 40.04720000000003 205 248 175 -0.119006 -0.303532 0.94536 
2020.0 1968.0 45.43040000000002 219 248 169 0.519974 -0.256107 0.814884 
2010.0 1971.0 47.00999999999999 218 248 169 -0.392127 0.235276 0.889315 
2030.0 1980.0 38.49279999999999 208 248 173 0.0236211 0.0297832 0.999277 
2020.0 1981.0 53.76440000000002 221 238 153 0.131066 0.561079 0.81732 
2030.0 1979.0 38.789199999999994 205 248 175 0.0752771 0.0469118 0.996059 
2010.0 1966.0 50.857200000000034 220 248 168 -0.446617 0.0172285 0.894559 
2020.0 1957.0 40.27120000000002 205 248 175 0.031531 -0.311526 0.949714 
2020.0 1964.0 51.155200000000036 220 248 169 0.326993 -0.140922 0.934461 
2020.0 1964.0 49.71160000000003 220 248 168 0.317662 -0.128416 0.939468 
2020.0 1960.0 47.410799999999995 205 248 175 -0.0385708 -0.416299 0.908409 
2020.0 1958.0 42.954800000000034 205 248 175 -0.0295127 -0.642253 0.765925 
2030.0 1967.0 38.49119999999999 205 248 175 0.0867002 -0.0406064 0.995407 
2030.0 1965.0 38.13319999999999 205 248 175 0.0232939 -0.0151917 0.999613 
2010.0 1961.0 48.19960000000003 221 247 167 -0.163115 -0.555188 0.815573 
2030.0 1970.0 38.18920000000003 205 248 175 0.0154947 -0.0444182 0.998893 
2030.0 1956.0 38.12880000000001 205 248 175 0.0321578 -0.0321578 0.998965 
2030.0 1977.0 38.869200000000035 205 248 175 0.0514414 0.024146 0.998384 
2020.0 1980.0 41.24520000000001 205 248 175 -0.252954 0.00599417 0.96746 
2030.0 1958.0 38.76280000000003 205 248 175 0.168393 -0.109394 0.979631 
2020.0 1977.0 42.686000000000035 206 248 174 -0.196384 0.0440375 0.979538 
2030.0 1952.0 37.74880000000002 205 248 175 0.000994847 -0.0189021 0.999821 
2010.0 1966.0 44.75600000000003 218 248 169 -0.323371 0.167931 0.931252 
2030.0 1977.0 39.35079999999999 205 248 175 0.11137 0.0231562 0.993509 
2010.0 1973.0 43.233600000000024 218 248 169 -0.428466 0.169934 0.887434 
2020.0 1968.0 52.53800000000001 221 248 168 0.209234 -0.0224601 0.977608 
2020.0 1969.0 47.19240000000002 210 248 172 0.476715 -0.182667 0.859869 
2020.0 1979.0 49.69960000000003 215 248 170 0.101465 -0.674963 0.730842 
2020.0 1980.0 52.30959999999999 205 248 175 -0.683123 -0.469334 0.559526 
2010.0 1957.0 38.49600000000004 205 248 175 -0.0267627 -0.180357 0.983237 
2030.0 1986.0 38.12760000000003 205 248 175 0.000979427 0.00293828 0.999995 
2030.0 1984.0 38.20960000000002 205 248 175 0.0130623 0.0170815 0.999769 
2010.0 1966.0 46.5172 205 248 175 -0.23371 0.122665 0.964538 
2010.0 1958.0 40.488 205 248 175 -0.112723 -0.349034 0.930306 
2010.0 1988.0 38.0376 205 248 175 -0.00711637 0.0355818 0.999341 
2020.0 1983.0 44.13159999999999 205 248 175 -0.10114 0.637622 0.763681 
2020.0 1959.0 43.51840000000004 205 248 175 0.401713 -0.379658 0.833358 
2020.0 1973.0 45.5976 219 248 169 0.377482 0.201034 0.903932 
2020.0 1955.0 38.17599999999999 205 248 175 -0.00541841 -0.111619 0.993736 
2020.0 1961.0 42.85079999999999 205 248 175 0.513924 -0.117261 0.849784 
2020.0 1961.0 46.13280000000003 207 248 174 0.329346 -0.242294 0.912592 
2020.0 1980.0 42.918000000000006 205 248 175 -0.479009 -0.106604 0.871313 
2020.0 1975.0 43.19 220 248 168 -0.29216 0.582723 0.758338 
2030.0 1962.0 38.058400000000006 205 248 175 0.0460104 0.00306736 0.998936 
2010.0 1968.0 52.26800000000003 221 248 168 -0.248354 0.0481882 0.96747 
2020.0 1966.0 43.536 208 248 173 0.385369 0.138733 0.912274 
2020.0 1967.0 46.79200000000003 219 248 169 0.561022 -0.279721 0.779109 
2010.0 1967.0 41.23240000000004 205 248 175 -0.253188 0.149792 0.95575 
2030.0 1982.0 38.23040000000003 205 248 175 0.00492599 0.00492599 0.999976 
2010.0 1961.0 48.5548 221 248 168 0.0281572 -0.451857 0.891646 
2010.0 1958.0 38.243600000000015 205 248 175 -0.0676556 -0.164985 0.983973 
2020.0 1963.0 48.27719999999999 220 248 169 0.290415 -0.233749 0.927912 
2030.0 1978.0 39.21120000000002 205 248 175 0.152286 0.0523119 0.986951 
2010.0 1984.0 38.07839999999999 205 248 175 -0.0297832 0.0236211 0.999277 
2020.0 1980.0 52.65360000000004 205 248 175 -0.78633 0.00967365 0.617732 
2010.0 1972.0 46.94319999999999 219 248 169 -0.303066 0.285497 0.909199 
2020.0 1962.0 46.81200000000001 218 248 169 0.229388 -0.168395 0.958658 
2010.0 1962.0 49.31360000000001 221 248 168 -0.21827 -0.46213 0.859531 
2010.0 1984.0 38.48599999999999 205 248 175 -0.0713604 0.0581862 0.995752 
2030.0 1981.0 38.26320000000004 205 248 175 0.00493566 0.00690992 0.999964 
2030.0 1982.0 38.23480000000001 205 248 175 0.0130623 0.0170815 0.999769 
2020.0 1977.0 41.84559999999999 205 248 175 0.240329 -0.0402582 0.969856 
2020.0 1966.0 41.21039999999999 205 248 175 0.262235 -0.0207349 0.964781 
2020.0 1975.0 45.85680000000002 221 248 168 0.059253 0.475402 0.877771 
2020.0 1976.0 44.44319999999999 207 248 174 -0.073873 0.475296 0.876719 
2020.0 1954.0 38.01920000000001 205 248 175 0.0180882 -0.0755448 0.996978 
2030.0 1958.0 38.455600000000004 205 248 175 0.0978207 -0.0318742 0.994694 
2020.0 1957.0 39.825199999999995 205 248 175 0.0629584 -0.228379 0.971535 
2010.0 1976.0 38.771600000000035 205 248 175 -0.132481 0.0564485 0.989577 
2020.0 1979.0 50.67360000000002 220 237 153 0.527412 -0.460861 0.713753 
2020.0 1955.0 38.37040000000002 205 248 175 0.0192772 -0.155351 0.987671 
2030.0 1976.0 39.74400000000003 208 248 173 0.186703 0.019714 0.982219 
2030.0 1954.0 37.88080000000002 205 248 175 0.00707504 -0.0272895 0.999603 
2020.0 1986.0 38.87280000000004 205 248 175 -0.0499087 0.313529 0.948266 
2010.0 1969.0 45.969600000000014 205 248 175 -0.426112 0.0868772 0.900489 
2020.0 1958.0 40.52520000000004 205 248 175 0.0478875 -0.335213 0.940925 
2010.0 1963.0 51.160799999999995 221 248 168 -0.0561397 -0.187531 0.980653 
2020.0 1954.0 37.96879999999999 205 248 175 0.00309134 -0.0546137 0.998503 
2010.0 1963.0 39.84039999999999 204 248 175 -0.244861 -0.0479878 0.96837 
2010.0 1963.0 49.56120000000004 220 248 168 -0.231197 -0.183087 0.955525 
2030.0 1982.0 38.34680000000003 205 248 175 0.0254712 0.0193581 0.999488 
2010.0 1961.0 43.47040000000004 205 248 175 -0.379826 -0.355021 0.854221 
2030.0 1966.0 38.31120000000004 205 248 175 0.0625578 -0.0243869 0.997743 
2030.0 1986.0 38.28399999999999 205 248 175 0.0407822 0.0324167 0.998642 
2020.0 1980.0 55.54320000000001 212 232 146 -0.688881 -0.0768646 0.720787 
2010.0 1972.0 49.96199999999999 220 248 168 -0.308188 0.323076 0.894786 
2020.0 1986.0 39.06080000000003 205 248 175 0.0515215 0.197699 0.978908 
2020.0 1968.0 44.17840000000001 218 248 169 0.515776 -0.235563 0.823702 
2030.0 1952.0 37.72239999999999 205 248 175 0.00500404 -0.0190153 0.999807 
2020.0 1964.0 42.49720000000002 205 248 175 0.436174 -0.00392949 0.899854 
2010.0 1966.0 48.503600000000006 208 248 173 -0.344535 0.133147 0.929283 
2010.0 1962.0 47.650000000000034 220 248 169 -0.196618 -0.444977 0.873692 
2030.0 1962.0 39.5804 205 248 175 0.23461 -0.0401147 0.971262 
2020.0 1958.0 41.18119999999999 205 248 175 -0.0571508 -0.37879 0.923716 
2020.0 1968.0 52.57560000000001 220 248 168 0.15246 0.01694 0.988164 
2020.0 1971.0 50.31800000000004 221 248 168 0.303418 0.0820399 0.949319 
2020.0 1954.0 37.9812 205 248 175 -0.0157427 -0.0598221 0.998085 
2030.0 1970.0 40.81400000000002 205 248 175 0.368535 -0.0651921 0.927325 
2020.0 1975.0 43.815200000000004 205 248 175 0.159568 0.201082 0.966491 
2030.0 1982.0 38.28480000000002 205 248 175 0.00898964 0.0149827 0.999847 
2010.0 1963.0 42.267600000000016 205 248 175 -0.374497 -0.144469 0.915904 
2010.0 1990.0 37.90719999999999 205 248 175 -0.00495505 0.0109011 0.999928 
2010.0 1974.0 45.32040000000001 205 248 175 -0.148189 0.435934 0.887694 
2010.0 1982.0 39.9692 211 248 172 -0.13729 0.122711 0.982901 
2020.0 1973.0 46.37760000000003 220 248 169 0.243233 0.28875 0.925992 
2010.0 1959.0 42.45160000000004 205 248 175 -0.110277 -0.496964 0.860736 
2010.0 1968.0 43.391999999999996 205 248 175 -0.337059 0.181927 0.923739 
2010.0 1973.0 44.77080000000001 206 248 174 -0.211384 0.238659 0.947818 
2020.0 1962.0 46.33000000000004 207 248 174 0.216758 -0.252654 0.942965 
2020.0 1962.0 45.35640000000001 218 248 169 0.346482 -0.0164991 0.937912 
2020.0 1968.0 47.44839999999999 220 248 168 0.527128 -0.256567 0.810129 
2020.0 1974.0 46.88839999999999 220 248 169 -0.26626 0.575059 0.773572 
2010.0 1967.0 46.27280000000002 205 248 175 -0.281895 0.0438503 0.958443 
2010.0 1986.0 38.38480000000004 205 248 175 -0.0418705 0.0590481 0.997377 
2030.0 1969.0 38.26480000000004 205 248 175 0.062169 0.0200205 0.997865 
2010.0 1978.0 38.762 205 248 175 -0.113208 0.0651806 0.991431 
2010.0 1964.0 44.21520000000004 218 248 169 -0.353142 0.0482149 0.934327 
2010.0 1964.0 51.3116 220 248 168 -0.165665 0.0194228 0.985991 
2020.0 1968.0 45.39000000000004 205 248 175 0.404134 -0.32981 0.853171 
2010.0 1964.0 51.35759999999999 220 248 168 0.0170679 -0.162714 0.986526 
2010.0 1973.0 45.94200000000001 208 248 173 -0.226477 0.338995 0.913121 
2010.0 1969.0 42.83520000000004 218 248 169 -0.413463 0.204524 0.887253 
2010.0 1956.0 37.77760000000001 205 248 175 -0.0295549 -0.0952326 0.995016 
2020.0 1959.0 45.00720000000001 221 248 168 -0.164454 -0.502252 0.848939 
2020.0 1964.0 46.11400000000003 219 248 169 0.43816 0.0614244 0.896796 
2030.0 1966.0 38.17840000000001 205 248 175 0.0233404 -0.0172516 0.999579 
2030.0 1981.0 38.241600000000005 205 248 175 -0.00690997 0.00296142 0.999972 
2020.0 1960.0 45.357200000000034 218 248 169 0.215723 -0.22115 0.951082 
2030.0 1977.0 40.35680000000002 209 248 173 0.155016 0.0147095 0.987802 
2010.0 1964.0 50.21719999999999 220 248 169 -0.265549 0.130793 0.955184 
2030.0 1956.0 38.788400000000024 205 248 175 0.0690894 -0.144034 0.987158 
2030.0 1978.0 38.543600000000026 205 248 175 0.0467677 0.0176678 0.99875 
2030.0 1979.0 38.610000000000014 205 248 175 0.0408647 0.0345778 0.998566 
2000.0 1958.0 37.584 205 248 175 -0.0344393 -0.0365265 0.998739 
2020.0 1958.0 42.32480000000004 205 248 175 -0.00677796 -0.535459 0.844534 
2020.0 1955.0 38.24200000000002 205 248 175 -0.0209413 -0.115728 0.99306 
2030.0 1967.0 38.27680000000004 205 248 175 0.0505024 -0.00515331 0.998711 
2030.0 1976.0 38.7672 205 248 175 0.0548389 -0.00517348 0.998482 
2010.0 1969.0 39.34880000000004 205 248 175 -0.160161 0.183224 0.969937 
2030.0 1973.0 40.35560000000004 205 248 175 0.274561 -0.00120952 0.961569 
2030.0 1980.0 38.37639999999999 205 248 175 0.0191288 0.0130881 0.999731 
2020.0 1974.0 49.15840000000003 221 248 168 -0.065632 0.498524 0.864388 
2020.0 1954.0 37.922799999999995 205 248 175 0.00720045 -0.0483458 0.998805 
2020.0 1969.0 49.948000000000036 220 248 168 0.347617 -0.0374755 0.936887 
2010.0 1965.0 46.33960000000002 218 248 169 -0.346916 0.0897428 0.933593 
2020.0 1978.0 41.228800000000035 205 248 175 -0.0713693 0.0559975 0.995877 
2010.0 1955.0 37.86040000000003 204 248 175 -0.0139367 -0.0889803 0.995936 
2030.0 1974.0 38.4692 205 248 175 0.0359425 -0.0174578 0.999201 
2030.0 1970.0 38.2088 205 248 175 0.0110526 -0.0190908 0.999757 
2020.0 1967.0 42.560400000000016 205 248 175 0.288076 -0.0951564 0.952868 
2020.0 1974.0 43.49119999999999 205 248 175 0.321207 0.221276 0.920795 
2010.0 1973.0 43.25999999999999 205 248 175 -0.443223 0.203082 0.873104 
2020.0 1971.0 51.71360000000004 220 248 168 -0.160265 0.135418 0.977741 
2030.0 1959.0 39.14160000000004 206 248 174 0.21996 -0.037261 0.974797 
2030.0 1978.0 38.960000000000036 208 248 173 0.0546397 0.0460688 0.997443 
2020.0 1978.0 47.7088 205 248 175 0.373289 -0.698889 0.610089 
2020.0 1989.0 37.95519999999999 205 248 175 -0.00696459 0.0109444 0.999916 
2010.0 1974.0 40.39640000000003 205 248 175 -0.257022 0.0747008 0.963514 
2020.0 1964.0 40.87520000000001 205 248 175 0.273205 -0.0208273 0.96173 
2010.0 1966.0 47.1524 219 248 169 -0.313575 0.108083 0.943392 
2020.0 1978.0 44.12560000000002 205 248 175 -0.336885 -0.283458 0.897864 
2020.0 1973.0 49.03399999999999 220 248 168 -0.304814 0.500654 0.810206 
2010.0 1964.0 46.846000000000004 219 248 169 -0.36847 0.067841 0.927161 
2030.0 1956.0 38.13839999999999 205 248 175 0.0432212 -0.0390045 0.998304 
2030.0 1969.0 39.274400000000014 205 248 175 0.242189 0.0228934 0.969959 
2020.0 1958.0 43.129200000000026 205 248 175 0.00673298 -0.518439 0.855088 
2020.0 1967.0 43.77199999999999 220 248 169 0.283138 -0.462614 0.840132 
2020.0 1986.0 38.62119999999999 205 248 175 0.0868752 0.107725 0.990378 
2010.0 1968.0 52.065200000000004 220 248 169 0.0 0.0 0.0 
2020.0 1971.0 52.31400000000002 221 248 168 -0.0417369 0.122955 0.991534 
2020.0 1959.0 43.97840000000002 218 248 169 0.319922 -0.214703 0.922796 
2010.0 1958.0 39.37240000000003 205 248 175 -0.0789142 -0.291077 0.953439 
2020.0 1958.0 42.25120000000004 205 248 175 0.131026 -0.467951 0.873988 
2020.0 1960.0 46.56920000000002 218 248 169 0.229052 -0.332773 0.914766 
2020.0 1975.0 43.729600000000005 206 248 174 -0.0593306 0.473265 0.87892 
2010.0 1977.0 41.58280000000002 205 248 175 -0.00579682 0.20057 0.979662 
2020.0 1966.0 44.2244 206 248 174 0.748282 -0.236878 0.619647 
2020.0 1979.0 51.00319999999999 222 242 159 -0.114097 -0.689027 0.715699 
2010.0 1983.0 38.07040000000001 205 248 175 -0.0258313 0.0320308 0.999153 
2010.0 1966.0 50.59200000000004 221 248 168 -0.35074 0.106983 0.930342 
2020.0 1981.0 40.793600000000026 205 248 175 -0.0390867 0.0433123 0.998297 
2030.0 1976.0 39.04200000000003 208 248 173 0.0615325 -0.00730047 0.998078 
2010.0 1956.0 38.85480000000001 205 248 175 -0.109307 -0.245618 0.963184 
2010.0 1986.0 38.04920000000004 205 248 175 -0.0319648 0.025778 0.999156 
2020.0 1972.0 47.93000000000001 219 248 169 0.248425 -0.0354893 0.968001 
2030.0 1969.0 38.253600000000006 205 248 175 0.0757054 -0.0181266 0.996965 
2020.0 1961.0 45.922000000000025 205 248 175 0.0897918 -0.236494 0.967475 
2010.0 1969.0 38.84000000000003 205 248 175 -0.127161 0.159259 0.979013 
2020.0 1955.0 38.39359999999999 205 248 175 0.0210687 -0.120868 0.992445 
2010.0 1970.0 48.867200000000025 219 248 169 -0.428151 0.211853 0.878524 
2030.0 1972.0 39.814400000000035 205 248 175 0.31236 -0.119313 0.942441 
2010.0 1962.0 45.86560000000003 220 248 169 -0.325165 -0.457116 0.827836 
2010.0 1969.0 50.47000000000003 220 248 168 -0.352362 -0.00631473 0.935843 
2020.0 1960.0 44.07080000000002 205 248 175 0.158911 -0.289299 0.943956 
2020.0 1980.0 55.31400000000002 221 238 153 0.136622 -0.401415 0.905649 
2010.0 1974.0 41.85079999999999 205 248 175 -0.328323 0.187412 0.925787 
2010.0 1972.0 38.39240000000001 205 248 175 -0.120205 0.0393193 0.99197 
2020.0 1958.0 42.196000000000026 218 248 169 -0.0124053 -0.591318 0.806343 
2010.0 1958.0 39.19200000000001 205 248 175 -0.0903102 -0.302343 0.948911 
2010.0 1969.0 47.28320000000002 218 248 169 -0.440829 0.0444874 0.896488 
2030.0 1976.0 40.54759999999999 208 248 173 0.178182 0.065772 0.981797 
2020.0 1964.0 43.59640000000002 219 248 169 0.38633 0.0740354 0.919384 
2010.0 1964.0 48.07839999999999 205 248 175 -0.388419 0.0885869 0.917215 
2010.0 1969.0 46.62520000000001 218 248 169 -0.439925 0.186858 0.878379 
2010.0 1977.0 40.0684 205 248 175 -0.199738 0.133583 0.970701 
2030.0 1980.0 39.5308 205 248 175 0.225459 0.0652969 0.972062 
2020.0 1967.0 53.17560000000003 221 248 168 -0.097673 -0.0572566 0.99357 
2020.0 1972.0 48.49720000000002 220 248 169 0.255011 0.126852 0.958581 
2030.0 1985.0 38.176800000000014 205 248 175 0.00902508 0.0190529 0.999778 
2010.0 1985.0 39.09680000000003 205 248 175 -0.122286 0.108039 0.986597 
2020.0 1978.0 46.91360000000003 214 248 171 -0.332504 -0.595263 0.731508 
2020.0 1982.0 48.70400000000001 218 236 151 -0.486374 0.379727 0.786923 
2010.0 1976.0 42.719600000000014 207 248 173 -0.0481114 0.344582 0.937523 
2020.0 1961.0 47.452800000000025 205 248 175 0.0526311 -0.311936 0.948644 
2010.0 1974.0 44.410000000000025 218 248 169 -0.136728 0.310007 0.940851 
2020.0 1952.0 37.78200000000004 205 248 175 0.00299058 -0.0169466 0.999852 
2030.0 1968.0 38.53680000000003 205 248 175 0.116982 0.0300812 0.992678 
2010.0 1962.0 42.202 219 248 169 -0.306349 -0.2686 0.913239 
2030.0 1983.0 38.196799999999996 205 248 175 -0.00098326 0.00688282 0.999976 
2020.0 1963.0 46.00400000000002 218 248 169 0.273271 0.108524 0.955796 
2020.0 1959.0 44.66840000000002 219 248 169 0.0464198 -0.391253 0.919112 
2020.0 1959.0 43.95519999999999 218 248 169 0.170744 -0.282752 0.943874 
2020.0 1986.0 38.34440000000001 205 248 175 -0.0205783 0.0942268 0.995338 
2020.0 1968.0 52.924000000000035 220 248 168 -0.164515 0.124932 0.978431 
2020.0 1966.0 44.2688 219 248 169 0.379777 0.210987 0.900696 
2010.0 1987.0 37.91239999999999 205 248 175 -0.0130369 0.0130369 0.99983 
2010.0 1970.0 49.3768 220 248 168 -0.324003 0.288496 0.900995 
2020.0 1966.0 53.01400000000001 221 248 168 -0.0537994 -0.129348 0.990139 
2010.0 1969.0 44.021600000000035 205 248 175 -0.521435 0.174808 0.835193 
2020.0 1966.0 42.75040000000001 205 248 175 0.272643 0.0806408 0.95873 
2030.0 1976.0 38.86400000000003 208 248 173 0.0527747 -0.00724359 0.99858 
2010.0 1980.0 41.0428 212 248 171 -0.041094 0.101069 0.99403 
2010.0 1977.0 41.59160000000003 205 248 175 0.0768188 0.0335406 0.996481 
2020.0 1984.0 39.21600000000001 205 248 175 0.200809 0.200809 0.958828 
2010.0 1967.0 51.117999999999995 221 248 168 -0.42987 -0.0498595 0.901513 
2020.0 1960.0 44.27120000000002 205 248 175 0.181782 -0.19486 0.963839 
2020.0 1987.0 38.27840000000003 205 248 175 0.0328738 0.0562035 0.997878 
2020.0 1968.0 53.174800000000005 221 248 168 -0.00964709 0.0911114 0.995794 
2010.0 1956.0 37.9092 204 248 175 -0.0651806 -0.113208 0.991431 
2010.0 1966.0 52.43119999999999 221 248 168 -0.30417 -0.0822433 0.949061 
2020.0 1981.0 44.69400000000002 205 248 175 -0.534988 -0.0752105 0.841506 
2030.0 1977.0 38.3544 205 248 175 0.0231088 0.00703312 0.999708 
2010.0 1972.0 48.13159999999999 205 248 175 -0.276042 0.332136 0.901935 
2020.0 1979.0 47.136000000000024 213 248 171 -0.495666 -0.391658 0.77519 
2020.0 1985.0 39.69400000000002 205 248 175 -0.0873472 0.298545 0.95039 
2020.0 1987.0 38.40960000000001 205 248 175 -0.0540176 0.0782704 0.995468 
2020.0 1977.0 43.786 205 248 175 0.147834 -0.170578 0.974191 
2030.0 1965.0 38.63319999999999 205 248 175 0.130172 -0.0189139 0.991311 
2020.0 1972.0 49.32120000000003 221 248 168 0.21824 0.268283 0.938294 
2010.0 1960.0 45.75720000000001 221 248 168 -0.180438 -0.577706 0.796051 
2010.0 1968.0 49.06999999999999 220 248 168 -0.417825 -0.184891 0.889515 
2020.0 1988.0 38.087199999999996 205 248 175 -0.0111847 0.0294869 0.999503 
2010.0 1977.0 42.093999999999994 218 248 169 -0.00104844 0.0765361 0.997066 
2010.0 1975.0 43.69560000000001 206 248 174 -0.067497 0.353367 0.933047 
2020.0 1957.0 40.07800000000003 205 248 175 -0.0111421 -0.30579 0.952034 
2010.0 1970.0 38.3528 205 248 175 -0.0802369 0.0824971 0.993356 
2020.0 1968.0 49.20640000000003 220 248 169 0.434402 -0.182829 0.881968 
2020.0 1963.0 49.86080000000004 219 248 169 0.215168 -0.220581 0.951339 
2020.0 1960.0 46.22360000000003 220 248 169 0.0249056 -0.3998 0.916264 
2000.0 1964.0 38.88440000000003 205 248 175 -0.200567 -0.00811541 0.979646 
2030.0 1971.0 39.06999999999999 205 248 175 0.165621 -0.0335874 0.985617 
2030.0 1981.0 42.09000000000003 205 248 175 0.46929 0.0944218 0.877981 
2020.0 1956.0 38.95840000000004 205 248 175 -0.0105898 -0.220032 0.975435 
2020.0 1987.0 38.58080000000001 205 248 175 -0.0875627 0.120253 0.988874 
2030.0 1972.0 41.45840000000004 205 248 175 0.444199 -0.145191 0.884085 
2020.0 1961.0 43.63760000000002 218 248 169 0.621671 0.0208615 0.783 
2010.0 1965.0 49.61040000000003 220 248 168 -0.255433 0.328413 0.90934 
2020.0 1972.0 47.752800000000036 221 248 168 0.172295 0.214383 0.961434 
2010.0 1960.0 42.36279999999999 205 248 175 -0.182796 -0.39006 0.902463 
2020.0 1968.0 53.017600000000016 221 248 168 0.024194 0.0536476 0.998267 
2010.0 1964.0 49.038400000000024 220 248 169 -0.363518 0.226287 0.903686 
2010.0 1969.0 51.353200000000015 220 248 168 -0.216457 0.143873 0.965633 
2000.0 1958.0 37.71320000000003 204 248 175 -0.0374174 -0.0609368 0.99744 
2020.0 1982.0 42.300400000000025 205 248 175 0.418042 0.286351 0.862116 
2020.0 1960.0 46.790400000000034 221 248 168 0.0196283 -0.409578 0.912064 
2020.0 1985.0 39.09360000000004 205 248 175 -0.0500899 0.154929 0.986655 
2000.0 1963.0 38.50080000000003 205 248 175 -0.0949601 0.00106697 0.99548 
2010.0 1959.0 39.259600000000034 205 248 175 -0.135327 -0.253575 0.957803 
2010.0 1965.0 47.48599999999999 220 248 169 -0.312114 0.176171 0.933568 
2020.0 1958.0 41.008399999999995 205 248 175 0.0509295 -0.483142 0.87406 
2020.0 1965.0 52.284400000000005 221 248 168 -0.0332048 -0.149994 0.988129 
2010.0 1963.0 50.593200000000024 221 248 168 -0.22869 -0.22869 0.946257 
2020.0 1968.0 42.9948 205 248 175 0.380795 -0.23083 0.895384 
2010.0 1967.0 47.7688 205 248 175 -0.33891 -0.0215786 0.940571 
2010.0 1969.0 41.017600000000016 205 248 175 -0.304885 0.222637 0.926001 
2020.0 1964.0 45.4948 205 248 175 0.303659 0.13361 0.943366 
2030.0 1985.0 38.13080000000002 205 248 175 -0.000985198 0.00689638 0.999976 
2020.0 1976.0 42.572 205 248 175 -0.138799 0.11466 0.983661 
2030.0 1972.0 38.36200000000002 205 248 175 0.0343034 -0.0301454 0.998957 
2020.0 1954.0 38.01920000000001 205 248 175 -0.00521401 -0.0636109 0.997961 
2020.0 1960.0 43.83960000000002 205 248 175 0.0837404 -0.276988 0.957218 
2010.0 1958.0 40.74600000000004 205 248 175 -0.0144357 -0.42126 0.906825 
2020.0 1975.0 44.59000000000003 206 248 174 0.0497736 0.217304 0.974834 
2020.0 1961.0 47.900000000000034 221 248 168 0.0553707 -0.31806 0.946452 
2020.0 1979.0 48.9692 222 244 162 0.585002 -0.477724 0.655403 
2020.0 1957.0 39.46199999999999 205 248 175 0.0622733 -0.283407 0.956976 
2020.0 1985.0 40.09960000000001 205 248 175 0.253899 0.291195 0.922356 
2030.0 1957.0 38.30400000000003 205 248 175 0.0592908 -0.0463546 0.997164 
2020.0 1960.0 46.68520000000001 220 248 168 0.150488 -0.329969 0.93192 
2030.0 1966.0 38.771600000000035 205 248 175 0.14772 -0.0546682 0.987517 
2030.0 1963.0 38.001599999999996 205 248 175 0.0232481 -0.0111187 0.999668 
2020.0 1980.0 47.170000000000016 205 248 175 -0.621529 -0.181725 0.762022 
2020.0 1972.0 50.37560000000002 219 248 169 -0.309725 0.358072 0.880826 
2030.0 1975.0 39.882000000000005 205 248 175 0.188804 0.0613313 0.980098 
2010.0 1973.0 38.72239999999999 205 248 175 -0.187538 0.0244615 0.981953 
2020.0 1961.0 45.25640000000004 219 248 169 0.115157 -0.211332 0.970607 
2020.0 1980.0 53.367200000000025 222 245 163 0.354817 -0.306501 0.883268 
2030.0 1979.0 40.84640000000002 205 248 175 0.283873 -0.0492047 0.957599 
2010.0 1971.0 40.0496 205 248 175 -0.333988 0.0918135 0.938095 
2020.0 1958.0 43.753600000000006 218 248 169 0.120175 -0.50821 0.852808 
2020.0 1976.0 43.86959999999999 206 248 174 -0.0499477 0.041446 0.997891 
2000.0 1960.0 38.113200000000006 204 248 175 -0.0716546 -0.0628356 0.995448 
2020.0 1959.0 43.641999999999996 205 248 175 0.193345 -0.328828 0.924386 
2020.0 1953.0 37.83320000000003 205 248 175 0.000992907 -0.0168794 0.999857 
2010.0 1956.0 38.12520000000001 205 248 175 -0.0494921 -0.14157 0.98869 
2030.0 1962.0 38.49400000000003 205 248 175 0.119312 -0.00985146 0.992808 
2010.0 1955.0 37.9024 205 248 175 -0.0744682 -0.0700224 0.994762 
2010.0 1980.0 38.78200000000004 205 248 175 -0.0984817 0.0690504 0.99274 
2020.0 1953.0 37.82600000000002 205 248 175 0.000989037 -0.0128575 0.999917 
2030.0 1982.0 38.57159999999999 205 248 175 0.0806381 0.0541269 0.995273 
2020.0 1953.0 37.826400000000035 204 248 175 0.000998737 -0.0229709 0.999736 
2010.0 1980.0 39.98400000000004 205 248 175 -0.143034 0.125918 0.981675 
2020.0 1985.0 40.485600000000034 205 248 175 -0.102826 0.452153 0.885994 
2020.0 1955.0 38.5428 205 248 175 -0.0128629 -0.204638 0.978753 
2020.0 1988.0 37.985600000000034 205 248 175 0.00099683 0.0189398 0.99982 
2010.0 1965.0 47.61080000000004 220 248 169 -0.241725 0.250109 0.937558 
2010.0 1957.0 38.2688 205 248 175 -0.067524 -0.162295 0.984429 
2020.0 1981.0 40.924000000000035 211 248 172 -0.27385 0.0208765 0.961546 
2020.0 1978.0 46.088400000000036 206 248 174 0.00135057 -0.536176 0.844105 
2030.0 1968.0 39.434799999999996 205 248 175 0.190484 -0.0414096 0.980816 
2010.0 1962.0 48.02600000000001 220 248 169 -0.239586 -0.311318 0.919608 
2010.0 1965.0 46.47840000000002 205 248 175 -0.306995 0.163823 0.937505 
2030.0 1955.0 37.91640000000001 205 248 175 0.0151924 -0.0212693 0.999658 
2020.0 1963.0 41.04720000000003 205 248 175 0.340494 -0.0267804 0.939865 
2020.0 1981.0 48.686000000000035 205 248 175 0.41213 0.447686 0.793553 
2020.0 1967.0 41.22200000000004 219 248 169 0.235917 -0.0895726 0.967636 
2020.0 1983.0 47.12080000000003 205 248 175 -0.230739 0.660824 0.714192 
2020.0 1982.0 48.83800000000002 221 238 153 0.0794702 0.611198 0.787478 
2030.0 1957.0 38.303200000000004 204 248 175 0.0424639 -0.0751285 0.996269 
2020.0 1969.0 45.136000000000024 205 248 175 0.482122 -0.205765 0.851598 
2020.0 1974.0 48.039199999999994 221 248 168 0.11703 0.507131 0.853887 
2020.0 1965.0 52.538400000000024 220 248 168 0.108045 -0.154177 0.982118 
2020.0 1975.0 42.51280000000003 205 248 175 0.219392 0.146694 0.964546 
2020.0 1971.0 43.90880000000004 205 248 175 0.426943 -0.129076 0.895019 
2030.0 1972.0 38.891200000000026 205 248 175 0.111289 -0.0483378 0.992612 
2030.0 1958.0 38.12960000000004 205 248 175 0.0552899 -0.0156481 0.998348 
2030.0 1982.0 38.228800000000035 205 248 175 -0.00888411 -0.00296137 0.999956 
2020.0 1984.0 41.35840000000002 205 248 175 -0.0623681 0.480927 0.874539 
2010.0 1976.0 40.97280000000001 205 248 175 -0.234141 0.128066 0.963731 
2010.0 1975.0 42.63560000000001 218 248 169 -0.294729 0.199745 0.934471 
2010.0 1973.0 42.48680000000002 205 248 175 -0.38945 0.176762 0.903927 
2010.0 1971.0 50.6832 220 248 169 -0.227865 0.241675 0.943224 
2020.0 1974.0 46.70120000000003 221 248 168 0.179165 0.306941 0.934712 
2020.0 1980.0 40.84559999999999 206 248 174 -0.0458877 0.0480221 0.997792 
2030.0 1976.0 39.33600000000001 205 248 175 0.130177 0.0166894 0.99135 
2030.0 1970.0 38.37600000000003 205 248 175 0.0654798 -0.0354235 0.997225 
2060.0 1980.0 40.06400000000002 207 248 174 0.0134015 -0.044328 0.998927 
2070.0 2011.0 40.324400000000026 207 248 174 0.0255221 0.0214385 0.999444 
2070.0 1998.0 43.15840000000003 219 248 169 0.163379 -0.213047 0.963285 
2060.0 2003.0 46.900000000000034 219 248 169 -0.236105 -0.00593229 0.971709 
2070.0 1987.0 41.75640000000004 207 248 174 0.0909316 -0.0978378 0.991039 
2070.0 2010.0 42.02760000000001 207 248 174 0.119868 0.198098 0.972825 
2060.0 2002.0 44.23079999999999 206 248 174 -0.282299 0.0310902 0.958822 
2060.0 1980.0 40.2364 207 248 174 0.0266151 -0.0649409 0.997534 
2070.0 2003.0 44.63560000000001 207 248 174 0.286119 -0.00121753 0.958193 
2060.0 1986.0 47.04920000000004 219 248 169 -0.071325 -0.136804 0.988027 
2060.0 1994.0 47.75999999999999 220 248 168 -0.139297 -0.0518047 0.988895 
2070.0 2012.0 40.762400000000014 207 248 174 0.027948 0.126325 0.991595 
2060.0 1981.0 40.58600000000001 207 248 174 0.0458208 -0.103935 0.993528 
2070.0 1990.0 42.886000000000024 207 248 174 0.121805 -0.100519 0.987451 
2070.0 2009.0 40.40559999999999 207 248 174 0.0361622 0.0216973 0.99911 
2060.0 1987.0 44.304400000000044 207 248 174 0.347763 -0.188786 0.918379 
2050.0 1984.0 40.346000000000004 207 248 174 -0.0464484 -0.0615712 0.997021 
2070.0 1996.0 41.69040000000001 207 248 174 0.118544 -0.00326268 0.992943 
2060.0 2000.0 44.07839999999999 206 248 174 -0.281354 0.117561 0.952376 
2070.0 2012.0 40.58960000000002 207 248 174 0.0671867 0.108182 0.991858 
2070.0 2005.0 48.76080000000002 220 248 168 0.323194 0.108625 0.940078 
2060.0 1999.0 47.27520000000004 207 248 174 -0.20575 0.0960166 0.973883 
2060.0 1987.0 46.81760000000003 219 248 169 -0.190183 -0.108143 0.975774 
2060.0 2000.0 47.710800000000006 219 248 169 -0.210818 0.148737 0.966143 
2070.0 2005.0 45.29599999999999 207 248 174 0.369191 0.0569005 0.92761 
2050.0 1986.0 41.64680000000004 207 248 174 -0.128304 -0.0906365 0.987585 
2050.0 1984.0 41.18000000000001 206 248 174 -0.157908 -0.0526361 0.98605 
2060.0 1981.0 41.16919999999999 207 248 174 -0.0271622 -0.201945 0.97902 
2070.0 1993.0 42.76480000000004 219 248 169 0.141414 0.0100215 0.9899 
2060.0 1985.0 42.5308 207 248 174 -0.225724 -0.167643 0.959658 
2060.0 1984.0 45.0292 219 248 169 -0.179801 -0.225084 0.957606 
2070.0 1985.0 40.89280000000002 207 248 174 0.0280644 -0.129096 0.991235 
2070.0 2007.0 42.10560000000004 207 248 174 0.160055 0.10874 0.9811 
2060.0 1979.0 40.206800000000044 207 248 174 0.00539894 -0.104739 0.994485 
2050.0 1987.0 43.09360000000004 219 248 169 -0.217799 -0.101975 0.970652 
2060.0 1986.0 45.132000000000005 208 248 173 -0.250603 -0.152484 0.956006 
2070.0 2002.0 48.132000000000005 207 248 174 0.282595 -0.123387 0.951271 
2060.0 2005.0 48.49920000000003 219 248 169 -0.177743 -0.137404 0.974437 
2070.0 2006.0 48.440800000000024 219 248 169 0.166667 0.216536 0.961943 
2060.0 2007.0 48.990800000000036 219 248 169 -0.0966422 0.0739028 0.992572 
2060.0 1985.0 45.336400000000026 219 248 169 0.260984 -0.249699 0.93249 
2060.0 2003.0 43.48520000000002 221 247 167 -0.218839 -0.0729464 0.97303 
2060.0 1997.0 44.7124 219 248 169 -0.291385 0.106797 0.950626 
2060.0 1992.0 47.448000000000036 219 248 169 -0.182151 0.0892416 0.979212 
2060.0 1991.0 44.58520000000004 207 248 174 0.210417 -0.109618 0.971447 
2060.0 1985.0 42.40960000000001 207 248 174 0.362941 -0.168054 0.916532 
2050.0 1981.0 39.96840000000003 207 248 174 -0.0321598 -0.030085 0.99903 
2060.0 1984.0 44.09360000000004 207 248 174 0.192857 -0.292754 0.936537 
2060.0 2005.0 42.3836 206 248 174 -0.207427 -0.0272618 0.977871 
2060.0 1996.0 47.146000000000015 221 248 168 -0.185042 0.010344 0.982676 
2070.0 2004.0 49.86840000000001 219 248 169 0.0688909 0.0535818 0.996184 
2060.0 1992.0 48.38040000000001 219 248 169 -0.0395573 0.0588014 0.997486 
2060.0 1981.0 41.307600000000036 207 248 174 0.00357993 -0.251789 0.967776 
2060.0 2012.0 41.51640000000003 207 248 174 0.113838 0.160352 0.980473 
2070.0 1995.0 44.92240000000004 219 248 169 0.305322 -0.0392738 0.951439 
2070.0 1994.0 45.33760000000001 220 248 169 0.259446 -0.0484134 0.964543 
2070.0 1999.0 44.56120000000004 207 248 174 0.222961 -0.206746 0.952651 
2070.0 2005.0 43.59640000000002 219 248 169 0.233478 0.0921292 0.967988 
2060.0 1989.0 45.63080000000002 219 248 169 -0.26119 0.0802682 0.961944 
2060.0 1985.0 45.96320000000003 219 248 169 0.157268 -0.239207 0.958148 
2060.0 2001.0 48.450800000000015 219 248 169 -0.101105 -0.0163072 0.994742 
2060.0 1995.0 43.1832 207 248 174 -0.252438 0.0430992 0.966653 
2070.0 2010.0 40.755600000000015 207 248 174 0.0898301 0.0807334 0.99268 
2060.0 1997.0 48.43240000000003 219 248 169 -0.0173544 -0.0296046 0.999411 
2070.0 2007.0 43.57040000000001 207 248 174 0.250754 0.228588 0.940675 
2050.0 2001.0 40.59160000000003 207 248 174 -0.105185 0.0119282 0.994381 
2060.0 1990.0 47.178 207 248 174 -0.213569 0.0597994 0.975096 
2070.0 2002.0 46.91360000000003 219 248 169 0.349196 -0.0454344 0.935948 
2070.0 2010.0 43.922799999999995 207 248 174 0.121677 0.35136 0.9283 
2060.0 2011.0 43.54079999999999 207 248 174 -0.003637 0.2752 0.96138 
2060.0 2006.0 49.367999999999995 219 248 169 0.0794964 0.196906 0.977194 
2060.0 1997.0 43.381200000000035 207 248 174 -0.416143 -0.00913167 0.909253 
2050.0 1996.0 41.4196 207 248 174 -0.158447 0.0404793 0.986537 
2060.0 2011.0 43.3716 207 248 174 0.160327 0.338777 0.927106 
2070.0 2011.0 40.403999999999996 207 248 174 0.0396419 0.0589271 0.997475 
2060.0 1991.0 42.952800000000025 207 248 174 -0.198138 0.0540377 0.978683 
2070.0 1994.0 43.97520000000003 207 248 174 0.200567 0.00811541 0.979646 
2050.0 1987.0 41.64760000000001 207 248 174 -0.167514 -0.0288818 0.985447 
2070.0 1992.0 44.81999999999999 219 248 169 0.140167 -0.15009 0.978686 
2060.0 1994.0 46.24680000000001 207 248 174 0.17321 -0.106875 0.979069 
2060.0 1981.0 40.94480000000004 207 248 174 0.0534291 -0.181659 0.981909 
2060.0 2000.0 48.69200000000001 219 248 169 -0.0992787 0.0479661 0.993903 
2060.0 1993.0 47.48400000000004 220 248 168 -0.000992907 0.0168794 0.999857 
2060.0 1995.0 45.88319999999999 207 248 174 -0.21718 -0.0347968 0.975511 
2060.0 1983.0 41.45640000000003 206 248 174 -0.141434 -0.0666261 0.987703 
2060.0 1996.0 42.61200000000002 207 248 174 -0.287541 0.0519347 0.956359 
2070.0 1992.0 43.33080000000001 207 248 174 0.125165 -0.0853931 0.988454 
2060.0 2004.0 45.37240000000003 219 248 169 -0.345106 -0.145527 0.927213 
2060.0 1995.0 47.942800000000034 220 248 169 -0.12628 -0.0466439 0.990897 
2060.0 1991.0 45.49119999999999 219 248 169 -0.253416 0.0743857 0.964493 
2070.0 1997.0 42.308400000000006 207 248 174 0.150025 -0.115873 0.981869 
2060.0 1984.0 42.51400000000001 207 248 174 -0.217604 -0.132622 0.966985 
2070.0 2004.0 42.59039999999999 207 248 174 0.221451 0.0447743 0.974143 
2060.0 1995.0 47.6096 219 248 169 0.188482 -0.0790409 0.978891 
2060.0 1985.0 41.21320000000003 207 248 174 0.35136 -0.121677 0.9283 
2060.0 1986.0 46.58160000000004 219 248 169 0.200998 -0.162095 0.966087 
2070.0 1993.0 44.21520000000004 207 248 174 0.205589 -0.0344628 0.978031 
2060.0 1986.0 41.80920000000003 207 248 174 0.19486 -0.181782 0.963839 
2060.0 1983.0 42.72720000000004 219 248 169 -0.131597 -0.2057 0.969727 
2060.0 2004.0 49.16720000000004 219 248 169 -0.186135 -0.0790769 0.979337 
2060.0 1989.0 46.491600000000005 219 248 169 0.282509 -0.0976414 0.954282 
2050.0 1985.0 41.160000000000025 207 248 174 -0.101343 -0.132342 0.98601 
2060.0 2002.0 42.82040000000001 207 248 174 -0.203767 0.0369403 0.978322 
2060.0 2007.0 43.531600000000026 207 248 174 -0.275753 0.0284409 0.960808 
2060.0 2008.0 46.93000000000001 219 248 169 0.166211 0.303575 0.938198 
2070.0 2008.0 44.87880000000001 208 248 173 0.27391 0.228961 0.934104 
2070.0 2012.0 40.8356 207 248 174 0.0737364 0.0964245 0.992605 
2070.0 2011.0 41.74240000000003 207 248 174 0.0852871 0.253315 0.963617 
2060.0 2010.0 44.90880000000004 219 248 169 -0.187858 0.304747 0.933723 
2060.0 2001.0 41.72000000000003 207 248 174 -0.1996 0.0442229 0.978879 
2060.0 1999.0 48.6936 219 248 169 0.0538679 -0.0285183 0.998141 
2060.0 2000.0 46.47399999999999 219 248 169 -0.357267 0.158318 0.920487 
2070.0 2008.0 42.493600000000015 207 248 174 0.207435 0.165687 0.964115 
2060.0 1982.0 43.253600000000006 207 248 174 0.0111599 -0.308758 0.951075 
2060.0 1984.0 41.538400000000024 207 248 174 0.127054 -0.100931 0.986747 
2060.0 2010.0 46.46360000000004 219 248 169 -0.0668087 0.336664 0.939252 
2070.0 1999.0 45.59800000000001 219 248 169 0.233855 -0.23939 0.94234 
2060.0 1999.0 46.865200000000016 207 248 174 -0.173302 0.194151 0.965542 
2070.0 1998.0 43.91720000000004 207 248 174 0.228665 -0.183199 0.956112 
2060.0 1997.0 47.70920000000001 219 248 169 0.213537 -0.0622309 0.974951 
2060.0 2005.0 49.867999999999995 219 248 169 0.0457948 0.0457948 0.997901 
2060.0 2013.0 40.455600000000004 207 248 174 -0.0792374 0.0703092 0.994373 
2070.0 2005.0 47.267600000000016 221 248 168 0.421496 0.0414805 0.905881 
2060.0 1988.0 45.7088 206 248 174 -0.253416 0.0743857 0.964493 
2060.0 2004.0 43.98520000000002 207 248 174 -0.270633 -0.125416 0.954478 
2070.0 2005.0 46.61439999999999 219 248 169 0.362979 0.0817038 0.928208 
2060.0 2007.0 47.9932 219 248 169 -0.302991 0.0418355 0.952075 
2060.0 1985.0 43.550400000000025 207 248 174 0.298749 -0.190365 0.935153 
2060.0 1985.0 41.05959999999999 207 248 174 0.196558 0.00114946 0.980491 
2070.0 2001.0 46.934000000000026 219 248 169 0.262873 -0.186599 0.946614 
2070.0 2009.0 41.38040000000001 207 248 174 0.114483 0.105041 0.987856 
2060.0 1984.0 43.727599999999995 207 248 174 0.206757 -0.273364 0.939427 
2060.0 1989.0 44.09440000000001 207 248 174 0.260441 -0.093656 0.960937 
2060.0 2014.0 40.5172 207 248 174 -0.0471951 0.0823171 0.995488 
2060.0 1999.0 47.11840000000001 219 248 169 -0.273446 -0.0309328 0.96139 
2070.0 1993.0 43.44999999999999 219 248 169 0.133015 -0.0420645 0.990221 
2060.0 1999.0 48.08600000000001 219 248 169 -0.152643 -0.00111418 0.988281 
2060.0 2009.0 41.57600000000002 207 248 174 -0.189822 0.102975 0.976404 
2070.0 2000.0 46.70320000000004 219 248 169 0.217016 -0.258484 0.941324 
2070.0 2006.0 47.28120000000001 219 248 169 0.300264 0.248544 0.920906 
2060.0 1986.0 44.19760000000002 219 248 169 -0.270636 -0.20957 0.939594 
2050.0 1985.0 41.31080000000003 207 248 174 -0.0953872 -0.121295 0.988023 
2060.0 2002.0 46.09840000000003 207 248 174 -0.284409 0.120378 0.951116 
2070.0 1991.0 44.00080000000003 207 248 174 0.139591 -0.144532 0.979604 
2060.0 1986.0 44.724800000000016 219 248 169 0.328996 -0.206513 0.921474 
2070.0 2009.0 40.73320000000001 207 248 174 0.0836964 0.0658412 0.994314 
2060.0 1987.0 45.34680000000003 207 248 174 -0.257098 -0.0614526 0.96443 
2060.0 2012.0 41.867200000000025 207 248 174 -0.124165 0.186874 0.974506 
2070.0 2004.0 44.22239999999999 219 248 169 0.250671 0.0481585 0.966874 
2060.0 1999.0 47.891200000000026 219 248 169 0.132032 -0.101105 0.986076 
2070.0 1992.0 44.10480000000001 220 248 169 0.206149 -0.1012 0.973273 
2060.0 2008.0 47.29880000000003 219 248 169 -0.202496 0.237831 0.949964 
2060.0 2003.0 45.80880000000002 219 248 169 -0.320599 -0.0857568 0.943325 
2060.0 1980.0 40.5804 208 248 173 -0.0303076 -0.129088 0.99117 
2070.0 2004.0 49.50200000000001 219 248 169 0.129376 0.0303752 0.99113 
2060.0 1984.0 45.240800000000036 219 248 169 0.28548 -0.357223 0.889322 
2070.0 2011.0 40.3664 207 248 174 0.0216097 0.033958 0.99919 
2060.0 2002.0 40.93119999999999 207 248 174 -0.137038 -0.0144837 0.99046 
2070.0 2002.0 49.552400000000034 219 248 169 -0.00108316 -0.115898 0.993261 
2060.0 2004.0 47.48079999999999 206 248 174 -0.218804 -0.0912726 0.971491 
2060.0 1994.0 43.43440000000004 207 248 174 -0.221451 0.0447743 0.974143 
2060.0 2006.0 48.002800000000036 219 248 169 -0.232135 -0.148199 0.961327 
2060.0 1990.0 48.17720000000003 219 248 169 0.00703312 -0.0231088 0.999708 
2060.0 1993.0 45.90840000000003 207 248 174 -0.210705 0.0621152 0.975574 
2070.0 2002.0 49.091200000000015 219 248 169 0.187785 -0.108194 0.976233 
2060.0 1988.0 47.920000000000016 219 248 169 0.100554 -0.0936195 0.990517 
2060.0 2004.0 44.762 206 248 174 -0.307899 -0.20386 0.929322 
2060.0 2008.0 48.1044 219 248 169 0.0303297 0.243851 0.969338 
2070.0 1997.0 45.73840000000001 208 248 173 0.261856 -0.127638 0.95663 
2070.0 1995.0 46.27120000000002 207 248 174 0.275607 -0.0673143 0.958911 
2060.0 1984.0 43.63640000000004 207 248 174 -0.347502 -0.214846 0.912734 
2070.0 2006.0 41.36959999999999 207 248 174 0.176201 0.0361736 0.983689 
2070.0 2003.0 48.18000000000001 220 248 169 0.383969 -0.00642089 0.923324 
2060.0 2003.0 42.048400000000015 207 248 174 -0.169374 -0.0408833 0.984704 
2070.0 2001.0 48.2688 219 248 169 0.0778549 -0.164094 0.983368 
2070.0 2006.0 44.060400000000016 219 248 169 0.285659 0.126221 0.949983 
2060.0 1988.0 47.84960000000001 219 248 169 -0.109419 -0.027631 0.993612 
2060.0 1995.0 48.03000000000003 219 248 169 0.0745063 -0.106601 0.991506 
2060.0 2009.0 43.91239999999999 206 248 174 -0.255502 0.195384 0.94686 
2060.0 1996.0 45.65680000000003 207 248 174 -0.271256 -0.0487511 0.961272 
2070.0 2006.0 42.113200000000006 207 248 174 0.225143 0.0943335 0.969748 
2060.0 1982.0 41.90360000000004 207 248 174 0.141253 -0.219007 0.965445 
2070.0 1999.0 46.95800000000003 210 248 172 0.185059 -0.222337 0.957246 
2070.0 2001.0 45.2792 219 248 169 0.315627 -0.0937636 0.944239 
2060.0 1998.0 46.065200000000004 219 248 169 -0.284409 0.120378 0.951116 
2070.0 1994.0 42.22640000000001 207 248 174 0.137514 0.0352308 0.989873 
2060.0 1999.0 42.86160000000001 206 248 174 -0.278831 0.120254 0.952781 
2050.0 1988.0 42.279600000000016 207 248 174 -0.192997 0.00808971 0.981166 
2070.0 2004.0 49.73599999999999 219 248 169 -0.113208 -0.0651806 0.991431 
2060.0 1981.0 41.058400000000006 207 248 174 -0.0850484 -0.12 0.989124 
2060.0 2010.0 41.44200000000001 207 248 174 -0.193264 0.169917 0.966321 
2060.0 1988.0 46.72200000000004 219 248 169 -0.248441 0.02545 0.968313 
2060.0 1989.0 44.3852 219 248 169 -0.240166 0.0529597 0.969286 
2070.0 1993.0 45.01120000000003 207 248 174 0.222122 -0.0601324 0.973163 
2060.0 1987.0 43.488 207 248 174 0.302931 -0.163117 0.938949 
2070.0 2006.0 45.30680000000001 207 248 174 0.324168 0.215636 0.921095 
2060.0 1997.0 42.21520000000004 207 248 174 -0.251006 0.0769416 0.964923 
2060.0 2000.0 41.124000000000024 206 248 174 -0.187366 0.0365305 0.981611 
2060.0 1991.0 47.974800000000016 219 248 169 0.236101 0.00830507 0.971693 
2050.0 1983.0 40.636799999999994 207 248 174 -0.071067 -0.0535736 0.996032 
2070.0 1996.0 43.304400000000044 207 248 174 0.220603 -0.054846 0.973821 
2060.0 2006.0 45.86040000000003 221 248 168 -0.357308 -0.0730555 0.931125 
2050.0 1982.0 40.512400000000014 207 248 174 -0.0857576 -0.059028 0.994566 
2060.0 2006.0 50.044399999999996 219 248 169 -0.0205422 0.0897368 0.995754 
2060.0 2010.0 45.84800000000001 219 248 169 0.135169 0.372063 0.918313 
2060.0 1991.0 46.37520000000001 219 248 169 0.28098 -0.0284693 0.959291 
2070.0 2008.0 45.38159999999999 219 248 169 0.173707 0.285864 0.942395 
2060.0 1998.0 41.40480000000002 207 248 174 -0.203607 0.0694947 0.976583 
2060.0 2010.0 44.98480000000001 207 248 174 0.207973 0.382496 0.900247 
2060.0 2005.0 49.69 219 248 169 -0.125738 -0.0419127 0.991178 
2060.0 1996.0 44.224800000000016 219 248 169 -0.325898 -0.047661 0.944203 
2060.0 1984.0 45.920000000000016 219 248 169 -0.0557815 -0.244199 0.968119 
2060.0 2004.0 46.52840000000003 207 248 174 -0.264988 -0.180735 0.947162 
2070.0 1985.0 40.8236 207 248 174 0.0416132 -0.0544173 0.997651 
2060.0 1980.0 40.384000000000015 207 248 174 -0.00772108 -0.129052 0.991608 
2050.0 1993.0 41.491600000000005 206 248 174 -0.184791 0.0560333 0.981179 
2060.0 2007.0 46.274 222 247 167 -0.385704 0.0825541 0.918922 
2060.0 1981.0 40.6952 207 248 174 0.0597905 -0.155924 0.985958 
2070.0 1994.0 44.807600000000036 219 248 169 0.300652 -0.0444001 0.9527 
2090.0 2011.0 45.702800000000025 211 248 172 -0.159027 0.22737 0.960736 
2100.0 1965.0 40.90360000000004 207 248 173 -0.00105249 -0.0810419 0.99671 
2100.0 1989.0 52.202800000000025 220 248 168 0.16457 0.0124846 0.986286 
2100.0 1971.0 49.190800000000024 221 248 168 -0.046549 -0.397662 0.916351 
2100.0 2008.0 42.7208 209 248 173 0.127937 -0.00109347 0.991782 
2090.0 2010.0 46.605999999999995 209 248 173 -0.204289 0.204289 0.957357 
2090.0 1997.0 46.122000000000014 208 248 173 -0.0310632 0.0674822 0.997237 
2110.0 1997.0 42.85400000000004 209 248 173 0.299695 0.0211403 0.953801 
2080.0 1998.0 43.9196 219 248 169 -0.262446 0.059019 0.96314 
2090.0 2010.0 48.192800000000034 219 248 169 0.138241 0.0213544 0.990168 
2100.0 1997.0 47.68760000000003 220 248 168 0.264612 0.144938 0.953401 
2100.0 1993.0 52.08280000000002 220 248 168 -0.142818 -0.0568948 0.988112 
2100.0 1973.0 50.9332 220 248 168 0.418681 -0.188188 0.888421 
2090.0 2011.0 46.755600000000015 219 248 169 0.177591 0.209162 0.96162 
2100.0 1998.0 48.450800000000015 221 248 168 0.151379 0.30685 0.939642 
2090.0 1993.0 51.44480000000004 220 248 168 -0.283837 0.0517214 0.957477 
2100.0 1978.0 52.67599999999999 221 248 168 -0.11379 -0.0254095 0.99318 
2100.0 1981.0 51.14240000000001 220 248 168 0.207706 -0.00116037 0.978191 
2100.0 1976.0 51.18240000000003 221 248 168 0.290524 -0.0311721 0.95636 
2090.0 2012.0 44.109200000000044 207 248 174 -0.202021 0.210049 0.956591 
2100.0 1978.0 44.44040000000001 208 248 173 0.310683 -0.0367747 0.949802 
2080.0 2000.0 43.93240000000003 219 248 169 -0.223736 0.0998594 0.969521 
2090.0 2004.0 45.67560000000003 219 248 169 0.233894 -0.0477584 0.971088 
2090.0 1970.0 42.42320000000001 207 248 173 -0.144121 -0.161666 0.976265 
2100.0 1979.0 46.485600000000034 208 248 173 0.303431 -0.0550528 0.951262 
2090.0 1979.0 50.608000000000004 220 248 168 -0.340622 0.0479203 0.938978 
2100.0 2002.0 43.94560000000001 209 248 173 0.0011536 0.201881 0.979409 
2090.0 2003.0 46.469600000000014 219 248 169 0.117233 -0.0323788 0.992576 
2090.0 2010.0 43.65960000000001 208 248 173 0.22461 0.124498 0.966463 
2100.0 1977.0 51.734399999999994 220 248 168 0.215052 -0.0105763 0.976545 
2100.0 2001.0 45.386799999999994 209 248 173 0.060148 0.295621 0.95341 
2090.0 2010.0 47.46800000000002 211 248 172 -0.234253 0.0252272 0.971848 
2100.0 2010.0 43.06600000000003 209 248 173 0.0727037 0.0771778 0.994363 
2090.0 1996.0 48.164800000000014 219 248 169 0.155835 0.0404017 0.986956 
2090.0 1997.0 49.30400000000003 220 248 168 -0.301806 0.0262985 0.953007 
2100.0 1991.0 51.55360000000002 220 248 168 0.243296 0.0278398 0.969552 
2090.0 1971.0 47.34680000000003 209 248 173 -0.1929 -0.395952 0.897781 
2090.0 1986.0 46.36680000000001 220 248 169 -0.291899 0.168562 0.941478 
2090.0 2013.0 42.31120000000004 208 248 173 0.0402832 0.0773003 0.996194 
2090.0 1992.0 47.522400000000005 219 248 169 -0.238732 -0.11743 0.963959 
2100.0 1987.0 52.488 220 248 168 -0.109185 0.0253663 0.993698 
2090.0 2004.0 46.18080000000003 208 248 173 -0.393543 0.0437269 0.918266 
2090.0 2013.0 42.93360000000001 207 248 173 0.141426 0.138967 0.980146 
2090.0 1986.0 48.6232 207 248 174 -0.29723 0.291374 0.909261 
2090.0 2001.0 46.758399999999995 214 248 171 -0.294833 0.186866 0.937099 
2090.0 2000.0 47.59480000000002 218 248 169 -0.340572 0.198073 0.919118 
2080.0 1996.0 42.579200000000014 207 248 174 -0.225092 -0.0325 0.973795 
2090.0 1998.0 46.71160000000003 208 248 173 0.145462 0.0011104 0.989363 
2090.0 1999.0 48.115200000000016 219 248 169 0.0512314 0.0198652 0.998489 
2100.0 1970.0 44.396000000000015 208 248 173 0.178994 -0.221422 0.95861 
2110.0 1995.0 41.72919999999999 208 248 173 0.0510203 0.0177009 0.998541 
2100.0 1988.0 51.69400000000002 220 248 168 -0.224303 0.0424357 0.973595 
2090.0 1995.0 47.07280000000003 208 248 173 -0.196764 0.114048 0.973795 
2090.0 2004.0 45.446000000000026 208 248 173 0.339875 0.0426459 0.939503 
2100.0 2001.0 45.858000000000004 209 248 173 0.0458202 0.362634 0.930804 
2100.0 2002.0 44.25999999999999 209 248 173 0.0608496 0.317195 0.946406 
2090.0 1973.0 47.476 221 248 168 -0.337327 -0.154088 0.928691 
2090.0 1988.0 48.52680000000004 220 248 169 -0.345402 -0.0727858 0.935628 
2090.0 1996.0 47.30000000000001 209 248 173 -0.248923 0.0957397 0.96378 
2090.0 1983.0 47.05400000000003 208 248 173 -0.307307 -0.124801 0.943391 
2100.0 1966.0 41.36880000000002 207 248 173 0.0241896 -0.171631 0.984864 
2100.0 1990.0 52.715599999999995 221 248 168 0.0834823 0.00317021 0.996504 
2090.0 2002.0 44.869200000000035 209 248 173 0.173793 0.0887197 0.980778 
2100.0 1999.0 49.1816 221 248 168 0.0291039 0.317612 0.947774 
2090.0 2006.0 45.34640000000002 208 248 173 0.198335 -0.0104387 0.980079 
2090.0 2008.0 47.78480000000002 219 248 169 -0.109948 -0.00979737 0.993889 
2090.0 1980.0 50.601200000000006 220 248 168 -0.336544 -0.0138651 0.941566 
2090.0 1973.0 49.68960000000004 220 248 168 -0.265113 -0.0232127 0.963938 
2090.0 1991.0 49.37560000000002 220 248 169 -0.272903 -0.13978 0.951833 
2090.0 1994.0 49.62240000000003 220 248 168 -0.26122 0.0562435 0.963639 
2100.0 1979.0 50.12560000000002 220 248 169 0.469405 0.0882763 0.878559 
2080.0 1997.0 45.928 207 248 174 -0.281358 -0.20097 0.938322 
2110.0 1991.0 41.84559999999999 208 248 173 0.134454 -0.0540116 0.989447 
2090.0 1969.0 42.99040000000002 208 248 173 -0.0454056 -0.343785 0.93795 
2100.0 1992.0 50.10759999999999 220 248 168 0.329812 -0.0292883 0.943592 
2110.0 1982.0 42.91560000000004 208 248 173 0.201915 0.0418167 0.97851 
2090.0 1971.0 47.97919999999999 209 248 173 -0.0682913 -0.486401 0.871063 
2090.0 2002.0 47.34800000000001 219 248 169 -0.155955 0.0797631 0.984538 
2110.0 1985.0 41.81639999999999 208 248 173 0.157685 0.00111833 0.987489 
2100.0 1986.0 51.24119999999999 221 248 168 -0.249703 0.161573 0.954747 
2090.0 2000.0 45.61240000000004 208 248 173 0.0331372 -0.0652054 0.997321 
2110.0 1993.0 41.78120000000001 208 248 173 0.0660968 -0.0115407 0.997746 
2090.0 1978.0 49.489599999999996 220 248 168 -0.317128 0.0968634 0.943423 
2090.0 1975.0 45.72399999999999 220 248 168 -0.422715 0.0386711 0.905437 
2090.0 1999.0 48.24279999999999 217 248 170 -0.0838347 -0.00530599 0.996466 
2110.0 1987.0 41.80000000000001 209 248 173 0.12688 0.00992972 0.991868 
2100.0 1973.0 49.803200000000004 220 248 168 0.366859 -0.315103 0.875286 
2100.0 1989.0 51.17560000000003 220 248 168 0.401745 0.0520534 0.914271 
2100.0 1971.0 49.02879999999999 221 248 168 -0.0278511 -0.428376 0.903171 
2090.0 1969.0 42.47919999999999 207 248 173 -0.159912 -0.177822 0.970983 
2100.0 1987.0 51.31 220 248 168 0.278054 -0.0259517 0.960215 
2090.0 1987.0 49.31120000000004 220 248 168 -0.330182 0.19981 0.922527 
2090.0 1986.0 50.49720000000002 221 248 168 -0.250912 0.22596 0.941268 
2090.0 1966.0 41.353200000000015 207 248 174 -0.0171706 -0.168272 0.985591 
2080.0 2009.0 41.84440000000001 207 248 174 -0.227597 0.0202574 0.973545 
2090.0 1974.0 50.846000000000004 221 248 168 -0.221781 -0.0299704 0.974636 
2100.0 1974.0 52.160000000000025 221 248 168 0.0188777 -0.127702 0.991633 
2100.0 1998.0 50.43560000000002 220 248 168 -0.0962005 0.208643 0.973249 
2110.0 1994.0 45.15880000000004 209 248 173 0.379529 0.0299971 0.924694 
2080.0 1994.0 45.11360000000002 219 248 169 -0.294833 -0.081826 0.952039 
2100.0 1994.0 52.33280000000002 220 248 169 -0.129656 0.0326958 0.99102 
2100.0 1995.0 52.16720000000004 221 248 168 0.0937841 0.134147 0.986514 
2090.0 1995.0 46.8648 208 248 173 0.0698395 -0.00104238 0.997558 
2090.0 2015.0 42.06999999999999 208 248 173 0.0373471 0.0565542 0.997701 
2090.0 1997.0 47.70600000000002 219 248 169 0.135272 0.0375123 0.990098 
2100.0 1991.0 48.84280000000001 220 248 168 0.416659 -0.0778675 0.905722 
2110.0 1976.0 43.36360000000002 208 248 173 0.32011 -0.0718614 0.944651 
2090.0 2002.0 47.14960000000002 219 248 169 0.160708 -0.0954583 0.982375 
2100.0 1994.0 52.65360000000004 221 248 168 0.00105064 0.0766965 0.997054 
2100.0 1979.0 46.67599999999999 220 248 168 0.447309 0.0445958 0.893267 
2100.0 1984.0 50.90719999999999 220 248 168 0.350734 -0.0375324 0.935723 
2100.0 1995.0 51.995600000000024 220 248 169 -0.142818 0.0568948 0.988112 
2100.0 2009.0 42.37560000000002 209 248 173 0.0829351 0.0226187 0.996298 
2100.0 1995.0 52.274400000000014 220 248 169 -0.0270936 0.0856157 0.99596 
2090.0 1998.0 46.68119999999999 209 248 173 -0.297668 0.168724 0.939642 
2090.0 2013.0 44.294399999999996 219 248 169 -0.0296304 0.207413 0.977805 
2110.0 1999.0 44.231600000000014 209 248 173 0.234322 0.183441 0.954695 
2090.0 1977.0 42.96719999999999 207 248 173 -0.191625 0.0150977 0.981352 
2100.0 1998.0 50.19400000000002 221 248 168 0.0600466 0.292567 0.954358 
2110.0 2000.0 43.43520000000001 209 248 173 0.188179 0.172605 0.966849 
2100.0 1978.0 51.21600000000001 220 248 168 0.338204 0.0723783 0.938285 
2100.0 1975.0 52.58879999999999 221 248 168 0.0183018 -0.0893557 0.995832 
2090.0 2011.0 43.99040000000002 219 248 169 0.28308 0.210567 0.935696 
2090.0 1968.0 42.0856 207 248 173 -0.014953 -0.180586 0.983446 
2100.0 1978.0 52.497600000000034 221 248 168 0.0522845 0.0437482 0.997674 
2090.0 1974.0 44.97239999999999 220 248 168 -0.381328 -0.0193896 0.924236 
2100.0 1969.0 43.44120000000004 208 248 173 0.140687 -0.323716 0.935636 
2090.0 1990.0 46.08160000000004 220 248 169 -0.228803 -0.204433 0.951765 
2100.0 2008.0 43.53200000000004 219 248 169 0.114504 0.0532842 0.991993 
2100.0 1979.0 51.1832 220 248 168 0.338787 0.0113349 0.940795 
2090.0 2010.0 47.30600000000004 219 248 169 -0.213293 0.229595 0.949627 
2090.0 2003.0 47.84559999999999 219 248 169 0.0677644 -0.00104253 0.997701 
2100.0 1992.0 46.30560000000003 209 248 173 0.395514 -0.0829084 0.91471 
2100.0 2007.0 42.26519999999999 209 248 173 0.129071 -0.0513998 0.990302 
2090.0 2006.0 47.83359999999999 219 248 169 -0.00296717 -0.0108796 0.999936 
2100.0 2009.0 43.82600000000002 208 248 173 0.158221 0.191666 0.968623 
2090.0 1997.0 50.07679999999999 220 248 169 -0.247481 0.0741186 0.966054 
2100.0 1999.0 48.68920000000003 209 248 173 0.105216 0.436294 0.893631 
2080.0 1999.0 42.78800000000001 207 248 174 -0.208643 0.0962005 0.973249 
2090.0 2000.0 46.6884 219 248 169 -0.327581 0.216003 0.919801 
2100.0 1999.0 47.31200000000001 221 248 168 0.0570678 0.375586 0.925029 
2090.0 1981.0 43.686000000000035 208 248 173 -0.304785 -0.028848 0.951984 
2090.0 2011.0 44.95440000000002 219 248 169 0.242299 0.14014 0.960027 
2090.0 2000.0 47.93960000000004 219 248 169 -0.0753939 0.12411 0.9894 
2100.0 1985.0 52.68119999999999 221 248 168 -0.0555192 -0.0178081 0.998299 
2100.0 2013.0 42.27199999999999 207 248 173 0.0218272 0.042615 0.998853 
2080.0 1997.0 47.21600000000001 219 248 169 -0.280605 -0.0386611 0.959044 
2100.0 1986.0 48.38720000000001 209 248 173 0.442856 -0.0501091 0.895192 
2110.0 1988.0 43.00319999999999 208 248 173 0.33891 0.0215786 0.940571 
2100.0 1989.0 51.66880000000003 220 248 168 -0.229169 -0.0551476 0.971823 
2080.0 2001.0 42.36160000000001 207 248 174 -0.195544 0.103377 0.975231 
2090.0 1976.0 43.42599999999999 208 248 173 -0.281895 0.0438503 0.958443 
2090.0 1997.0 48.424800000000005 219 248 169 -0.0200996 0.066646 0.997574 
2090.0 2007.0 47.23920000000004 219 248 169 -0.174557 -0.0102681 0.984594 
2090.0 1969.0 44.63560000000001 208 248 173 -0.0640565 -0.429315 0.90088 
2100.0 1987.0 51.779600000000016 221 248 168 -0.278733 0.00608586 0.960349 
2080.0 1996.0 45.1936 211 248 172 -0.235029 -0.100364 0.966793 
2090.0 1999.0 47.974800000000016 220 248 169 -0.20319 0.269538 0.941309 
2100.0 2002.0 43.41040000000004 209 248 173 0.00992691 0.12905 0.991588 
2110.0 1995.0 42.2928 208 248 173 0.167151 0.0125079 0.985852 
2100.0 1975.0 51.13760000000002 220 248 168 0.302413 -0.0877129 0.949133 
2110.0 1971.0 41.9212 208 248 173 0.136477 -0.093754 0.986197 
2090.0 1968.0 41.38319999999999 207 248 174 -0.0720443 -0.108638 0.991467 
2090.0 1980.0 44.94400000000002 220 248 169 -0.25049 -0.0717484 0.965457 
2110.0 1998.0 43.77280000000002 208 248 173 0.267285 0.139626 0.953448 
2100.0 1973.0 47.89920000000001 220 248 168 0.363366 -0.209912 0.90769 
2090.0 1977.0 44.76440000000002 220 248 168 -0.388002 0.12099 0.913682 
2100.0 2016.0 42.012400000000014 209 248 173 -0.0190529 0.00902508 0.999778 
2110.0 1985.0 42.662000000000035 208 248 173 0.274561 -0.00120952 0.961569 
2100.0 1995.0 51.44240000000002 220 248 168 -0.250444 0.0742523 0.965279 
2090.0 1971.0 44.64480000000003 207 248 173 -0.239138 -0.214541 0.946987 
2100.0 1975.0 49.32400000000001 220 248 168 0.528267 -0.0372407 0.848261 
2090.0 1976.0 47.120000000000005 220 248 168 -0.378184 0.0654807 0.923412 
2100.0 1971.0 48.63960000000003 221 248 168 0.107138 -0.416028 0.903018 
2080.0 2015.0 40.30520000000001 207 248 174 0.0 0.0 0.0 
2100.0 2002.0 44.43639999999999 209 248 173 0.0796481 0.199733 0.976608 
2090.0 2006.0 44.6164 208 248 173 0.15313 -0.0215516 0.987971 
2110.0 1988.0 41.82480000000004 208 248 173 0.0870324 0.0182661 0.996038 
2090.0 2005.0 44.82280000000003 210 248 172 -0.308766 0.00868017 0.951098 
2110.0 1993.0 43.23040000000003 209 248 173 0.272354 -0.0410396 0.961322 
2110.0 1986.0 42.14519999999999 208 248 173 0.22709 -0.0154564 0.973751 
2090.0 1984.0 45.3408 220 248 169 -0.277122 0.0109872 0.960772 
2100.0 1986.0 52.45240000000001 221 248 168 -0.124292 0.0513134 0.990918 
2100.0 2002.0 43.72000000000003 209 248 173 0.0945109 0.14715 0.984589 
2100.0 1988.0 52.32040000000001 221 248 168 0.112087 -0.0299639 0.993247 
2100.0 2015.0 41.93440000000004 209 248 173 -0.00501387 0.0210583 0.999766 
2090.0 1981.0 42.1232 208 248 173 -0.312972 -0.0367456 0.949051 
2100.0 1983.0 52.095200000000034 221 248 168 -0.136743 -0.0494112 0.989374 
2090.0 1981.0 45.92720000000003 208 248 173 -0.201933 -0.0128397 0.979315 
2110.0 1996.0 44.89440000000002 209 248 173 0.34325 0.00628663 0.939223 
2100.0 1992.0 52.81999999999999 221 248 168 0.0726658 0.00947814 0.997311 
2090.0 1993.0 46.022400000000005 219 248 169 -0.0953934 -0.288794 0.952627 
2100.0 1978.0 53.065200000000004 221 248 168 0.0 0.0 0.0 
2110.0 1977.0 42.47520000000003 208 248 173 0.176251 -0.0683422 0.98197 
2090.0 2007.0 46.27120000000002 212 248 171 -0.285536 0.0465411 0.957237 
2090.0 1988.0 43.75080000000003 207 248 174 -0.031392 -0.00708852 0.999482 
2090.0 1969.0 43.81280000000004 208 248 173 -0.10806 -0.269499 0.956918 
2100.0 1983.0 52.49880000000002 221 248 168 0.0178433 -0.0577282 0.998173 
2100.0 1989.0 51.55959999999999 220 248 168 0.275311 -0.0411099 0.960476 
2110.0 1994.0 42.721600000000024 208 248 173 0.196843 0.0441405 0.979441 
2100.0 1994.0 51.12800000000004 221 248 168 0.261745 0.0307213 0.964648 
2080.0 2015.0 41.13480000000004 207 248 174 -0.0458829 0.0501511 0.997687 
2090.0 2008.0 46.349199999999996 207 248 174 -0.306199 -0.0340221 0.951359 
2090.0 1975.0 44.04880000000003 208 248 173 -0.309479 0.0136718 0.950808 
2090.0 2010.0 48.034400000000005 219 248 169 -0.163553 0.243335 0.956054 
2090.0 1973.0 45.54160000000002 208 248 173 -0.325122 -0.146785 0.934211 
2090.0 1999.0 45.511600000000044 209 248 173 -0.212311 0.175387 0.961334 
2100.0 1991.0 52.69920000000002 221 248 168 -0.110347 -0.0390117 0.993127 
2100.0 1976.0 52.86840000000001 221 248 168 0.0483465 -0.00514324 0.998817 
2110.0 1968.0 41.412800000000004 208 248 173 0.0572566 -0.097673 0.99357 
2090.0 1984.0 48.21120000000002 220 248 168 -0.326703 0.0112656 0.94506 
2110.0 1976.0 42.06800000000004 208 248 173 0.172399 -0.0457385 0.983965 
2100.0 2011.0 42.19120000000004 209 248 173 0.0318367 0.0215668 0.99926 
2100.0 1977.0 51.77320000000003 221 248 168 -0.215052 -0.0105763 0.976545 
2090.0 1987.0 45.30600000000004 207 248 173 -0.327367 0.153324 0.932375 
2110.0 1998.0 41.57839999999999 208 248 173 0.0443292 0.01134 0.998953 
2100.0 2001.0 43.7928 209 248 173 0.0831061 0.212107 0.973706 
2090.0 1982.0 46.776400000000024 208 248 173 -0.242598 -0.109105 0.963972 
2080.0 1993.0 45.1472 219 248 169 -0.121757 -0.263153 0.95704 
2100.0 1979.0 52.036400000000015 220 248 168 -0.22791 0.0325585 0.973138 
2100.0 1971.0 48.11080000000004 221 248 168 0.136381 -0.44934 0.882889 
2100.0 1992.0 52.8596 220 248 168 -0.0396433 -0.00101649 0.999213 
2110.0 1984.0 42.23920000000004 208 248 173 0.170764 0.0704552 0.98279 
2090.0 2012.0 44.74040000000002 207 248 174 0.110987 0.267674 0.957096 
2100.0 1988.0 49.31639999999999 220 248 168 0.478762 0.0565684 0.87612 
2090.0 2002.0 47.771600000000035 219 248 169 0.0503605 -0.0482175 0.997567 
2090.0 1976.0 45.324400000000026 207 248 173 -0.366642 0.0486228 0.92909 
2100.0 1973.0 51.80600000000004 221 248 168 -0.00343119 -0.186428 0.982463 
2090.0 1976.0 49.229600000000005 221 248 168 -0.300571 0.0136061 0.953663 
2090.0 2009.0 47.240800000000036 207 248 174 -0.127967 0.0419006 0.990893 
2100.0 1991.0 51.8304 220 248 169 -0.207498 -0.109408 0.972098 
2100.0 1993.0 52.170000000000016 221 248 168 0.200117 0.00347024 0.979766 
2090.0 2009.0 44.99799999999999 208 248 173 0.211174 0.0646948 0.975305 
2100.0 1976.0 46.41759999999999 208 248 173 0.492401 0.0202357 0.870133 
2100.0 1978.0 49.29200000000003 220 248 168 0.546882 0.0752851 0.833818 
2090.0 2010.0 45.47640000000001 219 248 169 -0.255855 0.115589 0.95978 
2100.0 2014.0 42.08320000000003 209 248 173 -0.00294404 0.00294404 0.999991 
2100.0 1992.0 52.60840000000002 220 248 168 -0.124026 -0.0489278 0.991072 
2080.0 2001.0 45.464 207 248 174 -0.308228 0.185495 0.933053 
2100.0 1997.0 51.026400000000024 221 248 168 0.13134 0.202748 0.970383 
2090.0 2004.0 46.21120000000002 219 248 169 0.2051 -0.015236 0.978622 
2110.0 1998.0 41.91759999999999 208 248 173 0.125245 0.0166255 0.991986 
2100.0 1983.0 51.690800000000024 220 248 168 -0.271109 -0.0359002 0.961879 
2080.0 1996.0 45.941599999999994 211 248 172 -0.337491 -0.0586374 0.939501 
2090.0 1974.0 46.358000000000004 207 248 173 -0.363791 -0.0706261 0.928799 
2110.0 1990.0 41.87560000000002 208 248 173 0.113067 -0.016466 0.993451 
2090.0 2000.0 46.490800000000036 209 248 173 0.14202 -0.0739443 0.987098 
2110.0 1987.0 41.49880000000002 208 248 173 0.0638734 -0.0115182 0.997892 
2100.0 1983.0 44.94960000000003 220 248 168 0.325964 0.0370704 0.944655 
2100.0 1985.0 52.01480000000004 221 248 168 -0.147614 0.0767593 0.986062 
2080.0 2001.0 44.52000000000004 207 248 174 -0.257786 0.141452 0.955792 
2090.0 2005.0 45.310400000000016 208 248 173 0.229866 -0.0178652 0.973058 
2100.0 2006.0 42.11040000000003 209 248 173 0.0594061 0.0507652 0.996942 
2110.0 1984.0 41.529600000000016 208 248 173 0.0619514 0.0532565 0.996657 
2100.0 1998.0 45.6952 208 248 173 0.288863 0.18935 0.938459 
2090.0 2009.0 47.414800000000014 214 248 171 -0.106833 0.0506053 0.992988 
2110.0 1981.0 44.04759999999999 208 248 173 0.255368 -0.110184 0.960545 
2100.0 1989.0 52.6456 221 248 168 -0.0419272 -0.00715831 0.999095 
2090.0 2006.0 46.19839999999999 207 248 174 0.234786 0.0276927 0.971653 
2100.0 1975.0 47.34039999999999 220 248 169 0.449362 -0.0502308 0.891936 
2090.0 2005.0 44.53880000000004 219 248 169 0.173539 -0.0361055 0.984165 
2110.0 1982.0 44.04200000000003 208 248 173 0.292847 0.0261693 0.955801 
2090.0 2012.0 44.524400000000014 208 248 173 0.212775 0.271184 0.938715 
2100.0 1967.0 41.888000000000034 207 248 173 0.0381555 -0.160716 0.986263 
2100.0 1977.0 52.84720000000004 221 248 168 -0.0376128 -0.00508281 0.999279 
2110.0 1996.0 43.6712 208 248 173 0.335987 -0.0399065 0.941021 
2100.0 1975.0 49.8168 220 248 168 0.50356 -0.119758 0.85562 
2100.0 1971.0 48.65360000000004 220 248 168 0.127095 -0.455542 0.881095 
2090.0 2007.0 46.57400000000001 219 248 169 0.198758 0.0270499 0.979675 
2100.0 1992.0 52.53320000000002 220 248 168 -0.10706 -0.0529665 0.992841 
2100.0 1986.0 44.46600000000001 208 248 173 0.390303 -0.0274126 0.920278 
2110.0 2002.0 42.260400000000004 209 248 173 0.103315 0.0940278 0.990194 
2100.0 1972.0 47.60360000000003 208 248 173 0.435642 -0.273614 0.857527 
2100.0 1987.0 52.52600000000001 221 248 168 0.0928435 0.00533583 0.995666 
2100.0 1972.0 50.51600000000002 221 248 168 0.0815325 -0.354199 0.931609 
2100.0 1983.0 52.039199999999994 221 248 168 -0.0958381 -0.0363524 0.994733 
2090.0 2012.0 42.6456 208 248 173 0.156144 0.124178 0.979897 
2090.0 2009.0 46.95400000000001 219 248 169 -0.17854 0.0862335 0.980147 
2100.0 1999.0 46.357200000000034 221 248 168 0.187222 0.241098 0.952271 
2100.0 1994.0 48.6268 220 248 168 0.368355 0.027142 0.929289 
2090.0 1988.0 44.29079999999999 207 248 173 -0.170782 -0.175918 0.969477 
2090.0 1996.0 47.38080000000002 212 248 171 -0.327436 -0.100236 0.939542 
2080.0 2000.0 44.084 207 248 174 -0.256767 0.132992 0.957279 
2100.0 1983.0 52.033600000000035 220 248 168 0.133338 -0.0637701 0.989017 
2090.0 1978.0 46.934799999999996 208 248 173 -0.375083 0.0793186 0.923591 
2090.0 2010.0 48.178800000000024 214 248 171 -0.0959728 0.0118618 0.995313 
2100.0 1979.0 51.69400000000002 220 248 168 0.167804 0.0504585 0.984528 
2080.0 2000.0 43.40960000000001 219 248 169 -0.226135 0.0998026 0.96897 
2090.0 1998.0 48.8048 220 248 169 -0.273493 0.14275 0.951222 
2100.0 1986.0 52.24040000000002 220 248 168 0.168993 -0.00567089 0.985601 
2090.0 2008.0 47.27800000000002 219 248 169 -0.190644 -0.0269007 0.981291 
2090.0 2000.0 45.29520000000002 219 248 169 -0.0686123 -0.0158336 0.997518 
2090.0 1986.0 43.3288 207 248 173 -0.186104 0.0316026 0.982022 
2100.0 1977.0 50.17240000000004 221 248 168 0.484885 0.0174612 0.874404 
2100.0 1990.0 49.57760000000002 220 248 168 0.496145 0.0890517 0.863661 
2100.0 1993.0 51.83760000000001 220 248 168 -0.193097 0.105892 0.975449 
2100.0 1970.0 46.94040000000001 221 248 168 -0.0337507 -0.465759 0.884268 
2090.0 1998.0 45.760400000000004 209 248 173 0.0246296 0.0738887 0.996962 
2090.0 2012.0 43.00200000000001 207 248 174 -0.203092 0.176887 0.96305 
2110.0 1975.0 42.14440000000002 208 248 173 0.135611 0.0860838 0.987015 
2100.0 1993.0 52.78120000000001 220 248 168 -0.0194749 0.0297248 0.999368 
2090.0 2008.0 48.08320000000003 219 248 169 0.0775031 -0.0116786 0.996924 
2080.0 1994.0 46.369200000000035 211 248 172 -0.217136 -0.129768 0.967477 
2090.0 1981.0 50.61400000000003 220 248 169 -0.27456 -0.00362854 0.961563 
2100.0 1980.0 52.031600000000026 221 248 168 -0.0999972 0.0318672 0.994477 
2090.0 1994.0 47.60400000000004 219 248 169 0.0631202 -0.175069 0.982531 
2100.0 1983.0 47.36560000000003 220 248 169 0.421496 -0.0414805 0.905881 
2100.0 1987.0 45.849199999999996 208 248 173 0.458269 0.00396198 0.888805 
2110.0 1999.0 42.51800000000003 208 248 173 0.165879 0.0908097 0.981956 
2090.0 1995.0 48.22560000000004 219 248 169 -0.183658 -0.186263 0.965182 
2110.0 1980.0 43.22200000000004 208 248 173 0.216021 -0.0177067 0.976228 
2090.0 1975.0 47.8116 208 248 173 -0.313252 0.00371446 0.949663 
2090.0 1967.0 40.735600000000034 207 248 174 -0.030997 -0.0673383 0.997249 
2090.0 2008.0 47.32960000000003 214 248 171 -0.195664 -0.00810444 0.980637 
2110.0 1981.0 44.70600000000002 220 248 169 0.29444 -0.0236049 0.955378 
2110.0 1974.0 43.25319999999999 208 248 173 0.329543 0.111641 0.937517 
2110.0 1985.0 41.493600000000015 208 248 173 0.0936316 -0.0139909 0.995509 
2090.0 1984.0 50.16239999999999 220 248 169 -0.296167 -0.087415 0.951128 
2100.0 2000.0 45.54480000000001 209 248 173 0.115583 0.298922 0.947252 
2090.0 1996.0 46.83359999999999 219 248 169 0.184383 0.0535307 0.981396 
2090.0 1981.0 47.674800000000005 208 248 173 -0.363219 -0.0403576 0.930829 
2090.0 2010.0 48.11560000000003 219 248 169 0.0571243 0.210266 0.975974 
2090.0 1993.0 46.599199999999996 208 248 173 -0.0908199 -0.130922 0.987224 
2100.0 1966.0 41.141999999999996 207 248 173 0.00336359 -0.155847 0.987776 
2100.0 1972.0 50.31080000000003 221 248 168 -0.0582213 -0.31957 0.945772 
2080.0 2014.0 41.2876 207 248 174 -0.0883351 0.0637355 0.99405 
2090.0 1968.0 41.44640000000004 207 248 174 -0.087053 -0.110267 0.990082 
2090.0 2000.0 47.7124 219 248 169 0.0728171 -0.0116085 0.997278 
2090.0 2007.0 44.87040000000002 218 248 169 0.166775 0.0241537 0.985699 
2080.0 1997.0 45.460800000000006 207 248 174 -0.304353 0.0496644 0.951264 
2090.0 2010.0 44.15320000000003 208 248 173 0.306199 0.0340221 0.951359 
2090.0 1990.0 46.04480000000001 208 248 173 -0.343791 -0.201139 0.917252 
2100.0 1979.0 45.37880000000001 220 248 168 0.308327 -0.0418716 0.950358 
2090.0 1995.0 48.62600000000003 219 248 169 -0.0759664 -0.23039 0.970129 
2090.0 2014.0 42.91520000000003 207 248 173 0.0736511 0.136781 0.98786 
2100.0 1982.0 51.68720000000002 220 248 168 -0.171197 0.00340126 0.985231 
2100.0 1984.0 52.3784 221 248 168 0.103696 -0.0207393 0.994393 
2090.0 2012.0 43.1524 208 248 173 0.101123 0.166914 0.980772 
2100.0 1994.0 52.524400000000014 220 248 169 -0.0661587 0.0466365 0.996719 
2090.0 1972.0 49.405200000000036 220 248 168 -0.311458 -0.173032 0.934373 
2100.0 1968.0 43.07839999999999 208 248 173 0.0680614 -0.291508 0.954144 
2090.0 2011.0 43.252800000000036 209 248 173 0.133603 0.0685441 0.988662 
2090.0 1979.0 48.238800000000026 207 248 173 -0.347672 0.0507835 0.93624 
2100.0 2011.0 42.6404 209 248 173 0.0602692 0.0646525 0.996086 
2090.0 1989.0 45.6832 208 248 173 -0.290604 -0.089918 0.952609 
2100.0 1993.0 52.731600000000014 221 248 168 -0.091881 -0.0205381 0.995558 
2100.0 1974.0 52.044399999999996 221 248 168 0.150638 -0.0402467 0.987769 
2100.0 2004.0 44.153999999999996 219 248 169 0.185074 -0.038901 0.981954 
2090.0 2003.0 45.622000000000014 209 248 173 -0.320599 0.0857568 0.943325 
2090.0 1972.0 50.579200000000014 221 248 168 -0.121756 -0.156191 0.980194 
2110.0 1989.0 42.837199999999996 208 248 173 0.350147 0.00632033 0.936674 
2100.0 2006.0 42.55279999999999 209 248 173 0.115022 0.0346182 0.99276 
2110.0 2001.0 41.85560000000004 208 248 173 0.0540851 0.0349962 0.997923 
2100.0 1988.0 50.43080000000003 208 248 173 -0.382879 0.0600334 0.921846 
2100.0 2000.0 47.831200000000024 220 248 168 -0.0436046 0.387156 0.920982 
2090.0 2004.0 47.58680000000004 219 248 169 -0.103917 0.0229711 0.994321 
2100.0 1994.0 52.762 221 248 168 0.0724971 0.0400357 0.996565 
2090.0 2009.0 47.07159999999999 219 248 169 0.213906 0.0322652 0.976321 
2110.0 1992.0 41.62800000000004 209 248 173 0.0749659 -0.042372 0.996285 
2090.0 2014.0 42.06080000000003 207 248 173 -0.119946 0.10807 0.986881 
2080.0 2011.0 42.43520000000001 207 248 174 -0.193699 0.0743123 0.978242 
2100.0 1993.0 52.48240000000004 220 248 168 -0.106311 0.0230159 0.994066 
2100.0 1976.0 52.34960000000001 220 248 168 0.105185 -0.0119282 0.994381 
2100.0 1996.0 51.45320000000004 220 248 169 -0.206201 0.0987263 0.973517 
2090.0 1977.0 44.28320000000002 207 248 173 -0.352253 0.121987 0.927921 
2090.0 2004.0 44.79599999999999 209 248 173 0.225542 -0.00826593 0.974198 
2090.0 1988.0 43.9436 207 248 174 -0.109325 -0.0794045 0.990829 
2090.0 2003.0 45.04160000000002 209 248 173 0.218286 -0.0129792 0.975798 
2100.0 1970.0 46.30600000000004 209 248 173 -0.0695537 -0.421413 0.904198 
2100.0 1981.0 48.25640000000004 220 248 168 0.410824 0.0117378 0.911639 
2090.0 1987.0 44.091200000000015 220 248 169 -0.270131 0.056539 0.961162 
2110.0 1981.0 43.593999999999994 208 248 173 0.269586 -0.0670801 0.960637 
2100.0 1989.0 50.576400000000035 220 248 168 -0.403862 -0.00129029 0.914819 
2080.0 1994.0 44.088400000000036 211 248 172 -0.246562 -0.0532771 0.967662 
2090.0 1999.0 45.28880000000004 219 248 169 0.0331417 0.0630761 0.997458 
2080.0 1993.0 43.765600000000006 207 248 174 -0.235492 -0.17163 0.956602 
2110.0 1975.0 43.231600000000014 208 248 173 0.353243 0.0590926 0.933664 
2100.0 2004.0 43.0856 209 248 173 0.0570135 0.0484077 0.997199 
2100.0 1971.0 48.043600000000026 220 248 168 0.243178 -0.404302 0.881706 
2100.0 1970.0 46.09480000000002 208 248 173 0.157006 -0.430686 0.88874 
2090.0 1978.0 45.01840000000004 208 248 173 -0.429371 -0.0305744 0.90261 
2100.0 1987.0 50.19 220 248 168 0.32856 -0.0831297 0.940817 
2090.0 1987.0 47.124000000000024 207 248 174 -0.306886 0.13384 0.942289 
2080.0 2004.0 43.166 207 248 174 -0.212141 0.052126 0.975848 
2100.0 1971.0 48.30360000000002 209 248 173 -0.100252 -0.470195 0.87685 
2090.0 2002.0 45.087199999999996 219 248 169 -0.262336 0.133145 0.955747 
2100.0 1978.0 52.067200000000014 220 248 168 0.120868 0.0210687 0.992445 
2080.0 2007.0 41.89280000000002 207 248 174 -0.198758 0.0270499 0.979675 
2090.0 2007.0 44.94839999999999 207 248 174 -0.30579 0.0111421 0.952034 
2090.0 1996.0 48.41360000000003 219 248 169 -0.217998 -0.0250161 0.975629 
2080.0 1999.0 45.70640000000003 211 248 172 -0.319938 0.152417 0.935098 
2090.0 1983.0 51.20519999999999 221 248 168 -0.247855 -0.118088 0.961573 
2090.0 2013.0 43.704800000000034 219 248 169 -0.134058 0.171645 0.975995 
2090.0 1996.0 48.93080000000003 219 248 169 -0.00913215 0.0314552 0.999463 
2090.0 1983.0 50.8424 207 248 173 -0.256513 -0.0483285 0.965332 
2090.0 1979.0 44.596000000000004 208 248 173 -0.472214 -0.0338262 0.880835 
2100.0 1994.0 52.15160000000003 221 248 168 0.197938 0.103326 0.974753 
2090.0 1972.0 48.769600000000025 220 248 168 -0.361693 -0.39614 0.84395 
2100.0 2000.0 45.690800000000024 221 248 168 0.0425426 0.339052 0.939805 
2080.0 2006.0 43.5052 219 248 169 -0.231607 0.0106896 0.972751 
2100.0 1974.0 45.08520000000004 208 248 173 0.340228 0.00376636 0.940335 
2090.0 2001.0 45.870000000000005 208 248 173 -0.00337492 0.163121 0.9866 
2100.0 2007.0 42.032399999999996 209 248 173 0.0611522 0.00103648 0.998128 
2110.0 1999.0 41.62760000000003 208 248 173 0.0420131 0.00717296 0.999091 
2090.0 1970.0 46.17160000000001 220 248 168 -0.0670203 -0.43358 0.898619 
2100.0 1975.0 44.73720000000003 208 248 173 0.420532 0.086864 0.90311 
2100.0 1976.0 52.78880000000004 221 248 168 -0.0758636 -0.0203015 0.996911 
2110.0 1981.0 42.550400000000025 208 248 173 0.205017 -0.00347486 0.978752 
2110.0 1984.0 43.98240000000004 208 248 173 0.336729 0.0451552 0.940518 
2090.0 2006.0 47.30200000000002 219 248 169 0.111848 -0.0276851 0.99334 
2090.0 1979.0 44.636799999999994 208 248 173 -0.265089 -0.116221 0.957194 
2100.0 2008.0 44.36400000000003 209 248 173 0.161032 0.0751482 0.984084 
2090.0 1988.0 44.172799999999995 208 248 173 -0.30685 -0.0961376 0.94689 
2090.0 2003.0 44.07600000000002 209 248 173 0.183571 0.0485574 0.981807 
2100.0 1996.0 46.68520000000001 220 248 168 0.371528 0.0542088 0.926838 
2090.0 2016.0 41.42840000000001 207 248 173 -0.0894424 0.0781206 0.992924 
2100.0 1995.0 47.0188 220 248 168 0.385251 -0.0012799 0.922811 
2090.0 1985.0 49.24000000000001 220 248 168 -0.326317 0.111458 0.938666 
2100.0 1980.0 46.388000000000034 208 248 173 0.334385 -0.0241571 0.942127 
2100.0 1978.0 52.72000000000003 221 248 168 -0.0179492 0.0644058 0.997762 
2090.0 1999.0 45.499600000000044 208 248 173 0.169357 -0.0432152 0.984607 
2100.0 1972.0 50.03520000000003 221 248 168 0.0531801 -0.335943 0.94038 
2100.0 2004.0 43.567200000000014 209 248 173 0.100462 0.00972209 0.994893 
2080.0 2007.0 43.2432 207 248 174 -0.241095 0.0155932 0.970376 
2090.0 2012.0 43.45400000000001 208 248 173 0.294552 0.234788 0.926344 
2100.0 1982.0 52.271600000000035 221 248 168 0.0169466 0.00299058 0.999852 
2100.0 2007.0 42.44760000000002 209 248 173 0.150906 0.0238272 0.988261 
2090.0 1971.0 47.172799999999995 220 248 168 -0.30765 -0.29293 0.905286 
2100.0 2008.0 42.19319999999999 209 248 173 0.113305 -0.0209009 0.99334 
2100.0 1970.0 47.036 208 248 173 0.0172489 -0.449799 0.892963 
2100.0 1988.0 51.20960000000002 221 248 168 0.243778 -0.0404255 0.968988 
2090.0 1994.0 47.41640000000001 219 248 169 -0.19422 0.0294273 0.980516 
2090.0 1974.0 43.47919999999999 207 248 173 -0.226573 0.0130487 0.973907 
2100.0 1980.0 47.836400000000026 208 248 173 0.539569 0.0233401 0.841618 
2090.0 1992.0 51.16239999999999 220 248 168 -0.295188 -0.109868 0.949101 
2090.0 1980.0 42.93000000000001 208 248 173 -0.232813 -0.0450999 0.971475 
2100.0 1973.0 51.41320000000002 221 248 168 0.0403537 -0.240899 0.969711 
2100.0 2011.0 42.04240000000004 208 248 173 0.0169465 -0.00498427 0.999844 
2100.0 2001.0 43.59640000000002 209 248 173 0.114773 0.20306 0.972417 
2090.0 1990.0 47.48840000000001 208 248 173 -0.317983 -0.204923 0.925685 
2090.0 1994.0 47.38240000000002 219 248 169 -0.0966095 -0.264066 0.959654 
2090.0 1984.0 51.19319999999999 221 248 168 -0.249549 0.00597006 0.968344 
2090.0 1987.0 44.25 208 248 173 -0.144129 0.192597 0.970636 
2100.0 2005.0 43.75479999999999 208 248 173 0.108365 -0.0435693 0.993156 
2090.0 1991.0 45.10200000000003 219 248 169 -0.139093 -0.166661 0.976155 
2100.0 1990.0 50.36360000000002 221 248 168 -0.301122 -0.151242 0.941516 
2090.0 2006.0 46.54160000000002 219 248 169 -0.247838 0.0354054 0.968154 
2090.0 1986.0 47.341200000000015 220 248 168 -0.322231 0.278089 0.904894 
2090.0 1979.0 45.8544 220 248 168 -0.313098 0.0264059 0.949354 
2110.0 1992.0 42.07800000000003 208 248 173 0.179648 -0.110267 0.977532 
2090.0 2009.0 46.43040000000002 219 248 169 -0.343774 -0.0588206 0.937208 
2090.0 2001.0 46.248400000000004 208 248 173 0.176913 -0.0939469 0.979732 
2090.0 1972.0 49.33440000000002 221 248 168 -0.104304 -0.350841 0.930608 
2100.0 1996.0 49.99440000000004 220 248 168 0.223926 0.153212 0.962488 
2110.0 1990.0 41.54000000000002 208 248 173 0.0333485 -0.00101056 0.999443 
2100.0 1991.0 52.976800000000026 221 248 168 -0.00298473 -0.0149236 0.999884 
2090.0 1995.0 48.774400000000014 219 248 169 0.169374 -0.0408833 0.984704 
2090.0 1981.0 49.18360000000001 221 248 168 -0.448149 -0.0558484 0.892212 
2090.0 1999.0 45.858000000000004 209 248 173 -0.203928 0.182878 0.961753 
2090.0 1978.0 43.89359999999999 208 248 173 -0.269517 -0.0539034 0.961486 
2090.0 2010.0 47.05799999999999 215 248 170 -0.167673 0.104031 0.980338 
2090.0 1982.0 48.849199999999996 220 248 168 -0.317841 -0.0997408 0.942883 
2110.0 1996.0 42.01600000000002 208 248 173 0.13339 -0.0033072 0.991058 
2100.0 1996.0 51.584 220 248 168 0.010344 0.185042 0.982676 
2080.0 1998.0 47.393200000000036 219 248 169 -0.218632 0.0446927 0.974783 
2100.0 1968.0 43.081999999999994 208 248 173 -0.0210169 -0.285583 0.958124 
2100.0 1974.0 52.29920000000004 221 248 168 -0.123078 -0.0632646 0.990378 
2100.0 1990.0 45.87800000000004 209 248 173 0.425731 -0.00390579 0.904841 
2100.0 2003.0 43.06400000000002 209 248 173 0.047656 0.154592 0.986828 
2110.0 1973.0 43.22320000000002 208 248 173 0.214456 -0.0965678 0.971948 
2110.0 2000.0 42.3304 209 248 173 0.154504 0.110708 0.98177 
2090.0 2002.0 47.782399999999996 219 248 169 -0.079782 0.0117014 0.996744 
2100.0 1994.0 52.18240000000003 220 248 168 -0.15034 0.054775 0.987116 
2090.0 1982.0 45.416 220 248 169 -0.266946 -0.0307542 0.963221 
2080.0 2002.0 43.35759999999999 207 248 174 -0.21929 0.107744 0.969692 
2090.0 1996.0 50.2088 220 248 168 -0.271418 0.0751816 0.959521 
2080.0 1997.0 46.16120000000001 212 248 171 -0.314042 -0.0633253 0.947295 
2100.0 2000.0 47.365200000000016 208 248 173 0.0983977 0.419923 0.90221 
2090.0 1972.0 43.72000000000003 220 248 168 -0.204803 -0.0930923 0.974366 
2080.0 1996.0 44.33960000000002 219 248 169 -0.27863 -0.067431 0.958028 
2100.0 1969.0 45.25 208 248 173 0.086864 -0.420532 0.90311 
2100.0 1973.0 51.374000000000024 221 248 168 -0.101969 -0.175682 0.979152 
2090.0 2011.0 46.81880000000001 219 248 169 -0.0418355 0.302991 0.952075 
2100.0 2006.0 43.57040000000001 209 248 173 0.132811 -0.00109761 0.991141 
2090.0 2003.0 46.90880000000004 209 248 173 -0.278036 0.0284214 0.96015 
2110.0 1991.0 43.11240000000004 208 248 173 0.335365 -0.106401 0.93606 
2100.0 1996.0 51.80000000000001 220 248 169 -0.0406343 0.163698 0.985673 
2100.0 1990.0 52.07839999999999 220 248 168 -0.180062 -0.0435444 0.982691 
2090.0 2009.0 44.4948 219 248 169 -0.294859 -0.00122348 0.95554 
2090.0 1982.0 43.095200000000034 207 248 174 -0.270784 -0.0566758 0.96097 
2090.0 1980.0 46.276400000000024 220 248 168 -0.241636 -0.0204369 0.970152 
2090.0 1998.0 45.97800000000001 218 248 169 -0.24633 0.12903 0.960558 
2100.0 1982.0 45.99920000000003 208 248 173 0.33126 -0.0163741 0.943398 
2100.0 1986.0 52.78000000000003 221 248 168 0.0129341 -0.00497465 0.999904 
2090.0 1996.0 46.295600000000036 208 248 173 -0.0607526 0.076217 0.995239 
2090.0 1967.0 41.34960000000001 207 248 174 -0.085591 -0.125455 0.9884 
2090.0 1997.0 46.50999999999999 218 248 169 0.161998 0.0124614 0.986712 
2100.0 1999.0 49.29759999999999 220 248 168 -0.0738479 0.304461 0.949658 
2090.0 1977.0 45.76600000000002 220 248 168 -0.36393 0.0933501 0.926737 
2110.0 1988.0 42.08000000000004 208 248 173 0.303393 0.021225 0.952629 
2100.0 1973.0 51.55959999999999 220 248 168 0.127871 -0.264971 0.95574 
1960.0 1904.0 33.82800000000003 202 248 178 -0.00508318 -0.0355823 0.999354 
1980.0 1905.0 36.62800000000004 203 248 177 0.0200142 -0.206029 0.978341 
1950.0 1906.0 33.79320000000001 201 248 180 -0.0511353 -0.186703 0.981085 
1970.0 1915.0 35.00080000000003 202 248 177 -0.165159 0.0480249 0.985097 
1950.0 1905.0 33.39000000000004 201 248 178 -0.041094 -0.101069 0.99403 
1970.0 1919.0 33.9948 202 248 178 -0.0253696 0.0152218 0.999562 
1980.0 1920.0 35.238800000000026 203 248 177 -0.0297846 0.0215681 0.999324 
1970.0 1910.0 45.56999999999999 216 248 170 -0.519333 -0.198346 0.831235 
1980.0 1904.0 35.738800000000026 203 248 176 -0.0212686 -0.0172175 0.999626 
1960.0 1914.0 36.95960000000002 201 248 178 0.03493 -0.0497488 0.998151 
1960.0 1911.0 35.524400000000014 204 248 175 0.0230169 0.00100074 0.999735 
1990.0 1907.0 35.95600000000002 203 248 177 0.00306764 -0.0439695 0.999028 
1950.0 1916.0 33.20960000000002 201 248 179 -0.131613 -0.0515009 0.989962 
1970.0 1910.0 34.738 202 248 177 -0.0400465 -0.0133488 0.999109 
1990.0 1912.0 36.198800000000006 203 248 176 0.0456977 -0.0456977 0.99791 
1980.0 1910.0 37.63440000000003 203 248 176 0.0852456 -0.206319 0.974764 
1950.0 1906.0 33.17840000000001 201 248 179 -0.0557659 -0.119498 0.991267 
1960.0 1906.0 34.517600000000016 201 248 178 -0.0236083 -0.136029 0.990424 
1970.0 1916.0 34.35880000000003 202 248 178 -0.0471506 0.0261948 0.998544 
1970.0 1904.0 33.983600000000024 202 248 177 -0.0229709 0.000998737 0.999736 
1980.0 1912.0 43.019600000000025 216 248 170 0.38195 0.160447 0.910149 
1950.0 1916.0 37.438800000000015 201 248 179 -0.262762 0.104846 0.959147 
1950.0 1909.0 36.53040000000004 209 248 173 0.0467307 -0.0684658 0.996558 
1950.0 1915.0 37.30360000000002 207 248 174 -0.27915 -0.0543143 0.95871 
1980.0 1918.0 35.47800000000001 202 248 177 0.00107905 0.111142 0.993804 
1980.0 1916.0 36.233600000000024 202 248 177 0.0108951 0.262692 0.964818 
1950.0 1909.0 36.360000000000014 209 248 173 -0.230513 -0.219601 0.947966 
1990.0 1916.0 36.20160000000004 203 248 177 0.0296651 0.0173899 0.999409 
1990.0 1908.0 36.198000000000036 203 248 176 -0.00888411 0.00296137 0.999956 
1950.0 1906.0 34.84039999999999 208 248 173 -0.0227855 -0.231452 0.972579 
1950.0 1915.0 38.04200000000003 201 248 179 -0.0657051 -0.123341 0.990187 
1980.0 1910.0 41.524400000000014 203 248 177 0.602764 -0.191719 0.774544 
1970.0 1917.0 36.0788 202 248 178 -0.0713891 0.307622 0.948827 
1970.0 1917.0 34.24119999999999 202 248 178 -0.023063 0.00300821 0.99973 
1970.0 1905.0 34.36760000000004 202 248 178 -0.0461042 -0.00512268 0.998923 
1990.0 1916.0 36.3424 203 248 176 0.0322246 0.0322246 0.998961 
1960.0 1916.0 34.345200000000034 201 248 178 0.0948366 0.0524391 0.994111 
1990.0 1915.0 37.53880000000004 203 248 176 0.218969 0.249266 0.943355 
1980.0 1911.0 44.60360000000003 217 248 170 0.577477 -0.100368 0.810214 
1950.0 1916.0 32.855999999999995 200 248 180 -0.0950315 -0.0273079 0.9951 
1980.0 1906.0 36.22040000000004 203 248 177 0.107951 -0.0893787 0.99013 
1970.0 1904.0 34.551199999999994 202 248 177 -0.0845402 -0.0160519 0.996291 
1990.0 1914.0 37.517600000000016 203 248 176 0.240637 0.114528 0.963835 
1970.0 1914.0 35.19040000000001 202 248 177 -0.20198 0.0904572 0.975203 
1960.0 1904.0 33.80279999999999 202 248 178 -0.0110967 -0.0211847 0.999714 
1970.0 1907.0 40.12639999999999 206 248 174 -0.308707 -0.429708 0.848558 
1970.0 1910.0 41.203599999999994 207 248 173 -0.534219 0.0993561 0.839487 
1960.0 1905.0 33.96199999999999 201 248 178 -0.00696442 -0.0129339 0.999892 
1950.0 1909.0 36.42040000000003 206 248 174 -0.24053 -0.0954484 0.965937 
1960.0 1916.0 36.038400000000024 201 248 178 0.177959 0.118225 0.97691 
1980.0 1915.0 39.646000000000015 202 248 177 0.198558 0.381173 0.90293 
1960.0 1906.0 34.65719999999999 202 248 178 0.0294907 -0.0950256 0.995038 
1990.0 1904.0 36.12440000000004 203 248 176 -0.0189397 -0.00299048 0.999816 
1980.0 1915.0 39.4384 203 248 176 -0.154861 0.273363 0.949363 
1980.0 1908.0 39.07400000000001 203 248 177 0.26836 -0.300273 0.915325 
1980.0 1914.0 41.19760000000002 212 248 171 0.0283927 0.272816 0.961647 
1960.0 1912.0 35.39440000000002 202 248 178 0.0234337 0.0213959 0.999496 
1960.0 1913.0 36.32839999999999 204 248 176 0.0613195 -0.133052 0.98921 
1950.0 1904.0 33.245600000000024 201 248 179 -0.022659 -0.0873989 0.995916 
1980.0 1909.0 44.29320000000001 216 248 170 0.153575 -0.420538 0.894182 
1990.0 1904.0 35.98720000000003 203 248 176 -0.0231088 -0.00703312 0.999708 
1950.0 1912.0 36.52719999999999 201 248 179 -0.0427122 0.0843292 0.995522 
1960.0 1904.0 33.72360000000003 202 248 178 -0.0305678 -0.0516491 0.998197 
1980.0 1915.0 38.248400000000004 202 248 177 0.102712 0.324143 0.940416 
1980.0 1908.0 42.09360000000004 215 248 170 0.0837363 -0.515191 0.852975 
1940.0 1907.0 32.08879999999999 200 248 180 -0.0573713 -0.0135605 0.998261 
1950.0 1907.0 34.81360000000001 206 248 174 0.022449 -0.211493 0.977122 
1970.0 1905.0 36.44040000000001 212 248 171 -0.142119 -0.201015 0.969224 
1970.0 1904.0 33.97239999999999 202 248 178 -0.00688282 -0.00098326 0.999976 
1950.0 1914.0 33.85400000000004 201 248 179 -0.121051 -0.0680192 0.990313 
1950.0 1916.0 37.976 209 248 173 -0.150715 0.145732 0.977777 
1980.0 1914.0 42.314400000000035 216 248 170 0.173006 0.381758 0.907926 
1980.0 1911.0 39.261600000000044 203 248 176 0.0435627 -0.177783 0.983105 
1980.0 1918.0 35.357200000000034 202 248 177 0.00320704 0.0972803 0.995252 
1950.0 1916.0 33.691599999999994 201 248 180 -0.147005 -0.0693865 0.986699 
1980.0 1911.0 40.1816 203 248 177 0.30309 -0.245632 0.920761 
1950.0 1904.0 32.71199999999999 201 248 179 -0.0530404 -0.0573702 0.996943 
1980.0 1913.0 41.86400000000003 212 248 171 -0.00113123 -0.170816 0.985302 
1960.0 1917.0 34.2912 202 248 178 0.102562 0.0597337 0.992931 
1970.0 1918.0 34.10759999999999 202 248 178 -0.0169802 0.00699183 0.999831 
1960.0 1909.0 37.04599999999999 208 248 173 0.287065 -0.179931 0.94086 
1970.0 1908.0 35.422799999999995 202 248 177 -0.191843 -0.097778 0.976543 
1960.0 1904.0 33.964 202 248 178 -0.021058 -0.00701933 0.999754 
1980.0 1912.0 44.753600000000006 216 248 170 -0.189547 0.389222 0.901431 
1950.0 1916.0 34.1232 201 248 180 -0.141586 -0.0471954 0.9888 
1950.0 1909.0 32.831999999999994 201 248 179 -0.182004 0.00572341 0.983281 
1960.0 1913.0 35.42360000000002 202 248 178 0.120991 0.0440995 0.991674 
1980.0 1906.0 36.96440000000001 203 248 177 0.107086 -0.176015 0.978545 
1970.0 1918.0 34.94920000000002 202 248 177 -0.0395375 0.212065 0.976456 
1950.0 1912.0 33.200800000000015 201 248 179 -0.108606 0.0436662 0.993125 
1950.0 1916.0 34.574400000000026 201 248 180 -0.1503 -0.0745582 0.985825 
1950.0 1910.0 32.62600000000003 201 248 179 -0.131027 -0.0235176 0.9911 
1980.0 1914.0 41.953599999999994 216 248 170 -0.169477 0.42152 0.890841 
1970.0 1913.0 35.512400000000014 202 248 177 -0.304697 0.110436 0.946025 
1970.0 1907.0 38.13920000000002 202 248 178 -0.208484 -0.292438 0.933282 
1960.0 1907.0 34.77280000000002 201 248 179 -0.0056919 -0.174172 0.984699 
1980.0 1910.0 45.396000000000015 216 248 170 0.609786 -0.267672 0.745998 
1960.0 1907.0 35.50920000000002 201 248 178 0.142026 -0.301637 0.942785 
1990.0 1912.0 36.86959999999999 203 248 176 0.127798 -0.137535 0.982218 
1990.0 1909.0 36.28480000000002 203 248 176 0.0265587 -0.0648032 0.997545 
1970.0 1914.0 38.29400000000004 202 248 177 -0.267207 0.211827 0.940069 
1990.0 1907.0 35.953599999999994 203 248 176 -0.00898989 -0.0129854 0.999875 
1970.0 1905.0 34.202 202 248 178 -0.0293686 -0.00708896 0.999544 
1970.0 1919.0 34.86160000000001 202 248 177 -0.0703092 0.0792374 0.994373 
1980.0 1911.0 46.326400000000035 216 248 170 0.235154 0.133817 0.962702 
1970.0 1911.0 43.75080000000003 216 248 170 -0.572306 -0.055111 0.818186 
1960.0 1908.0 35.47040000000004 201 248 179 0.125444 -0.236662 0.96346 
1950.0 1907.0 36.01280000000003 201 248 179 -0.15182 -0.35239 0.923457 
1950.0 1904.0 32.28880000000004 201 248 179 -0.0418422 -0.00510271 0.999111 
1990.0 1916.0 36.53880000000004 203 248 176 0.0351366 0.0585609 0.997665 
1950.0 1919.0 32.76679999999999 201 248 179 -0.0971957 0.0273022 0.994891 
1950.0 1920.0 34.196799999999996 201 248 179 -0.00599052 0.255196 0.966871 
1990.0 1905.0 35.88560000000001 203 248 177 -0.017048 -0.0090254 0.999814 
1970.0 1904.0 35.466800000000035 202 248 177 -0.110417 -0.119915 0.986625 
1970.0 1908.0 36.44640000000004 202 248 177 -0.290636 -0.250548 0.923448 
1960.0 1914.0 34.73240000000004 201 248 178 0.134117 0.0961367 0.986291 
1950.0 1915.0 36.1216 207 248 174 -0.196238 -0.0589917 0.97878 
1990.0 1916.0 37.22520000000003 203 248 177 0.108958 0.162825 0.98062 
1980.0 1917.0 36.108000000000004 203 248 177 0.0367456 0.312972 0.949051 
1980.0 1907.0 37.32760000000002 203 248 177 0.288863 -0.18935 0.938459 
1950.0 1909.0 33.813199999999995 201 248 180 -0.328278 0.0240822 0.944274 
1990.0 1913.0 36.19240000000002 203 248 176 0.0232475 -0.0131399 0.999643 
1980.0 1918.0 35.42520000000002 202 248 177 -0.00758927 0.107334 0.994194 
1970.0 1912.0 36.68000000000001 202 248 177 -0.364409 -0.0218903 0.930982 
1960.0 1912.0 35.37119999999999 202 248 177 0.0319021 -0.0216111 0.999257 
1980.0 1908.0 38.79520000000002 208 248 173 0.316183 -0.243995 0.916785 
1950.0 1909.0 35.8544 201 248 178 -0.184394 -0.126692 0.974653 
1960.0 1908.0 35.00120000000004 201 248 178 0.0507716 -0.0572531 0.997068 
1980.0 1911.0 42.357200000000034 203 248 176 0.551078 -0.21644 0.805895 
1980.0 1913.0 39.96120000000002 212 248 171 0.0075439 0.102381 0.994717 
1970.0 1916.0 34.453599999999994 202 248 178 -0.117727 0.0392423 0.99227 
1950.0 1907.0 34.77280000000002 201 248 179 -0.19934 -0.212718 0.956564 
1970.0 1911.0 45.0136 216 248 170 -0.434515 0.219497 0.873509 
1990.0 1914.0 39.255600000000015 211 248 172 0.344234 0.106645 0.932807 
1950.0 1913.0 33.91640000000001 200 248 180 -0.0870304 0.112559 0.989826 
1960.0 1918.0 36.096000000000004 212 248 171 0.0637371 0.32649 0.943049 
1970.0 1917.0 35.14160000000004 202 248 178 -0.110302 0.146665 0.983017 
1960.0 1904.0 33.9264 201 248 178 -0.0130111 -0.0110094 0.999855 
1990.0 1918.0 36.1044 203 248 176 0.009223 0.0399663 0.999159 
1970.0 1908.0 37.62479999999999 202 248 177 -0.358449 -0.269208 0.893891 
1970.0 1905.0 34.66320000000002 202 248 178 -0.134687 -0.0328228 0.990344 
1990.0 1915.0 38.215599999999995 211 248 172 0.0886644 0.265993 0.959889 
1960.0 1909.0 37.42040000000003 202 248 178 0.081898 -0.107275 0.990851 
1980.0 1916.0 37.65640000000002 202 248 177 -0.0840333 0.283128 0.955394 
1960.0 1911.0 35.28120000000001 202 248 178 0.00104253 -0.0677644 0.997701 
1990.0 1915.0 39.036400000000015 203 248 176 0.115071 0.287016 0.950989 
1970.0 1911.0 35.0684 202 248 177 -0.157638 0.157638 0.974834 
1970.0 1906.0 34.456800000000044 202 248 177 -0.078641 -0.0290864 0.996479 
1980.0 1919.0 35.48040000000003 203 248 177 -0.0372721 0.0543108 0.997828 
1950.0 1904.0 33.25920000000002 201 248 179 -0.0383311 -0.0865187 0.995513 
1980.0 1908.0 36.54000000000002 203 248 177 0.0767593 -0.147614 0.986062 
1950.0 1912.0 32.52120000000002 201 248 179 -0.0959701 0.0140181 0.995286 
1970.0 1912.0 34.81120000000004 202 248 178 -0.125721 0.0881222 0.988144 
1990.0 1908.0 36.28399999999999 203 248 176 0.0409223 -0.0984348 0.994302 
1960.0 1908.0 36.36840000000001 201 248 178 0.129945 -0.29338 0.947123 
1990.0 1908.0 36.048400000000015 203 248 176 -0.00101641 -0.0416728 0.999131 
1980.0 1918.0 35.990800000000036 203 248 177 -0.0726049 0.160683 0.984332 
1960.0 1909.0 36.420000000000016 207 248 174 0.176279 -0.173706 0.968892 
1950.0 1908.0 34.8768 201 248 179 -0.326259 -0.209433 0.921788 
1970.0 1908.0 43.558400000000006 215 248 170 -0.133539 -0.460924 0.877335 
1950.0 1919.0 35.0684 201 248 179 -0.0311721 0.290524 0.95636 
1960.0 1912.0 35.414800000000014 204 248 175 0.0669716 0.06258 0.99579 
1970.0 1914.0 40.89359999999999 216 248 170 -0.26182 0.326179 0.908327 
1970.0 1904.0 35.82080000000002 203 248 177 -0.0450421 -0.151295 0.987462 
1970.0 1915.0 37.08879999999999 211 248 172 -0.24371 0.200142 0.948972 
1970.0 1908.0 41.214800000000025 211 248 172 -0.362858 -0.384661 0.848746 
1980.0 1913.0 41.35680000000002 212 248 171 -0.206201 0.0987263 0.973517 
1960.0 1913.0 36.66160000000002 202 248 178 -0.0141271 -0.10541 0.994329 
1950.0 1907.0 33.65640000000002 201 248 179 -0.11784 -0.142137 0.982808 
1990.0 1917.0 36.12479999999999 203 248 176 0.021227 0.0131405 0.999688 
1950.0 1914.0 35.53960000000001 201 248 179 -0.31421 -0.0880839 0.945258 
1960.0 1906.0 34.345200000000034 201 248 178 0.0120234 -0.112583 0.99357 
1950.0 1904.0 32.358000000000004 201 248 179 -0.0272895 -0.00707504 0.999603 
1960.0 1915.0 36.5564 207 248 174 0.176625 0.055714 0.9827 
1980.0 1916.0 36.25440000000003 203 248 177 -0.0440304 0.285568 0.957346 
1960.0 1920.0 34.790400000000034 201 248 179 0.0286596 0.292827 0.955736 
1950.0 1909.0 35.41160000000002 207 248 174 -0.38268 -0.251646 0.888949 
1960.0 1910.0 37.6336 208 248 173 0.0217819 0.0425267 0.998858 
1950.0 1904.0 32.478800000000035 201 248 180 -0.0432246 -0.0368991 0.998384 
1980.0 1904.0 35.63440000000003 203 248 176 -0.011053 -0.0170819 0.999793 
1990.0 1920.0 35.72280000000001 202 248 177 -0.0178433 0.0577282 0.998173 
1990.0 1911.0 38.554400000000044 203 248 176 0.1282 -0.314428 0.940585 
1950.0 1909.0 37.67439999999999 212 248 171 -0.0989105 -0.0716248 0.992515 
1960.0 1911.0 36.381200000000035 201 248 178 -0.00316464 0.0791159 0.99686 
1960.0 1917.0 37.92920000000004 201 248 179 0.0709287 0.235185 0.969359 
1990.0 1915.0 38.04680000000002 203 248 176 0.190206 0.264099 0.945555 
1950.0 1909.0 34.68760000000003 201 248 179 -0.516708 -0.239074 0.822105 
1980.0 1913.0 41.5924 216 248 170 0.253925 0.186031 0.949165 
1950.0 1905.0 32.4196 201 248 179 -0.0589219 -0.041781 0.997388 
1990.0 1907.0 36.15320000000003 204 248 176 -0.0108582 -0.000987108 0.999941 
1980.0 1907.0 37.36080000000004 208 248 173 0.134869 -0.180245 0.974332 
1950.0 1917.0 36.11400000000003 201 248 179 -0.134462 0.076 0.988 
1970.0 1910.0 42.34039999999999 207 248 174 -0.526946 0.0660439 0.847329 
1970.0 1906.0 34.519600000000025 202 248 178 -0.0816486 -0.0682269 0.994323 
1990.0 1915.0 36.879200000000026 208 248 173 0.0790741 0.0679369 0.994551 
1970.0 1915.0 36.086400000000026 211 248 172 -0.20188 0.125699 0.971311 
1970.0 1909.0 40.41520000000003 216 248 170 -0.44197 -0.160848 0.882491 
1970.0 1918.0 34.446799999999996 202 248 177 -0.0359425 0.0174578 0.999201 
1990.0 1918.0 36.109200000000044 203 248 176 0.0111181 0.0252684 0.999619 
1960.0 1905.0 33.800400000000025 201 248 178 -0.00107905 -0.111142 0.993804 
1990.0 1913.0 38.3836 211 248 172 0.284479 -0.103566 0.953072 
1970.0 1917.0 34.048 202 248 178 -0.0193206 0.0213543 0.999585 
1970.0 1916.0 34.71320000000003 202 248 177 -0.162994 0.0335236 0.986057 
1980.0 1912.0 41.53520000000003 203 248 176 0.384606 -0.32025 0.865747 
1950.0 1919.0 33.55799999999999 201 248 180 -0.110347 0.0390117 0.993127 
1950.0 1917.0 37.03720000000004 209 248 173 -0.115489 0.177579 0.977307 
1950.0 1909.0 32.89519999999999 201 248 179 -0.239358 0.0228533 0.970662 
1960.0 1911.0 35.298 201 248 178 0.0169466 0.00299058 0.999852 
1970.0 1915.0 38.54400000000004 202 248 178 -0.128032 0.35381 0.926513 
1980.0 1917.0 37.39760000000001 203 248 177 0.0106086 0.22278 0.974811 
1950.0 1908.0 37.39240000000001 211 248 172 0.0150082 -0.185871 0.98246 
1970.0 1914.0 34.4932 202 248 177 0.0132448 0.0295462 0.999476 
1940.0 1904.0 32.01440000000002 201 248 180 -0.0293681 0.00911423 0.999527 
1970.0 1915.0 37.674000000000035 203 248 177 -0.249043 0.260299 0.932857 
1960.0 1907.0 36.06360000000001 201 248 178 0.108886 -0.332036 0.936961 
1970.0 1913.0 34.48520000000002 202 248 178 -0.0707153 0.0137209 0.997402 
1950.0 1908.0 36.036400000000015 201 248 179 -0.22189 -0.243941 0.944064 
1940.0 1915.0 32.32280000000003 200 248 180 -0.0877716 -0.0249228 0.995829 
1960.0 1917.0 33.940800000000024 202 248 178 -0.0319664 0.023717 0.999207 
1970.0 1919.0 34.63720000000001 202 248 177 -0.0431371 0.0347201 0.998466 
1990.0 1908.0 36.08440000000002 203 248 176 -0.00700582 -0.0170141 0.999831 
1990.0 1909.0 36.16040000000004 203 248 176 -0.00294404 0.00294404 0.999991 
1950.0 1916.0 38.084 211 248 172 -0.0821585 0.153601 0.984712 
1980.0 1905.0 35.75080000000003 203 248 177 -0.00704728 -0.0231553 0.999707 
1950.0 1915.0 37.488 208 248 173 -0.147544 -0.228497 0.962299 
1990.0 1912.0 38.15360000000004 203 248 177 0.21371 -0.232766 0.948761 
1980.0 1905.0 35.67240000000004 203 248 177 0.0430497 -0.0325498 0.998543 
1960.0 1910.0 36.1028 201 248 178 0.187658 0.0738525 0.979454 
1970.0 1906.0 36.15160000000003 202 248 178 -0.216835 -0.149318 0.964721 
1960.0 1910.0 36.80880000000002 208 248 173 0.156659 0.0825149 0.9842 
1960.0 1913.0 36.45640000000003 205 248 175 0.00758748 -0.109477 0.99396 
1980.0 1920.0 34.9812 202 248 177 -0.0134557 0.0465773 0.998824 
1970.0 1907.0 39.648799999999994 203 248 177 -0.0230325 -0.499942 0.865753 
1980.0 1919.0 35.134000000000015 202 248 177 -0.00510271 0.0418422 0.999111 
1980.0 1907.0 36.15280000000001 203 248 177 0.0642768 -0.143746 0.987525 
1950.0 1913.0 33.572400000000016 201 248 179 -0.0970473 0.0524278 0.993898 
1960.0 1919.0 33.765600000000006 202 248 178 0.00300807 0.0250672 0.999681 
1960.0 1911.0 35.36360000000002 204 248 175 0.00098326 -0.00688282 0.999976 
1950.0 1909.0 35.434000000000026 201 248 179 -0.58519 -0.02919 0.81037 
1970.0 1907.0 36.10560000000004 202 248 177 -0.249973 -0.20353 0.94662 
1980.0 1910.0 46.33600000000001 217 248 170 0.128229 -0.415688 0.900423 
1960.0 1918.0 33.9212 202 248 178 -0.0294861 0.0132179 0.999478 
1990.0 1906.0 36.045600000000036 203 248 176 -0.0189774 -0.00499404 0.999807 
1980.0 1920.0 35.11880000000002 203 248 177 -0.0190529 0.00902508 0.999778 
1960.0 1913.0 36.93520000000001 210 248 172 0.0660225 -0.0443758 0.996831 
1960.0 1905.0 33.950800000000015 202 248 177 0.00300233 -0.0210163 0.999775 
1960.0 1904.0 33.898799999999994 201 248 178 -0.00700557 -0.0190151 0.999795 
1980.0 1910.0 43.01600000000002 216 248 170 0.588771 -0.252779 0.767757 
1990.0 1916.0 36.94560000000001 203 248 177 0.141768 0.139303 0.980049 
1950.0 1916.0 38.05279999999999 209 248 173 -0.0883209 0.0338018 0.995518 
1980.0 1908.0 36.15960000000001 203 248 176 0.0388673 -0.103276 0.993893 
1960.0 1913.0 34.8956 203 248 176 0.0328776 0.054089 0.997995 
1970.0 1905.0 36.73079999999999 202 248 178 -0.0531819 -0.243647 0.968405 
1950.0 1905.0 32.23040000000003 200 248 180 -0.0693305 -0.0245323 0.997292 
1980.0 1907.0 35.86959999999999 203 248 177 0.0154337 -0.0401276 0.999075 
1990.0 1913.0 37.4024 203 248 176 0.177579 -0.115489 0.977307 
1980.0 1912.0 40.68240000000003 212 248 171 -0.13176 -0.241342 0.961454 
1970.0 1911.0 34.75 202 248 177 0.0128575 0.000989037 0.999917 
1960.0 1909.0 36.238 207 248 174 0.123363 -0.00109171 0.992361 
1960.0 1911.0 35.286400000000015 204 248 176 0.063348 -0.00103849 0.997991 
1950.0 1919.0 35.464 201 248 179 -0.0711696 0.182146 0.980693 
1970.0 1916.0 34.20519999999999 202 248 178 -0.0110091 0.0150124 0.999827 
1950.0 1913.0 33.61880000000002 201 248 180 -0.0811299 -0.0292068 0.996276 
1950.0 1908.0 36.93360000000001 209 248 173 -0.303851 -0.213402 0.928512 
1950.0 1907.0 34.13720000000001 201 248 179 0.0196048 -0.17875 0.983699 
1950.0 1908.0 36.48320000000001 201 248 178 -0.244607 -0.325661 0.913298 
1950.0 1907.0 34.358000000000004 201 248 179 -0.0385353 -0.171657 0.984403 
1950.0 1915.0 37.51600000000002 207 248 174 -0.0684116 -0.237575 0.968957 
1950.0 1905.0 32.762 201 248 179 -0.0805515 -0.0896278 0.992713 
1970.0 1912.0 41.62040000000002 216 248 170 -0.541224 0.243473 0.804858 
1980.0 1919.0 35.941599999999994 203 248 177 -0.0325054 0.122176 0.991976 
1940.0 1909.0 32.1284 200 248 180 -0.0547263 0.00309771 0.998497 
1970.0 1915.0 34.28559999999999 202 248 178 -0.0110962 0.0232012 0.999669 
1980.0 1916.0 38.41120000000001 203 248 177 -0.0169715 0.408622 0.912546 
1990.0 1914.0 37.37440000000004 203 248 177 0.163698 0.0406343 0.985673 
1970.0 1912.0 38.512400000000014 202 248 177 -0.596463 0.070088 0.799575 
1960.0 1912.0 35.93520000000001 202 248 178 0.0371483 -0.122702 0.991748 
1990.0 1907.0 36.00240000000002 203 248 176 -0.0170139 -0.00900734 0.999815 
1960.0 1920.0 34.02879999999999 201 248 179 0.0298078 0.213424 0.976505 
1960.0 1904.0 33.59039999999999 201 248 179 -0.0350002 -0.0519699 0.998035 
1950.0 1910.0 36.886799999999994 206 248 174 -0.19685 0.150532 0.968809 
1970.0 1908.0 39.024400000000014 202 248 177 -0.341259 -0.335192 0.878173 
1960.0 1912.0 36.184000000000026 201 248 178 0.0982759 0.0666468 0.992925 
1970.0 1907.0 39.424000000000035 210 248 172 -0.208225 -0.468881 0.858367 
1970.0 1909.0 43.95320000000004 210 248 172 -0.460083 -0.456808 0.761347 
1970.0 1909.0 37.093200000000024 202 248 177 -0.362999 -0.027128 0.931395 
1970.0 1905.0 34.94839999999999 202 248 177 -0.149995 -0.0546493 0.987175 
1980.0 1919.0 35.16759999999999 202 248 177 0.0114283 0.0550636 0.998417 
1990.0 1914.0 38.4744 203 248 176 0.229139 0.231883 0.94537 
1980.0 1906.0 35.76080000000002 203 248 177 0.00526498 -0.0747627 0.997187 
1950.0 1910.0 37.296400000000006 207 248 174 -0.239465 -0.0899577 0.966729 
1970.0 1911.0 40.6884 203 248 177 -0.648248 0.0323421 0.760742 
1970.0 1914.0 37.422000000000025 202 248 177 -0.39801 0.183808 0.898778 
1950.0 1910.0 32.39760000000001 200 248 180 -0.0981089 -0.0118593 0.995105 
1970.0 1912.0 43.646000000000015 211 248 172 -0.298271 0.431179 0.851539 
1980.0 1916.0 36.62040000000002 202 248 177 0.0537241 0.352482 0.934275 
1960.0 1911.0 35.44240000000002 202 248 177 0.00717296 -0.0420131 0.999091 
1960.0 1915.0 38.6164 209 248 172 -0.00111664 -0.15298 0.988229 
1960.0 1918.0 34.97919999999999 201 248 178 0.0879887 0.165129 0.982339 
1970.0 1911.0 35.813199999999995 202 248 177 -0.237033 0.217851 0.946761 
1950.0 1904.0 32.83600000000001 201 248 179 -0.0458877 -0.0480221 0.997792 
1980.0 1912.0 40.452 203 248 177 0.172139 -0.0964469 0.98034 
1960.0 1914.0 36.922799999999995 201 248 178 0.0307189 -0.146768 0.988694 
1960.0 1915.0 34.234399999999994 201 248 178 -0.00944127 0.068187 0.997628 
1950.0 1907.0 36.06639999999999 201 248 178 -0.0219222 -0.367519 0.929758 
1970.0 1910.0 40.83680000000004 216 248 170 -0.554047 0.226866 0.800976 
1950.0 1914.0 33.063199999999995 201 248 179 -0.101101 -0.0184808 0.994704 
1980.0 1909.0 40.62119999999999 203 248 177 0.432039 -0.25316 0.865594 
1980.0 1912.0 42.988 216 248 170 0.559915 -0.231101 0.795668 
1970.0 1911.0 46.13319999999999 216 248 170 -0.168861 0.295164 0.940406 
1970.0 1907.0 35.16680000000002 202 248 178 -0.202621 -0.112008 0.972831 
1990.0 1908.0 36.19999999999999 203 248 176 -0.00494542 0.00692359 0.999964 
1950.0 1907.0 35.5788 201 248 178 -0.362607 -0.242228 0.899912 
1980.0 1907.0 36.02840000000003 203 248 177 0.0336016 -0.0812941 0.996124 
1960.0 1907.0 34.505600000000015 201 248 178 0.0682871 -0.234659 0.969676 
1960.0 1909.0 35.46800000000002 201 248 178 0.0557451 -0.0241912 0.998152 
1980.0 1918.0 35.5788 203 248 176 -0.0777439 0.119517 0.989784 
1960.0 1918.0 37.2124 201 248 179 -0.0060515 0.272317 0.962188 
1970.0 1911.0 36.91120000000001 203 248 177 -0.337727 0.141983 0.930473 
1970.0 1916.0 36.462800000000016 201 248 178 -0.157268 0.239207 0.958148 
1980.0 1916.0 37.490800000000036 203 248 177 0.109071 0.45753 0.88248 
1970.0 1919.0 34.14640000000003 202 248 177 -0.0252184 0.00706115 0.999657 
1950.0 1915.0 37.563199999999995 207 248 174 -0.139262 -0.200589 0.969727 
1950.0 1905.0 33.94480000000004 201 248 178 -0.0494921 -0.14157 0.98869 
1960.0 1909.0 35.95920000000001 207 248 174 0.0755453 -0.126684 0.989062 
1980.0 1914.0 41.61680000000001 216 248 170 0.0149274 0.525174 0.850864 
1990.0 1906.0 35.90120000000002 203 248 176 -0.0109877 -0.0109877 0.999879 
1960.0 1911.0 37.00240000000002 201 248 178 0.00795691 0.169369 0.985521 
1990.0 1913.0 40.87479999999999 211 248 172 0.155693 0.0215924 0.98757 
1990.0 1909.0 36.18000000000001 203 248 176 0.0172858 -0.0254203 0.999527 
1980.0 1910.0 46.12800000000004 216 248 170 0.0352931 -0.380381 0.924156 
1950.0 1916.0 37.238800000000026 201 248 179 -0.200346 0.0667821 0.977446 
1980.0 1917.0 35.60640000000001 203 248 177 0.0266518 0.177292 0.983797 
1980.0 1908.0 36.87600000000003 203 248 176 0.0857646 -0.167905 0.982065 
1950.0 1918.0 36.101200000000006 201 248 179 -0.0764311 0.236811 0.968545 
1950.0 1909.0 35.8064 201 248 179 0.0504038 -0.101928 0.993514 
1960.0 1915.0 34.43720000000002 201 248 178 0.146056 0.0619276 0.987336 
1960.0 1916.0 35.14680000000004 201 248 178 0.183347 0.0789242 0.979875 
1980.0 1912.0 44.49799999999999 216 248 170 0.430881 0.00916768 0.902362 
1970.0 1920.0 34.66239999999999 202 248 177 -0.036015 0.019551 0.99916 
1990.0 1910.0 36.71840000000003 203 248 176 0.112539 -0.174374 0.978227 
1980.0 1904.0 35.6952 203 248 176 -0.0130627 -0.0150724 0.999801 
1950.0 1917.0 34.44480000000004 201 248 179 -0.123896 0.00767498 0.992266 
1960.0 1917.0 33.90480000000002 201 248 178 -0.00499404 0.0189774 0.999807 
1950.0 1909.0 35.92320000000001 202 248 178 -0.064267 -0.0958368 0.99332 
1970.0 1909.0 43.69720000000001 216 248 170 -0.428441 -0.325615 0.84286 
1980.0 1911.0 38.93119999999999 203 248 176 0.0418033 -0.305291 0.951341 
1970.0 1911.0 34.72280000000001 202 248 177 -0.0217405 0.0383048 0.99903 
1990.0 1918.0 36.374000000000024 203 248 176 0.028976 0.0719035 0.996991 
1950.0 1914.0 34.048400000000015 201 248 180 -0.127979 -0.0396394 0.990984 
1960.0 1911.0 36.74520000000001 204 248 175 0.0556553 0.11699 0.991572 
1960.0 1906.0 34.10000000000002 202 248 178 0.0263518 -0.0537577 0.998206 
1990.0 1911.0 36.30360000000002 203 248 176 0.05713 -0.0506625 0.99708 
1950.0 1906.0 33.60680000000002 201 248 179 -0.108045 -0.154177 0.982118 
1950.0 1914.0 36.49680000000001 204 248 176 -0.160655 -0.135748 0.977631 
1970.0 1907.0 41.288400000000024 211 248 172 -0.203874 -0.505909 0.838148 
1970.0 1911.0 38.664800000000014 202 248 177 -0.611468 0.208983 0.763173 
1970.0 1910.0 45.82600000000002 216 248 170 -0.114666 -0.280733 0.952912 
1980.0 1906.0 37.643200000000036 203 248 176 -0.0296657 -0.359858 0.932535 
1970.0 1906.0 34.307600000000036 202 248 178 -0.032029 -0.0278962 0.999098 
1950.0 1904.0 33.575199999999995 201 248 179 -0.0301903 -0.124116 0.991808 
1960.0 1912.0 36.30000000000001 201 248 178 0.04062 -0.0260385 0.998835 
1980.0 1906.0 35.84360000000004 203 248 176 -0.0130627 -0.0150724 0.999801 
1980.0 1918.0 35.57679999999999 203 248 177 -0.0104815 0.201478 0.979437 
1950.0 1905.0 34.039199999999994 201 248 178 0.0169137 -0.147713 0.988886 
1960.0 1905.0 33.96199999999999 202 248 178 -0.00099679 -0.0209326 0.99978 
1960.0 1919.0 34.721600000000024 201 248 179 0.039848 0.220975 0.974465 
1960.0 1911.0 35.41320000000002 201 248 178 0.0661587 -0.0466365 0.996719 
1980.0 1910.0 39.81639999999999 203 248 177 0.420669 -0.179039 0.889372 
1960.0 1906.0 34.01320000000004 201 248 178 0.0155866 -0.0509162 0.998581 
1960.0 1916.0 38.69440000000003 211 248 172 -0.0632203 0.0787481 0.994888 
1970.0 1919.0 34.44240000000002 202 248 177 -0.0172524 0.0213118 0.999624 
1950.0 1916.0 34.29200000000003 210 248 172 -0.115221 -0.0627441 0.991356 
1950.0 1914.0 34.86560000000003 201 248 179 -0.162295 -0.067524 0.984429 
1950.0 1906.0 34.25880000000001 201 248 179 -0.0934047 -0.128875 0.987252 
1950.0 1916.0 32.772400000000005 201 248 179 -0.0888781 -0.0405986 0.995215 
1950.0 1908.0 35.379999999999995 207 248 174 -0.0947415 -0.228643 0.968889 
1950.0 1914.0 36.83879999999999 201 248 178 -0.060471 -0.115237 0.991496 
1990.0 1918.0 36.28000000000003 203 248 177 0.0233303 0.123317 0.992093 
1960.0 1918.0 36.37800000000004 201 248 179 0.101596 0.29951 0.948669 
1970.0 1908.0 34.8236 202 248 177 -0.0957552 -0.0934479 0.991009 
1970.0 1915.0 34.29200000000003 201 248 178 -0.00309134 0.0546137 0.998503 
1960.0 1906.0 34.081999999999994 201 248 179 -0.0273557 -0.0995748 0.994654 
1970.0 1918.0 34.6164 201 248 178 0.00316464 0.0791159 0.99686 
1980.0 1912.0 44.91759999999999 217 248 170 0.194271 0.27694 0.941044 
1970.0 1916.0 34.62080000000003 202 248 177 -0.155248 0.0548621 0.986351 
1970.0 1919.0 34.53399999999999 201 248 178 -0.0152829 0.0275093 0.999505 
1960.0 1915.0 34.28040000000004 201 248 178 0.0718122 0.0629738 0.995428 
1940.0 1905.0 32.0 201 248 179 -0.0333485 0.00101056 0.999443 
1960.0 1914.0 34.46879999999999 202 248 178 0.0409223 0.0984348 0.994302 
1980.0 1916.0 36.302400000000034 203 248 177 0.0724425 0.33587 0.939118 
1990.0 1914.0 38.51600000000002 203 248 176 0.31043 0.0825194 0.947008 
1950.0 1907.0 35.686000000000035 201 248 178 -0.20546 -0.318817 0.925279 
1970.0 1909.0 44.97520000000003 216 248 170 -0.147658 -0.381098 0.912667 
1990.0 1915.0 36.976 203 248 177 0.12885 0.148484 0.980485 
1990.0 1917.0 37.03200000000004 203 248 176 0.0574326 0.158233 0.98573 
1960.0 1907.0 34.89519999999999 201 248 178 0.0724694 -0.270807 0.959902 
1950.0 1912.0 35.88960000000003 201 248 178 -0.150037 0.142597 0.978343 
1980.0 1912.0 46.53040000000004 217 248 170 -0.023544 0.286245 0.957867 
1970.0 1905.0 33.98680000000002 201 248 178 -0.0149235 -0.00497451 0.999876 
1960.0 1914.0 36.35560000000004 211 248 172 0.171631 0.0241896 0.984864 
1990.0 1914.0 39.94960000000003 211 248 172 0.095272 0.237545 0.966693 
1970.0 1911.0 45.60200000000003 210 248 172 -0.175561 0.305504 0.935866 
1990.0 1910.0 36.93280000000004 203 248 177 0.109042 -0.199283 0.973856 
1970.0 1912.0 35.54520000000002 202 248 178 -0.305523 0.0631673 0.950087 
1970.0 1918.0 34.8544 202 248 177 -0.0354239 0.147409 0.988441 
1970.0 1906.0 34.07960000000003 202 248 178 -0.0215252 -0.0276753 0.999385 
1960.0 1918.0 34.0292 201 248 179 0.0600235 0.0600235 0.996391 
1950.0 1911.0 33.436000000000035 201 248 179 -0.189222 0.0638774 0.979855 
1970.0 1913.0 34.52359999999999 202 248 177 -0.00101253 0.0354387 0.999371 
1980.0 1913.0 42.11279999999999 211 248 172 -0.0892016 0.184513 0.978774 
1970.0 1913.0 35.90960000000001 202 248 177 -0.366944 0.0324156 0.929678 
1980.0 1911.0 46.538400000000024 216 248 170 0.307099 0.0238158 0.95138 
1970.0 1907.0 37.9384 203 248 177 -0.296691 -0.287922 0.910536 
1960.0 1911.0 35.8304 201 248 178 0.137073 0.0761517 0.987629 
1960.0 1916.0 33.98320000000001 201 248 178 -0.00710243 0.0334829 0.999414 
1960.0 1915.0 35.314400000000035 201 248 178 0.166424 0.0778241 0.982978 
1990.0 1914.0 39.296400000000006 207 248 174 0.146474 0.184684 0.971822 
1970.0 1911.0 43.88960000000003 210 248 172 -0.498072 0.406622 0.765887 
1970.0 1912.0 34.70519999999999 202 248 177 0.0130627 0.0150724 0.999801 
1970.0 1910.0 39.72200000000004 207 248 174 -0.55122 0.329446 0.766565 
1940.0 1910.0 32.206800000000044 201 248 179 -0.0797799 -0.0138285 0.996717 
1950.0 1908.0 37.1884 211 248 172 -0.0628773 -0.16965 0.983496 
1950.0 1919.0 34.70640000000003 201 248 180 -0.055892 0.119769 0.991227 
1970.0 1913.0 38.357200000000034 203 248 176 -0.384427 0.201643 0.900864 
1950.0 1909.0 35.56200000000001 201 248 179 0.0123724 -0.149594 0.98867 
1970.0 1918.0 34.70400000000001 202 248 177 -0.0358441 0.0814639 0.996032 
1950.0 1910.0 37.751599999999996 209 248 173 -0.00101451 0.037537 0.999295 
1980.0 1910.0 40.65480000000002 215 248 170 0.549994 -0.115251 0.827179 
1990.0 1907.0 36.2192 203 248 176 -0.00888411 0.00296137 0.999956 
1990.0 1914.0 38.024 210 248 172 0.254457 0.123966 0.959106 
1950.0 1909.0 34.24600000000004 201 248 179 -0.282763 -0.0595958 0.957337 
1960.0 1910.0 37.460000000000036 207 248 173 0.112793 0.117542 0.986642 
1970.0 1915.0 35.04200000000003 202 248 177 -0.288518 0.0235272 0.957185 
1970.0 1915.0 35.52000000000004 201 248 178 -0.361305 0.0218583 0.932192 
1960.0 1906.0 34.02280000000002 202 248 177 -0.00100069 -0.0250172 0.999686 
1950.0 1907.0 32.728800000000035 201 248 179 -0.115465 -0.0651635 0.991172 
1960.0 1908.0 35.21840000000003 201 248 178 0.0212726 -0.133234 0.990856 
1980.0 1917.0 36.11400000000003 202 248 177 -0.114169 0.232187 0.965948 
1990.0 1919.0 35.97800000000001 203 248 176 -0.00100269 0.0250673 0.999685 
1970.0 1906.0 38.050400000000025 203 248 177 -0.12331 -0.375473 0.918594 
1950.0 1909.0 32.50920000000002 201 248 179 -0.114776 0.0323155 0.992866 
1950.0 1904.0 32.131200000000035 201 248 180 -0.0355823 0.00508318 0.999354 
1950.0 1904.0 32.26800000000003 201 248 179 -0.0460106 -0.00102246 0.99894 
1950.0 1912.0 34.52359999999999 204 248 176 -0.110049 0.17682 0.978072 
1950.0 1920.0 32.87880000000001 200 248 180 -0.100367 0.0888303 0.990977 
1970.0 1906.0 34.82320000000004 202 248 178 -0.143632 -0.131356 0.980875 
1960.0 1917.0 34.739599999999996 201 248 178 0.144467 0.0943216 0.985004 
1950.0 1910.0 35.946799999999996 207 248 174 -0.0730654 0.126415 0.989283 
1980.0 1919.0 34.910799999999995 202 248 177 -0.055544 0.0620786 0.996525 
1960.0 1908.0 34.48079999999999 202 248 178 0.0418651 -0.0611874 0.997248 
1950.0 1916.0 35.28120000000001 204 248 176 -0.1557 -0.0193204 0.987615 
1990.0 1911.0 37.75400000000002 203 248 176 0.199127 -0.265045 0.943451 
1970.0 1913.0 35.03040000000004 201 248 178 -0.323719 0.0188941 0.945965 
1970.0 1910.0 38.17080000000004 208 248 173 -0.364399 0.143805 0.920073 
1990.0 1911.0 36.13640000000004 203 248 176 0.00692359 -0.00494542 0.999964 
1960.0 1906.0 35.04680000000002 201 248 179 0.0413197 -0.284229 0.957865 
1950.0 1909.0 35.75319999999999 206 248 174 -0.161815 -0.169459 0.972162 
1960.0 1907.0 35.09440000000001 206 248 174 0.0272006 -0.090306 0.995543 
1970.0 1914.0 36.23079999999999 202 248 177 -0.341851 0.106744 0.933672 
1950.0 1915.0 34.70120000000003 202 248 178 -0.149075 -0.107867 0.982925 
1990.0 1905.0 36.20840000000004 203 248 176 -0.00888415 0.000987127 0.99996 
1960.0 1906.0 34.43440000000004 201 248 178 0.0651398 -0.164626 0.984203 
1970.0 1918.0 34.62479999999999 202 248 178 -0.0447269 0.0774539 0.995992 
1970.0 1906.0 35.144000000000005 202 248 177 -0.203503 -0.0826345 0.975581 
1950.0 1910.0 35.02120000000002 201 248 179 -0.329338 0.228667 0.916105 
1960.0 1907.0 34.61439999999999 202 248 178 0.0513847 -0.0732506 0.995989 
1960.0 1914.0 37.5496 206 248 174 -0.0174517 -0.194296 0.980788 
1960.0 1908.0 35.54400000000004 201 248 179 0.0296449 -0.205143 0.978283 
1990.0 1919.0 35.94319999999999 203 248 176 -0.0180527 0.0732729 0.997149 
1960.0 1918.0 33.85880000000003 201 248 178 -0.000992907 0.0168794 0.999857 
1960.0 1911.0 34.86560000000003 202 248 177 0.0359437 0.0154044 0.999235 
1950.0 1910.0 36.02800000000002 205 248 175 -0.0124425 0.157228 0.987484 
1980.0 1918.0 35.54680000000002 202 248 177 -0.0517195 0.134471 0.989567 
1970.0 1904.0 35.73040000000003 202 248 178 -0.0651398 -0.164626 0.984203 
1960.0 1919.0 33.85160000000002 201 248 178 -0.0232939 0.0151917 0.999613 
1950.0 1920.0 34.48920000000004 206 248 174 -0.0194666 0.166039 0.985927 
1960.0 1912.0 36.17160000000001 205 248 175 0.0330053 -0.0606871 0.997611 
1980.0 1917.0 35.57600000000002 202 248 177 0.0239262 0.153811 0.987811 
1960.0 1913.0 36.46719999999999 202 248 178 0.00104253 -0.0677644 0.997701 
1950.0 1915.0 37.90160000000003 208 248 173 -0.138247 -0.0862567 0.986634 
1960.0 1906.0 34.22520000000003 201 248 178 0.0522288 -0.0900114 0.99457 
1960.0 1910.0 35.18520000000001 204 248 176 0.0458877 -0.0480221 0.997792 
1950.0 1919.0 34.46160000000003 209 248 173 -0.0931842 0.0639939 0.99359 
1980.0 1906.0 36.782399999999996 203 248 177 0.159982 -0.130218 0.978493 
1950.0 1913.0 35.94240000000002 201 248 178 -0.127967 -0.0419006 0.990893 
1960.0 1916.0 34.1028 201 248 178 0.0363086 0.0259347 0.999004 
1980.0 1918.0 35.38440000000003 203 248 177 -0.0509781 0.0618245 0.996784 
1970.0 1917.0 34.1576 202 248 177 -0.0110094 0.0130111 0.999855 
1950.0 1913.0 35.37560000000002 201 248 178 -0.223119 -0.065333 0.972599 
1950.0 1910.0 37.350400000000036 205 248 175 -0.0766073 0.144965 0.986467 
1970.0 1916.0 34.248400000000004 202 248 177 -0.00302594 0.0292507 0.999568 
1950.0 1916.0 33.166 201 248 179 -0.133877 -0.0492027 0.989776 
1960.0 1918.0 33.950800000000015 202 248 178 0.0320933 0.0300228 0.999034 
1970.0 1915.0 38.74200000000002 203 248 177 -0.221057 0.291457 0.930691 
1960.0 1907.0 34.13240000000002 201 248 178 0.028515 -0.0559739 0.998025 
1970.0 1916.0 34.370000000000005 202 248 178 -0.0683285 0.0115633 0.997596 
1950.0 1908.0 35.09280000000001 201 248 178 -0.00579411 -0.202794 0.979204 
1960.0 1905.0 33.92360000000002 202 248 178 -0.0115876 -0.0684721 0.997586 
1970.0 1913.0 34.70920000000001 202 248 177 -0.170873 -0.0194956 0.9851 
1970.0 1910.0 46.01600000000002 216 248 170 -0.268196 -0.03337 0.962786 
1950.0 1914.0 32.47800000000001 200 248 180 -0.0843631 0.0138825 0.996338 
1980.0 1904.0 36.18920000000003 211 248 172 -0.0557809 -0.117254 0.991534 
1980.0 1916.0 37.33960000000002 202 248 177 -0.0924113 0.285043 0.954049 
1960.0 1908.0 37.28120000000001 212 248 171 0.0859333 -0.170656 0.981576 
1960.0 1912.0 36.33080000000001 205 248 175 -0.0101197 -0.151796 0.98836 
1970.0 1910.0 35.50240000000002 202 248 177 -0.166398 0.024099 0.985764 
1950.0 1907.0 34.27840000000003 201 248 179 -0.11073 -0.222733 0.96857 
1960.0 1904.0 33.45519999999999 201 248 178 -0.0263518 -0.0537577 0.998206 
1960.0 1917.0 33.960800000000006 202 248 178 0.0277308 0.0236225 0.999336 
1960.0 1915.0 37.434799999999996 206 248 174 0.14642 0.0100594 0.989171 
1970.0 1914.0 34.65719999999999 201 248 178 -0.121904 0.0324333 0.992012 
1980.0 1907.0 39.93560000000002 203 248 177 0.141571 -0.377056 0.915307 
1950.0 1906.0 35.02320000000003 201 248 179 -0.121314 -0.256977 0.958773 
1970.0 1905.0 34.06999999999999 201 248 178 -0.0250673 0.00100269 0.999685 
1960.0 1915.0 38.14640000000003 209 248 173 0.0752661 -0.166063 0.983239 
1960.0 1917.0 37.10239999999999 211 248 172 0.159838 0.180298 0.970538 
1980.0 1906.0 35.84680000000003 203 248 177 0.0817311 -0.104754 0.991134 
1990.0 1911.0 36.72320000000002 203 248 177 0.0848992 -0.115137 0.989715 
1960.0 1913.0 36.61959999999999 205 248 175 -0.00551356 -0.131223 0.991338 
1970.0 1917.0 35.27000000000004 202 248 177 -0.0877422 0.203908 0.97505 
1950.0 1904.0 32.1696 201 248 180 -0.0312661 0.00302575 0.999507 
1990.0 1908.0 36.22720000000004 203 248 176 -0.00690992 0.00493566 0.999964 
1950.0 1908.0 33.077200000000005 201 248 179 -0.177956 -0.0149254 0.983925 
1970.0 1915.0 34.4196 202 248 178 -0.0701984 0.0377991 0.996817 
1950.0 1908.0 32.39480000000003 200 248 180 -0.11162 -0.00325108 0.993746 
1970.0 1911.0 39.779600000000016 203 248 177 -0.625206 0.0826838 0.776068 
1950.0 1912.0 34.75479999999999 201 248 178 -0.0971482 0.111194 0.989039 
1970.0 1910.0 43.87600000000003 216 248 170 -0.490351 -0.10722 0.864905 
1980.0 1912.0 40.650000000000034 212 248 171 0.0666543 -0.328043 0.942308 
1960.0 1916.0 38.48480000000001 211 248 172 0.152941 0.0770634 0.985226 
1980.0 1913.0 41.382000000000005 211 248 172 0.159086 -0.00789787 0.987233 
1950.0 1918.0 35.198800000000006 206 248 174 -0.0995148 0.0812132 0.991716 
1950.0 1912.0 35.01440000000002 204 248 176 -0.181148 0.0338921 0.982872 
1970.0 1905.0 34.54240000000004 202 248 177 -0.099822 -0.00322007 0.995 
1960.0 1906.0 34.251599999999996 201 248 178 0.00110382 -0.140185 0.990125 
1980.0 1910.0 46.920000000000016 217 248 170 -0.0363086 -0.0259347 0.999004 
1980.0 1916.0 38.50920000000002 203 248 177 0.0477941 0.471113 0.880777 
1960.0 1905.0 33.98200000000003 202 248 178 0.0114746 -0.0573728 0.998287 
1960.0 1912.0 35.641999999999996 203 248 177 0.103879 -0.0719162 0.991987 
1980.0 1910.0 37.09880000000004 204 248 175 0.0779462 -0.214043 0.973709 
1990.0 1913.0 36.565200000000004 203 248 176 0.0966503 -0.0455478 0.994276 
1960.0 1911.0 35.454800000000034 202 248 178 0.0365602 -0.105249 0.993774 
1980.0 1919.0 35.1936 202 248 177 -0.0195524 0.0339595 0.999232 
1960.0 1910.0 34.81360000000001 202 248 178 0.0323543 -0.0365291 0.998809 
1980.0 1905.0 36.498400000000004 203 248 177 -0.0375982 -0.234079 0.97149 
1960.0 1910.0 35.52879999999999 201 248 178 0.0803033 0.049502 0.995541 
1950.0 1908.0 33.97399999999999 201 248 179 -0.191057 -0.111138 0.975267 
1990.0 1912.0 39.96640000000002 211 248 172 0.209412 -0.273206 0.938885 
1980.0 1914.0 44.00920000000002 216 248 170 -0.00128038 0.390517 0.920595 
1960.0 1907.0 34.7364 206 248 174 0.00536673 -0.0998211 0.994991 
1970.0 1908.0 34.39000000000004 201 248 178 -0.0135354 -0.0531005 0.998497 
1990.0 1914.0 36.45440000000002 203 248 176 0.0641378 0.0157716 0.997816 
1970.0 1914.0 34.386799999999994 201 248 178 -0.0193206 0.0213543 0.999585 
1950.0 1910.0 36.33879999999999 208 248 173 -0.18737 0.216605 0.95811 
1990.0 1913.0 39.69920000000002 211 248 172 0.206497 -0.0543414 0.976937 
1970.0 1908.0 34.73840000000001 202 248 177 -0.059901 -0.0577227 0.996534 
1970.0 1907.0 34.15120000000002 202 248 178 -0.00516281 -0.0547258 0.998488 
1950.0 1916.0 33.686800000000005 201 248 179 -0.154574 -0.049975 0.986716 
1960.0 1904.0 33.398799999999994 201 248 179 0.0114732 -0.0594518 0.998165 
1970.0 1911.0 34.798 202 248 178 -0.0339357 0.0930496 0.995083 
1950.0 1917.0 33.30520000000001 206 248 174 -0.110894 -0.0186654 0.993657 
1980.0 1906.0 35.72800000000001 203 248 176 -0.00305568 -0.0397238 0.999206 
1950.0 1915.0 32.51400000000001 200 248 180 -0.084543 -0.0139121 0.996323 
1990.0 1904.0 35.81800000000004 203 248 177 -0.0232475 -0.0131399 0.999643 
1980.0 1909.0 43.49440000000004 216 248 170 0.285705 -0.452495 0.844761 
1970.0 1916.0 34.21640000000002 201 248 178 -0.00505307 0.031329 0.999496 
1980.0 1909.0 38.82960000000003 203 248 177 0.132068 -0.179864 0.974786 
1970.0 1916.0 35.19839999999999 202 248 178 -0.23198 0.0815064 0.9693 
1950.0 1918.0 36.57800000000003 208 248 173 -0.0482436 0.253588 0.966109 
1970.0 1907.0 34.33960000000002 202 248 178 -0.0349962 -0.0540851 0.997923 
1970.0 1908.0 35.843200000000024 202 248 177 -0.273827 -0.191266 0.942569 
1960.0 1904.0 33.554400000000044 201 248 178 0.0205422 -0.0897368 0.995754 
1960.0 1916.0 34.079200000000014 201 248 178 -0.0217819 0.0425267 0.998858 
1970.0 1904.0 34.36040000000003 202 248 177 -0.0376131 0.00304971 0.999288 
1980.0 1915.0 39.05680000000001 203 248 177 -0.0012343 0.314746 0.949175 
3 645 195 31 
3 253 79 531 
3 170 178 90 
3 664 356 740 
3 78 521 456 
3 466 668 62 
3 129 81 107 
3 730 301 387 
3 155 129 750 
3 387 502 773 
3 394 316 737 
3 19 18 169 
3 478 94 46 
3 460 556 606 
3 119 377 558 
3 683 716 326 
3 199 708 114 
3 577 673 20 
3 485 719 502 
3 169 298 85 
3 761 405 465 
3 138 436 611 
3 333 298 270 
3 505 681 361 
3 244 202 208 
3 274 79 433 
3 181 14 137 
3 517 702 274 
3 458 265 408 
3 771 112 617 
3 659 690 771 
3 542 711 88 
3 751 266 603 
3 166 613 548 
3 76 259 694 
3 156 313 554 
3 575 712 547 
3 100 329 257 
3 282 473 562 
3 105 469 640 
3 408 426 562 
3 277 69 469 
3 260 354 634 
3 647 94 379 
3 16 727 253 
3 179 617 530 
3 764 27 417 
3 708 224 283 
3 764 385 568 
3 227 281 150 
3 338 369 604 
3 704 369 538 
3 564 672 68 
3 663 121 395 
3 536 136 513 
3 607 733 217 
3 149 749 596 
3 92 389 306 
3 158 573 671 
3 318 107 324 
3 140 378 53 
3 668 1 97 
3 436 66 185 
3 5 720 9 
3 255 379 264 
3 20 673 523 
3 379 163 196 
3 690 531 603 
3 214 329 416 
3 218 216 616 
3 286 732 698 
3 72 374 434 
3 470 559 191 
3 72 219 537 
3 185 743 463 
3 534 6 443 
3 231 429 623 
3 477 633 363 
3 249 22 525 
3 165 220 490 
3 331 230 41 
3 173 125 98 
3 425 721 22 
3 593 346 384 
3 331 421 230 
3 333 506 85 
3 541 421 489 
3 597 375 104 
3 147 373 275 
3 737 310 394 
3 371 244 448 
3 361 691 710 
3 388 448 146 
3 149 760 635 
3 388 146 135 
3 448 491 217 
3 335 176 774 
3 306 513 177 
3 214 416 741 
3 156 592 133 
3 100 354 697 
3 339 488 204 
3 201 215 315 
3 353 420 215 
3 90 178 285 
3 263 480 504 
3 620 139 88 
3 184 503 61 
3 770 321 319 
3 283 601 237 
3 568 184 54 
3 201 315 711 
3 686 11 445 
3 464 619 23 
3 44 330 396 
3 27 764 464 
3 664 393 504 
3 445 11 60 
3 111 393 740 
3 664 740 393 
3 385 764 417 
3 377 113 61 
3 113 119 88 
3 111 237 393 
3 427 258 566 
3 554 313 693 
3 199 51 708 
3 645 736 203 
3 75 469 105 
3 540 82 575 
3 697 354 616 
3 554 183 634 
3 712 694 547 
3 354 591 634 
3 188 592 156 
3 591 508 171 
3 77 84 592 
3 616 216 697 
3 360 461 602 
3 562 714 282 
3 218 616 326 
3 716 683 613 
3 571 332 286 
3 278 105 683 
3 69 277 727 
3 469 14 277 
3 469 75 225 
3 279 575 82 
3 694 259 238 
3 112 552 530 
3 578 686 445 
3 560 352 239 
3 447 627 657 
3 108 731 404 
3 42 266 686 
3 94 647 559 
3 727 277 253 
3 28 34 132 
3 464 302 330 
3 50 327 317 
3 497 462 10 
3 338 205 369 
3 497 742 462 
3 430 205 338 
3 322 704 577 
3 497 10 87 
3 122 396 304 
3 122 47 103 
3 396 370 239 
3 498 651 233 
3 179 629 617 
3 577 153 673 
3 330 302 396 
3 252 153 87 
3 660 420 488 
3 366 523 252 
3 657 471 120 
3 338 150 430 
3 366 471 676 
3 205 430 300 
3 281 227 499 
3 128 115 675 
3 720 5 327 
3 672 719 485 
3 387 485 502 
3 25 59 206 
3 518 68 175 
3 703 564 68 
3 719 747 502 
3 719 672 747 
3 115 587 159 
3 198 536 306 
3 59 295 641 
3 675 2 672 
3 663 395 641 
3 157 584 149 
3 389 92 677 
3 81 271 311 
3 157 772 600 
3 149 596 172 
3 600 92 295 
3 136 773 502 
3 295 92 306 
3 136 502 747 
3 107 152 324 
3 454 34 715 
3 92 422 368 
3 147 431 208 
3 172 164 174 
3 37 674 244 
3 718 228 669 
3 574 410 287 
3 97 1 529 
3 130 411 431 
3 761 323 405 
3 376 743 572 
3 529 1 746 
3 324 701 236 
3 255 264 138 
3 307 140 337 
3 753 378 467 
3 617 713 530 
3 518 507 68 
3 70 68 397 
3 766 343 93 
3 132 378 731 
3 67 667 725 
3 53 378 132 
3 264 404 248 
3 67 621 334 
3 379 196 728 
3 163 659 196 
3 46 461 360 
3 571 654 332 
3 611 656 138 
3 94 344 46 
3 255 656 642 
3 611 559 656 
3 186 512 561 
3 250 423 653 
3 723 182 579 
3 413 537 723 
3 745 126 744 
3 458 661 265 
3 166 744 58 
3 332 732 286 
3 265 341 408 
3 218 697 216 
3 341 416 329 
3 562 697 218 
3 661 650 265 
3 493 622 543 
3 305 374 106 
3 487 243 434 
3 487 280 510 
3 240 632 724 
3 106 374 72 
3 763 192 56 
3 570 582 425 
3 232 22 752 
3 380 696 268 
3 425 22 249 
3 197 442 182 
3 89 56 192 
3 565 391 232 
3 569 588 551 
3 755 12 230 
3 528 588 553 
3 565 167 391 
3 118 423 250 
3 32 43 320 
3 106 410 680 
3 381 768 401 
3 287 325 752 
3 460 479 556 
3 401 182 442 
3 118 463 606 
3 66 229 572 
3 500 605 64 
3 401 118 556 
3 669 758 718 
3 64 401 8 
3 689 241 351 
3 273 755 541 
3 689 648 241 
3 557 289 189 
3 449 0 351 
3 695 405 323 
3 190 441 670 
3 116 419 351 
3 256 655 775 
3 648 268 435 
3 380 251 696 
3 167 235 249 
3 696 383 102 
3 763 56 706 
3 261 501 570 
3 357 528 544 
3 357 524 528 
3 419 342 251 
3 581 109 609 
3 350 541 489 
3 767 419 189 
3 767 189 12 
3 475 636 101 
3 4 734 709 
3 314 375 597 
3 699 36 262 
3 359 173 375 
3 41 289 557 
3 0 194 557 
3 104 375 173 
3 328 364 309 
3 475 36 699 
3 440 500 534 
3 328 623 468 
3 165 78 19 
3 418 18 456 
3 110 147 208 
3 472 431 147 
3 414 666 521 
3 418 373 168 
3 415 36 362 
3 312 623 429 
3 169 270 298 
3 244 431 37 
3 30 484 247 
3 267 448 217 
3 448 674 491 
3 431 411 37 
3 428 361 710 
3 599 774 735 
3 254 774 245 
3 217 30 247 
3 688 735 738 
3 267 733 146 
3 735 496 599 
3 348 333 291 
3 388 135 291 
3 176 335 614 
3 245 774 428 
3 115 65 2 
3 45 133 592 
3 38 99 657 
3 234 215 660 
3 139 685 123 
3 627 234 339 
3 215 420 660 
3 281 430 150 
3 499 227 482 
3 482 29 20 
3 704 604 369 
3 227 29 482 
3 355 482 20 
3 227 150 29 
3 355 523 366 
3 673 153 523 
3 742 392 462 
3 10 252 87 
3 153 252 523 
3 52 682 302 
3 523 355 20 
3 482 676 499 
3 252 120 366 
3 233 10 498 
3 366 482 355 
3 366 676 482 
3 366 120 471 
3 657 627 471 
3 471 612 439 
3 439 612 519 
3 488 339 660 
3 447 657 23 
3 619 402 23 
3 234 660 339 
3 99 23 657 
3 486 447 23 
3 27 464 330 
3 54 619 464 
3 23 99 464 
3 386 252 10 
3 120 38 657 
3 302 464 99 
3 252 52 120 
3 302 99 38 
3 38 52 302 
3 38 120 52 
3 386 682 252 
3 52 252 682 
3 304 386 233 
3 302 682 386 
3 304 233 651 
3 386 10 233 
3 498 304 651 
3 239 352 44 
3 498 13 304 
3 398 530 42 
3 396 239 44 
3 370 560 239 
3 386 396 302 
3 386 304 396 
3 398 560 370 
3 578 445 446 
3 398 578 560 
3 266 246 686 
3 47 179 370 
3 530 552 42 
3 398 42 578 
3 552 266 42 
3 517 144 702 
3 60 417 27 
3 42 686 578 
3 319 274 770 
3 246 11 686 
3 96 531 690 
3 330 44 27 
3 446 560 578 
3 560 446 352 
3 445 60 446 
3 446 44 352 
3 446 60 44 
3 321 385 417 
3 54 464 764 
3 44 60 27 
3 60 274 319 
3 60 319 417 
3 60 11 274 
3 319 321 417 
3 321 770 111 
3 111 385 321 
3 356 340 385 
3 576 503 356 
3 73 113 139 
3 356 503 340 
3 576 504 480 
3 184 61 123 
3 201 711 444 
3 54 184 123 
3 503 576 480 
3 764 568 54 
3 340 503 184 
3 340 568 385 
3 340 184 568 
3 123 402 54 
3 757 234 515 
3 23 402 486 
3 627 612 471 
3 447 757 515 
3 339 612 627 
3 515 234 627 
3 757 55 726 
3 447 515 627 
3 447 486 757 
3 402 757 486 
3 726 215 234 
3 54 402 619 
3 123 55 402 
3 402 55 757 
3 139 113 88 
3 123 685 55 
3 700 711 315 
3 757 726 234 
3 55 685 726 
3 726 315 215 
3 726 685 700 
3 353 201 444 
3 353 215 201 
3 711 700 88 
3 315 726 700 
3 700 620 88 
3 700 685 620 
3 503 377 61 
3 119 222 88 
3 222 542 88 
3 685 139 620 
3 73 61 113 
3 123 73 139 
3 123 61 73 
3 377 119 113 
3 377 480 558 
3 393 406 504 
3 393 601 95 
3 406 393 95 
3 406 263 504 
3 503 480 377 
3 576 664 504 
3 576 356 664 
3 356 111 740 
3 356 385 111 
3 393 237 601 
3 296 144 427 
3 224 708 51 
3 345 137 238 
3 162 631 199 
3 708 283 526 
3 95 283 51 
3 283 237 526 
3 51 283 224 
3 95 601 283 
3 162 178 631 
3 162 200 178 
3 631 51 199 
3 76 203 200 
3 203 736 367 
3 203 367 178 
3 736 90 367 
3 367 285 178 
3 736 645 90 
3 170 631 178 
3 285 367 90 
3 51 631 170 
3 712 203 694 
3 712 645 203 
3 575 336 712 
3 195 645 712 
3 203 76 694 
3 203 178 200 
3 533 160 739 
3 195 712 336 
3 183 533 180 
3 739 31 288 
3 180 31 195 
3 160 693 514 
3 514 693 313 
3 533 288 180 
3 183 180 634 
3 288 31 180 
3 151 554 634 
3 533 739 288 
3 693 533 183 
3 693 160 533 
3 242 313 156 
3 242 133 45 
3 171 156 151 
3 133 242 156 
3 183 554 693 
3 151 156 554 
3 354 260 616 
3 336 180 195 
3 279 260 634 
3 279 616 260 
3 540 575 547 
3 279 634 336 
3 279 336 575 
3 634 180 336 
3 624 540 547 
3 82 616 279 
3 694 238 547 
3 225 707 469 
3 278 82 540 
3 683 326 82 
3 82 278 683 
3 540 624 75 
3 540 75 278 
3 595 238 137 
3 624 238 75 
3 707 14 469 
3 14 399 277 
3 181 137 345 
3 595 137 707 
3 259 200 526 
3 595 707 225 
3 137 14 707 
3 75 595 225 
3 238 259 345 
3 75 238 595 
3 624 547 238 
3 162 437 200 
3 259 76 200 
3 708 526 114 
3 526 200 437 
3 114 162 199 
3 114 437 162 
3 114 526 437 
3 349 399 14 
3 526 345 259 
3 526 349 181 
3 427 566 349 
3 566 399 349 
3 526 181 345 
3 349 14 181 
3 526 427 349 
3 258 517 566 
3 427 144 258 
3 545 11 246 
3 237 427 526 
3 296 15 702 
3 237 296 427 
3 237 111 770 
3 296 770 15 
3 296 237 770 
3 296 702 144 
3 15 770 274 
3 545 79 274 
3 258 144 517 
3 274 433 517 
3 702 15 274 
3 11 545 274 
3 751 603 531 
3 399 433 57 
3 545 751 79 
3 566 433 399 
3 566 517 433 
3 399 57 277 
3 433 79 253 
3 57 253 277 
3 57 433 253 
3 79 751 531 
3 266 552 690 
3 246 751 545 
3 246 266 751 
3 771 690 552 
3 603 266 690 
3 732 727 698 
3 253 531 16 
3 96 727 16 
3 69 640 469 
3 654 126 17 
3 745 69 17 
3 69 745 166 
3 126 654 360 
3 727 96 698 
3 96 659 478 
3 698 96 478 
3 16 531 96 
3 94 659 163 
3 96 690 659 
3 698 46 286 
3 653 580 639 
3 264 379 728 
3 647 656 559 
3 571 360 654 
3 191 559 131 
3 83 58 297 
3 360 571 46 
3 17 126 745 
3 744 297 58 
3 17 332 654 
3 17 732 332 
3 360 297 126 
3 639 602 461 
3 126 297 744 
3 39 91 510 
3 360 602 297 
3 639 580 586 
3 213 58 561 
3 537 186 586 
3 561 83 186 
3 297 602 83 
3 213 613 58 
3 58 83 561 
3 512 213 561 
3 166 745 744 
3 716 613 213 
3 548 640 166 
3 613 166 58 
3 640 69 166 
3 732 69 727 
3 732 17 69 
3 548 105 640 
3 278 75 105 
3 293 548 613 
3 293 105 548 
3 683 293 613 
3 683 105 293 
3 218 326 221 
3 616 82 326 
3 714 562 221 
3 562 426 407 
3 77 257 214 
3 591 354 100 
3 49 77 741 
3 257 329 214 
3 329 100 697 
3 591 151 634 
3 257 508 100 
3 171 188 156 
3 100 508 591 
3 257 188 508 
3 591 171 151 
3 508 188 171 
3 188 77 592 
3 265 154 416 
3 77 49 84 
3 257 77 188 
3 214 741 77 
3 390 416 154 
3 329 407 341 
3 741 390 49 
3 741 416 390 
3 522 409 458 
3 562 473 408 
3 434 303 487 
3 408 341 426 
3 265 416 341 
3 341 407 426 
3 329 697 562 
3 329 562 407 
3 218 221 562 
3 714 213 512 
3 714 221 716 
3 714 716 213 
3 221 326 716 
3 512 546 714 
3 473 458 408 
3 546 765 3 
3 3 280 522 
3 765 546 219 
3 282 714 546 
3 510 91 72 
3 546 512 186 
3 243 510 72 
3 243 487 510 
3 280 39 510 
3 765 219 39 
3 134 434 305 
3 243 72 434 
3 3 765 39 
3 3 282 546 
3 280 3 39 
3 473 282 3 
3 434 134 303 
3 409 622 650 
3 473 522 458 
3 473 3 522 
3 458 650 661 
3 622 493 650 
3 458 409 650 
3 543 240 493 
3 280 303 522 
3 543 622 409 
3 543 134 299 
3 303 280 487 
3 409 303 134 
3 409 522 303 
3 299 632 240 
3 299 134 680 
3 287 649 574 
3 632 299 649 
3 134 543 409 
3 299 240 543 
3 574 680 410 
3 574 299 680 
3 134 305 680 
3 434 374 305 
3 192 763 287 
3 649 299 574 
3 305 106 680 
3 662 325 410 
3 106 662 410 
3 579 768 325 
3 197 182 723 
3 579 662 207 
3 723 579 207 
3 287 752 89 
3 118 401 442 
3 768 579 182 
3 423 197 580 
3 423 442 197 
3 197 723 580 
3 207 662 413 
3 537 413 662 
3 723 207 413 
3 91 219 72 
3 537 662 106 
3 39 219 91 
3 586 580 723 
3 546 186 219 
3 83 639 586 
3 344 250 46 
3 423 580 653 
3 602 639 83 
3 461 653 639 
3 219 186 537 
3 186 83 586 
3 72 537 106 
3 586 723 537 
3 250 344 191 
3 46 698 478 
3 94 470 344 
3 94 559 470 
3 461 46 653 
3 571 286 46 
3 659 94 478 
3 163 379 94 
3 255 647 379 
3 642 656 647 
3 656 255 138 
3 642 647 255 
3 191 131 185 
3 559 611 131 
3 436 452 66 
3 294 80 520 
3 611 185 131 
3 572 743 185 
3 470 191 344 
3 463 118 191 
3 46 250 653 
3 191 118 250 
3 453 401 556 
3 442 423 118 
3 185 463 191 
3 743 606 463 
3 376 460 606 
3 556 118 606 
3 743 376 606 
3 679 520 429 
3 229 376 572 
3 429 671 573 
3 185 66 572 
3 21 80 229 
3 248 452 436 
3 467 378 140 
3 62 117 598 
3 229 66 21 
3 117 80 598 
3 467 66 452 
3 229 80 376 
3 21 598 80 
3 668 671 62 
3 520 679 6 
3 748 310 509 
3 1 668 492 
3 737 316 71 
3 1 271 161 
3 347 677 368 
3 161 271 81 
3 492 308 271 
3 467 466 598 
3 308 311 271 
3 308 358 311 
3 1 492 271 
3 668 466 492 
3 598 466 62 
3 467 21 66 
3 307 358 308 
3 152 701 324 
3 311 107 81 
3 311 358 107 
3 318 324 236 
3 107 358 152 
3 152 589 701 
3 68 301 175 
3 652 589 454 
3 518 701 589 
3 307 454 358 
3 454 589 152 
3 358 454 152 
3 337 34 454 
3 337 53 34 
3 337 454 307 
3 337 140 53 
3 307 467 140 
3 492 307 308 
3 492 466 307 
3 598 21 467 
3 495 731 753 
3 753 467 452 
3 307 466 467 
3 611 436 185 
3 138 248 436 
3 248 495 452 
3 731 378 753 
3 138 264 248 
3 404 731 495 
3 728 108 264 
3 108 432 132 
3 452 495 753 
3 248 404 495 
3 108 728 432 
3 728 196 432 
3 132 550 28 
3 432 196 617 
3 550 132 432 
3 34 53 132 
3 731 108 132 
3 404 264 108 
3 112 771 552 
3 196 659 771 
3 617 112 713 
3 617 196 771 
3 370 179 398 
3 713 112 530 
3 103 47 370 
3 629 13 334 
3 396 122 370 
3 122 629 47 
3 398 179 530 
3 47 629 179 
3 550 617 621 
3 550 432 617 
3 617 629 621 
3 667 715 34 
3 13 629 122 
3 334 621 629 
3 370 122 103 
3 304 13 122 
3 13 209 392 
3 498 10 462 
3 153 577 87 
3 742 226 343 
3 209 13 498 
3 392 334 13 
3 462 209 498 
3 462 392 209 
3 392 450 334 
3 392 742 343 
3 450 667 334 
3 715 652 454 
3 621 67 28 
3 667 34 725 
3 667 67 334 
3 725 28 67 
3 450 382 667 
3 50 317 766 
3 621 28 550 
3 725 34 28 
3 667 382 715 
3 343 226 93 
3 382 766 715 
3 317 589 652 
3 507 317 327 
3 652 715 766 
3 703 507 327 
3 50 766 93 
3 70 507 703 
3 720 722 9 
3 720 93 205 
3 226 63 538 
3 50 720 327 
3 50 93 720 
3 450 343 766 
3 450 392 343 
3 652 766 317 
3 382 450 766 
3 577 704 742 
3 538 93 226 
3 577 742 497 
3 63 226 742 
3 63 742 704 
3 497 87 577 
3 20 322 577 
3 322 604 704 
3 29 322 20 
3 29 604 322 
3 704 538 63 
3 369 205 538 
3 720 205 722 
3 93 538 205 
3 9 300 48 
3 722 205 300 
3 29 338 604 
3 29 150 338 
3 9 563 494 
3 9 48 563 
3 300 430 48 
3 300 9 722 
3 494 564 9 
3 5 564 703 
3 494 128 675 
3 327 5 703 
3 9 564 5 
3 451 494 563 
3 177 513 2 
3 587 128 474 
3 675 564 494 
3 587 115 128 
3 672 564 675 
3 128 451 474 
3 7 494 451 
3 128 7 451 
3 128 494 7 
3 507 70 397 
3 703 68 70 
3 68 507 397 
3 589 317 507 
3 701 518 236 
3 589 507 518 
3 107 318 129 
3 175 301 318 
3 301 750 318 
3 129 155 509 
3 236 175 318 
3 236 518 175 
3 68 485 301 
3 68 672 485 
3 389 511 773 
3 773 511 387 
3 730 750 301 
3 301 485 387 
3 24 143 26 
3 129 318 750 
3 81 129 509 
3 750 730 155 
3 81 509 310 
3 748 24 677 
3 511 730 387 
3 26 143 730 
3 481 389 773 
3 26 730 511 
3 481 198 306 
3 481 773 136 
3 306 536 513 
3 198 481 536 
3 2 136 747 
3 536 481 136 
3 136 2 513 
3 747 672 2 
3 65 295 177 
3 663 65 159 
3 2 675 115 
3 159 65 115 
3 641 295 65 
3 65 177 2 
3 295 306 177 
3 422 92 600 
3 677 26 389 
3 483 368 772 
3 368 677 92 
3 25 157 600 
3 772 422 600 
3 772 368 422 
3 483 223 347 
3 157 149 772 
3 174 394 223 
3 677 24 26 
3 24 748 143 
3 511 389 26 
3 481 306 389 
3 155 143 509 
3 155 730 143 
3 585 394 174 
3 509 143 748 
3 164 585 174 
3 161 81 310 
3 394 585 316 
3 164 610 37 
3 748 394 310 
3 223 483 174 
3 748 223 394 
3 748 677 347 
3 483 347 368 
3 223 748 347 
3 411 316 37 
3 585 164 316 
3 130 71 411 
3 737 746 310 
3 403 769 457 
3 746 161 310 
3 164 37 316 
3 749 674 37 
3 472 130 431 
3 71 316 411 
3 172 610 164 
3 596 37 610 
3 596 749 37 
3 149 483 772 
3 30 584 691 
3 626 760 149 
3 626 149 584 
3 596 610 172 
3 483 172 174 
3 483 149 172 
3 59 25 600 
3 658 584 157 
3 193 25 206 
3 193 157 25 
3 774 599 428 
3 710 157 193 
3 710 658 157 
3 361 681 665 
3 658 710 691 
3 665 555 643 
3 658 691 584 
3 583 217 491 
3 372 626 638 
3 635 674 749 
3 638 438 372 
3 30 217 438 
3 583 372 438 
3 412 674 635 
3 584 30 626 
3 30 438 638 
3 626 30 638 
3 691 484 30 
3 217 247 607 
3 665 681 496 
3 247 643 607 
3 247 665 643 
3 643 86 535 
3 643 555 86 
3 291 135 630 
3 630 535 86 
3 135 733 607 
3 535 607 643 
3 535 135 607 
3 448 267 146 
3 217 733 267 
3 733 135 146 
3 535 630 135 
3 270 388 333 
3 270 729 388 
3 388 291 333 
3 388 729 371 
3 270 169 35 
3 333 348 506 
3 388 371 448 
3 244 270 202 
3 270 35 202 
3 169 628 35 
3 244 208 431 
3 168 628 18 
3 729 270 244 
3 35 110 202 
3 448 244 674 
3 371 729 244 
3 760 583 491 
3 438 217 583 
3 372 760 626 
3 372 583 760 
3 149 635 749 
3 760 491 635 
3 491 412 635 
3 491 674 412 
3 666 456 521 
3 456 18 19 
3 78 456 19 
3 18 418 168 
3 414 684 666 
3 363 633 666 
3 262 414 521 
3 415 684 414 
3 262 415 414 
3 262 36 415 
3 169 165 19 
3 165 709 220 
3 85 165 169 
3 490 262 521 
3 333 85 298 
3 506 709 85 
3 85 709 165 
3 506 4 709 
3 348 4 506 
3 220 141 262 
3 262 141 74 
3 490 220 262 
3 709 141 220 
3 78 490 521 
3 78 165 490 
3 74 756 262 
3 475 101 761 
3 597 636 699 
3 597 104 127 
3 262 756 699 
3 98 104 173 
3 127 636 597 
3 230 289 41 
3 695 127 104 
3 101 636 127 
3 646 692 644 
3 695 104 98 
3 405 695 98 
3 323 127 695 
3 323 101 127 
3 323 761 101 
3 636 475 699 
3 761 36 475 
3 415 362 684 
3 36 477 362 
3 761 477 36 
3 328 590 364 
3 290 646 98 
3 590 465 364 
3 98 40 405 
3 241 292 364 
3 40 465 405 
3 40 644 465 
3 468 590 328 
3 465 241 364 
3 292 309 364 
3 231 623 328 
3 633 590 468 
3 477 761 590 
3 373 418 468 
3 761 465 590 
3 684 363 666 
3 477 590 633 
3 362 363 684 
3 362 477 363 
3 169 18 628 
3 456 666 418 
3 110 168 147 
3 35 628 168 
3 202 110 208 
3 35 168 110 
3 457 472 147 
3 457 737 130 
3 457 130 472 
3 737 71 130 
3 623 275 468 
3 147 168 373 
3 633 418 666 
3 633 468 418 
3 769 158 97 
3 275 623 312 
3 147 275 457 
3 373 468 275 
3 275 403 457 
3 275 158 403 
3 457 769 737 
3 1 161 746 
3 737 769 746 
3 403 158 769 
3 769 529 746 
3 769 97 529 
3 671 97 158 
3 671 668 97 
3 158 312 573 
3 117 62 671 
3 679 429 231 
3 671 429 520 
3 6 679 231 
3 294 460 376 
3 573 312 429 
3 158 275 312 
3 443 6 231 
3 762 479 294 
3 328 443 231 
3 440 648 605 
3 117 520 80 
3 117 671 520 
3 80 294 376 
3 520 6 762 
3 479 762 453 
3 294 520 762 
3 556 479 453 
3 460 294 479 
3 8 401 453 
3 64 381 401 
3 64 605 758 
3 534 762 6 
3 64 8 500 
3 453 762 8 
3 762 534 8 
3 534 443 309 
3 309 440 534 
3 500 8 534 
3 648 440 292 
3 605 500 440 
3 328 309 443 
3 292 440 309 
3 605 648 758 
3 292 241 648 
3 251 689 351 
3 268 648 689 
3 689 380 268 
3 689 251 380 
3 648 435 718 
3 268 228 435 
3 648 718 758 
3 435 228 718 
3 235 669 228 
3 64 758 669 
3 228 696 775 
3 228 268 696 
3 775 102 256 
3 775 696 102 
3 249 235 775 
3 228 775 235 
3 391 167 525 
3 167 565 381 
3 22 232 525 
3 565 43 381 
3 678 565 752 
3 391 525 232 
3 752 565 232 
3 167 381 235 
3 678 43 565 
3 32 768 381 
3 669 381 64 
3 669 235 381 
3 768 32 320 
3 381 43 32 
3 401 768 182 
3 211 678 325 
3 320 211 768 
3 678 752 325 
3 320 678 211 
3 320 43 678 
3 579 325 662 
3 768 211 325 
3 721 56 89 
3 192 287 89 
3 22 89 752 
3 22 721 89 
3 687 706 582 
3 724 763 706 
3 724 706 687 
3 632 763 724 
3 632 649 287 
3 325 287 410 
3 763 632 287 
3 706 721 582 
3 706 56 721 
3 167 249 525 
3 425 582 721 
3 655 425 249 
3 775 655 249 
3 256 272 655 
3 655 272 425 
3 256 567 261 
3 524 501 261 
3 256 102 441 
3 759 551 190 
3 567 256 551 
3 759 569 551 
3 588 567 551 
3 261 567 528 
3 187 570 501 
3 272 256 261 
3 570 272 261 
3 425 272 570 
3 544 528 593 
3 528 524 261 
3 476 593 553 
3 593 528 553 
3 553 588 569 
3 528 567 588 
3 476 346 593 
3 581 544 593 
3 210 124 476 
3 384 581 593 
3 516 342 273 
3 210 350 124 
3 421 541 755 
3 210 273 541 
3 553 516 273 
3 12 289 230 
3 476 273 210 
3 476 553 273 
3 670 615 148 
3 419 273 342 
3 569 516 553 
3 569 759 516 
3 670 759 190 
3 342 516 759 
3 256 190 551 
3 441 383 670 
3 256 441 190 
3 102 383 441 
3 696 251 383 
3 148 342 759 
3 419 251 351 
3 615 383 251 
3 383 615 670 
3 251 342 148 
3 670 148 759 
3 615 251 148 
3 351 0 116 
3 194 527 557 
3 449 194 0 
3 449 241 692 
3 644 241 465 
3 449 351 241 
3 40 646 644 
3 194 449 692 
3 98 646 40 
3 692 241 644 
3 557 527 646 
3 194 692 527 
3 557 646 290 
3 527 692 646 
3 116 189 419 
3 116 557 189 
3 0 557 116 
3 290 41 557 
3 273 767 755 
3 189 289 12 
3 755 767 12 
3 273 419 767 
3 421 755 230 
3 142 618 489 
3 476 124 346 
3 98 125 290 
3 125 331 41 
3 290 125 41 
3 173 331 125 
3 331 637 421 
3 608 109 124 
3 541 350 210 
3 124 109 384 
3 489 618 350 
3 608 539 109 
3 359 539 618 
3 350 594 124 
3 594 539 608 
3 124 594 608 
3 618 539 594 
3 350 618 594 
3 637 331 359 
3 705 544 581 
3 581 609 276 
3 276 609 754 
3 109 539 609 
3 124 384 346 
3 109 581 384 
3 581 625 705 
3 581 276 625 
3 173 359 331 
3 618 637 359 
3 142 421 637 
3 618 142 637 
3 489 421 142 
3 375 314 359 
3 756 314 597 
3 699 756 597 
3 74 284 756 
3 74 141 284 
3 709 734 141 
3 496 681 599 
3 459 400 145 
3 614 738 735 
3 738 400 688 
3 484 665 247 
3 484 361 665 
3 555 496 735 
3 555 665 496 
3 335 549 614 
3 688 555 735 
3 691 361 484 
3 424 193 206 
3 428 505 361 
3 599 681 505 
3 735 774 176 
3 599 505 428 
3 717 335 254 
3 614 400 738 
3 33 549 335 
3 145 400 614 
3 176 614 735 
3 549 145 614 
3 206 245 424 
3 395 121 717 
3 710 424 428 
3 710 193 424 
3 424 245 428 
3 254 641 395 
3 295 59 600 
3 641 206 59 
3 774 254 335 
3 254 269 641 
3 65 663 641 
3 269 254 245 
3 395 717 254 
3 206 269 245 
3 206 641 269 
3 717 33 335 
3 145 549 33 
3 711 365 444 
3 2086 1946 3157 
3 1244 3363 954 
3 3499 2035 841 
3 3320 1484 3424 
3 2911 1055 1536 
3 3032 3406 1319 
3 2196 1703 1247 
3 2445 1763 1716 
3 1156 3060 3197 
3 3454 2689 2282 
3 1060 1707 1239 
3 2764 2493 2828 
3 2502 2218 3148 
3 1568 2704 2970 
3 1869 1185 1533 
3 2747 1259 3273 
3 3311 2446 3119 
3 3168 2015 1565 
3 823 2255 1601 
3 1573 1261 1692 
3 1785 1462 1359 
3 2819 2015 2103 
3 2031 2271 3243 
3 3329 3509 1093 
3 2322 2973 1602 
3 2909 2830 2248 
3 1194 935 2727 
3 968 2833 801 
3 1467 1759 2191 
3 1404 1138 3473 
3 1934 2289 979 
3 876 2641 1759 
3 2255 823 2025 
3 2334 1997 1992 
3 1100 3338 1830 
3 2084 1663 1965 
3 2517 1372 2347 
3 914 1587 2806 
3 1482 1432 1711 
3 2096 1140 2291 
3 1503 1130 1755 
3 3324 1162 2725 
3 1567 2561 2012 
3 1470 1971 1293 
3 2125 1936 1846 
3 2254 2534 1932 
3 1864 1195 1330 
3 1352 3426 2903 
3 1495 1685 1032 
3 3256 1272 1535 
3 1286 3044 1336 
3 2502 3148 798 
3 1013 2335 2297 
3 946 1702 2298 
3 2806 3235 878 
3 1345 2001 1488 
3 2355 902 3336 
3 2085 1086 1696 
3 784 2906 1627 
3 2203 1336 1973 
3 3226 921 2047 
3 2563 3128 955 
3 899 863 2773 
3 2802 1682 3372 
3 2244 1581 3436 
3 3461 1062 1237 
3 2091 1802 2702 
3 1438 2598 1615 
3 2854 2312 2962 
3 2982 2141 2093 
3 2939 2141 1062 
3 2586 1810 1741 
3 2875 947 1587 
3 1254 1574 2940 
3 1975 2847 3030 
3 1329 786 3257 
3 3030 2880 1773 
3 1380 2926 3334 
3 1718 2088 1988 
3 2257 1101 1577 
3 1577 3175 2171 
3 797 2081 2186 
3 952 2276 1505 
3 3147 2776 1911 
3 2823 2276 1056 
3 1980 3365 2697 
3 3063 987 2696 
3 1579 2403 1452 
3 1760 3397 1133 
3 2411 2088 1600 
3 2966 2095 3480 
3 3334 1230 1380 
3 2888 3371 828 
3 3332 1545 1558 
3 2714 2487 2492 
3 2077 851 3452 
3 1976 1804 2469 
3 3346 1718 1988 
3 2031 3243 1726 
3 3418 883 2156 
3 920 1471 2568 
3 2901 1875 1036 
3 1726 1385 2031 
3 2680 2219 3064 
3 2055 2175 2207 
3 1991 1708 2317 
3 1935 3131 1975 
3 3244 851 1250 
3 2197 851 1907 
3 1018 3169 1549 
3 2077 1205 2530 
3 2975 1710 2965 
3 1083 1233 3393 
3 807 2867 3360 
3 1018 977 3131 
3 1216 2572 1746 
3 2055 3283 2175 
3 2835 1483 2657 
3 1771 1689 2495 
3 1396 3351 2146 
3 1658 3387 2009 
3 3012 1608 945 
3 1611 3108 3431 
3 3376 2886 2138 
3 1871 1353 1793 
3 3012 841 1608 
3 2035 1487 841 
3 2784 1635 2248 
3 2490 2795 2425 
3 788 3218 1320 
3 2177 1471 1643 
3 894 3112 1393 
3 2678 2027 1192 
3 2523 3027 1901 
3 2177 1643 3035 
3 2369 1267 2791 
3 2694 2009 2432 
3 1664 894 1563 
3 3247 3274 1564 
3 3058 1890 1444 
3 2824 3247 2698 
3 2698 3058 1444 
3 3058 1209 1297 
3 2212 3392 2306 
3 2262 2661 1297 
3 1513 3445 2894 
3 3481 1652 2573 
3 2738 2571 1603 
3 1960 1579 3304 
3 2331 2048 2523 
3 1435 3304 1871 
3 3107 2921 981 
3 2679 993 1803 
3 2388 3107 2478 
3 1934 979 1516 
3 1275 2590 1299 
3 3329 1547 1713 
3 1997 2334 2528 
3 2977 1434 1334 
3 2550 1889 2356 
3 1960 2778 1579 
3 1736 2808 935 
3 1320 2827 1269 
3 2083 821 1296 
3 1927 2284 2367 
3 1940 2245 3134 
3 1642 2021 1388 
3 1845 1961 1624 
3 1122 1211 909 
3 3240 1852 2997 
3 3130 798 2983 
3 1378 2291 2581 
3 972 2636 1212 
3 3145 1019 882 
3 3217 3485 992 
3 2184 990 2658 
3 1378 1893 2816 
3 2825 1057 1527 
3 1634 2596 3022 
3 2658 990 3182 
3 1256 2136 3174 
3 3217 2945 3004 
3 2269 1554 1032 
3 2144 1685 2453 
3 2082 2533 2288 
3 3120 1260 1495 
3 2640 1260 3250 
3 1433 2804 3479 
3 1032 1554 3120 
3 1639 1629 1026 
3 1926 1414 2232 
3 3391 1588 2491 
3 3469 1266 3174 
3 1748 1057 3090 
3 2137 3018 2371 
3 2106 1373 2314 
3 3502 2651 1008 
3 2535 3292 3378 
3 3386 908 1129 
3 867 1916 2301 
3 1895 2272 1859 
3 1895 2327 2535 
3 1066 3476 1235 
3 2254 1932 1196 
3 862 3097 1783 
3 1987 2546 2249 
3 3194 1094 964 
3 1189 2980 2988 
3 2400 2706 2681 
3 1006 1070 2448 
3 992 2136 3224 
3 2450 1932 2534 
3 1840 1551 2780 
3 903 2724 1345 
3 800 3194 2643 
3 1156 3197 2837 
3 1160 1187 964 
3 1187 2643 3194 
3 1166 2370 996 
3 1683 808 1144 
3 1805 942 1391 
3 1189 1482 3051 
3 1915 2807 1780 
3 1427 3475 1145 
3 2859 3139 2660 
3 2783 1830 3338 
3 1454 3061 3146 
3 1403 3338 1280 
3 3104 1956 1129 
3 1815 2693 3302 
3 2358 1379 1270 
3 3321 2709 2594 
3 1631 2471 1430 
3 2319 2039 1420 
3 2631 2345 2025 
3 1252 2356 1005 
3 1252 1606 2356 
3 1954 2181 1430 
3 2735 1589 2608 
3 1475 3048 1948 
3 1501 1383 1822 
3 1947 2668 3252 
3 3168 2131 1946 
3 1101 3175 1577 
3 2582 2240 3286 
3 1249 2373 3488 
3 1451 2020 1866 
3 3280 1337 1561 
3 891 2020 1046 
3 1534 2710 1323 
3 3176 1675 1489 
3 1497 1217 1696 
3 2462 1761 1451 
3 3497 2253 2166 
3 2913 1761 3318 
3 900 1284 1620 
3 1657 1364 1993 
3 3364 1597 1415 
3 2797 1151 2772 
3 2294 2123 1479 
3 3159 3127 3490 
3 1178 1604 2338 
3 1178 2392 1604 
3 2692 1604 2392 
3 2392 1572 2692 
3 1541 2214 2481 
3 1007 2214 2597 
3 1337 3280 2866 
3 1526 2987 1063 
3 2692 1572 3384 
3 2364 1504 2963 
3 1649 2242 2260 
3 1316 1086 2085 
3 2355 1905 902 
3 3114 2782 1316 
3 2691 2333 1305 
3 2934 2725 2552 
3 2378 3002 3463 
3 1224 1478 1902 
3 2164 934 3212 
3 1413 1838 2761 
3 1286 2316 832 
3 2853 832 2413 
3 2101 3439 3361 
3 1368 2664 816 
3 3125 1810 1599 
3 1159 2986 2881 
3 2920 2603 2310 
3 1387 2265 2732 
3 1919 3507 1019 
3 2127 959 3440 
3 2133 2366 2548 
3 2235 1461 1728 
3 3135 1283 2407 
3 2875 1970 947 
3 3068 1852 1824 
3 2185 1521 2360 
3 2499 1024 2226 
3 3020 2893 2063 
3 3235 1735 878 
3 2464 1126 1560 
3 1610 3082 1797 
3 2438 1332 2946 
3 2796 2547 3185 
3 1131 1048 1276 
3 816 2599 1368 
3 1533 1185 1697 
3 1832 1463 2468 
3 916 3238 3271 
3 1531 1108 3308 
3 2998 877 2402 
3 1186 3095 2472 
3 1157 2676 2717 
3 2472 2840 1700 
3 1422 916 2281 
3 3212 3362 2164 
3 2229 2211 2765 
3 2313 3227 1929 
3 1677 777 1682 
3 1098 1788 3354 
3 1877 3384 1572 
3 886 2948 2971 
3 2294 1752 2123 
3 2120 1802 3099 
3 1697 885 1533 
3 3356 3075 1528 
3 3461 1891 1062 
3 3151 1262 3150 
3 1201 2372 2270 
3 2305 3095 3165 
3 1733 1858 2522 
3 2013 2189 2202 
3 2166 2253 1273 
3 2115 1791 3487 
3 2970 3240 2006 
3 1254 2940 2097 
3 1238 2407 3367 
3 2470 1989 957 
3 2774 3068 1633 
3 3182 909 2658 
3 2940 1852 2704 
3 1670 2940 2704 
3 3223 2514 1920 
3 1409 2601 1071 
3 2411 2357 824 
3 2118 1014 952 
3 2556 879 3450 
3 2743 1071 1719 
3 3403 797 2186 
3 1480 997 3161 
3 1836 3268 2926 
3 943 3257 3033 
3 2095 1230 3424 
3 1380 919 1545 
3 1004 2775 2696 
3 3424 1230 2775 
3 1480 3403 997 
3 3320 3424 2775 
3 2616 3205 1912 
3 1480 3161 2776 
3 1214 2081 1607 
3 3423 2109 1014 
3 1607 2081 797 
3 2846 3175 1056 
3 1990 797 2668 
3 797 3252 2668 
3 2743 1719 2578 
3 2023 2079 2614 
3 2557 2151 2023 
3 2023 2614 2557 
3 2094 797 2614 
3 1585 2526 1522 
3 2094 2614 2079 
3 2819 2103 1835 
3 2876 1585 1214 
3 1408 1592 1522 
3 1753 1214 2587 
3 2384 2376 3021 
3 1607 797 2094 
3 3406 2518 1319 
3 1966 1570 1139 
3 2208 1796 1501 
3 1585 3021 1112 
3 1948 3157 1946 
3 1435 1322 1960 
3 1177 2735 3181 
3 1510 1946 1630 
3 3304 2551 1871 
3 1793 2933 1825 
3 1630 1981 2070 
3 2474 1951 1208 
3 1596 3187 3199 
3 2273 2778 1960 
3 2237 3380 1705 
3 1516 979 1868 
3 3380 3042 1705 
3 2687 2319 1868 
3 2273 1960 1322 
3 2273 1803 1069 
3 2769 2921 1514 
3 2551 2070 1871 
3 2403 2261 1452 
3 1977 2858 2590 
3 2403 1758 3298 
3 979 2289 1868 
3 3267 1252 1622 
3 1889 2536 1005 
3 3116 2262 2972 
3 1393 1206 1851 
3 925 2262 2238 
3 2858 3211 2289 
3 1652 1275 2155 
3 1402 1245 2018 
3 1452 981 2921 
3 3027 1314 2571 
3 2219 1570 1514 
3 3243 2497 1726 
3 2279 2573 2155 
3 1091 2155 1851 
3 1571 813 2964 
3 813 1570 2697 
3 1912 3205 1524 
3 2964 2697 3365 
3 2376 1789 896 
3 2124 1511 1247 
3 2124 2944 3149 
3 3149 1524 2124 
3 2485 2966 3460 
3 1703 2944 1247 
3 2410 2363 2845 
3 3313 1847 3365 
3 1380 1230 2492 
3 2714 2492 1230 
3 1295 2888 1545 
3 1991 2317 2880 
3 1304 2410 2845 
3 1443 3154 1261 
3 1603 2279 2018 
3 2369 1385 1726 
3 1584 2460 2430 
3 1315 2435 915 
3 2497 1594 2331 
3 2435 2042 1247 
3 905 2042 2730 
3 1594 2497 3243 
3 853 2343 1883 
3 2188 1883 1393 
3 2279 1091 2018 
3 1275 1652 3481 
3 1206 1245 1851 
3 1851 994 1563 
3 1563 894 1393 
3 2188 3335 853 
3 1826 2343 2303 
3 2188 1393 3112 
3 2343 2673 1883 
3 1206 1393 1883 
3 3027 1955 1040 
3 2279 3107 2573 
3 1115 929 1643 
3 929 1955 2738 
3 1232 2139 1714 
3 2936 2673 2343 
3 1715 1513 2343 
3 3035 2936 3457 
3 3409 1000 2973 
3 1658 2540 858 
3 2393 2907 2894 
3 1715 3445 1513 
3 1714 2568 1694 
3 920 2695 1952 
3 1952 1115 920 
3 2936 3035 1643 
3 1115 3494 3355 
3 929 1115 1040 
3 1643 920 1115 
3 2146 2031 1385 
3 1396 2433 2455 
3 1584 3039 3219 
3 3283 2055 3388 
3 826 2850 1706 
3 2222 2048 3017 
3 3039 826 1105 
3 1706 2850 1119 
3 2958 1359 2308 
3 2750 2880 2317 
3 2880 2788 1773 
3 3043 3169 1935 
3 2197 3452 851 
3 1983 1982 1831 
3 1558 1848 1459 
3 3244 1250 3030 
3 1708 1991 3493 
3 3332 1380 1545 
3 1848 907 1978 
3 1545 1848 1558 
3 1545 919 1295 
3 919 1380 2492 
3 1983 1831 3346 
3 1078 3344 1380 
3 2926 1380 3344 
3 1836 3306 1439 
3 1799 3344 3306 
3 2411 1836 2088 
3 2924 3344 1078 
3 1988 1983 3346 
3 2924 3306 3344 
3 1831 1982 3332 
3 1983 1439 2924 
3 851 1710 2340 
3 1718 3038 2088 
3 1976 2469 837 
3 1083 1018 1233 
3 1794 2329 973 
3 2984 1052 2981 
3 857 2867 807 
3 805 2785 2102 
3 2200 805 2929 
3 2929 1012 2104 
3 1794 2200 2104 
3 1483 2835 2958 
3 2821 3203 1312 
3 1324 2461 2835 
3 1462 3449 2427 
3 3458 1573 2308 
3 3010 1770 857 
3 1774 3278 1646 
3 1517 2657 1483 
3 857 1770 2549 
3 2574 2278 1963 
3 1894 3418 1770 
3 2549 2867 857 
3 1496 857 3152 
3 973 3010 857 
3 2433 2989 2455 
3 2800 1553 2027 
3 1553 2818 2455 
3 3300 2695 2027 
3 1192 2139 1232 
3 2695 3300 1952 
3 1232 1714 3389 
3 2153 2177 2343 
3 2073 3426 1352 
3 1961 1845 2038 
3 2903 793 2110 
3 2577 1172 1624 
3 3012 945 1172 
3 1274 2067 2038 
3 2737 1494 3274 
3 3387 2126 2009 
3 2824 2054 3247 
3 1494 2973 3387 
3 2210 1154 2525 
3 2210 1444 1890 
3 3216 3191 1635 
3 2054 2824 2525 
3 2824 2210 2525 
3 1890 3385 2116 
3 2974 1041 2490 
3 1154 2210 1890 
3 2262 3214 2972 
3 2694 1209 2540 
3 1320 2425 1591 
3 1635 3191 2425 
3 2795 1092 1346 
3 2425 2795 1591 
3 2830 1819 1114 
3 2588 1819 2830 
3 3431 3134 2245 
3 2684 2326 3218 
3 1339 1114 1819 
3 3094 2230 2248 
3 2035 1339 1487 
3 3363 945 1301 
3 3094 1114 1339 
3 1624 1172 2792 
3 2577 3012 1172 
3 1027 2558 2977 
3 1487 2163 841 
3 954 2114 1244 
3 3363 2128 945 
3 2269 1999 1609 
3 2707 2114 821 
3 1477 2747 2288 
3 1296 2114 954 
3 3237 3314 2993 
3 1940 3134 893 
3 2884 1424 2747 
3 2152 1611 2245 
3 1940 2993 2245 
3 1487 1301 2163 
3 3329 1341 3509 
3 1622 3101 1219 
3 802 3472 1124 
3 1092 1341 1346 
3 3385 1023 2795 
3 1637 3509 1092 
3 884 962 3046 
3 1124 1093 1637 
3 1318 1934 1516 
3 884 1010 962 
3 1637 802 1124 
3 3376 2238 962 
3 1124 3496 1547 
3 3509 1637 1093 
3 935 2808 2727 
3 1736 2533 2082 
3 3101 1622 1801 
3 2618 2960 1194 
3 3267 3456 1252 
3 2405 795 1801 
3 1596 790 3187 
3 3132 930 3422 
3 1530 1321 3170 
3 2848 1631 866 
3 1737 1194 2960 
3 2727 2870 1331 
3 1737 935 1194 
3 2330 1727 935 
3 809 1016 849 
3 948 1936 2012 
3 2960 2618 1743 
3 1736 2480 2533 
3 1727 1736 935 
3 2533 3464 2288 
3 1477 2288 3464 
3 3314 953 2993 
3 1898 1127 2686 
3 1296 821 2114 
3 2341 1300 3183 
3 1174 3034 1193 
3 3183 3250 1506 
3 2341 1253 1202 
3 1685 1495 781 
3 1685 791 1032 
3 1639 1026 791 
3 3083 2504 2269 
3 869 2610 3469 
3 2560 1854 2861 
3 2504 2805 2700 
3 1843 2110 793 
3 1720 2073 2350 
3 2833 2805 3288 
3 2098 1926 3288 
3 2900 2896 2439 
3 2110 1843 3288 
3 2560 793 2605 
3 1843 2833 3288 
3 2833 968 2700 
3 1193 3034 988 
3 1999 2700 968 
3 1296 3201 2083 
3 3201 1506 2236 
3 2367 1552 3210 
3 1552 2114 2707 
3 2228 2967 1854 
3 1173 3195 2064 
3 2078 3258 2377 
3 801 2560 968 
3 2377 3426 1720 
3 2377 793 3426 
3 2896 2903 2439 
3 3426 793 2903 
3 1228 1559 3022 
3 3473 1138 2224 
3 1559 1308 1867 
3 2690 1079 2521 
3 3233 3223 1920 
3 3138 2665 1325 
3 1661 1228 2665 
3 1559 1228 1661 
3 1111 2387 2820 
3 1015 2387 1111 
3 1634 3022 2459 
3 1918 1123 2899 
3 3473 3018 2406 
3 1123 1918 3140 
3 3195 2954 2064 
3 2851 2137 1425 
3 3195 2501 2954 
3 2945 2137 3451 
3 1038 3195 3451 
3 2459 1559 2224 
3 1122 2457 1211 
3 2521 1079 2983 
3 1634 2459 2224 
3 2087 2992 812 
3 2806 947 3235 
3 1243 947 1970 
3 2806 1587 947 
3 3182 2820 909 
3 2916 798 3130 
3 3142 1666 2121 
3 2293 1817 2113 
3 3301 2994 2681 
3 3277 1074 1361 
3 3222 2476 1654 
3 972 1212 1855 
3 1357 1343 1855 
3 3020 2063 1031 
3 2636 873 3143 
3 3277 1361 3222 
3 995 3373 1648 
3 1345 2724 2001 
3 1013 1546 2335 
3 3421 873 1654 
3 2419 1544 1358 
3 2752 2428 2304 
3 1648 3373 2335 
3 2297 1358 2391 
3 2419 1910 1544 
3 2011 2400 3407 
3 1103 2476 2739 
3 897 3113 1751 
3 2180 3379 2286 
3 2121 3241 3207 
3 2925 1378 3407 
3 956 2342 928 
3 3142 2925 3407 
3 1893 2898 1548 
3 3239 2508 1755 
3 2043 1152 1687 
3 1653 1783 1519 
3 2508 3401 3142 
3 2096 2291 3401 
3 2581 1257 1397 
3 1503 1755 3495 
3 3241 1527 3207 
3 2623 1082 2129 
3 2137 2851 2457 
3 917 897 1082 
3 2825 3102 1090 
3 872 2176 2293 
3 990 2184 3333 
3 3451 2158 2443 
3 1211 1751 2658 
3 3473 2406 1404 
3 3018 2137 3427 
3 3013 956 2002 
3 1211 2658 909 
3 3090 1425 2491 
3 2002 1211 2851 
3 1588 1110 2491 
3 1892 3485 3217 
3 3343 2607 2877 
3 1527 1057 1748 
3 912 1087 3163 
3 3241 2129 1527 
3 1986 3174 2136 
3 2953 2539 3026 
3 2157 1256 3174 
3 3224 2136 1256 
3 2872 3469 3174 
3 3391 992 912 
3 2610 1022 1925 
3 1425 3217 2491 
3 1400 1061 1887 
3 2947 1613 3343 
3 2144 1639 791 
3 1685 781 2453 
3 1846 1887 1142 
3 1790 781 2686 
3 1857 2632 843 
3 1878 1957 1896 
3 1882 1433 2505 
3 1310 1639 1400 
3 1665 3479 1792 
3 2106 1763 3378 
3 1618 3269 1165 
3 3026 2539 1272 
3 1665 2505 1433 
3 924 2314 2941 
3 2272 2943 868 
3 3122 1763 2445 
3 3220 1745 3123 
3 2249 1180 1969 
3 1859 3066 2629 
3 2301 1017 1466 
3 868 2561 2056 
3 1745 2604 3316 
3 2895 3412 825 
3 1566 2624 1711 
3 1410 1456 1711 
3 2914 825 2249 
3 3328 836 1932 
3 3232 2314 1373 
3 3232 3383 2314 
3 1196 3232 1456 
3 834 1279 2931 
3 2106 3292 3358 
3 971 3081 936 
3 3269 1618 3189 
3 2121 3207 1578 
3 3163 3370 912 
3 1223 1006 1985 
3 1613 2947 1087 
3 2450 1223 3328 
3 3495 3272 1503 
3 1196 2674 3501 
3 3029 2019 1578 
3 2915 838 3014 
3 1155 1807 2446 
3 1908 1783 1653 
3 1807 806 1519 
3 1908 3014 2763 
3 2515 838 2254 
3 2280 3232 1196 
3 1235 3476 2249 
3 3056 2515 2554 
3 2674 1432 1995 
3 1196 1456 1410 
3 1066 2324 3476 
3 3501 2254 1196 
3 838 2318 2534 
3 3051 2624 2546 
3 1456 1373 1066 
3 1235 2249 2546 
3 825 938 2895 
3 2895 3410 1180 
3 1987 2705 2546 
3 1833 2546 2705 
3 3446 2192 2705 
3 2624 1235 2546 
3 1482 1711 3051 
3 1432 1410 1711 
3 2790 860 1432 
3 2829 2763 3014 
3 845 2625 1187 
3 862 2004 845 
3 1704 2798 2300 
3 2215 2179 1464 
3 3337 2204 991 
3 2004 2625 845 
3 2585 2721 3086 
3 3097 1160 1191 
3 1140 2454 1257 
3 1187 3194 964 
3 1962 2625 1113 
3 3097 1191 1783 
3 964 1094 1191 
3 1962 2643 1187 
3 1161 2075 2507 
3 1893 1688 1544 
3 3208 2454 1161 
3 2902 1923 918 
3 3265 1933 2061 
3 1327 3197 3060 
3 1282 2643 2837 
3 1749 965 2024 
3 961 2204 1636 
3 800 1886 1507 
3 1391 3060 1805 
3 808 991 2368 
3 2391 2752 2297 
3 2361 1395 2143 
3 3440 959 2074 
3 2304 2361 1013 
3 2143 2555 2133 
3 2297 2752 1013 
3 2194 1933 1445 
3 966 2359 2231 
3 1641 951 2378 
3 3172 2206 996 
3 2266 2251 2274 
3 3463 3002 2399 
3 2201 1464 2179 
3 3337 1749 2670 
3 1827 2201 2807 
3 3377 1033 951 
3 2807 2201 1780 
3 2300 804 1704 
3 1917 1033 1263 
3 2415 2274 2080 
3 2370 854 1979 
3 2195 3414 1979 
3 1915 3327 2205 
3 1179 1363 3297 
3 2223 2494 1132 
3 3381 2891 2182 
3 2148 2628 2709 
3 1830 1508 1362 
3 2513 2528 2649 
3 2334 3098 2528 
3 2046 908 1278 
3 1862 1997 2528 
3 2223 2172 2720 
3 904 1971 2811 
3 2904 1466 1363 
3 1129 908 2660 
3 2072 2301 1466 
3 2346 1956 3297 
3 867 3349 1916 
3 3104 1129 3139 
3 1956 3386 1129 
3 1053 3302 780 
3 1215 2125 3291 
3 1878 2756 1278 
3 1823 2859 1865 
3 2660 908 2046 
3 2859 2660 2323 
3 1053 780 2891 
3 2891 1930 1053 
3 2193 1367 2613 
3 2323 2046 2693 
3 780 2182 2891 
3 3453 2634 2662 
3 1278 908 3502 
3 2193 1016 1231 
3 3453 1142 1887 
3 1727 2600 1532 
3 2358 2908 1814 
3 2480 1727 1467 
3 1379 1467 1532 
3 3024 1814 2621 
3 2613 3471 1619 
3 1530 2181 1954 
3 1631 2345 866 
3 1530 3166 2181 
3 3353 2803 3166 
3 2891 2848 1943 
3 2803 2181 3166 
3 2345 2631 2671 
3 2793 2891 1943 
3 1136 1280 2584 
3 3404 2307 1107 
3 3133 2649 871 
3 2025 1904 2255 
3 2237 3072 3380 
3 823 2713 2594 
3 1530 3170 2961 
3 1904 2345 3353 
3 2199 2190 1116 
3 2022 1107 2339 
3 2190 3474 1116 
3 1946 1510 3168 
3 2131 1680 2100 
3 2145 833 3144 
3 2131 2100 3503 
3 3157 1948 3048 
3 3037 1429 2420 
3 2396 1638 2401 
3 1849 3070 1291 
3 2105 1264 1106 
3 1353 3395 2933 
3 2339 1669 1828 
3 2444 1198 1850 
3 1775 3270 2149 
3 794 2569 1429 
3 2498 1663 3321 
3 2783 1508 1830 
3 794 2217 2569 
3 1828 1669 794 
3 2307 3404 1428 
3 2209 1001 1431 
3 1809 3408 3105 
3 2416 3430 2045 
3 2233 2587 1146 
3 1390 2094 1146 
3 2449 1809 2609 
3 3309 2864 2145 
3 2609 1809 3105 
3 2609 2149 3146 
3 2749 1680 1903 
3 2815 3498 2149 
3 1565 1303 1177 
3 2416 2045 2754 
3 2285 3293 2735 
3 1501 3062 1383 
3 3486 2608 3062 
3 1589 3293 1822 
3 2565 2049 1251 
3 2134 2598 3506 
3 1417 2991 1953 
3 2417 3221 1950 
3 2117 3488 2373 
3 2580 1724 2258 
3 1489 1675 2987 
3 2755 1065 3111 
3 2389 1064 922 
3 2541 2722 1064 
3 1900 3510 1415 
3 910 1798 3364 
3 2839 3290 3315 
3 1597 2246 1415 
3 839 818 3413 
3 1900 1620 3317 
3 839 3413 2246 
3 3413 1009 969 
3 891 1046 2390 
3 2467 2296 817 
3 900 1620 1861 
3 1167 3510 2538 
3 3213 1441 1436 
3 1273 1738 1436 
3 910 3364 2538 
3 1441 783 1436 
3 1063 2017 1526 
3 1184 1436 783 
3 1526 3249 2987 
3 3176 3111 1065 
3 1944 1583 1371 
3 1504 1874 2963 
3 817 2020 1451 
3 1389 1772 1474 
3 3368 2862 2290 
3 2691 3455 3084 
3 2290 3067 1305 
3 1337 2167 1998 
3 3053 1451 1389 
3 2770 1512 3092 
3 3078 3176 1489 
3 3078 3053 3176 
3 3325 1526 1441 
3 1046 2020 817 
3 3249 3078 1489 
3 2736 817 3053 
3 3415 2854 2268 
3 1364 1866 2020 
3 865 2939 2312 
3 1372 2311 1405 
3 2938 2622 1062 
3 1691 2838 1811 
3 1502 1500 1542 
3 2633 2962 3156 
3 3089 2838 1747 
3 3156 2962 1660 
3 2962 2312 1811 
3 1178 1572 2392 
3 3008 3009 2744 
3 2161 1044 3400 
3 1721 3110 2053 
3 3099 1581 2647 
3 3340 2772 1542 
3 3089 1047 1342 
3 1747 3295 2437 
3 3400 3040 3347 
3 880 2883 2493 
3 3040 3255 3347 
3 3099 2828 2883 
3 2320 1942 1002 
3 2878 1222 1151 
3 1972 1298 1002 
3 2597 2760 1222 
3 3159 1972 3127 
3 1945 3280 2481 
3 2481 3280 1541 
3 3394 2719 3100 
3 1695 852 934 
3 1401 2076 1234 
3 2382 1068 931 
3 2434 3184 941 
3 1288 934 2167 
3 2866 3280 1695 
3 1401 3361 2076 
3 934 852 1598 
3 852 2404 1598 
3 3394 2928 1182 
3 1099 2216 859 
3 3198 2589 2691 
3 1682 2008 1469 
3 3454 1672 2689 
3 1902 1377 3462 
3 2892 3073 2302 
3 3462 3229 1672 
3 2071 2968 1333 
3 2071 2689 3229 
3 1649 3084 2242 
3 3361 1717 2076 
3 3455 2589 2996 
3 2164 1067 1998 
3 1717 3455 2996 
3 2412 2325 2408 
3 1360 2644 1384 
3 3368 1534 1874 
3 2333 2691 1534 
3 2287 1335 2408 
3 3202 1360 2849 
3 2849 2032 1679 
3 2050 3506 2032 
3 3326 1679 2598 
3 2032 2598 1679 
3 2644 1360 1881 
3 1384 1707 3052 
3 1360 1384 2032 
3 3281 3229 3462 
3 3506 2240 2134 
3 2071 1333 1575 
3 2032 3506 2598 
3 3052 1707 1556 
3 3234 3326 1438 
3 985 2134 3193 
3 1413 1386 779 
3 2441 2761 1838 
3 779 2134 1994 
3 2441 1838 2225 
3 2761 1386 1413 
3 1979 2251 2370 
3 937 1226 3266 
3 2134 779 3193 
3 937 3266 2853 
3 2582 975 3443 
3 2935 3506 3052 
3 2582 3286 975 
3 3052 2050 1384 
3 3443 1226 937 
3 2309 1333 2968 
3 1840 3118 1551 
3 2934 940 2725 
3 1820 2112 1550 
3 2937 2206 2274 
3 1820 1392 2667 
3 2173 2251 1979 
3 2853 2426 832 
3 1387 2732 1905 
3 2780 2442 960 
3 1551 3117 2074 
3 2361 1820 2646 
3 2361 2112 1820 
3 1045 1880 1576 
3 3440 2074 1625 
3 1885 1509 3261 
3 902 1905 2732 
3 2855 2728 2316 
3 1625 2074 1039 
3 3266 2426 2853 
3 1039 2074 3117 
3 3044 1286 2010 
3 2316 3126 2855 
3 1336 3372 2919 
3 2802 1902 1478 
3 1401 2519 2066 
3 933 1973 859 
3 1481 1876 3294 
3 1525 887 3394 
3 1659 2928 3394 
3 2108 1077 1213 
3 1290 2379 933 
3 2066 2216 1401 
3 2328 1769 1290 
3 2226 1880 1045 
3 1690 2503 1880 
3 1460 2999 3276 
3 2659 864 3196 
3 1421 1197 1928 
3 1876 1481 2418 
3 3428 2928 1659 
3 1159 1610 2986 
3 1126 1221 3006 
3 2986 1460 3276 
3 1340 1876 1560 
3 2881 2986 1728 
3 2653 1690 1880 
3 1490 3082 3484 
3 2603 1034 2310 
3 827 1348 2298 
3 1490 1134 3082 
3 1159 2496 827 
3 1490 2447 1134 
3 2355 1134 2447 
3 1797 2603 2920 
3 3507 1919 881 
3 1309 2366 2355 
3 2143 3482 2555 
3 3260 2932 3124 
3 2099 881 1348 
3 1968 946 2298 
3 2630 2995 1195 
3 1488 1309 3071 
3 3366 2456 1095 
3 1195 3145 882 
3 3444 3289 2488 
3 882 1019 1816 
3 1888 2946 2787 
3 2496 1348 827 
3 2060 2488 3289 
3 3028 1810 2380 
3 882 1330 1195 
3 3444 1095 2456 
3 1031 2063 1870 
3 3289 3284 3028 
3 2630 2905 1884 
3 2905 2488 2060 
3 2360 1599 1888 
3 1810 2586 1599 
3 2380 1265 1238 
3 1442 1599 983 
3 1242 2395 1562 
3 2799 2407 1238 
3 2871 3487 1732 
3 847 1599 2360 
3 2865 2360 1888 
3 1521 847 2360 
3 2586 1888 1599 
3 2787 2865 1888 
3 2917 2211 2229 
3 2321 1457 3011 
3 2659 3196 3206 
3 3276 2235 1728 
3 2871 1732 3153 
3 2185 2360 2865 
3 2034 2229 1399 
3 898 2332 2765 
3 1399 2765 2332 
3 2169 898 2765 
3 2659 3206 1399 
3 1128 3005 2786 
3 1236 3263 1832 
3 3303 1197 2477 
3 1472 3263 2239 
3 898 1076 2796 
3 2946 2321 3011 
3 3080 2712 1076 
3 2211 2917 2712 
3 1560 814 2464 
3 2887 3350 1011 
3 3011 2787 2946 
3 1381 963 2235 
3 2777 1221 2887 
3 2475 1176 1168 
3 3350 2887 3303 
3 1197 2422 2477 
3 1248 2648 2170 
3 3359 3087 1929 
3 2475 2957 1176 
3 2786 1779 3425 
3 1779 2786 1168 
3 2140 2559 1306 
3 1538 2786 3425 
3 1463 1276 3238 
3 1832 2758 3425 
3 1784 1128 1538 
3 3231 2353 1128 
3 1538 3425 1784 
3 1258 1128 1784 
3 3231 3180 2353 
3 1258 1472 3231 
3 2140 2648 2559 
3 3155 864 1218 
3 2315 980 3405 
3 1768 1368 1171 
3 1258 1784 2758 
3 2773 1686 2701 
3 1700 1959 3003 
3 3003 1035 811 
3 2595 3167 1422 
3 1394 2591 1697 
3 1463 3238 1246 
3 1463 1131 1276 
3 1276 2281 3271 
3 3264 1168 2281 
3 2522 1858 2348 
3 3096 1757 3390 
3 3228 3331 3342 
3 3173 3312 1213 
3 2348 1201 3049 
3 3438 3065 2270 
3 1394 3049 1201 
3 1697 2591 3165 
3 1744 2510 2259 
3 799 1593 2398 
3 3492 2542 3282 
3 2615 1869 3492 
3 2431 1924 2466 
3 2567 1813 1590 
3 1277 3110 2036 
3 1350 1922 819 
3 2386 2843 2702 
3 2510 1744 2906 
3 3442 2635 2869 
3 2243 3282 2542 
3 2703 2762 1531 
3 2762 2717 1531 
3 916 1246 3238 
3 3308 2344 1213 
3 852 1241 2150 
3 3308 1108 2344 
3 3428 1182 2928 
3 3489 3227 3254 
3 1540 1326 2723 
3 3382 1659 3394 
3 3227 3489 3354 
3 2150 2014 3254 
3 1326 1096 1582 
3 822 2922 2567 
3 2638 1913 3312 
3 2638 3312 3173 
3 2299 3466 1007 
3 2843 1229 2948 
3 2320 1964 1942 
3 2108 1873 1077 
3 2299 3490 3322 
3 2866 1695 934 
3 3399 1200 2524 
3 3382 2404 1659 
3 852 2150 2404 
3 2250 3490 3478 
3 2751 1873 1098 
3 3127 3136 2874 
3 2874 1964 3478 
3 1795 1837 1163 
3 932 1418 2161 
3 1287 1972 3159 
3 3109 1906 2385 
3 1002 1298 1344 
3 1972 1287 944 
3 1913 2563 3041 
3 1344 1298 2385 
3 2431 2466 1328 
3 2869 2635 3192 
3 2948 2702 2843 
3 1163 820 2091 
3 3019 799 3436 
3 2771 1328 2053 
3 3255 2828 3099 
3 1581 3110 2647 
3 2247 3150 3295 
3 2059 1262 1473 
3 3019 2059 2111 
3 3436 799 2771 
3 3019 2111 799 
3 2748 3435 3438 
3 2781 3096 1725 
3 782 1757 3096 
3 3390 1473 3096 
3 1617 2270 3065 
3 2781 1029 3438 
3 2270 2013 1201 
3 1201 2013 1394 
3 2348 2372 1201 
3 2348 2998 2372 
3 1651 2655 3007 
3 1651 2189 2655 
3 1447 1369 2840 
3 2013 2270 1617 
3 1853 2655 3065 
3 3164 3065 1029 
3 3007 2655 2746 
3 1399 2229 2765 
3 3153 1732 1521 
3 3487 1791 1732 
3 2115 998 1791 
3 2473 998 2115 
3 3047 1670 1568 
3 3047 1568 1183 
3 2097 2940 1670 
3 1852 3240 2970 
3 1670 2704 1568 
3 1920 2514 2690 
3 957 1486 2940 
3 2277 1852 2940 
3 1574 957 2940 
3 1486 2566 2277 
3 1486 2277 2940 
3 1486 1989 2566 
3 2470 2107 1989 
3 1616 3055 2218 
3 3398 2990 2470 
3 1989 1486 957 
3 2990 2479 2107 
3 2479 2087 2107 
3 1574 2470 957 
3 1574 3398 2470 
3 2087 2479 2992 
3 1302 812 2992 
3 1989 2107 2087 
3 2218 2675 1616 
3 2992 2521 3148 
3 2502 798 3074 
3 2983 1079 2868 
3 1015 2916 1634 
3 1111 3074 2916 
3 3148 2983 798 
3 3148 2521 2983 
3 2479 2690 2992 
3 2992 2690 2521 
3 3130 2596 2916 
3 2514 3223 3022 
3 2868 3130 2983 
3 2514 3022 3130 
3 2690 2868 1079 
3 2514 3130 2868 
3 2514 2868 2690 
3 2479 2990 2690 
3 2107 2470 2990 
3 3130 3022 2596 
3 3223 1228 3022 
3 1228 3223 3233 
3 2601 2109 3423 
3 2978 3423 1014 
3 2109 2276 1014 
3 952 1014 2276 
3 1485 2978 1014 
3 2109 2003 2276 
3 2846 2171 3175 
3 952 1505 943 
3 2276 2823 1505 
3 1485 3411 2685 
3 1485 1014 3411 
3 3411 1014 2118 
3 1804 1329 2469 
3 3033 952 943 
3 3257 3038 2469 
3 3257 1600 3038 
3 2975 2965 3402 
3 2469 3038 837 
3 943 1600 3257 
3 2088 3038 1600 
3 2823 2357 1505 
3 2357 2411 943 
3 1505 2357 943 
3 1537 2776 2863 
3 2823 2814 2357 
3 2696 3077 1836 
3 1836 2411 824 
3 1600 943 2411 
3 2975 1718 3346 
3 837 3038 1718 
3 1836 1988 2088 
3 1439 1983 1988 
3 2696 1836 824 
3 1439 1988 1836 
3 3063 2696 824 
3 3077 3268 1836 
3 2357 2814 824 
3 987 1004 2696 
3 2814 1537 3063 
3 2863 1004 987 
3 3063 1537 987 
3 3299 1911 1537 
3 824 2814 3063 
3 2823 3299 2814 
3 2814 3299 1537 
3 2823 1056 3299 
3 1537 1911 2776 
3 3299 1056 1101 
3 2776 2257 1480 
3 1911 3299 1101 
3 2257 3147 1911 
3 2257 2776 3147 
3 1911 1101 2257 
3 1056 3175 1101 
3 1480 1577 3252 
3 1480 2257 1577 
3 1947 2171 2846 
3 3252 1577 2171 
3 2846 3115 1947 
3 2003 1409 3115 
3 2668 1947 3115 
3 3252 2171 1947 
3 2003 2846 1056 
3 2003 3115 2846 
3 2276 2003 1056 
3 2109 1409 2003 
3 3423 3419 2601 
3 2601 3162 1071 
3 2685 2978 1485 
3 2578 2556 1777 
3 2482 2978 2685 
3 2482 2362 3450 
3 2978 3419 3423 
3 2978 2482 879 
3 2109 2601 1409 
3 2151 2578 2065 
3 3115 1409 1071 
3 2601 3419 2556 
3 3115 1071 2668 
3 3162 1719 1071 
3 2601 2556 3162 
3 1777 2362 3296 
3 3419 879 2556 
3 3419 2978 879 
3 2556 3450 1777 
3 879 2482 3450 
3 3031 1042 2065 
3 2336 2151 1042 
3 2065 1777 1376 
3 3450 2362 1777 
3 2151 3434 2578 
3 3162 2556 1719 
3 2556 2578 1719 
3 1777 2065 2578 
3 3434 2743 2578 
3 3434 1071 2743 
3 2336 1146 2079 
3 2079 1146 2094 
3 2557 3434 2151 
3 2668 1071 3434 
3 797 1990 2557 
3 2668 3434 1990 
3 797 2557 2614 
3 1990 3434 2557 
3 2151 2336 2023 
3 2876 1605 2045 
3 2023 2336 2079 
3 2049 2754 2857 
3 2065 1042 2151 
3 1146 2587 1390 
3 2857 1753 2587 
3 1214 1607 2587 
3 3486 1585 2045 
3 1585 1522 3021 
3 2876 1214 1753 
3 2669 896 3161 
3 1112 2365 2186 
3 3403 1480 3252 
3 1390 1607 2094 
3 1390 2587 1607 
3 2365 2669 2186 
3 2069 3480 1374 
3 797 3403 3252 
3 2186 997 3403 
3 2669 997 2186 
3 3161 2543 2863 
3 2669 3161 997 
3 2069 1374 2873 
3 2081 1112 2186 
3 3021 1592 2384 
3 1214 1112 2081 
3 3021 2669 2365 
3 1585 1112 1214 
3 3021 2365 1112 
3 1408 2384 1592 
3 2376 2669 3021 
3 1789 2376 2384 
3 896 2669 2376 
3 1912 1789 2208 
3 1912 896 1789 
3 2616 1912 2103 
3 1789 2384 2208 
3 2103 1912 2208 
3 3149 1055 1912 
3 2208 1835 2103 
3 1822 1383 1589 
3 1796 1408 2526 
3 1796 2384 1408 
3 2015 2819 1303 
3 1835 2208 1501 
3 1501 1796 2526 
3 2208 2384 1796 
3 1408 1522 2526 
3 1592 3021 1522 
3 2045 1585 2876 
3 3062 2526 1585 
3 1835 1501 2819 
3 2526 3062 1501 
3 1303 1125 2285 
3 1125 1501 1822 
3 2285 1125 1822 
3 2819 1501 1125 
3 3293 2285 1822 
3 1303 2819 1125 
3 1177 1303 2285 
3 1565 2015 1303 
3 2831 1903 1565 
3 2551 2952 2070 
3 1510 1630 2889 
3 1946 1981 1630 
3 1375 2551 1966 
3 2033 2015 3190 
3 2015 1510 3190 
3 3498 2815 1800 
3 2015 3168 1510 
3 1903 1680 3168 
3 2199 2933 3395 
3 3395 2070 1981 
3 1787 2933 3474 
3 1353 2070 3395 
3 1914 1468 1825 
3 1825 1468 3307 
3 3307 1468 2679 
3 3307 1322 1435 
3 861 2679 1468 
3 861 993 2679 
3 1787 1825 2933 
3 1787 1951 1825 
3 2070 1353 1871 
3 1353 2933 1793 
3 3420 2551 3304 
3 3307 2679 1322 
3 3304 1435 1960 
3 1871 1793 3307 
3 1871 3307 1435 
3 1793 1825 3307 
3 1812 1579 2769 
3 2778 1758 1579 
3 2679 1803 1322 
3 1069 2822 974 
3 1966 2551 3420 
3 2889 3190 1510 
3 1570 1966 3420 
3 2033 3190 2889 
3 2070 2952 1630 
3 1375 2518 2033 
3 2551 1375 2952 
3 1966 2518 1375 
3 1375 2033 2952 
3 2518 3406 2033 
3 2952 2889 1630 
3 2952 2033 2889 
3 2015 2616 2103 
3 3032 1319 1139 
3 2015 3406 3483 
3 2015 2033 3406 
3 3205 3483 3032 
3 2616 2015 3483 
3 1524 3205 3032 
3 2616 3483 3205 
3 2124 1524 2267 
3 3149 1912 1524 
3 2911 896 1912 
3 1055 2911 1912 
3 2944 2124 1247 
3 2267 1571 1511 
3 3032 813 1571 
3 2263 3420 3304 
3 1524 3032 2267 
3 3483 3406 3032 
3 1139 1570 813 
3 1139 2518 1966 
3 3032 1139 813 
3 1319 2518 1139 
3 3420 2263 1570 
3 2263 1812 1514 
3 1570 2263 1514 
3 3304 1579 1812 
3 1514 1812 2769 
3 2263 3304 1812 
3 913 2680 2388 
3 2219 2921 3064 
3 2769 1452 2921 
3 3107 1640 2573 
3 2388 2680 3064 
3 913 1570 2219 
3 2921 2219 1514 
3 2680 913 2219 
3 2921 3107 3064 
3 1314 3465 913 
3 3064 3107 2388 
3 2573 1652 2155 
3 3027 3465 1314 
3 913 2388 1314 
3 1314 2478 2571 
3 1314 2388 2478 
3 1980 913 3465 
3 2697 1570 913 
3 2523 1980 3465 
3 2697 913 1980 
3 2611 3365 1980 
3 2964 813 2697 
3 1847 2964 3365 
3 1847 1571 2964 
3 1511 1571 1847 
3 2267 3032 1571 
3 915 2435 1511 
3 2124 2267 1511 
3 2042 2196 1247 
3 3085 2410 846 
3 2196 2042 905 
3 1247 1511 2435 
3 2196 905 2363 
3 2042 2435 2730 
3 1207 2845 2730 
3 2363 905 2845 
3 2460 1584 1073 
3 2410 3085 2363 
3 2966 2509 3460 
3 2966 846 2509 
3 1374 2095 3424 
3 2966 2485 2095 
3 2509 846 2410 
3 2381 3480 2911 
3 2363 3085 2537 
3 846 2966 2381 
3 2363 1703 2196 
3 2944 1536 3149 
3 2537 1650 2944 
3 1536 1055 3149 
3 1650 2911 1536 
3 1650 2381 2911 
3 2944 1650 1536 
3 3480 896 2911 
3 1703 2537 2944 
3 3085 2381 1650 
3 2873 1374 1484 
3 3480 2095 1374 
3 2363 2537 1703 
3 3085 1650 2537 
3 846 2381 3085 
3 2966 3480 2381 
3 2873 1484 3320 
3 1374 3424 1484 
3 2863 2543 1004 
3 2069 896 3480 
3 2716 2069 2873 
3 3161 896 2069 
3 1004 2543 2716 
3 3161 2069 2543 
3 1004 2716 2873 
3 2543 2069 2716 
3 1537 2863 987 
3 2776 3161 2863 
3 1004 3320 2775 
3 1004 2873 3320 
3 2775 3077 2696 
3 2775 3268 3077 
3 1836 2926 3306 
3 3268 3334 2926 
3 2775 3334 3268 
3 1230 2485 2714 
3 2775 1230 3334 
3 2095 2485 1230 
3 3429 1078 1380 
3 2924 1439 3306 
3 842 2714 2485 
3 1295 919 2492 
3 2926 1799 3306 
3 2926 3344 1799 
3 3429 2924 1078 
3 1982 1983 2924 
3 2487 1295 2492 
3 1295 2487 2888 
3 842 3371 2714 
3 2888 828 3500 
3 2714 3371 2487 
3 2788 2750 2220 
3 842 828 3371 
3 842 2485 3460 
3 1545 2888 1848 
3 828 3050 3500 
3 907 2888 3500 
3 2487 3371 2888 
3 2888 907 1848 
3 3500 3050 907 
3 1459 1978 3493 
3 1991 2880 1250 
3 907 1349 1978 
3 907 3050 3219 
3 1349 2317 1708 
3 3154 3219 3039 
3 2317 1349 2750 
3 3219 3050 1584 
3 2672 2427 2220 
3 1773 3079 3030 
3 2880 2750 2788 
3 1349 907 2750 
3 2750 1088 2220 
3 2750 907 1088 
3 1088 3154 2220 
3 3154 1105 1261 
3 1692 1261 1105 
3 826 3039 2430 
3 2220 1443 2672 
3 2220 3154 1443 
3 1164 1706 1313 
3 1207 2850 1304 
3 1164 1105 1706 
3 3154 3039 1105 
3 1105 826 1706 
3 1207 1304 2845 
3 2162 2850 826 
3 2162 1304 2850 
3 828 1584 3050 
3 2162 826 2430 
3 3039 1584 2430 
3 1073 2509 2410 
3 1088 3219 3154 
3 1088 907 3219 
3 828 3460 1584 
3 828 842 3460 
3 2430 2460 2162 
3 1584 3460 1073 
3 2460 1073 2162 
3 3460 2509 1073 
3 1073 1304 2162 
3 1073 2410 1304 
3 1847 915 1511 
3 2812 2222 1875 
3 1875 1207 2730 
3 2845 905 2730 
3 2812 1875 2730 
3 1875 1119 1207 
3 2222 3017 1188 
3 2048 2331 3017 
3 2730 1315 2812 
3 2730 2435 1315 
3 2222 915 2048 
3 2812 1315 915 
3 915 3313 2048 
3 915 1847 3313 
3 3313 2611 2048 
3 3313 3365 2611 
3 3027 2571 1955 
3 2478 2279 1603 
3 2673 1603 2018 
3 2478 3107 2279 
3 929 2738 1603 
3 2571 2478 1603 
3 2673 929 1603 
3 1955 2571 2738 
3 1901 3027 1040 
3 2523 3465 3027 
3 2611 2523 2048 
3 2611 1980 2523 
3 1267 1901 1040 
3 2331 2523 1901 
3 1643 929 2936 
3 1040 1955 929 
3 1883 2673 2018 
3 2936 929 2673 
3 1115 3355 1040 
3 1267 2369 1901 
3 1040 3355 1267 
3 2146 1385 3355 
3 3355 2791 1267 
3 3355 1385 2369 
3 1901 2369 2331 
3 2791 3355 2369 
3 2331 1726 2497 
3 2331 2369 1726 
3 1776 3243 2733 
3 1036 1188 3243 
3 1188 1594 3243 
3 1188 2331 1594 
3 1875 2222 1036 
3 3017 2331 1188 
3 1036 2222 1188 
3 2812 915 2222 
3 1776 2901 1036 
3 1119 2850 1207 
3 3388 1119 2901 
3 1668 1117 1119 
3 3388 1668 1119 
3 1119 1875 2901 
3 2512 1668 2278 
3 1117 1706 1119 
3 1963 2278 1668 
3 2156 2512 2278 
3 3388 1963 1668 
3 2574 2156 2278 
3 2055 803 3388 
3 803 2207 2574 
3 3200 2000 3283 
3 1216 2495 1931 
3 3388 2574 1963 
3 803 2055 2207 
3 3200 3388 2901 
3 803 2574 3388 
3 1776 3200 2901 
3 2733 926 2000 
3 3243 1776 1036 
3 2733 3200 1776 
3 1952 3494 1115 
3 2146 3355 3494 
3 2000 926 1586 
3 926 3243 2271 
3 3457 2343 2177 
3 2568 2139 920 
3 3243 926 2733 
3 1586 2031 2146 
3 3200 3283 3388 
3 3200 2733 2000 
3 3494 2433 2146 
3 3300 2027 2989 
3 1471 920 1643 
3 2139 2695 920 
3 1694 2568 1471 
3 1694 2852 1714 
3 1192 2695 2139 
3 1192 2027 2695 
3 3389 1714 2393 
3 2139 2568 1714 
3 2433 1952 3300 
3 2433 3494 1952 
3 2433 3300 2989 
3 3351 1396 2455 
3 1396 2146 2433 
3 2409 1102 829 
3 3351 1586 2146 
3 2800 1764 829 
3 926 2271 1586 
3 2745 1586 3351 
3 2271 2031 1586 
3 901 2682 2606 
3 2175 3283 2000 
3 2156 2574 2207 
3 2000 1586 2745 
3 1102 2409 2745 
3 2175 2000 2745 
3 3397 3418 1894 
3 2156 2549 3418 
3 1483 3397 3278 
3 1781 906 2512 
3 1894 1646 3397 
3 3278 3397 1646 
3 1158 1781 1760 
3 2672 1359 2427 
3 1133 1158 1760 
3 1133 2308 1158 
3 2512 883 1760 
3 883 3397 1760 
3 1781 2512 1760 
3 3418 3397 883 
3 883 2512 2156 
3 1313 1117 2512 
3 2512 1117 1668 
3 1313 1706 1117 
3 2512 906 1313 
3 1692 1105 1164 
3 1313 1692 1164 
3 1573 1443 1261 
3 1313 1573 1692 
3 906 1158 2308 
3 906 2308 1573 
3 1133 2958 2308 
3 1313 906 1573 
3 1781 1158 906 
3 3458 2672 1443 
3 2308 1359 2672 
3 1573 3458 1443 
3 2308 2672 3458 
3 3079 1773 1935 
3 2788 2220 2427 
3 2427 1773 2788 
3 3449 3043 1773 
3 2427 3449 1773 
3 1785 1359 2835 
3 3169 3043 2165 
3 1935 1773 3043 
3 2657 1324 2835 
3 1018 1083 977 
3 3169 2165 2835 
3 3043 3449 2165 
3 3449 1462 2165 
3 2427 1359 1462 
3 2165 1785 2835 
3 2165 1462 1785 
3 3397 1483 1133 
3 3278 1517 1483 
3 1483 2958 1133 
3 2835 1359 2958 
3 3467 1324 2657 
3 1455 1285 1233 
3 1549 2461 1233 
3 1324 1455 2461 
3 3393 1233 1285 
3 2461 1455 1233 
3 2835 1549 3169 
3 2835 2461 1549 
3 3169 1018 1935 
3 1549 1233 1018 
3 2040 2197 977 
3 2847 1621 3244 
3 1285 3178 3393 
3 1285 2440 3178 
3 2741 1723 2930 
3 2741 2440 1723 
3 3452 3059 1205 
3 3452 950 3059 
3 2040 950 3452 
3 3248 977 2197 
3 2483 950 2040 
3 3248 2197 1907 
3 2040 3452 2197 
3 1621 3131 1907 
3 977 2483 2040 
3 1907 977 3248 
3 1083 2483 977 
3 1018 3131 1935 
3 977 1907 3131 
3 1935 1975 3079 
3 3131 1621 1975 
3 3030 2847 3244 
3 1975 1621 2847 
3 2880 3030 1250 
3 3079 1975 3030 
3 3493 1978 1708 
3 1978 1349 1708 
3 851 1991 1250 
3 851 2340 3493 
3 1907 3244 1621 
3 1907 851 3244 
3 2077 1710 851 
3 2975 2753 1710 
3 2530 3402 2965 
3 3402 1804 1976 
3 851 3493 1991 
3 2340 1558 1459 
3 2340 1459 3493 
3 1848 1978 1459 
3 2340 2753 1558 
3 2753 3346 1831 
3 1831 3332 1558 
3 1982 2924 3429 
3 3332 3429 1380 
3 3332 1982 3429 
3 1718 2975 837 
3 3402 1354 1804 
3 1558 2753 1831 
3 2340 1710 2753 
3 837 3402 1976 
3 2965 2077 2530 
3 837 2975 3402 
3 3346 2753 2975 
3 1354 3402 2530 
3 1354 2516 1804 
3 2469 1329 3257 
3 1804 2516 1329 
3 2516 786 1329 
3 1710 2077 2965 
3 3452 1205 2077 
3 984 1052 2734 
3 2785 805 2200 
3 984 2981 1052 
3 2711 789 2734 
3 1216 1931 3339 
3 3339 1931 1347 
3 1931 2495 1689 
3 789 3339 1347 
3 1347 984 789 
3 2329 1794 2104 
3 1204 1216 1623 
3 1012 2329 2104 
3 1012 973 2329 
3 2102 2834 805 
3 1794 1496 1204 
3 2102 2785 1623 
3 2200 1794 2785 
3 2711 2834 1623 
3 2785 1204 1623 
3 2734 789 984 
3 1623 3339 789 
3 789 2711 1623 
3 3137 3088 3203 
3 1052 2711 2734 
3 3137 2834 2711 
3 1723 2440 1312 
3 3467 2821 1324 
3 2834 3137 3203 
3 1312 3203 1723 
3 2821 2834 3203 
3 3467 2451 2821 
3 2102 1623 2834 
3 2821 2451 2834 
3 2929 2104 2200 
3 1517 3467 2657 
3 2451 805 2834 
3 3088 1723 3203 
3 2440 2741 3178 
3 3178 2741 3393 
3 1285 1455 2440 
3 1324 2821 1312 
3 1455 1312 2440 
3 1455 1324 1312 
3 1774 1517 3278 
3 1774 844 1517 
3 1517 844 2028 
3 1774 2929 844 
3 2028 2929 805 
3 1774 1646 3160 
3 1517 2028 2451 
3 844 2929 2028 
3 1517 2451 3467 
3 2028 805 2451 
3 3160 3010 973 
3 1894 1770 3010 
3 1496 973 857 
3 1012 3160 973 
3 2929 3160 1012 
3 2929 1774 3160 
3 3160 1894 3010 
3 3160 1646 1894 
3 3418 2549 1770 
3 2156 2867 2549 
3 2156 3360 2867 
3 1407 2495 807 
3 2156 2207 3360 
3 2175 2745 2409 
3 1496 807 1746 
3 3360 1407 807 
3 2207 1407 3360 
3 2207 2409 2682 
3 1496 3152 807 
3 857 807 3152 
3 1204 1496 2572 
3 1794 973 1496 
3 1216 1204 2572 
3 2785 1794 1204 
3 1496 1746 2572 
3 807 2495 1746 
3 1623 1216 3339 
3 1746 2495 1216 
3 2495 1407 2682 
3 2495 2682 1771 
3 1407 2207 2682 
3 2383 2606 829 
3 829 1764 2383 
3 2818 829 1102 
3 2682 2409 2606 
3 1102 2745 3351 
3 2606 2409 829 
3 2207 2175 2409 
3 2455 2818 3351 
3 2818 1553 829 
3 3351 2818 1102 
3 2455 2989 1553 
3 2027 1553 2989 
3 2800 829 1553 
3 2885 1958 3258 
3 2067 1274 2030 
3 3448 2577 1624 
3 2038 3448 1961 
3 1608 2163 945 
3 1608 841 2163 
3 3448 3012 2577 
3 3433 1487 1819 
3 1487 1339 1819 
3 3108 3433 1819 
3 3433 1097 1487 
3 958 3108 2588 
3 3433 1210 1334 
3 788 958 2684 
3 3431 3108 958 
3 958 2588 2684 
3 3108 1819 2588 
3 2588 2326 2684 
3 2909 2248 1635 
3 2588 2830 2326 
3 1320 2909 1635 
3 3094 2248 2830 
3 2230 2784 2248 
3 1114 3094 2830 
3 1339 2035 3094 
3 1059 2054 2525 
3 3335 1937 1826 
3 2852 1694 2153 
3 2393 2852 2907 
3 2393 1714 2852 
3 2393 1698 3389 
3 2973 2322 3409 
3 1698 2393 2894 
3 1698 2322 1493 
3 2973 1494 1602 
3 2894 2322 1698 
3 2894 3409 2322 
3 1602 1494 2737 
3 1494 3387 1564 
3 2973 1000 3387 
3 2432 2009 2126 
3 2694 1664 1297 
3 3247 1658 2698 
3 1564 3387 1658 
3 1000 1937 2126 
3 2303 853 3335 
3 1937 2432 2126 
3 3335 2188 894 
3 2432 1937 3335 
3 1513 2894 2907 
3 3387 1000 2126 
3 3409 2894 3445 
3 1000 3445 1937 
3 1000 3409 3445 
3 2153 1513 2907 
3 2153 2343 1513 
3 2852 2153 2907 
3 1694 1471 2153 
3 3457 2177 3035 
3 2153 1471 2177 
3 2303 2343 853 
3 3457 2936 2343 
3 1826 1715 2343 
3 1937 3445 1715 
3 3335 1826 2303 
3 1937 1715 1826 
3 2432 894 2694 
3 1563 1393 1851 
3 2694 894 1664 
3 2432 3335 894 
3 1883 2188 853 
3 3112 894 2188 
3 2018 1206 1883 
3 2018 1245 1206 
3 1402 1851 1245 
3 1402 1091 1851 
3 2972 1563 994 
3 2972 1664 1563 
3 3357 3116 994 
3 3214 1664 2972 
3 3214 1297 1664 
3 2540 1658 2009 
3 2262 1297 3214 
3 3253 3058 1297 
3 1297 1209 2694 
3 858 2698 1658 
3 2694 2540 2009 
3 858 3058 2698 
3 1209 858 2540 
3 1209 3058 858 
3 925 3253 2661 
3 2256 3058 3253 
3 925 2661 2262 
3 3253 1297 2661 
3 2138 925 2238 
3 2256 3253 925 
3 2886 1023 2138 
3 1890 3058 2256 
3 2256 2052 1890 
3 2138 2238 3376 
3 2052 3385 1890 
3 1023 2886 1092 
3 1890 2116 1154 
3 3385 2795 2116 
3 1041 2974 2525 
3 1041 2525 1154 
3 2500 1059 2525 
3 3247 1564 1658 
3 1444 2824 2698 
3 1444 2210 2824 
3 890 3247 2054 
3 3274 1494 1564 
3 2375 3274 3247 
3 2375 2737 3274 
3 1059 2737 2375 
3 2525 2974 2949 
3 2500 2525 2949 
3 2737 1059 2500 
3 2375 3247 1059 
3 1059 890 2054 
3 1059 3247 890 
3 2116 1041 1154 
3 2500 2949 1281 
3 2974 3191 1085 
3 2949 2974 1085 
3 2949 1085 986 
3 3191 3216 1085 
3 1320 3218 2909 
3 2326 2830 2909 
3 2425 1320 1635 
3 3218 2326 2909 
3 3191 2490 2425 
3 3191 2974 2490 
3 2795 1041 2116 
3 2795 2490 1041 
3 2795 1346 1591 
3 1341 3329 893 
3 1346 1320 1591 
3 1269 788 1320 
3 1346 2827 1320 
3 3134 3431 788 
3 3134 788 1269 
3 2684 3218 788 
3 1611 3433 3108 
3 2051 3363 1244 
3 1611 3431 2245 
3 958 788 3431 
3 3134 2827 1341 
3 3134 1269 2827 
3 1547 3329 1093 
3 893 3134 1341 
3 1346 1341 2827 
3 1092 2795 1023 
3 2993 2152 2245 
3 2977 1334 2152 
3 1611 1210 3433 
3 1611 2152 1334 
3 893 3237 1940 
3 953 2977 2152 
3 1940 3237 2993 
3 1713 2082 3314 
3 2993 953 2152 
3 3314 2082 953 
3 1547 3496 2870 
3 1424 2288 2747 
3 795 2452 3496 
3 2452 1194 2727 
3 3329 1713 3237 
3 2870 2727 1713 
3 3329 3237 893 
3 1713 3314 3237 
3 1124 1547 1093 
3 2870 1713 1547 
3 1801 795 1124 
3 3496 1331 2870 
3 795 3496 1124 
3 2452 2618 1194 
3 884 3267 1219 
3 1005 1801 1622 
3 3472 1801 1124 
3 2405 1043 795 
3 3101 1801 3472 
3 1005 2405 1801 
3 3046 3267 884 
3 3101 3472 802 
3 1010 884 1219 
3 1365 1934 3046 
3 3101 1010 1219 
3 1365 2289 1934 
3 2886 802 1637 
3 1010 3101 802 
3 2052 1023 3385 
3 2052 2256 2138 
3 1637 1092 2886 
3 3509 1341 1092 
3 2052 2138 1023 
3 2256 925 2138 
3 802 3376 1010 
3 802 2886 3376 
3 2289 1365 3116 
3 3116 1365 2262 
3 994 3116 2972 
3 2858 2289 3116 
3 962 1365 3046 
3 2238 2262 1365 
3 3116 3357 2858 
3 1275 1742 1851 
3 1778 2261 1614 
3 3211 2858 1977 
3 1742 3357 994 
3 2590 2858 3357 
3 3357 1299 2590 
3 1275 1851 2155 
3 3357 1742 1299 
3 994 1851 1742 
3 2018 1091 1402 
3 2279 2155 1091 
3 981 1640 3107 
3 3298 2261 2403 
3 1778 3211 1275 
3 1275 1299 1742 
3 2573 1640 3481 
3 981 1452 3057 
3 1778 1614 3211 
3 1977 2590 1275 
3 3211 1614 2687 
3 1275 3481 1778 
3 1640 1778 3481 
3 3057 2261 1778 
3 1640 3057 1778 
3 1640 981 3057 
3 1579 1452 2769 
3 2261 3057 1452 
3 2273 974 2778 
3 2261 3298 1614 
3 1579 1758 2403 
3 2039 2927 1420 
3 1614 3298 2319 
3 974 2822 2039 
3 1868 2319 1516 
3 3298 1758 974 
3 2319 1420 1516 
3 2810 3456 3267 
3 2289 3211 1868 
3 1614 2319 2687 
3 1868 3211 2687 
3 1977 1275 3211 
3 3376 962 1010 
3 2238 1365 962 
3 1318 1420 2520 
3 3072 2927 2039 
3 1219 3267 1622 
3 3046 1934 2520 
3 3046 2810 3267 
3 1829 1420 1596 
3 1252 3456 3199 
3 2810 3046 3456 
3 1252 3199 3187 
3 3456 1829 3199 
3 3132 3422 3187 
3 1005 1622 1252 
3 790 1596 2620 
3 3199 1829 1596 
3 1949 2620 1596 
3 2474 993 861 
3 2520 1829 3456 
3 1420 2927 1596 
3 3046 2520 3456 
3 1934 1318 2520 
3 2520 1420 1829 
3 1318 1516 1420 
3 3298 2039 2319 
3 2822 3380 2039 
3 3298 974 2039 
3 1758 2778 974 
3 1322 1803 2273 
3 993 2822 1069 
3 2273 1069 974 
3 1803 993 1069 
3 1949 3072 2620 
3 2822 993 3042 
3 2927 1949 1596 
3 2927 3072 1949 
3 1739 1705 3042 
3 3072 2039 3380 
3 815 3042 993 
3 3380 2822 3042 
3 2474 815 993 
3 2474 1739 815 
3 1914 2474 861 
3 1914 1951 2474 
3 1468 1914 861 
3 1951 2174 1208 
3 815 1739 3042 
3 2579 1208 2105 
3 2620 3072 2237 
3 1739 2474 1208 
3 790 930 3132 
3 2105 2174 1767 
3 1208 2237 1705 
3 930 790 2237 
3 3187 790 3132 
3 2620 2237 790 
3 1954 1606 1530 
3 1252 3187 1606 
3 1674 2908 1270 
3 1889 1005 2356 
3 1814 1673 2621 
3 2356 1606 1954 
3 3187 3422 1606 
3 3353 2961 1904 
3 1954 2212 2356 
3 1954 1430 3024 
3 2550 2306 1240 
3 2212 1954 1240 
3 2306 3392 1240 
3 3392 2212 1240 
3 1727 1743 2600 
3 1240 1028 1674 
3 1737 1743 2330 
3 1731 1674 2600 
3 1731 2550 1240 
3 1731 1043 2550 
3 2356 2306 2550 
3 2356 2212 2306 
3 1043 2618 795 
3 1043 1731 2618 
3 2536 1043 2405 
3 1889 2550 1043 
3 1005 2536 2405 
3 1889 1043 2536 
3 2452 2727 1331 
3 2808 1736 2082 
3 3496 2452 1331 
3 795 2618 2452 
3 935 1737 2330 
3 1743 1731 2600 
3 2960 1743 1737 
3 2618 1731 1743 
3 1467 1727 1532 
3 2330 1743 1727 
3 2480 1037 2533 
3 876 2198 1149 
3 2727 2082 1713 
3 2727 2808 2082 
3 1259 2747 3464 
3 2747 3432 2884 
3 3464 2747 1477 
3 2082 2288 1424 
3 2533 1259 3464 
3 2341 2686 1300 
3 2533 1037 1259 
3 2191 1149 1037 
3 2715 1127 1898 
3 2715 2198 1127 
3 1259 1898 3273 
3 1259 1037 1898 
3 1037 2198 1898 
3 2641 1149 1759 
3 1898 2198 2715 
3 1037 1149 2198 
3 1037 2480 2191 
3 1736 1727 2480 
3 2191 1759 1149 
3 2832 1016 809 
3 1857 2832 2632 
3 876 1149 2641 
3 1790 876 2424 
3 1127 2198 876 
3 1495 1300 781 
3 1127 876 2686 
3 2341 3273 2686 
3 2686 781 1300 
3 2747 3273 2341 
3 1898 2686 3273 
3 3120 2236 1260 
3 1554 1609 3201 
3 3250 3183 1300 
3 1506 1253 3183 
3 2640 3250 1300 
3 1260 1506 3250 
3 1495 2640 1300 
3 1495 1260 2640 
3 3083 2269 1032 
3 1999 988 1609 
3 791 1026 1032 
3 2504 2718 1999 
3 1026 2504 3083 
3 3469 2617 1266 
3 2504 2700 2718 
3 2805 2833 2700 
3 2504 1999 2269 
3 2718 2700 1999 
3 1032 3120 1495 
3 2236 1506 1260 
3 1554 2236 3120 
3 1554 3201 2236 
3 2083 3201 1996 
3 1084 1506 3201 
3 3201 1609 1996 
3 1554 2269 1609 
3 1999 968 988 
3 801 793 2560 
3 2861 1193 1899 
3 988 968 1193 
3 1416 2663 2861 
3 1193 968 1899 
3 1609 3477 1996 
3 1609 988 3477 
3 3477 2083 1996 
3 2707 821 2083 
3 1202 2558 1729 
3 1084 3201 2558 
3 3432 2341 1729 
3 1253 1084 1202 
3 1202 1084 2558 
3 1253 1506 1084 
3 1253 2341 3183 
3 1202 1729 2341 
3 2341 3432 2747 
3 1027 2977 953 
3 1729 2884 3432 
3 1729 2558 1424 
3 2082 1424 1027 
3 2884 1729 1424 
3 2082 1027 953 
3 1424 2558 1027 
3 2558 1296 2977 
3 2558 3201 1296 
3 2083 3210 2707 
3 1416 2021 1927 
3 3210 1552 2707 
3 2284 2114 1552 
3 2284 1244 2114 
3 2792 1172 2128 
3 1434 954 3069 
3 1434 1296 954 
3 1334 1434 3069 
3 2977 1296 1434 
3 3433 1334 1097 
3 1210 1611 1334 
3 3363 1097 3069 
3 1334 3069 1097 
3 2163 1301 945 
3 1487 1097 1301 
3 2284 2792 2051 
3 1172 945 2128 
3 2051 2792 2128 
3 2284 1624 2792 
3 1097 3363 1301 
3 1244 2284 2051 
3 954 3363 3069 
3 2051 2128 3363 
3 1552 2367 2284 
3 3210 2083 3034 
3 1927 1642 1845 
3 1961 3448 1624 
3 2284 1927 1624 
3 1642 1274 1845 
3 2030 1274 1388 
3 1845 1624 1927 
3 1845 1274 2038 
3 1642 1388 1274 
3 1416 1927 2367 
3 2021 1642 1927 
3 2663 1416 2367 
3 3188 2861 1854 
3 3258 2228 1854 
3 2021 1416 2967 
3 2377 3258 2605 
3 2967 3188 1854 
3 1416 3188 2967 
3 2861 1899 2560 
3 3210 2663 2367 
3 1499 2861 2663 
3 3034 1174 1499 
3 3034 3477 988 
3 3210 3034 2663 
3 2083 3477 3034 
3 3034 1499 2663 
3 1174 1193 1499 
3 1416 2861 3188 
3 1499 1193 2861 
3 2860 1352 2903 
3 1681 2954 3279 
3 2860 2073 1352 
3 1720 3426 2073 
3 3504 1681 2860 
3 3279 3225 2350 
3 1440 2078 2377 
3 1958 2021 2228 
3 2860 1681 2073 
3 1440 2377 1720 
3 2377 2605 793 
3 3258 1854 2605 
3 968 2560 1899 
3 2605 1854 2560 
3 1958 2228 3258 
3 2021 2967 2228 
3 2078 2885 3258 
3 1388 2021 1958 
3 2885 2030 1388 
3 1388 1958 2885 
3 1120 2078 1440 
3 999 1120 1440 
3 3138 1465 1722 
3 2665 1228 1325 
3 1720 2350 999 
3 3225 1465 2350 
3 1720 999 1440 
3 3225 2899 1465 
3 2073 1681 2350 
3 2187 3158 3225 
3 2759 3138 1325 
3 1465 2899 1722 
3 3138 1661 2665 
3 1722 1559 1661 
3 3138 1722 1661 
3 1559 1867 3473 
3 2899 1308 1722 
3 1559 3473 2224 
3 2899 1867 1308 
3 2899 1123 3473 
3 3225 1918 2899 
3 1918 3195 3140 
3 3158 1918 3225 
3 3158 3195 1918 
3 3279 2187 3225 
3 2187 3195 3158 
3 2501 2187 3279 
3 2501 3195 2187 
3 2064 2954 3504 
3 2501 3279 2954 
3 2350 1681 3279 
3 2860 2903 1227 
3 1227 2064 2860 
3 2954 1681 3504 
3 2900 2110 3288 
3 2439 2903 2110 
3 801 1843 793 
3 801 2833 1843 
3 2110 2900 2439 
3 2896 1173 2064 
3 2860 2064 3504 
3 1227 2896 2064 
3 2903 2896 1227 
3 1173 3451 3195 
3 1926 2232 2900 
3 1414 1173 2232 
3 1926 2900 3288 
3 2232 2896 2900 
3 2805 2098 3288 
3 2374 1414 1926 
3 2504 1022 2805 
3 1448 1892 2374 
3 2098 2374 1926 
3 2098 1626 2374 
3 2232 1173 2896 
3 2158 3451 1173 
3 1414 2158 1173 
3 1355 2486 1986 
3 3140 2371 3018 
3 3140 1038 2371 
3 2899 3473 1867 
3 3140 3018 3473 
3 1123 3140 3473 
3 3195 1038 3140 
3 1015 1634 2224 
3 2916 2596 1634 
3 3022 1559 2459 
3 1722 1308 1559 
3 1138 1015 2224 
3 1138 1404 2387 
3 3018 3427 2406 
3 1580 1122 2387 
3 2387 1404 1580 
3 1404 2406 1580 
3 1122 3427 2457 
3 1580 2406 3427 
3 956 928 897 
3 2184 2658 1751 
3 2851 1211 2457 
3 2002 1751 1211 
3 3427 2137 2457 
3 1425 2002 2851 
3 1038 2137 2371 
3 1038 3451 2137 
3 2443 2945 3451 
3 1425 2137 2945 
3 1414 3004 2158 
3 2158 3004 2443 
3 2443 3004 2945 
3 1414 2374 1892 
3 2486 3485 1448 
3 3004 1414 1892 
3 2136 1355 1986 
3 2136 992 1355 
3 1626 2872 1448 
3 1355 3485 2486 
3 1448 3485 1892 
3 1355 992 3485 
3 2945 3217 1425 
3 3004 1892 3217 
3 3090 2491 1110 
3 3217 992 3391 
3 3370 1588 912 
3 2491 3217 3391 
3 2157 3508 3224 
3 912 992 3224 
3 3370 1748 1110 
3 3370 1527 1748 
3 912 1588 3391 
3 3370 1110 1588 
3 1425 3090 2002 
3 1110 1748 3090 
3 3090 1090 3013 
3 3090 1057 1090 
3 1057 2825 1090 
3 1751 956 897 
3 1090 3102 3013 
3 785 1082 897 
3 3090 3013 2002 
3 956 1751 2002 
3 3102 2342 3013 
3 917 1082 2623 
3 3013 2342 956 
3 3102 2825 785 
3 897 928 785 
3 2342 3102 785 
3 3204 897 917 
3 3113 1051 2184 
3 2342 785 928 
3 917 2623 1666 
3 2825 2129 785 
3 2129 3241 2623 
3 785 2129 1082 
3 2825 1527 2129 
3 2121 1578 1311 
3 1070 2019 3029 
3 3142 2121 1311 
3 2623 3241 2121 
3 2508 3142 1311 
3 1666 2623 2121 
3 3407 1666 3142 
3 3407 917 1666 
3 1755 2508 1311 
3 1130 3491 3239 
3 2096 3239 3491 
3 2096 2508 3239 
3 1094 2075 1140 
3 2925 3142 3401 
3 3495 1755 1311 
3 1130 3239 1755 
3 3207 3029 1578 
3 2043 1807 1152 
3 1578 3495 1311 
3 1152 3272 3495 
3 3495 1687 1152 
3 1070 2607 2448 
3 3119 2019 1070 
3 3163 3437 3370 
3 3495 2019 1687 
3 3495 1578 2019 
3 2019 3119 1687 
3 1152 1807 3272 
3 1687 3119 2043 
3 989 838 2915 
3 3311 3119 1223 
3 2446 2043 3119 
3 1279 1985 2448 
3 1223 3119 1070 
3 1223 1070 1006 
3 2607 3343 2448 
3 3029 2877 1070 
3 1054 912 3224 
3 1070 2877 2607 
3 3437 3207 1527 
3 3029 3163 2877 
3 3437 1527 3370 
3 3029 3437 3163 
3 3029 3207 3437 
3 2877 2947 3343 
3 2877 3163 2947 
3 1613 1087 1054 
3 2947 3163 1087 
3 3508 1054 3224 
3 1087 912 1054 
3 936 2458 971 
3 3081 2931 1613 
3 2726 2801 2666 
3 1613 1054 1786 
3 1165 3269 1075 
3 1613 2931 3343 
3 834 2931 971 
3 936 3374 1655 
3 1655 892 936 
3 2280 2592 3383 
3 936 892 2458 
3 1655 1075 892 
3 834 971 2458 
3 2458 892 834 
3 1786 3081 1613 
3 1786 2726 3081 
3 3343 2931 2448 
3 3081 971 2931 
3 2931 1279 2448 
3 834 2941 2592 
3 1223 1985 3328 
3 1006 2448 1985 
3 836 2280 1196 
3 2592 2941 3383 
3 1985 836 3328 
3 1985 2592 836 
3 836 2592 2280 
3 1985 1279 2592 
3 2941 834 892 
3 2592 1279 834 
3 3269 3189 924 
3 1716 1763 2106 
3 2941 2314 3383 
3 924 1716 2106 
3 1456 3232 1373 
3 2280 3383 3232 
3 1307 2535 3122 
3 3292 2106 3378 
3 2429 2106 3358 
3 2314 924 2106 
3 2941 3269 924 
3 3189 2445 1716 
3 2804 2445 3189 
3 3122 3378 1763 
3 2445 2804 874 
3 2394 3479 2804 
3 924 3189 1716 
3 1618 2804 3189 
3 892 1075 2941 
3 1712 3026 1792 
3 2941 1075 3269 
3 1655 3374 1075 
3 1075 3374 3026 
3 936 3081 2726 
3 3026 1712 1075 
3 3479 2394 1165 
3 1618 2394 2804 
3 1618 1165 2394 
3 1165 1712 3479 
3 3026 1272 1792 
3 1272 1310 1792 
3 1846 1142 2125 
3 1665 1310 1879 
3 1665 1792 1310 
3 3374 2666 3026 
3 1266 2801 2726 
3 3054 2539 2617 
3 2801 2844 2666 
3 3026 2844 2953 
3 2157 2726 3508 
3 3479 1712 1792 
3 1165 1075 1712 
3 3026 2666 2844 
3 3508 1786 1054 
3 3374 2726 2666 
3 3374 936 2726 
3 1256 2157 3224 
3 2726 1786 3508 
3 1266 2157 3174 
3 1266 2726 2157 
3 3469 2872 869 
3 2801 2953 2844 
3 2617 2801 1266 
3 2617 2953 2801 
3 3054 2617 1147 
3 2539 2953 2617 
3 3469 2610 1147 
3 3054 1272 2539 
3 2872 2486 1448 
3 3285 1535 3054 
3 1986 2872 3174 
3 1147 2617 3469 
3 2374 1626 1448 
3 1022 2504 1026 
3 2486 2872 1986 
3 1626 2098 869 
3 1626 869 2872 
3 2098 2805 869 
3 1147 2610 3285 
3 869 2805 2610 
3 1925 1022 2252 
3 2610 2805 1022 
3 1639 3256 1629 
3 3285 2610 1925 
3 1925 1535 3285 
3 1925 2252 1629 
3 3285 3054 1147 
3 1535 1272 3054 
3 1685 2144 791 
3 1310 1272 3256 
3 1629 3256 1535 
3 1639 1310 3256 
3 1925 1629 1535 
3 2252 1026 1629 
3 1032 1026 3083 
3 2252 1022 1026 
3 1061 1834 2453 
3 1834 1639 2144 
3 1061 2424 2632 
3 2453 781 2424 
3 781 1790 2424 
3 2686 876 1790 
3 1879 1400 1887 
3 2453 2424 1061 
3 1061 2634 3453 
3 1857 843 1759 
3 1310 1400 1879 
3 1834 1061 1400 
3 1639 1834 1400 
3 2144 2453 1834 
3 1879 2505 1665 
3 1879 1887 2505 
3 1887 1882 2505 
3 1936 948 1433 
3 1665 1433 3479 
3 1882 1936 1433 
3 1882 1846 1936 
3 1882 1887 1846 
3 2634 2890 2662 
3 3345 870 3502 
3 2832 809 2634 
3 2125 1142 2662 
3 1142 3453 2662 
3 1887 1061 3453 
3 1957 3291 2890 
3 2125 2662 2890 
3 1215 3291 1957 
3 2125 2890 3291 
3 1567 1215 856 
3 2154 2125 1215 
3 3230 1619 3471 
3 1896 2890 809 
3 1896 809 1619 
3 2890 2634 809 
3 2193 2613 849 
3 1619 809 849 
3 3381 1367 1225 
3 849 1016 2193 
3 3036 1231 1857 
3 3036 1225 1231 
3 2632 2832 2634 
3 1231 1016 2832 
3 1061 2632 2634 
3 843 876 1759 
3 2424 843 2632 
3 2424 876 843 
3 1467 1857 1759 
3 1231 2832 1857 
3 2480 1467 2191 
3 1379 3036 1467 
3 1467 3036 1857 
3 1379 1225 3036 
3 1532 1270 1379 
3 3381 1814 2471 
3 1532 1674 1270 
3 1674 1731 1240 
3 1225 2358 3381 
3 1270 2908 2358 
3 1674 1673 2908 
3 1814 2908 1673 
3 3024 2621 1028 
3 3024 2471 1814 
3 3024 1028 1240 
3 2621 1673 1028 
3 1673 1674 1028 
3 1532 2600 1674 
3 3422 1321 1606 
3 2579 3170 3422 
3 1606 1321 1530 
3 3422 930 2579 
3 3422 3170 1321 
3 2057 1264 2255 
3 1631 2842 2803 
3 1430 2181 2842 
3 3166 2897 3353 
3 3166 1530 2897 
3 2842 1631 1430 
3 2848 3381 2471 
3 1954 3024 1240 
3 1430 2471 3024 
3 2181 2803 2842 
3 3353 2345 1631 
3 2897 2961 3353 
3 2025 823 978 
3 2057 2961 1106 
3 2897 1530 2961 
3 2961 2057 1904 
3 2401 1136 2584 
3 2631 2025 978 
3 2345 1904 2025 
3 2649 1971 1930 
3 2671 866 2345 
3 866 2671 1943 
3 1137 978 1782 
3 1943 2848 866 
3 2891 3381 2848 
3 2671 2793 1943 
3 1930 1971 904 
3 780 1367 2182 
3 2358 1814 3381 
3 3353 1631 2803 
3 2848 2471 1631 
3 1225 1367 2193 
3 3381 2182 1367 
3 1231 1225 2193 
3 1379 2358 1225 
3 849 2613 1619 
3 1367 3471 2613 
3 3471 780 3302 
3 3471 1367 780 
3 3230 2756 1878 
3 3471 3302 2756 
3 1878 1278 3502 
3 2756 3302 2046 
3 2756 2046 1278 
3 3302 2693 2046 
3 1865 1815 904 
3 2323 2693 1815 
3 3302 1053 1815 
3 1053 1930 904 
3 2793 1930 2891 
3 904 1815 1053 
3 2671 1930 2793 
3 2671 2631 871 
3 2671 871 1930 
3 2631 978 1137 
3 1971 2649 2528 
3 871 2631 3133 
3 2513 1137 2148 
3 3133 2631 1137 
3 2709 3321 2084 
3 2183 2645 1366 
3 2513 2148 1862 
3 1137 1782 2148 
3 2528 2513 1862 
3 3133 1137 2513 
3 871 2649 1930 
3 3133 2513 2649 
3 1815 1865 2323 
3 2811 1971 1740 
3 2084 1992 1862 
3 1992 2494 2334 
3 1862 1992 1997 
3 2494 2223 2334 
3 2677 1470 2720 
3 2334 2223 2720 
3 2528 1293 1971 
3 2528 3098 1293 
3 3098 1470 1293 
3 1179 1909 1363 
3 904 2811 1823 
3 1740 1179 2811 
3 2323 2660 2046 
3 3139 1129 2660 
3 904 1823 1865 
3 2811 3139 1823 
3 1865 2859 2323 
3 1823 3139 2859 
3 2160 2651 2346 
3 2346 2651 3386 
3 2346 3386 1956 
3 3502 908 3386 
3 3297 3104 3139 
3 3297 1956 3104 
3 2811 1179 3139 
3 1017 2301 2346 
3 1017 2346 3297 
3 2651 2604 1008 
3 2301 2160 2346 
3 2301 1916 3316 
3 1859 3123 3066 
3 3316 2160 2301 
3 1859 868 3220 
3 1008 2604 1745 
3 1745 3316 3123 
3 1169 2160 3316 
3 2604 1169 3316 
3 2604 2651 1169 
3 3386 2651 3502 
3 2160 1169 2651 
3 1878 870 1957 
3 3345 1008 856 
3 870 1878 3502 
3 3230 3471 2756 
3 1896 3230 1878 
3 1896 1619 3230 
3 1896 1957 2890 
3 870 856 1957 
3 2056 2561 1008 
3 1215 1957 856 
3 870 3345 856 
3 3502 1008 3345 
3 1307 3001 2272 
3 1008 1745 2056 
3 2561 1567 1008 
3 856 1008 1567 
3 2154 2012 1936 
3 1215 1567 2012 
3 2125 2154 1936 
3 1215 2012 2154 
3 2445 874 3323 
3 2804 1433 874 
3 874 948 3323 
3 874 1433 948 
3 948 3001 3323 
3 948 2012 2561 
3 1745 3220 2056 
3 2943 948 2561 
3 3323 3122 2445 
3 3323 3001 1307 
3 3323 1307 3122 
3 2272 1895 2535 
3 3001 2943 2272 
3 3001 948 2943 
3 2272 868 1859 
3 2943 2561 868 
3 825 2532 938 
3 2327 3292 2535 
3 1859 3220 3123 
3 868 2056 3220 
3 3122 2535 3378 
3 1307 2272 2535 
3 2956 2327 1895 
3 3358 3292 2327 
3 3476 2914 2249 
3 938 1895 1859 
3 2532 2956 938 
3 831 2327 2956 
3 2629 938 1859 
3 2956 1895 938 
3 3410 3475 1427 
3 1754 2249 825 
3 2639 3410 2895 
3 1180 2249 1754 
3 2895 1180 3412 
3 1427 1969 1180 
3 3412 1754 825 
3 3412 1180 1754 
3 1145 2192 3446 
3 2192 1145 1515 
3 1427 1145 3446 
3 3446 1969 1427 
3 3446 2705 1969 
3 2639 1916 3410 
3 3123 1916 3066 
3 867 2301 2072 
3 1180 3410 1427 
3 3349 3475 3410 
3 938 2629 2895 
3 3066 1916 2639 
3 2639 2629 3066 
3 2639 2895 2629 
3 3410 1916 3349 
3 3123 3316 1916 
3 3475 867 2072 
3 3475 3349 867 
3 3139 1179 3297 
3 1017 1363 1466 
3 1017 3297 1363 
3 1909 1470 875 
3 1740 1909 1179 
3 2720 3098 2334 
3 1740 1470 1909 
3 1740 1971 1470 
3 2677 2720 2172 
3 1470 3098 2720 
3 875 1470 2677 
3 939 1908 2763 
3 1662 860 2790 
3 860 3045 1432 
3 2192 3246 2980 
3 1189 2988 1058 
3 2980 2705 2192 
3 1189 1058 1491 
3 2988 3246 1058 
3 1189 1833 2980 
3 3051 2546 1833 
3 1449 1482 1491 
3 3051 1833 1189 
3 2988 2980 3246 
3 1833 2705 2980 
3 1969 1987 2249 
3 1969 2705 1987 
3 3369 2914 3476 
3 831 2956 2532 
3 2914 2532 825 
3 2914 2241 831 
3 2914 831 2532 
3 3358 2327 831 
3 2106 2429 2324 
3 2241 2914 3369 
3 3358 2241 2429 
3 3358 831 2241 
3 2324 3369 3476 
3 2429 2241 3369 
3 2106 2324 1373 
3 2429 3369 2324 
3 1711 2624 3051 
3 1711 1456 1566 
3 1235 1566 1456 
3 1235 2624 1566 
3 1456 1066 1235 
3 1373 2324 1066 
3 1995 3501 2674 
3 1932 836 1196 
3 2674 1410 1432 
3 2674 1196 1410 
3 2554 3501 1995 
3 2515 2254 3501 
3 2554 2515 3501 
3 3056 838 2515 
3 2829 3056 1498 
3 1995 1432 3045 
3 3045 3056 2554 
3 3014 838 3056 
3 3056 3045 1498 
3 2554 1995 3045 
3 2790 2763 1662 
3 1662 3045 860 
3 2489 1449 1491 
3 1842 1939 2923 
3 1491 1482 1189 
3 2790 1432 1482 
3 1482 1449 2790 
3 2489 1939 1449 
3 1449 2763 2790 
3 1498 3045 1662 
3 1662 2763 1498 
3 939 1939 1842 
3 1908 862 1783 
3 1160 964 1191 
3 3086 2652 1908 
3 845 1187 862 
3 1908 1653 2915 
3 1783 1191 1519 
3 2915 806 989 
3 1519 3272 1807 
3 1908 2915 3014 
3 1653 806 2915 
3 2763 2829 1498 
3 3014 3056 2829 
3 989 2318 838 
3 2534 2254 838 
3 1155 2534 2318 
3 3311 2450 2534 
3 1223 2450 3311 
3 3328 1932 2450 
3 2446 1807 2043 
3 2446 3311 1155 
3 2534 1155 3311 
3 2318 989 1155 
3 1807 989 806 
3 1807 1155 989 
3 1653 1519 806 
3 1191 3272 1519 
3 862 1160 3097 
3 862 1187 1160 
3 3272 1094 3491 
3 3272 1191 1094 
3 3491 1503 3272 
3 3491 1130 1503 
3 1094 2096 3491 
3 3401 2508 2096 
3 800 1161 2507 
3 2454 1140 2075 
3 2454 2075 1161 
3 1094 3194 2507 
3 800 2507 3194 
3 2075 1094 2507 
3 1282 1886 2643 
3 1507 1161 800 
3 918 1507 3197 
3 800 2643 1886 
3 2643 1962 2837 
3 1187 2625 1962 
3 1908 2652 862 
3 2652 2721 2029 
3 3215 1113 2004 
3 1426 1962 1113 
3 1113 2625 2004 
3 3215 1426 1113 
3 2837 1962 1426 
3 1426 1156 2837 
3 2683 888 1148 
3 1426 3215 1156 
3 1805 3141 2029 
3 3215 3060 1156 
3 3141 2004 2652 
3 942 1805 3106 
3 3141 3215 2004 
3 3215 1805 3060 
3 2029 3106 1805 
3 862 2652 2004 
3 3086 2721 2652 
3 2029 3141 2652 
3 1805 3215 3141 
3 1842 2585 3086 
3 1908 939 3086 
3 939 1449 1939 
3 3086 939 1842 
3 2763 1449 939 
3 1842 2923 2585 
3 2149 2637 3144 
3 3105 3262 1750 
3 2637 3093 2145 
3 3144 833 2135 
3 2145 2864 833 
3 2463 2783 3338 
3 3070 1849 2135 
3 2149 2609 2637 
3 2307 2569 2217 
3 1849 1291 2731 
3 1292 1849 2569 
3 3144 2135 1849 
3 2420 1429 2731 
3 2569 1849 2731 
3 3037 2420 2044 
3 2731 1291 2420 
3 1141 1362 2090 
3 1141 2183 2856 
3 2183 1141 2292 
3 1366 2494 1992 
3 1366 1132 2494 
3 2084 1366 1992 
3 2645 1132 1366 
3 2645 2292 2090 
3 2645 2183 2292 
3 1351 2856 2183 
3 1830 1362 1141 
3 2292 1141 2090 
3 2856 1830 1141 
3 2713 1100 3321 
3 3259 2856 1351 
3 1366 2084 2183 
3 3259 1830 2856 
3 2183 2084 1351 
3 823 1782 978 
3 2709 2628 2594 
3 2148 1782 2628 
3 1862 2709 2084 
3 1862 2148 2709 
3 3321 2594 2713 
3 2628 1782 823 
3 2584 1100 2713 
3 1663 2084 3321 
3 2401 2584 2713 
3 1280 3338 2584 
3 3338 1100 2584 
3 1830 3259 1100 
3 1100 2498 3321 
3 1100 1663 2498 
3 2084 1965 1351 
3 1663 1100 3259 
3 2783 2463 2044 
3 3338 2213 2463 
3 2463 3037 2044 
3 1429 2569 2731 
3 1965 3259 1351 
3 1965 1663 3259 
3 2463 1429 3037 
3 2463 2213 794 
3 2463 794 1429 
3 1669 2339 2307 
3 2213 1828 794 
3 1638 1403 1136 
3 794 1669 2217 
3 1828 2005 2339 
3 1647 2022 2423 
3 1828 2213 1850 
3 1264 2423 2396 
3 1403 2213 3338 
3 2005 1850 1198 
3 2005 1828 1850 
3 1638 2817 1403 
3 1850 2213 2444 
3 1136 1403 1280 
3 2444 2213 1403 
3 1601 2401 823 
3 2817 1198 2444 
3 2713 823 2401 
3 2594 2628 823 
3 1601 2396 2401 
3 1264 1767 2423 
3 1264 1601 2255 
3 1264 2396 1601 
3 2401 1638 1136 
3 2396 1198 2817 
3 1403 2817 2444 
3 1638 2396 2817 
3 2959 1647 2174 
3 2423 1198 2396 
3 3170 2841 2961 
3 2105 1767 1264 
3 1264 2057 1106 
3 2255 1904 2057 
3 2237 1208 930 
3 2841 3170 2579 
3 930 1208 2579 
3 1106 2961 2841 
3 2841 2105 1106 
3 2841 2579 2105 
3 1739 1208 1705 
3 2174 2105 1208 
3 1825 1951 1914 
3 2959 2174 1951 
3 2174 1647 1767 
3 2959 1107 1647 
3 1647 2423 1767 
3 2005 1198 2423 
3 2022 2339 2005 
3 1107 3251 3404 
3 2423 2022 2005 
3 1647 1107 2022 
3 2086 1428 2190 
3 1107 2959 1787 
3 1107 1787 3251 
3 2959 1951 1787 
3 2199 3395 2190 
3 3251 1787 3474 
3 2199 1116 2933 
3 3474 2933 1116 
3 1981 2190 3395 
3 2086 3157 3048 
3 1981 2086 2190 
3 1981 1946 2086 
3 1946 2131 1948 
3 3168 1680 2131 
3 3048 1428 2086 
3 3251 3474 2190 
3 2190 3404 3251 
3 1107 2307 2339 
3 2307 1428 1475 
3 3404 2190 1428 
3 3270 2307 1475 
3 2217 1669 2307 
3 1775 1292 3270 
3 2569 2307 1292 
3 1849 1775 3144 
3 1849 1292 1775 
3 2149 3270 1872 
3 1292 2307 3270 
3 1775 2149 3144 
3 2815 1475 1948 
3 3270 1475 1872 
3 1428 3048 1475 
3 3181 2449 3061 
3 2815 2149 1872 
3 3146 3498 1454 
3 3146 2149 3498 
3 3144 2637 2145 
3 2609 3146 2449 
3 3093 3105 3309 
3 3093 2609 3105 
3 2145 3093 3309 
3 2637 2609 3093 
3 3061 2449 3146 
3 1118 2608 1001 
3 1800 3061 1454 
3 2749 3181 3061 
3 2815 2131 3503 
3 1680 2749 1800 
3 3498 1800 1454 
3 3503 1680 1800 
3 1948 2131 2815 
3 2100 1680 3503 
3 1475 2815 1872 
3 3503 1800 2815 
3 1565 1903 3168 
3 2562 2749 1903 
3 1800 2749 3061 
3 2562 1177 2749 
3 1177 2831 1565 
3 2562 1903 2831 
3 2831 1177 2562 
3 2285 2735 1177 
3 1589 1595 3293 
3 2735 3293 1595 
3 2608 1589 1383 
3 2735 1595 1589 
3 1001 2608 3430 
3 1383 3062 2608 
3 2058 3430 2416 
3 2608 3486 3430 
3 1766 2416 2754 
3 1766 2058 2416 
3 1585 3486 3062 
3 2045 3430 3486 
3 2045 1605 2754 
3 2876 1753 1605 
3 1605 2857 2754 
3 1605 1753 2857 
3 2942 2233 2049 
3 1146 2336 2233 
3 2336 1042 1251 
3 2484 1376 3296 
3 2336 1251 2233 
3 1042 2178 1251 
3 2766 2565 2178 
3 2587 2942 2857 
3 2233 1251 2049 
3 2857 2942 2049 
3 2587 2233 2942 
3 2058 1001 3430 
3 1118 2735 2608 
3 2049 1808 2754 
3 1251 2178 2565 
3 1431 1001 2058 
3 1766 1431 2058 
3 2529 3408 1809 
3 2529 2209 1750 
3 1431 1750 2209 
3 3186 1118 1699 
3 1001 2209 1699 
3 1699 1118 1001 
3 1118 3186 3181 
3 1177 3181 2749 
3 2735 1118 3181 
3 3181 3186 2449 
3 1699 2209 3186 
3 3186 1809 2449 
3 3186 2209 2529 
3 3408 2529 1750 
3 1809 3186 2529 
3 3262 3408 1750 
3 3262 3105 3408 
3 2421 1049 2766 
3 3296 911 3305 
3 2178 3031 2421 
3 2484 3296 3305 
3 1042 3031 2178 
3 2065 1376 2484 
3 2178 2421 2766 
3 3031 2065 2421 
3 2766 1049 3305 
3 2421 2065 1049 
3 1049 2484 3305 
3 1049 2065 2484 
3 1777 3296 1376 
3 2362 2545 3296 
3 3296 2545 911 
3 1953 2991 1696 
3 1724 1268 1555 
3 1086 1953 1696 
3 1520 949 2122 
3 2654 783 1526 
3 1370 1184 2654 
3 3171 1370 967 
3 2373 2352 2117 
3 1738 1273 2253 
3 2397 1370 1273 
3 3171 967 1941 
3 1273 1370 1518 
3 2397 1184 1370 
3 2654 1184 783 
3 2397 1273 1184 
3 1273 1436 1184 
3 2538 3510 1436 
3 1620 3325 3317 
3 3325 2296 1526 
3 3510 3213 1436 
3 3317 1441 3213 
3 2736 3249 2467 
3 783 1441 1526 
3 2017 2654 1526 
3 2017 1370 2654 
3 848 1941 1063 
3 967 1370 2017 
3 2352 2722 848 
3 1518 1370 3171 
3 3171 1941 3242 
3 967 2017 1063 
3 1941 848 2722 
3 3236 848 2987 
3 1941 967 1063 
3 2987 848 1063 
3 3236 2352 848 
3 922 1064 2373 
3 3242 1941 2722 
3 1249 922 2373 
3 2722 2352 2373 
3 3236 1065 2352 
3 2642 2580 2117 
3 1064 2722 2373 
3 2258 1543 3488 
3 922 2436 2389 
3 3242 2722 2541 
3 1064 2389 2541 
3 922 1249 2436 
3 3488 1543 1249 
3 2580 1020 1268 
3 2436 1249 1543 
3 2580 1268 1724 
3 1356 1323 2287 
3 3488 2580 2258 
3 3488 2117 2580 
3 1217 2085 1696 
3 1555 1268 1089 
3 1398 1953 1086 
3 1398 1417 1953 
3 1089 3114 1217 
3 3114 2849 2782 
3 1555 1089 1497 
3 1089 1356 2287 
3 1217 3114 2085 
3 3202 1881 1360 
3 2287 2849 3114 
3 1360 2032 2849 
3 2085 3114 1316 
3 2849 1679 2782 
3 1679 1316 2782 
3 3234 1086 1316 
3 3470 2644 1881 
3 1338 1707 1384 
3 2032 1384 2050 
3 2644 3470 1384 
3 2691 3084 2325 
3 1338 1384 3470 
3 2325 1881 3202 
3 2325 3470 1881 
3 2408 3202 2849 
3 2408 2325 3202 
3 2287 2408 2849 
3 776 2710 2412 
3 1335 776 2408 
3 1335 1323 2710 
3 1335 2710 776 
3 1534 2325 2710 
3 776 2412 2408 
3 2710 2325 2412 
3 1504 3368 1874 
3 1305 3092 3198 
3 3455 2691 2589 
3 2325 1534 2691 
3 2364 2089 778 
3 2963 1534 778 
3 2642 778 1839 
3 2963 1874 1534 
3 2642 2364 778 
3 2642 1504 2364 
3 1839 1323 1356 
3 778 1534 1323 
3 1089 2287 3114 
3 1323 1335 2287 
3 1020 1356 1268 
3 1020 2642 1839 
3 1497 1089 1217 
3 1268 1356 1089 
3 1020 1839 1356 
3 778 1323 1839 
3 2580 2642 1020 
3 2117 2352 2642 
3 2089 2963 778 
3 2089 2364 2963 
3 2352 1065 2642 
3 3368 2290 1305 
3 2642 2862 1504 
3 2755 850 1412 
3 1065 2755 2862 
3 3111 1389 850 
3 3176 3053 3111 
3 3078 2736 3053 
3 2642 1065 2862 
3 1675 3176 1065 
3 3236 1675 1065 
3 3236 2987 1675 
3 3078 3249 2736 
3 1489 2987 3249 
3 817 2296 1046 
3 3249 1526 2296 
3 3317 3325 1441 
3 2390 2296 3325 
3 2296 2390 1046 
3 3325 1620 891 
3 1284 982 1289 
3 2390 3325 891 
3 891 982 2020 
3 2879 2913 3179 
3 2736 2467 817 
3 3249 2296 2467 
3 817 1451 3053 
3 3179 2692 3384 
3 1866 2462 1451 
3 1866 1364 2462 
3 2037 3009 1821 
3 3025 2692 3179 
3 1458 2879 3179 
3 1761 1364 3318 
3 2123 1405 1479 
3 1604 2692 3025 
3 2879 1761 2913 
3 2462 1364 1761 
3 1451 2879 1389 
3 1451 1761 2879 
3 3053 1389 3111 
3 2879 1458 1772 
3 1583 1612 1474 
3 1389 2879 1772 
3 1474 850 1389 
3 2755 3111 850 
3 2770 1412 850 
3 2862 2755 1412 
3 2333 3368 1305 
3 2862 1412 2290 
3 1534 3368 2333 
3 1504 2862 3368 
3 1305 3067 2770 
3 2290 1412 3067 
3 2729 3092 1512 
3 3067 1412 2770 
3 850 1512 2770 
3 2164 2167 934 
3 3092 2729 3416 
3 1371 1474 1772 
3 840 1944 2729 
3 1877 1572 1561 
3 1512 840 2729 
3 1371 1984 1944 
3 3384 1877 1984 
3 1068 2729 1944 
3 1944 840 1583 
3 1512 850 1474 
3 840 1612 1583 
3 840 1512 1474 
3 1458 1371 1772 
3 1612 840 1474 
3 1984 1371 1458 
3 1583 1474 1371 
3 1458 3179 1984 
3 2913 3025 3179 
3 3008 2517 1821 
3 1821 3318 2037 
3 2347 1178 2517 
3 1222 2878 3159 
3 3318 3025 2913 
3 3318 1604 3025 
3 1944 1984 1877 
3 1984 3179 3384 
3 1025 1222 3310 
3 2760 2214 1541 
3 2347 1693 1178 
3 3310 2760 1561 
3 2517 1178 2338 
3 1693 1572 1178 
3 1693 1025 3310 
3 1151 2979 1287 
3 1025 1151 1222 
3 932 2161 3347 
3 1222 2760 3310 
3 2597 2214 2760 
3 1561 1541 3280 
3 1561 2760 1541 
3 1007 2481 2214 
3 3466 1945 2481 
3 2299 1007 2597 
3 3466 2481 1007 
3 1693 1561 1572 
3 1693 3310 1561 
3 1998 1068 1337 
3 1068 1944 1877 
3 1234 2910 931 
3 1068 1877 1337 
3 1561 1337 1877 
3 2866 1288 1337 
3 1337 1288 2167 
3 2866 934 1288 
3 2167 2164 1998 
3 1067 1401 931 
3 3362 1067 2164 
3 3362 887 2519 
3 3362 1401 1067 
3 2260 2242 3455 
3 2101 3361 1401 
3 2282 3439 3454 
3 2216 2101 1401 
3 2216 1677 2626 
3 3361 3455 1717 
3 2242 3084 3455 
3 1998 931 1068 
3 1998 1067 931 
3 2910 3416 931 
3 2729 1068 2382 
3 2382 3416 2729 
3 2382 931 3416 
3 2770 3092 1305 
3 3416 2589 3092 
3 1305 3198 2691 
3 3092 2589 3198 
3 1234 2996 2910 
3 2589 3416 2910 
3 1717 2996 2076 
3 2589 2910 2996 
3 1401 1234 931 
3 2076 2996 1234 
3 810 3084 2068 
3 810 2325 3084 
3 1338 810 2068 
3 1338 2325 810 
3 1707 1338 1239 
3 3470 2325 1338 
3 1239 2068 1060 
3 1239 1338 2068 
3 1575 1060 2282 
3 2068 3084 1060 
3 1333 1556 1575 
3 1707 1060 1575 
3 1575 2282 2689 
3 1060 3084 1649 
3 2968 2071 895 
3 1575 2689 2071 
3 2216 3439 2101 
3 2282 1060 1649 
3 3439 1649 3361 
3 3439 2282 1649 
3 3361 2260 3455 
3 3361 1649 2260 
3 2626 3454 3439 
3 1672 3229 2689 
3 2626 1224 1672 
3 1902 3462 1672 
3 2802 1377 1902 
3 3266 895 3462 
3 895 3281 3462 
3 2071 3229 3281 
3 1226 2968 3266 
3 2071 3281 895 
3 1003 2552 2853 
3 2302 3443 937 
3 3266 2968 895 
3 1226 3443 2309 
3 2234 2892 2302 
3 2302 937 2853 
3 2937 3073 2892 
3 3443 975 2309 
3 2234 2302 2853 
3 3073 3348 3443 
3 2552 2234 2853 
3 2206 2937 2234 
3 940 3324 2725 
3 996 2399 1166 
3 1550 1641 1392 
3 3463 2399 2531 
3 1392 1641 3463 
3 1641 2378 3463 
3 2552 2206 2234 
3 1162 3324 2531 
3 2552 2531 2206 
3 3324 3463 2531 
3 2937 2274 2415 
3 2206 2531 996 
3 1162 2552 2725 
3 1162 2531 2552 
3 3073 2937 3348 
3 2274 2251 2080 
3 3348 2937 2415 
3 2892 2234 2937 
3 2251 3172 2370 
3 2531 2399 996 
3 3002 2142 2399 
3 854 2370 1166 
3 2142 2195 1166 
3 1166 2195 854 
3 2206 3172 2274 
3 996 2370 3172 
3 3172 2266 2274 
3 3172 2251 2266 
3 2415 2007 3348 
3 2767 2240 2582 
3 2912 3016 1413 
3 2582 3348 2007 
3 3073 3443 2302 
3 3348 2582 3443 
3 1226 2309 2968 
3 975 3286 3177 
3 975 1333 2309 
3 1556 1707 1575 
3 3177 1556 1333 
3 3177 3286 3052 
3 975 3177 1333 
3 3286 2935 3052 
3 3177 3052 1556 
3 3506 2050 3052 
3 2240 2935 3286 
3 2240 3506 2935 
3 2007 2767 2582 
3 3209 2173 3447 
3 2767 1994 2240 
3 2912 2007 2080 
3 1950 3193 779 
3 1950 985 3193 
3 3221 2598 985 
3 1994 2134 2240 
3 985 2598 2134 
3 1438 3326 2598 
3 1316 1679 3326 
3 1398 3234 1615 
3 1615 3234 1438 
3 1086 3234 1398 
3 1316 3326 3234 
3 1615 1417 1398 
3 1615 3221 1417 
3 1950 779 1386 
3 3221 985 1950 
3 1615 2598 3221 
3 1994 1413 779 
3 2912 2767 2007 
3 3414 3447 1979 
3 2912 1413 1994 
3 3414 2441 3447 
3 3414 2761 2441 
3 2441 2225 3447 
3 1838 1413 3016 
3 3209 3016 2912 
3 2225 1838 3016 
3 2225 3016 3209 
3 2007 2415 2080 
3 2767 2912 1994 
3 3209 3447 2225 
3 2080 2173 2912 
3 2173 1979 3447 
3 2912 2173 3209 
3 2080 2251 2173 
3 2807 1915 2205 
3 1780 830 1915 
3 1780 2179 830 
3 830 3327 1915 
3 2807 2205 3414 
3 3459 2300 2295 
3 888 1704 804 
3 1391 942 1704 
3 1780 2201 2179 
3 2215 1464 2024 
3 3459 1148 2300 
3 2798 2295 2300 
3 2295 1181 3459 
3 2142 1827 2807 
3 2179 2215 1181 
3 2195 2142 2807 
3 1166 2399 2142 
3 854 2195 1979 
3 2807 3414 2195 
3 3002 2132 2142 
3 951 1033 1917 
3 2132 1827 2142 
3 2132 1917 1827 
3 1827 1464 2201 
3 2215 3459 1181 
3 1917 1263 1464 
3 1263 2670 2024 
3 1464 1263 2024 
3 1144 808 2368 
3 1827 1917 1464 
3 2132 2378 1917 
3 1917 2378 951 
3 2132 3002 2378 
3 1033 2670 1263 
3 1033 3377 2670 
3 965 1148 2024 
3 2119 3377 1641 
3 965 1749 2275 
3 2024 2670 1749 
3 965 2275 1144 
3 1749 1683 2275 
3 1148 1144 1294 
3 2275 1683 1144 
3 1294 1923 2683 
3 3197 1282 2837 
3 1148 965 1144 
3 1148 2215 2024 
3 2300 1148 804 
3 3459 2215 1148 
3 1148 888 804 
3 1327 3060 1391 
3 888 1391 1704 
3 888 2683 1391 
3 2683 3197 1391 
3 3197 1507 1282 
3 1391 3197 1327 
3 2683 2902 3197 
3 3197 2902 918 
3 2683 1148 1294 
3 2368 1294 1144 
3 1923 2902 2683 
3 2119 966 3337 
3 3337 808 1683 
3 808 3337 991 
3 2204 961 3396 
3 2368 1923 1294 
3 2368 991 3396 
3 2368 918 1923 
3 1507 1886 1282 
3 1445 3208 918 
3 3208 1161 1507 
3 2454 3208 3265 
3 918 2368 1445 
3 918 3208 1507 
3 3208 1933 3265 
3 2454 3265 1257 
3 3208 1445 1933 
3 2061 2194 1358 
3 3396 961 3352 
3 2061 1933 2194 
3 1445 2368 3396 
3 3396 2194 1445 
3 2391 1358 2194 
3 2204 3396 991 
3 2391 2194 3396 
3 2670 2119 3337 
3 3352 2752 2391 
3 2428 961 1636 
3 2428 2752 961 
3 3396 3352 2391 
3 961 2752 3352 
3 2304 1860 2361 
3 2646 2667 940 
3 2231 1860 2428 
3 2231 2112 1860 
3 1860 2112 2361 
3 2231 2359 1550 
3 2780 1135 1840 
3 1382 2932 2361 
3 2231 1550 2112 
3 3377 951 1641 
3 1550 2359 2119 
3 2231 2428 966 
3 1636 966 2428 
3 3337 1683 1749 
3 1636 3337 966 
3 1636 2204 3337 
3 966 2119 2359 
3 2670 3377 2119 
3 3324 2667 3463 
3 1550 2119 1641 
3 2667 1392 3463 
3 1820 1550 1392 
3 940 2667 3324 
3 940 1840 2646 
3 2413 3117 3118 
3 1840 940 2934 
3 2667 2646 1820 
3 2932 1395 2361 
3 3118 3117 1551 
3 2413 2951 1039 
3 2780 1551 2442 
3 1840 2934 1003 
3 1003 3118 1840 
3 2853 2413 3118 
3 2552 1003 2934 
3 2853 3118 1003 
3 832 2951 2413 
3 855 1625 1039 
3 3462 2426 3266 
3 832 855 2951 
3 3462 1377 2426 
3 2010 1286 1377 
3 1377 832 2426 
3 1377 1286 832 
3 832 2728 1625 
3 2855 3275 3440 
3 832 1625 855 
3 2728 3440 1625 
3 2413 1039 3117 
3 2951 855 1039 
3 2855 3440 2728 
3 2127 902 2732 
3 832 2316 2728 
3 3126 3275 2855 
3 2354 2316 1286 
3 2354 2699 2316 
3 2316 2699 3126 
3 777 2919 1682 
3 3261 1509 2168 
3 2699 2354 2168 
3 3440 3275 2310 
3 1885 2699 1509 
3 1557 2127 2732 
3 3440 1034 2127 
3 1551 959 2442 
3 3260 1905 2366 
3 1557 2732 960 
3 2127 1034 902 
3 2442 1557 960 
3 959 2127 1557 
3 2442 959 1557 
3 1551 2074 959 
3 2646 2026 1382 
3 1135 2780 3124 
3 2646 1135 2026 
3 2646 1840 1135 
3 2646 1382 2361 
3 2026 2932 1382 
3 1897 2932 3260 
3 2780 960 3124 
3 889 3260 2133 
3 2265 960 2732 
3 2143 2133 2001 
3 2555 889 2133 
3 1709 1309 2447 
3 2133 3260 2366 
3 1121 902 1034 
3 3336 1134 2355 
3 1309 2355 2447 
3 2366 1905 2355 
3 3260 1387 1905 
3 2265 3124 960 
3 3260 2265 1387 
3 3260 3124 2265 
3 3440 2310 1034 
3 3275 3126 1885 
3 1529 3261 2593 
3 2310 3275 3261 
3 3275 1885 3261 
3 3126 2699 1885 
3 1797 2920 1610 
3 2920 3261 1529 
3 1610 2920 1529 
3 2310 3261 2920 
3 1134 1121 1797 
3 1121 1034 2603 
3 3336 1121 1134 
3 3336 902 1121 
3 1134 1797 3082 
3 1121 2603 1797 
3 2298 881 1968 
3 3484 3082 827 
3 3082 1610 827 
3 1529 2503 1610 
3 963 2496 1159 
3 827 1610 1159 
3 2881 963 1159 
3 2099 3507 881 
3 3484 827 2298 
3 2496 2099 1348 
3 3484 2298 1702 
3 1348 881 2298 
3 3071 1309 946 
3 1709 1702 946 
3 1309 1709 946 
3 2447 1490 1709 
3 1702 1490 3484 
3 1702 1709 1490 
3 1968 3071 946 
3 2548 2366 1309 
3 2001 2548 1309 
3 2001 2133 2548 
3 1919 1968 881 
3 1919 3071 1968 
3 1019 3071 1919 
3 1019 1488 3071 
3 903 1345 1671 
3 2001 1309 1488 
3 1671 1345 1488 
3 2724 1546 1013 
3 1212 903 1671 
3 2724 2506 1648 
3 2506 995 1648 
3 2816 2400 2011 
3 3421 2180 2506 
3 2180 1548 995 
3 1546 1648 2335 
3 1910 1893 1544 
3 2361 2724 1013 
3 903 2826 2724 
3 3482 889 2555 
3 1897 3260 889 
3 1395 3482 2143 
3 1395 1897 3482 
3 3482 1897 889 
3 1395 2932 1897 
3 2752 2304 1013 
3 2428 1860 2304 
3 1135 2932 2026 
3 1135 3124 2932 
3 2724 2143 2001 
3 2724 2361 2143 
3 2724 1648 1546 
3 2724 2826 2506 
3 2335 1910 2297 
3 1910 2898 1893 
3 3373 1910 2335 
3 2419 1358 2297 
3 3265 2061 1397 
3 1358 1544 2061 
3 1397 1762 2581 
3 2096 1094 1140 
3 3265 1397 1257 
3 1688 1893 1762 
3 1378 1762 1893 
3 1397 1688 1762 
3 1378 2581 1762 
3 1140 1257 2581 
3 2061 1688 1397 
3 2061 1544 1688 
3 3401 2291 2925 
3 1140 2581 2291 
3 995 2898 3373 
3 2706 2286 1450 
3 2297 1910 2419 
3 3373 2898 1910 
3 3407 2400 2681 
3 2816 1893 1548 
3 995 1548 2898 
3 995 1734 2180 
3 2706 2816 1548 
3 2011 3407 1378 
3 2011 1378 2816 
3 2925 2291 1378 
3 2816 2706 2400 
3 1548 2286 2706 
3 2681 917 3407 
3 3333 2176 990 
3 2681 2994 917 
3 3222 873 972 
3 3301 1818 1678 
3 1450 2286 3379 
3 2681 1818 3301 
3 2681 2706 1450 
3 1818 1450 3379 
3 1818 2681 1450 
3 1548 2180 2286 
3 1734 2506 2180 
3 995 2506 1734 
3 2826 2636 2506 
3 1212 2636 2826 
3 972 873 2636 
3 903 1212 2826 
3 1855 1343 1970 
3 1671 1855 1212 
3 1671 2995 1855 
3 1488 1195 2995 
3 1195 1864 2905 
3 2506 3143 3421 
3 2506 2636 3143 
3 2180 3421 3379 
3 3143 873 3421 
3 3379 1678 1818 
3 1051 2739 3333 
3 3421 1654 3379 
3 2739 2176 3333 
3 3222 1654 873 
3 1678 3379 1654 
3 1074 2349 1523 
3 1243 1884 2893 
3 1970 972 1855 
3 3277 3222 972 
3 1437 1817 3222 
3 2476 1678 1654 
3 1817 2476 3222 
3 2293 2176 2739 
3 1751 3113 2184 
3 1103 3301 1678 
3 1678 2476 1103 
3 2476 2293 2739 
3 3333 2184 1051 
3 2994 3301 1103 
3 2994 3319 917 
3 3319 1103 1051 
3 917 3319 3204 
3 2994 1103 3319 
3 3204 3113 897 
3 3204 3319 1051 
3 3204 1051 3113 
3 1103 2739 1051 
3 3182 872 2113 
3 990 2176 872 
3 1817 2293 2476 
3 2113 872 2293 
3 1361 1437 3222 
3 2576 2113 1817 
3 2650 914 1616 
3 2576 1817 1437 
3 1361 2675 1437 
3 2566 3441 2414 
3 2675 2218 1437 
3 2820 2113 2576 
3 872 3182 990 
3 2113 2820 3182 
3 2820 2387 909 
3 1580 3427 1122 
3 909 2387 1122 
3 1015 1138 2387 
3 3074 1111 2820 
3 2916 1015 1111 
3 2650 1587 914 
3 2992 3148 3055 
3 2576 2502 2820 
3 798 2916 3074 
3 2820 2502 3074 
3 2576 1437 2218 
3 3148 2218 3055 
3 2502 2576 2218 
3 1616 914 2742 
3 914 878 2742 
3 812 1302 2742 
3 2992 3055 1302 
3 3441 812 2742 
3 2566 2087 812 
3 2414 1824 2566 
3 1989 2087 2566 
3 878 1824 2414 
3 2566 812 3441 
3 2277 1824 1852 
3 2277 2566 1824 
3 2742 2414 3441 
3 2742 878 2414 
3 1243 1735 3235 
3 1476 3367 1735 
3 878 914 2806 
3 2742 1302 1616 
3 3055 1616 1302 
3 2675 1361 2650 
3 2675 2650 1616 
3 1361 1587 2650 
3 972 2349 3277 
3 972 1970 1523 
3 1361 1074 1587 
3 3277 2349 1074 
3 1074 1523 1587 
3 2349 972 1523 
3 1523 2875 1587 
3 1523 1970 2875 
3 1238 3367 1031 
3 1735 1283 1633 
3 1238 1031 1870 
3 1476 3020 1031 
3 3289 1238 1870 
3 1265 2799 1238 
3 2799 2006 2407 
3 3240 1283 3135 
3 1183 1568 2612 
3 2006 3135 2407 
3 1031 3367 1476 
3 2407 1283 3367 
3 1243 3020 1735 
3 3367 1283 1735 
3 1735 1633 878 
3 2997 1852 2774 
3 3068 2774 1852 
3 2997 1283 3240 
3 878 3068 1824 
3 878 1633 3068 
3 1568 2970 2006 
3 2704 1852 2970 
3 2612 1568 2799 
3 3047 2473 1021 
3 1633 2997 2774 
3 1633 1283 2997 
3 1568 2006 2799 
3 3240 3135 2006 
3 1265 2612 2799 
3 3047 998 2473 
3 1265 1183 2612 
3 983 1599 847 
3 1562 2395 1183 
3 998 847 1791 
3 2395 3047 1183 
3 998 2395 847 
3 998 3047 2395 
3 1265 1562 1183 
3 2570 1756 3125 
3 2395 1242 847 
3 1756 1265 2380 
3 1242 983 847 
3 1242 1562 2570 
3 1791 1521 1732 
3 1791 847 1521 
3 1242 2570 983 
3 3125 1599 1442 
3 983 2570 1442 
3 1562 1265 1756 
3 3289 3028 1238 
3 3028 1741 1810 
3 1810 1756 2380 
3 2570 1562 1756 
3 1150 2586 2465 
3 1150 2438 2586 
3 2570 3125 1442 
3 1756 1810 3125 
3 2712 2917 1539 
3 2229 2185 2865 
3 3366 2438 1150 
3 2946 1888 2438 
3 3366 1332 2438 
3 1457 1381 2235 
3 3284 2456 1150 
3 1816 1019 3507 
3 2465 2586 1741 
3 2438 1888 2586 
3 3028 2465 1741 
3 3284 1150 2465 
3 1238 3028 2380 
3 3284 2465 3028 
3 1735 3020 1476 
3 2063 1884 2060 
3 1243 2893 3020 
3 1243 1343 1884 
3 947 1243 3235 
3 1970 1343 1243 
3 1884 2905 2060 
3 835 882 3444 
3 1870 2063 2060 
3 2893 1884 2063 
3 2060 3289 1870 
3 3289 3444 2456 
3 1150 2456 3366 
3 3284 3289 2456 
3 1330 835 2488 
3 882 1816 3444 
3 2488 1864 1330 
3 2905 2630 1195 
3 2488 2905 1864 
3 1884 1343 2630 
3 1357 2630 1343 
3 2995 1671 1488 
3 1357 2995 2630 
3 1357 1855 2995 
3 1488 3145 1195 
3 1488 1019 3145 
3 2488 835 3444 
3 1330 882 835 
3 2946 1332 1645 
3 2351 1095 1816 
3 2351 1816 3507 
3 1095 3444 1816 
3 1332 2351 3507 
3 3366 1095 2351 
3 2099 1332 3507 
3 3366 2351 1332 
3 1645 1844 2946 
3 1457 2235 2619 
3 1844 2321 2946 
3 1844 1645 1381 
3 1844 1381 2321 
3 1645 963 1381 
3 1645 2099 2496 
3 1645 1332 2099 
3 2235 3276 3006 
3 1728 2986 3276 
3 1461 2881 1728 
3 1461 963 2881 
3 2235 963 1461 
3 1645 2496 963 
3 796 2547 2777 
3 3276 1856 1126 
3 3303 2887 2264 
3 3006 3276 1126 
3 3103 3129 814 
3 1419 2264 2464 
3 2159 1126 1856 
3 2464 1221 1126 
3 1421 1419 3129 
3 2464 814 3129 
3 1421 3129 3000 
3 1419 2464 3129 
3 2170 2140 1248 
3 2422 1197 1421 
3 3405 2130 1248 
3 1171 2315 1472 
3 2648 1248 2130 
3 3180 3231 2315 
3 2723 3000 3129 
3 2648 2130 3000 
3 3303 2264 1928 
3 1221 2464 2264 
3 2147 2777 1011 
3 3006 1221 2777 
3 3303 1928 1197 
3 2264 1419 1421 
3 2264 1421 1928 
3 3000 2130 1421 
3 816 2422 2599 
3 1421 2130 2422 
3 2315 3405 3180 
3 2422 2130 3405 
3 2664 3350 2477 
3 2887 1221 2264 
3 2477 3350 3303 
3 1011 2777 2887 
3 1863 2796 1011 
3 2547 2796 3006 
3 2147 796 2777 
3 2547 3006 2777 
3 2147 2547 796 
3 3006 2796 2619 
3 2147 3185 2547 
3 2147 1011 3185 
3 1076 3011 2619 
3 2321 1381 1457 
3 2619 2796 1076 
3 3185 1011 2796 
3 2712 3011 1076 
3 2235 3006 2619 
3 2619 3011 1457 
3 2712 2787 3011 
3 2169 3080 898 
3 2169 2712 3080 
3 1076 898 3080 
3 2796 2332 898 
3 2796 1863 2332 
3 3350 864 2659 
3 2211 2169 2765 
3 2211 2712 2169 
3 2865 2917 2229 
3 1539 2787 2712 
3 2865 1539 2917 
3 2865 2787 1539 
3 2034 2185 2229 
3 3153 1521 2185 
3 2034 3153 2185 
3 3196 970 3206 
3 3196 864 3121 
3 2659 1399 2332 
3 3206 2034 1399 
3 3196 3121 970 
3 1072 1220 2239 
3 1368 1220 864 
3 3155 3121 864 
3 864 2664 1368 
3 1569 2659 2332 
3 1569 1863 2659 
3 2659 1863 3350 
3 1569 2332 1863 
3 2477 816 2664 
3 2477 2422 816 
3 864 3350 2664 
3 1863 1011 3350 
3 980 1368 2599 
3 2422 980 2599 
3 2422 3405 980 
3 2239 1220 1768 
3 1368 980 1171 
3 864 1220 1218 
3 1768 1472 2239 
3 1368 1768 1220 
3 1171 1472 1768 
3 1218 1220 1072 
3 1190 3375 1236 
3 2047 1317 2468 
3 1190 1236 1832 
3 1959 1317 921 
3 1959 921 3226 
3 2047 2468 1463 
3 1959 3226 3003 
3 3226 2047 1246 
3 1686 3003 811 
3 3003 3226 1035 
3 3076 1246 2955 
3 1035 3226 1246 
3 1190 1832 2468 
3 3425 1131 1463 
3 1246 2047 1463 
3 921 1317 2047 
3 1472 2758 3263 
3 3425 1463 1832 
3 3425 2758 1784 
3 1832 3263 2758 
3 1472 1258 2758 
3 3231 1128 1258 
3 1472 2315 3231 
3 1171 980 2315 
3 1248 2140 3405 
3 2353 3005 1128 
3 3405 2140 3180 
3 2140 3005 2353 
3 1131 3425 1779 
3 1538 1128 2786 
3 1131 1779 1048 
3 2786 3005 1168 
3 3238 1276 3271 
3 1048 3264 1276 
3 1276 3264 2281 
3 1048 1779 1168 
3 3180 2140 2353 
3 2170 2648 2140 
3 3005 1306 1168 
3 3005 2140 1306 
3 2723 1326 2544 
3 2337 1306 2559 
3 1048 1168 3264 
3 1306 2337 1168 
3 2717 1938 2708 
3 2281 1168 1422 
3 1176 2656 2595 
3 2955 1246 916 
3 2656 2717 2708 
3 811 1035 1246 
3 1422 3167 916 
3 2595 2955 3167 
3 2281 916 3271 
3 3167 2955 916 
3 3076 811 1246 
3 2676 1686 811 
3 2595 2656 2955 
3 2708 811 3076 
3 2955 2656 3076 
3 1938 811 2708 
3 3076 2656 2708 
3 2676 811 1938 
3 1108 2717 2656 
3 2676 1938 2717 
3 2221 1531 3308 
3 2221 2922 1531 
3 1422 1176 2595 
3 1108 1531 2717 
3 1168 2337 2475 
3 1788 2344 1108 
3 2922 2221 1813 
3 3308 1213 2062 
3 3091 822 2567 
3 2221 3308 1590 
3 2703 1531 2922 
3 822 2703 2922 
3 1350 2259 3091 
3 2922 1813 2567 
3 3091 1590 955 
3 1813 2221 1590 
3 3091 955 3128 
3 3173 1964 2320 
3 1590 2062 955 
3 3173 1213 1077 
3 1788 1098 2344 
3 1104 2014 2524 
3 955 2062 3041 
3 1590 3308 2062 
3 2344 2108 1213 
3 2344 1873 2108 
3 1098 3354 3489 
3 1176 1108 2656 
3 1423 1684 2313 
3 1241 1695 1200 
3 2344 1098 1873 
3 2250 2524 927 
3 1929 1182 2313 
3 3428 2404 2150 
3 3254 3227 2313 
3 2544 2337 2559 
3 1182 1929 3087 
3 2544 1582 2475 
3 3087 3359 1540 
3 1929 1096 3359 
3 3227 1096 1929 
3 3227 3354 2957 
3 3227 1582 1096 
3 3354 1788 2957 
3 3227 2957 1582 
3 1788 1108 1176 
3 2544 2475 2337 
3 1582 2957 2475 
3 1168 1176 1422 
3 2957 1788 1176 
3 2723 2544 2559 
3 1326 1582 2544 
3 2648 2723 2559 
3 3359 1096 1326 
3 3000 2723 2648 
3 1540 3359 1326 
3 3129 3103 2723 
3 1143 1628 2719 
3 3103 1540 2723 
3 3103 2575 1540 
3 2434 1481 3294 
3 2418 1560 1876 
3 2575 1481 3087 
3 814 2418 1481 
3 814 2575 3103 
3 814 1481 2575 
3 2159 1560 1126 
3 2418 814 1560 
3 1024 1340 1856 
3 1340 1560 2159 
3 2653 1460 2986 
3 2999 1856 3276 
3 1690 2653 2986 
3 2653 1880 2999 
3 1610 2503 2986 
3 2168 2593 3261 
3 2986 2503 1690 
3 1529 2593 2503 
3 2653 2999 1460 
3 1024 1856 2999 
3 1856 1340 2159 
3 1024 3294 1340 
3 3184 3294 2499 
3 1876 1340 3294 
3 2999 1880 1024 
3 2503 2593 1576 
3 2354 2976 2168 
3 1880 2503 1576 
3 2168 1045 1576 
3 2226 1024 1880 
3 2593 2168 1576 
3 1509 2699 2168 
3 2203 2226 1045 
3 933 2379 2226 
3 2379 2564 1453 
3 3294 1024 2499 
3 3100 2434 1701 
3 3100 1628 2434 
3 1701 2434 941 
3 2434 3294 3184 
3 3394 3100 1701 
3 1628 1481 2434 
3 2719 1628 3100 
3 3087 1540 2575 
3 1143 3087 923 
3 2719 1182 3087 
3 1481 923 3087 
3 1481 1628 923 
3 1628 1143 923 
3 2719 3087 1143 
3 2313 1182 1423 
3 2719 3394 1182 
3 2564 941 2499 
3 3184 2499 941 
3 1525 3394 1701 
3 3382 1598 2404 
3 941 1525 1701 
3 887 3362 3382 
3 1080 2583 1769 
3 1453 2499 2226 
3 2328 1080 1769 
3 1525 941 2583 
3 2583 2564 1769 
3 2583 941 2564 
3 2379 1453 2226 
3 2564 2499 1453 
3 859 1290 933 
3 1769 2564 2379 
3 2226 2203 933 
3 1045 2168 2976 
3 1045 2976 2203 
3 2354 1286 1336 
3 2976 3417 2203 
3 2976 2354 3417 
3 3417 1336 2203 
3 3417 2354 1336 
3 2203 1973 933 
3 1336 2919 1973 
3 2066 1290 859 
3 1769 2379 1290 
3 1478 2008 2802 
3 1469 1677 1682 
3 3372 1682 2919 
3 3372 3044 2802 
3 2802 3044 2010 
3 3372 1336 3044 
3 1682 2802 2008 
3 2010 1377 2802 
3 1672 1224 1902 
3 1271 2008 1478 
3 1224 1271 1478 
3 1469 2008 1271 
3 3454 2626 1672 
3 2626 1271 1224 
3 2216 2626 3439 
3 1469 1271 2626 
3 2626 1677 1469 
3 1099 777 1677 
3 2216 1099 1677 
3 859 1973 1099 
3 1973 777 1099 
3 1973 2919 777 
3 1080 887 1525 
3 2519 1401 3362 
3 2583 1080 1525 
3 2328 2519 1080 
3 1080 2519 887 
3 2328 2066 2519 
3 1290 2066 2328 
3 859 2216 2066 
3 1945 1695 3280 
3 3399 2524 2014 
3 3322 1945 3466 
3 927 1200 1945 
3 1942 1964 2874 
3 927 1945 3322 
3 3399 1241 1200 
3 852 1695 1241 
3 1945 1200 1695 
3 927 2524 1200 
3 3212 1598 3382 
3 3212 934 1598 
3 887 3382 3394 
3 3362 3212 3382 
3 2313 1684 3254 
3 3428 1659 2404 
3 1684 3428 2150 
3 1423 1182 3428 
3 3254 1684 2150 
3 1423 3428 1684 
3 3489 2014 1098 
3 3489 3254 2014 
3 2014 1104 1098 
3 1492 2813 1077 
3 1492 1104 3478 
3 2751 1098 1104 
3 2150 3399 2014 
3 2150 1241 3399 
3 2813 1492 3478 
3 2751 1104 1492 
3 1077 2813 1964 
3 1077 2751 1492 
3 3173 1077 1964 
3 1873 2751 1077 
3 1081 2638 2320 
3 3312 2062 1213 
3 2320 2638 3173 
3 3041 2062 3312 
3 2813 3478 1964 
3 1104 2524 2250 
3 3136 1002 1942 
3 3136 1972 1002 
3 1942 2874 3136 
3 2299 3322 3466 
3 3136 3127 1972 
3 2874 3490 3127 
3 3478 3490 2874 
3 3478 1104 2250 
3 3322 2250 927 
3 3322 3490 2250 
3 1222 3159 2597 
3 2878 1287 3159 
3 3159 2299 2597 
3 3159 3490 2299 
3 1151 1287 2878 
3 944 3109 1972 
3 2979 944 1287 
3 2882 1906 3109 
3 1821 3009 3008 
3 3318 1364 1657 
3 792 2268 1657 
3 2268 2744 2037 
3 2041 2311 1660 
3 3009 2037 2744 
3 2338 1821 2517 
3 1411 1660 2311 
3 1175 1372 2517 
3 1175 2311 1372 
3 1411 3008 2744 
3 1175 2517 3008 
3 1604 1821 2338 
3 1604 3318 1821 
3 1405 2123 1372 
3 2918 1025 2347 
3 3015 2918 2123 
3 2347 1372 2123 
3 1151 1025 2772 
3 1693 2347 1025 
3 1025 1967 2772 
3 2918 2347 2123 
3 1500 1044 1542 
3 3245 1418 3340 
3 2772 1967 1542 
3 1025 2918 1967 
3 1752 3015 2123 
3 3015 1967 2918 
3 2779 3015 1502 
3 2779 1967 3015 
3 1542 2779 1502 
3 1542 1967 2779 
3 2511 2809 1502 
3 2809 3400 1500 
3 3245 1044 2161 
3 1500 1502 2809 
3 3015 1752 1502 
3 2511 3400 2809 
3 1752 2511 1502 
3 1342 2836 2511 
3 2041 2294 1479 
3 1342 2511 1752 
3 1411 3156 1660 
3 1411 2633 3156 
3 2311 2041 1479 
3 1660 3089 2294 
3 1405 2311 1479 
3 1175 3008 1411 
3 1175 1411 2311 
3 2744 2268 2633 
3 2768 865 792 
3 2854 2962 2633 
3 2744 2633 1411 
3 2268 2854 2633 
3 792 865 3415 
3 2312 1667 1811 
3 2141 2939 865 
3 2939 1667 2312 
3 2962 1811 1660 
3 1667 2939 1691 
3 1667 1691 1811 
3 2294 1342 1752 
3 1632 2938 1062 
3 3151 3150 976 
3 1691 2622 2838 
3 976 3150 2247 
3 1062 1691 2939 
3 1062 2622 1691 
3 1891 1632 1062 
3 1047 1747 2493 
3 2622 2938 2247 
3 2938 976 2247 
3 2938 3151 976 
3 2437 3295 1050 
3 3150 1262 3295 
3 3400 2836 3040 
3 1342 1047 2493 
3 1806 1747 2838 
3 1747 2247 3295 
3 3089 1747 1047 
3 1806 2247 1747 
3 2622 1806 2838 
3 2622 2247 1806 
3 1811 3089 1660 
3 1811 2838 3089 
3 1660 2294 2041 
3 3089 1342 2294 
3 2511 2836 3400 
3 1342 2493 2764 
3 2836 2764 3040 
3 2836 1342 2764 
3 2764 2828 3040 
3 3099 3436 1581 
3 2493 2883 2828 
3 880 1747 2437 
3 1277 2120 2647 
3 1802 3255 3099 
3 3099 2437 3436 
3 880 2493 1747 
3 2437 3019 3436 
3 2111 1473 3390 
3 3099 880 2437 
3 3099 2883 880 
3 2437 1050 3019 
3 1170 1262 2059 
3 3295 1170 1050 
3 3295 1262 1170 
3 1050 2059 3019 
3 1050 1170 2059 
3 799 2111 3390 
3 2059 1473 2111 
3 2398 1593 1757 
3 799 3390 1593 
3 2781 782 3096 
3 1593 3390 1757 
3 2402 877 782 
3 1528 1858 1733 
3 3436 2771 2244 
3 799 2398 2771 
3 1721 2053 1328 
3 2771 2398 3075 
3 2466 1721 1328 
3 3110 1581 2244 
3 2053 2244 2771 
3 2053 3110 2244 
3 3110 1277 2647 
3 2702 1802 1277 
3 2647 2120 3099 
3 1277 1802 2120 
3 1924 2386 2969 
3 2702 1277 2036 
3 2969 1721 2466 
3 2036 3110 1721 
3 2431 2757 1924 
3 2527 2553 2971 
3 2948 886 1446 
3 1795 1906 1837 
3 2869 2527 1030 
3 1229 1924 1030 
3 2036 2386 2702 
3 1924 1229 2843 
3 2882 820 1837 
3 3347 3255 1802 
3 2969 2386 2036 
3 1924 2843 2386 
3 1721 2969 2036 
3 2466 1924 2969 
3 1163 2091 2702 
3 820 2882 2979 
3 2091 3347 1802 
3 3040 2828 3255 
3 820 3347 2091 
3 2161 3400 3347 
3 1418 3245 2161 
3 1044 1500 3400 
3 3340 1044 3245 
3 3340 1542 1044 
3 932 2797 1418 
3 932 2627 2797 
3 820 932 3347 
3 2979 1151 2627 
3 1795 1163 2702 
3 3330 820 1163 
3 1837 3330 1163 
3 1837 820 3330 
3 2797 2627 1151 
3 932 820 2979 
3 3340 2797 2772 
3 3340 1418 2797 
3 932 2979 2627 
3 2882 944 2979 
3 1298 3109 2385 
3 2882 1837 1906 
3 1972 3109 1298 
3 944 2882 3109 
3 2948 1795 2702 
3 2385 1906 1795 
3 1081 1344 886 
3 1081 1002 1344 
3 2948 1446 1795 
3 2385 1795 1446 
3 1030 2527 1229 
3 886 1344 2385 
3 2527 2971 2948 
3 2971 2638 1081 
3 1229 2527 2948 
3 2527 2869 3192 
3 1446 886 2385 
3 2971 1081 886 
3 2553 2638 2971 
3 2320 1002 1081 
3 3192 1922 2553 
3 1913 3041 3312 
3 3041 2563 955 
3 2638 2553 1922 
3 1350 3091 3128 
3 2567 1590 3091 
3 819 1922 2635 
3 3128 2563 1922 
3 2259 1350 819 
3 3128 1922 1350 
3 1922 1913 2638 
3 1922 2563 1913 
3 1922 3192 2635 
3 2553 2527 3192 
3 1924 2869 1030 
3 3442 819 2635 
3 819 3442 1744 
3 2869 1924 3442 
3 2757 2431 3356 
3 2757 3442 1924 
3 2906 2757 1627 
3 2906 3442 2757 
3 1733 784 1627 
3 1744 3442 2906 
3 3282 2259 3492 
3 2259 819 1744 
3 3492 2259 2510 
3 3342 822 2259 
3 2906 784 2510 
3 1185 2348 3049 
3 2522 2615 784 
3 2522 1185 2615 
3 2522 784 1733 
3 2615 3492 784 
3 2615 1185 1869 
3 2522 2348 1185 
3 1697 1185 3049 
3 2591 2305 3165 
3 1533 885 3468 
3 3165 3095 885 
3 2243 1533 2789 
3 2542 1869 1533 
3 863 3228 2789 
3 2542 1533 2243 
3 2243 3228 3282 
3 2243 2789 3228 
3 784 3492 2510 
3 1869 2542 3492 
3 2259 822 3091 
3 3342 3331 822 
3 3282 3342 2259 
3 3282 3228 3342 
3 3331 2703 822 
3 2762 2701 1157 
3 3331 2762 2703 
3 3331 3228 863 
3 899 2701 2762 
3 1686 2676 1157 
3 3331 863 2762 
3 899 2773 2701 
3 2762 863 899 
3 2789 3468 863 
3 2472 3095 2840 
3 2762 1157 2717 
3 2701 1686 1157 
3 1394 2202 2591 
3 1700 1974 1959 
3 1686 2472 3003 
3 1186 2472 2773 
3 863 1186 2773 
3 3003 2472 1700 
3 1686 2773 2472 
3 3468 1186 863 
3 3468 3095 1186 
3 1533 3468 2789 
3 885 3095 3468 
3 2202 1651 1447 
3 3095 2202 1447 
3 1765 3007 2746 
3 1853 3065 3164 
3 1644 2655 1853 
3 3438 1029 3065 
3 3438 3435 2781 
3 2746 2655 1644 
3 1447 2840 3095 
3 2013 2202 1394 
3 2189 1651 2202 
3 885 1697 3165 
3 3049 1394 1697 
3 2202 2305 2591 
3 2202 3095 2305 
3 3438 2270 2372 
3 3065 2655 1617 
3 2189 1617 2655 
3 2189 2013 1617 
3 2748 2402 3435 
3 3075 1328 2771 
3 2372 2998 2402 
3 3356 1627 2757 
3 2348 1858 2998 
3 1733 1627 1528 
3 1328 3356 2431 
3 1528 1627 3356 
3 1328 3075 3356 
3 877 1858 1528 
3 782 3075 2398 
3 877 1528 3075 
3 782 877 3075 
3 2998 1858 877 
3 2402 2781 3435 
3 2402 782 2781 
3 2398 1757 782 
3 2985 1725 2283 
3 1029 2781 1725 
3 2372 2748 3438 
3 2372 2402 2748 
3 1853 3164 2016 
3 1029 1725 2985 
3 3164 2985 2283 
3 3164 1029 2985 
3 3164 2283 2016 
3 3290 2839 3341 
3 2093 2141 865 
3 2227 2141 2982 
3 1237 1062 2141 
3 2093 865 2839 
3 2312 2854 3415 
3 792 3415 2268 
3 865 2312 3415 
3 2037 1657 2268 
3 2768 3341 865 
3 792 1657 1199 
3 2037 3318 1657 
3 1657 1993 1199 
3 1364 2020 982 
3 1199 2768 792 
3 3341 2839 865 
3 1199 3341 2768 
3 1199 3290 3341 
3 1993 1284 1199 
3 969 3315 3290 
3 1199 1284 3290 
3 1289 891 1620 
3 1993 982 1284 
3 1993 1364 982 
3 1284 1289 1620 
3 982 891 1289 
3 969 900 1861 
3 969 1284 900 
3 1284 969 3290 
3 2602 818 2227 
3 1861 3413 969 
3 1167 3364 1676 
3 3315 1009 2602 
3 3413 818 2602 
3 2093 3315 2982 
3 1009 3413 2602 
3 2839 3315 2093 
3 969 1009 3315 
3 2602 2982 3315 
3 2602 2227 2982 
3 1841 1730 839 
3 1861 2246 3413 
3 3510 1900 3213 
3 1861 2794 2246 
3 1861 1620 2794 
3 3213 1900 3317 
3 2794 1620 1900 
3 2794 1415 2246 
3 2794 1900 1415 
3 3023 839 1921 
3 1730 818 839 
3 2092 3023 1921 
3 3023 1841 839 
3 3364 1415 1676 
3 1415 3510 1676 
3 1597 1656 2246 
3 1676 3510 1167 
3 1597 3364 2122 
3 1167 2538 3364 
3 1738 2538 1436 
3 1738 910 2538 
3 3287 1597 2122 
3 1656 839 2246 
3 1153 3287 1406 
3 1153 1656 3287 
3 1921 839 1656 
3 3287 1656 1597 
3 1153 1921 1656 
3 3287 2122 1406 
3 2122 949 2688 
3 1406 2122 2688 
3 2253 910 1738 
3 1798 910 2253 
3 3364 1798 1520 
3 2253 3497 1798 
3 3364 1520 2122 
3 1798 949 1520 
3 3990 3765 3957 
3 3657 3533 3756 
3 3532 3942 3994 
3 3985 4007 3621 
3 4046 3780 3937 
3 3881 3751 3803 
3 3527 3764 3681 
3 3944 3800 3601 
3 4000 3804 3588 
3 3542 4026 4020 
3 3898 3894 3649 
3 3511 3567 3577 
3 4029 3699 3620 
3 3607 3904 3638 
3 3681 3764 3554 
3 3928 3862 3991 
3 3968 3662 3956 
3 3903 4014 3726 
3 4050 3983 4039 
3 3787 3589 3853 
3 3757 3924 3853 
3 3630 4034 3682 
3 3802 3611 3815 
3 3988 3969 3908 
3 3807 3854 3523 
3 3839 3857 3528 
3 3621 4007 3930 
3 3544 3967 3570 
3 3866 3986 3583 
3 3774 3824 3965 
3 3761 4040 3650 
3 3751 3529 3691 
3 3579 3825 3858 
3 3512 3647 3668 
3 3593 3949 3702 
3 3733 3760 3556 
3 3520 3888 3985 
3 3668 4008 4013 
3 3637 3916 4004 
3 3573 3886 4025 
3 3839 3717 3811 
3 3801 3717 3542 
3 3852 4043 3763 
3 3948 3909 3797 
3 3742 3979 3833 
3 3950 3833 3539 
3 4026 3973 4020 
3 3769 3654 3664 
3 3741 3605 3665 
3 3642 3799 3599 
3 3895 4037 3604 
3 3732 3845 3599 
3 3827 3712 3826 
3 3982 3546 3737 
3 3725 3903 3981 
3 3872 3905 4023 
3 3756 4037 3895 
3 3878 3748 3652 
3 4032 3594 3730 
3 4012 3634 3692 
3 3643 3903 3778 
3 3928 3968 3515 
3 3552 3564 3700 
3 3672 3729 3595 
3 3755 3775 3794 
3 3835 3754 3794 
3 3826 3646 3827 
3 3610 3925 3536 
3 3994 3942 3777 
3 3589 3942 3532 
3 3809 3831 3597 
3 3844 3861 3640 
3 3708 3777 3591 
3 4024 3689 3911 
3 3792 3885 3959 
3 3994 4024 3532 
3 3962 3799 3558 
3 3703 3704 3680 
3 3951 3805 3721 
3 3703 3575 4036 
3 3813 3861 3782 
3 3531 3691 3819 
3 3661 3871 3741 
3 3603 3660 3960 
3 3861 3813 3561 
3 3960 3660 3804 
3 3757 3532 4030 
3 4000 3518 3804 
3 4010 3690 3650 
3 3888 4000 3985 
3 3521 3985 4000 
3 3930 3551 3916 
3 3883 3762 3535 
3 3953 3969 3563 
3 3860 3673 3892 
3 3916 3915 4004 
3 3953 3908 3969 
3 3867 3916 3637 
3 3550 3569 3609 
3 3770 3535 3762 
3 3545 3702 3949 
3 3733 3556 3647 
3 3772 4015 3767 
3 3714 3569 3825 
3 3621 3867 3648 
3 3883 3647 3837 
3 3569 3603 3734 
3 3690 3761 3650 
3 3992 3711 3565 
3 3645 3825 3883 
3 3877 3788 3695 
3 3668 4013 3512 
3 3829 3563 3788 
3 3571 3912 3651 
3 3877 4009 3614 
3 3866 3541 3724 
3 3866 3724 3624 
3 3893 3866 3963 
3 3573 3776 3886 
3 3586 3961 3629 
3 3651 4006 3544 
3 3624 3724 3877 
3 3795 3773 3580 
3 3563 3969 3818 
3 3705 3988 3628 
3 3601 3788 3818 
3 3683 3677 3746 
3 3673 3860 3974 
3 3915 3551 3993 
3 3952 3557 3683 
3 3639 3686 3557 
3 3704 3703 3626 
3 4036 3922 3975 
3 3677 3683 3653 
3 3944 3744 3709 
3 3744 3628 3612 
3 3976 3774 3786 
3 3965 3961 4020 
3 3720 3575 3694 
3 3976 3812 3629 
3 3659 4036 3575 
3 3644 3814 3975 
3 3612 3628 3814 
3 3918 3615 3739 
3 3814 3644 3812 
3 3921 4046 3937 
3 3632 3901 3688 
3 3887 3929 3739 
3 3701 3616 3785 
3 3887 3945 3929 
3 3664 3978 3945 
3 3742 3801 3979 
3 3664 3945 3649 
3 3887 3649 3945 
3 3898 3769 3894 
3 3773 3954 3971 
3 3965 3824 3961 
3 3582 3854 4020 
3 3811 3795 3573 
3 3833 3882 3742 
3 3555 3585 3979 
3 3947 3577 3567 
3 3560 3753 3638 
3 4012 3810 3676 
3 3907 3514 3869 
3 3607 3540 3939 
3 3634 4016 3667 
3 3560 3904 3808 
3 3768 4017 3596 
3 3652 3667 3638 
3 3723 3749 3996 
3 3753 3652 3638 
3 3872 3938 3905 
3 3926 3840 4048 
3 3685 3947 3927 
3 3869 3546 3587 
3 3948 3567 3511 
3 3587 3927 3870 
3 3840 3685 3927 
3 4043 3852 3530 
3 3947 3685 3602 
3 3750 3697 3921 
3 3649 3894 3664 
3 3937 3750 3921 
3 3884 3898 3649 
3 3856 3514 3590 
3 3907 3870 3567 
3 4005 3941 4023 
3 3737 3522 3982 
3 3856 3590 3997 
3 3675 3932 3901 
3 3549 3943 3693 
3 3977 4030 3617 
3 3722 3519 3850 
3 3900 3600 3747 
3 3987 3758 3526 
3 3845 3666 3604 
3 3533 3941 3756 
3 3998 3766 3895 
3 3793 4047 3642 
3 3799 3656 3732 
3 3617 3682 3977 
3 4038 3959 3666 
3 3517 4024 3911 
3 3536 3998 3834 
3 4039 3955 4050 
3 4039 3885 3955 
3 4050 3843 3983 
3 3766 3998 4049 
3 3925 3832 3876 
3 3842 3536 4039 
3 3959 4038 3792 
3 3900 3564 4014 
3 3849 3747 3718 
3 3900 3747 3700 
3 3827 3646 3835 
3 3826 3610 3936 
3 3835 3698 3827 
3 3821 4041 3743 
3 3794 3775 3698 
3 3606 3913 3794 
3 4014 3643 3687 
3 3913 3606 3534 
3 3578 3968 3956 
3 3928 3538 3778 
3 3900 4014 3578 
3 3515 3538 3928 
3 3657 3681 3533 
3 3941 3519 4023 
3 4002 3756 3823 
3 3722 3989 3764 
3 4029 4032 3699 
3 3678 3840 3587 
3 3594 4032 4029 
3 3736 3713 3678 
3 4017 3540 3730 
3 3798 3638 3667 
3 3594 3781 3635 
3 3917 3946 3671 
3 3729 3568 3572 
3 3635 3596 4017 
3 3940 3596 3635 
3 3903 3725 3778 
3 3572 3920 3878 
3 3808 3904 3970 
3 3981 3726 3534 
3 3743 3606 3794 
3 3743 3794 3754 
3 3913 3726 3755 
3 3534 3725 3981 
3 3726 3775 3755 
3 4014 3564 3552 
3 3794 3698 3835 
3 3726 3913 3534 
3 3755 3794 3913 
3 3821 3743 3754 
3 4041 3606 3743 
3 3610 3826 3832 
3 3936 3646 3826 
3 3849 3718 3712 
3 3712 3832 3826 
3 3876 3536 3925 
3 3834 3885 4039 
3 3700 3564 3900 
3 3876 3832 3712 
3 3925 3610 3832 
3 3536 3842 3610 
3 3761 3565 4040 
3 3787 4010 3589 
3 3589 4010 3625 
3 3636 3591 3625 
3 3636 3625 3995 
3 3995 3625 3738 
3 3843 3710 3618 
3 3820 3831 3707 
3 3591 3777 3942 
3 3708 3820 3777 
3 3589 3591 3942 
3 3636 3708 3591 
3 4030 3532 4024 
3 3777 3820 3707 
3 4024 3792 3617 
3 3707 3831 3689 
3 3809 3911 3831 
3 3689 3831 3911 
3 3618 3809 3597 
3 3955 3792 3859 
3 4050 3880 3553 
3 3517 3859 4024 
3 3553 3618 3710 
3 3880 3809 3618 
3 4050 3553 3710 
3 3880 3618 3553 
3 3859 3517 3955 
3 3710 3843 4050 
3 3842 4039 3983 
3 3845 4037 3599 
3 4038 3666 3513 
3 3834 4039 3536 
3 3696 3813 3782 
3 3792 3955 3885 
3 3630 4038 3513 
3 3682 3792 4038 
3 3617 3792 3682 
3 4024 3707 3689 
3 4038 3630 3682 
3 3782 3844 3977 
3 3809 3517 3911 
3 3809 3880 3517 
3 4050 3517 3880 
3 4050 3955 3517 
3 3792 4024 3859 
3 3617 4030 4024 
3 3707 3994 3777 
3 3707 4024 3994 
3 3844 3757 4030 
3 3589 3625 3591 
3 3669 3980 3914 
3 3896 3655 3980 
3 3640 3924 3844 
3 3919 3670 3655 
3 3757 3844 3924 
3 4030 3977 3844 
3 4034 3782 3977 
3 3861 3844 3782 
3 3805 3598 3813 
3 3640 3740 3924 
3 3598 3561 3813 
3 3871 3740 3640 
3 3561 3640 3861 
3 3561 3871 3640 
3 3740 3919 3924 
3 3531 3576 3680 
3 3924 3919 3655 
3 3740 3871 3661 
3 3598 3741 3561 
3 3661 3680 3576 
3 3951 3605 3805 
3 3605 3741 3598 
3 3879 3630 3513 
3 3838 3790 3566 
3 4034 3696 3782 
3 3721 3813 3696 
3 3682 4034 3977 
3 3721 3696 4034 
3 3902 3879 3962 
3 3656 3799 3962 
3 3513 3656 3879 
3 3732 3666 3845 
3 3790 3630 3902 
3 3721 4034 3630 
3 3902 3962 3558 
3 3879 3656 3962 
3 3790 3902 3943 
3 3630 3879 3902 
3 3630 3838 3721 
3 3694 3575 3665 
3 3721 3805 3813 
3 3951 3694 3605 
3 3838 3694 3951 
3 3789 3679 3964 
3 3721 3838 3951 
3 3566 3548 3679 
3 3630 3790 3838 
3 3943 3549 3790 
3 3525 3549 3693 
3 3548 3566 3549 
3 3679 3847 3615 
3 3590 3815 3937 
3 3847 3997 3780 
3 3847 3864 3537 
3 4046 3615 3847 
3 3997 3847 3537 
3 3864 3847 3679 
3 3918 3688 3932 
3 3549 3525 3548 
3 4035 3525 3693 
3 3720 3789 3964 
3 3548 3864 3679 
3 3838 3566 3694 
3 3790 3549 3566 
3 3659 3964 3675 
3 3679 3615 3964 
3 3922 3675 3901 
3 3964 3615 3932 
3 3615 3918 3932 
3 3688 3901 3932 
3 3739 3688 3918 
3 3739 3929 3632 
3 3623 3701 3644 
3 3975 3639 4036 
3 4036 3627 3922 
3 3964 3932 3675 
3 3675 3627 3659 
3 3675 3922 3627 
3 3919 3661 3670 
3 3665 3575 3680 
3 4036 3659 3627 
3 3575 3720 3659 
3 3566 3789 3694 
3 3964 3659 3720 
3 3694 3789 3720 
3 3566 3679 3789 
3 3680 3741 3665 
3 3871 3561 3741 
3 3805 3605 3598 
3 3694 3665 3605 
3 3680 3661 3741 
3 3919 3740 3661 
3 3661 3576 3670 
3 3680 3704 3581 
3 3751 3581 3746 
3 3531 3680 3581 
3 3581 3704 3746 
3 3680 3575 3703 
3 3677 3803 3746 
3 3735 3551 3822 
3 3952 3683 3746 
3 3930 3865 3621 
3 3559 3653 3557 
3 3653 3993 3677 
3 3704 3952 3746 
3 3626 3557 3952 
3 3639 3703 4036 
3 3626 3952 3704 
3 3639 3626 3703 
3 3639 3557 3626 
3 3623 3644 3975 
3 3686 3639 3975 
3 3814 3686 3975 
3 3814 3628 3686 
3 3653 3559 3908 
3 3988 3705 3969 
3 3559 3628 3988 
3 3557 3686 3628 
3 3908 3559 3988 
3 3557 3628 3559 
3 3557 3653 3683 
3 3908 3953 3653 
3 3993 3551 3868 
3 3993 3953 3915 
3 3677 3868 3735 
3 3677 3993 3868 
3 3818 3705 3944 
3 3818 3969 3705 
3 3788 3563 3818 
3 3860 3892 3915 
3 3877 4018 3788 
3 3818 3944 3601 
3 3860 3953 3563 
3 3993 3653 3953 
3 3860 3915 3953 
3 3892 3706 3915 
3 3865 3916 3731 
3 3702 3545 3535 
3 3521 4000 3881 
3 3735 3868 3551 
3 3803 3735 3822 
3 3803 3677 3735 
3 3930 3916 3865 
3 3551 3915 3916 
3 3985 3930 4007 
3 3822 3551 3930 
3 3621 3731 3867 
3 3621 3865 3731 
3 3770 3867 3702 
3 4004 3915 3706 
3 3648 3867 3770 
3 3731 3916 3867 
3 3621 3648 3985 
3 3648 3569 3550 
3 3985 3648 3520 
3 3762 3569 3648 
3 3521 3930 3985 
3 3518 3960 3804 
3 3881 3588 3751 
3 3529 3914 3691 
3 3521 3881 3803 
3 4000 3588 3881 
3 3822 3521 3803 
3 3822 3930 3521 
3 3980 3819 3691 
3 3819 3670 3576 
3 3914 3980 3691 
3 3655 3670 3819 
3 3691 3531 3581 
3 3819 3576 3531 
3 3581 3751 3691 
3 3804 3660 3669 
3 3804 3669 3914 
3 3655 3819 3980 
3 3804 3529 3588 
3 3804 3914 3529 
3 3803 3751 3746 
3 3588 3529 3751 
3 3896 3980 3669 
3 3784 3896 3669 
3 3924 3896 3853 
3 3669 3660 3784 
3 3853 3896 3784 
3 3924 3655 3896 
3 3757 3853 3532 
3 3784 3660 4028 
3 3853 3589 3532 
3 3853 3784 4028 
3 3603 3787 4028 
3 3787 3853 4028 
3 3660 3603 4028 
3 4010 3738 3625 
3 3603 3690 3787 
3 3650 3738 4010 
3 3734 3603 3960 
3 3569 3690 3603 
3 3518 3734 3960 
3 3609 3569 3734 
3 3888 3518 4000 
3 3609 3734 3518 
3 3550 3888 3520 
3 3609 3518 3888 
3 3888 3550 3609 
3 3520 3648 3550 
3 3787 3690 4010 
3 3848 3761 3690 
3 3569 3848 3690 
3 3579 3858 3711 
3 3714 3992 3761 
3 3711 3858 4027 
3 3858 3767 4027 
3 3714 3579 4033 
3 3569 3762 3825 
3 3848 3714 3761 
3 3579 3711 4033 
3 3761 3992 3565 
3 4033 3711 3992 
3 3992 3714 4033 
3 3848 3569 3714 
3 3772 3645 3883 
3 3579 3714 3825 
3 3762 3883 3825 
3 3535 3647 3883 
3 3648 3770 3762 
3 3867 3637 3702 
3 3512 3910 3837 
3 3837 3647 3512 
3 3837 3772 3883 
3 3767 3858 3645 
3 3767 3645 3772 
3 3858 3825 3645 
3 3837 4015 3772 
3 3837 3910 4015 
3 3716 4015 3910 
3 3767 4015 3716 
3 3783 3767 3716 
3 3957 3765 3830 
3 3556 3668 3647 
3 3535 3733 3647 
3 3760 3631 3556 
3 3791 3631 3760 
3 3545 3791 3760 
3 3974 3990 3673 
3 3984 3791 3830 
3 3702 3637 3593 
3 3830 3791 3545 
3 3545 3733 3535 
3 3545 3760 3733 
3 4004 3706 3637 
3 3892 3673 3949 
3 3770 3702 3535 
3 3637 3706 3593 
3 3892 3593 3706 
3 3949 3957 3545 
3 3892 3949 3593 
3 3673 3957 3949 
3 3545 3957 3830 
3 3673 3990 3957 
3 3728 3601 3800 
3 3830 3765 3984 
3 3765 3592 3984 
3 3765 4018 3592 
3 3990 4018 3765 
3 3990 3788 4018 
3 4018 3877 3614 
3 3974 3788 3990 
3 3974 3860 3829 
3 3974 3829 3788 
3 3860 3563 3829 
3 4009 3877 3724 
3 3788 3601 3695 
3 3624 3877 3695 
3 3614 4011 4018 
3 4011 3614 3684 
3 3614 4009 3841 
3 3541 4009 3724 
3 3541 3841 4009 
3 3986 3866 3624 
3 3866 3893 4021 
3 3622 3817 4021 
3 4021 3817 3933 
3 3622 3972 3745 
3 3651 3773 3971 
3 3544 4006 3967 
3 3742 3562 3811 
3 3573 3795 3912 
3 3562 3954 3773 
3 3742 3811 3717 
3 3562 3795 3811 
3 3544 3571 3651 
3 3795 3562 3773 
3 3912 3580 3651 
3 3912 3795 3580 
3 3773 3651 3580 
3 4006 3828 3967 
3 3745 3544 3570 
3 3972 3571 3544 
3 3972 3544 3745 
3 3893 3622 4021 
3 3745 3570 3622 
3 3622 3893 3972 
3 3574 3774 3897 
3 3571 3776 3912 
3 3963 3583 3786 
3 3571 3963 3776 
3 4025 3774 3574 
3 3776 3963 3886 
3 3583 3709 3752 
3 3886 3963 3786 
3 3571 3972 3963 
3 3972 3893 3963 
3 4021 3933 3866 
3 3695 3728 3624 
3 3583 3963 3866 
3 3728 3986 3624 
3 3800 3583 3986 
3 3601 3728 3695 
3 3800 3986 3728 
3 3744 3944 3705 
3 3583 3800 3944 
3 3628 3744 3705 
3 3709 3583 3944 
3 3612 3709 3744 
3 3752 3786 3583 
3 3612 3752 3709 
3 3771 3976 3752 
3 3752 3976 3786 
3 3771 3814 3812 
3 3629 3812 3586 
3 3976 3771 3812 
3 3771 3612 3814 
3 3771 3752 3612 
3 3874 3586 3812 
3 3785 3523 3854 
3 3824 3629 3961 
3 3774 3976 3629 
3 3961 3582 4020 
3 3961 3586 3582 
3 3973 3897 3965 
3 3774 3629 3824 
3 3528 3897 3973 
3 3857 3574 3897 
3 3973 3965 4020 
3 3897 3774 3965 
3 3573 3574 3857 
3 4025 3786 3774 
3 3573 4025 3574 
3 3886 3786 4025 
3 3811 3573 3857 
3 3912 3776 3573 
3 3897 3528 3857 
3 3973 4026 3839 
3 3857 3839 3811 
3 3528 3973 3839 
3 3727 3542 4020 
3 3717 3839 4026 
3 3801 3542 3654 
3 3717 4026 3542 
3 3542 3807 3654 
3 3542 3727 3807 
3 3769 3923 3654 
3 3742 3717 3801 
3 3664 3523 3978 
3 3854 3582 3785 
3 3785 3978 3523 
3 3616 3945 3978 
3 3854 3727 4020 
3 3854 3807 3727 
3 3586 3785 3582 
3 3586 3874 3785 
3 3644 3874 3812 
3 3701 3785 3874 
3 3922 3623 3975 
3 3623 3934 3701 
3 3901 3934 3922 
3 3701 3929 3616 
3 3922 3934 3623 
3 3901 3632 3934 
3 3739 3632 3688 
3 3929 3934 3632 
3 3644 3701 3874 
3 3934 3929 3701 
3 3785 3616 3978 
3 3929 3945 3616 
3 3966 3887 3739 
3 3921 3884 3887 
3 3887 3966 3921 
3 3739 3615 3966 
3 3966 4046 3921 
3 3780 3590 3937 
3 3615 4046 3966 
3 3847 3780 4046 
3 3815 3611 3937 
3 3608 4045 3524 
3 3921 3697 3884 
3 3608 3524 3697 
3 3884 3649 3887 
3 3884 3697 3898 
3 3524 3555 3923 
3 3664 3654 3807 
3 3923 3769 3898 
3 3923 3816 3654 
3 3769 3664 3894 
3 3807 3523 3664 
3 3697 3524 3898 
3 3816 3801 3654 
3 3555 3816 3923 
3 3979 3801 3816 
3 3898 3524 3923 
3 3516 3846 4045 
3 3539 3891 3950 
3 3555 4003 3585 
3 3555 3524 4003 
3 3539 4003 3891 
3 3539 3585 4003 
3 3539 3833 3585 
3 3950 3882 3833 
3 3555 3979 3816 
3 3585 3833 3979 
3 3595 3729 3808 
3 3878 3652 3753 
3 3692 3634 3667 
3 3692 3652 3748 
3 3748 3873 3692 
3 3543 3875 3658 
3 3676 3577 3602 
3 4012 4016 3634 
3 3926 4048 3875 
3 3692 3667 3652 
3 4016 3926 3543 
3 3926 3602 3685 
3 4016 4012 3676 
3 4044 3511 3577 
3 4044 3641 3511 
3 4043 4044 3577 
3 3641 3802 3511 
3 3899 4043 3577 
3 3899 3763 4043 
3 4043 3530 4044 
3 3611 3802 3750 
3 3676 3899 3577 
3 3810 3763 3899 
3 4016 3676 3602 
3 3810 3899 3676 
3 3719 3530 3890 
3 3641 4044 3530 
3 4003 3999 3891 
3 4045 3852 4003 
3 3852 3763 3999 
3 3852 4045 3890 
3 4003 3524 4045 
3 3516 3802 3719 
3 3719 4045 3846 
3 3530 3719 3641 
3 3890 4045 3719 
3 4003 3852 3999 
3 3890 3530 3852 
3 3937 3611 3750 
3 3815 3909 3802 
3 3719 3802 3641 
3 3719 3846 3516 
3 3608 3516 4045 
3 3608 3802 3516 
3 3750 3608 3697 
3 3750 3802 3608 
3 3997 3590 3780 
3 3514 3797 3590 
3 3537 3856 3997 
3 3806 3514 3856 
3 3548 3525 3864 
3 3547 3758 3987 
3 3537 3836 3856 
3 3522 3737 3869 
3 3909 3815 3797 
3 3815 3590 3797 
3 3514 3948 3797 
3 3907 3567 3948 
3 3511 3909 3948 
3 3511 3802 3909 
3 3514 3907 3948 
3 3870 3927 3567 
3 3869 3587 3907 
3 3907 3587 3870 
3 3577 3947 3602 
3 3567 3927 3947 
3 3855 3938 3678 
3 3663 3540 3607 
3 3982 3587 3546 
3 3840 3927 3587 
3 3869 3737 3546 
3 3522 3759 3982 
3 3806 3869 3514 
3 3806 3522 3869 
3 3806 3836 3522 
3 3793 3987 3526 
3 4005 3855 3715 
3 3678 3587 3982 
3 3982 3715 3678 
3 3982 3759 3715 
3 3850 3989 3722 
3 3620 3527 3662 
3 3723 3938 3872 
3 3678 3715 3855 
3 3938 3855 3905 
3 3715 3759 4005 
3 3522 4035 3759 
3 4047 3526 3943 
3 3759 3547 4005 
3 3693 3943 3526 
3 3941 3987 3793 
3 4005 3547 3987 
3 3836 4035 3522 
3 3693 3526 3547 
3 3856 3836 3806 
3 4035 3693 3547 
3 3537 3525 3836 
3 3537 3864 3525 
3 3759 4035 3547 
3 3836 3525 4035 
3 3547 3526 3758 
3 4047 3902 3558 
3 3642 3558 3799 
3 4047 3943 3902 
3 3642 4047 3558 
3 3793 3526 4047 
3 3756 3793 4037 
3 3941 4005 3987 
3 3959 3834 3666 
3 3718 3876 3712 
3 4037 3642 3599 
3 4037 3793 3642 
3 4037 3845 3604 
3 3599 3799 3732 
3 3513 3732 3656 
3 3513 3666 3732 
3 3666 3834 3604 
3 3536 3876 4049 
3 3633 3766 3718 
3 3998 3536 4049 
3 3604 3834 3998 
3 3959 3885 3834 
3 3823 3633 3600 
3 4049 3876 3718 
3 3718 3766 4049 
3 3633 3895 3766 
3 3600 3633 3718 
3 3895 3604 3998 
3 3823 3895 3633 
3 3823 3756 3895 
3 4002 3657 3756 
3 3554 3989 3584 
3 3700 3747 3849 
3 3600 3718 3747 
3 3827 3849 3712 
3 3827 3698 3700 
3 3827 3700 3849 
3 3698 3552 3700 
3 3600 4002 3823 
3 3956 3662 3657 
3 3956 3657 4002 
3 3681 3554 3533 
3 3662 3681 3657 
3 3662 3527 3681 
3 3941 3584 3519 
3 3533 3554 3584 
3 4023 3722 3872 
3 3989 3554 3764 
3 3584 3850 3519 
3 3584 3989 3850 
3 3756 3941 3793 
3 3533 3584 3941 
3 3855 4023 3905 
3 3855 4005 4023 
3 4001 3722 3764 
3 4023 3519 3722 
3 3527 3620 4001 
3 3699 4032 3906 
3 3749 3723 3779 
3 3872 3722 4001 
3 3749 3779 3699 
3 4001 3764 3527 
3 4031 3906 4032 
3 3779 3723 3889 
3 4017 3730 4042 
3 4031 4032 3730 
3 3674 3620 3662 
3 3889 3723 3872 
3 3968 4029 3662 
3 3968 3594 4029 
3 3699 3889 4001 
3 3699 3779 3889 
3 3699 4001 3620 
3 3889 3872 4001 
3 4029 3674 3662 
3 4029 3620 3674 
3 4002 3900 3956 
3 4002 3600 3900 
3 3775 3552 3698 
3 3775 4014 3552 
3 3643 3538 3687 
3 3643 3778 3538 
3 3726 4014 3775 
3 3687 3515 4014 
3 3578 3515 3968 
3 3687 3538 3515 
3 3900 3578 3956 
3 4014 3515 3578 
3 3594 3968 3991 
3 3862 3928 3778 
3 3991 3968 3928 
3 4014 3903 3643 
3 3726 3981 3903 
3 3931 3781 3862 
3 3862 3781 3991 
3 3781 3594 3991 
3 4042 3730 3594 
3 3635 4017 4042 
3 3596 3917 3768 
3 3594 3635 4042 
3 3781 3958 3635 
3 3672 4019 3729 
3 3940 3635 3958 
3 3940 3917 3596 
3 3946 3672 3671 
3 4019 3946 3851 
3 3917 3940 3946 
3 3970 3939 3595 
3 3939 4017 3768 
3 4017 3939 3540 
3 3671 3595 3939 
3 3970 3607 3939 
3 3996 3678 3938 
3 3671 3768 3917 
3 3671 3939 3768 
3 3540 4031 3730 
3 3540 3906 4031 
3 3663 3619 3935 
3 3749 3699 3906 
3 3935 3736 3996 
3 3996 3938 3723 
3 3906 3996 3749 
3 3736 3678 3996 
3 3906 3935 3996 
3 3619 3713 3736 
3 3663 3935 3906 
3 3663 3658 3619 
3 3540 3663 3906 
3 3613 3658 3663 
3 3607 3613 3663 
3 3607 3638 3658 
3 3607 3658 3613 
3 3638 3798 3658 
3 3935 3619 3736 
3 3658 3875 4022 
3 3678 3713 3840 
3 4022 3875 4048 
3 3713 4048 3840 
3 3713 3619 4022 
3 3602 3926 4016 
3 3685 3840 3926 
3 3713 4022 4048 
3 3619 3658 4022 
3 3798 3543 3658 
3 3926 3875 3543 
3 3878 3808 3572 
3 3878 3753 3808 
3 4016 3798 3667 
3 4016 3543 3798 
3 3753 3560 3808 
3 3638 3904 3560 
3 3808 3970 3595 
3 3904 3607 3970 
3 3671 3672 3595 
3 3946 4019 3672 
3 3808 3729 3572 
3 3729 3796 3568 
3 4091 4110 4182 
3 4088 4150 4260 
3 4231 4083 4108 
3 4150 4239 4171 
3 4055 4148 4264 
3 4082 4145 4179 
3 4105 4127 4251 
3 4215 4087 4223 
3 4171 4089 4121 
3 4121 4155 4218 
3 4118 4087 4180 
3 4255 4155 4259 
3 4180 4087 4225 
3 4196 4113 4181 
3 4156 4246 4115 
3 4167 4107 4189 
3 4205 4071 4089 
3 4154 4229 4188 
3 4124 4259 4119 
3 4212 4088 4090 
3 4166 4218 4255 
3 4092 4175 4224 
3 4241 4229 4198 
3 4228 4061 4133 
3 4074 4193 4162 
3 4085 4238 4128 
3 4129 4244 4130 
3 4223 4118 4059 
3 4173 4059 4075 
3 4059 4199 4075 
3 4065 4052 4196 
3 4196 4181 4083 
3 4255 4259 4124 
3 4239 4209 4101 
3 4254 4121 4260 
3 4120 4159 4166 
3 4119 4056 4158 
3 4101 4205 4089 
3 4089 4156 4257 
3 4223 4071 4205 
3 4173 4176 4190 
3 4200 4233 4225 
3 4215 4205 4209 
3 4225 4189 4180 
3 4127 4186 4079 
3 4235 4187 4185 
3 4114 4228 4144 
3 4066 4146 4195 
3 4114 4170 4161 
3 4219 4251 4169 
3 4205 4101 4209 
3 4089 4071 4190 
3 4074 4132 4111 
3 4161 4200 4111 
3 4200 4161 4170 
3 4187 4072 4185 
3 4106 4220 4130 
3 4230 4100 4093 
3 4174 4109 4243 
3 4133 4256 4130 
3 4228 4114 4139 
3 4112 4123 4211 
3 4136 4247 4123 
3 4263 4217 4203 
3 4208 4160 4224 
3 4160 4153 4224 
3 4162 4072 4074 
3 4057 4193 4203 
3 4088 4260 4090 
3 4159 4120 4198 
3 4124 4104 4120 
3 4192 4080 4085 
3 4192 4250 4152 
3 4250 4253 4135 
3 4164 4232 4098 
3 4060 4216 4227 
3 4067 4250 4192 
3 4135 4142 4080 
3 4240 4135 4253 
3 4142 4221 4080 
3 4213 4227 4216 
3 4085 4076 4192 
3 4109 4117 4140 
3 4085 4080 4191 
3 4086 4081 4060 
3 4227 4073 4060 
3 4085 4197 4243 
3 4110 4091 4146 
3 4245 4055 4183 
3 4151 4216 4146 
3 4064 4194 4095 
3 4094 4213 4102 
3 4055 4064 4183 
3 4130 4228 4133 
3 4269 4147 4127 
3 4144 4220 4170 
3 4114 4144 4170 
3 4201 4137 4147 
3 4186 4147 4137 
3 4165 4264 4179 
3 4110 4146 4060 
3 4081 4149 4164 
3 4179 4145 4096 
3 4098 4182 4110 
3 4194 4201 4129 
3 4064 4137 4201 
3 4141 4053 4169 
3 4186 4127 4147 
3 4219 4169 4167 
3 4079 4236 4127 
3 4127 4236 4251 
3 4169 4053 4107 
3 4251 4068 4141 
3 4251 4236 4068 
3 4189 4107 4180 
3 4118 4180 4234 
3 4223 4205 4215 
3 4180 4107 4234 
3 4233 4219 4167 
3 4251 4141 4169 
3 4111 4200 4225 
3 4200 4170 4219 
3 4233 4167 4189 
3 4169 4107 4167 
3 4111 4225 4209 
3 4233 4189 4225 
3 4225 4215 4209 
3 4225 4087 4215 
3 4118 4223 4087 
3 4173 4071 4223 
3 4059 4173 4223 
3 4118 4234 4059 
3 4143 4231 4108 
3 4075 4176 4173 
3 4226 4246 4075 
3 4108 4075 4199 
3 4108 4226 4075 
3 4173 4190 4071 
3 4176 4075 4246 
3 4246 4156 4190 
3 4257 4119 4155 
3 4190 4156 4089 
3 4125 4113 4207 
3 4089 4257 4155 
3 4156 4115 4163 
3 4163 4181 4056 
3 4156 4056 4257 
3 4181 4113 4056 
3 4156 4163 4056 
3 4115 4226 4083 
3 4176 4246 4190 
3 4226 4115 4246 
3 4083 4226 4108 
3 4163 4083 4181 
3 4163 4115 4083 
3 4199 4143 4108 
3 4222 4083 4231 
3 4059 4143 4199 
3 4207 4113 4196 
3 4207 4196 4052 
3 4113 4070 4056 
3 4113 4125 4070 
3 4124 4158 4104 
3 4158 4056 4062 
3 4198 4184 4172 
3 4229 4202 4159 
3 4088 4263 4210 
3 4229 4159 4198 
3 4166 4255 4120 
3 4202 4166 4159 
3 4202 4090 4218 
3 4177 4090 4202 
3 4090 4121 4218 
3 4202 4218 4166 
3 4090 4260 4121 
3 4157 4158 4062 
3 4119 4257 4056 
3 4104 4158 4157 
3 4124 4119 4158 
3 4259 4155 4119 
3 4120 4255 4124 
3 4218 4155 4255 
3 4260 4171 4254 
3 4101 4089 4171 
3 4171 4121 4254 
3 4089 4155 4121 
3 4229 4267 4202 
3 4263 4203 4210 
3 4054 4210 4203 
3 4239 4101 4171 
3 4263 4088 4212 
3 4210 4150 4088 
3 4260 4150 4171 
3 4210 4111 4150 
3 4111 4239 4150 
3 4111 4209 4239 
3 4210 4054 4111 
3 4187 4114 4161 
3 4132 4161 4111 
3 4132 4187 4161 
3 4074 4187 4132 
3 4072 4168 4185 
3 4193 4074 4111 
3 4072 4187 4074 
3 4217 4057 4203 
3 4057 4069 4193 
3 4092 4057 4217 
3 4153 4069 4057 
3 4193 4054 4203 
3 4193 4111 4054 
3 4162 4185 4168 
3 4187 4235 4100 
3 4072 4162 4168 
3 4139 4061 4228 
3 4162 4235 4185 
3 4140 4214 4211 
3 4069 4162 4193 
3 4069 4235 4162 
3 4160 4069 4153 
3 4237 4235 4069 
3 4224 4153 4092 
3 4153 4057 4092 
3 4092 4217 4175 
3 4252 4099 4175 
3 4099 4224 4175 
3 4212 4252 4263 
3 4175 4217 4138 
3 4177 4252 4212 
3 4138 4217 4263 
3 4252 4177 4267 
3 4177 4202 4267 
3 4090 4177 4212 
3 4267 4154 4252 
3 4138 4252 4175 
3 4138 4263 4252 
3 4252 4154 4099 
3 4267 4229 4154 
3 4116 4248 4160 
3 4237 4069 4160 
3 4237 4160 4248 
3 4112 4136 4123 
3 4237 4248 4258 
3 4116 4160 4208 
3 4241 4188 4229 
3 4164 4098 4206 
3 4250 4135 4077 
3 4060 4081 4262 
3 4149 4081 4221 
3 4240 4149 4135 
3 4240 4204 4078 
3 4086 4221 4081 
3 4142 4149 4221 
3 4197 4174 4243 
3 4077 4135 4080 
3 4077 4080 4152 
3 4152 4080 4192 
3 4097 4253 4250 
3 4152 4250 4077 
3 4067 4097 4250 
3 4243 4126 4238 
3 4211 4214 4134 
3 4136 4122 4247 
3 4237 4258 4247 
3 4122 4093 4247 
3 4237 4093 4235 
3 4237 4247 4093 
3 4261 4136 4112 
3 4261 4122 4136 
3 4139 4100 4134 
3 4093 4122 4261 
3 4134 4261 4112 
3 4230 4093 4261 
3 4085 4191 4197 
3 4126 4109 4140 
3 4242 4109 4174 
3 4213 4216 4151 
3 4109 4126 4243 
3 4211 4266 4126 
3 4211 4123 4266 
3 4238 4085 4243 
3 4128 4076 4085 
3 4221 4086 4080 
3 4073 4242 4197 
3 4086 4197 4191 
3 4242 4174 4197 
3 4197 4086 4073 
3 4191 4080 4086 
3 4242 4227 4117 
3 4242 4073 4227 
3 4216 4060 4146 
3 4073 4086 4060 
3 4178 4096 4195 
3 4096 4066 4195 
3 4256 4133 4249 
3 4211 4134 4112 
3 4213 4249 4102 
3 4151 4256 4249 
3 4249 4213 4151 
3 4140 4211 4126 
3 4242 4117 4109 
3 4227 4213 4117 
3 4213 4094 4117 
3 4133 4061 4134 
3 4094 4214 4140 
3 4134 4230 4261 
3 4133 4134 4214 
3 4061 4139 4134 
3 4187 4100 4114 
3 4100 4230 4134 
3 4114 4100 4139 
3 4235 4093 4100 
3 4094 4133 4214 
3 4102 4249 4133 
3 4117 4094 4140 
3 4102 4133 4094 
3 4244 4106 4130 
3 4269 4127 4106 
3 4130 4144 4228 
3 4106 4127 4105 
3 4219 4220 4105 
3 4144 4130 4220 
3 4219 4105 4251 
3 4220 4106 4105 
3 4200 4219 4233 
3 4170 4220 4219 
3 4244 4269 4106 
3 4244 4147 4269 
3 4256 4095 4130 
3 4201 4147 4244 
3 4095 4194 4129 
3 4201 4244 4129 
3 4130 4095 4129 
3 4064 4201 4194 
3 4151 4183 4256 
3 4183 4064 4095 
3 4256 4183 4095 
3 4151 4146 4066 
3 4151 4066 4245 
3 4148 4055 4245 
3 4091 4178 4195 
3 4148 4066 4096 
3 4145 4148 4096 
3 4145 4082 4148 
3 4151 4245 4183 
3 4066 4148 4245 
3 4264 4082 4179 
3 4264 4148 4082 
3 4063 4165 4232 
3 4179 4096 4165 
3 4268 4131 4058 
3 4063 4232 4268 
3 4165 4182 4232 
3 4265 4131 4103 
3 4268 4232 4131 
3 4165 4178 4182 
3 4165 4096 4178 
3 4178 4091 4182 
3 4195 4146 4091 
3 4262 4110 4060 
3 4098 4232 4182 
3 4206 4098 4110 
3 4262 4081 4164 
3 4262 4206 4110 
3 4262 4164 4206 
3 4135 4149 4142 
3 4103 4131 4164 
3 4240 4078 4149 
3 4078 4164 4149 
3 4131 4232 4164 
3 4078 4103 4164 
3 4078 4265 4103 
3 4078 4084 4265 
3 4268 4058 4063 
3 4063 4058 4051 
3 4457 4512 4605 
3 4416 4422 4734 
3 4556 4399 4340 
3 4605 4573 4574 
3 4348 4450 4438 
3 4306 4674 4346 
3 4323 4510 4292 
3 4368 4549 4402 
3 4533 4330 4271 
3 4435 4356 4542 
3 4745 4328 4339 
3 4280 4686 4684 
3 4308 4415 4373 
3 4326 4337 4581 
3 4496 4421 4473 
3 4634 4387 4421 
3 4717 4484 4307 
3 4451 4307 4562 
3 4760 4458 4433 
3 4514 4475 4326 
3 4576 4678 4540 
3 4353 4496 4473 
3 4751 4594 4497 
3 4768 4554 4436 
3 4581 4496 4353 
3 4353 4395 4514 
3 4399 4504 4340 
3 4336 4489 4574 
3 4379 4504 4503 
3 4360 4559 4380 
3 4602 4290 4580 
3 4709 4601 4614 
3 4531 4345 4518 
3 4576 4762 4518 
3 4606 4553 4380 
3 4678 4492 4438 
3 4305 4460 4331 
3 4614 4601 4397 
3 4518 4678 4576 
3 4517 4355 4450 
3 4449 4402 4755 
3 4305 4375 4344 
3 4351 4449 4719 
3 4540 4438 4450 
3 4492 4523 4348 
3 4637 4683 4635 
3 4524 4684 4459 
3 4561 4690 4644 
3 4500 4281 4704 
3 4635 4521 4323 
3 4607 4546 4694 
3 4474 4555 4591 
3 4730 4499 4301 
3 4716 4448 4311 
3 4625 4401 4404 
3 4604 4312 4373 
3 4318 4354 4734 
3 4350 4721 4516 
3 4528 4510 4521 
3 4334 4446 4598 
3 4671 4728 4427 
3 4728 4476 4384 
3 4324 4671 4624 
3 4384 4476 4761 
3 4425 4623 4349 
3 4484 4640 4712 
3 4480 4307 4451 
3 4465 4550 4636 
3 4682 4484 4614 
3 4652 4313 4361 
3 4567 4317 4766 
3 4754 4347 4741 
3 4314 4413 4347 
3 4466 4306 4697 
3 4702 4395 4473 
3 4748 4440 4475 
3 4514 4395 4475 
3 4496 4634 4421 
3 4387 4634 4436 
3 4581 4498 4442 
3 4768 4634 4496 
3 4395 4702 4748 
3 4337 4365 4581 
3 4667 4306 4722 
3 4466 4697 4440 
3 4282 4770 4356 
3 4656 4394 4632 
3 4343 4735 4424 
3 4288 4632 4430 
3 4337 4619 4365 
3 4648 4544 4537 
3 4751 4736 4365 
3 4288 4430 4536 
3 4441 4529 4503 
3 4503 4504 4563 
3 4391 4366 4632 
3 4654 4638 4699 
3 4751 4497 4736 
3 4594 4358 4691 
3 4649 4443 4750 
3 4638 4424 4735 
3 4393 4735 4343 
3 4435 4282 4356 
3 4533 4319 4396 
3 4646 4481 4376 
3 4463 4376 4481 
3 4288 4441 4563 
3 4616 4282 4430 
3 4379 4503 4290 
3 4602 4580 4584 
3 4345 4678 4518 
3 4688 4602 4584 
3 4355 4418 4450 
3 4641 4526 4584 
3 4641 4677 4531 
3 4511 4485 4673 
3 4370 4742 4565 
3 4549 4368 4686 
3 4434 4277 4578 
3 4320 4429 4469 
3 4738 4296 4300 
3 4524 4459 4434 
3 4325 4428 4453 
3 4598 4398 4681 
3 4415 4607 4611 
3 4398 4382 4613 
3 4607 4415 4308 
3 4532 4283 4412 
3 4694 4312 4532 
3 4571 4555 4335 
3 4627 4538 4502 
3 4560 4547 4720 
3 4598 4538 4334 
3 4297 4404 4401 
3 4412 4627 4502 
3 4528 4334 4538 
3 4446 4530 4753 
3 4683 4617 4635 
3 4510 4679 4297 
3 4679 4404 4297 
3 4297 4350 4671 
3 4377 4721 4297 
3 4350 4690 4561 
3 4413 4318 4597 
3 4516 4721 4377 
3 4728 4561 4476 
3 4413 4597 4347 
3 4453 4445 4324 
3 4332 4297 4671 
3 4324 4624 4333 
3 4389 4386 4578 
3 4486 4738 4300 
3 4274 4696 4403 
3 4588 4548 4708 
3 4548 4386 4389 
3 4300 4284 4588 
3 4524 4386 4548 
3 4564 4305 4357 
3 4402 4449 4368 
3 4686 4723 4549 
3 4384 4427 4728 
3 4527 4477 4757 
3 4378 4371 4733 
3 4321 4527 4419 
3 4344 4402 4549 
3 4642 4321 4419 
3 4425 4310 4321 
3 4310 4763 4527 
3 4689 4574 4489 
3 4375 4305 4564 
3 4494 4417 4577 
3 4379 4703 4504 
3 4287 4553 4467 
3 4504 4390 4563 
3 4534 4689 4286 
3 4504 4399 4390 
3 4340 4287 4556 
3 4703 4639 4340 
3 4414 4545 4467 
3 4639 4576 4287 
3 4763 4310 4452 
3 4380 4559 4606 
3 4360 4454 4543 
3 4605 4574 4695 
3 4689 4534 4394 
3 4760 4433 4680 
3 4612 4352 4295 
3 4736 4483 4365 
3 4706 4497 4691 
3 4483 4498 4365 
3 4483 4489 4295 
3 4768 4436 4634 
3 4729 4665 4680 
3 4731 4487 4590 
3 4729 4705 4387 
3 4329 4451 4743 
3 4487 4329 4743 
3 4465 4640 4682 
3 4307 4712 4562 
3 4307 4484 4712 
3 4587 4480 4731 
3 4687 4307 4480 
3 4361 4327 4652 
3 4682 4614 4550 
3 4281 4539 4631 
3 4325 4668 4296 
3 4666 4470 4723 
3 4668 4300 4296 
3 4439 4381 4633 
3 4644 4690 4567 
3 4484 4682 4640 
3 4285 4281 4565 
3 4597 4516 4495 
3 4318 4734 4422 
3 4315 4409 4660 
3 4599 4749 4426 
3 4663 4726 4303 
3 4339 4565 4439 
3 4579 4551 4572 
3 4303 4374 4422 
3 4317 4690 4516 
3 4285 4704 4281 
3 4397 4338 4309 
3 4575 4603 4710 
3 4705 4411 4456 
3 4726 4663 4603 
3 4426 4749 4643 
3 4552 4291 4557 
3 4520 4291 4552 
3 4557 4291 4744 
3 4314 4347 4618 
3 4655 4520 4508 
3 4744 4291 4520 
3 4716 4423 4464 
3 4660 4508 4520 
3 4472 4583 4560 
3 4555 4301 4335 
3 4730 4275 4547 
3 4448 4658 4669 
3 4275 4270 4505 
3 4270 4275 4400 
3 4662 4568 4289 
3 4685 4471 4629 
3 4363 4393 4466 
3 4765 4596 4582 
3 4674 4466 4424 
3 4432 4596 4293 
3 4596 4432 4582 
3 4748 4475 4395 
3 4395 4353 4473 
3 4514 4581 4353 
3 4554 4718 4650 
3 4440 4326 4475 
3 4293 4440 4748 
3 4359 4596 4765 
3 4581 4442 4496 
3 4498 4554 4442 
3 4442 4768 4496 
3 4442 4554 4768 
3 4498 4352 4554 
3 4498 4483 4352 
3 4326 4581 4514 
3 4365 4498 4581 
3 4609 4337 4326 
3 4751 4273 4594 
3 4440 4697 4326 
3 4722 4619 4609 
3 4609 4667 4722 
3 4609 4326 4697 
3 4674 4306 4466 
3 4359 4440 4293 
3 4667 4697 4306 
3 4667 4609 4697 
3 4765 4466 4359 
3 4343 4424 4466 
3 4440 4359 4466 
3 4293 4596 4359 
3 4765 4363 4466 
3 4566 4674 4424 
3 4346 4722 4306 
3 4638 4566 4424 
3 4638 4654 4273 
3 4735 4699 4638 
3 4735 4610 4750 
3 4497 4594 4691 
3 4594 4273 4654 
3 4706 4691 4443 
3 4358 4699 4691 
3 4358 4654 4699 
3 4358 4594 4654 
3 4566 4346 4674 
3 4566 4273 4346 
3 4346 4273 4722 
3 4566 4638 4273 
3 4609 4619 4337 
3 4722 4273 4619 
3 4619 4751 4365 
3 4619 4273 4751 
3 4394 4478 4632 
3 4366 4616 4632 
3 4736 4676 4483 
3 4676 4478 4534 
3 4483 4676 4534 
3 4736 4497 4391 
3 4676 4391 4478 
3 4676 4736 4391 
3 4391 4706 4366 
3 4391 4497 4706 
3 4390 4656 4299 
3 4478 4391 4632 
3 4399 4656 4390 
3 4399 4556 4656 
3 4390 4299 4563 
3 4656 4632 4299 
3 4632 4616 4430 
3 4366 4706 4544 
3 4435 4670 4529 
3 4616 4366 4770 
3 4544 4770 4366 
3 4282 4616 4770 
3 4649 4648 4537 
3 4435 4319 4739 
3 4443 4544 4706 
3 4356 4770 4544 
3 4443 4537 4544 
3 4490 4649 4537 
3 4699 4443 4691 
3 4490 4443 4649 
3 4699 4750 4443 
3 4699 4735 4750 
3 4443 4490 4537 
3 4750 4610 4649 
3 4396 4649 4610 
3 4648 4356 4544 
3 4319 4479 4431 
3 4479 4319 4533 
3 4396 4610 4533 
3 4533 4610 4330 
3 4735 4330 4610 
3 4735 4593 4330 
3 4466 4393 4343 
3 4739 4319 4431 
3 4649 4396 4319 
3 4319 4648 4649 
3 4435 4739 4670 
3 4675 4646 4503 
3 4585 4569 4646 
3 4585 4670 4739 
3 4569 4481 4646 
3 4584 4580 4641 
3 4739 4569 4585 
3 4529 4675 4503 
3 4585 4646 4675 
3 4441 4503 4563 
3 4646 4376 4503 
3 4529 4670 4675 
3 4585 4675 4670 
3 4536 4435 4529 
3 4542 4648 4319 
3 4430 4282 4435 
3 4356 4648 4542 
3 4441 4536 4529 
3 4542 4319 4435 
3 4288 4536 4441 
3 4430 4435 4536 
3 4299 4288 4563 
3 4299 4632 4288 
3 4467 4695 4287 
3 4394 4656 4556 
3 4504 4703 4340 
3 4639 4287 4340 
3 4688 4639 4703 
3 4688 4762 4639 
3 4602 4688 4294 
3 4584 4762 4688 
3 4639 4762 4576 
3 4584 4526 4531 
3 4602 4294 4379 
3 4688 4703 4294 
3 4376 4290 4503 
3 4294 4703 4379 
3 4290 4602 4379 
3 4463 4290 4376 
3 4641 4580 4677 
3 4290 4463 4580 
3 4677 4345 4531 
3 4492 4678 4345 
3 4584 4531 4762 
3 4526 4641 4531 
3 4586 4348 4523 
3 4438 4492 4348 
3 4517 4450 4586 
3 4468 4494 4357 
3 4450 4348 4586 
3 4724 4342 4515 
3 4755 4402 4737 
3 4418 4355 4447 
3 4540 4450 4418 
3 4769 4620 4418 
3 4494 4651 4417 
3 4418 4577 4540 
3 4418 4737 4577 
3 4417 4540 4577 
3 4678 4438 4540 
3 4417 4576 4540 
3 4762 4531 4518 
3 4360 4380 4417 
3 4380 4287 4576 
3 4287 4380 4553 
3 4576 4417 4380 
3 4468 4700 4494 
3 4360 4417 4651 
3 4737 4494 4577 
3 4737 4564 4494 
3 4331 4272 4305 
3 4700 4651 4494 
3 4272 4468 4357 
3 4468 4454 4700 
3 4272 4454 4468 
3 4360 4651 4700 
3 4620 4515 4755 
3 4402 4375 4737 
3 4375 4564 4737 
3 4357 4494 4564 
3 4344 4375 4402 
3 4626 4666 4371 
3 4725 4331 4460 
3 4272 4357 4305 
3 4723 4470 4549 
3 4470 4666 4501 
3 4549 4470 4344 
3 4723 4284 4509 
3 4371 4723 4509 
3 4723 4548 4284 
3 4686 4459 4684 
3 4469 4351 4320 
3 4723 4280 4548 
3 4723 4686 4280 
3 4469 4368 4449 
3 4535 4686 4368 
3 4724 4628 4342 
3 4719 4449 4755 
3 4535 4429 4732 
3 4686 4535 4459 
3 4368 4469 4535 
3 4524 4434 4386 
3 4459 4535 4277 
3 4578 4511 4673 
3 4277 4535 4732 
3 4578 4277 4511 
3 4434 4459 4277 
3 4511 4732 4485 
3 4511 4277 4732 
3 4429 4320 4732 
3 4342 4719 4755 
3 4628 4351 4719 
3 4342 4628 4719 
3 4737 4418 4620 
3 4351 4469 4449 
3 4429 4535 4469 
3 4447 4769 4418 
3 4515 4342 4755 
3 4737 4620 4755 
3 4769 4447 4515 
3 4769 4515 4620 
3 4386 4434 4578 
3 4578 4740 4389 
3 4578 4622 4740 
3 4578 4673 4622 
3 4740 4622 4541 
3 4541 4389 4740 
3 4541 4708 4389 
3 4280 4524 4548 
3 4280 4684 4524 
3 4588 4708 4486 
3 4548 4389 4708 
3 4300 4588 4486 
3 4284 4548 4588 
3 4647 4753 4713 
3 4274 4382 4398 
3 4506 4437 4455 
3 4455 4415 4506 
3 4482 4382 4707 
3 4613 4382 4482 
3 4681 4398 4405 
3 4274 4753 4696 
3 4506 4482 4707 
3 4613 4302 4398 
3 4506 4415 4482 
3 4302 4405 4398 
3 4546 4607 4308 
3 4613 4482 4415 
3 4415 4611 4302 
3 4591 4279 4283 
3 4415 4302 4613 
3 4611 4298 4302 
3 4502 4681 4405 
3 4598 4446 4753 
3 4298 4502 4405 
3 4600 4392 4412 
3 4302 4298 4405 
3 4392 4607 4412 
3 4298 4600 4502 
3 4298 4611 4600 
3 4611 4392 4600 
3 4611 4607 4392 
3 4412 4694 4532 
3 4546 4312 4694 
3 4600 4412 4502 
3 4607 4694 4412 
3 4546 4308 4312 
3 4308 4373 4312 
3 4493 4312 4604 
3 4270 4400 4752 
3 4532 4312 4493 
3 4629 4568 4662 
3 4629 4471 4595 
3 4270 4385 4662 
3 4493 4604 4385 
3 4289 4270 4662 
3 4752 4591 4283 
3 4547 4505 4720 
3 4270 4289 4505 
3 4630 4629 4595 
3 4499 4547 4525 
3 4275 4505 4547 
3 4505 4758 4720 
3 4499 4730 4547 
3 4400 4275 4730 
3 4335 4499 4525 
3 4301 4400 4730 
3 4335 4301 4499 
3 4555 4400 4301 
3 4283 4493 4752 
3 4752 4385 4270 
3 4400 4474 4752 
3 4400 4555 4474 
3 4591 4752 4474 
3 4493 4385 4752 
3 4412 4283 4627 
3 4591 4555 4279 
3 4627 4283 4279 
3 4532 4493 4283 
3 4555 4571 4279 
3 4571 4538 4627 
3 4279 4571 4627 
3 4335 4404 4571 
3 4571 4404 4679 
3 4679 4510 4528 
3 4530 4521 4635 
3 4334 4528 4521 
3 4635 4323 4292 
3 4521 4510 4323 
3 4525 4560 4335 
3 4311 4754 4625 
3 4538 4679 4528 
3 4538 4571 4679 
3 4335 4423 4404 
3 4693 4658 4758 
3 4335 4560 4583 
3 4525 4547 4560 
3 4335 4583 4423 
3 4472 4720 4758 
3 4583 4472 4423 
3 4669 4657 4653 
3 4423 4472 4464 
3 4560 4720 4472 
3 4495 4625 4741 
3 4655 4744 4520 
3 4423 4716 4404 
3 4448 4618 4311 
3 4625 4716 4311 
3 4464 4472 4658 
3 4716 4625 4404 
3 4754 4741 4625 
3 4625 4495 4401 
3 4741 4347 4597 
3 4409 4413 4314 
3 4347 4754 4618 
3 4311 4618 4754 
3 4448 4653 4618 
3 4655 4409 4314 
3 4422 4374 4318 
3 4660 4599 4734 
3 4416 4746 4341 
3 4354 4318 4413 
3 4317 4516 4597 
3 4741 4597 4495 
3 4318 4317 4597 
3 4476 4644 4567 
3 4476 4561 4644 
3 4495 4377 4401 
3 4495 4516 4377 
3 4510 4297 4292 
3 4401 4377 4297 
3 4671 4350 4728 
3 4350 4516 4690 
3 4728 4350 4561 
3 4297 4721 4350 
3 4322 4372 4701 
3 4761 4476 4567 
3 4303 4589 4374 
3 4367 4756 4733 
3 4624 4671 4427 
3 4332 4637 4297 
3 4767 4624 4427 
3 4767 4333 4624 
3 4406 4304 4745 
3 4747 4407 4410 
3 4453 4324 4325 
3 4445 4671 4324 
3 4647 4453 4428 
3 4692 4683 4453 
3 4445 4332 4671 
3 4445 4453 4683 
3 4297 4637 4292 
3 4683 4692 4617 
3 4637 4635 4292 
3 4617 4530 4635 
3 4521 4530 4334 
3 4713 4692 4647 
3 4502 4598 4681 
3 4502 4538 4598 
3 4598 4753 4398 
3 4738 4647 4296 
3 4713 4530 4617 
3 4446 4334 4530 
3 4530 4713 4753 
3 4617 4692 4713 
3 4332 4683 4637 
3 4332 4445 4683 
3 4672 4403 4696 
3 4698 4382 4274 
3 4698 4274 4403 
3 4398 4753 4274 
3 4403 4672 4698 
3 4522 4672 4696 
3 4753 4621 4696 
3 4696 4621 4522 
3 4647 4428 4296 
3 4747 4668 4324 
3 4410 4300 4668 
3 4753 4647 4621 
3 4692 4453 4647 
3 4668 4325 4324 
3 4296 4428 4325 
3 4367 4633 4756 
3 4388 4284 4407 
3 4333 4747 4324 
3 4410 4284 4300 
3 4333 4407 4747 
3 4383 4381 4742 
3 4747 4410 4668 
3 4407 4284 4410 
3 4333 4367 4733 
3 4371 4666 4723 
3 4733 4756 4383 
3 4631 4370 4565 
3 4378 4626 4371 
3 4501 4305 4344 
3 4570 4378 4608 
3 4378 4460 4626 
3 4509 4733 4371 
3 4333 4767 4367 
3 4388 4733 4509 
3 4388 4333 4733 
3 4284 4388 4509 
3 4407 4333 4388 
3 4745 4633 4367 
3 4381 4756 4633 
3 4427 4367 4767 
3 4328 4558 4384 
3 4328 4567 4276 
3 4439 4742 4381 
3 4745 4439 4633 
3 4742 4608 4383 
3 4328 4761 4567 
3 4565 4742 4439 
3 4383 4608 4378 
3 4742 4370 4608 
3 4733 4383 4378 
3 4756 4381 4383 
3 4491 4615 4539 
3 4608 4370 4631 
3 4500 4539 4281 
3 4615 4570 4631 
3 4745 4339 4439 
3 4281 4631 4565 
3 4714 4397 4309 
3 4397 4601 4709 
3 4338 4500 4704 
3 4539 4615 4631 
3 4527 4757 4419 
3 4477 4500 4757 
3 4507 4539 4500 
3 4507 4491 4539 
3 4477 4507 4500 
3 4477 4491 4507 
3 4570 4491 4460 
3 4331 4527 4454 
3 4631 4570 4608 
3 4615 4491 4570 
3 4460 4501 4626 
3 4344 4470 4501 
3 4570 4460 4378 
3 4501 4666 4626 
3 4477 4725 4491 
3 4305 4501 4460 
3 4491 4725 4460 
3 4477 4527 4725 
3 4543 4454 4527 
3 4360 4700 4454 
3 4272 4331 4454 
3 4725 4527 4331 
3 4321 4310 4527 
3 4425 4452 4310 
3 4349 4452 4425 
3 4467 4553 4606 
3 4321 4623 4425 
3 4664 4731 4573 
3 4543 4763 4559 
3 4414 4452 4519 
3 4763 4543 4527 
3 4559 4360 4543 
3 4763 4606 4559 
3 4287 4695 4394 
3 4763 4467 4606 
3 4519 4452 4349 
3 4478 4394 4534 
3 4556 4287 4394 
3 4574 4689 4394 
3 4286 4483 4534 
3 4489 4286 4689 
3 4489 4483 4286 
3 4394 4695 4574 
3 4457 4695 4545 
3 4763 4414 4467 
3 4763 4452 4414 
3 4711 4687 4587 
3 4731 4727 4573 
3 4695 4457 4605 
3 4695 4467 4545 
3 4664 4605 4512 
3 4573 4336 4574 
3 4612 4336 4727 
3 4295 4489 4336 
3 4612 4295 4336 
3 4352 4483 4295 
3 4664 4573 4605 
3 4727 4336 4573 
3 4545 4661 4664 
3 4661 4587 4664 
3 4623 4361 4349 
3 4313 4362 4361 
3 4512 4545 4664 
3 4687 4480 4587 
3 4545 4519 4711 
3 4349 4361 4362 
3 4457 4545 4512 
3 4414 4519 4545 
3 4757 4715 4419 
3 4757 4500 4715 
3 4715 4642 4419 
3 4327 4709 4614 
3 4642 4623 4321 
3 4642 4715 4327 
3 4623 4327 4361 
3 4623 4642 4327 
3 4715 4709 4327 
3 4484 4717 4652 
3 4687 4717 4307 
3 4313 4652 4717 
3 4397 4550 4614 
3 4550 4465 4682 
3 4664 4587 4731 
3 4711 4519 4362 
3 4661 4711 4587 
3 4313 4717 4687 
3 4349 4362 4519 
3 4313 4687 4362 
3 4687 4711 4362 
3 4661 4545 4711 
3 4760 4487 4458 
3 4731 4480 4329 
3 4760 4612 4590 
3 4727 4731 4590 
3 4590 4612 4727 
3 4554 4352 4612 
3 4436 4554 4650 
3 4554 4612 4718 
3 4436 4650 4729 
3 4743 4433 4458 
3 4612 4760 4718 
3 4590 4487 4760 
3 4731 4329 4487 
3 4480 4451 4329 
3 4729 4680 4705 
3 4718 4760 4680 
3 4718 4665 4650 
3 4718 4680 4665 
3 4436 4729 4387 
3 4650 4665 4729 
3 4680 4433 4705 
3 4433 4411 4705 
3 4743 4451 4759 
3 4411 4743 4759 
3 4456 4411 4759 
3 4433 4743 4411 
3 4458 4487 4743 
3 4636 4550 4397 
3 4551 4513 4572 
3 4714 4636 4397 
3 4562 4712 4636 
3 4712 4465 4636 
3 4712 4640 4465 
3 4652 4614 4484 
3 4652 4327 4614 
3 4500 4338 4715 
3 4338 4397 4709 
3 4715 4338 4709 
3 4704 4339 4338 
3 4328 4276 4764 
3 4309 4338 4339 
3 4339 4285 4565 
3 4339 4704 4285 
3 4701 4309 4339 
3 4592 4714 4309 
3 4372 4592 4701 
3 4592 4309 4701 
3 4589 4276 4766 
3 4567 4690 4317 
3 4339 4322 4701 
3 4764 4589 4372 
3 4339 4328 4322 
3 4328 4745 4304 
3 4367 4406 4745 
3 4328 4384 4761 
3 4427 4558 4367 
3 4367 4558 4406 
3 4406 4558 4304 
3 4427 4384 4558 
3 4322 4328 4764 
3 4304 4558 4328 
3 4374 4317 4318 
3 4766 4276 4567 
3 4374 4766 4317 
3 4374 4589 4766 
3 4303 4372 4589 
3 4764 4276 4589 
3 4592 4372 4575 
3 4322 4764 4372 
3 4575 4726 4603 
3 4575 4372 4303 
3 4663 4303 4422 
3 4726 4575 4303 
3 4603 4579 4710 
3 4341 4746 4426 
3 4659 4663 4422 
3 4579 4603 4663 
3 4618 4655 4314 
3 4618 4653 4655 
3 4413 4409 4315 
3 4655 4508 4409 
3 4413 4315 4354 
3 4409 4508 4660 
3 4315 4734 4354 
3 4599 4746 4734 
3 4315 4660 4734 
3 4520 4552 4660 
3 4408 4552 4557 
3 4408 4278 4552 
3 4420 4557 4744 
3 4599 4660 4278 
3 4660 4552 4278 
3 4557 4420 4408 
3 4643 4749 4316 
3 4579 4659 4551 
3 4746 4599 4426 
3 4513 4551 4416 
3 4416 4734 4746 
3 4749 4278 4316 
3 4749 4599 4278 
3 4551 4659 4416 
3 4579 4663 4659 
3 4513 4416 4341 
3 4659 4422 4416 
3 4426 4513 4341 
3 4579 4572 4710 
3 4643 4513 4426 
3 4572 4461 4710 
3 4643 4572 4513 
3 4369 4645 4488 
3 4572 4488 4461 
3 4572 4643 4369 
3 4572 4369 4488 
3 4643 4645 4369 
3 4655 4653 4744 
3 4448 4716 4658 
3 4658 4693 4669 
3 4630 4505 4289 
3 4464 4658 4716 
3 4472 4758 4658 
3 4448 4669 4653 
3 4693 4657 4669 
3 4693 4758 4364 
3 4630 4758 4505 
3 4657 4693 4364 
3 4758 4630 4364 
3 4630 4568 4629 
3 4289 4568 4630 
3 5078 5336 4825 
3 5058 5134 5249 
3 5070 4923 4917 
3 5180 5324 4982 
3 4786 4843 5338 
3 5243 5219 5215 
3 5318 5207 4939 
3 5175 5224 4923 
3 4830 5164 4930 
3 4905 5215 5298 
3 5153 5269 4942 
3 4856 5064 5212 
3 5315 5253 5221 
3 5040 5065 5195 
3 4930 5055 4936 
3 5282 5324 4986 
3 4978 4915 5313 
3 5265 4979 4984 
3 5080 5307 5169 
3 5066 5308 4889 
3 4976 5340 5105 
3 4927 4980 5041 
3 4893 5314 5004 
3 5059 4956 5188 
3 5186 4989 5114 
3 5205 5204 4774 
3 4789 5295 4901 
3 5230 5205 4774 
3 4863 4979 4933 
3 4777 5314 5258 
3 5119 5166 4888 
3 5139 4846 4802 
3 5103 4795 4844 
3 5199 4802 5018 
3 4899 5079 5109 
3 5104 4921 4786 
3 5289 5123 4869 
3 4930 4936 5126 
3 5191 5127 5225 
3 5277 5331 5118 
3 5282 4986 5270 
3 4894 5175 5089 
3 5182 5195 4864 
3 4774 4814 5230 
3 4968 4804 5267 
3 5074 5344 5186 
3 5219 5298 5215 
3 5290 5015 4780 
3 4887 4794 4792 
3 5296 5042 4836 
3 4925 4877 4928 
3 4977 4891 4856 
3 5077 5272 4860 
3 5031 5105 4931 
3 5250 5132 5073 
3 5020 5102 4792 
3 4946 5340 4906 
3 5192 5042 5064 
3 4908 4818 5136 
3 5035 5268 4837 
3 4977 5294 4891 
3 4773 4775 5035 
3 5313 5317 4978 
3 4970 5233 5343 
3 4948 5098 5198 
3 5177 5322 5328 
3 5122 5140 5136 
3 5343 5330 4970 
3 5327 5341 5151 
3 4857 4827 5022 
3 5175 5070 5089 
3 5129 5316 4772 
3 5084 5005 5333 
3 5126 4816 5054 
3 4823 5013 4831 
3 5289 5100 5123 
3 4992 5226 5100 
3 5045 4813 5162 
3 5100 5226 5123 
3 4872 4926 4782 
3 5302 4826 4848 
3 5172 4980 5346 
3 4951 5041 5149 
3 4807 4849 5108 
3 5178 5218 4849 
3 5156 4968 5267 
3 5134 4874 4859 
3 5090 5291 4907 
3 5291 5197 4907 
3 4803 5134 4859 
3 4901 4973 5156 
3 4923 4986 5180 
3 5339 5204 5205 
3 4901 5156 4789 
3 5282 4774 5295 
3 5204 4973 4774 
3 5063 5230 5195 
3 5270 4986 4923 
3 5195 5230 4864 
3 5063 4935 5230 
3 4875 5183 4809 
3 5308 5161 4889 
3 4930 5164 5055 
3 4817 5191 5225 
3 5128 5116 5164 
3 5116 5299 4967 
3 5003 5126 5054 
3 5057 4884 4999 
3 4936 4816 5126 
3 5056 4852 5342 
3 4936 5055 5116 
3 5052 5116 4967 
3 5076 4963 5062 
3 5080 5173 5271 
3 4933 5265 4871 
3 4923 5224 5270 
3 4864 5270 5224 
3 5253 5315 5030 
3 5180 4986 5324 
3 4942 4822 5321 
3 5306 5085 5233 
3 5086 5317 5029 
3 4794 5125 5093 
3 5029 5317 4998 
3 4851 4925 4928 
3 5121 4948 5203 
3 5098 4954 4832 
3 5121 5000 5053 
3 5171 4857 5187 
3 4780 4944 5281 
3 4944 5108 4820 
3 5187 4944 5171 
3 4906 5137 4946 
3 5290 4828 5015 
3 5310 4895 4857 
3 4814 5282 4864 
3 4814 4774 5282 
3 4789 5156 5267 
3 4907 5197 5234 
3 5339 4973 5204 
3 4901 5295 4973 
3 4973 5295 4774 
3 5114 5280 5186 
3 5259 4850 4972 
3 5107 5187 4886 
3 5146 5263 5332 
3 4881 4975 5216 
3 5231 5144 4887 
3 5298 5144 5120 
3 4941 5125 4887 
3 4993 4801 5141 
3 5287 5281 4820 
3 5260 5168 5256 
3 5238 5073 5286 
3 5219 4819 5051 
3 4954 5098 5121 
3 4920 5094 5145 
3 5115 4819 5219 
3 5207 5024 4959 
3 5268 5035 5037 
3 5268 5228 5196 
3 4902 5083 4987 
3 4783 5263 4810 
3 4975 4881 5332 
3 5303 5194 5254 
3 4946 5137 5049 
3 5213 4983 5292 
3 4847 4775 4787 
3 5213 5024 5159 
3 4943 4949 4959 
3 5243 5106 5219 
3 5024 4836 5159 
3 5071 4920 4775 
3 5124 4773 5278 
3 4775 4920 5145 
3 4929 5318 5147 
3 5278 4773 4837 
3 5037 5145 4902 
3 5233 5135 5343 
3 5163 5284 4878 
3 5227 5075 4800 
3 5131 5094 4829 
3 5136 5017 4908 
3 5309 4942 5269 
3 5309 5252 4942 
3 4788 5208 4866 
3 5122 5221 5252 
3 5208 5239 4866 
3 5153 4788 4970 
3 5167 4925 4868 
3 4908 4853 4818 
3 5341 5327 5322 
3 5252 5221 5237 
3 5253 5008 5086 
3 4771 5309 5269 
3 5309 4815 5017 
3 5206 4818 5177 
3 4865 5184 4999 
3 4918 5130 4805 
3 5081 5010 4885 
3 5052 4967 4910 
3 4865 4999 4838 
3 5235 5217 4911 
3 4825 5283 4858 
3 4772 5316 5273 
3 5316 5129 5023 
3 4858 4890 4825 
3 4991 4960 5100 
3 5048 4872 4883 
3 5293 4799 5200 
3 4997 5288 4811 
3 5336 5101 4830 
3 4896 5078 4825 
3 5018 4809 4867 
3 4896 5338 5078 
3 5338 5072 4846 
3 4890 4961 4825 
3 5338 5139 5199 
3 5104 5084 4921 
3 4960 4823 5232 
3 4961 5104 5338 
3 4825 4961 4896 
3 5005 5104 4961 
3 4912 4980 5172 
3 4921 5021 5311 
3 5326 5188 5172 
3 5311 5021 4924 
3 4869 5123 5312 
3 4969 5210 4909 
3 4808 5165 5019 
3 5274 4824 5346 
3 5319 5099 5302 
3 5027 5117 5300 
3 5223 5174 5111 
3 5319 5302 5300 
3 4848 5027 5300 
3 5155 5109 4791 
3 5346 4824 4826 
3 4974 5072 4791 
3 4846 5139 5338 
3 4834 4900 4914 
3 4914 4900 4824 
3 4945 4914 5209 
3 4824 4900 4937 
3 5103 4844 4889 
3 5014 5314 4777 
3 5161 5103 4889 
3 5161 4795 5103 
3 5087 5209 4927 
3 4980 5166 5149 
3 4874 5220 5110 
3 4927 5041 4919 
3 5134 5058 5002 
3 4844 4795 5004 
3 5041 4980 5149 
3 5092 4850 4804 
3 5157 5142 5197 
3 5220 5134 5002 
3 5249 5134 5066 
3 4844 5249 4889 
3 4844 5058 5249 
3 4990 4874 5110 
3 4984 4935 4871 
3 4990 4859 4874 
3 5154 5157 5176 
3 5157 4990 5110 
3 5154 4859 4990 
3 5134 5220 4874 
3 4990 5157 5154 
3 5154 5176 4859 
3 5090 4907 4966 
3 5157 5197 5176 
3 4907 5156 5339 
3 4907 4968 5156 
3 5142 5234 5197 
3 5142 4968 5234 
3 4968 4907 5234 
3 4966 4935 5090 
3 5176 4803 4859 
3 4958 4842 5155 
3 4984 5090 4935 
3 4803 5176 5291 
3 4803 5291 5090 
3 5176 5197 5291 
3 4907 5339 4966 
3 5156 4973 5339 
3 4864 5230 4814 
3 4935 4966 5230 
3 4966 5205 5230 
3 4966 5339 5205 
3 4871 5063 5195 
3 4871 4935 5063 
3 5090 4984 4979 
3 4871 5195 4933 
3 5134 4803 5044 
3 4984 4871 5265 
3 4803 4979 5044 
3 4803 5090 4979 
3 5134 5044 5066 
3 4979 5265 4933 
3 5096 5308 5044 
3 4900 5072 4843 
3 5249 5066 4889 
3 5044 5308 5066 
3 5155 4842 5320 
3 5044 4979 4863 
3 5155 5320 4854 
3 5096 5044 4863 
3 4791 4958 5155 
3 4842 5096 5320 
3 4821 4842 4958 
3 5308 5096 4842 
3 5320 4863 4854 
3 5320 5096 4863 
3 5065 4933 5195 
3 4854 4863 4933 
3 5169 5307 4875 
3 4809 4802 4899 
3 4899 5109 4809 
3 5079 4791 5109 
3 4974 4791 5079 
3 5072 4958 4791 
3 4846 4899 4802 
3 4846 4974 4899 
3 4867 4809 5183 
3 5109 5155 4875 
3 4867 5183 5011 
3 4809 5109 4875 
3 5307 5080 5271 
3 4854 4933 5065 
3 5128 5101 5271 
3 5011 5183 5307 
3 4854 5169 5155 
3 5307 5183 4875 
3 5155 5169 4875 
3 4854 5080 5169 
3 5127 5062 5046 
3 5040 5195 5046 
3 4967 5299 4817 
3 5065 4903 5173 
3 4817 4963 5076 
3 5271 4903 4876 
3 5076 5191 4817 
3 5076 5062 5297 
3 5277 5225 5070 
3 4967 4817 5225 
3 5127 5297 5062 
3 5191 5076 5297 
3 5225 5127 5089 
3 5191 5297 5127 
3 5127 5046 5089 
3 5062 4876 5040 
3 4963 4876 5062 
3 4963 5299 4876 
3 4876 5189 5040 
3 4876 4903 5189 
3 5271 5173 4903 
3 5080 4854 5065 
3 4903 5065 5189 
3 5173 5080 5065 
3 5062 5040 5046 
3 5189 5065 5040 
3 5046 4894 5089 
3 5046 5195 4894 
3 5195 5182 4894 
3 4864 5224 5182 
3 4864 5282 5270 
3 5295 4804 5043 
3 5295 5324 5282 
3 5337 4972 5152 
3 5190 4982 5242 
3 5092 4804 4968 
3 4857 4895 4827 
3 5242 4982 5022 
3 5182 5224 5175 
3 4964 5151 5341 
3 5089 5070 5225 
3 4923 5180 5331 
3 5182 5175 4894 
3 4923 5070 5175 
3 4923 5331 4917 
3 5118 4982 5190 
3 5056 5342 4910 
3 5277 5070 4917 
3 5327 5277 4784 
3 4917 5331 5277 
3 5315 5028 5242 
3 5242 5022 5030 
3 5277 5118 4784 
3 5190 5242 5028 
3 4784 5118 5028 
3 5118 5180 4982 
3 5028 5118 5190 
3 5331 5180 5118 
3 4978 5008 4895 
3 5030 5022 4932 
3 5030 4781 5067 
3 5030 4932 4781 
3 5221 5253 4898 
3 4781 4932 4827 
3 5086 5008 4978 
3 5008 5067 4827 
3 5317 5086 4978 
3 5067 4781 4827 
3 5253 5067 5008 
3 5253 5030 5067 
3 5138 5313 5047 
3 4915 5310 5313 
3 4828 5310 5171 
3 4915 4978 5310 
3 4978 4895 5310 
3 4857 5022 4886 
3 5008 4827 4895 
3 4932 5022 4827 
3 5187 4857 4886 
3 5171 5310 4857 
3 5022 5160 4886 
3 5022 4982 5152 
3 5015 5171 4944 
3 5015 4828 5171 
3 5276 5290 5001 
3 5313 5310 4828 
3 5158 5257 5107 
3 5108 4944 5187 
3 5107 4807 5187 
3 4849 5218 5108 
3 4807 5108 5187 
3 5281 5287 5301 
3 5074 5257 5158 
3 5074 5186 5257 
3 5160 5158 4886 
3 5257 4807 5107 
3 5022 5074 5160 
3 5186 4972 4989 
3 4886 5158 5107 
3 5160 5074 5158 
3 5022 5152 5074 
3 4982 5043 5262 
3 4982 5337 5152 
3 5324 5043 4982 
3 5324 5295 5043 
3 4804 4789 5267 
3 4804 5295 4789 
3 5043 5032 5262 
3 5043 4804 5032 
3 4982 5262 5337 
3 5032 4804 5259 
3 5152 5344 5074 
3 5152 4972 5344 
3 4850 4776 4972 
3 5280 5264 4807 
3 5337 5259 4972 
3 5259 4804 4850 
3 5262 5259 5337 
3 5262 5032 5259 
3 5246 5012 4776 
3 5012 4972 4776 
3 4776 4850 5092 
3 5241 5012 5246 
3 4989 4972 5012 
3 5007 5264 5241 
3 5114 5241 5280 
3 5257 5280 4807 
3 5241 5264 5280 
3 5012 5114 4989 
3 5012 5241 5114 
3 5257 5186 5280 
3 5344 4972 5186 
3 5264 4849 4807 
3 5264 5178 4849 
3 5218 4820 5108 
3 5218 5178 5069 
3 5007 5178 5264 
3 5246 5007 5241 
3 5287 5069 5150 
3 5150 5069 5137 
3 4820 5218 5069 
3 5088 4906 5340 
3 5088 5150 4906 
3 4993 5088 5340 
3 4955 5287 5150 
3 4906 5150 5137 
3 5088 4993 4955 
3 4931 4882 5031 
3 5329 4855 5113 
3 5303 5031 5247 
3 5247 5031 4882 
3 4931 5340 4946 
3 4993 4841 5020 
3 5031 4976 5105 
3 5105 5340 4931 
3 4794 5251 4792 
3 4993 5340 4976 
3 4962 4976 5031 
3 5102 4841 4976 
3 5303 5113 5222 
3 4887 5102 4962 
3 4887 4792 5102 
3 4794 5093 5251 
3 5222 5231 4887 
3 5144 4941 4887 
3 4962 5102 4976 
3 4792 5251 5020 
3 5125 5256 5148 
3 5020 4801 4993 
3 5038 5148 4995 
3 5068 5141 4801 
3 5102 5020 4841 
3 5251 4801 5020 
3 4841 4993 4976 
3 4955 5150 5088 
3 5141 4955 4993 
3 5001 5073 5132 
3 5141 5301 4955 
3 4820 5069 5287 
3 4955 5301 5287 
3 5141 5068 5301 
3 5148 5238 4801 
3 5286 5281 5301 
3 4820 5281 4944 
3 5301 5068 5286 
3 4944 4780 5015 
3 5281 5073 4780 
3 5001 4938 5073 
3 4780 5073 4938 
3 5121 5053 5132 
3 5047 4828 5290 
3 5248 5001 5132 
3 5248 5276 5001 
3 4938 5001 5290 
3 5248 5047 5276 
3 4938 5290 4780 
3 5276 5047 5290 
3 4928 5239 5095 
3 5313 4828 5047 
3 5248 5053 5047 
3 5317 5313 5138 
3 5185 5317 5138 
3 5095 5239 5208 
3 5185 4998 5317 
3 5000 4928 5029 
3 5047 5185 5138 
3 5000 5121 5203 
3 5250 5121 5132 
3 4953 5261 5061 
3 5047 5053 5185 
3 5248 5132 5053 
3 5238 5250 5073 
3 4832 4954 5250 
3 5250 4954 5121 
3 5261 5051 5061 
3 5198 5098 4832 
3 5000 4851 4928 
3 4905 5298 5120 
3 5148 4832 5250 
3 5219 5168 5298 
3 5051 5261 5168 
3 5260 5256 5125 
3 5168 4832 5256 
3 5298 5304 5144 
3 5298 5168 5304 
3 5304 5260 5144 
3 5304 5168 5260 
3 4794 4887 5125 
3 5144 5260 4941 
3 5038 5125 5148 
3 4941 5260 5125 
3 4995 5148 4801 
3 5256 4832 5148 
3 4801 5238 5068 
3 5073 5281 5286 
3 5068 5238 5286 
3 5148 5250 5238 
3 5038 4995 4801 
3 5038 5093 5125 
3 5251 5038 4801 
3 5251 5093 5038 
3 5143 4840 4861 
3 5120 5144 5231 
3 4840 5077 5006 
3 4810 5146 5334 
3 5077 4810 5334 
3 5179 4860 4922 
3 5077 5334 5272 
3 5120 4840 5033 
3 5231 4861 4840 
3 4840 5120 5231 
3 5033 4905 5120 
3 4860 5215 5006 
3 5033 4840 5006 
3 5006 4905 5033 
3 4793 5243 5325 
3 5006 5215 4905 
3 4860 5272 4922 
3 4856 5179 4862 
3 5236 5215 5179 
3 4856 4891 5179 
3 5115 5106 5196 
3 5179 4922 4862 
3 5215 4860 5179 
3 5006 5077 4860 
3 5334 5146 4988 
3 4845 4783 5077 
3 5263 5146 4810 
3 4962 5303 5222 
3 5143 4845 4840 
3 4962 5222 4887 
3 4861 5231 5222 
3 5143 4855 4845 
3 5113 5332 5329 
3 5222 5113 4861 
3 5113 4975 5332 
3 4840 4845 5077 
3 4855 5329 4845 
3 5077 4783 4810 
3 4845 5329 4783 
3 5113 4855 5143 
3 5263 5329 5332 
3 5263 4783 5329 
3 4861 5113 5143 
3 5031 5303 4962 
3 5303 5247 5194 
3 5113 5254 4975 
3 5113 5303 5254 
3 4879 5214 5292 
3 5214 5024 5213 
3 4773 5124 4787 
3 5207 4959 5039 
3 5024 5214 4959 
3 5207 5039 4939 
3 4959 4949 5039 
3 4943 5214 4879 
3 4943 4959 5214 
3 4983 5213 5159 
3 5292 5214 5213 
3 5064 4856 4862 
3 4957 5202 4947 
3 5192 5064 4862 
3 5042 5212 5064 
3 4922 5192 4862 
3 5179 4891 5236 
3 4797 5147 4793 
3 5009 5325 5236 
3 5009 4957 4947 
3 5009 4797 5325 
3 4947 4929 5147 
3 5236 4891 5009 
3 4977 5212 5294 
3 5009 4947 4797 
3 5147 5318 4939 
3 5202 4929 4947 
3 5202 4891 5294 
3 4891 4957 5009 
3 4891 5202 4957 
3 4856 5212 4977 
3 4836 5024 5207 
3 5318 5294 5207 
3 5294 5296 5207 
3 5207 5296 4836 
3 5212 5042 5296 
3 5202 5294 5318 
3 5212 5296 5294 
3 5278 5147 4939 
3 4929 5202 5318 
3 5106 4837 5268 
3 5278 4939 5124 
3 4775 5037 5035 
3 4902 4987 5037 
3 5145 5163 5083 
3 5261 5198 4832 
3 5106 5268 5196 
3 5037 4987 5268 
3 5268 4987 5228 
3 5036 5163 5193 
3 5147 5106 4793 
3 5147 4837 5106 
3 4947 5147 4797 
3 5278 4837 5147 
3 5236 5325 5243 
3 5325 4797 4793 
3 5115 5219 5106 
3 5051 5168 5219 
3 5236 5243 5215 
3 4793 5106 5243 
3 4987 5061 4819 
3 5036 5083 5163 
3 5228 4897 5196 
3 4819 5061 5051 
3 4897 4819 5115 
3 5228 4987 4819 
3 5196 4897 5115 
3 5228 4819 4897 
3 4987 4953 5061 
3 4866 5167 5306 
3 5193 4981 5198 
3 4913 4851 5000 
3 5198 5261 4953 
3 4832 5168 5261 
3 5098 4948 5121 
3 4948 5198 5275 
3 5185 5053 5000 
3 5275 5198 4981 
3 4948 4913 5203 
3 4948 5275 4913 
3 4913 4925 4851 
3 5167 5085 5306 
3 4953 5193 5198 
3 4800 5284 5094 
3 5034 5036 5193 
3 4878 5075 5193 
3 4953 5034 5193 
3 5034 5083 5036 
3 4987 5034 4953 
3 4987 5083 5034 
3 5193 5075 4981 
3 4878 5284 5075 
3 5193 5163 4878 
3 5083 4902 5145 
3 4913 5275 4925 
3 4981 5075 4985 
3 5275 4868 4925 
3 5275 4985 4868 
3 4868 4985 5233 
3 5275 4981 4985 
3 4868 5233 5085 
3 4985 5227 5233 
3 5279 4970 5330 
3 4800 5094 5135 
3 5145 5037 4775 
3 5135 5094 5131 
3 5227 4800 5135 
3 5075 5284 4800 
3 5233 5227 5135 
3 4985 5075 5227 
3 5284 5145 5094 
3 5284 5163 5145 
3 4837 4773 5035 
3 4787 5039 4847 
3 5039 4787 4939 
3 5039 4949 4847 
3 4773 4787 4775 
3 5124 4939 4787 
3 5071 4775 4847 
3 5094 4920 4829 
3 4818 5170 5177 
3 5285 5170 4790 
3 5057 5305 4812 
3 5177 4873 5341 
3 4805 5130 4873 
3 4873 5130 5341 
3 5177 5170 5285 
3 4853 4839 4818 
3 4790 5170 4839 
3 4790 4853 4908 
3 4790 4839 4853 
3 4970 5306 5233 
3 5309 5017 5016 
3 5153 4833 5269 
3 5153 5050 4833 
3 5136 5016 5017 
3 5140 5252 5309 
3 5050 4970 5279 
3 5050 5153 4970 
3 5153 4942 5321 
3 4942 5237 4822 
3 4815 5309 4771 
3 5016 5140 5309 
3 4788 5321 5229 
3 4822 5237 5321 
3 4970 4788 5306 
3 5153 5321 4788 
3 4788 4866 5306 
3 4877 4925 5167 
3 4877 5167 4866 
3 4868 5085 5167 
3 5239 4877 4866 
3 5239 4928 4877 
3 5086 5029 5095 
3 4998 5000 5029 
3 5185 5000 4998 
3 5203 4913 5000 
3 5229 4898 5086 
3 5321 5237 4898 
3 5086 5095 5208 
3 5029 4928 5095 
3 5086 4898 5253 
3 5086 5208 5229 
3 4788 5229 5208 
3 5321 4898 5229 
3 5177 5328 5206 
3 4784 5028 5315 
3 5237 5221 4898 
3 5328 5322 5221 
3 5030 5315 5242 
3 5221 5322 5315 
3 5322 4784 5315 
3 5327 4852 5277 
3 5151 4852 5327 
3 5056 4910 4967 
3 5322 5327 4784 
3 5322 5177 5341 
3 5217 5081 4964 
3 5081 5342 5151 
3 5285 4873 5177 
3 5130 4964 5341 
3 5328 5266 5206 
3 5328 5221 5266 
3 5266 5122 5206 
3 5266 5221 5122 
3 4942 5252 5237 
3 5140 5122 5252 
3 5122 5136 5206 
3 5140 5016 5136 
3 5136 4818 5206 
3 4839 5170 4818 
3 5345 4805 4873 
3 4812 4805 5345 
3 4918 4964 5130 
3 5305 4918 4805 
3 4911 5057 5235 
3 4918 5217 4964 
3 4918 4911 5217 
3 5010 5235 4999 
3 5010 5217 5235 
3 5211 5054 4865 
3 4816 4865 5054 
3 4936 4865 4816 
3 4936 5116 5052 
3 4999 5184 5010 
3 4865 4936 5184 
3 4964 5081 5151 
3 5217 5010 5081 
3 5151 5342 4852 
3 5056 4967 5225 
3 5081 4885 5342 
3 5010 5184 5052 
3 5277 5056 5225 
3 5277 4852 5056 
3 5164 5116 5055 
3 5299 4963 4817 
3 5128 4778 5116 
3 5271 4876 5299 
3 4885 5052 4910 
3 5184 4936 5052 
3 5342 4885 4910 
3 5010 5052 4885 
3 5011 5101 5336 
3 5307 5271 5101 
3 4830 5128 5164 
3 4778 5299 5116 
3 5271 4778 5128 
3 5271 5299 4778 
3 5078 5018 5336 
3 5018 4802 4809 
3 5336 5018 4867 
3 5199 5139 4802 
3 5101 5011 5307 
3 5336 4867 5011 
3 5078 5199 5018 
3 5078 5338 5199 
3 5283 4835 5003 
3 5283 5336 4830 
3 5283 4830 4835 
3 5101 5128 4830 
3 4835 4930 5126 
3 4835 4830 4930 
3 5283 5003 5129 
3 4835 5126 5003 
3 5003 5211 5129 
3 5003 5054 5211 
3 4772 5283 5129 
3 4825 5336 5283 
3 4772 4858 5283 
3 5316 5023 4934 
3 5057 4999 5235 
3 5273 5316 4934 
3 5023 5211 4865 
3 4934 5023 5245 
3 5023 4865 4838 
3 5245 5023 4838 
3 5129 5211 5023 
3 4838 4999 4884 
3 4918 5305 4911 
3 4812 5305 4805 
3 5057 4911 5305 
3 5245 4838 4884 
3 4811 5288 5005 
3 4997 5060 5288 
3 5255 4811 4961 
3 5255 4858 4811 
3 4890 5255 4961 
3 4890 4858 5255 
3 5005 5060 5333 
3 5133 5025 4994 
3 5060 4997 5333 
3 4779 4883 4994 
3 4883 4779 5335 
3 4883 5097 5133 
3 4960 5200 4799 
3 5048 4883 5013 
3 5335 4831 4883 
3 4960 4799 4992 
3 5025 5133 4782 
3 4994 5112 4779 
3 5133 4994 4883 
3 5333 4950 4994 
3 5289 4870 5100 
3 4883 4831 5013 
3 4823 4960 5013 
3 5232 5200 4960 
3 4799 5082 4992 
3 4799 5293 5082 
3 4960 4991 5013 
3 4782 4924 5021 
3 4991 5048 5013 
3 4991 4926 5048 
3 5100 4870 4991 
3 4782 5021 5025 
3 4870 5174 4924 
3 5174 5311 4924 
3 4872 4782 5097 
3 4926 4924 4782 
3 4883 4872 5097 
3 5048 4926 4872 
3 4782 5133 5097 
3 5025 5084 4994 
3 4921 5084 5021 
3 5084 5333 4994 
3 5021 5084 5025 
3 5104 5005 5084 
3 4811 5005 4961 
3 5288 5060 5005 
3 4961 5338 4896 
3 5104 4786 5338 
3 5311 4786 4921 
3 5181 4848 4826 
3 4926 4870 4924 
3 5300 5302 4848 
3 5311 5117 4786 
3 5311 5174 4952 
3 5311 4952 5117 
3 5026 4869 5312 
3 5338 4843 5072 
3 4786 5117 4843 
3 4899 4974 5079 
3 4846 5072 4974 
3 4843 5027 4900 
3 4843 5117 5027 
3 4937 4900 5027 
3 4958 5072 4900 
3 4848 4937 5027 
3 4826 4824 4937 
3 4912 5172 4916 
3 4826 5302 5172 
3 4937 5181 4826 
3 4937 4848 5181 
3 5326 4971 5162 
3 5172 5302 5099 
3 4952 5300 5117 
3 4952 5319 5300 
3 5326 4904 5188 
3 5326 5172 5099 
3 5162 5201 5059 
3 4916 5172 5188 
3 4956 4916 5188 
3 4956 4888 4912 
3 5123 4785 5312 
3 4808 4956 5059 
3 5059 5201 4808 
3 4813 4965 5165 
3 4904 5059 5188 
3 4904 5162 5059 
3 5045 5162 4971 
3 4813 5201 5162 
3 4904 5326 5162 
3 4996 4869 5026 
3 5223 4996 5319 
3 5223 5289 4996 
3 5319 5326 5099 
3 4996 4971 5326 
3 5223 5319 4952 
3 4996 5326 5319 
3 5174 5223 4952 
3 5111 5289 5223 
3 4991 4870 4926 
3 5111 5174 4870 
3 4996 5289 4869 
3 5111 4870 5289 
3 4960 4992 5100 
3 4892 5312 4785 
3 5123 5226 4785 
3 5323 4965 5045 
3 5226 4892 4785 
3 5312 5045 5026 
3 5312 5323 5045 
3 4971 5026 5045 
3 4971 4996 5026 
3 4965 5323 4806 
3 5312 4892 5323 
3 4880 4965 4806 
3 4813 5045 4965 
3 4813 4808 5201 
3 5019 4880 5119 
3 4813 5165 4808 
3 4888 5166 4912 
3 4965 4880 5165 
3 4806 4909 4880 
3 4940 4806 4798 
3 4806 5323 4798 
3 4969 4806 4940 
3 4806 4969 4909 
3 5258 5314 4893 
3 5274 4980 4927 
3 5240 4951 5149 
3 5119 5240 5149 
3 5166 5119 5149 
3 4880 4909 5119 
3 4808 5019 4956 
3 5019 5119 4888 
3 4956 5019 4888 
3 5165 4880 5019 
3 4956 4912 4916 
3 5166 4980 4912 
3 4914 4824 5274 
3 4900 4834 4958 
3 5172 5346 4826 
3 4980 5274 5346 
3 5209 4914 5274 
3 4821 5308 4842 
3 4795 4796 4893 
3 5274 4927 5209 
3 5244 4893 4945 
3 4795 5161 4796 
3 4919 5258 4927 
3 5244 5209 5087 
3 5244 4945 5209 
3 5091 4821 4834 
3 4834 4821 4958 
3 5091 5308 4821 
3 4945 4834 4914 
3 4796 5161 5091 
3 4796 5091 4834 
3 5161 5308 5091 
3 4945 4796 4834 
3 4945 4893 4796 
3 5004 4795 4893 
3 5058 4844 5004 
3 4927 5258 5087 
3 5258 5244 5087 
3 5258 4893 5244 
3 4919 4777 5258 
3 5014 5004 5314 
